            centre_ra,           centre_dec,             v_sys,       inclination,               phi,    turnover_radius,  maximum_velocity,velocity_dispersion,    log_likelihood,log_prior,     log_posterior,weight
                  0.0,                  0.0,               0.0,              50.0,              40.0,               0.31,             275.0,               62.5,346201.98159520444,      0.0,346201.98159520444,   1.0
                  0.0,                  0.0,               0.0,              50.0,              40.0,               0.31,             275.0,               62.5,346201.98159520444,      0.0,346201.98159520444,   1.0
                1e-06,                  0.0,               0.0,              50.0,              40.0,               0.31,             275.0,               62.5, 346201.8754959407,      0.0, 346201.8754959407,   1.0
                  0.0,                1e-06,               0.0,              50.0,              40.0,               0.31,             275.0,               62.5,   346201.81523995,      0.0,   346201.81523995,   1.0
                  0.0,                  0.0,             1e-06,              50.0,              40.0,               0.31,             275.0,               62.5,346201.98222578556,      0.0,346201.98222578556,   1.0
                  0.0,                  0.0,               0.0,         50.000001,              40.0,               0.31,             275.0,               62.5,346201.98203789303,      0.0,346201.98203789303,   1.0
                  0.0,                  0.0,               0.0,              50.0,         40.000001,               0.31,             275.0,               62.5, 346201.9819104661,      0.0, 346201.9819104661,   1.0
                  0.0,                  0.0,               0.0,              50.0,              40.0,0.31000099999999997,             275.0,               62.5,346201.91021406045,      0.0,346201.91021406045,   1.0
                  0.0,                  0.0,               0.0,              50.0,              40.0,               0.31,        275.000001,               62.5,346201.98173572856,      0.0,346201.98173572856,   1.0
                  0.0,                  0.0,               0.0,              50.0,              40.0,               0.31,             275.0,          62.500001,346201.98152528657,      0.0,346201.98152528657,   1.0
 -0.29999939999999997, -0.29999939999999997,          59.99988,          79.99994,         169.99974,         0.02000058,         499.99955,           5.000115,38594.600156098255,      0.0,38594.600156098255,   1.0
           -0.2999984, -0.29999939999999997,          59.99988,          79.99994,         169.99974,         0.02000058,         499.99955,           5.000115, 38595.69471777789,      0.0, 38595.69471777789,   1.0
 -0.29999939999999997,           -0.2999984,          59.99988,          79.99994,         169.99974,         0.02000058,         499.99955,           5.000115,  38594.5117655308,      0.0,  38594.5117655308,   1.0
 -0.29999939999999997, -0.29999939999999997,         59.999879,          79.99994,         169.99974,         0.02000058,         499.99955,           5.000115, 38594.60044665029,      0.0, 38594.60044665029,   1.0
 -0.29999939999999997, -0.29999939999999997,          59.99988,         79.999939,         169.99974,         0.02000058,         499.99955,           5.000115,38594.622963601374,      0.0,38594.622963601374,   1.0
 -0.29999939999999997, -0.29999939999999997,          59.99988,          79.99994,        169.999739,         0.02000058,         499.99955,           5.000115,38594.596239394275,      0.0,38594.596239394275,   1.0
 -0.29999939999999997, -0.29999939999999997,          59.99988,          79.99994,         169.99974,         0.02000158,         499.99955,           5.000115,  38594.5472354067,      0.0,  38594.5472354067,   1.0
 -0.29999939999999997, -0.29999939999999997,          59.99988,          79.99994,         169.99974,         0.02000058,        499.999549,           5.000115, 38594.59966820135,      0.0, 38594.59966820135,   1.0
 -0.29999939999999997, -0.29999939999999997,          59.99988,          79.99994,         169.99974,         0.02000058,         499.99955,           5.000116, 38594.60550005379,      0.0, 38594.60550005379,   1.0
-0.052100525184461455,-0.052100525184461455,10.420105036892291, 55.21005251844615, 62.57689424659997, 0.2596361589883539,314.07539388834607,  52.51406600631155, 343951.9457797158,      0.0, 343951.9457797158,   1.0
-0.052099525184461454,-0.052100525184461455,10.420105036892291, 55.21005251844615, 62.57689424659997, 0.2596361589883539,314.07539388834607,  52.51406600631155,343952.25852581195,      0.0,343952.25852581195,   1.0
-0.052100525184461455,-0.052099525184461454,10.420105036892291, 55.21005251844615, 62.57689424659997, 0.2596361589883539,314.07539388834607,  52.51406600631155, 343952.1053556863,      0.0, 343952.1053556863,   1.0
-0.052100525184461455,-0.052100525184461455, 10.42010603689229, 55.21005251844615, 62.57689424659997, 0.2596361589883539,314.07539388834607,  52.51406600631155,343951.94491814147,      0.0,343951.94491814147,   1.0
-0.052100525184461455,-0.052100525184461455,10.420105036892291,55.210053518446145, 62.57689424659997, 0.2596361589883539,314.07539388834607,  52.51406600631155, 343951.9454861909,      0.0, 343951.9454861909,   1.0
-0.052100525184461455,-0.052100525184461455,10.420105036892291, 55.21005251844615, 62.57689524659997, 0.2596361589883539,314.07539388834607,  52.51406600631155,343951.94463784137,      0.0,343951.94463784137,   1.0
-0.052100525184461455,-0.052100525184461455,10.420105036892291, 55.21005251844615, 62.57689424659997, 0.2596371589883539,314.07539388834607,  52.51406600631155, 343951.9909440943,      0.0, 343951.9909440943,   1.0
-0.052100525184461455,-0.052100525184461455,10.420105036892291, 55.21005251844615, 62.57689424659997, 0.2596361589883539,314.07539488834607,  52.51406600631155,343951.94571010134,      0.0,343951.94571010134,   1.0
-0.052100525184461455,-0.052100525184461455,10.420105036892291, 55.21005251844615, 62.57689424659997, 0.2596361589883539,314.07539388834607,  52.51406700631155, 343951.9459131242,      0.0, 343951.9459131242,   1.0
 -0.02617503278985237, -0.02617503278985237, 5.235006557970474, 52.61750327898524, 51.34251420893603, 0.2846974683031427, 294.6312745923893, 57.483118715278295,359120.06018708955,      0.0,359120.06018708955,   1.0
-0.026174032789852367, -0.02617503278985237, 5.235006557970474, 52.61750327898524, 51.34251420893603, 0.2846974683031427, 294.6312745923893, 57.483118715278295, 359120.0801280937,      0.0, 359120.0801280937,   1.0
 -0.02617503278985237,-0.026174032789852367, 5.235006557970474, 52.61750327898524, 51.34251420893603, 0.2846974683031427, 294.6312745923893, 57.483118715278295,359120.04068314214,      0.0,359120.04068314214,   1.0
 -0.02617503278985237, -0.02617503278985237, 5.235007557970474, 52.61750327898524, 51.34251420893603, 0.2846974683031427, 294.6312745923893, 57.483118715278295, 359120.0601934534,      0.0, 359120.0601934534,   1.0
 -0.02617503278985237, -0.02617503278985237, 5.235006557970474, 52.61750427898524, 51.34251420893603, 0.2846974683031427, 294.6312745923893, 57.483118715278295, 359120.0604576206,      0.0, 359120.0604576206,   1.0
 -0.02617503278985237, -0.02617503278985237, 5.235006557970474, 52.61750327898524, 51.34251520893603, 0.2846974683031427, 294.6312745923893, 57.483118715278295, 359120.0598371527,      0.0, 359120.0598371527,   1.0
 -0.02617503278985237, -0.02617503278985237, 5.235006557970474, 52.61750327898524, 51.34251420893603,0.28469846830314266, 294.6312745923893, 57.483118715278295, 359119.9958808241,      0.0, 359119.9958808241,   1.0
 -0.02617503278985237, -0.02617503278985237, 5.235006557970474, 52.61750327898524, 51.34251420893603, 0.2846974683031427, 294.6312755923893, 57.483118715278295, 359120.0602943569,      0.0, 359120.0602943569,   1.0
 -0.02617503278985237, -0.02617503278985237, 5.235006557970474, 52.61750327898524, 51.34251420893603, 0.2846974683031427, 294.6312745923893,  57.48311971527829, 359120.0598962356,      0.0, 359120.0598962356,   1.0
 -0.01504829172382703, -0.03303350000475434,6.2503427549590365, 53.12530791030543, 53.54226925547525,0.24907061799061125, 298.4389458152078,  56.50990787713337,360955.88435297855,      0.0,360955.88435297855,   1.0
 -0.01504729172382703, -0.03303350000475434,6.2503427549590365, 53.12530791030543, 53.54226925547525,0.24907061799061125, 298.4389458152078,  56.50990787713337,360955.91338823544,      0.0,360955.91338823544,   1.0
 -0.01504829172382703, -0.03303250000475434,6.2503427549590365, 53.12530791030543, 53.54226925547525,0.24907061799061125, 298.4389458152078,  56.50990787713337, 360955.8826698875,      0.0, 360955.8826698875,   1.0
 -0.01504829172382703, -0.03303350000475434, 6.250343754959037, 53.12530791030543, 53.54226925547525,0.24907061799061125, 298.4389458152078,  56.50990787713337, 360955.8842968678,      0.0, 360955.8842968678,   1.0
 -0.01504829172382703, -0.03303350000475434,6.2503427549590365, 53.12530891030543, 53.54226925547525,0.24907061799061125, 298.4389458152078,  56.50990787713337,360955.88440277363,      0.0,360955.88440277363,   1.0
 -0.01504829172382703, -0.03303350000475434,6.2503427549590365, 53.12530791030543,53.542270255475245,0.24907061799061125, 298.4389458152078,  56.50990787713337, 360955.8838896634,      0.0, 360955.8838896634,   1.0
 -0.01504829172382703, -0.03303350000475434,6.2503427549590365, 53.12530791030543, 53.54226925547525,0.24907161799061125, 298.4389458152078,  56.50990787713337, 360955.8547053372,      0.0, 360955.8547053372,   1.0
 -0.01504829172382703, -0.03303350000475434,6.2503427549590365, 53.12530791030543, 53.54226925547525,0.24907061799061125,298.43894681520777,  56.50990787713337, 360955.8843916692,      0.0, 360955.8843916692,   1.0
 -0.01504829172382703, -0.03303350000475434,6.2503427549590365, 53.12530791030543, 53.54226925547525,0.24907061799061125, 298.4389458152078,  56.50990887713337,360955.88399685547,      0.0,360955.88399685547,   1.0
 0.013599860796033397, -0.06554003315385962, 4.323712844497836,52.162115147104686,49.367115353898114,  0.200122279210597, 291.2139260263387,  58.35574829379745,362519.75509326864,      0.0,362519.75509326864,   1.0
 0.013600860796033397, -0.06554003315385962, 4.323712844497836,52.162115147104686,49.367115353898114,  0.200122279210597, 291.2139260263387,  58.35574829379745,362519.73786442785,      0.0,362519.73786442785,   1.0
 0.013599860796033397, -0.06553903315385962, 4.323712844497836,52.162115147104686,49.367115353898114,  0.200122279210597, 291.2139260263387,  58.35574829379745, 362519.7367476699,      0.0, 362519.7367476699,   1.0
 0.013599860796033397, -0.06554003315385962, 4.323713844497836,52.162115147104686,49.367115353898114,  0.200122279210597, 291.2139260263387,  58.35574829379745,362519.75518036634,      0.0,362519.75518036634,   1.0
 0.013599860796033397, -0.06554003315385962, 4.323712844497836, 52.16211614710468,49.367115353898114,  0.200122279210597, 291.2139260263387,  58.35574829379745, 362519.7549370065,      0.0, 362519.7549370065,   1.0
 0.013599860796033397, -0.06554003315385962, 4.323712844497836,52.162115147104686, 49.36711635389811,  0.200122279210597, 291.2139260263387,  58.35574829379745, 362519.7548114728,      0.0, 362519.7548114728,   1.0
 0.013599860796033397, -0.06554003315385962, 4.323712844497836,52.162115147104686,49.367115353898114,  0.200123279210597, 291.2139260263387,  58.35574829379745,362519.77377817105,      0.0,362519.77377817105,   1.0
 0.013599860796033397, -0.06554003315385962, 4.323712844497836,52.162115147104686,49.367115353898114,  0.200122279210597, 291.2139270263387,  58.35574829379745, 362519.7550506868,      0.0, 362519.7550506868,   1.0
 0.013599860796033397, -0.06554003315385962, 4.323712844497836,52.162115147104686,49.367115353898114,  0.200122279210597, 291.2139260263387, 58.355749293797444, 362519.7546043757,      0.0, 362519.7546043757,   1.0
 0.010499213257071184, -0.08090960618646832, 2.927953482798615, 51.46414843676314,46.342505288112974,0.20436398714264375, 285.9795229397408,  59.69299543567334, 362875.1678958712,      0.0, 362875.1678958712,   1.0
 0.010500213257071183, -0.08090960618646832, 2.927953482798615, 51.46414843676314,46.342505288112974,0.20436398714264375, 285.9795229397408,  59.69299543567334, 362875.1810019325,      0.0, 362875.1810019325,   1.0
 0.010499213257071184, -0.08090860618646832, 2.927953482798615, 51.46414843676314,46.342505288112974,0.20436398714264375, 285.9795229397408,  59.69299543567334, 362875.1749698912,      0.0, 362875.1749698912,   1.0
 0.010499213257071184, -0.08090960618646832, 2.927954482798615, 51.46414843676314,46.342505288112974,0.20436398714264375, 285.9795229397408,  59.69299543567334, 362875.1679190824,      0.0, 362875.1679190824,   1.0
 0.010499213257071184, -0.08090960618646832, 2.927953482798615, 51.46414943676314,46.342505288112974,0.20436398714264375, 285.9795229397408,  59.69299543567334, 362875.1678413057,      0.0, 362875.1678413057,   1.0
 0.010499213257071184, -0.08090960618646832, 2.927953482798615, 51.46414843676314, 46.34250628811297,0.20436398714264375, 285.9795229397408,  59.69299543567334,362875.16768216365,      0.0,362875.16768216365,   1.0
 0.010499213257071184, -0.08090960618646832, 2.927953482798615, 51.46414843676314,46.342505288112974,0.20436498714264376, 285.9795229397408,  59.69299543567334,362875.16834900435,      0.0,362875.16834900435,   1.0
 0.010499213257071184, -0.08090960618646832, 2.927953482798615, 51.46414843676314,46.342505288112974,0.20436398714264375, 285.9795239397408,  59.69299543567334, 362875.1678835126,      0.0, 362875.1678835126,   1.0
 0.010499213257071184, -0.08090960618646832, 2.927953482798615, 51.46414843676314,46.342505288112974,0.20436398714264375, 285.9795229397408,  59.69299643567334, 362875.1673806436,      0.0, 362875.1673806436,   1.0
 0.013793414039685323, -0.08023608495369257,2.9637823432249744, 51.48202983337785,46.420010949747535,0.20475656831315958,286.11379995249945, 59.658459757870894,362902.02874928364,      0.0,362902.02874928364,   1.0
 0.013794414039685322, -0.08023608495369257,2.9637823432249744, 51.48202983337785,46.420010949747535,0.20475656831315958,286.11379995249945, 59.658459757870894, 362902.0308812871,      0.0, 362902.0308812871,   1.0
 0.013793414039685323, -0.08023508495369257,2.9637823432249744, 51.48202983337785,46.420010949747535,0.20475656831315958,286.11379995249945, 59.658459757870894, 362902.0261282504,      0.0, 362902.0261282504,   1.0
 0.013793414039685323, -0.08023608495369257,2.9637833432249745, 51.48202983337785,46.420010949747535,0.20475656831315958,286.11379995249945, 59.658459757870894, 362902.0288048185,      0.0, 362902.0288048185,   1.0
 0.013793414039685323, -0.08023608495369257,2.9637823432249744, 51.48203083337785,46.420010949747535,0.20475656831315958,286.11379995249945, 59.658459757870894, 362902.0286975523,      0.0, 362902.0286975523,   1.0
 0.013793414039685323, -0.08023608495369257,2.9637823432249744, 51.48202983337785, 46.42001194974753,0.20475656831315958,286.11379995249945, 59.658459757870894, 362902.0285387757,      0.0, 362902.0285387757,   1.0
 0.013793414039685323, -0.08023608495369257,2.9637823432249744, 51.48202983337785,46.420010949747535,0.20475756831315958,286.11379995249945, 59.658459757870894, 362902.0282545273,      0.0, 362902.0282545273,   1.0
 0.013793414039685323, -0.08023608495369257,2.9637823432249744, 51.48202983337785,46.420010949747535,0.20475656831315958,286.11380095249945, 59.658459757870894,362902.02873782825,      0.0,362902.02873782825,   1.0
 0.013793414039685323, -0.08023608495369257,2.9637823432249744, 51.48202983337785,46.420010949747535,0.20475656831315958,286.11379995249945,  59.65846075787089,362902.02823372924,      0.0,362902.02823372924,   1.0
 0.016254895019780922, -0.08246339937338532,2.9117215896626285, 51.45597058392352, 46.30704981184881,0.20301633026948787, 285.9184796437166,  59.70814506427471,362909.28615865397,      0.0,362909.28615865397,   1.0
 0.016255895019780923, -0.08246339937338532,2.9117215896626285, 51.45597058392352, 46.30704981184881,0.20301633026948787, 285.9184796437166,  59.70814506427471, 362909.2863190302,      0.0, 362909.2863190302,   1.0
 0.016254895019780922, -0.08246239937338531,2.9117215896626285, 51.45597058392352, 46.30704981184881,0.20301633026948787, 285.9184796437166,  59.70814506427471,362909.28301710205,      0.0,362909.28301710205,   1.0
 0.016254895019780922, -0.08246339937338532,2.9117225896626286, 51.45597058392352, 46.30704981184881,0.20301633026948787, 285.9184796437166,  59.70814506427471, 362909.2862194282,      0.0, 362909.2862194282,   1.0
 0.016254895019780922, -0.08246339937338532,2.9117215896626285, 51.45597158392352, 46.30704981184881,0.20301633026948787, 285.9184796437166,  59.70814506427471, 362909.2860974673,      0.0, 362909.2860974673,   1.0
 0.016254895019780922, -0.08246339937338532,2.9117215896626285, 51.45597058392352, 46.30705081184881,0.20301633026948787, 285.9184796437166,  59.70814506427471, 362909.2859502073,      0.0, 362909.2859502073,   1.0
 0.016254895019780922, -0.08246339937338532,2.9117215896626285, 51.45597058392352, 46.30704981184881,0.20301733026948787, 285.9184796437166,  59.70814506427471, 362909.2877413678,      0.0, 362909.2877413678,   1.0
 0.016254895019780922, -0.08246339937338532,2.9117215896626285, 51.45597058392352, 46.30704981184881,0.20301633026948787, 285.9184806437166,  59.70814506427471, 362909.2861439017,      0.0, 362909.2861439017,   1.0
 0.016254895019780922, -0.08246339937338532,2.9117215896626285, 51.45597058392352, 46.30704981184881,0.20301633026948787, 285.9184796437166,  59.70814606427471, 362909.2856400594,      0.0, 362909.2856400594,   1.0
  0.01937120457507918, -0.08591588756374786,2.8763945114857306, 51.43820258830175,46.230077588011156,0.20323625097483472,285.78572615144293,  59.74141777921343,362917.72214357584,      0.0,362917.72214357584,   1.0
 0.019372204575079183, -0.08591588756374786,2.8763945114857306, 51.43820258830175,46.230077588011156,0.20323625097483472,285.78572615144293,  59.74141777921343, 362917.7214177601,      0.0, 362917.7214177601,   1.0
  0.01937120457507918, -0.08591488756374786,2.8763945114857306, 51.43820258830175,46.230077588011156,0.20323625097483472,285.78572615144293,  59.74141777921343,362917.71985780617,      0.0,362917.71985780617,   1.0
  0.01937120457507918, -0.08591588756374786,2.8763955114857307, 51.43820258830175,46.230077588011156,0.20323625097483472,285.78572615144293,  59.74141777921343, 362917.7222063512,      0.0, 362917.7222063512,   1.0
  0.01937120457507918, -0.08591588756374786,2.8763945114857306, 51.43820358830175,46.230077588011156,0.20323625097483472,285.78572615144293,  59.74141777921343, 362917.7220847624,      0.0, 362917.7220847624,   1.0
  0.01937120457507918, -0.08591588756374786,2.8763945114857306, 51.43820258830175, 46.23007858801115,0.20323625097483472,285.78572615144293,  59.74141777921343, 362917.7219337628,      0.0, 362917.7219337628,   1.0
  0.01937120457507918, -0.08591588756374786,2.8763945114857306, 51.43820258830175,46.230077588011156,0.20323725097483472,285.78572615144293,  59.74141777921343, 362917.7233617968,      0.0, 362917.7233617968,   1.0
  0.01937120457507918, -0.08591588756374786,2.8763945114857306, 51.43820258830175,46.230077588011156,0.20323625097483472, 285.7857271514429,  59.74141777921343, 362917.7221293238,      0.0, 362917.7221293238,   1.0
  0.01937120457507918, -0.08591588756374786,2.8763945114857306, 51.43820258830175,46.230077588011156,0.20323625097483472,285.78572615144293, 59.741418779213426, 362917.7216240452,      0.0, 362917.7216240452,   1.0
 0.022108951050518997, -0.08904021109670623, 2.962135360737872, 51.48068644157884,46.414295048211784,0.20499362556258466,286.10622618208464, 59.657132298919855, 362923.8766285431,      0.0, 362923.8766285431,   1.0
 0.022109951050518998, -0.08904021109670623, 2.962135360737872, 51.48068644157884,46.414295048211784,0.20499362556258466,286.10622618208464, 59.657132298919855,362923.87633847835,      0.0,362923.87633847835,   1.0
 0.022108951050518997, -0.08903921109670623, 2.962135360737872, 51.48068644157884,46.414295048211784,0.20499362556258466,286.10622618208464, 59.657132298919855,  362923.876458075,      0.0,  362923.876458075,   1.0
 0.022108951050518997, -0.08904021109670623, 2.962136360737872, 51.48068644157884,46.414295048211784,0.20499362556258466,286.10622618208464, 59.657132298919855,362923.87668825616,      0.0,362923.87668825616,   1.0
 0.022108951050518997, -0.08904021109670623, 2.962135360737872, 51.48068744157884,46.414295048211784,0.20499362556258466,286.10622618208464, 59.657132298919855, 362923.8765752298,      0.0, 362923.8765752298,   1.0
 0.022108951050518997, -0.08904021109670623, 2.962135360737872, 51.48068644157884, 46.41429604821178,0.20499362556258466,286.10622618208464, 59.657132298919855, 362923.8764084542,      0.0, 362923.8764084542,   1.0
 0.022108951050518997, -0.08904021109670623, 2.962135360737872, 51.48068644157884,46.414295048211784,0.20499462556258466,286.10622618208464, 59.657132298919855, 362923.8766032424,      0.0, 362923.8766032424,   1.0
 0.022108951050518997, -0.08904021109670623, 2.962135360737872, 51.48068644157884,46.414295048211784,0.20499362556258466,286.10622718208464, 59.657132298919855,362923.87661604676,      0.0,362923.87661604676,   1.0
 0.022108951050518997, -0.08904021109670623, 2.962135360737872, 51.48068644157884,46.414295048211784,0.20499362556258466,286.10622618208464,  59.65713329891985, 362923.8761116278,      0.0, 362923.8761116278,   1.0
 0.022378453632268057,  -0.0893550898438678, 2.994065268766024,51.496432576627626, 46.48257350742801,0.20534154775024036, 286.2253622664048,  59.62532498828798,362924.66175440245,      0.0,362924.66175440245,   1.0
 0.022379453632268058,  -0.0893550898438678, 2.994065268766024,51.496432576627626, 46.48257350742801,0.20534154775024036, 286.2253622664048,  59.62532498828798, 362924.6617377636,      0.0, 362924.6617377636,   1.0
 0.022378453632268057, -0.08935408984386779, 2.994065268766024,51.496432576627626, 46.48257350742801,0.20534154775024036, 286.2253622664048,  59.62532498828798,362924.66205507657,      0.0,362924.66205507657,   1.0
 0.022378453632268057,  -0.0893550898438678, 2.994066268766024,51.496432576627626, 46.48257350742801,0.20534154775024036, 286.2253622664048,  59.62532498828798, 362924.6618128747,      0.0, 362924.6618128747,   1.0
 0.022378453632268057,  -0.0893550898438678, 2.994065268766024, 51.49643357662762, 46.48257350742801,0.20534154775024036, 286.2253622664048,  59.62532498828798,362924.66170134675,      0.0,362924.66170134675,   1.0
 0.022378453632268057,  -0.0893550898438678, 2.994065268766024,51.496432576627626,46.482574507428005,0.20534154775024036, 286.2253622664048,  59.62532498828798, 362924.6615315273,      0.0, 362924.6615315273,   1.0
 0.022378453632268057,  -0.0893550898438678, 2.994065268766024,51.496432576627626, 46.48257350742801,0.20534254775024036, 286.2253622664048,  59.62532498828798, 362924.6616235576,      0.0, 362924.6616235576,   1.0
 0.022378453632268057,  -0.0893550898438678, 2.994065268766024,51.496432576627626, 46.48257350742801,0.20534154775024036,286.22536326640477,  59.62532498828798,362924.66174202575,      0.0,362924.66174202575,   1.0
 0.022378453632268057,  -0.0893550898438678, 2.994065268766024,51.496432576627626, 46.48257350742801,0.20534154775024036, 286.2253622664048, 59.625325988287976,362924.66123830265,      0.0,362924.66123830265,   1.0
  0.02270754463684871, -0.08975874380516549,3.0535402517352996, 51.52542005185142,46.608316688803555,0.20600718529846604,286.44631474175526,  59.56417968918687,362926.64495626005,      0.0,362926.64495626005,   1.0
  0.02270854463684871, -0.08975874380516549,3.0535402517352996, 51.52542005185142,46.608316688803555,0.20600718529846604,286.44631474175526,  59.56417968918687,362926.64549176284,      0.0,362926.64549176284,   1.0
  0.02270754463684871, -0.08975774380516549,3.0535402517352996, 51.52542005185142,46.608316688803555,0.20600718529846604,286.44631474175526,  59.56417968918687,  362926.646068132,      0.0,  362926.646068132,   1.0
  0.02270754463684871, -0.08975874380516549,3.0535412517352998, 51.52542005185142,46.608316688803555,0.20600718529846604,286.44631474175526,  59.56417968918687, 362926.6450123852,      0.0, 362926.6450123852,   1.0
  0.02270754463684871, -0.08975874380516549,3.0535402517352996, 51.52542105185142,46.608316688803555,0.20600718529846604,286.44631474175526,  59.56417968918687,  362926.644903896,      0.0,  362926.644903896,   1.0
  0.02270754463684871, -0.08975874380516549,3.0535402517352996, 51.52542005185142, 46.60831768880355,0.20600718529846604,286.44631474175526,  59.56417968918687,362926.64472844166,      0.0,362926.64472844166,   1.0
  0.02270754463684871, -0.08975874380516549,3.0535402517352996, 51.52542005185142,46.608316688803555,0.20600818529846604,286.44631474175526,  59.56417968918687,362926.64458336536,      0.0,362926.64458336536,   1.0
  0.02270754463684871, -0.08975874380516549,3.0535402517352996, 51.52542005185142,46.608316688803555,0.20600718529846604,286.44631574175526,  59.56417968918687,362926.64494418155,      0.0,362926.64494418155,   1.0
  0.02270754463684871, -0.08975874380516549,3.0535402517352996, 51.52542005185142,46.608316688803555,0.20600718529846604,286.44631474175526,  59.56418068918687, 362926.6444417599,      0.0, 362926.6444417599,   1.0
  0.02310780847045812,  -0.0902581217642432, 3.134473057532329, 51.56403588878313,46.775943009296824,0.20689863298986572, 286.7446614477122,  59.47636963347174,362930.91721890017,      0.0,362930.91721890017,   1.0
 0.023108808470458122,  -0.0902581217642432, 3.134473057532329, 51.56403588878313,46.775943009296824,0.20689863298986572, 286.7446614477122,  59.47636963347174, 362930.9185154909,      0.0, 362930.9185154909,   1.0
  0.02310780847045812, -0.09025712176424319, 3.134473057532329, 51.56403588878313,46.775943009296824,0.20689863298986572, 286.7446614477122,  59.47636963347174,362930.91940303205,      0.0,362930.91940303205,   1.0
  0.02310780847045812,  -0.0902581217642432, 3.134474057532329, 51.56403588878313,46.775943009296824,0.20689863298986572, 286.7446614477122,  59.47636963347174, 362930.9172718639,      0.0, 362930.9172718639,   1.0
  0.02310780847045812,  -0.0902581217642432, 3.134473057532329, 51.56403688878313,46.775943009296824,0.20689863298986572, 286.7446614477122,  59.47636963347174, 362930.9171674706,      0.0, 362930.9171674706,   1.0
  0.02310780847045812,  -0.0902581217642432, 3.134473057532329, 51.56403588878313, 46.77594400929682,0.20689863298986572, 286.7446614477122,  59.47636963347174, 362930.9169845176,      0.0, 362930.9169845176,   1.0
  0.02310780847045812,  -0.0902581217642432, 3.134473057532329, 51.56403588878313,46.775943009296824,0.20689963298986572, 286.7446614477122,  59.47636963347174, 362930.9165168757,      0.0, 362930.9165168757,   1.0
  0.02310780847045812,  -0.0902581217642432, 3.134473057532329, 51.56403588878313,46.775943009296824,0.20689863298986572, 286.7446624477122,  59.47636963347174,362930.91720723105,      0.0,362930.91720723105,   1.0
  0.02310780847045812,  -0.0902581217642432, 3.134473057532329, 51.56403588878313,46.775943009296824,0.20689863298986572, 286.7446614477122,  59.47637063347174,362930.91670667153,      0.0,362930.91670667153,   1.0
 0.023916398385864665, -0.09126519344062713, 3.269962058776288, 51.62624123742551, 47.04632498270482, 0.2085368018727187,287.23729816418586, 59.315827388124916, 362942.8437926421,      0.0, 362942.8437926421,   1.0
 0.023917398385864666, -0.09126519344062713, 3.269962058776288, 51.62624123742551, 47.04632498270482, 0.2085368018727187,287.23729816418586, 59.315827388124916,362942.84632591554,      0.0,362942.84632591554,   1.0
 0.023916398385864665, -0.09126419344062713, 3.269962058776288, 51.62624123742551, 47.04632498270482, 0.2085368018727187,287.23729816418586, 59.315827388124916, 362942.8477762797,      0.0, 362942.8477762797,   1.0
 0.023916398385864665, -0.09126519344062713, 3.269963058776288, 51.62624123742551, 47.04632498270482, 0.2085368018727187,287.23729816418586, 59.315827388124916,362942.84384053166,      0.0,362942.84384053166,   1.0
 0.023916398385864665, -0.09126519344062713, 3.269962058776288, 51.62624223742551, 47.04632498270482, 0.2085368018727187,287.23729816418586, 59.315827388124916,   362942.84374394,      0.0,   362942.84374394,   1.0
 0.023916398385864665, -0.09126519344062713, 3.269962058776288, 51.62624123742551,47.046325982704815, 0.2085368018727187,287.23729816418586, 59.315827388124916, 362942.8435473974,      0.0, 362942.8435473974,   1.0
 0.023916398385864665, -0.09126519344062713, 3.269962058776288, 51.62624123742551, 47.04632498270482, 0.2085378018727187,287.23729816418586, 59.315827388124916, 362942.8422994651,      0.0, 362942.8422994651,   1.0
 0.023916398385864665, -0.09126519344062713, 3.269962058776288, 51.62624123742551, 47.04632498270482, 0.2085368018727187,287.23729916418586, 59.315827388124916, 362942.8437820393,      0.0, 362942.8437820393,   1.0
 0.023916398385864665, -0.09126519344062713, 3.269962058776288, 51.62624123742551, 47.04632498270482, 0.2085368018727187,287.23729816418586,  59.31582838812491,362942.84328464855,      0.0,362942.84328464855,   1.0
 0.025234153784127803,   -0.092904003078278,3.4923189230028253, 51.72263899530099, 47.46617670837359, 0.2109651058400627, 288.0298699200433,  59.02078495032144,362973.32398421294,      0.0,362973.32398421294,   1.0
 0.025235153784127804,   -0.092904003078278,3.4923189230028253, 51.72263899530099, 47.46617670837359, 0.2109651058400627, 288.0298699200433,  59.02078495032144, 362973.3285213859,      0.0, 362973.3285213859,   1.0
 0.025234153784127803,   -0.092903003078278,3.4923189230028253, 51.72263899530099, 47.46617670837359, 0.2109651058400627, 288.0298699200433,  59.02078495032144, 362973.3308214344,      0.0, 362973.3308214344,   1.0
 0.025234153784127803,   -0.092904003078278,3.4923199230028255, 51.72263899530099, 47.46617670837359, 0.2109651058400627, 288.0298699200433,  59.02078495032144,362973.32402409805,      0.0,362973.32402409805,   1.0
 0.025234153784127803,   -0.092904003078278,3.4923189230028253, 51.72263999530099, 47.46617670837359, 0.2109651058400627, 288.0298699200433,  59.02078495032144,  362973.323938752,      0.0,  362973.323938752,   1.0
 0.025234153784127803,   -0.092904003078278,3.4923189230028253, 51.72263899530099,47.466177708373586, 0.2109651058400627, 288.0298699200433,  59.02078495032144, 362973.3237219184,      0.0, 362973.3237219184,   1.0
 0.025234153784127803,   -0.092904003078278,3.4923189230028253, 51.72263899530099, 47.46617670837359, 0.2109661058400627, 288.0298699200433,  59.02078495032144,362973.32143910334,      0.0,362973.32143910334,   1.0
 0.025234153784127803,   -0.092904003078278,3.4923189230028253, 51.72263899530099, 47.46617670837359, 0.2109651058400627, 288.0298709200433,  59.02078495032144, 362973.3239749961,      0.0, 362973.3239749961,   1.0
 0.025234153784127803,   -0.092904003078278,3.4923189230028253, 51.72263899530099, 47.46617670837359, 0.2109651058400627, 288.0298699200433,  59.02078595032144, 362973.3234836551,      0.0, 362973.3234836551,   1.0
  0.02781963485497008, -0.09620764175629631, 3.843715197659964, 51.85867023391627, 48.06124914526168,0.21486771749539738,289.23679354061164, 58.464058873211556,363052.77677406906,      0.0,363052.77677406906,   1.0
  0.02782063485497008, -0.09620764175629631, 3.843715197659964, 51.85867023391627, 48.06124914526168,0.21486771749539738,289.23679354061164, 58.464058873211556,363052.78452747565,      0.0,363052.78452747565,   1.0
  0.02781963485497008, -0.09620664175629631, 3.843715197659964, 51.85867023391627, 48.06124914526168,0.21486771749539738,289.23679354061164, 58.464058873211556,363052.78831065155,      0.0,363052.78831065155,   1.0
  0.02781963485497008, -0.09620764175629631, 3.843716197659964, 51.85867023391627, 48.06124914526168,0.21486771749539738,289.23679354061164, 58.464058873211556, 363052.7768017313,      0.0, 363052.7768017313,   1.0
  0.02781963485497008, -0.09620764175629631, 3.843715197659964, 51.85867123391627, 48.06124914526168,0.21486771749539738,289.23679354061164, 58.464058873211556, 363052.7767355072,      0.0, 363052.7767355072,   1.0
  0.02781963485497008, -0.09620764175629631, 3.843715197659964, 51.85867023391627,48.061250145261674,0.21486771749539738,289.23679354061164, 58.464058873211556, 363052.7764863025,      0.0, 363052.7764863025,   1.0
  0.02781963485497008, -0.09620764175629631, 3.843715197659964, 51.85867023391627, 48.06124914526168,0.21486871749539738,289.23679354061164, 58.464058873211556, 363052.7721888996,      0.0, 363052.7721888996,   1.0
  0.02781963485497008, -0.09620764175629631, 3.843715197659964, 51.85867023391627, 48.06124914526168,0.21486771749539738,289.23679454061164, 58.464058873211556, 363052.7767676887,      0.0, 363052.7767676887,   1.0
  0.02781963485497008, -0.09620764175629631, 3.843715197659964, 51.85867023391627, 48.06124914526168,0.21486771749539738,289.23679354061164,  58.46405987321155, 363052.7762874648,      0.0, 363052.7762874648,   1.0
  0.03233946526329378, -0.10198923601181847, 4.417753592891284, 52.04371208670723, 48.87733536116098,  0.220282503758141,291.10444079493925, 57.348365295148355, 363252.5529443589,      0.0, 363252.5529443589,   1.0
  0.03234046526329378, -0.10198923601181847, 4.417753592891284, 52.04371208670723, 48.87733536116098,  0.220282503758141,291.10444079493925, 57.348365295148355, 363252.5657368505,      0.0, 363252.5657368505,   1.0
  0.03233946526329378, -0.10198823601181847, 4.417753592891284, 52.04371208670723, 48.87733536116098,  0.220282503758141,291.10444079493925, 57.348365295148355, 363252.5718663084,      0.0, 363252.5718663084,   1.0
  0.03233946526329378, -0.10198923601181847, 4.417754592891284, 52.04371208670723, 48.87733536116098,  0.220282503758141,291.10444079493925, 57.348365295148355, 363252.5529540086,      0.0, 363252.5529540086,   1.0
  0.03233946526329378, -0.10198923601181847, 4.417753592891284, 52.04371308670723, 48.87733536116098,  0.220282503758141,291.10444079493925, 57.348365295148355, 363252.5529144613,      0.0, 363252.5529144613,   1.0
  0.03233946526329378, -0.10198923601181847, 4.417753592891284, 52.04371208670723, 48.87733636116098,  0.220282503758141,291.10444079493925, 57.348365295148355,363252.55261971767,      0.0,363252.55261971767,   1.0
  0.03233946526329378, -0.10198923601181847, 4.417753592891284, 52.04371208670723, 48.87733536116098,  0.220283503758141,291.10444079493925, 57.348365295148355,363252.54547731526,      0.0,363252.54547731526,   1.0
  0.03233946526329378, -0.10198923601181847, 4.417753592891284, 52.04371208670723, 48.87733536116098,  0.220282503758141,291.10444179493925, 57.348365295148355,363252.55294198875,      0.0,363252.55294198875,   1.0
  0.03233946526329378, -0.10198923601181847, 4.417753592891284, 52.04371208670723, 48.87733536116098,  0.220282503758141,291.10444079493925,  57.34836629514835,363252.55248504697,      0.0,363252.55248504697,   1.0
  0.04098401224667678, -0.11147648428724974, 5.360978993196519, 52.26378021666405, 49.86587592903529, 0.2277991345458609,293.93838917235405, 55.049324011929755,363730.11054085044,      0.0,363730.11054085044,   1.0
 0.040985012246676784, -0.11147648428724974, 5.360978993196519, 52.26378021666405, 49.86587592903529, 0.2277991345458609,293.93838917235405, 55.049324011929755,363730.12679966254,      0.0,363730.12679966254,   1.0
  0.04098401224667678, -0.11147548428724974, 5.360978993196519, 52.26378021666405, 49.86587592903529, 0.2277991345458609,293.93838917235405, 55.049324011929755,363730.13769109786,      0.0,363730.13769109786,   1.0
  0.04098401224667678, -0.11147648428724974, 5.360979993196519, 52.26378021666405, 49.86587592903529, 0.2277991345458609,293.93838917235405, 55.049324011929755, 363730.1105372476,      0.0, 363730.1105372476,   1.0
  0.04098401224667678, -0.11147648428724974, 5.360978993196519, 52.26378121666405, 49.86587592903529, 0.2277991345458609,293.93838917235405, 55.049324011929755,363730.11052717915,      0.0,363730.11052717915,   1.0
  0.04098401224667678, -0.11147648428724974, 5.360978993196519, 52.26378021666405, 49.86587692903529, 0.2277991345458609,293.93838917235405, 55.049324011929755, 363730.1101648144,      0.0, 363730.1101648144,   1.0
  0.04098401224667678, -0.11147648428724974, 5.360978993196519, 52.26378021666405, 49.86587592903529, 0.2278001345458609,293.93838917235405, 55.049324011929755, 363730.0975650136,      0.0, 363730.0975650136,   1.0
  0.04098401224667678, -0.11147648428724974, 5.360978993196519, 52.26378021666405, 49.86587592903529, 0.2277991345458609,293.93839017235405, 55.049324011929755, 363730.1105462717,      0.0, 363730.1105462717,   1.0
  0.04098401224667678, -0.11147648428724974, 5.360978993196519, 52.26378021666405, 49.86587592903529, 0.2277991345458609,293.93838917235405,  55.04932501192975, 363730.1101398078,      0.0, 363730.1101398078,   1.0
 0.018124113193259492,  -0.1259340879288772, 6.076530523739697,  51.9467932384232,48.584949275480554,0.21797274074167747,294.73458913309855,   50.6212930159477,362283.59559634514,      0.0,362283.59559634514,   1.0
 0.018125113193259493,  -0.1259340879288772, 6.076530523739697,  51.9467932384232,48.584949275480554,0.21797274074167747,294.73458913309855,   50.6212930159477,362283.75656347466,      0.0,362283.75656347466,   1.0
 0.018124113193259492,  -0.1259330879288772, 6.076530523739697,  51.9467932384232,48.584949275480554,0.21797274074167747,294.73458913309855,   50.6212930159477, 362283.7439233473,      0.0, 362283.7439233473,   1.0
 0.018124113193259492,  -0.1259340879288772, 6.076531523739697,  51.9467932384232,48.584949275480554,0.21797274074167747,294.73458913309855,   50.6212930159477,362283.59517580544,      0.0,362283.59517580544,   1.0
 0.018124113193259492,  -0.1259340879288772, 6.076530523739697,51.946794238423195,48.584949275480554,0.21797274074167747,294.73458913309855,   50.6212930159477, 362283.5954584343,      0.0, 362283.5954584343,   1.0
 0.018124113193259492,  -0.1259340879288772, 6.076530523739697,  51.9467932384232, 48.58495027548055,0.21797274074167747,294.73458913309855,   50.6212930159477, 362283.5952886662,      0.0, 362283.5952886662,   1.0
 0.018124113193259492,  -0.1259340879288772, 6.076530523739697,  51.9467932384232,48.584949275480554,0.21797374074167747,294.73458913309855,   50.6212930159477, 362283.6115541285,      0.0, 362283.6115541285,   1.0
 0.018124113193259492,  -0.1259340879288772, 6.076530523739697,  51.9467932384232,48.584949275480554,0.21797274074167747,294.73459013309855,   50.6212930159477,  362283.595558664,      0.0,  362283.595558664,   1.0
 0.018124113193259492,  -0.1259340879288772, 6.076530523739697,  51.9467932384232,48.584949275480554,0.21797274074167747,294.73458913309855,   50.6212940159477, 362283.5953625924,      0.0, 362283.5953625924,   1.0
  0.03474065255728738, -0.11542505901937714,5.5564061720757865,52.177206618181145, 49.51603685865354,0.22511540830429932,  294.155842570901,  53.83996651830826, 363962.9848738377,      0.0, 363962.9848738377,   1.0
  0.03474165255728738, -0.11542505901937714,5.5564061720757865,52.177206618181145, 49.51603685865354,0.22511540830429932,  294.155842570901,  53.83996651830826, 363963.0383679648,      0.0, 363963.0383679648,   1.0
  0.03474065255728738, -0.11542405901937713,5.5564061720757865,52.177206618181145, 49.51603685865354,0.22511540830429932,  294.155842570901,  53.83996651830826, 363963.0424947995,      0.0, 363963.0424947995,   1.0
  0.03474065255728738, -0.11542505901937714, 5.556407172075787,52.177206618181145, 49.51603685865354,0.22511540830429932,  294.155842570901,  53.83996651830826, 363962.9847638163,      0.0, 363962.9847638163,   1.0
  0.03474065255728738, -0.11542505901937714,5.5564061720757865, 52.17720761818114, 49.51603685865354,0.22511540830429932,  294.155842570901,  53.83996651830826, 363962.9848365377,      0.0, 363962.9848365377,   1.0
  0.03474065255728738, -0.11542505901937714,5.5564061720757865,52.177206618181145, 49.51603785865354,0.22511540830429932,  294.155842570901,  53.83996651830826, 363962.9845154113,      0.0, 363962.9845154113,   1.0
  0.03474065255728738, -0.11542505901937714,5.5564061720757865,52.177206618181145, 49.51603685865354,0.22511640830429933,  294.155842570901,  53.83996651830826, 363962.9773292571,      0.0, 363962.9773292571,   1.0
  0.03474065255728738, -0.11542505901937714,5.5564061720757865,52.177206618181145, 49.51603685865354,0.22511540830429932,294.15584357090097,  53.83996651830826,363962.98487088387,      0.0,363962.98487088387,   1.0
  0.03474065255728738, -0.11542505901937714,5.5564061720757865,52.177206618181145, 49.51603685865354,0.22511540830429932,  294.155842570901, 53.839967518308256, 363962.9845022295,      0.0, 363962.9845022295,   1.0
  0.05062115221317013,  -0.1282895473496105, 6.589551677940609, 52.18705838098239,49.628705394226856,0.23002956972797556,296.61343887558655,  50.03944093827997, 365010.3741576107,      0.0, 365010.3741576107,   1.0
  0.05062215221317013,  -0.1282895473496105, 6.589551677940609, 52.18705838098239,49.628705394226856,0.23002956972797556,296.61343887558655,  50.03944093827997, 365010.4181291804,      0.0, 365010.4181291804,   1.0
  0.05062115221317013,  -0.1282885473496105, 6.589551677940609, 52.18705838098239,49.628705394226856,0.23002956972797556,296.61343887558655,  50.03944093827997, 365010.4339997068,      0.0, 365010.4339997068,   1.0
  0.05062115221317013,  -0.1282895473496105, 6.589552677940609, 52.18705838098239,49.628705394226856,0.23002956972797556,296.61343887558655,  50.03944093827997,365010.37407150446,      0.0,365010.37407150446,   1.0
  0.05062115221317013,  -0.1282895473496105, 6.589551677940609, 52.18705938098239,49.628705394226856,0.23002956972797556,296.61343887558655,  50.03944093827997,365010.37415160704,      0.0,365010.37415160704,   1.0
  0.05062115221317013,  -0.1282895473496105, 6.589551677940609, 52.18705838098239, 49.62870639422685,0.23002956972797556,296.61343887558655,  50.03944093827997,365010.37377634447,      0.0,365010.37377634447,   1.0
  0.05062115221317013,  -0.1282895473496105, 6.589551677940609, 52.18705838098239,49.628705394226856,0.23003056972797556,296.61343887558655,  50.03944093827997, 365010.3567790919,      0.0, 365010.3567790919,   1.0
  0.05062115221317013,  -0.1282895473496105, 6.589551677940609, 52.18705838098239,49.628705394226856,0.23002956972797556,296.61343987558655,  50.03944093827997,365010.37416826794,      0.0,365010.37416826794,   1.0
  0.05062115221317013,  -0.1282895473496105, 6.589551677940609, 52.18705838098239,49.628705394226856,0.23002956972797556,296.61343887558655, 50.039441938279964, 365010.3738929137,      0.0, 365010.3738929137,   1.0
  0.06951843549317901, -0.13417614563378527, 8.065998087798713, 51.85197205429905, 48.32473616014801, 0.2149476904208386, 299.1488886867527,   42.6720308779528,367057.71175752557,      0.0,367057.71175752557,   1.0
  0.06951943549317902, -0.13417614563378527, 8.065998087798713, 51.85197205429905, 48.32473616014801, 0.2149476904208386, 299.1488886867527,   42.6720308779528, 367057.7261592514,      0.0, 367057.7261592514,   1.0
  0.06951843549317901, -0.13417514563378527, 8.065998087798713, 51.85197205429905, 48.32473616014801, 0.2149476904208386, 299.1488886867527,   42.6720308779528, 367057.7596359594,      0.0, 367057.7596359594,   1.0
  0.06951843549317901, -0.13417614563378527, 8.065999087798712, 51.85197205429905, 48.32473616014801, 0.2149476904208386, 299.1488886867527,   42.6720308779528,367057.71175402676,      0.0,367057.71175402676,   1.0
  0.06951843549317901, -0.13417614563378527, 8.065998087798713,51.851973054299044, 48.32473616014801, 0.2149476904208386, 299.1488886867527,   42.6720308779528, 367057.7116564298,      0.0, 367057.7116564298,   1.0
  0.06951843549317901, -0.13417614563378527, 8.065998087798713, 51.85197205429905,48.324737160148004, 0.2149476904208386, 299.1488886867527,   42.6720308779528, 367057.7113611302,      0.0, 367057.7113611302,   1.0
  0.06951843549317901, -0.13417614563378527, 8.065998087798713, 51.85197205429905, 48.32473616014801, 0.2149486904208386, 299.1488886867527,   42.6720308779528,367057.70779453433,      0.0,367057.70779453433,   1.0
  0.06951843549317901, -0.13417614563378527, 8.065998087798713, 51.85197205429905, 48.32473616014801, 0.2149476904208386, 299.1488896867527,   42.6720308779528,367057.71174055303,      0.0,367057.71174055303,   1.0
  0.06951843549317901, -0.13417614563378527, 8.065998087798713, 51.85197205429905, 48.32473616014801, 0.2149476904208386, 299.1488886867527,   42.6720318779528,367057.71172241867,      0.0,367057.71172241867,   1.0
  0.05855636488995198, -0.11520340644286531, 6.774512636371801, 49.92494461688324,40.151322193633305, 0.2153403020216782, 290.7227260847929,  36.80613287241654,368474.50741928286,      0.0,368474.50741928286,   1.0
  0.05855736488995198, -0.11520340644286531, 6.774512636371801, 49.92494461688324,40.151322193633305, 0.2153403020216782, 290.7227260847929,  36.80613287241654, 368474.5093619273,      0.0, 368474.5093619273,   1.0
  0.05855636488995198, -0.11520240644286531, 6.774512636371801, 49.92494461688324,40.151322193633305, 0.2153403020216782, 290.7227260847929,  36.80613287241654,368474.53896139725,      0.0,368474.53896139725,   1.0
  0.05855636488995198, -0.11520340644286531, 6.774513636371801, 49.92494461688324,40.151322193633305, 0.2153403020216782, 290.7227260847929,  36.80613287241654, 368474.5074620599,      0.0, 368474.5074620599,   1.0
  0.05855636488995198, -0.11520340644286531, 6.774512636371801,49.924945616883235,40.151322193633305, 0.2153403020216782, 290.7227260847929,  36.80613287241654,368474.50774630497,      0.0,368474.50774630497,   1.0
  0.05855636488995198, -0.11520340644286531, 6.774512636371801, 49.92494461688324,  40.1513231936333, 0.2153403020216782, 290.7227260847929,  36.80613287241654, 368474.5074195887,      0.0, 368474.5074195887,   1.0
  0.05855636488995198, -0.11520340644286531, 6.774512636371801, 49.92494461688324,40.151322193633305, 0.2153413020216782, 290.7227260847929,  36.80613287241654,368474.43314400734,      0.0,368474.43314400734,   1.0
  0.05855636488995198, -0.11520340644286531, 6.774512636371801, 49.92494461688324,40.151322193633305, 0.2153403020216782, 290.7227270847929,  36.80613287241654, 368474.5075097303,      0.0, 368474.5075097303,   1.0
  0.05855636488995198, -0.11520340644286531, 6.774512636371801, 49.92494461688324,40.151322193633305, 0.2153403020216782, 290.7227260847929,  36.80613387241654,368474.50771657226,      0.0,368474.50771657226,   1.0
  0.04267252875263988, -0.08851632439879507,  5.96744056982155,49.806519798786915, 39.59841210147463,0.17767649890709492,288.49270253199205,  39.16090077461198, 369717.1016858838,      0.0, 369717.1016858838,   1.0
  0.04267352875263988, -0.08851632439879507,  5.96744056982155,49.806519798786915, 39.59841210147463,0.17767649890709492,288.49270253199205,  39.16090077461198, 369717.0572611753,      0.0, 369717.0572611753,   1.0
  0.04267252875263988, -0.08851532439879507,  5.96744056982155,49.806519798786915, 39.59841210147463,0.17767649890709492,288.49270253199205,  39.16090077461198,369717.04467765003,      0.0,369717.04467765003,   1.0
  0.04267252875263988, -0.08851632439879507,  5.96744156982155,49.806519798786915, 39.59841210147463,0.17767649890709492,288.49270253199205,  39.16090077461198, 369717.1019322185,      0.0, 369717.1019322185,   1.0
  0.04267252875263988, -0.08851632439879507,  5.96744056982155, 49.80652079878691, 39.59841210147463,0.17767649890709492,288.49270253199205,  39.16090077461198,369717.10150320147,      0.0,369717.10150320147,   1.0
  0.04267252875263988, -0.08851632439879507,  5.96744056982155,49.806519798786915, 39.59841310147463,0.17767649890709492,288.49270253199205,  39.16090077461198, 369717.1017020894,      0.0, 369717.1017020894,   1.0
  0.04267252875263988, -0.08851632439879507,  5.96744056982155,49.806519798786915, 39.59841210147463,0.17767749890709492,288.49270253199205,  39.16090077461198,369717.12569451594,      0.0,369717.12569451594,   1.0
  0.04267252875263988, -0.08851632439879507,  5.96744056982155,49.806519798786915, 39.59841210147463,0.17767649890709492,288.49270353199205,  39.16090077461198,369717.10162638186,      0.0,369717.10162638186,   1.0
  0.04267252875263988, -0.08851632439879507,  5.96744056982155,49.806519798786915, 39.59841210147463,0.17767649890709492,288.49270253199205,  39.16090177461198, 369717.1017440911,      0.0, 369717.1017440911,   1.0
  0.03903259505151572, -0.09957108732790698,5.8022010589665705, 50.06809940484905, 40.68444463565469,0.18972357447659344,288.83563345522407, 41.228000385866764, 370055.9402911697,      0.0, 370055.9402911697,   1.0
  0.03903359505151572, -0.09957108732790698,5.8022010589665705, 50.06809940484905, 40.68444463565469,0.18972357447659344,288.83563345522407, 41.228000385866764,370055.95278097765,      0.0,370055.95278097765,   1.0
  0.03903259505151572, -0.09957008732790698,5.8022010589665705, 50.06809940484905, 40.68444463565469,0.18972357447659344,288.83563345522407, 41.228000385866764,370055.95666548685,      0.0,370055.95666548685,   1.0
  0.03903259505151572, -0.09957108732790698, 5.802202058966571, 50.06809940484905, 40.68444463565469,0.18972357447659344,288.83563345522407, 41.228000385866764, 370055.9403412804,      0.0, 370055.9403412804,   1.0
  0.03903259505151572, -0.09957108732790698,5.8022010589665705, 50.06810040484905, 40.68444463565469,0.18972357447659344,288.83563345522407, 41.228000385866764, 370055.9402231225,      0.0, 370055.9402231225,   1.0
  0.03903259505151572, -0.09957108732790698,5.8022010589665705, 50.06809940484905, 40.68444563565469,0.18972357447659344,288.83563345522407, 41.228000385866764,370055.94025040674,      0.0,370055.94025040674,   1.0
  0.03903259505151572, -0.09957108732790698,5.8022010589665705, 50.06809940484905, 40.68444463565469,0.18972457447659344,288.83563345522407, 41.228000385866764, 370055.9408049126,      0.0, 370055.9408049126,   1.0
  0.03903259505151572, -0.09957108732790698,5.8022010589665705, 50.06809940484905, 40.68444463565469,0.18972357447659344,288.83563445522407, 41.228000385866764, 370055.9402673749,      0.0, 370055.9402673749,   1.0
  0.03903259505151572, -0.09957108732790698,5.8022010589665705, 50.06809940484905, 40.68444463565469,0.18972357447659344,288.83563345522407,  41.22800138586676, 370055.9402576694,      0.0, 370055.9402576694,   1.0
  0.03875489913749338, -0.09623135090019817, 5.697542332270484, 49.84533633133683, 39.74270224322732,0.18786362742904494,287.96653605143126,  40.38340222655722,370129.07399373385,      0.0,370129.07399373385,   1.0
  0.03875589913749338, -0.09623135090019817, 5.697542332270484, 49.84533633133683, 39.74270224322732,0.18786362742904494,287.96653605143126,  40.38340222655722, 370129.0738182999,      0.0, 370129.0738182999,   1.0
  0.03875489913749338, -0.09623035090019817, 5.697542332270484, 49.84533633133683, 39.74270224322732,0.18786362742904494,287.96653605143126,  40.38340222655722, 370129.0723666002,      0.0, 370129.0723666002,   1.0
  0.03875489913749338, -0.09623135090019817,5.6975433322704845, 49.84533633133683, 39.74270224322732,0.18786362742904494,287.96653605143126,  40.38340222655722,370129.07409560645,      0.0,370129.07409560645,   1.0
  0.03875489913749338, -0.09623135090019817, 5.697542332270484, 49.84533733133683, 39.74270224322732,0.18786362742904494,287.96653605143126,  40.38340222655722, 370129.0739529835,      0.0, 370129.0739529835,   1.0
  0.03875489913749338, -0.09623135090019817, 5.697542332270484, 49.84533633133683, 39.74270324322732,0.18786362742904494,287.96653605143126,  40.38340222655722,370129.07400482375,      0.0,370129.07400482375,   1.0
  0.03875489913749338, -0.09623135090019817, 5.697542332270484, 49.84533633133683, 39.74270224322732,0.18786462742904494,287.96653605143126,  40.38340222655722,370129.06975215505,      0.0,370129.06975215505,   1.0
  0.03875489913749338, -0.09623135090019817, 5.697542332270484, 49.84533633133683, 39.74270224322732,0.18786362742904494,287.96653705143126,  40.38340222655722, 370129.0739773883,      0.0, 370129.0739773883,   1.0
  0.03875489913749338, -0.09623135090019817, 5.697542332270484, 49.84533633133683, 39.74270224322732,0.18786362742904494,287.96653605143126,  40.38340322655722,   370129.07400392,      0.0,   370129.07400392,   1.0
  0.03943807151125013, -0.09686074857888896, 5.780687348339042,  49.8435350120184,39.740931930349426,0.18583547304968057, 288.1570025319954, 40.063350324230754,370131.57332508505,      0.0,370131.57332508505,   1.0
  0.03943907151125013, -0.09686074857888896, 5.780687348339042,  49.8435350120184,39.740931930349426,0.18583547304968057, 288.1570025319954, 40.063350324230754, 370131.5746340371,      0.0, 370131.5746340371,   1.0
  0.03943807151125013, -0.09685974857888896, 5.780687348339042,  49.8435350120184,39.740931930349426,0.18583547304968057, 288.1570025319954, 40.063350324230754,370131.57413109136,      0.0,370131.57413109136,   1.0
  0.03943807151125013, -0.09686074857888896,5.7806883483390425,  49.8435350120184,39.740931930349426,0.18583547304968057, 288.1570025319954, 40.063350324230754,370131.57342053537,      0.0,370131.57342053537,   1.0
  0.03943807151125013, -0.09686074857888896, 5.780687348339042,  49.8435360120184,39.740931930349426,0.18583547304968057, 288.1570025319954, 40.063350324230754, 370131.5732545438,      0.0, 370131.5732545438,   1.0
  0.03943807151125013, -0.09686074857888896, 5.780687348339042,  49.8435350120184, 39.74093293034942,0.18583547304968057, 288.1570025319954, 40.063350324230754,370131.57333462796,      0.0,370131.57333462796,   1.0
  0.03943807151125013, -0.09686074857888896, 5.780687348339042,  49.8435350120184,39.740931930349426,0.18583647304968057, 288.1570025319954, 40.063350324230754,370131.57507317385,      0.0,370131.57507317385,   1.0
  0.03943807151125013, -0.09686074857888896, 5.780687348339042,  49.8435350120184,39.740931930349426,0.18583547304968057, 288.1570035319954, 40.063350324230754,370131.57329963107,      0.0,370131.57329963107,   1.0
  0.03943807151125013, -0.09686074857888896, 5.780687348339042,  49.8435350120184,39.740931930349426,0.18583547304968057, 288.1570025319954,  40.06335132423075,  370131.573346366,      0.0,  370131.573346366,   1.0
  0.03941336677333809, -0.09679172384768565, 5.736408684914202,49.843334784064574,39.737126523735654,0.18643090964541142,288.05228260216717,  40.22769767578024,  370133.184965468,      0.0,  370133.184965468,   1.0
 0.039414366773338094, -0.09679172384768565, 5.736408684914202,49.843334784064574,39.737126523735654,0.18643090964541142,288.05228260216717,  40.22769767578024, 370133.1853535415,      0.0, 370133.1853535415,   1.0
  0.03941336677333809, -0.09679072384768565, 5.736408684914202,49.843334784064574,39.737126523735654,0.18643090964541142,288.05228260216717,  40.22769767578024,370133.18464949535,      0.0,370133.18464949535,   1.0
  0.03941336677333809, -0.09679172384768565, 5.736409684914202,49.843334784064574,39.737126523735654,0.18643090964541142,288.05228260216717,  40.22769767578024, 370133.1850641199,      0.0, 370133.1850641199,   1.0
  0.03941336677333809, -0.09679172384768565, 5.736408684914202, 49.84333578406457,39.737126523735654,0.18643090964541142,288.05228260216717,  40.22769767578024,370133.18490433955,      0.0,370133.18490433955,   1.0
  0.03941336677333809, -0.09679172384768565, 5.736408684914202,49.843334784064574, 39.73712752373565,0.18643090964541142,288.05228260216717,  40.22769767578024,370133.18497532484,      0.0,370133.18497532484,   1.0
  0.03941336677333809, -0.09679172384768565, 5.736408684914202,49.843334784064574,39.737126523735654,0.18643190964541143,288.05228260216717,  40.22769767578024, 370133.1848234272,      0.0, 370133.1848234272,   1.0
  0.03941336677333809, -0.09679172384768565, 5.736408684914202,49.843334784064574,39.737126523735654,0.18643090964541142,288.05228360216717,  40.22769767578024, 370133.1849429433,      0.0, 370133.1849429433,   1.0
  0.03941336677333809, -0.09679172384768565, 5.736408684914202,49.843334784064574,39.737126523735654,0.18643090964541142,288.05228260216717,  40.22769867578024,370133.18498007033,      0.0,370133.18498007033,   1.0
  0.03961491347127989, -0.09698468831044957, 5.722579914381696,49.837853580125156,39.713319148315136,0.18637388099624166,288.00438485819893,  40.24929976172122,370133.41882560804,      0.0,370133.41882560804,   1.0
  0.03961591347127989, -0.09698468831044957, 5.722579914381696,49.837853580125156,39.713319148315136,0.18637388099624166,288.00438485819893,  40.24929976172122, 370133.4190663692,      0.0, 370133.4190663692,   1.0
  0.03961491347127989, -0.09698368831044957, 5.722579914381696,49.837853580125156,39.713319148315136,0.18637388099624166,288.00438485819893,  40.24929976172122,370133.41852291214,      0.0,370133.41852291214,   1.0
  0.03961491347127989, -0.09698468831044957, 5.722580914381696,49.837853580125156,39.713319148315136,0.18637388099624166,288.00438485819893,  40.24929976172122,370133.41892454884,      0.0,370133.41892454884,   1.0
  0.03961491347127989, -0.09698468831044957, 5.722579914381696, 49.83785458012515,39.713319148315136,0.18637388099624166,288.00438485819893,  40.24929976172122,370133.41876517114,      0.0,370133.41876517114,   1.0
  0.03961491347127989, -0.09698468831044957, 5.722579914381696,49.837853580125156,39.713320148315134,0.18637388099624166,288.00438485819893,  40.24929976172122,370133.41883640876,      0.0,370133.41883640876,   1.0
  0.03961491347127989, -0.09698468831044957, 5.722579914381696,49.837853580125156,39.713319148315136,0.18637488099624167,288.00438485819893,  40.24929976172122,  370133.418582769,      0.0,  370133.418582769,   1.0
  0.03961491347127989, -0.09698468831044957, 5.722579914381696,49.837853580125156,39.713319148315136,0.18637388099624166,288.00438585819893,  40.24929976172122, 370133.4188033042,      0.0, 370133.4188033042,   1.0
  0.03961491347127989, -0.09698468831044957, 5.722579914381696,49.837853580125156,39.713319148315136,0.18637388099624166,288.00438485819893, 40.249300761721216, 370133.4188392834,      0.0, 370133.4188392834,   1.0
  0.04023611972090645, -0.09757386605944747, 5.695166308165959, 49.82349200299729, 39.65220741561234, 0.1860634523319165, 287.8994164597755, 40.274800975817236,  370133.735829209,      0.0,  370133.735829209,   1.0
 0.040237119720906454, -0.09757386605944747, 5.695166308165959, 49.82349200299729, 39.65220741561234, 0.1860634523319165, 287.8994164597755, 40.274800975817236, 370133.7358219367,      0.0, 370133.7358219367,   1.0
  0.04023611972090645, -0.09757286605944747, 5.695166308165959, 49.82349200299729, 39.65220741561234, 0.1860634523319165, 287.8994164597755, 40.274800975817236,370133.73582013056,      0.0,370133.73582013056,   1.0
  0.04023611972090645, -0.09757386605944747, 5.695167308165959, 49.82349200299729, 39.65220741561234, 0.1860634523319165, 287.8994164597755, 40.274800975817236,370133.73592824163,      0.0,370133.73592824163,   1.0
  0.04023611972090645, -0.09757386605944747, 5.695166308165959, 49.82349300299729, 39.65220741561234, 0.1860634523319165, 287.8994164597755, 40.274800975817236, 370133.7357681374,      0.0, 370133.7357681374,   1.0
  0.04023611972090645, -0.09757386605944747, 5.695166308165959, 49.82349200299729,39.652208415612336, 0.1860634523319165, 287.8994164597755, 40.274800975817236, 370133.7358422396,      0.0, 370133.7358422396,   1.0
  0.04023611972090645, -0.09757386605944747, 5.695166308165959, 49.82349200299729, 39.65220741561234, 0.1860644523319165, 287.8994164597755, 40.274800975817236, 370133.7358126007,      0.0, 370133.7358126007,   1.0
  0.04023611972090645, -0.09757386605944747, 5.695166308165959, 49.82349200299729, 39.65220741561234, 0.1860634523319165, 287.8994174597755, 40.274800975817236,370133.73580673547,      0.0,370133.73580673547,   1.0
  0.04023611972090645, -0.09757386605944747, 5.695166308165959, 49.82349200299729, 39.65220741561234, 0.1860634523319165, 287.8994164597755,  40.27480197581723, 370133.7358416123,      0.0, 370133.7358416123,   1.0
  0.04031162094705992, -0.09763372520232456, 5.694468967341903, 49.82250433120359,39.648878367632356,0.18603918948733603,287.89473766771374,  40.27429483787308,  370133.780331428,      0.0,  370133.780331428,   1.0
 0.040312620947059924, -0.09763372520232456, 5.694468967341903, 49.82250433120359,39.648878367632356,0.18603918948733603,287.89473766771374,  40.27429483787308,370133.78027201653,      0.0,370133.78027201653,   1.0
  0.04031162094705992, -0.09763272520232456, 5.694468967341903, 49.82250433120359,39.648878367632356,0.18603918948733603,287.89473766771374,  40.27429483787308, 370133.7803321142,      0.0, 370133.7803321142,   1.0
  0.04031162094705992, -0.09763372520232456, 5.694469967341903, 49.82250433120359,39.648878367632356,0.18603918948733603,287.89473766771374,  40.27429483787308,370133.78043051943,      0.0,370133.78043051943,   1.0
  0.04031162094705992, -0.09763372520232456, 5.694468967341903, 49.82250533120359,39.648878367632356,0.18603918948733603,287.89473766771374,  40.27429483787308,370133.78027023893,      0.0,370133.78027023893,   1.0
  0.04031162094705992, -0.09763372520232456, 5.694468967341903, 49.82250433120359,39.648879367632354,0.18603918948733603,287.89473766771374,  40.27429483787308, 370133.7803445248,      0.0, 370133.7803445248,   1.0
  0.04031162094705992, -0.09763372520232456, 5.694468967341903, 49.82250433120359,39.648878367632356,0.18604018948733603,287.89473766771374,  40.27429483787308,370133.78034297115,      0.0,370133.78034297115,   1.0
  0.04031162094705992, -0.09763372520232456, 5.694468967341903, 49.82250433120359,39.648878367632356,0.18603918948733603,287.89473866771374,  40.27429483787308,370133.78030892013,      0.0,370133.78030892013,   1.0
  0.04031162094705992, -0.09763372520232456, 5.694468967341903, 49.82250433120359,39.648878367632356,0.18603918948733603,287.89473766771374, 40.274295837873076, 370133.7803438379,      0.0, 370133.7803438379,   1.0
  0.04079699043483911, -0.09818414173869315, 5.671864647365402,  49.7988714352826, 39.56449074017792, 0.1856344366894279, 287.7702486639167, 40.272397385359795, 370134.3038556458,      0.0, 370134.3038556458,   1.0
  0.04079799043483911, -0.09818414173869315, 5.671864647365402,  49.7988714352826, 39.56449074017792, 0.1856344366894279, 287.7702486639167, 40.272397385359795,370134.30404381093,      0.0,370134.30404381093,   1.0
  0.04079699043483911, -0.09818314173869315, 5.671864647365402,  49.7988714352826, 39.56449074017792, 0.1856344366894279, 287.7702486639167, 40.272397385359795, 370134.3045995245,      0.0, 370134.3045995245,   1.0
  0.04079699043483911, -0.09818414173869315,5.6718656473654026,  49.7988714352826, 39.56449074017792, 0.1856344366894279, 287.7702486639167, 40.272397385359795, 370134.3039535166,      0.0, 370134.3039535166,   1.0
  0.04079699043483911, -0.09818414173869315, 5.671864647365402,  49.7988724352826, 39.56449074017792, 0.1856344366894279, 287.7702486639167, 40.272397385359795,370134.30379399133,      0.0,370134.30379399133,   1.0
  0.04079699043483911, -0.09818414173869315, 5.671864647365402,  49.7988714352826,39.564491740177914, 0.1856344366894279, 287.7702486639167, 40.272397385359795,370134.30387245247,      0.0,370134.30387245247,   1.0
  0.04079699043483911, -0.09818414173869315, 5.671864647365402,  49.7988714352826, 39.56449074017792, 0.1856354366894279, 287.7702486639167, 40.272397385359795, 370134.3041044557,      0.0, 370134.3041044557,   1.0
  0.04079699043483911, -0.09818414173869315, 5.671864647365402,  49.7988714352826, 39.56449074017792, 0.1856344366894279, 287.7702496639167, 40.272397385359795, 370134.3038329989,      0.0, 370134.3038329989,   1.0
  0.04079699043483911, -0.09818414173869315, 5.671864647365402,  49.7988714352826, 39.56449074017792, 0.1856344366894279, 287.7702486639167,  40.27239838535979, 370134.3038682056,      0.0, 370134.3038682056,   1.0
  0.04170284598165189, -0.09875846112186464, 5.691646761305976,   49.795183029474, 39.57724089682043,0.18555634165379706, 287.7978481523157,  40.25183900486619, 370135.1500742091,      0.0, 370135.1500742091,   1.0
  0.04170384598165189, -0.09875846112186464, 5.691646761305976,   49.795183029474, 39.57724089682043,0.18555634165379706, 287.7978481523157,  40.25183900486619, 370135.1492923193,      0.0, 370135.1492923193,   1.0
  0.04170284598165189, -0.09875746112186463, 5.691646761305976,   49.795183029474, 39.57724089682043,0.18555634165379706, 287.7978481523157,  40.25183900486619,370135.15053551923,      0.0,370135.15053551923,   1.0
  0.04170284598165189, -0.09875846112186464, 5.691647761305976,   49.795183029474, 39.57724089682043,0.18555634165379706, 287.7978481523157,  40.25183900486619,  370135.150173576,      0.0,  370135.150173576,   1.0
  0.04170284598165189, -0.09875846112186464, 5.691646761305976,   49.795184029474, 39.57724089682043,0.18555634165379706, 287.7978481523157,  40.25183900486619,370135.15001146623,      0.0,370135.15001146623,   1.0
  0.04170284598165189, -0.09875846112186464, 5.691646761305976,   49.795183029474,39.577241896820425,0.18555634165379706, 287.7978481523157,  40.25183900486619, 370135.1500891334,      0.0, 370135.1500891334,   1.0
  0.04170284598165189, -0.09875846112186464, 5.691646761305976,   49.795183029474, 39.57724089682043,0.18555734165379706, 287.7978481523157,  40.25183900486619,370135.15050572157,      0.0,370135.15050572157,   1.0
  0.04170284598165189, -0.09875846112186464, 5.691646761305976,   49.795183029474, 39.57724089682043,0.18555634165379706, 287.7978491523157,  40.25183900486619, 370135.1500512525,      0.0, 370135.1500512525,   1.0
  0.04170284598165189, -0.09875846112186464, 5.691646761305976,   49.795183029474, 39.57724089682043,0.18555634165379706, 287.7978481523157,  40.25184000486619, 370135.1500874977,      0.0, 370135.1500874977,   1.0
  0.04234360206481924, -0.09915332040620319, 5.705221725859048,49.777232376321294,39.557324535384964,  0.185274132155741, 287.7621117467129, 40.251091269457106, 370137.1465036541,      0.0, 370137.1465036541,   1.0
  0.04234460206481924, -0.09915332040620319, 5.705221725859048,49.777232376321294,39.557324535384964,  0.185274132155741, 287.7621117467129, 40.251091269457106, 370137.1450567805,      0.0, 370137.1450567805,   1.0
  0.04234360206481924, -0.09915232040620318, 5.705221725859048,49.777232376321294,39.557324535384964,  0.185274132155741, 287.7621117467129, 40.251091269457106,370137.14673173917,      0.0,370137.14673173917,   1.0
  0.04234360206481924, -0.09915332040620319, 5.705222725859048,49.777232376321294,39.557324535384964,  0.185274132155741, 287.7621117467129, 40.251091269457106,370137.14660412807,      0.0,370137.14660412807,   1.0
  0.04234360206481924, -0.09915332040620319, 5.705221725859048, 49.77723337632129,39.557324535384964,  0.185274132155741, 287.7621117467129, 40.251091269457106,  370137.146439402,      0.0,  370137.146439402,   1.0
  0.04234360206481924, -0.09915332040620319, 5.705221725859048,49.777232376321294, 39.55732553538496,  0.185274132155741, 287.7621117467129, 40.251091269457106,370137.14651868615,      0.0,370137.14651868615,   1.0
  0.04234360206481924, -0.09915332040620319, 5.705221725859048,49.777232376321294,39.557324535384964,  0.185275132155741, 287.7621117467129, 40.251091269457106, 370137.1472702506,      0.0, 370137.1472702506,   1.0
  0.04234360206481924, -0.09915332040620319, 5.705221725859048,49.777232376321294,39.557324535384964,  0.185274132155741, 287.7621127467129, 40.251091269457106,370137.14648027497,      0.0,370137.14648027497,   1.0
  0.04234360206481924, -0.09915332040620319, 5.705221725859048,49.777232376321294,39.557324535384964,  0.185274132155741, 287.7621117467129, 40.251092269457104, 370137.1465167088,      0.0, 370137.1465167088,   1.0
  0.04545323300666092, -0.10086494614440251, 5.839914700181037,49.644981041600715, 39.46624699620793,0.18359768554045358,  287.563308222356, 40.262312719492556, 370152.0336514184,      0.0, 370152.0336514184,   1.0
  0.04545423300666092, -0.10086494614440251, 5.839914700181037,49.644981041600715, 39.46624699620793,0.18359768554045358,  287.563308222356, 40.262312719492556,370152.02902341407,      0.0,370152.02902341407,   1.0
  0.04545323300666092, -0.10086394614440251, 5.839914700181037,49.644981041600715, 39.46624699620793,0.18359768554045358,  287.563308222356, 40.262312719492556, 370152.0326780082,      0.0, 370152.0326780082,   1.0
  0.04545323300666092, -0.10086494614440251, 5.839915700181037,49.644981041600715, 39.46624699620793,0.18359768554045358,  287.563308222356, 40.262312719492556,370152.03375664697,      0.0,370152.03375664697,   1.0
  0.04545323300666092, -0.10086494614440251, 5.839914700181037, 49.64498204160071, 39.46624699620793,0.18359768554045358,  287.563308222356, 40.262312719492556,370152.03357923054,      0.0,370152.03357923054,   1.0
  0.04545323300666092, -0.10086494614440251, 5.839914700181037,49.644981041600715,39.466247996207926,0.18359768554045358,  287.563308222356, 40.262312719492556, 370152.0336665828,      0.0, 370152.0336665828,   1.0
  0.04545323300666092, -0.10086494614440251, 5.839914700181037,49.644981041600715, 39.46624699620793,0.18359868554045358,  287.563308222356, 40.262312719492556, 370152.0362079252,      0.0, 370152.0362079252,   1.0
  0.04545323300666092, -0.10086494614440251, 5.839914700181037,49.644981041600715, 39.46624699620793,0.18359768554045358,  287.563309222356, 40.262312719492556, 370152.0336259004,      0.0, 370152.0336259004,   1.0
  0.04545323300666092, -0.10086494614440251, 5.839914700181037,49.644981041600715, 39.46624699620793,0.18359768554045358,  287.563308222356,  40.26231371949255,370152.03366249055,      0.0,370152.03366249055,   1.0
  0.04985089544315434, -0.10331077823186753, 6.189951325179858,49.371948057468266,39.348902908136715, 0.1813740730873791, 287.3010694448419,  40.19723975345889,370181.73609579477,      0.0,370181.73609579477,   1.0
  0.04985189544315434, -0.10331077823186753, 6.189951325179858,49.371948057468266,39.348902908136715, 0.1813740730873791, 287.3010694448419,  40.19723975345889,370181.72894984693,      0.0,370181.72894984693,   1.0
  0.04985089544315434, -0.10330977823186753, 6.189951325179858,49.371948057468266,39.348902908136715, 0.1813740730873791, 287.3010694448419,  40.19723975345889,370181.73588823655,      0.0,370181.73588823655,   1.0
  0.04985089544315434, -0.10331077823186753, 6.189952325179858,49.371948057468266,39.348902908136715, 0.1813740730873791, 287.3010694448419,  40.19723975345889, 370181.7361999158,      0.0, 370181.7361999158,   1.0
  0.04985089544315434, -0.10331077823186753, 6.189951325179858,49.371949057468264,39.348902908136715, 0.1813740730873791, 287.3010694448419,  40.19723975345889,370181.73602130404,      0.0,370181.73602130404,   1.0
  0.04985089544315434, -0.10331077823186753, 6.189951325179858,49.371948057468266, 39.34890390813671, 0.1813740730873791, 287.3010694448419,  40.19723975345889, 370181.7361117599,      0.0, 370181.7361117599,   1.0
  0.04985089544315434, -0.10331077823186753, 6.189951325179858,49.371948057468266,39.348902908136715, 0.1813750730873791, 287.3010694448419,  40.19723975345889, 370181.7394914003,      0.0, 370181.7394914003,   1.0
  0.04985089544315434, -0.10331077823186753, 6.189951325179858,49.371948057468266,39.348902908136715, 0.1813740730873791, 287.3010704448419,  40.19723975345889,370181.73607002577,      0.0,370181.73607002577,   1.0
  0.04985089544315434, -0.10331077823186753, 6.189951325179858,49.371948057468266,39.348902908136715, 0.1813740730873791, 287.3010694448419, 40.197240753458885, 370181.7361093704,      0.0, 370181.7361093704,   1.0
  0.05635002308620164, -0.09906062435154689, 7.217377873738871,48.336836184424634, 38.47959362097664,0.16998237424217566, 285.7316395079946,   39.9605641437688, 370143.1395230374,      0.0, 370143.1395230374,   1.0
  0.05635102308620164, -0.09906062435154689, 7.217377873738871,48.336836184424634, 38.47959362097664,0.16998237424217566, 285.7316395079946,   39.9605641437688,370143.10487355146,      0.0,370143.10487355146,   1.0
  0.05635002308620164, -0.09905962435154689, 7.217377873738871,48.336836184424634, 38.47959362097664,0.16998237424217566, 285.7316395079946,   39.9605641437688, 370143.1049000631,      0.0, 370143.1049000631,   1.0
  0.05635002308620164, -0.09906062435154689,7.2173788737388715,48.336836184424634, 38.47959362097664,0.16998237424217566, 285.7316395079946,   39.9605641437688, 370143.1397090022,      0.0, 370143.1397090022,   1.0
  0.05635002308620164, -0.09906062435154689, 7.217377873738871, 48.33683718442463, 38.47959362097664,0.16998237424217566, 285.7316395079946,   39.9605641437688, 370143.1394089055,      0.0, 370143.1394089055,   1.0
  0.05635002308620164, -0.09906062435154689, 7.217377873738871,48.336836184424634,38.479594620976634,0.16998237424217566, 285.7316395079946,   39.9605641437688, 370143.1395673174,      0.0, 370143.1395673174,   1.0
  0.05635002308620164, -0.09906062435154689, 7.217377873738871,48.336836184424634, 38.47959362097664,0.16998337424217566, 285.7316395079946,   39.9605641437688,370143.15289244347,      0.0,370143.15289244347,   1.0
  0.05635002308620164, -0.09906062435154689, 7.217377873738871,48.336836184424634, 38.47959362097664,0.16998237424217566, 285.7316405079946,   39.9605641437688,370143.13948679506,      0.0,370143.13948679506,   1.0
  0.05635002308620164, -0.09906062435154689, 7.217377873738871,48.336836184424634, 38.47959362097664,0.16998237424217566, 285.7316395079946,   39.9605651437688,370143.13954557234,      0.0,370143.13954557234,   1.0
  0.05232915039612614,  -0.1016901045840642, 6.581730818156122, 48.97723798757225, 39.01741687418052,0.17703017716219438,  286.702612586021, 40.106990333201765, 370205.1131282002,      0.0, 370205.1131282002,   1.0
  0.05233015039612614,  -0.1016901045840642, 6.581730818156122, 48.97723798757225, 39.01741687418052,0.17703017716219438,  286.702612586021, 40.106990333201765,370205.09549263126,      0.0,370205.09549263126,   1.0
  0.05232915039612614,  -0.1016891045840642, 6.581730818156122, 48.97723798757225, 39.01741687418052,0.17703017716219438,  286.702612586021, 40.106990333201765,   370205.10006595,      0.0,   370205.10006595,   1.0
  0.05232915039612614,  -0.1016901045840642, 6.581731818156122, 48.97723798757225, 39.01741687418052,0.17703017716219438,  286.702612586021, 40.106990333201765,370205.11326360604,      0.0,370205.11326360604,   1.0
  0.05232915039612614,  -0.1016901045840642, 6.581730818156122, 48.97723898757225, 39.01741687418052,0.17703017716219438,  286.702612586021, 40.106990333201765,  370205.113039376,      0.0,  370205.113039376,   1.0
  0.05232915039612614,  -0.1016901045840642, 6.581730818156122, 48.97723798757225,39.017417874180516,0.17703017716219438,  286.702612586021, 40.106990333201765, 370205.1131555157,      0.0, 370205.1131555157,   1.0
  0.05232915039612614,  -0.1016901045840642, 6.581730818156122, 48.97723798757225, 39.01741687418052,0.17703117716219438,  286.702612586021, 40.106990333201765,370205.12009093503,      0.0,370205.12009093503,   1.0
  0.05232915039612614,  -0.1016901045840642, 6.581730818156122, 48.97723798757225, 39.01741687418052,0.17703017716219438,  286.702613586021, 40.106990333201765, 370205.1130985527,      0.0, 370205.1130985527,   1.0
  0.05232915039612614,  -0.1016901045840642, 6.581730818156122, 48.97723798757225, 39.01741687418052,0.17703017716219438,  286.702612586021,  40.10699133320176,370205.11314419075,      0.0,370205.11314419075,   1.0
 0.057894399577994735, -0.10429698121435572,7.4932524330956785,48.345759973461206, 38.92035001551866,0.17330455546642332, 286.2822323019613,  40.03507450273509,370286.83780380595,      0.0,370286.83780380595,   1.0
 0.057895399577994736, -0.10429698121435572,7.4932524330956785,48.345759973461206, 38.92035001551866,0.17330455546642332, 286.2822323019613,  40.03507450273509,370286.82061335753,      0.0,370286.82061335753,   1.0
 0.057894399577994735, -0.10429598121435572,7.4932524330956785,48.345759973461206, 38.92035001551866,0.17330455546642332, 286.2822323019613,  40.03507450273509, 370286.8301443459,      0.0, 370286.8301443459,   1.0
 0.057894399577994735, -0.10429698121435572, 7.493253433095679,48.345759973461206, 38.92035001551866,0.17330455546642332, 286.2822323019613,  40.03507450273509, 370286.8379210279,      0.0, 370286.8379210279,   1.0
 0.057894399577994735, -0.10429698121435572,7.4932524330956785,  48.3457609734612, 38.92035001551866,0.17330455546642332, 286.2822323019613,  40.03507450273509,370286.83772459434,      0.0,370286.83772459434,   1.0
 0.057894399577994735, -0.10429698121435572,7.4932524330956785,48.345759973461206,38.920351015518655,0.17330455546642332, 286.2822323019613,  40.03507450273509,370286.83783245325,      0.0,370286.83783245325,   1.0
 0.057894399577994735, -0.10429698121435572,7.4932524330956785,48.345759973461206, 38.92035001551866,0.17330555546642332, 286.2822323019613,  40.03507450273509,370286.84396694927,      0.0,370286.84396694927,   1.0
 0.057894399577994735, -0.10429698121435572,7.4932524330956785,48.345759973461206, 38.92035001551866,0.17330455546642332, 286.2822333019613,  40.03507450273509,370286.83777781227,      0.0,370286.83777781227,   1.0
 0.057894399577994735, -0.10429698121435572,7.4932524330956785,48.345759973461206, 38.92035001551866,0.17330455546642332, 286.2822323019613,  40.03507550273509, 370286.8378238853,      0.0, 370286.8378238853,   1.0
  0.06630152717090095, -0.10450073215927087,10.563314382623165, 46.44087636321486,39.112531402642325,0.16163082735700532,285.61924658637884,  39.89264155643888,370511.23961638194,      0.0,370511.23961638194,   1.0
  0.06630252717090095, -0.10450073215927087,10.563314382623165, 46.44087636321486,39.112531402642325,0.16163082735700532,285.61924658637884,  39.89264155643888,370511.22665243776,      0.0,370511.22665243776,   1.0
  0.06630152717090095, -0.10449973215927087,10.563314382623165, 46.44087636321486,39.112531402642325,0.16163082735700532,285.61924658637884,  39.89264155643888,370511.24316283246,      0.0,370511.24316283246,   1.0
  0.06630152717090095, -0.10450073215927087,10.563315382623164, 46.44087636321486,39.112531402642325,0.16163082735700532,285.61924658637884,  39.89264155643888, 370511.2396784181,      0.0, 370511.2396784181,   1.0
  0.06630152717090095, -0.10450073215927087,10.563314382623165, 46.44087736321486,39.112531402642325,0.16163082735700532,285.61924658637884,  39.89264155643888, 370511.2395495796,      0.0, 370511.2395495796,   1.0
  0.06630152717090095, -0.10450073215927087,10.563314382623165, 46.44087636321486, 39.11253240264232,0.16163082735700532,285.61924658637884,  39.89264155643888, 370511.2396423889,      0.0, 370511.2396423889,   1.0
  0.06630152717090095, -0.10450073215927087,10.563314382623165, 46.44087636321486,39.112531402642325,0.16163182735700532,285.61924658637884,  39.89264155643888, 370511.2478521852,      0.0, 370511.2478521852,   1.0
  0.06630152717090095, -0.10450073215927087,10.563314382623165, 46.44087636321486,39.112531402642325,0.16163082735700532,285.61924758637883,  39.89264155643888,370511.23959522555,      0.0,370511.23959522555,   1.0
  0.06630152717090095, -0.10450073215927087,10.563314382623165, 46.44087636321486,39.112531402642325,0.16163082735700532,285.61924658637884,  39.89264255643888,370511.23964297265,      0.0,370511.23964297265,   1.0
  0.06805963127298657, -0.09751303165354966,13.791536281148968,    44.46013990757, 39.50163353537354,0.15808633141183184, 284.9545326100107,  40.12283349954574,370638.74784666795,      0.0,370638.74784666795,   1.0
  0.06806063127298657, -0.09751303165354966,13.791536281148968,    44.46013990757, 39.50163353537354,0.15808633141183184, 284.9545326100107,  40.12283349954574, 370638.7341489628,      0.0, 370638.7341489628,   1.0
  0.06805963127298657, -0.09751203165354966,13.791536281148968,    44.46013990757, 39.50163353537354,0.15808633141183184, 284.9545326100107,  40.12283349954574, 370638.7509997861,      0.0, 370638.7509997861,   1.0
  0.06805963127298657, -0.09751303165354966,13.791537281148967,    44.46013990757, 39.50163353537354,0.15808633141183184, 284.9545326100107,  40.12283349954574, 370638.7478729014,      0.0, 370638.7478729014,   1.0
  0.06805963127298657, -0.09751303165354966,13.791536281148968,    44.46014090757, 39.50163353537354,0.15808633141183184, 284.9545326100107,  40.12283349954574,370638.74797348265,      0.0,370638.74797348265,   1.0
  0.06805963127298657, -0.09751303165354966,13.791536281148968,    44.46013990757, 39.50163453537354,0.15808633141183184, 284.9545326100107,  40.12283349954574, 370638.7478684874,      0.0, 370638.7478684874,   1.0
  0.06805963127298657, -0.09751303165354966,13.791536281148968,    44.46013990757, 39.50163353537354,0.15808733141183184, 284.9545326100107,  40.12283349954574, 370638.7293752909,      0.0, 370638.7293752909,   1.0
  0.06805963127298657, -0.09751303165354966,13.791536281148968,    44.46013990757, 39.50163353537354,0.15808633141183184, 284.9545336100107,  40.12283349954574, 370638.7478706401,      0.0, 370638.7478706401,   1.0
  0.06805963127298657, -0.09751303165354966,13.791536281148968,    44.46013990757, 39.50163353537354,0.15808633141183184, 284.9545326100107,  40.12283449954574,   370638.74788341,      0.0,   370638.74788341,   1.0
  0.05790811553055765, -0.08843349151762134,15.048431082816306,44.045247251707956, 40.42562321166103,0.15124132791255915, 285.9234806588475, 40.206327670412115, 370793.2846907263,      0.0, 370793.2846907263,   1.0
  0.05790911553055765, -0.08843349151762134,15.048431082816306,44.045247251707956, 40.42562321166103,0.15124132791255915, 285.9234806588475, 40.206327670412115, 370793.2881270513,      0.0, 370793.2881270513,   1.0
  0.05790811553055765, -0.08843249151762134,15.048431082816306,44.045247251707956, 40.42562321166103,0.15124132791255915, 285.9234806588475, 40.206327670412115,  370793.295868566,      0.0,  370793.295868566,   1.0
  0.05790811553055765, -0.08843349151762134,15.048432082816305,44.045247251707956, 40.42562321166103,0.15124132791255915, 285.9234806588475, 40.206327670412115, 370793.2846679379,      0.0, 370793.2846679379,   1.0
  0.05790811553055765, -0.08843349151762134,15.048431082816306, 44.04524825170795, 40.42562321166103,0.15124132791255915, 285.9234806588475, 40.206327670412115,370793.28469406447,      0.0,370793.28469406447,   1.0
  0.05790811553055765, -0.08843349151762134,15.048431082816306,44.045247251707956, 40.42562421166103,0.15124132791255915, 285.9234806588475, 40.206327670412115,370793.28466692875,      0.0,370793.28466692875,   1.0
  0.05790811553055765, -0.08843349151762134,15.048431082816306,44.045247251707956, 40.42562321166103,0.15124232791255915, 285.9234806588475, 40.206327670412115,370793.28832043393,      0.0,370793.28832043393,   1.0
  0.05790811553055765, -0.08843349151762134,15.048431082816306,44.045247251707956, 40.42562321166103,0.15124132791255915, 285.9234816588475, 40.206327670412115, 370793.2846852158,      0.0, 370793.2846852158,   1.0
  0.05790811553055765, -0.08843349151762134,15.048431082816306,44.045247251707956, 40.42562321166103,0.15124132791255915, 285.9234806588475,  40.20632867041211,370793.28470505174,      0.0,370793.28470505174,   1.0
  0.05266596296494336, -0.08523210556973033,14.146917815052307,44.479340609774425, 40.12763415891093,0.15440424087861515,285.67673658699476,  40.33289038461647, 370831.4321636024,      0.0, 370831.4321636024,   1.0
  0.05266696296494336, -0.08523210556973033,14.146917815052307,44.479340609774425, 40.12763415891093,0.15440424087861515,285.67673658699476,  40.33289038461647,370831.43295220064,      0.0,370831.43295220064,   1.0
  0.05266596296494336, -0.08523110556973033,14.146917815052307,44.479340609774425, 40.12763415891093,0.15440424087861515,285.67673658699476,  40.33289038461647,370831.43560072494,      0.0,370831.43560072494,   1.0
  0.05266596296494336, -0.08523210556973033,14.146918815052306,44.479340609774425, 40.12763415891093,0.15440424087861515,285.67673658699476,  40.33289038461647, 370831.4321680354,      0.0, 370831.4321680354,   1.0
  0.05266596296494336, -0.08523210556973033,14.146917815052307, 44.47934160977442, 40.12763415891093,0.15440424087861515,285.67673658699476,  40.33289038461647,370831.43217395537,      0.0,370831.43217395537,   1.0
  0.05266596296494336, -0.08523210556973033,14.146917815052307,44.479340609774425, 40.12763515891093,0.15440424087861515,285.67673658699476,  40.33289038461647,370831.43215356313,      0.0,370831.43215356313,   1.0
  0.05266596296494336, -0.08523210556973033,14.146917815052307,44.479340609774425, 40.12763415891093,0.15440524087861515,285.67673658699476,  40.33289038461647, 370831.4328318106,      0.0, 370831.4328318106,   1.0
  0.05266596296494336, -0.08523210556973033,14.146917815052307,44.479340609774425, 40.12763415891093,0.15440424087861515,285.67673758699476,  40.33289038461647, 370831.4321597854,      0.0, 370831.4321597854,   1.0
  0.05266596296494336, -0.08523210556973033,14.146917815052307,44.479340609774425, 40.12763415891093,0.15440424087861515,285.67673658699476,  40.33289138461647, 370831.4321709019,      0.0, 370831.4321709019,   1.0
  0.05042889056843675, -0.08261747461456596,14.203516771884779, 44.37326316024622,  40.0010859155401,0.15378978436828483, 285.4122414784995,  40.39684985646216,370835.42809189146,      0.0,370835.42809189146,   1.0
 0.050429890568436754, -0.08261747461456596,14.203516771884779, 44.37326316024622,  40.0010859155401,0.15378978436828483, 285.4122414784995,  40.39684985646216, 370835.4276702777,      0.0, 370835.4276702777,   1.0
  0.05042889056843675, -0.08261647461456596,14.203516771884779, 44.37326316024622,  40.0010859155401,0.15378978436828483, 285.4122414784995,  40.39684985646216, 370835.4274404212,      0.0, 370835.4274404212,   1.0
  0.05042889056843675, -0.08261747461456596,14.203517771884778, 44.37326316024622,  40.0010859155401,0.15378978436828483, 285.4122414784995,  40.39684985646216,370835.42810366175,      0.0,370835.42810366175,   1.0
  0.05042889056843675, -0.08261747461456596,14.203516771884779,44.373264160246215,  40.0010859155401,0.15378978436828483, 285.4122414784995,  40.39684985646216,370835.42811183684,      0.0,370835.42811183684,   1.0
  0.05042889056843675, -0.08261747461456596,14.203516771884779, 44.37326316024622,  40.0010869155401,0.15378978436828483, 285.4122414784995,  40.39684985646216, 370835.4280886656,      0.0, 370835.4280886656,   1.0
  0.05042889056843675, -0.08261747461456596,14.203516771884779, 44.37326316024622,  40.0010859155401,0.15379078436828483, 285.4122414784995,  40.39684985646216, 370835.4276947295,      0.0, 370835.4276947295,   1.0
  0.05042889056843675, -0.08261747461456596,14.203516771884779, 44.37326316024622,  40.0010859155401,0.15378978436828483, 285.4122424784995,  40.39684985646216,370835.42809022486,      0.0,370835.42809022486,   1.0
  0.05042889056843675, -0.08261747461456596,14.203516771884779, 44.37326316024622,  40.0010859155401,0.15378978436828483, 285.4122414784995,  40.39685085646216,370835.42809744447,      0.0,370835.42809744447,   1.0
  0.05038347205143537, -0.08274917106252941,14.183889924504513,  44.3954494097079,40.021905981620385,0.15390473081416692,  285.450817291623,  40.39861193125704, 370835.5062160503,      0.0, 370835.5062160503,   1.0
  0.05038447205143537, -0.08274917106252941,14.183889924504513,  44.3954494097079,40.021905981620385,0.15390473081416692,  285.450817291623,  40.39861193125704, 370835.5063010572,      0.0, 370835.5063010572,   1.0
  0.05038347205143537, -0.08274817106252941,14.183889924504513,  44.3954494097079,40.021905981620385,0.15390473081416692,  285.450817291623,  40.39861193125704,370835.50620245014,      0.0,370835.50620245014,   1.0
  0.05038347205143537, -0.08274917106252941,14.183890924504512,  44.3954494097079,40.021905981620385,0.15390473081416692,  285.450817291623,  40.39861193125704, 370835.5062264159,      0.0, 370835.5062264159,   1.0
  0.05038347205143537, -0.08274917106252941,14.183889924504513,  44.3954504097079,40.021905981620385,0.15390473081416692,  285.450817291623,  40.39861193125704,370835.50623385457,      0.0,370835.50623385457,   1.0
  0.05038347205143537, -0.08274917106252941,14.183889924504513,  44.3954494097079, 40.02190698162038,0.15390473081416692,  285.450817291623,  40.39861193125704,370835.50621169375,      0.0,370835.50621169375,   1.0
  0.05038347205143537, -0.08274917106252941,14.183889924504513,  44.3954494097079,40.021905981620385,0.15390573081416692,  285.450817291623,  40.39861193125704, 370835.5060634933,      0.0, 370835.5060634933,   1.0
  0.05038347205143537, -0.08274917106252941,14.183889924504513,  44.3954494097079,40.021905981620385,0.15390473081416692,  285.450818291623,  40.39861193125704,370835.50621390773,      0.0,370835.50621390773,   1.0
  0.05038347205143537, -0.08274917106252941,14.183889924504513,  44.3954494097079,40.021905981620385,0.15390473081416692,  285.450817291623, 40.398612931257034, 370835.5062212012,      0.0, 370835.5062212012,   1.0
  0.05039854030950112,  -0.0827692699900252,14.182469256706849, 44.39541448982255,  40.0206185257381,0.15387778793775675,285.44768527965516,  40.40090234744754, 370835.5192433695,      0.0, 370835.5192433695,   1.0
  0.05039954030950112,  -0.0827692699900252,14.182469256706849, 44.39541448982255,  40.0206185257381,0.15387778793775675,285.44768527965516,  40.40090234744754,  370835.519336609,      0.0,  370835.519336609,   1.0
  0.05039854030950112, -0.08276826999002519,14.182469256706849, 44.39541448982255,  40.0206185257381,0.15387778793775675,285.44768527965516,  40.40090234744754,370835.51925774093,      0.0,370835.51925774093,   1.0
  0.05039854030950112,  -0.0827692699900252,14.182470256706848, 44.39541448982255,  40.0206185257381,0.15387778793775675,285.44768527965516,  40.40090234744754, 370835.5192536975,      0.0, 370835.5192536975,   1.0
  0.05039854030950112,  -0.0827692699900252,14.182469256706849, 44.39541548982255,  40.0206185257381,0.15387778793775675,285.44768527965516,  40.40090234744754, 370835.5192607072,      0.0, 370835.5192607072,   1.0
  0.05039854030950112,  -0.0827692699900252,14.182469256706849, 44.39541448982255,  40.0206195257381,0.15387778793775675,285.44768527965516,  40.40090234744754, 370835.5192390597,      0.0, 370835.5192390597,   1.0
  0.05039854030950112,  -0.0827692699900252,14.182469256706849, 44.39541448982255,  40.0206185257381,0.15387878793775675,285.44768527965516,  40.40090234744754,370835.51917253324,      0.0,370835.51917253324,   1.0
  0.05039854030950112,  -0.0827692699900252,14.182469256706849, 44.39541448982255,  40.0206185257381,0.15387778793775675,285.44768627965516,  40.40090234744754, 370835.5192411212,      0.0, 370835.5192411212,   1.0
  0.05039854030950112,  -0.0827692699900252,14.182469256706849, 44.39541448982255,  40.0206185257381,0.15387778793775675,285.44768527965516,  40.40090334744754,370835.51924835844,      0.0,370835.51924835844,   1.0
   0.0504521983668683, -0.08285106450586632,14.178118588603725, 44.39108453471879, 40.01423201139262,0.15375021456432322, 285.4212115085088,  40.42669285931749, 370835.5940528913,      0.0, 370835.5940528913,   1.0
 0.050453198366868304, -0.08285106450586632,14.178118588603725, 44.39108453471879, 40.01423201139262,0.15375021456432322, 285.4212115085088,  40.42669285931749, 370835.5942277867,      0.0, 370835.5942277867,   1.0
   0.0504521983668683, -0.08285006450586632,14.178118588603725, 44.39108453471879, 40.01423201139262,0.15375021456432322, 285.4212115085088,  40.42669285931749, 370835.5942348292,      0.0, 370835.5942348292,   1.0
   0.0504521983668683, -0.08285106450586632,14.178119588603725, 44.39108453471879, 40.01423201139262,0.15375021456432322, 285.4212115085088,  40.42669285931749, 370835.5940628946,      0.0, 370835.5940628946,   1.0
   0.0504521983668683, -0.08285106450586632,14.178118588603725, 44.39108553471879, 40.01423201139262,0.15375021456432322, 285.4212115085088,  40.42669285931749,370835.59406870493,      0.0,370835.59406870493,   1.0
   0.0504521983668683, -0.08285106450586632,14.178118588603725, 44.39108453471879, 40.01423301139262,0.15375021456432322, 285.4212115085088,  40.42669285931749, 370835.5940488212,      0.0, 370835.5940488212,   1.0
   0.0504521983668683, -0.08285106450586632,14.178118588603725, 44.39108453471879, 40.01423201139262,0.15375121456432322, 285.4212115085088,  40.42669285931749,370835.59426409856,      0.0,370835.59426409856,   1.0
   0.0504521983668683, -0.08285106450586632,14.178118588603725, 44.39108453471879, 40.01423201139262,0.15375021456432322, 285.4212125085088,  40.42669285931749, 370835.5940503074,      0.0, 370835.5940503074,   1.0
   0.0504521983668683, -0.08285106450586632,14.178118588603725, 44.39108453471879, 40.01423201139262,0.15375021456432322, 285.4212115085088,  40.42669385931749, 370835.5940564496,      0.0, 370835.5940564496,   1.0
 0.050489165829011175, -0.08287777379236633,14.176206390181038,44.387392649145625,40.014028460331836,0.15371095501083762, 285.4011444375014,  40.45614673899608, 370835.6445211314,      0.0, 370835.6445211314,   1.0
 0.050490165829011176, -0.08287777379236633,14.176206390181038,44.387392649145625,40.014028460331836,0.15371095501083762, 285.4011444375014,  40.45614673899608, 370835.6446348412,      0.0, 370835.6446348412,   1.0
 0.050489165829011175, -0.08287677379236633,14.176206390181038,44.387392649145625,40.014028460331836,0.15371095501083762, 285.4011444375014,  40.45614673899608,   370835.64466733,      0.0,   370835.64466733,   1.0
 0.050489165829011175, -0.08287777379236633,14.176207390181037,44.387392649145625,40.014028460331836,0.15371095501083762, 285.4011444375014,  40.45614673899608,370835.64453128236,      0.0,370835.64453128236,   1.0
 0.050489165829011175, -0.08287777379236633,14.176206390181038, 44.38739364914562,40.014028460331836,0.15371095501083762, 285.4011444375014,  40.45614673899608,370835.64453680365,      0.0,370835.64453680365,   1.0
 0.050489165829011175, -0.08287777379236633,14.176206390181038,44.387392649145625,40.014029460331834,0.15371095501083762, 285.4011444375014,  40.45614673899608, 370835.6445170118,      0.0, 370835.6445170118,   1.0
 0.050489165829011175, -0.08287777379236633,14.176206390181038,44.387392649145625,40.014028460331836,0.15371195501083762, 285.4011444375014,  40.45614673899608,370835.64476230444,      0.0,370835.64476230444,   1.0
 0.050489165829011175, -0.08287777379236633,14.176206390181038,44.387392649145625,40.014028460331836,0.15371095501083762, 285.4011454375014,  40.45614673899608, 370835.6445185333,      0.0, 370835.6445185333,   1.0
 0.050489165829011175, -0.08287777379236633,14.176206390181038,44.387392649145625,40.014028460331836,0.15371095501083762, 285.4011444375014,  40.45614773899608,370835.64452321123,      0.0,370835.64452321123,   1.0
  0.05019607993158829, -0.08287158799091496,14.146036572427779,44.383557566537874,39.973551619051754, 0.1537823767639268,  285.325633613319,   40.4878056895957,370835.47533174756,      0.0,370835.47533174756,   1.0
  0.05019707993158829, -0.08287158799091496,14.146036572427779,44.383557566537874,39.973551619051754, 0.1537823767639268,  285.325633613319,   40.4878056895957, 370835.4762626346,      0.0, 370835.4762626346,   1.0
  0.05019607993158829, -0.08287058799091496,14.146036572427779,44.383557566537874,39.973551619051754, 0.1537823767639268,  285.325633613319,   40.4878056895957, 370835.4762684236,      0.0, 370835.4762684236,   1.0
  0.05019607993158829, -0.08287158799091496,14.146037572427778,44.383557566537874,39.973551619051754, 0.1537823767639268,  285.325633613319,   40.4878056895957,370835.47533998557,      0.0,370835.47533998557,   1.0
  0.05019607993158829, -0.08287158799091496,14.146036572427779, 44.38355856653787,39.973551619051754, 0.1537823767639268,  285.325633613319,   40.4878056895957,370835.47535132663,      0.0,370835.47535132663,   1.0
  0.05019607993158829, -0.08287158799091496,14.146036572427779,44.383557566537874, 39.97355261905175, 0.1537823767639268,  285.325633613319,   40.4878056895957,370835.47532991314,      0.0,370835.47532991314,   1.0
  0.05019607993158829, -0.08287158799091496,14.146036572427779,44.383557566537874,39.973551619051754, 0.1537833767639268,  285.325633613319,   40.4878056895957, 370835.4749523624,      0.0, 370835.4749523624,   1.0
  0.05019607993158829, -0.08287158799091496,14.146036572427779,44.383557566537874,39.973551619051754, 0.1537823767639268,  285.325634613319,   40.4878056895957,370835.47533006215,      0.0,370835.47533006215,   1.0
  0.05019607993158829, -0.08287158799091496,14.146036572427779,44.383557566537874,39.973551619051754, 0.1537823767639268,  285.325633613319,   40.4878066895957,370835.47533275577,      0.0,370835.47533275577,   1.0
  0.05045734624997154, -0.08287710221587652,14.172930930975895,44.386976284130334, 40.00963399419849,0.15371870908613622, 285.3929464223135, 40.459583869508926, 370835.6470484199,      0.0, 370835.6470484199,   1.0
  0.05045834624997154, -0.08287710221587652,14.172930930975895,44.386976284130334, 40.00963399419849,0.15371870908613622, 285.3929464223135, 40.459583869508926,370835.64725109463,      0.0,370835.64725109463,   1.0
  0.05045734624997154, -0.08287610221587652,14.172930930975895,44.386976284130334, 40.00963399419849,0.15371870908613622, 285.3929464223135, 40.459583869508926,370835.64728065254,      0.0,370835.64728065254,   1.0
  0.05045734624997154, -0.08287710221587652,14.172931930975894,44.386976284130334, 40.00963399419849,0.15371870908613622, 285.3929464223135, 40.459583869508926, 370835.6470583625,      0.0, 370835.6470583625,   1.0
  0.05045734624997154, -0.08287710221587652,14.172930930975895, 44.38697728413033, 40.00963399419849,0.15371870908613622, 285.3929464223135, 40.459583869508926, 370835.6470645167,      0.0, 370835.6470645167,   1.0
  0.05045734624997154, -0.08287710221587652,14.172930930975895,44.386976284130334,40.009634994198485,0.15371870908613622, 285.3929464223135, 40.459583869508926, 370835.6470445489,      0.0, 370835.6470445489,   1.0
  0.05045734624997154, -0.08287710221587652,14.172930930975895,44.386976284130334, 40.00963399419849,0.15371970908613622, 285.3929464223135, 40.459583869508926, 370835.6472221175,      0.0, 370835.6472221175,   1.0
  0.05045734624997154, -0.08287710221587652,14.172930930975895,44.386976284130334, 40.00963399419849,0.15371870908613622, 285.3929474223135, 40.459583869508926,  370835.647045921,      0.0,  370835.647045921,   1.0
  0.05045734624997154, -0.08287710221587652,14.172930930975895,44.386976284130334, 40.00963399419849,0.15371870908613622, 285.3929464223135,  40.45958486950892,370835.64705038274,      0.0,370835.64705038274,   1.0
  0.05050717144541468, -0.08286359516362946,14.181022597496144,  44.3806355183596, 40.01327889740169,0.15370958246197947,   285.38449218187,  40.47606860408738, 370835.6638496037,      0.0, 370835.6638496037,   1.0
  0.05050817144541468, -0.08286359516362946,14.181022597496144,  44.3806355183596, 40.01327889740169,0.15370958246197947,   285.38449218187,  40.47606860408738, 370835.6638844737,      0.0, 370835.6638844737,   1.0
  0.05050717144541468, -0.08286259516362945,14.181022597496144,  44.3806355183596, 40.01327889740169,0.15370958246197947,   285.38449218187,  40.47606860408738,370835.66390935995,      0.0,370835.66390935995,   1.0
  0.05050717144541468, -0.08286359516362946,14.181023597496143,  44.3806355183596, 40.01327889740169,0.15370958246197947,   285.38449218187,  40.47606860408738,370835.66385992186,      0.0,370835.66385992186,   1.0
  0.05050717144541468, -0.08286359516362946,14.181022597496144,44.380636518359594, 40.01327889740169,0.15370958246197947,   285.38449218187,  40.47606860408738,370835.66386637435,      0.0,370835.66386637435,   1.0
  0.05050717144541468, -0.08286359516362946,14.181022597496144,  44.3806355183596, 40.01327989740169,0.15370958246197947,   285.38449218187,  40.47606860408738, 370835.6638455212,      0.0, 370835.6638455212,   1.0
  0.05050717144541468, -0.08286359516362946,14.181022597496144,  44.3806355183596, 40.01327889740169,0.15371058246197947,   285.38449218187,  40.47606860408738,370835.66392430983,      0.0,370835.66392430983,   1.0
  0.05050717144541468, -0.08286359516362946,14.181022597496144,  44.3806355183596, 40.01327889740169,0.15370958246197947,285.38449318186997,  40.47606860408738, 370835.6638472679,      0.0, 370835.6638472679,   1.0
  0.05050717144541468, -0.08286359516362946,14.181022597496144,  44.3806355183596, 40.01327889740169,0.15370958246197947,   285.38449218187,  40.47606960408738, 370835.6638508209,      0.0, 370835.6638508209,   1.0
  0.05050045233547293, -0.08284877226074755,14.181525051093626, 44.38139833920972, 40.01590081810093,0.15373630832110236, 285.3879338348748,  40.47685068483917, 370835.6658185433,      0.0, 370835.6658185433,   1.0
  0.05050145233547293, -0.08284877226074755,14.181525051093626, 44.38139833920972, 40.01590081810093,0.15373630832110236, 285.3879338348748,  40.47685068483917,370835.66582203703,      0.0,370835.66582203703,   1.0
  0.05050045233547293, -0.08284777226074755,14.181525051093626, 44.38139833920972, 40.01590081810093,0.15373630832110236, 285.3879338348748,  40.47685068483917, 370835.6658306486,      0.0, 370835.6658306486,   1.0
  0.05050045233547293, -0.08284877226074755,14.181526051093625, 44.38139833920972, 40.01590081810093,0.15373630832110236, 285.3879338348748,  40.47685068483917, 370835.6658289706,      0.0, 370835.6658289706,   1.0
  0.05050045233547293, -0.08284877226074755,14.181525051093626,44.381399339209715, 40.01590081810093,0.15373630832110236, 285.3879338348748,  40.47685068483917,  370835.665835607,      0.0,  370835.665835607,   1.0
  0.05050045233547293, -0.08284877226074755,14.181525051093626, 44.38139833920972, 40.01590181810093,0.15373630832110236, 285.3879338348748,  40.47685068483917,370835.66581433127,      0.0,370835.66581433127,   1.0
  0.05050045233547293, -0.08284877226074755,14.181525051093626, 44.38139833920972, 40.01590081810093,0.15373730832110236, 285.3879338348748,  40.47685068483917,370835.66583536915,      0.0,370835.66583536915,   1.0
  0.05050045233547293, -0.08284877226074755,14.181525051093626, 44.38139833920972, 40.01590081810093,0.15373630832110236, 285.3879348348748,  40.47685068483917,370835.66581627616,      0.0,370835.66581627616,   1.0
  0.05050045233547293, -0.08284877226074755,14.181525051093626, 44.38139833920972, 40.01590081810093,0.15373630832110236, 285.3879338348748,  40.47685168483917,370835.66581974603,      0.0,370835.66581974603,   1.0
  0.05049156191709122, -0.08284066804590873,14.181107860725662,44.382619754550085, 40.01767041194005, 0.1537566549021592,285.39137116984244,  40.47615308176252, 370835.6663627512,      0.0, 370835.6663627512,   1.0
  0.05049256191709122, -0.08284066804590873,14.181107860725662,44.382619754550085, 40.01767041194005, 0.1537566549021592,285.39137116984244,  40.47615308176252,370835.66636207805,      0.0,370835.66636207805,   1.0
  0.05049156191709122, -0.08283966804590873,14.181107860725662,44.382619754550085, 40.01767041194005, 0.1537566549021592,285.39137116984244,  40.47615308176252,  370835.666360949,      0.0,  370835.666360949,   1.0
  0.05049156191709122, -0.08284066804590873,14.181108860725661,44.382619754550085, 40.01767041194005, 0.1537566549021592,285.39137116984244,  40.47615308176252, 370835.6663732119,      0.0, 370835.6663732119,   1.0
  0.05049156191709122, -0.08284066804590873,14.181107860725662, 44.38262075455008, 40.01767041194005, 0.1537566549021592,285.39137116984244,  40.47615308176252, 370835.6663799457,      0.0, 370835.6663799457,   1.0
  0.05049156191709122, -0.08284066804590873,14.181107860725662,44.382619754550085, 40.01767141194005, 0.1537566549021592,285.39137116984244,  40.47615308176252, 370835.6663584531,      0.0, 370835.6663584531,   1.0
  0.05049156191709122, -0.08284066804590873,14.181107860725662,44.382619754550085, 40.01767041194005, 0.1537576549021592,285.39137116984244,  40.47615308176252, 370835.6663493897,      0.0, 370835.6663493897,   1.0
  0.05049156191709122, -0.08284066804590873,14.181107860725662,44.382619754550085, 40.01767041194005, 0.1537566549021592,285.39137216984244,  40.47615308176252, 370835.6663605145,      0.0, 370835.6663605145,   1.0
  0.05049156191709122, -0.08284066804590873,14.181107860725662,44.382619754550085, 40.01767041194005, 0.1537566549021592,285.39137116984244, 40.476154081762516, 370835.6663639968,      0.0, 370835.6663639968,   1.0
  0.05049156191709122, -0.08284066804590873,14.181107860725662,44.382619754550085, 40.01767041194005, 0.1537566549021592,285.39137116984244,  40.47615308176252, 370835.6663627512,      0.0, 370835.6663627512,   1.0
