            centre_ra,           centre_dec,               v_sys,       inclination,               phi,    turnover_radius,  maximum_velocity,velocity_dispersion,    log_likelihood,log_prior,     log_posterior,weight
     0.00427334416972,    -0.00422702814922,   -0.37035848300966, 49.73186242089089, 37.92316601932035,   0.30909052799326, 274.8592960307886,  63.57503288553416, 345384.0247863179,      0.0, 345384.0247863179,   1.0
     0.00427334416972,    -0.00422702814922,   -0.37035848300966, 49.73186242089089, 37.92316601932035,   0.30909052799326, 274.8592960307886,  63.57503288553416, 345384.0247863179,      0.0, 345384.0247863179,   1.0
0.0042743441697200004,    -0.00422702814922,   -0.37035848300966, 49.73186242089089, 37.92316601932035,   0.30909052799326, 274.8592960307886,  63.57503288553416, 345383.9196102883,      0.0, 345383.9196102883,   1.0
     0.00427334416972,    -0.00422602814922,   -0.37035848300966, 49.73186242089089, 37.92316601932035,   0.30909052799326, 274.8592960307886,  63.57503288553416, 345383.8525667745,      0.0, 345383.8525667745,   1.0
     0.00427334416972,    -0.00422702814922,-0.37035748300966004, 49.73186242089089, 37.92316601932035,   0.30909052799326, 274.8592960307886,  63.57503288553416, 345384.0254339229,      0.0, 345384.0254339229,   1.0
     0.00427334416972,    -0.00422702814922,   -0.37035848300966, 49.73186342089089, 37.92316601932035,   0.30909052799326, 274.8592960307886,  63.57503288553416,345384.02521081833,      0.0,345384.02521081833,   1.0
     0.00427334416972,    -0.00422702814922,   -0.37035848300966, 49.73186242089089,37.923167019320346,   0.30909052799326, 274.8592960307886,  63.57503288553416,  345384.025135788,      0.0,  345384.025135788,   1.0
     0.00427334416972,    -0.00422702814922,   -0.37035848300966, 49.73186242089089, 37.92316601932035,0.30909152799325995, 274.8592960307886,  63.57503288553416, 345383.9575317095,      0.0, 345383.9575317095,   1.0
     0.00427334416972,    -0.00422702814922,   -0.37035848300966, 49.73186242089089, 37.92316601932035,   0.30909052799326, 274.8592970307886,  63.57503288553416, 345384.0249179759,      0.0, 345384.0249179759,   1.0
     0.00427334416972,    -0.00422702814922,   -0.37035848300966, 49.73186242089089, 37.92316601932035,   0.30909052799326, 274.8592960307886,  63.57503388553416, 345384.0247058158,      0.0, 345384.0247058158,   1.0
 -0.29999939999999997, -0.29999939999999997,            59.99988,          79.99994,         169.99974,         0.02000058,         499.99955,           5.000115,38594.600156098255,      0.0,38594.600156098255,   1.0
           -0.2999984, -0.29999939999999997,            59.99988,          79.99994,         169.99974,         0.02000058,         499.99955,           5.000115, 38595.69471777789,      0.0, 38595.69471777789,   1.0
 -0.29999939999999997,           -0.2999984,            59.99988,          79.99994,         169.99974,         0.02000058,         499.99955,           5.000115,  38594.5117655308,      0.0,  38594.5117655308,   1.0
 -0.29999939999999997, -0.29999939999999997,           59.999879,          79.99994,         169.99974,         0.02000058,         499.99955,           5.000115, 38594.60044665029,      0.0, 38594.60044665029,   1.0
 -0.29999939999999997, -0.29999939999999997,            59.99988,         79.999939,         169.99974,         0.02000058,         499.99955,           5.000115,38594.622963601374,      0.0,38594.622963601374,   1.0
 -0.29999939999999997, -0.29999939999999997,            59.99988,          79.99994,        169.999739,         0.02000058,         499.99955,           5.000115,38594.596239394275,      0.0,38594.596239394275,   1.0
 -0.29999939999999997, -0.29999939999999997,            59.99988,          79.99994,         169.99974,         0.02000158,         499.99955,           5.000115,  38594.5472354067,      0.0,  38594.5472354067,   1.0
 -0.29999939999999997, -0.29999939999999997,            59.99988,          79.99994,         169.99974,         0.02000058,        499.999549,           5.000115, 38594.59966820135,      0.0, 38594.59966820135,   1.0
 -0.29999939999999997, -0.29999939999999997,            59.99988,          79.99994,         169.99974,         0.02000058,         499.99955,           5.000116, 38594.60550005379,      0.0, 38594.60550005379,   1.0
  -0.0497564530432351, -0.05674741184608716,  10.349601833630988,55.106573514675425,61.376040604687624, 0.2577567441901757, 314.8375145847469,  53.17386815500009,345273.47858314175,      0.0,345273.47858314175,   1.0
  -0.0497554530432351, -0.05674741184608716,  10.349601833630988,55.106573514675425,61.376040604687624, 0.2577567441901757, 314.8375145847469,  53.17386815500009, 345273.7845548739,      0.0, 345273.7845548739,   1.0
  -0.0497564530432351, -0.05674641184608716,  10.349601833630988,55.106573514675425,61.376040604687624, 0.2577567441901757, 314.8375145847469,  53.17386815500009,345273.64234588784,      0.0,345273.64234588784,   1.0
  -0.0497564530432351, -0.05674741184608716,  10.349602833630987,55.106573514675425,61.376040604687624, 0.2577567441901757, 314.8375145847469,  53.17386815500009, 345273.4777413806,      0.0, 345273.4777413806,   1.0
  -0.0497564530432351, -0.05674741184608716,  10.349601833630988, 55.10657451467542,61.376040604687624, 0.2577567441901757, 314.8375145847469,  53.17386815500009,345273.47827991133,      0.0,345273.47827991133,   1.0
  -0.0497564530432351, -0.05674741184608716,  10.349601833630988,55.106573514675425, 61.37604160468762, 0.2577567441901757, 314.8375145847469,  53.17386815500009,345273.47751038417,      0.0,345273.47751038417,   1.0
  -0.0497564530432351, -0.05674741184608716,  10.349601833630988,55.106573514675425,61.376040604687624,0.25775774419017566, 314.8375145847469,  53.17386815500009, 345273.5266459348,      0.0, 345273.5266459348,   1.0
  -0.0497564530432351, -0.05674741184608716,  10.349601833630988,55.106573514675425,61.376040604687624, 0.2577567441901757, 314.8375155847469,  53.17386815500009, 345273.4785072963,      0.0, 345273.4785072963,   1.0
  -0.0497564530432351, -0.05674741184608716,  10.349601833630988,55.106573514675425,61.376040604687624, 0.2577567441901757, 314.8375145847469,  53.17386915500009, 345273.4786625628,      0.0, 345273.4786625628,   1.0
-0.024192389252263486,-0.031897523295495216,   5.277479347382309,52.563542366177884, 50.27937149044139,0.28204519596062455, 295.9219201890355,  58.09515330481778, 359707.1841720999,      0.0, 359707.1841720999,   1.0
-0.024191389252263485,-0.031897523295495216,   5.277479347382309,52.563542366177884, 50.27937149044139,0.28204519596062455, 295.9219201890355,  58.09515330481778,359707.20581369917,      0.0,359707.20581369917,   1.0
-0.024192389252263486,-0.031896523295495215,   5.277479347382309,52.563542366177884, 50.27937149044139,0.28204519596062455, 295.9219201890355,  58.09515330481778,359707.16895800235,      0.0,359707.16895800235,   1.0
-0.024192389252263486,-0.031897523295495216,   5.277480347382309,52.563542366177884, 50.27937149044139,0.28204519596062455, 295.9219201890355,  58.09515330481778,  359707.184173377,      0.0,  359707.184173377,   1.0
-0.024192389252263486,-0.031897523295495216,   5.277479347382309, 52.56354336617788, 50.27937149044139,0.28204519596062455, 295.9219201890355,  58.09515330481778, 359707.1844173192,      0.0, 359707.1844173192,   1.0
-0.024192389252263486,-0.031897523295495216,   5.277479347382309,52.563542366177884, 50.27937249044139,0.28204519596062455, 295.9219201890355,  58.09515330481778, 359707.1838536671,      0.0, 359707.1838536671,   1.0
-0.024192389252263486,-0.031897523295495216,   5.277479347382309,52.563542366177884, 50.27937149044139, 0.2820461959606245, 295.9219201890355,  58.09515330481778,359707.12488963926,      0.0,359707.12488963926,   1.0
-0.024192389252263486,-0.031897523295495216,   5.277479347382309,52.563542366177884, 50.27937149044139,0.28204519596062455, 295.9219211890355,  58.09515330481778, 359707.1842678692,      0.0, 359707.1842678692,   1.0
-0.024192389252263486,-0.031897523295495216,   5.277479347382309,52.563542366177884, 50.27937149044139,0.28204519596062455, 295.9219201890355, 58.095154304817775,359707.18384271296,      0.0,359707.18384271296,   1.0
-0.013001061786944252, -0.03711434470293854,  6.3909410905910535, 53.12193013418738, 52.71525591829209,0.24808142323124427,300.07454197103345,  57.01460071558958, 361273.3078470851,      0.0, 361273.3078470851,   1.0
-0.013000061786944253, -0.03711434470293854,  6.3909410905910535, 53.12193013418738, 52.71525591829209,0.24808142323124427,300.07454197103345,  57.01460071558958,361273.33676521346,      0.0,361273.33676521346,   1.0
-0.013001061786944252, -0.03711334470293854,  6.3909410905910535, 53.12193013418738, 52.71525591829209,0.24808142323124427,300.07454197103345,  57.01460071558958, 361273.3086334298,      0.0, 361273.3086334298,   1.0
-0.013001061786944252, -0.03711434470293854,   6.390942090591054, 53.12193013418738, 52.71525591829209,0.24808142323124427,300.07454197103345,  57.01460071558958, 361273.3077917687,      0.0, 361273.3077917687,   1.0
-0.013001061786944252, -0.03711434470293854,  6.3909410905910535, 53.12193113418738, 52.71525591829209,0.24808142323124427,300.07454197103345,  57.01460071558958, 361273.3078714226,      0.0, 361273.3078714226,   1.0
-0.013001061786944252, -0.03711434470293854,  6.3909410905910535, 53.12193013418738,52.715256918292084,0.24808142323124427,300.07454197103345,  57.01460071558958,  361273.307414991,      0.0,  361273.307414991,   1.0
-0.013001061786944252, -0.03711434470293854,  6.3909410905910535, 53.12193013418738, 52.71525591829209,0.24808242323124427,300.07454197103345,  57.01460071558958,361273.28380462184,      0.0,361273.28380462184,   1.0
-0.013001061786944252, -0.03711434470293854,  6.3909410905910535, 53.12193013418738, 52.71525591829209,0.24808142323124427,300.07454297103345,  57.01460071558958,  361273.307874704,      0.0,  361273.307874704,   1.0
-0.013001061786944252, -0.03711434470293854,  6.3909410905910535, 53.12193013418738, 52.71525591829209,0.24808142323124427,300.07454197103345,  57.01460171558958, 361273.3074635149,      0.0, 361273.3074635149,   1.0
 0.015585756419772204, -0.06557004409775692,   4.621755094581819,52.234990660405856,  48.8439624802782,0.20806542011467746,293.47650832534435,  58.73063645162391,362492.76205798064,      0.0,362492.76205798064,   1.0
 0.015586756419772203, -0.06557004409775692,   4.621755094581819,52.234990660405856,  48.8439624802782,0.20806542011467746,293.47650832534435,  58.73063645162391,362492.73948277533,      0.0,362492.73948277533,   1.0
 0.015585756419772204, -0.06556904409775692,   4.621755094581819,52.234990660405856,  48.8439624802782,0.20806542011467746,293.47650832534435,  58.73063645162391, 362492.7379884943,      0.0, 362492.7379884943,   1.0
 0.015585756419772204, -0.06557004409775692,   4.621756094581819,52.234990660405856,  48.8439624802782,0.20806542011467746,293.47650832534435,  58.73063645162391, 362492.7621622856,      0.0, 362492.7621622856,   1.0
 0.015585756419772204, -0.06557004409775692,   4.621755094581819, 52.23499166040585,  48.8439624802782,0.20806542011467746,293.47650832534435,  58.73063645162391, 362492.7619261161,      0.0, 362492.7619261161,   1.0
 0.015585756419772204, -0.06557004409775692,   4.621755094581819,52.234990660405856,  48.8439634802782,0.20806542011467746,293.47650832534435,  58.73063645162391, 362492.7617976894,      0.0, 362492.7617976894,   1.0
 0.015585756419772204, -0.06557004409775692,   4.621755094581819,52.234990660405856,  48.8439624802782,0.20806642011467746,293.47650832534435,  58.73063645162391, 362492.7747209873,      0.0, 362492.7747209873,   1.0
 0.015585756419772204, -0.06557004409775692,   4.621755094581819,52.234990660405856,  48.8439624802782,0.20806542011467746,293.47650932534435,  58.73063645162391,362492.76202303683,      0.0,362492.76202303683,   1.0
 0.015585756419772204, -0.06557004409775692,   4.621755094581819,52.234990660405856,  48.8439624802782,0.20806542011467746,293.47650832534435, 58.730637451623906, 362492.7615635778,      0.0, 362492.7615635778,   1.0
   0.0134236569769903, -0.08040590760140552,  3.4460164077053492, 51.64542708310766, 46.27128940195542,0.20954952398385426,289.09153580520467, 59.871069428967246, 362795.8354768249,      0.0, 362795.8354768249,   1.0
   0.0134246569769903, -0.08040590760140552,  3.4460164077053492, 51.64542708310766, 46.27128940195542,0.20954952398385426,289.09153580520467, 59.871069428967246, 362795.8427039804,      0.0, 362795.8427039804,   1.0
   0.0134236569769903, -0.08040490760140552,  3.4460164077053492, 51.64542708310766, 46.27128940195542,0.20954952398385426,289.09153580520467, 59.871069428967246, 362795.8375550208,      0.0, 362795.8375550208,   1.0
   0.0134236569769903, -0.08040590760140552,  3.4460174077053494, 51.64542708310766, 46.27128940195542,0.20954952398385426,289.09153580520467, 59.871069428967246,362795.83551270334,      0.0,362795.83551270334,   1.0
   0.0134236569769903, -0.08040590760140552,  3.4460164077053492, 51.64542808310766, 46.27128940195542,0.20954952398385426,289.09153580520467, 59.871069428967246, 362795.8354138454,      0.0, 362795.8354138454,   1.0
   0.0134236569769903, -0.08040590760140552,  3.4460164077053492, 51.64542708310766, 46.27129040195542,0.20954952398385426,289.09153580520467, 59.871069428967246,362795.83526935545,      0.0,362795.83526935545,   1.0
   0.0134236569769903, -0.08040590760140552,  3.4460164077053492, 51.64542708310766, 46.27128940195542,0.20955052398385426,289.09153580520467, 59.871069428967246, 362795.8365664561,      0.0, 362795.8365664561,   1.0
   0.0134236569769903, -0.08040590760140552,  3.4460164077053492, 51.64542708310766, 46.27128940195542,0.20954952398385426,289.09153680520467, 59.871069428967246,362795.83546164853,      0.0,362795.83546164853,   1.0
   0.0134236569769903, -0.08040590760140552,  3.4460164077053492, 51.64542708310766, 46.27128940195542,0.20954952398385426,289.09153580520467,  59.87107042896724,362795.83495778765,      0.0,362795.83495778765,   1.0
 0.015566166250174606,  -0.0811692936286125,  3.4271010916129634, 51.63591179559428,46.229781717519316,0.20946070115782933, 289.0209188963477,  59.88923561984874, 362806.1236873052,      0.0, 362806.1236873052,   1.0
 0.015567166250174605,  -0.0811692936286125,  3.4271010916129634, 51.63591179559428,46.229781717519316,0.20946070115782933, 289.0209188963477,  59.88923561984874,362806.12636863266,      0.0,362806.12636863266,   1.0
 0.015566166250174606,  -0.0811682936286125,  3.4271010916129634, 51.63591179559428,46.229781717519316,0.20946070115782933, 289.0209188963477,  59.88923561984874,362806.12217107235,      0.0,362806.12217107235,   1.0
 0.015566166250174606,  -0.0811692936286125,  3.4271020916129635, 51.63591179559428,46.229781717519316,0.20946070115782933, 289.0209188963477,  59.88923561984874, 362806.1237366762,      0.0, 362806.1237366762,   1.0
 0.015566166250174606,  -0.0811692936286125,  3.4271010916129634, 51.63591279559428,46.229781717519316,0.20946070115782933, 289.0209188963477,  59.88923561984874, 362806.1236253112,      0.0, 362806.1236253112,   1.0
 0.015566166250174606,  -0.0811692936286125,  3.4271010916129634, 51.63591179559428, 46.22978271751931,0.20946070115782933, 289.0209188963477,  59.88923561984874, 362806.1234824062,      0.0, 362806.1234824062,   1.0
 0.015566166250174606,  -0.0811692936286125,  3.4271010916129634, 51.63591179559428,46.229781717519316,0.20946170115782933, 289.0209188963477,  59.88923561984874, 362806.1245287305,      0.0, 362806.1245287305,   1.0
 0.015566166250174606,  -0.0811692936286125,  3.4271010916129634, 51.63591179559428,46.229781717519316,0.20946070115782933, 289.0209198963477,  59.88923561984874,362806.12367231434,      0.0,362806.12367231434,   1.0
 0.015566166250174606,  -0.0811692936286125,  3.4271010916129634, 51.63591179559428,46.229781717519316,0.20946070115782933, 289.0209188963477,  59.88923661984874,362806.12316728185,      0.0,362806.12316728185,   1.0
 0.019174800789856127, -0.08411097391771176,     3.3808352517978, 51.61264577318738,46.128272078488564, 0.2085969166226313,288.84820613285166,  59.93371422625427, 362814.4362287197,      0.0, 362814.4362287197,   1.0
 0.019175800789856128, -0.08411097391771176,     3.3808352517978, 51.61264577318738,46.128272078488564, 0.2085969166226313,288.84820613285166,  59.93371422625427, 362814.4353867982,      0.0, 362814.4353867982,   1.0
 0.019174800789856127, -0.08410997391771176,     3.3808352517978, 51.61264577318738,46.128272078488564, 0.2085969166226313,288.84820613285166,  59.93371422625427,  362814.433082134,      0.0,  362814.433082134,   1.0
 0.019174800789856127, -0.08411097391771176,  3.3808362517978003, 51.61264577318738,46.128272078488564, 0.2085969166226313,288.84820613285166,  59.93371422625427,362814.43628790445,      0.0,362814.43628790445,   1.0
 0.019174800789856127, -0.08411097391771176,     3.3808352517978, 51.61264677318738,46.128272078488564, 0.2085969166226313,288.84820613285166,  59.93371422625427, 362814.4361630124,      0.0, 362814.4361630124,   1.0
 0.019174800789856127, -0.08411097391771176,     3.3808352517978, 51.61264577318738, 46.12827307848856, 0.2085969166226313,288.84820613285166,  59.93371422625427,362814.43602512445,      0.0,362814.43602512445,   1.0
 0.019174800789856127, -0.08411097391771176,     3.3808352517978, 51.61264577318738,46.128272078488564, 0.2085979166226313,288.84820613285166,  59.93371422625427,362814.43791262887,      0.0,362814.43791262887,   1.0
 0.019174800789856127, -0.08411097391771176,     3.3808352517978, 51.61264577318738,46.128272078488564, 0.2085969166226313,288.84820713285166,  59.93371422625427,362814.43621225836,      0.0,362814.43621225836,   1.0
 0.019174800789856127, -0.08411097391771176,     3.3808352517978, 51.61264577318738,46.128272078488564, 0.2085969166226313,288.84820613285166, 59.933715226254265, 362814.4357064402,      0.0, 362814.4357064402,   1.0
 0.021603296120786524, -0.08658169772638438,  3.3874116076734757, 51.61584174373216, 46.14228546858049,0.20936067220579532,288.87249503925506,  59.92679131665314,362820.08747109125,      0.0,362820.08747109125,   1.0
 0.021604296120786525, -0.08658169772638438,  3.3874116076734757, 51.61584174373216, 46.14228546858049,0.20936067220579532,288.87249503925506,  59.92679131665314, 362820.0857154923,      0.0, 362820.0857154923,   1.0
 0.021603296120786524, -0.08658069772638438,  3.3874116076734757, 51.61584174373216, 46.14228546858049,0.20936067220579532,288.87249503925506,  59.92679131665314, 362820.0847293963,      0.0, 362820.0847293963,   1.0
 0.021603296120786524, -0.08658169772638438,   3.387412607673476, 51.61584174373216, 46.14228546858049,0.20936067220579532,288.87249503925506,  59.92679131665314, 362820.0875322415,      0.0, 362820.0875322415,   1.0
 0.021603296120786524, -0.08658169772638438,  3.3874116076734757, 51.61584274373216, 46.14228546858049,0.20936067220579532,288.87249503925506,  59.92679131665314,362820.08740934124,      0.0,362820.08740934124,   1.0
 0.021603296120786524, -0.08658169772638438,  3.3874116076734757, 51.61584174373216, 46.14228646858049,0.20936067220579532,288.87249503925506,  59.92679131665314,  362820.087264259,      0.0,  362820.087264259,   1.0
 0.021603296120786524, -0.08658169772638438,  3.3874116076734757, 51.61584174373216, 46.14228546858049,0.20936167220579532,288.87249503925506,  59.92679131665314, 362820.0883558575,      0.0, 362820.0883558575,   1.0
 0.021603296120786524, -0.08658169772638438,  3.3874116076734757, 51.61584174373216, 46.14228546858049,0.20936067220579532,288.87249603925505,  59.92679131665314, 362820.0874557751,      0.0, 362820.0874557751,   1.0
 0.021603296120786524, -0.08658169772638438,  3.3874116076734757, 51.61584174373216, 46.14228546858049,0.20936067220579532,288.87249503925506, 59.926792316653135,362820.08694922295,      0.0,362820.08694922295,   1.0
 0.023490498664583068, -0.08896452788450104,  3.4690102163870113, 51.65645950572815, 46.31970118513622,0.21074427454016195,  289.176097866877, 59.846039617162695, 362824.7000819857,      0.0, 362824.7000819857,   1.0
  0.02349149866458307, -0.08896452788450104,  3.4690102163870113, 51.65645950572815, 46.31970118513622,0.21074427454016195,  289.176097866877, 59.846039617162695, 362824.6994340988,      0.0, 362824.6994340988,   1.0
 0.023490498664583068, -0.08896352788450104,  3.4690102163870113, 51.65645950572815, 46.31970118513622,0.21074427454016195,  289.176097866877, 59.846039617162695,362824.69964975404,      0.0,362824.69964975404,   1.0
 0.023490498664583068, -0.08896452788450104,  3.4690112163870115, 51.65645950572815, 46.31970118513622,0.21074427454016195,  289.176097866877, 59.846039617162695, 362824.7001383146,      0.0, 362824.7001383146,   1.0
 0.023490498664583068, -0.08896452788450104,  3.4690102163870113, 51.65646050572815, 46.31970118513622,0.21074427454016195,  289.176097866877, 59.846039617162695,362824.70002361486,      0.0,362824.70002361486,   1.0
 0.023490498664583068, -0.08896452788450104,  3.4690102163870113, 51.65645950572815,46.319702185136215,0.21074427454016195,  289.176097866877, 59.846039617162695,362824.69986614655,      0.0,362824.69986614655,   1.0
 0.023490498664583068, -0.08896452788450104,  3.4690102163870113, 51.65645950572815, 46.31970118513622,0.21074527454016195,  289.176097866877, 59.846039617162695, 362824.7001856427,      0.0, 362824.7001856427,   1.0
 0.023490498664583068, -0.08896452788450104,  3.4690102163870113, 51.65645950572815, 46.31970118513622,0.21074427454016195,  289.176098866877, 59.846039617162695, 362824.7000677755,      0.0, 362824.7000677755,   1.0
 0.023490498664583068, -0.08896452788450104,  3.4690102163870113, 51.65645950572815, 46.31970118513622,0.21074427454016195,  289.176097866877,  59.84604061716269,362824.69956245896,      0.0,362824.69956245896,   1.0
  0.02352069000672461, -0.08913124024681349,  3.5063079580436463, 51.67499805609419, 46.40068188323464, 0.2112432713331329,289.31479513990917,  59.80897873334575, 362825.3634936384,      0.0, 362825.3634936384,   1.0
 0.023521690006724612, -0.08913124024681349,  3.5063079580436463, 51.67499805609419, 46.40068188323464, 0.2112432713331329,289.31479513990917,  59.80897873334575, 362825.3634835556,      0.0, 362825.3634835556,   1.0
  0.02352069000672461, -0.08913024024681349,  3.5063079580436463, 51.67499805609419, 46.40068188323464, 0.2112432713331329,289.31479513990917,  59.80897873334575, 362825.3637702803,      0.0, 362825.3637702803,   1.0
  0.02352069000672461, -0.08913124024681349,  3.5063089580436464, 51.67499805609419, 46.40068188323464, 0.2112432713331329,289.31479513990917,  59.80897873334575,362825.36354767624,      0.0,362825.36354767624,   1.0
  0.02352069000672461, -0.08913124024681349,  3.5063079580436463, 51.67499905609419, 46.40068188323464, 0.2112432713331329,289.31479513990917,  59.80897873334575,362825.36343621433,      0.0,362825.36343621433,   1.0
  0.02352069000672461, -0.08913124024681349,  3.5063079580436463, 51.67499805609419, 46.40068288323464, 0.2112432713331329,289.31479513990917,  59.80897873334575,362825.36327473755,      0.0,362825.36327473755,   1.0
  0.02352069000672461, -0.08913124024681349,  3.5063079580436463, 51.67499805609419, 46.40068188323464, 0.2112442713331329,289.31479513990917,  59.80897873334575, 362825.3633521913,      0.0, 362825.3633521913,   1.0
  0.02352069000672461, -0.08913124024681349,  3.5063079580436463, 51.67499805609419, 46.40068188323464, 0.2112432713331329,289.31479613990916,  59.80897873334575,362825.36347977706,      0.0,362825.36347977706,   1.0
  0.02352069000672461, -0.08913124024681349,  3.5063079580436463, 51.67499805609419, 46.40068188323464, 0.2112432713331329,289.31479513990917, 59.808979733345744,362825.36297518114,      0.0,362825.36297518114,   1.0
 0.023385056800100834, -0.08910983313643613,   3.535689256096352, 51.68949403502079,46.464048643078755,0.21159563053453478, 289.4237800158697, 59.779194243483694, 362825.9778138229,      0.0, 362825.9778138229,   1.0
 0.023386056800100835, -0.08910983313643613,   3.535689256096352, 51.68949403502079,46.464048643078755,0.21159563053453478, 289.4237800158697, 59.779194243483694,362825.97840004676,      0.0,362825.97840004676,   1.0
 0.023385056800100834, -0.08910883313643612,   3.535689256096352, 51.68949403502079,46.464048643078755,0.21159563053453478, 289.4237800158697, 59.779194243483694, 362825.9786523351,      0.0, 362825.9786523351,   1.0
 0.023385056800100834, -0.08910983313643613,  3.5356902560963523, 51.68949403502079,46.464048643078755,0.21159563053453478, 289.4237800158697, 59.779194243483694, 362825.9778658256,      0.0, 362825.9778658256,   1.0
 0.023385056800100834, -0.08910983313643613,   3.535689256096352, 51.68949503502079,46.464048643078755,0.21159563053453478, 289.4237800158697, 59.779194243483694, 362825.9777569136,      0.0, 362825.9777569136,   1.0
 0.023385056800100834, -0.08910983313643613,   3.535689256096352, 51.68949403502079, 46.46404964307875,0.21159563053453478, 289.4237800158697, 59.779194243483694, 362825.9775926689,      0.0, 362825.9775926689,   1.0
 0.023385056800100834, -0.08910983313643613,   3.535689256096352, 51.68949403502079,46.464048643078755,0.21159663053453479, 289.4237800158697, 59.779194243483694, 362825.9775270277,      0.0, 362825.9775270277,   1.0
 0.023385056800100834, -0.08910983313643613,   3.535689256096352, 51.68949403502079,46.464048643078755,0.21159563053453478, 289.4237810158697, 59.779194243483694, 362825.9778001668,      0.0, 362825.9778001668,   1.0
 0.023385056800100834, -0.08910983313643613,   3.535689256096352, 51.68949403502079,46.464048643078755,0.21159563053453478, 289.4237800158697,  59.77919524348369,362825.97729620064,      0.0,362825.97729620064,   1.0
 0.023139965508189135, -0.08902959550588069,  3.5776634413516417, 51.70992482607573, 46.55347885788868,0.21209693010834763,  289.578772008327,  59.73512269057426,362827.36737074645,      0.0,362827.36737074645,   1.0
 0.023140965508189136, -0.08902959550588069,  3.5776634413516417, 51.70992482607573, 46.55347885788868,0.21209693010834763,  289.578772008327,  59.73512269057426, 362827.3688399949,      0.0, 362827.3688399949,   1.0
 0.023139965508189135, -0.08902859550588069,  3.5776634413516417, 51.70992482607573, 46.55347885788868,0.21209693010834763,  289.578772008327,  59.73512269057426, 362827.3690079319,      0.0, 362827.3690079319,   1.0
 0.023139965508189135, -0.08902959550588069,   3.577664441351642, 51.70992482607573, 46.55347885788868,0.21209693010834763,  289.578772008327,  59.73512269057426,362827.36741977587,      0.0,362827.36741977587,   1.0
 0.023139965508189135, -0.08902959550588069,  3.5776634413516417,51.709925826075725, 46.55347885788868,0.21209693010834763,  289.578772008327,  59.73512269057426, 362827.3673145899,      0.0, 362827.3673145899,   1.0
 0.023139965508189135, -0.08902959550588069,  3.5776634413516417, 51.70992482607573,46.553479857888675,0.21209693010834763,  289.578772008327,  59.73512269057426,  362827.367146436,      0.0,  362827.367146436,   1.0
 0.023139965508189135, -0.08902959550588069,  3.5776634413516417, 51.70992482607573, 46.55347885788868,0.21209793010834763,  289.578772008327,  59.73512269057426,362827.36687286856,      0.0,362827.36687286856,   1.0
 0.023139965508189135, -0.08902959550588069,  3.5776634413516417, 51.70992482607573, 46.55347885788868,0.21209693010834763,  289.578773008327,  59.73512269057426, 362827.3673573907,      0.0, 362827.3673573907,   1.0
 0.023139965508189135, -0.08902959550588069,  3.5776634413516417, 51.70992482607573, 46.55347885788868,0.21209693010834763,  289.578772008327, 59.735123690574255,362827.36685435305,      0.0,362827.36685435305,   1.0
 0.022741518298870795, -0.08889673343219699,  3.6453974351062692, 51.74215943461624, 46.69490017639121,0.21291847845992304, 289.8270257463432,  59.65998665620824,362831.00224005914,      0.0,362831.00224005914,   1.0
 0.022742518298870796, -0.08889673343219699,  3.6453974351062692, 51.74215943461624, 46.69490017639121,0.21291847845992304, 289.8270257463432,  59.65998665620824,362831.00514300657,      0.0,362831.00514300657,   1.0
 0.022741518298870795, -0.08889573343219699,  3.6453974351062692, 51.74215943461624, 46.69490017639121,0.21291847845992304, 289.8270257463432,  59.65998665620824, 362831.0051562896,      0.0, 362831.0051562896,   1.0
 0.022741518298870795, -0.08889673343219699,  3.6453984351062694, 51.74215943461624, 46.69490017639121,0.21291847845992304, 289.8270257463432,  59.65998665620824, 362831.0022842945,      0.0, 362831.0022842945,   1.0
 0.022741518298870795, -0.08889673343219699,  3.6453974351062692, 51.74216043461624, 46.69490017639121,0.21291847845992304, 289.8270257463432,  59.65998665620824,362831.00218525436,      0.0,362831.00218525436,   1.0
 0.022741518298870795, -0.08889673343219699,  3.6453974351062692, 51.74215943461624,46.694901176391205,0.21291847845992304, 289.8270257463432,  59.65998665620824,  362831.002010696,      0.0,  362831.002010696,   1.0
 0.022741518298870795, -0.08889673343219699,  3.6453974351062692, 51.74215943461624, 46.69490017639121,0.21291947845992304, 289.8270257463432,  59.65998665620824,  362831.001373636,      0.0,  362831.001373636,   1.0
 0.022741518298870795, -0.08889673343219699,  3.6453974351062692, 51.74215943461624, 46.69490017639121,0.21291847845992304, 289.8270267463432,  59.65998665620824,362831.00222723314,      0.0,362831.00222723314,   1.0
 0.022741518298870795, -0.08889673343219699,  3.6453974351062692, 51.74215943461624, 46.69490017639121,0.21291847845992304, 289.8270257463432,  59.65998765620824, 362831.0017257475,      0.0, 362831.0017257475,   1.0
 0.022153903562348205, -0.08874235888567063,   3.755808942688158, 51.79281233881977, 46.91797636696566,0.21420281226750396, 290.2269135588376,  59.52716149366559, 362840.5116051099,      0.0, 362840.5116051099,   1.0
 0.022154903562348206, -0.08874235888567063,   3.755808942688158, 51.79281233881977, 46.91797636696566,0.21420281226750396, 290.2269135588376,  59.52716149366559,362840.51685495616,      0.0,362840.51685495616,   1.0
 0.022153903562348205, -0.08874135888567063,   3.755808942688158, 51.79281233881977, 46.91797636696566,0.21420281226750396, 290.2269135588376,  59.52716149366559,362840.51661317924,      0.0,362840.51661317924,   1.0
 0.022153903562348205, -0.08874235888567063,   3.755809942688158, 51.79281233881977, 46.91797636696566,0.21420281226750396, 290.2269135588376,  59.52716149366559, 362840.5116415354,      0.0, 362840.5116415354,   1.0
 0.022153903562348205, -0.08874235888567063,   3.755808942688158, 51.79281333881977, 46.91797636696566,0.21420281226750396, 290.2269135588376,  59.52716149366559,362840.51155225723,      0.0,362840.51155225723,   1.0
 0.022153903562348205, -0.08874235888567063,   3.755808942688158, 51.79281233881977, 46.91797736696566,0.21420281226750396, 290.2269135588376,  59.52716149366559,362840.51136755926,      0.0,362840.51136755926,   1.0
 0.022153903562348205, -0.08874235888567063,   3.755808942688158, 51.79281233881977, 46.91797636696566,0.21420381226750396, 290.2269135588376,  59.52716149366559, 362840.5101897643,      0.0, 362840.5101897643,   1.0
 0.022153903562348205, -0.08874235888567063,   3.755808942688158, 51.79281233881977, 46.91797636696566,0.21420281226750396, 290.2269145588376,  59.52716149366559,362840.51159306825,      0.0,362840.51159306825,   1.0
 0.022153903562348205, -0.08874235888567063,   3.755808942688158, 51.79281233881977, 46.91797636696566,0.21420281226750396, 290.2269135588376, 59.527162493665585,362840.51109435875,      0.0,362840.51109435875,   1.0
 0.021374449087115138,  -0.0886862783700933,  3.9337410449680816, 51.86935883549048, 47.25745888580486,0.21629981376678623, 290.8584967562802,  59.28531504066598, 362865.5209172478,      0.0, 362865.5209172478,   1.0
  0.02137544908711514,  -0.0886862783700933,  3.9337410449680816, 51.86935883549048, 47.25745888580486,0.21629981376678623, 290.8584967562802,  59.28531504066598,362865.52998919593,      0.0,362865.52998919593,   1.0
 0.021374449087115138,  -0.0886852783700933,  3.9337410449680816, 51.86935883549048, 47.25745888580486,0.21629981376678623, 290.8584967562802,  59.28531504066598, 362865.5293310052,      0.0, 362865.5293310052,   1.0
 0.021374449087115138,  -0.0886862783700933,  3.9337420449680818, 51.86935883549048, 47.25745888580486,0.21629981376678623, 290.8584967562802,  59.28531504066598,  362865.520941091,      0.0,  362865.520941091,   1.0
 0.021374449087115138,  -0.0886862783700933,  3.9337410449680816, 51.86935983549048, 47.25745888580486,0.21629981376678623, 290.8584967562802,  59.28531504066598, 362865.5208680229,      0.0, 362865.5208680229,   1.0
 0.021374449087115138,  -0.0886862783700933,  3.9337410449680816, 51.86935883549048,47.257459885804856,0.21629981376678623, 290.8584967562802,  59.28531504066598, 362865.5206666344,      0.0, 362865.5206666344,   1.0
 0.021374449087115138,  -0.0886862783700933,  3.9337410449680816, 51.86935883549048, 47.25745888580486,0.21630081376678623, 290.8584967562802,  59.28531504066598,362865.51852176466,      0.0,362865.51852176466,   1.0
 0.021374449087115138,  -0.0886862783700933,  3.9337410449680816, 51.86935883549048, 47.25745888580486,0.21629981376678623, 290.8584977562802,  59.28531504066598, 362865.5209066237,      0.0, 362865.5209066237,   1.0
 0.021374449087115138,  -0.0886862783700933,  3.9337410449680816, 51.86935883549048, 47.25745888580486,0.21629981376678623, 290.8584967562802, 59.285316040665975, 362865.5204128553,      0.0, 362865.5204128553,   1.0
 0.020554510266417633, -0.08895582022243048,   4.234058278676376,51.986193479484854, 47.78176025109567, 0.2195995973698458, 291.8932350187132, 58.809512736423194,362931.27265627985,      0.0,362931.27265627985,   1.0
 0.020555510266417634, -0.08895582022243048,   4.234058278676376,51.986193479484854, 47.78176025109567, 0.2195995973698458, 291.8932350187132, 58.809512736423194,362931.28778681526,      0.0,362931.28778681526,   1.0
 0.020554510266417633, -0.08895482022243048,   4.234058278676376,51.986193479484854, 47.78176025109567, 0.2195995973698458, 291.8932350187132, 58.809512736423194, 362931.2864707776,      0.0, 362931.2864707776,   1.0
 0.020554510266417633, -0.08895582022243048,   4.234059278676376,51.986193479484854, 47.78176025109567, 0.2195995973698458, 291.8932350187132, 58.809512736423194,362931.27266032173,      0.0,362931.27266032173,   1.0
 0.020554510266417633, -0.08895582022243048,   4.234058278676376, 51.98619447948485, 47.78176025109567, 0.2195995973698458, 291.8932350187132, 58.809512736423194, 362931.2726124905,      0.0, 362931.2726124905,   1.0
 0.020554510266417633, -0.08895582022243048,   4.234058278676376,51.986193479484854,47.781761251095666, 0.2195995973698458, 291.8932350187132, 58.809512736423194, 362931.2723842587,      0.0, 362931.2723842587,   1.0
 0.020554510266417633, -0.08895582022243048,   4.234058278676376,51.986193479484854, 47.78176025109567, 0.2196005973698458, 291.8932350187132, 58.809512736423194,  362931.268736905,      0.0,  362931.268736905,   1.0
 0.020554510266417633, -0.08895582022243048,   4.234058278676376,51.986193479484854, 47.78176025109567, 0.2195995973698458, 291.8932360187132, 58.809512736423194, 362931.2726478287,      0.0, 362931.2726478287,   1.0
 0.020554510266417633, -0.08895582022243048,   4.234058278676376,51.986193479484854, 47.78176025109567, 0.2195995973698458, 291.8932350187132,  58.80951373642319, 362931.2721638849,      0.0, 362931.2721638849,   1.0
  0.02022748193180553,  -0.0902539037191932,  4.7387019009379205,52.150518500447475,48.536758149538144,0.22459211796257014, 293.5510558346231,  57.83498331037029, 363102.7858378337,      0.0, 363102.7858378337,   1.0
  0.02022848193180553,  -0.0902539037191932,  4.7387019009379205,52.150518500447475,48.536758149538144,0.22459211796257014, 293.5510558346231,  57.83498331037029, 363102.8104696524,      0.0, 363102.8104696524,   1.0
  0.02022748193180553,  -0.0902529037191932,  4.7387019009379205,52.150518500447475,48.536758149538144,0.22459211796257014, 293.5510558346231,  57.83498331037029, 363102.8081429061,      0.0, 363102.8081429061,   1.0
  0.02022748193180553,  -0.0902539037191932,   4.738702900937921,52.150518500447475,48.536758149538144,0.22459211796257014, 293.5510558346231,  57.83498331037029, 363102.7858113684,      0.0, 363102.7858113684,   1.0
  0.02022748193180553,  -0.0902539037191932,  4.7387019009379205, 52.15051950044747,48.536758149538144,0.22459211796257014, 293.5510558346231,  57.83498331037029, 363102.7858020926,      0.0, 363102.7858020926,   1.0
  0.02022748193180553,  -0.0902539037191932,  4.7387019009379205,52.150518500447475, 48.53675914953814,0.22459211796257014, 293.5510558346231,  57.83498331037029,363102.78553196526,      0.0,363102.78553196526,   1.0
  0.02022748193180553,  -0.0902539037191932,  4.7387019009379205,52.150518500447475,48.536758149538144,0.22459311796257014, 293.5510558346231,  57.83498331037029,363102.77955113543,      0.0,363102.77955113543,   1.0
  0.02022748193180553,  -0.0902539037191932,  4.7387019009379205,52.150518500447475,48.536758149538144,0.22459211796257014, 293.5510568346231,  57.83498331037029, 363102.7858326739,      0.0, 363102.7858326739,   1.0
  0.02022748193180553,  -0.0902539037191932,  4.7387019009379205,52.150518500447475,48.536758149538144,0.22459211796257014, 293.5510558346231,  57.83498431037029,363102.78536924254,      0.0,363102.78536924254,   1.0
  0.02157506047814566, -0.09415997490638087,  5.5500754644669925, 52.33004640756349,49.417189329082525,0.23127749463454703, 296.0023932826791,  55.80505164418589, 363538.4293087688,      0.0, 363538.4293087688,   1.0
  0.02157606047814566, -0.09415997490638087,  5.5500754644669925, 52.33004640756349,49.417189329082525,0.23127749463454703, 296.0023932826791,  55.80505164418589,363538.46887978486,      0.0,363538.46887978486,   1.0
  0.02157506047814566, -0.09415897490638087,  5.5500754644669925, 52.33004640756349,49.417189329082525,0.23127749463454703, 296.0023932826791,  55.80505164418589,363538.46515305765,      0.0,363538.46515305765,   1.0
  0.02157506047814566, -0.09415997490638087,   5.550076464466993, 52.33004640756349,49.417189329082525,0.23127749463454703, 296.0023932826791,  55.80505164418589, 363538.4292361085,      0.0, 363538.4292361085,   1.0
  0.02157506047814566, -0.09415997490638087,  5.5500754644669925, 52.33004740756349,49.417189329082525,0.23127749463454703, 296.0023932826791,  55.80505164418589,   363538.42928484,      0.0,   363538.42928484,   1.0
  0.02157506047814566, -0.09415997490638087,  5.5500754644669925, 52.33004640756349, 49.41719032908252,0.23127749463454703, 296.0023932826791,  55.80505164418589,363538.42895567114,      0.0,363538.42895567114,   1.0
  0.02157506047814566, -0.09415997490638087,  5.5500754644669925, 52.33004640756349,49.417189329082525,0.23127849463454703, 296.0023932826791,  55.80505164418589, 363538.4193758374,      0.0, 363538.4193758374,   1.0
  0.02157506047814566, -0.09415997490638087,  5.5500754644669925, 52.33004640756349,49.417189329082525,0.23127749463454703, 296.0023942826791,  55.80505164418589, 363538.4293084269,      0.0, 363538.4293084269,   1.0
  0.02157506047814566, -0.09415997490638087,  5.5500754644669925, 52.33004640756349,49.417189329082525,0.23127749463454703, 296.0023932826791, 55.805052644185885,363538.42888974765,      0.0,363538.42888974765,   1.0
 0.027903649463267517,  -0.1038361470517799,   6.724336984630729,52.383659596161635, 49.87932983016598,0.23777157712412614, 299.0286239884526,  51.73956957960462, 364535.6272152157,      0.0, 364535.6272152157,   1.0
 0.027904649463267518,  -0.1038361470517799,   6.724336984630729,52.383659596161635, 49.87932983016598,0.23777157712412614, 299.0286239884526,  51.73956957960462, 364535.6868267555,      0.0, 364535.6868267555,   1.0
 0.027903649463267517,  -0.1038351470517799,   6.724336984630729,52.383659596161635, 49.87932983016598,0.23777157712412614, 299.0286239884526,  51.73956957960462,364535.68357389217,      0.0,364535.68357389217,   1.0
 0.027903649463267517,  -0.1038361470517799,   6.724337984630729,52.383659596161635, 49.87932983016598,0.23777157712412614, 299.0286239884526,  51.73956957960462,364535.62708296225,      0.0,364535.62708296225,   1.0
 0.027903649463267517,  -0.1038361470517799,   6.724336984630729, 52.38366059616163, 49.87932983016598,0.23777157712412614, 299.0286239884526,  51.73956957960462, 364535.6272111586,      0.0, 364535.6272111586,   1.0
 0.027903649463267517,  -0.1038361470517799,   6.724336984630729,52.383659596161635,49.879330830165976,0.23777157712412614, 299.0286239884526,  51.73956957960462, 364535.6268182922,      0.0, 364535.6268182922,   1.0
 0.027903649463267517,  -0.1038361470517799,   6.724336984630729,52.383659596161635, 49.87932983016598,0.23777257712412614, 299.0286239884526,  51.73956957960462, 364535.6111880791,      0.0, 364535.6111880791,   1.0
 0.027903649463267517,  -0.1038361470517799,   6.724336984630729,52.383659596161635, 49.87932983016598,0.23777157712412614, 299.0286249884526,  51.73956957960462, 364535.6272221783,      0.0, 364535.6272221783,   1.0
 0.027903649463267517,  -0.1038361470517799,   6.724336984630729,52.383659596161635, 49.87932983016598,0.23777157712412614, 299.0286239884526,  51.73957057960462, 364535.6269033347,      0.0, 364535.6269033347,   1.0
  0.04248251474710486, -0.11919463498762571,   7.832315937699634, 52.00876683869814, 48.63983409550511,0.23589660454538441,300.80803558584006, 45.576889398884006, 366190.9973454691,      0.0, 366190.9973454691,   1.0
 0.042483514747104864, -0.11919463498762571,   7.832315937699634, 52.00876683869814, 48.63983409550511,0.23589660454538441,300.80803558584006, 45.576889398884006,366191.06918672216,      0.0,366191.06918672216,   1.0
  0.04248251474710486, -0.11919363498762571,   7.832315937699634, 52.00876683869814, 48.63983409550511,0.23589660454538441,300.80803558584006, 45.576889398884006, 366191.0771456596,      0.0, 366191.0771456596,   1.0
  0.04248251474710486, -0.11919463498762571,   7.832316937699634, 52.00876683869814, 48.63983409550511,0.23589660454538441,300.80803558584006, 45.576889398884006,366190.99717373645,      0.0,366190.99717373645,   1.0
  0.04248251474710486, -0.11919463498762571,   7.832315937699634, 52.00876783869814, 48.63983409550511,0.23589660454538441,300.80803558584006, 45.576889398884006, 366190.9973641356,      0.0, 366190.9973641356,   1.0
  0.04248251474710486, -0.11919463498762571,   7.832315937699634, 52.00876683869814,48.639835095505106,0.23589660454538441,300.80803558584006, 45.576889398884006, 366190.9969767297,      0.0, 366190.9969767297,   1.0
  0.04248251474710486, -0.11919463498762571,   7.832315937699634, 52.00876683869814, 48.63983409550511,0.23589760454538442,300.80803558584006, 45.576889398884006, 366190.9740746602,      0.0, 366190.9740746602,   1.0
  0.04248251474710486, -0.11919463498762571,   7.832315937699634, 52.00876683869814, 48.63983409550511,0.23589660454538441,300.80803658584006, 45.576889398884006, 366190.9973589446,      0.0, 366190.9973589446,   1.0
  0.04248251474710486, -0.11919463498762571,   7.832315937699634, 52.00876683869814, 48.63983409550511,0.23589660454538441,300.80803558584006, 45.576890398884004,366190.99722595984,      0.0,366190.99722595984,   1.0
 0.053264552133580376, -0.10212905232299904,    9.49931271145541, 51.78393649364804,48.110867350810224,0.22595521109761765, 304.3429193632576, 38.160269552335485, 367629.8757885389,      0.0, 367629.8757885389,   1.0
  0.05326555213358038, -0.10212905232299904,    9.49931271145541, 51.78393649364804,48.110867350810224,0.22595521109761765, 304.3429193632576, 38.160269552335485, 367629.8666325242,      0.0, 367629.8666325242,   1.0
 0.053264552133580376, -0.10212805232299904,    9.49931271145541, 51.78393649364804,48.110867350810224,0.22595521109761765, 304.3429193632576, 38.160269552335485,367629.88462570705,      0.0,367629.88462570705,   1.0
 0.053264552133580376, -0.10212905232299904,    9.49931371145541, 51.78393649364804,48.110867350810224,0.22595521109761765, 304.3429193632576, 38.160269552335485,  367629.875853363,      0.0,  367629.875853363,   1.0
 0.053264552133580376, -0.10212905232299904,    9.49931271145541, 51.78393749364804,48.110867350810224,0.22595521109761765, 304.3429193632576, 38.160269552335485, 367629.8757508793,      0.0, 367629.8757508793,   1.0
 0.053264552133580376, -0.10212905232299904,    9.49931271145541, 51.78393649364804, 48.11086835081022,0.22595521109761765, 304.3429193632576, 38.160269552335485,   367629.87534494,      0.0,   367629.87534494,   1.0
 0.053264552133580376, -0.10212905232299904,    9.49931271145541, 51.78393649364804,48.110867350810224,0.22595621109761765, 304.3429193632576, 38.160269552335485,367629.85801359516,      0.0,367629.85801359516,   1.0
 0.053264552133580376, -0.10212905232299904,    9.49931271145541, 51.78393649364804,48.110867350810224,0.22595521109761765, 304.3429203632576, 38.160269552335485, 367629.8757807971,      0.0, 367629.8757807971,   1.0
 0.053264552133580376, -0.10212905232299904,    9.49931271145541, 51.78393649364804,48.110867350810224,0.22595521109761765, 304.3429193632576,  38.16027055233548, 367629.8759598388,      0.0, 367629.8759598388,   1.0
  0.05108528482016445, -0.10942081970112047,   7.333700421872559, 50.32553193689585, 41.90472466360335,0.18585172856923446,295.32364504651684,  38.22384786265515,369364.36859248654,      0.0,369364.36859248654,   1.0
  0.05108628482016445, -0.10942081970112047,   7.333700421872559, 50.32553193689585, 41.90472466360335,0.18585172856923446,295.32364504651684,  38.22384786265515,369364.39488011773,      0.0,369364.39488011773,   1.0
  0.05108528482016445, -0.10941981970112047,   7.333700421872559, 50.32553193689585, 41.90472466360335,0.18585172856923446,295.32364504651684,  38.22384786265515, 369364.4104470102,      0.0, 369364.4104470102,   1.0
  0.05108528482016445, -0.10942081970112047,    7.33370142187256, 50.32553193689585, 41.90472466360335,0.18585172856923446,295.32364504651684,  38.22384786265515, 369364.3685726891,      0.0, 369364.3685726891,   1.0
  0.05108528482016445, -0.10942081970112047,   7.333700421872559, 50.32553293689585, 41.90472466360335,0.18585172856923446,295.32364504651684,  38.22384786265515,369364.36831558676,      0.0,369364.36831558676,   1.0
  0.05108528482016445, -0.10942081970112047,   7.333700421872559, 50.32553193689585, 41.90472566360335,0.18585172856923446,295.32364504651684,  38.22384786265515,369364.36848676816,      0.0,369364.36848676816,   1.0
  0.05108528482016445, -0.10942081970112047,   7.333700421872559, 50.32553193689585, 41.90472466360335,0.18585272856923446,295.32364504651684,  38.22384786265515, 369364.4080411043,      0.0, 369364.4080411043,   1.0
  0.05108528482016445, -0.10942081970112047,   7.333700421872559, 50.32553193689585, 41.90472466360335,0.18585172856923446,295.32364604651684,  38.22384786265515,  369364.368505906,      0.0,  369364.368505906,   1.0
  0.05108528482016445, -0.10942081970112047,   7.333700421872559, 50.32553193689585, 41.90472466360335,0.18585172856923446,295.32364504651684, 38.223848862655146,369364.36869163334,      0.0,369364.36869163334,   1.0
  0.04432326708334352, -0.09752458690599225,   5.181956134364713,49.657235527290815,38.813663171611324, 0.1922424277154099, 288.3370054714069,  42.55745741493648, 369870.9072441839,      0.0, 369870.9072441839,   1.0
  0.04432426708334352, -0.09752458690599225,   5.181956134364713,49.657235527290815,38.813663171611324, 0.1922424277154099, 288.3370054714069,  42.55745741493648, 369870.8859204711,      0.0, 369870.8859204711,   1.0
  0.04432326708334352, -0.09752358690599225,   5.181956134364713,49.657235527290815,38.813663171611324, 0.1922424277154099, 288.3370054714069,  42.55745741493648,369870.88232532033,      0.0,369870.88232532033,   1.0
  0.04432326708334352, -0.09752458690599225,   5.181957134364713,49.657235527290815,38.813663171611324, 0.1922424277154099, 288.3370054714069,  42.55745741493648,369870.90741127933,      0.0,369870.90741127933,   1.0
  0.04432326708334352, -0.09752458690599225,   5.181956134364713, 49.65723652729081,38.813663171611324, 0.1922424277154099, 288.3370054714069,  42.55745741493648,369870.90725123486,      0.0,369870.90725123486,   1.0
  0.04432326708334352, -0.09752458690599225,   5.181956134364713,49.657235527290815, 38.81366417161132, 0.1922424277154099, 288.3370054714069,  42.55745741493648,369870.90729075007,      0.0,369870.90729075007,   1.0
  0.04432326708334352, -0.09752458690599225,   5.181956134364713,49.657235527290815,38.813663171611324, 0.1922434277154099, 288.3370054714069,  42.55745741493648,369870.89308466506,      0.0,369870.89308466506,   1.0
  0.04432326708334352, -0.09752458690599225,   5.181956134364713,49.657235527290815,38.813663171611324, 0.1922424277154099, 288.3370064714069,  42.55745741493648,369870.90724365757,      0.0,369870.90724365757,   1.0
  0.04432326708334352, -0.09752458690599225,   5.181956134364713,49.657235527290815,38.813663171611324, 0.1922424277154099, 288.3370054714069,  42.55745841493648,369870.90716715826,      0.0,369870.90716715826,   1.0
  0.04684974724692162, -0.10230727715120973,   5.873419902117575, 49.77864576331134,  39.4394983044744,0.19009946189117988, 290.3460881865068,  40.65471275217878, 370078.5090447065,      0.0, 370078.5090447065,   1.0
  0.04685074724692162, -0.10230727715120973,   5.873419902117575, 49.77864576331134,  39.4394983044744,0.19009946189117988, 290.3460881865068,  40.65471275217878, 370078.5045264439,      0.0, 370078.5045264439,   1.0
  0.04684974724692162, -0.10230627715120973,   5.873419902117575, 49.77864576331134,  39.4394983044744,0.19009946189117988, 290.3460881865068,  40.65471275217878,370078.50977757317,      0.0,370078.50977757317,   1.0
  0.04684974724692162, -0.10230727715120973,   5.873420902117575, 49.77864576331134,  39.4394983044744,0.19009946189117988, 290.3460881865068,  40.65471275217878, 370078.5091429492,      0.0, 370078.5091429492,   1.0
  0.04684974724692162, -0.10230727715120973,   5.873419902117575,49.778646763311336,  39.4394983044744,0.19009946189117988, 290.3460881865068,  40.65471275217878,370078.50898358587,      0.0,370078.50898358587,   1.0
  0.04684974724692162, -0.10230727715120973,   5.873419902117575, 49.77864576331134,39.439499304474396,0.19009946189117988, 290.3460881865068,  40.65471275217878, 370078.5090596961,      0.0, 370078.5090596961,   1.0
  0.04684974724692162, -0.10230727715120973,   5.873419902117575, 49.77864576331134,  39.4394983044744,0.19010046189117988, 290.3460881865068,  40.65471275217878, 370078.5073391809,      0.0, 370078.5073391809,   1.0
  0.04684974724692162, -0.10230727715120973,   5.873419902117575, 49.77864576331134,  39.4394983044744,0.19009946189117988, 290.3460891865068,  40.65471275217878,370078.50902320654,      0.0,370078.50902320654,   1.0
  0.04684974724692162, -0.10230727715120973,   5.873419902117575, 49.77864576331134,  39.4394983044744,0.19009946189117988, 290.3460881865068,  40.65471375217878,370078.50904097524,      0.0,370078.50904097524,   1.0
  0.04590270660163008, -0.10074703756850174,   5.948280278190633, 49.77193316178202, 39.42914951271834,0.18883699833531037,290.51334986206643,  40.34040157535483, 370085.1713318627,      0.0, 370085.1713318627,   1.0
  0.04590370660163008, -0.10074703756850174,   5.948280278190633, 49.77193316178202, 39.42914951271834,0.18883699833531037,290.51334986206643,  40.34040157535483,370085.16536325286,      0.0,370085.16536325286,   1.0
  0.04590270660163008, -0.10074603756850174,   5.948280278190633, 49.77193316178202, 39.42914951271834,0.18883699833531037,290.51334986206643,  40.34040157535483,370085.16880917514,      0.0,370085.16880917514,   1.0
  0.04590270660163008, -0.10074703756850174,   5.948281278190633, 49.77193316178202, 39.42914951271834,0.18883699833531037,290.51334986206643,  40.34040157535483, 370085.1714373305,      0.0, 370085.1714373305,   1.0
  0.04590270660163008, -0.10074703756850174,   5.948280278190633, 49.77193416178202, 39.42914951271834,0.18883699833531037,290.51334986206643,  40.34040157535483,370085.17125276575,      0.0,370085.17125276575,   1.0
  0.04590270660163008, -0.10074703756850174,   5.948280278190633, 49.77193316178202, 39.42915051271834,0.18883699833531037,290.51334986206643,  40.34040157535483, 370085.1713483124,      0.0, 370085.1713483124,   1.0
  0.04590270660163008, -0.10074703756850174,   5.948280278190633, 49.77193316178202, 39.42914951271834,0.18883799833531037,290.51334986206643,  40.34040157535483,   370085.17311343,      0.0,   370085.17311343,   1.0
  0.04590270660163008, -0.10074703756850174,   5.948280278190633, 49.77193316178202, 39.42914951271834,0.18883699833531037,290.51335086206643,  40.34040157535483, 370085.1713047925,      0.0, 370085.1713047925,   1.0
  0.04590270660163008, -0.10074703756850174,   5.948280278190633, 49.77193316178202, 39.42914951271834,0.18883699833531037,290.51334986206643,  40.34040257535483, 370085.1713404176,      0.0, 370085.1713404176,   1.0
  0.04434871963475546, -0.09987878000284929,  5.9607555990808585, 49.76891899735641, 39.42013396006626, 0.1890745736593964, 290.5363880128716,  40.27812318806006, 370091.4471487508,      0.0, 370091.4471487508,   1.0
  0.04434971963475546, -0.09987878000284929,  5.9607555990808585, 49.76891899735641, 39.42013396006626, 0.1890745736593964, 290.5363880128716,  40.27812318806006, 370091.4438144448,      0.0, 370091.4438144448,   1.0
  0.04434871963475546, -0.09987778000284929,  5.9607555990808585, 49.76891899735641, 39.42013396006626, 0.1890745736593964, 290.5363880128716,  40.27812318806006, 370091.4464276852,      0.0, 370091.4464276852,   1.0
  0.04434871963475546, -0.09987878000284929,   5.960756599080859, 49.76891899735641, 39.42013396006626, 0.1890745736593964, 290.5363880128716,  40.27812318806006,370091.44724806276,      0.0,370091.44724806276,   1.0
  0.04434871963475546, -0.09987878000284929,  5.9607555990808585,49.768919997356406, 39.42013396006626, 0.1890745736593964, 290.5363880128716,  40.27812318806006,370091.44707260694,      0.0,370091.44707260694,   1.0
  0.04434871963475546, -0.09987878000284929,  5.9607555990808585, 49.76891899735641, 39.42013496006626, 0.1890745736593964, 290.5363880128716,  40.27812318806006,370091.44716844073,      0.0,370091.44716844073,   1.0
  0.04434871963475546, -0.09987878000284929,  5.9607555990808585, 49.76891899735641, 39.42013396006626, 0.1890755736593964, 290.5363880128716,  40.27812318806006,370091.44840844424,      0.0,370091.44840844424,   1.0
  0.04434871963475546, -0.09987878000284929,  5.9607555990808585, 49.76891899735641, 39.42013396006626, 0.1890745736593964, 290.5363890128716,  40.27812318806006,  370091.447122419,      0.0,  370091.447122419,   1.0
  0.04434871963475546, -0.09987878000284929,  5.9607555990808585, 49.76891899735641, 39.42013396006626, 0.1890745736593964, 290.5363880128716, 40.278124188060055, 370091.4471607418,      0.0, 370091.4471607418,   1.0
  0.04079161648747472, -0.09733584710179465,   5.984685944273816,49.792369094066736,  39.5180470613096, 0.1899734773061681,290.65447812660125, 40.318755328913795,370097.02332512534,      0.0,370097.02332512534,   1.0
 0.040792616487474724, -0.09733584710179465,   5.984685944273816,49.792369094066736,  39.5180470613096, 0.1899734773061681,290.65447812660125, 40.318755328913795, 370097.0234412928,      0.0, 370097.0234412928,   1.0
  0.04079161648747472, -0.09733484710179464,   5.984685944273816,49.792369094066736,  39.5180470613096, 0.1899734773061681,290.65447812660125, 40.318755328913795, 370097.0234863317,      0.0, 370097.0234863317,   1.0
  0.04079161648747472, -0.09733584710179465,   5.984686944273816,49.792369094066736,  39.5180470613096, 0.1899734773061681,290.65447812660125, 40.318755328913795,370097.02341845096,      0.0,370097.02341845096,   1.0
  0.04079161648747472, -0.09733584710179465,   5.984685944273816, 49.79237009406673,  39.5180470613096, 0.1899734773061681,290.65447812660125, 40.318755328913795,370097.02325495635,      0.0,370097.02325495635,   1.0
  0.04079161648747472, -0.09733584710179465,   5.984685944273816,49.792369094066736,  39.5180480613096, 0.1899734773061681,290.65447812660125, 40.318755328913795,370097.02334482427,      0.0,370097.02334482427,   1.0
  0.04079161648747472, -0.09733584710179465,   5.984685944273816,49.792369094066736,  39.5180470613096, 0.1899744773061681,290.65447812660125, 40.318755328913795,  370097.023341823,      0.0,  370097.023341823,   1.0
  0.04079161648747472, -0.09733584710179465,   5.984685944273816,49.792369094066736,  39.5180470613096, 0.1899734773061681,290.65447912660125, 40.318755328913795, 370097.0233004616,      0.0, 370097.0233004616,   1.0
  0.04079161648747472, -0.09733584710179465,   5.984685944273816,49.792369094066736,  39.5180470613096, 0.1899734773061681,290.65447812660125,  40.31875632891379,370097.02333596617,      0.0,370097.02333596617,   1.0
 0.040769937956264934, -0.09730097678255702,    5.98098311998865, 49.79277588667647,39.519069344238595,0.18997690156957137,290.64633181187145,   40.3352934124789, 370097.0436646432,      0.0, 370097.0436646432,   1.0
 0.040770937956264935, -0.09730097678255702,    5.98098311998865, 49.79277588667647,39.519069344238595,0.18997690156957137,290.64633181187145,   40.3352934124789,370097.04367185815,      0.0,370097.04367185815,   1.0
 0.040769937956264934, -0.09729997678255702,    5.98098311998865, 49.79277588667647,39.519069344238595,0.18997690156957137,290.64633181187145,   40.3352934124789,370097.04366581753,      0.0,370097.04366581753,   1.0
 0.040769937956264934, -0.09730097678255702,    5.98098411998865, 49.79277588667647,39.519069344238595,0.18997690156957137,290.64633181187145,   40.3352934124789,370097.04375837045,      0.0,370097.04375837045,   1.0
 0.040769937956264934, -0.09730097678255702,    5.98098311998865, 49.79277688667647,39.519069344238595,0.18997690156957137,290.64633181187145,   40.3352934124789, 370097.0435945216,      0.0, 370097.0435945216,   1.0
 0.040769937956264934, -0.09730097678255702,    5.98098311998865, 49.79277588667647, 39.51907034423859,0.18997690156957137,290.64633181187145,   40.3352934124789,370097.04368427757,      0.0,370097.04368427757,   1.0
 0.040769937956264934, -0.09730097678255702,    5.98098311998865, 49.79277588667647,39.519069344238595,0.18997790156957137,290.64633181187145,   40.3352934124789, 370097.0436715981,      0.0, 370097.0436715981,   1.0
 0.040769937956264934, -0.09730097678255702,    5.98098311998865, 49.79277588667647,39.519069344238595,0.18997690156957137,290.64633281187145,   40.3352934124789,  370097.043640005,      0.0,  370097.043640005,   1.0
 0.040769937956264934, -0.09730097678255702,    5.98098311998865, 49.79277588667647,39.519069344238595,0.18997690156957137,290.64633181187145, 40.335294412478895,370097.04367468454,      0.0,370097.04367468454,   1.0
 0.040756126269542975, -0.09727952987806956,   5.978686316580091, 49.79288413015212, 39.51939868756239,0.18998022697069683,290.64083997897615, 40.345470172766305,370097.06131162983,      0.0,370097.06131162983,   1.0
 0.040757126269542976, -0.09727952987806956,   5.978686316580091, 49.79288413015212, 39.51939868756239,0.18998022697069683,290.64083997897615, 40.345470172766305,370097.06125335844,      0.0,370097.06125335844,   1.0
 0.040756126269542975, -0.09727852987806956,   5.978686316580091, 49.79288413015212, 39.51939868756239,0.18998022697069683,290.64083997897615, 40.345470172766305,370097.06121559994,      0.0,370097.06121559994,   1.0
 0.040756126269542975, -0.09727952987806956,   5.978687316580091, 49.79288413015212, 39.51939868756239,0.18998022697069683,290.64083997897615, 40.345470172766305, 370097.0614056017,      0.0, 370097.0614056017,   1.0
 0.040756126269542975, -0.09727952987806956,   5.978686316580091,49.792885130152115, 39.51939868756239,0.18998022697069683,290.64083997897615, 40.345470172766305,370097.06124157796,      0.0,370097.06124157796,   1.0
 0.040756126269542975, -0.09727952987806956,   5.978686316580091, 49.79288413015212, 39.51939968756239,0.18998022697069683,290.64083997897615, 40.345470172766305, 370097.0613312428,      0.0, 370097.0613312428,   1.0
 0.040756126269542975, -0.09727952987806956,   5.978686316580091, 49.79288413015212, 39.51939868756239,0.18998122697069683,290.64083997897615, 40.345470172766305, 370097.0613050466,      0.0, 370097.0613050466,   1.0
 0.040756126269542975, -0.09727952987806956,   5.978686316580091, 49.79288413015212, 39.51939868756239,0.18998022697069683,290.64084097897614, 40.345470172766305, 370097.0612870193,      0.0, 370097.0612870193,   1.0
 0.040756126269542975, -0.09727952987806956,   5.978686316580091, 49.79288413015212, 39.51939868756239,0.18998022697069683,290.64083997897615,   40.3454711727663, 370097.0613211859,      0.0, 370097.0613211859,   1.0
  0.04072793544107863, -0.09723512479018391,   5.974265651907567, 49.79293731807277,39.520285788584005, 0.1899856902125045,290.62963239240173,  40.36653336081065, 370097.1194951765,      0.0, 370097.1194951765,   1.0
  0.04072893544107863, -0.09723512479018391,   5.974265651907567, 49.79293731807277,39.520285788584005, 0.1899856902125045,290.62963239240173,  40.36653336081065,370097.11930386024,      0.0,370097.11930386024,   1.0
  0.04072793544107863, -0.09723412479018391,   5.974265651907567, 49.79293731807277,39.520285788584005, 0.1899856902125045,290.62963239240173,  40.36653336081065, 370097.1192015627,      0.0, 370097.1192015627,   1.0
  0.04072793544107863, -0.09723512479018391,   5.974266651907567, 49.79293731807277,39.520285788584005, 0.1899856902125045,290.62963239240173,  40.36653336081065, 370097.1195896421,      0.0, 370097.1195896421,   1.0
  0.04072793544107863, -0.09723512479018391,   5.974265651907567,49.792938318072764,39.520285788584005, 0.1899856902125045,290.62963239240173,  40.36653336081065,370097.11942525604,      0.0,370097.11942525604,   1.0
  0.04072793544107863, -0.09723512479018391,   5.974265651907567, 49.79293731807277,   39.520286788584, 0.1899856902125045,290.62963239240173,  40.36653336081065, 370097.1195147341,      0.0, 370097.1195147341,   1.0
  0.04072793544107863, -0.09723512479018391,   5.974265651907567, 49.79293731807277,39.520285788584005, 0.1899866902125045,290.62963239240173,  40.36653336081065, 370097.1194632028,      0.0, 370097.1194632028,   1.0
  0.04072793544107863, -0.09723512479018391,   5.974265651907567, 49.79293731807277,39.520285788584005, 0.1899856902125045,290.62963339240173,  40.36653336081065, 370097.1194706195,      0.0, 370097.1194706195,   1.0
  0.04072793544107863, -0.09723512479018391,   5.974265651907567, 49.79293731807277,39.520285788584005, 0.1899856902125045,290.62963239240173,  40.36653436081065, 370097.1195037262,      0.0, 370097.1195037262,   1.0
  0.04068703486509215, -0.09716736548984771,    5.96850837839541, 49.79259090525627,39.522120840386606,0.18999045108278717, 290.6133279074112,  40.39792301586871,370097.25997251313,      0.0,370097.25997251313,   1.0
  0.04068803486509215, -0.09716736548984771,    5.96850837839541, 49.79259090525627,39.522120840386606,0.18999045108278717, 290.6133279074112,  40.39792301586871, 370097.2595821902,      0.0, 370097.2595821902,   1.0
  0.04068703486509215, -0.09716636548984771,    5.96850837839541, 49.79259090525627,39.522120840386606,0.18999045108278717, 290.6133279074112,  40.39792301586871,  370097.259384354,      0.0,  370097.259384354,   1.0
  0.04068703486509215, -0.09716736548984771,    5.96850937839541, 49.79259090525627,39.522120840386606,0.18999045108278717, 290.6133279074112,  40.39792301586871,370097.26006770803,      0.0,370097.26006770803,   1.0
  0.04068703486509215, -0.09716736548984771,    5.96850837839541,49.792591905256266,39.522120840386606,0.18999045108278717, 290.6133279074112,  40.39792301586871,   370097.25990276,      0.0,   370097.25990276,   1.0
  0.04068703486509215, -0.09716736548984771,    5.96850837839541, 49.79259090525627,  39.5221218403866,0.18999045108278717, 290.6133279074112,  40.39792301586871, 370097.2599919611,      0.0, 370097.2599919611,   1.0
  0.04068703486509215, -0.09716736548984771,    5.96850837839541, 49.79259090525627,39.522120840386606,0.18999145108278717, 290.6133279074112,  40.39792301586871,370097.25990838575,      0.0,370097.25990838575,   1.0
  0.04068703486509215, -0.09716736548984771,    5.96850837839541, 49.79259090525627,39.522120840386606,0.18999045108278717, 290.6133289074112,  40.39792301586871,370097.25994802784,      0.0,370097.25994802784,   1.0
  0.04068703486509215, -0.09716736548984771,    5.96850837839541, 49.79259090525627,39.522120840386606,0.18999045108278717, 290.6133279074112,  40.39792401586871, 370097.2599795584,      0.0, 370097.2599795584,   1.0
 0.040620276235853514, -0.09705247424446051,   5.960799189075417,  49.7907322653457, 39.52587248994676,0.18998685219724293,290.58604356199027, 40.450582419911335,370097.63684818865,      0.0,370097.63684818865,   1.0
 0.040621276235853515, -0.09705247424446051,   5.960799189075417,  49.7907322653457, 39.52587248994676,0.18998685219724293,290.58604356199027, 40.450582419911335,370097.63613682555,      0.0,370097.63613682555,   1.0
 0.040620276235853514,  -0.0970514742444605,   5.960799189075417,  49.7907322653457, 39.52587248994676,0.18998685219724293,290.58604356199027, 40.450582419911335,370097.63578320824,      0.0,370097.63578320824,   1.0
 0.040620276235853514, -0.09705247424446051,   5.960800189075417,  49.7907322653457, 39.52587248994676,0.18998685219724293,290.58604356199027, 40.450582419911335,370097.63694454456,      0.0,370097.63694454456,   1.0
 0.040620276235853514, -0.09705247424446051,   5.960799189075417,  49.7907332653457, 39.52587248994676,0.18998685219724293,290.58604356199027, 40.450582419911335, 370097.6367786393,      0.0, 370097.6367786393,   1.0
 0.040620276235853514, -0.09705247424446051,   5.960799189075417,  49.7907322653457,39.525873489946754,0.18998685219724293,290.58604356199027, 40.450582419911335,370097.63686741714,      0.0,370097.63686741714,   1.0
 0.040620276235853514, -0.09705247424446051,   5.960799189075417,  49.7907322653457, 39.52587248994676,0.18998785219724293,290.58604356199027, 40.450582419911335,370097.63674665155,      0.0,370097.63674665155,   1.0
 0.040620276235853514, -0.09705247424446051,   5.960799189075417,  49.7907322653457, 39.52587248994676,0.18998685219724293,290.58604456199026, 40.450582419911335,370097.63682380185,      0.0,370097.63682380185,   1.0
 0.040620276235853514, -0.09705247424446051,   5.960799189075417,  49.7907322653457, 39.52587248994676,0.18998685219724293,290.58604356199027,  40.45058341991133,370097.63685269916,      0.0,370097.63685269916,   1.0
  0.04052125172514744, -0.09685559432704173,   5.954644400125597,49.784964319763326, 39.53600902834466, 0.1899755055999875, 290.5466171263487,  40.53377983025818,370098.60966881295,      0.0,370098.60966881295,   1.0
 0.040522251725147444, -0.09685559432704173,   5.954644400125597,49.784964319763326, 39.53600902834466, 0.1899755055999875, 290.5466171263487,  40.53377983025818,370098.60843023803,      0.0,370098.60843023803,   1.0
  0.04052125172514744, -0.09685459432704173,   5.954644400125597,49.784964319763326, 39.53600902834466, 0.1899755055999875, 290.5466171263487,  40.53377983025818,370098.60783103236,      0.0,370098.60783103236,   1.0
  0.04052125172514744, -0.09685559432704173,   5.954645400125597,49.784964319763326, 39.53600902834466, 0.1899755055999875, 290.5466171263487,  40.53377983025818, 370098.6097670083,      0.0, 370098.6097670083,   1.0
  0.04052125172514744, -0.09685559432704173,   5.954644400125597, 49.78496531976332, 39.53600902834466, 0.1899755055999875, 290.5466171263487,  40.53377983025818,370098.60959960555,      0.0,370098.60959960555,   1.0
  0.04052125172514744, -0.09685559432704173,   5.954644400125597,49.784964319763326,39.536010028344656, 0.1899755055999875, 290.5466171263487,  40.53377983025818, 370098.6096874862,      0.0, 370098.6096874862,   1.0
  0.04052125172514744, -0.09685559432704173,   5.954644400125597,49.784964319763326, 39.53600902834466, 0.1899765055999875, 290.5466171263487,  40.53377983025818,370098.60950273665,      0.0,370098.60950273665,   1.0
  0.04052125172514744, -0.09685559432704173,   5.954644400125597,49.784964319763326, 39.53600902834466, 0.1899755055999875, 290.5466181263487,  40.53377983025818,370098.60964459006,      0.0,370098.60964459006,   1.0
  0.04052125172514744, -0.09685559432704173,   5.954644400125597,49.784964319763326, 39.53600902834466, 0.1899755055999875, 290.5466171263487,  40.53378083025818, 370098.6096693162,      0.0, 370098.6096693162,   1.0
 0.040379897291440155, -0.09651017380841656,   5.959386234530288, 49.76761678752387,  39.5601098411183, 0.1899245342123869, 290.4884993558258,  40.66715141987559,370101.14727696124,      0.0,370101.14727696124,   1.0
 0.040380897291440156, -0.09651017380841656,   5.959386234530288, 49.76761678752387,  39.5601098411183, 0.1899245342123869, 290.4884993558258,  40.66715141987559, 370101.1451750209,      0.0, 370101.1451750209,   1.0
 0.040379897291440155, -0.09650917380841656,   5.959386234530288, 49.76761678752387,  39.5601098411183, 0.1899245342123869, 290.4884993558258,  40.66715141987559,370101.14419113443,      0.0,370101.14419113443,   1.0
 0.040379897291440155, -0.09651017380841656,   5.959387234530288, 49.76761678752387,  39.5601098411183, 0.1899245342123869, 290.4884993558258,  40.66715141987559,370101.14737801946,      0.0,370101.14737801946,   1.0
 0.040379897291440155, -0.09651017380841656,   5.959386234530288, 49.76761778752387,  39.5601098411183, 0.1899245342123869, 290.4884993558258,  40.66715141987559,370101.14720827504,      0.0,370101.14720827504,   1.0
 0.040379897291440155, -0.09651017380841656,   5.959386234530288, 49.76761678752387,39.560110841118295, 0.1899245342123869, 290.4884993558258,  40.66715141987559, 370101.1472943578,      0.0, 370101.1472943578,   1.0
 0.040379897291440155, -0.09651017380841656,   5.959386234530288, 49.76761678752387,  39.5601098411183, 0.1899255342123869, 290.4884993558258,  40.66715141987559, 370101.1470143786,      0.0, 370101.1470143786,   1.0
 0.040379897291440155, -0.09651017380841656,   5.959386234530288, 49.76761678752387,  39.5601098411183, 0.1899245342123869, 290.4885003558258,  40.66715141987559, 370101.1472529987,      0.0, 370101.1472529987,   1.0
 0.040379897291440155, -0.09651017380841656,   5.959386234530288, 49.76761678752387,  39.5601098411183, 0.1899245342123869, 290.4884993558258, 40.667152419875585, 370101.1472710278,      0.0, 370101.1472710278,   1.0
  0.04019844520755849, -0.09589196615795735,   6.004275465874471,49.718865038717766, 39.61662036840186, 0.1897540621372493, 290.4079634641878,  40.87648901102288, 370107.6663987712,      0.0, 370107.6663987712,   1.0
  0.04019944520755849, -0.09589196615795735,   6.004275465874471,49.718865038717766, 39.61662036840186, 0.1897540621372493, 290.4079634641878,  40.87648901102288, 370107.6629161628,      0.0, 370107.6629161628,   1.0
  0.04019844520755849, -0.09589096615795735,   6.004275465874471,49.718865038717766, 39.61662036840186, 0.1897540621372493, 290.4079634641878,  40.87648901102288, 370107.6613530184,      0.0, 370107.6613530184,   1.0
  0.04019844520755849, -0.09589196615795735,   6.004276465874471,49.718865038717766, 39.61662036840186, 0.1897540621372493, 290.4079634641878,  40.87648901102288,  370107.666504042,      0.0,  370107.666504042,   1.0
  0.04019844520755849, -0.09589196615795735,   6.004275465874471, 49.71886603871776, 39.61662036840186, 0.1897540621372493, 290.4079634641878,  40.87648901102288,  370107.666330868,      0.0,  370107.666330868,   1.0
  0.04019844520755849, -0.09589196615795735,   6.004275465874471,49.718865038717766, 39.61662136840186, 0.1897540621372493, 290.4079634641878,  40.87648901102288, 370107.6664132604,      0.0, 370107.6664132604,   1.0
  0.04019844520755849, -0.09589196615795735,   6.004275465874471,49.718865038717766, 39.61662036840186, 0.1897550621372493, 290.4079634641878,  40.87648901102288, 370107.6659995133,      0.0, 370107.6659995133,   1.0
  0.04019844520755849, -0.09589196615795735,   6.004275465874471,49.718865038717766, 39.61662036840186, 0.1897540621372493, 290.4079644641878,  40.87648901102288, 370107.6663752208,      0.0, 370107.6663752208,   1.0
  0.04019844520755849, -0.09589196615795735,   6.004275465874471,49.718865038717766, 39.61662036840186, 0.1897540621372493, 290.4079634641878,  40.87649001102288,370107.66638270643,      0.0,370107.66638270643,   1.0
  0.04002438891541408,  -0.0947241169761809,   6.170393695337367,49.587671575752786,39.747556223051156, 0.1892701586914632,290.31153867284274,  41.18871390826103,370124.11774945696,      0.0,370124.11774945696,   1.0
  0.04002538891541408,  -0.0947241169761809,   6.170393695337367,49.587671575752786,39.747556223051156, 0.1892701586914632,290.31153867284274,  41.18871390826103,370124.11199995474,      0.0,370124.11199995474,   1.0
  0.04002438891541408,  -0.0947231169761809,   6.170393695337367,49.587671575752786,39.747556223051156, 0.1892701586914632,290.31153867284274,  41.18871390826103,370124.10958038963,      0.0,370124.10958038963,   1.0
  0.04002438891541408,  -0.0947241169761809,   6.170394695337367,49.587671575752786,39.747556223051156, 0.1892701586914632,290.31153867284274,  41.18871390826103, 370124.1178607869,      0.0, 370124.1178607869,   1.0
  0.04002438891541408,  -0.0947241169761809,   6.170393695337367,49.587672575752784,39.747556223051156, 0.1892701586914632,290.31153867284274,  41.18871390826103,370124.11768307403,      0.0,370124.11768307403,   1.0
  0.04002438891541408,  -0.0947241169761809,   6.170393695337367,49.587671575752786, 39.74755722305115, 0.1892701586914632,290.31153867284274,  41.18871390826103, 370124.1177574228,      0.0, 370124.1177574228,   1.0
  0.04002438891541408,  -0.0947241169761809,   6.170393695337367,49.587671575752786,39.747556223051156, 0.1892711586914632,290.31153867284274,  41.18871390826103, 370124.1171025533,      0.0, 370124.1171025533,   1.0
  0.04002438891541408,  -0.0947241169761809,   6.170393695337367,49.587671575752786,39.747556223051156, 0.1892701586914632,290.31153967284274,  41.18871390826103,370124.11772665894,      0.0,370124.11772665894,   1.0
  0.04002438891541408,  -0.0947241169761809,   6.170393695337367,49.587671575752786,39.747556223051156, 0.1892701586914632,290.31153867284274, 41.188714908261026,370124.11771824374,      0.0,370124.11771824374,   1.0
  0.04005603860374122, -0.09294849214494992,  6.6375167862443964, 49.25677267665875, 40.04562847962187,0.18789715052222203, 290.1988701136842, 41.683340487208014, 370163.3689813791,      0.0, 370163.3689813791,   1.0
  0.04005703860374122, -0.09294849214494992,  6.6375167862443964, 49.25677267665875, 40.04562847962187,0.18789715052222203, 290.1988701136842, 41.683340487208014,370163.36121078546,      0.0,370163.36121078546,   1.0
  0.04005603860374122, -0.09294749214494992,  6.6375167862443964, 49.25677267665875, 40.04562847962187,0.18789715052222203, 290.1988701136842, 41.683340487208014,370163.35817749007,      0.0,370163.35817749007,   1.0
  0.04005603860374122, -0.09294849214494992,   6.637517786244397, 49.25677267665875, 40.04562847962187,0.18789715052222203, 290.1988701136842, 41.683340487208014,370163.36909465917,      0.0,370163.36909465917,   1.0
  0.04005603860374122, -0.09294849214494992,  6.6375167862443964,49.256773676658746, 40.04562847962187,0.18789715052222203, 290.1988701136842, 41.683340487208014,370163.36891680595,      0.0,370163.36891680595,   1.0
  0.04005603860374122, -0.09294849214494992,  6.6375167862443964, 49.25677267665875,40.045629479621866,0.18789715052222203, 290.1988701136842, 41.683340487208014, 370163.3689744127,      0.0, 370163.3689744127,   1.0
  0.04005603860374122, -0.09294849214494992,  6.6375167862443964, 49.25677267665875, 40.04562847962187,0.18789815052222203, 290.1988701136842, 41.683340487208014,370163.36820361257,      0.0,370163.36820361257,   1.0
  0.04005603860374122, -0.09294849214494992,  6.6375167862443964, 49.25677267665875, 40.04562847962187,0.18789715052222203, 290.1988711136842, 41.683340487208014,370163.36895964673,      0.0,370163.36895964673,   1.0
  0.04005603860374122, -0.09294849214494992,  6.6375167862443964, 49.25677267665875, 40.04562847962187,0.18789715052222203, 290.1988701136842,  41.68334148720801,370163.36892600014,      0.0,370163.36892600014,   1.0
  0.04662850095126248, -0.08550171131712936,    8.33037561834395,48.303718494316904, 40.74638504097388,0.18457114299968047,  290.795528239153,  41.19424173366549, 370088.4223026177,      0.0, 370088.4223026177,   1.0
  0.04662950095126248, -0.08550171131712936,    8.33037561834395,48.303718494316904, 40.74638504097388,0.18457114299968047,  290.795528239153,  41.19424173366549,370088.37724730046,      0.0,370088.37724730046,   1.0
  0.04662850095126248, -0.08550071131712936,    8.33037561834395,48.303718494316904, 40.74638504097388,0.18457114299968047,  290.795528239153,  41.19424173366549,370088.36979950505,      0.0,370088.36979950505,   1.0
  0.04662850095126248, -0.08550171131712936,    8.33037661834395,48.303718494316904, 40.74638504097388,0.18457114299968047,  290.795528239153,  41.19424173366549, 370088.4225194131,      0.0, 370088.4225194131,   1.0
  0.04662850095126248, -0.08550171131712936,    8.33037561834395,  48.3037194943169, 40.74638504097388,0.18457114299968047,  290.795528239153,  41.19424173366549, 370088.4222555353,      0.0, 370088.4222555353,   1.0
  0.04662850095126248, -0.08550171131712936,    8.33037561834395,48.303718494316904,40.746386040973874,0.18457114299968047,  290.795528239153,  41.19424173366549, 370088.4222597173,      0.0, 370088.4222597173,   1.0
  0.04662850095126248, -0.08550171131712936,    8.33037561834395,48.303718494316904, 40.74638504097388,0.18457214299968047,  290.795528239153,  41.19424173366549, 370088.4183199985,      0.0, 370088.4183199985,   1.0
  0.04662850095126248, -0.08550171131712936,    8.33037561834395,48.303718494316904, 40.74638504097388,0.18457114299968047,  290.795529239153,  41.19424173366549,370088.42228607606,      0.0,370088.42228607606,   1.0
  0.04662850095126248, -0.08550171131712936,    8.33037561834395,48.303718494316904, 40.74638504097388,0.18457114299968047,  290.795528239153,  41.19424273366549, 370088.4222729893,      0.0, 370088.4222729893,   1.0
  0.04217160735925429, -0.09055149448783402,   7.182420516888794, 48.95000003288181,  40.2711906217886,0.18682656278459214, 290.3909246620744,  41.52590755162868,370185.05489931814,      0.0,370185.05489931814,   1.0
 0.042172607359254294, -0.09055149448783402,   7.182420516888794, 48.95000003288181,  40.2711906217886,0.18682656278459214, 290.3909246620744,  41.52590755162868,370185.03533236246,      0.0,370185.03533236246,   1.0
  0.04217160735925429, -0.09055049448783402,   7.182420516888794, 48.95000003288181,  40.2711906217886,0.18682656278459214, 290.3909246620744,  41.52590755162868, 370185.0307104491,      0.0, 370185.0307104491,   1.0
  0.04217160735925429, -0.09055149448783402,   7.182421516888794, 48.95000003288181,  40.2711906217886,0.18682656278459214, 290.3909246620744,  41.52590755162868, 370185.0550458289,      0.0, 370185.0550458289,   1.0
  0.04217160735925429, -0.09055149448783402,   7.182420516888794, 48.95000103288181,  40.2711906217886,0.18682656278459214, 290.3909246620744,  41.52590755162868, 370185.0548404094,      0.0, 370185.0548404094,   1.0
  0.04217160735925429, -0.09055149448783402,   7.182420516888794, 48.95000003288181,40.271191621788596,0.18682656278459214, 290.3909246620744,  41.52590755162868, 370185.0548808425,      0.0, 370185.0548808425,   1.0
  0.04217160735925429, -0.09055149448783402,   7.182420516888794, 48.95000003288181,  40.2711906217886,0.18682756278459214, 290.3909246620744,  41.52590755162868, 370185.0529587185,      0.0, 370185.0529587185,   1.0
  0.04217160735925429, -0.09055149448783402,   7.182420516888794, 48.95000003288181,  40.2711906217886,0.18682656278459214, 290.3909256620744,  41.52590755162868,370185.05487932876,      0.0,370185.05487932876,   1.0
  0.04217160735925429, -0.09055149448783402,   7.182420516888794, 48.95000003288181,  40.2711906217886,0.18682656278459214, 290.3909246620744, 41.525908551628675, 370185.0548509919,      0.0, 370185.0548509919,   1.0
  0.04244617221685836, -0.08847182672762802,   8.214693331273697, 48.28083590222631, 40.82014027171474,0.18401272709804312, 290.3993687642157, 42.005786505073196,370271.40665276535,      0.0,370271.40665276535,   1.0
  0.04244717221685836, -0.08847182672762802,   8.214693331273697, 48.28083590222631, 40.82014027171474,0.18401272709804312, 290.3993687642157, 42.005786505073196,370271.38963464537,      0.0,370271.38963464537,   1.0
  0.04244617221685836, -0.08847082672762802,   8.214693331273697, 48.28083590222631, 40.82014027171474,0.18401272709804312, 290.3993687642157, 42.005786505073196, 370271.3857164852,      0.0, 370271.3857164852,   1.0
  0.04244617221685836, -0.08847182672762802,   8.214694331273696, 48.28083590222631, 40.82014027171474,0.18401272709804312, 290.3993687642157, 42.005786505073196, 370271.4067803357,      0.0, 370271.4067803357,   1.0
  0.04244617221685836, -0.08847182672762802,   8.214693331273697,48.280836902226305, 40.82014027171474,0.18401272709804312, 290.3993687642157, 42.005786505073196,370271.40659969527,      0.0,370271.40659969527,   1.0
  0.04244617221685836, -0.08847182672762802,   8.214693331273697, 48.28083590222631, 40.82014127171474,0.18401272709804312, 290.3993687642157, 42.005786505073196,370271.40660747915,      0.0,370271.40660747915,   1.0
  0.04244617221685836, -0.08847182672762802,   8.214693331273697, 48.28083590222631, 40.82014027171474,0.18401372709804312, 290.3993687642157, 42.005786505073196, 370271.4043857043,      0.0, 370271.4043857043,   1.0
  0.04244617221685836, -0.08847182672762802,   8.214693331273697, 48.28083590222631, 40.82014027171474,0.18401272709804312, 290.3993697642157, 42.005786505073196, 370271.4066350175,      0.0, 370271.4066350175,   1.0
  0.04244617221685836, -0.08847182672762802,   8.214693331273697, 48.28083590222631, 40.82014027171474,0.18401272709804312, 290.3993687642157, 42.005787505073194, 370271.4065804684,      0.0, 370271.4065804684,   1.0
  0.04295552530050825, -0.08333425080225595,  10.725141869219183, 46.78214516550783, 41.98017802137637, 0.1735462558055919,290.93866124321744,   42.0431803206525, 370419.9969026423,      0.0, 370419.9969026423,   1.0
  0.04295652530050825, -0.08333425080225595,  10.725141869219183, 46.78214516550783, 41.98017802137637, 0.1735462558055919,290.93866124321744,   42.0431803206525, 370419.9873111364,      0.0, 370419.9873111364,   1.0
  0.04295552530050825, -0.08333325080225595,  10.725141869219183, 46.78214516550783, 41.98017802137637, 0.1735462558055919,290.93866124321744,   42.0431803206525,370419.98367557203,      0.0,370419.98367557203,   1.0
  0.04295552530050825, -0.08333425080225595,  10.725142869219182, 46.78214516550783, 41.98017802137637, 0.1735462558055919,290.93866124321744,   42.0431803206525, 370419.9969824673,      0.0, 370419.9969824673,   1.0
  0.04295552530050825, -0.08333425080225595,  10.725141869219183,46.782146165507825, 41.98017802137637, 0.1735462558055919,290.93866124321744,   42.0431803206525,370419.99680565944,      0.0,370419.99680565944,   1.0
  0.04295552530050825, -0.08333425080225595,  10.725141869219183, 46.78214516550783,41.980179021376365, 0.1735462558055919,290.93866124321744,   42.0431803206525,370419.99679966434,      0.0,370419.99679966434,   1.0
  0.04295552530050825, -0.08333425080225595,  10.725141869219183, 46.78214516550783, 41.98017802137637, 0.1735472558055919,290.93866124321744,   42.0431803206525,370420.00473993237,      0.0,370420.00473993237,   1.0
  0.04295552530050825, -0.08333425080225595,  10.725141869219183, 46.78214516550783, 41.98017802137637, 0.1735462558055919,290.93866224321744,   42.0431803206525, 370419.9968746818,      0.0, 370419.9968746818,   1.0
  0.04295552530050825, -0.08333425080225595,  10.725141869219183, 46.78214516550783, 41.98017802137637, 0.1735462558055919,290.93866124321744,   42.0431813206525, 370419.9968194226,      0.0, 370419.9968194226,   1.0
  0.04414483343708189, -0.08115648829361681,  12.763469515203347,45.642662073476494, 42.80006167792002,0.17511600915988515, 291.6933669466082,   41.3489663646626,370469.13461943937,      0.0,370469.13461943937,   1.0
 0.044145833437081894, -0.08115648829361681,  12.763469515203347,45.642662073476494, 42.80006167792002,0.17511600915988515, 291.6933669466082,   41.3489663646626,370469.13611539156,      0.0,370469.13611539156,   1.0
  0.04414483343708189, -0.08115548829361681,  12.763469515203347,45.642662073476494, 42.80006167792002,0.17511600915988515, 291.6933669466082,   41.3489663646626,370469.13287305663,      0.0,370469.13287305663,   1.0
  0.04414483343708189, -0.08115648829361681,  12.763470515203347,45.642662073476494, 42.80006167792002,0.17511600915988515, 291.6933669466082,   41.3489663646626,370469.13464533945,      0.0,370469.13464533945,   1.0
  0.04414483343708189, -0.08115648829361681,  12.763469515203347, 45.64266307347649, 42.80006167792002,0.17511600915988515, 291.6933669466082,   41.3489663646626, 370469.1346609195,      0.0, 370469.1346609195,   1.0
  0.04414483343708189, -0.08115648829361681,  12.763469515203347,45.642662073476494, 42.80006267792002,0.17511600915988515, 291.6933669466082,   41.3489663646626,370469.13447462005,      0.0,370469.13447462005,   1.0
  0.04414483343708189, -0.08115648829361681,  12.763469515203347,45.642662073476494, 42.80006167792002,0.17511700915988515, 291.6933669466082,   41.3489663646626,  370469.120852825,      0.0,  370469.120852825,   1.0
  0.04414483343708189, -0.08115648829361681,  12.763469515203347,45.642662073476494, 42.80006167792002,0.17511600915988515, 291.6933679466082,   41.3489663646626, 370469.1346250442,      0.0, 370469.1346250442,   1.0
  0.04414483343708189, -0.08115648829361681,  12.763469515203347,45.642662073476494, 42.80006167792002,0.17511600915988515, 291.6933669466082,   41.3489673646626, 370469.1345838009,      0.0, 370469.1345838009,   1.0
  0.04474096726179028, -0.08338082628665576,  12.145966666030738, 46.07605852929589, 42.41856029766736,0.17318760527494148, 291.8240013080432,  40.74962078924684, 370537.5647660268,      0.0, 370537.5647660268,   1.0
 0.044741967261790284, -0.08338082628665576,  12.145966666030738, 46.07605852929589, 42.41856029766736,0.17318760527494148, 291.8240013080432,  40.74962078924684, 370537.5653241781,      0.0, 370537.5653241781,   1.0
  0.04474096726179028, -0.08337982628665576,  12.145966666030738, 46.07605852929589, 42.41856029766736,0.17318760527494148, 291.8240013080432,  40.74962078924684, 370537.5633894211,      0.0, 370537.5633894211,   1.0
  0.04474096726179028, -0.08338082628665576,  12.145967666030737, 46.07605852929589, 42.41856029766736,0.17318760527494148, 291.8240013080432,  40.74962078924684,370537.56480038865,      0.0,370537.56480038865,   1.0
  0.04474096726179028, -0.08338082628665576,  12.145966666030738, 46.07605952929589, 42.41856029766736,0.17318760527494148, 291.8240013080432,  40.74962078924684, 370537.5647287133,      0.0, 370537.5647287133,   1.0
  0.04474096726179028, -0.08338082628665576,  12.145966666030738, 46.07605852929589, 42.41856129766736,0.17318760527494148, 291.8240013080432,  40.74962078924684, 370537.5646384562,      0.0, 370537.5646384562,   1.0
  0.04474096726179028, -0.08338082628665576,  12.145966666030738, 46.07605852929589, 42.41856029766736,0.17318860527494148, 291.8240013080432,  40.74962078924684,370537.56343370926,      0.0,370537.56343370926,   1.0
  0.04474096726179028, -0.08338082628665576,  12.145966666030738, 46.07605852929589, 42.41856029766736,0.17318760527494148, 291.8240023080432,  40.74962078924684,370537.56475248485,      0.0,370537.56475248485,   1.0
  0.04474096726179028, -0.08338082628665576,  12.145966666030738, 46.07605852929589, 42.41856029766736,0.17318760527494148, 291.8240013080432,  40.74962178924684,370537.56474868784,      0.0,370537.56474868784,   1.0
   0.0459219398385979, -0.08454576560449513,  12.139945080596794, 46.13638272062465, 42.32863780301594,0.17286926419386606, 292.0542553463962,  40.22475061653259,370547.12679779244,      0.0,370547.12679779244,   1.0
   0.0459229398385979, -0.08454576560449513,  12.139945080596794, 46.13638272062465, 42.32863780301594,0.17286926419386606, 292.0542553463962,  40.22475061653259,370547.12711107504,      0.0,370547.12711107504,   1.0
   0.0459219398385979, -0.08454476560449513,  12.139945080596794, 46.13638272062465, 42.32863780301594,0.17286926419386606, 292.0542553463962,  40.22475061653259,370547.12625585333,      0.0,370547.12625585333,   1.0
   0.0459219398385979, -0.08454576560449513,  12.139946080596793, 46.13638272062465, 42.32863780301594,0.17286926419386606, 292.0542553463962,  40.22475061653259, 370547.1268320581,      0.0, 370547.1268320581,   1.0
   0.0459219398385979, -0.08454576560449513,  12.139945080596794, 46.13638372062465, 42.32863780301594,0.17286926419386606, 292.0542553463962,  40.22475061653259, 370547.1267487866,      0.0, 370547.1267487866,   1.0
   0.0459219398385979, -0.08454576560449513,  12.139945080596794, 46.13638272062465,42.328638803015934,0.17286926419386606, 292.0542553463962,  40.22475061653259,370547.12667347956,      0.0,370547.12667347956,   1.0
   0.0459219398385979, -0.08454576560449513,  12.139945080596794, 46.13638272062465, 42.32863780301594,0.17287026419386606, 292.0542553463962,  40.22475061653259, 370547.1274129792,      0.0, 370547.1274129792,   1.0
   0.0459219398385979, -0.08454576560449513,  12.139945080596794, 46.13638272062465, 42.32863780301594,0.17286926419386606, 292.0542563463962,  40.22475061653259,370547.12678105064,      0.0,370547.12678105064,   1.0
   0.0459219398385979, -0.08454576560449513,  12.139945080596794, 46.13638272062465, 42.32863780301594,0.17286926419386606, 292.0542553463962, 40.224751616532586, 370547.1268046607,      0.0, 370547.1268046607,   1.0
  0.04755101873753905, -0.08594866325685456,  12.175221130441887, 46.11607892405036,  42.3404602252876, 0.1730353635278122, 292.0659670973092,  40.21028141173594,370547.67215424264,      0.0,370547.67215424264,   1.0
  0.04755201873753905, -0.08594866325685456,  12.175221130441887, 46.11607892405036,  42.3404602252876, 0.1730353635278122, 292.0659670973092,  40.21028141173594,370547.67165174184,      0.0,370547.67165174184,   1.0
  0.04755101873753905, -0.08594766325685456,  12.175221130441887, 46.11607892405036,  42.3404602252876, 0.1730353635278122, 292.0659670973092,  40.21028141173594, 370547.6722812851,      0.0, 370547.6722812851,   1.0
  0.04755101873753905, -0.08594866325685456,  12.175222130441886, 46.11607892405036,  42.3404602252876, 0.1730353635278122, 292.0659670973092,  40.21028141173594, 370547.6721885949,      0.0, 370547.6721885949,   1.0
  0.04755101873753905, -0.08594866325685456,  12.175221130441887, 46.11607992405036,  42.3404602252876, 0.1730353635278122, 292.0659670973092,  40.21028141173594,370547.67211055465,      0.0,370547.67211055465,   1.0
  0.04755101873753905, -0.08594866325685456,  12.175221130441887, 46.11607892405036,  42.3404612252876, 0.1730353635278122, 292.0659670973092,  40.21028141173594,370547.67202867765,      0.0,370547.67202867765,   1.0
  0.04755101873753905, -0.08594866325685456,  12.175221130441887, 46.11607892405036,  42.3404602252876, 0.1730363635278122, 292.0659670973092,  40.21028141173594, 370547.6718860669,      0.0, 370547.6718860669,   1.0
  0.04755101873753905, -0.08594866325685456,  12.175221130441887, 46.11607892405036,  42.3404602252876, 0.1730353635278122, 292.0659680973092,  40.21028141173594,370547.67213879013,      0.0,370547.67213879013,   1.0
  0.04755101873753905, -0.08594866325685456,  12.175221130441887, 46.11607892405036,  42.3404602252876, 0.1730353635278122, 292.0659670973092,  40.21028241173594,370547.67216237035,      0.0,370547.67216237035,   1.0
  0.04705719716474034, -0.08557558421593431,  12.167263999497486, 46.12159248685633,42.333976916369636,  0.172980569995641,292.06784850373947,  40.19883935583057,  370548.040617077,      0.0,  370548.040617077,   1.0
  0.04705819716474034, -0.08557558421593431,  12.167263999497486, 46.12159248685633,42.333976916369636,  0.172980569995641,292.06784850373947,  40.19883935583057, 370548.0406248143,      0.0, 370548.0406248143,   1.0
  0.04705719716474034, -0.08557458421593431,  12.167263999497486, 46.12159248685633,42.333976916369636,  0.172980569995641,292.06784850373947,  40.19883935583057,370548.04084717424,      0.0,370548.04084717424,   1.0
  0.04705719716474034, -0.08557558421593431,  12.167264999497485, 46.12159248685633,42.333976916369636,  0.172980569995641,292.06784850373947,  40.19883935583057, 370548.0406505594,      0.0, 370548.0406505594,   1.0
  0.04705719716474034, -0.08557558421593431,  12.167263999497486, 46.12159348685633,42.333976916369636,  0.172980569995641,292.06784850373947,  40.19883935583057,370548.04057181615,      0.0,370548.04057181615,   1.0
  0.04705719716474034, -0.08557558421593431,  12.167263999497486, 46.12159248685633, 42.33397791636963,  0.172980569995641,292.06784850373947,  40.19883935583057,370548.04049202165,      0.0,370548.04049202165,   1.0
  0.04705719716474034, -0.08557558421593431,  12.167263999497486, 46.12159248685633,42.333976916369636,  0.172981569995641,292.06784850373947,  40.19883935583057,370548.04061682144,      0.0,370548.04061682144,   1.0
  0.04705719716474034, -0.08557558421593431,  12.167263999497486, 46.12159248685633,42.333976916369636,  0.172980569995641,292.06784950373947,  40.19883935583057,   370548.04060123,      0.0,   370548.04060123,   1.0
  0.04705719716474034, -0.08557558421593431,  12.167263999497486, 46.12159248685633,42.333976916369636,  0.172980569995641,292.06784850373947,  40.19884035583057,370548.04062560503,      0.0,370548.04062560503,   1.0
 0.046538296057113335, -0.08516914348312363,  12.158692565434231,46.126084285626774, 42.32454599109726, 0.1729104792333976, 292.0653602724582, 40.187965334275326, 370548.6347080355,      0.0, 370548.6347080355,   1.0
 0.046539296057113336, -0.08516914348312363,  12.158692565434231,46.126084285626774, 42.32454599109726, 0.1729104792333976, 292.0653602724582, 40.187965334275326, 370548.6351874956,      0.0, 370548.6351874956,   1.0
 0.046538296057113335, -0.08516814348312363,  12.158692565434231,46.126084285626774, 42.32454599109726, 0.1729104792333976, 292.0653602724582, 40.187965334275326, 370548.6349694356,      0.0, 370548.6349694356,   1.0
 0.046538296057113335, -0.08516914348312363,   12.15869356543423,46.126084285626774, 42.32454599109726, 0.1729104792333976, 292.0653602724582, 40.187965334275326,370548.63474081486,      0.0,370548.63474081486,   1.0
 0.046538296057113335, -0.08516914348312363,  12.158692565434231, 46.12608528562677, 42.32454599109726, 0.1729104792333976, 292.0653602724582, 40.187965334275326,370548.63466118346,      0.0,370548.63466118346,   1.0
 0.046538296057113335, -0.08516914348312363,  12.158692565434231,46.126084285626774, 42.32454699109726, 0.1729104792333976, 292.0653602724582, 40.187965334275326,370548.63458364626,      0.0,370548.63458364626,   1.0
 0.046538296057113335, -0.08516914348312363,  12.158692565434231,46.126084285626774, 42.32454599109726, 0.1729114792333976, 292.0653602724582, 40.187965334275326,370548.63498415163,      0.0,370548.63498415163,   1.0
 0.046538296057113335, -0.08516914348312363,  12.158692565434231,46.126084285626774, 42.32454599109726, 0.1729104792333976, 292.0653612724582, 40.187965334275326, 370548.6346917903,      0.0, 370548.6346917903,   1.0
 0.046538296057113335, -0.08516914348312363,  12.158692565434231,46.126084285626774, 42.32454599109726, 0.1729104792333976, 292.0653602724582,  40.18796633427532,  370548.634716937,      0.0,  370548.634716937,   1.0
  0.04563927830703883, -0.08446281442176981,  12.146383008619503, 46.12880787243828, 42.30195106224616,0.17273169883079248, 292.0509916518471,  40.16916852129212,370550.27341514046,      0.0,370550.27341514046,   1.0
  0.04564027830703883, -0.08446281442176981,  12.146383008619503, 46.12880787243828, 42.30195106224616,0.17273169883079248, 292.0509916518471,  40.16916852129212,  370550.274735893,      0.0,  370550.274735893,   1.0
  0.04563927830703883, -0.08446181442176981,  12.146383008619503, 46.12880787243828, 42.30195106224616,0.17273169883079248, 292.0509916518471,  40.16916852129212, 370550.2737541897,      0.0, 370550.2737541897,   1.0
  0.04563927830703883, -0.08446281442176981,  12.146384008619503, 46.12880787243828, 42.30195106224616,0.17273169883079248, 292.0509916518471,  40.16916852129212, 370550.2734466133,      0.0, 370550.2734466133,   1.0
  0.04563927830703883, -0.08446281442176981,  12.146383008619503, 46.12880887243828, 42.30195106224616,0.17273169883079248, 292.0509916518471,  40.16916852129212, 370550.2733654242,      0.0, 370550.2733654242,   1.0
  0.04563927830703883, -0.08446281442176981,  12.146383008619503, 46.12880787243828, 42.30195206224616,0.17273169883079248, 292.0509916518471,  40.16916852129212,370550.27329220966,      0.0,370550.27329220966,   1.0
  0.04563927830703883, -0.08446281442176981,  12.146383008619503, 46.12880787243828, 42.30195106224616,0.17273269883079248, 292.0509916518471,  40.16916852129212, 370550.2742096659,      0.0, 370550.2742096659,   1.0
  0.04563927830703883, -0.08446281442176981,  12.146383008619503, 46.12880787243828, 42.30195106224616,0.17273169883079248, 292.0509926518471,  40.16916852129212,370550.27339818137,      0.0,370550.27339818137,   1.0
  0.04563927830703883, -0.08446281442176981,  12.146383008619503, 46.12880787243828, 42.30195106224616,0.17273169883079248, 292.0509916518471,  40.16916952129212, 370550.2734246826,      0.0, 370550.2734246826,   1.0
 0.044336249892514654,  -0.0834141191056397,   12.13826985242144, 46.11803258724069, 42.25586096903219, 0.1723356035842227,292.00531811762033, 40.144390312392034,370554.15249680507,      0.0,370554.15249680507,   1.0
 0.044337249892514655,  -0.0834141191056397,   12.13826985242144, 46.11803258724069, 42.25586096903219, 0.1723356035842227,292.00531811762033, 40.144390312392034, 370554.1550495403,      0.0, 370554.1550495403,   1.0
 0.044336249892514654,  -0.0834131191056397,   12.13826985242144, 46.11803258724069, 42.25586096903219, 0.1723356035842227,292.00531811762033, 40.144390312392034, 370554.1529475573,      0.0, 370554.1529475573,   1.0
 0.044336249892514654,  -0.0834141191056397,  12.138270852421439, 46.11803258724069, 42.25586096903219, 0.1723356035842227,292.00531811762033, 40.144390312392034, 370554.1525262836,      0.0, 370554.1525262836,   1.0
 0.044336249892514654,  -0.0834141191056397,   12.13826985242144, 46.11803358724069, 42.25586096903219, 0.1723356035842227,292.00531811762033, 40.144390312392034,370554.15244296665,      0.0,370554.15244296665,   1.0
 0.044336249892514654,  -0.0834141191056397,   12.13826985242144, 46.11803258724069, 42.25586196903219, 0.1723356035842227,292.00531811762033, 40.144390312392034, 370554.1523766384,      0.0, 370554.1523766384,   1.0
 0.044336249892514654,  -0.0834141191056397,   12.13826985242144, 46.11803258724069, 42.25586096903219, 0.1723366035842227,292.00531811762033, 40.144390312392034, 370554.1540927654,      0.0, 370554.1540927654,   1.0
 0.044336249892514654,  -0.0834141191056397,   12.13826985242144, 46.11803258724069, 42.25586096903219, 0.1723356035842227,292.00531911762033, 40.144390312392034,370554.15247882705,      0.0,370554.15247882705,   1.0
 0.044336249892514654,  -0.0834141191056397,   12.13826985242144, 46.11803258724069, 42.25586096903219, 0.1723356035842227,292.00531811762033,  40.14439131239203,370554.15250717703,      0.0,370554.15250717703,   1.0
  0.04243008478095711, -0.08134326382144505,  12.199730197286453, 46.03580972284983, 42.17090353454211,0.17120599630057248, 291.8875180987537, 40.099739366888784,370563.77780808514,      0.0,370563.77780808514,   1.0
  0.04243108478095711, -0.08134326382144505,  12.199730197286453, 46.03580972284983, 42.17090353454211,0.17120599630057248, 291.8875180987537, 40.099739366888784,  370563.780777737,      0.0,  370563.780777737,   1.0
  0.04243008478095711, -0.08134226382144505,  12.199730197286453, 46.03580972284983, 42.17090353454211,0.17120599630057248, 291.8875180987537, 40.099739366888784, 370563.7766476258,      0.0, 370563.7766476258,   1.0
  0.04243008478095711, -0.08134326382144505,  12.199731197286452, 46.03580972284983, 42.17090353454211,0.17120599630057248, 291.8875180987537, 40.099739366888784,370563.77783850295,      0.0,370563.77783850295,   1.0
  0.04243008478095711, -0.08134326382144505,  12.199730197286453,46.035810722849824, 42.17090353454211,0.17120599630057248, 291.8875180987537, 40.099739366888784, 370563.7777479417,      0.0, 370563.7777479417,   1.0
  0.04243008478095711, -0.08134326382144505,  12.199730197286453, 46.03580972284983, 42.17090453454211,0.17120599630057248, 291.8875180987537, 40.099739366888784,370563.77769297047,      0.0,370563.77769297047,   1.0
  0.04243008478095711, -0.08134326382144505,  12.199730197286453, 46.03580972284983, 42.17090353454211,0.17120699630057248, 291.8875180987537, 40.099739366888784,370563.78082063317,      0.0,370563.78082063317,   1.0
  0.04243008478095711, -0.08134326382144505,  12.199730197286453, 46.03580972284983, 42.17090353454211,0.17120599630057248,291.88751909875367, 40.099739366888784, 370563.7777885908,      0.0, 370563.7777885908,   1.0
  0.04243008478095711, -0.08134326382144505,  12.199730197286453, 46.03580972284983, 42.17090353454211,0.17120599630057248, 291.8875180987537,  40.09974036688878,370563.77782011905,      0.0,370563.77782011905,   1.0
 0.035422551646934294, -0.08181633890490345,  11.613079274872202, 46.16409905340571, 41.46987809335734,0.17037414553013508,291.08643900070507,  40.18260251874122, 370526.0628955971,      0.0, 370526.0628955971,   1.0
 0.035423551646934295, -0.08181633890490345,  11.613079274872202, 46.16409905340571, 41.46987809335734,0.17037414553013508,291.08643900070507,  40.18260251874122, 370526.0906330305,      0.0, 370526.0906330305,   1.0
 0.035422551646934294, -0.08181533890490345,  11.613079274872202, 46.16409905340571, 41.46987809335734,0.17037414553013508,291.08643900070507,  40.18260251874122,370526.08564264455,      0.0,370526.08564264455,   1.0
 0.035422551646934294, -0.08181633890490345,  11.613080274872202, 46.16409905340571, 41.46987809335734,0.17037414553013508,291.08643900070507,  40.18260251874122, 370526.0628619513,      0.0, 370526.0628619513,   1.0
 0.035422551646934294, -0.08181633890490345,  11.613079274872202,46.164100053405704, 41.46987809335734,0.17037414553013508,291.08643900070507,  40.18260251874122, 370526.0628276878,      0.0, 370526.0628276878,   1.0
 0.035422551646934294, -0.08181633890490345,  11.613079274872202, 46.16409905340571,41.469879093357335,0.17037414553013508,291.08643900070507,  40.18260251874122,370526.06281294307,      0.0,370526.06281294307,   1.0
 0.035422551646934294, -0.08181633890490345,  11.613079274872202, 46.16409905340571, 41.46987809335734,0.17037514553013508,291.08643900070507,  40.18260251874122, 370526.0678344829,      0.0, 370526.0678344829,   1.0
 0.035422551646934294, -0.08181633890490345,  11.613079274872202, 46.16409905340571, 41.46987809335734,0.17037414553013508,291.08644000070507,  40.18260251874122,370526.06287407817,      0.0,370526.06287407817,   1.0
 0.035422551646934294, -0.08181633890490345,  11.613079274872202, 46.16409905340571, 41.46987809335734,0.17037414553013508,291.08643900070507,  40.18260351874122, 370526.0629053496,      0.0, 370526.0629053496,   1.0
 0.040479172508197984, -0.08147496894057957,  12.036405320689488, 46.07152574797004,41.975736546307175,0.17097440725973426,291.66449595758877,  40.12280864630803,370570.57284293993,      0.0,370570.57284293993,   1.0
 0.040480172508197985, -0.08147496894057957,  12.036405320689488, 46.07152574797004,41.975736546307175,0.17097440725973426,291.66449595758877,  40.12280864630803,370570.58286107396,      0.0,370570.58286107396,   1.0
 0.040479172508197984, -0.08147396894057957,  12.036405320689488, 46.07152574797004,41.975736546307175,0.17097440725973426,291.66449595758877,  40.12280864630803, 370570.5783776365,      0.0, 370570.5783776365,   1.0
 0.040479172508197984, -0.08147496894057957,  12.036406320689487, 46.07152574797004,41.975736546307175,0.17097440725973426,291.66449595758877,  40.12280864630803, 370570.5728551867,      0.0, 370570.5728551867,   1.0
 0.040479172508197984, -0.08147496894057957,  12.036405320689488, 46.07152674797004,41.975736546307175,0.17097440725973426,291.66449595758877,  40.12280864630803,370570.57278074283,      0.0,370570.57278074283,   1.0
 0.040479172508197984, -0.08147496894057957,  12.036405320689488, 46.07152574797004, 41.97573754630717,0.17097440725973426,291.66449595758877,  40.12280864630803, 370570.5727374224,      0.0, 370570.5727374224,   1.0
 0.040479172508197984, -0.08147496894057957,  12.036405320689488, 46.07152574797004,41.975736546307175,0.17097540725973426,291.66449595758877,  40.12280864630803,370570.57635573536,      0.0,370570.57635573536,   1.0
 0.040479172508197984, -0.08147496894057957,  12.036405320689488, 46.07152574797004,41.975736546307175,0.17097440725973426,291.66449695758877,  40.12280864630803,370570.57282289537,      0.0,370570.57282289537,   1.0
 0.040479172508197984, -0.08147496894057957,  12.036405320689488, 46.07152574797004,41.975736546307175,0.17097440725973426,291.66449595758877,  40.12280964630803, 370570.5728538918,      0.0, 370570.5728538918,   1.0
 0.038898799290739056, -0.07917153174638349,   12.15231013949316, 45.89171655044877, 41.78270919758935,0.16916574135523998, 291.3626414048494, 40.088201482703425, 370595.3863520807,      0.0, 370595.3863520807,   1.0
  0.03889979929073906, -0.07917153174638349,   12.15231013949316, 45.89171655044877, 41.78270919758935,0.16916574135523998, 291.3626414048494, 40.088201482703425,370595.39483678696,      0.0,370595.39483678696,   1.0
 0.038898799290739056, -0.07917053174638349,   12.15231013949316, 45.89171655044877, 41.78270919758935,0.16916574135523998, 291.3626414048494, 40.088201482703425, 370595.3881723649,      0.0, 370595.3881723649,   1.0
 0.038898799290739056, -0.07917153174638349,   12.15231113949316, 45.89171655044877, 41.78270919758935,0.16916574135523998, 291.3626414048494, 40.088201482703425, 370595.3863709637,      0.0, 370595.3863709637,   1.0
 0.038898799290739056, -0.07917153174638349,   12.15231013949316, 45.89171755044877, 41.78270919758935,0.16916574135523998, 291.3626414048494, 40.088201482703425,370595.38628872606,      0.0,370595.38628872606,   1.0
 0.038898799290739056, -0.07917153174638349,   12.15231013949316, 45.89171655044877,41.782710197589346,0.16916574135523998, 291.3626414048494, 40.088201482703425, 370595.3862572881,      0.0, 370595.3862572881,   1.0
 0.038898799290739056, -0.07917153174638349,   12.15231013949316, 45.89171655044877, 41.78270919758935,0.16916674135523999, 291.3626414048494, 40.088201482703425,370595.39075097075,      0.0,370595.39075097075,   1.0
 0.038898799290739056, -0.07917153174638349,   12.15231013949316, 45.89171655044877, 41.78270919758935,0.16916574135523998, 291.3626424048494, 40.088201482703425, 370595.3863318194,      0.0, 370595.3863318194,   1.0
 0.038898799290739056, -0.07917153174638349,   12.15231013949316, 45.89171655044877, 41.78270919758935,0.16916574135523998, 291.3626414048494,  40.08820248270342, 370595.3863647846,      0.0, 370595.3863647846,   1.0
   0.0375774382366827,  -0.0750166041981349,  12.821865233353614, 45.06787731335386, 41.18323407057694,0.16225340307151678, 290.2428653603144,  40.05371577384773,370675.55731736514,      0.0,370675.55731736514,   1.0
   0.0375784382366827,  -0.0750166041981349,  12.821865233353614, 45.06787731335386, 41.18323407057694,0.16225340307151678, 290.2428653603144,  40.05371577384773, 370675.5616948559,      0.0, 370675.5616948559,   1.0
   0.0375774382366827,  -0.0750156041981349,  12.821865233353614, 45.06787731335386, 41.18323407057694,0.16225340307151678, 290.2428653603144,  40.05371577384773, 370675.5515335313,      0.0, 370675.5515335313,   1.0
   0.0375774382366827,  -0.0750166041981349,  12.821866233353614, 45.06787731335386, 41.18323407057694,0.16225340307151678, 290.2428653603144,  40.05371577384773,  370675.557346927,      0.0,  370675.557346927,   1.0
   0.0375774382366827,  -0.0750166041981349,  12.821865233353614, 45.06787831335386, 41.18323407057694,0.16225340307151678, 290.2428653603144,  40.05371577384773,370675.55726351263,      0.0,370675.55726351263,   1.0
   0.0375774382366827,  -0.0750166041981349,  12.821865233353614, 45.06787731335386,41.183235070576934,0.16225340307151678, 290.2428653603144,  40.05371577384773,370675.55725506623,      0.0,370675.55725506623,   1.0
   0.0375774382366827,  -0.0750166041981349,  12.821865233353614, 45.06787731335386, 41.18323407057694,0.16225440307151678, 290.2428653603144,  40.05371577384773, 370675.5633248228,      0.0, 370675.5633248228,   1.0
   0.0375774382366827,  -0.0750166041981349,  12.821865233353614, 45.06787731335386, 41.18323407057694,0.16225340307151678, 290.2428663603144,  40.05371577384773, 370675.5572995208,      0.0, 370675.5572995208,   1.0
   0.0375774382366827,  -0.0750166041981349,  12.821865233353614, 45.06787731335386, 41.18323407057694,0.16225340307151678, 290.2428653603144, 40.053716773847725,370675.55733367254,      0.0,370675.55733367254,   1.0
  0.04055462953312758, -0.07486910658618863,  13.715190949988331, 44.02164213627034, 40.55515443167874,0.15445286894738885,288.88927334606313,  40.16344750058243,370754.76143616246,      0.0,370754.76143616246,   1.0
  0.04055562953312758, -0.07486910658618863,  13.715190949988331, 44.02164213627034, 40.55515443167874,0.15445286894738885,288.88927334606313,  40.16344750058243,370754.76305520424,      0.0,370754.76305520424,   1.0
  0.04055462953312758, -0.07486810658618863,  13.715190949988331, 44.02164213627034, 40.55515443167874,0.15445286894738885,288.88927334606313,  40.16344750058243,  370754.753791109,      0.0,  370754.753791109,   1.0
  0.04055462953312758, -0.07486910658618863,   13.71519194998833, 44.02164213627034, 40.55515443167874,0.15445286894738885,288.88927334606313,  40.16344750058243, 370754.7614625275,      0.0, 370754.7614625275,   1.0
  0.04055462953312758, -0.07486910658618863,  13.715190949988331,44.021643136270335, 40.55515443167874,0.15445286894738885,288.88927334606313,  40.16344750058243, 370754.7614117816,      0.0, 370754.7614117816,   1.0
  0.04055462953312758, -0.07486910658618863,  13.715190949988331, 44.02164213627034,40.555155431678735,0.15445286894738885,288.88927334606313,  40.16344750058243, 370754.7614054739,      0.0, 370754.7614054739,   1.0
  0.04055462953312758, -0.07486910658618863,  13.715190949988331, 44.02164213627034, 40.55515443167874,0.15445386894738886,288.88927334606313,  40.16344750058243,370754.76721776003,      0.0,370754.76721776003,   1.0
  0.04055462953312758, -0.07486910658618863,  13.715190949988331, 44.02164213627034, 40.55515443167874,0.15445286894738885,288.88927434606313,  40.16344750058243,370754.76142485405,      0.0,370754.76142485405,   1.0
  0.04055462953312758, -0.07486910658618863,  13.715190949988331, 44.02164213627034, 40.55515443167874,0.15445286894738885,288.88927334606313, 40.163448500582426, 370754.7614514014,      0.0, 370754.7614514014,   1.0
 0.043017957781615386, -0.07890963763717342,  12.721468560615037,44.145184224950825,39.323467434510384, 0.1586296219540749,287.20605848971536,  40.69883164344545, 370736.7909661218,      0.0, 370736.7909661218,   1.0
  0.04301895778161539, -0.07890963763717342,  12.721468560615037,44.145184224950825,39.323467434510384, 0.1586296219540749,287.20605848971536,  40.69883164344545,370736.78708972584,      0.0,370736.78708972584,   1.0
 0.043017957781615386, -0.07890863763717341,  12.721468560615037,44.145184224950825,39.323467434510384, 0.1586296219540749,287.20605848971536,  40.69883164344545,370736.77925948903,      0.0,370736.77925948903,   1.0
 0.043017957781615386, -0.07890963763717342,  12.721469560615036,44.145184224950825,39.323467434510384, 0.1586296219540749,287.20605848971536,  40.69883164344545, 370736.7910198766,      0.0, 370736.7910198766,   1.0
 0.043017957781615386, -0.07890963763717342,  12.721468560615037, 44.14518522495082,39.323467434510384, 0.1586296219540749,287.20605848971536,  40.69883164344545, 370736.7910563603,      0.0, 370736.7910563603,   1.0
 0.043017957781615386, -0.07890963763717342,  12.721468560615037,44.145184224950825, 39.32346843451038, 0.1586296219540749,287.20605848971536,  40.69883164344545,370736.79100369406,      0.0,370736.79100369406,   1.0
 0.043017957781615386, -0.07890963763717342,  12.721468560615037,44.145184224950825,39.323467434510384, 0.1586306219540749,287.20605848971536,  40.69883164344545,370736.77790996386,      0.0,370736.77790996386,   1.0
 0.043017957781615386, -0.07890963763717342,  12.721468560615037,44.145184224950825,39.323467434510384, 0.1586296219540749,287.20605948971536,  40.69883164344545,370736.79098069516,      0.0,370736.79098069516,   1.0
 0.043017957781615386, -0.07890963763717342,  12.721468560615037,44.145184224950825,39.323467434510384, 0.1586296219540749,287.20605848971536,  40.69883264344545, 370736.7909687712,      0.0, 370736.7909687712,   1.0
 0.041582158271598536, -0.07655453433059087,  13.300679277104335, 44.07317527912609, 40.04138052145447,0.15619511899080044, 288.1871535051608,  40.38677242418979,370774.45093820186,      0.0,370774.45093820186,   1.0
  0.04158315827159854, -0.07655453433059087,  13.300679277104335, 44.07317527912609, 40.04138052145447,0.15619511899080044, 288.1871535051608,  40.38677242418979, 370774.4500934875,      0.0, 370774.4500934875,   1.0
 0.041582158271598536, -0.07655353433059087,  13.300679277104335, 44.07317527912609, 40.04138052145447,0.15619511899080044, 288.1871535051608,  40.38677242418979,  370774.441430566,      0.0,  370774.441430566,   1.0
 0.041582158271598536, -0.07655453433059087,  13.300680277104334, 44.07317527912609, 40.04138052145447,0.15619511899080044, 288.1871535051608,  40.38677242418979, 370774.4509766053,      0.0, 370774.4509766053,   1.0
 0.041582158271598536, -0.07655453433059087,  13.300679277104335, 44.07317627912609, 40.04138052145447,0.15619511899080044, 288.1871535051608,  40.38677242418979, 370774.4509622997,      0.0, 370774.4509622997,   1.0
 0.041582158271598536, -0.07655453433059087,  13.300679277104335, 44.07317527912609, 40.04138152145447,0.15619511899080044, 288.1871535051608,  40.38677242418979, 370774.4509362134,      0.0, 370774.4509362134,   1.0
 0.041582158271598536, -0.07655453433059087,  13.300679277104335, 44.07317527912609, 40.04138052145447,0.15619611899080044, 288.1871535051608,  40.38677242418979,370774.44871344906,      0.0,370774.44871344906,   1.0
 0.041582158271598536, -0.07655453433059087,  13.300679277104335, 44.07317527912609, 40.04138052145447,0.15619511899080044, 288.1871545051608,  40.38677242418979, 370774.4509377516,      0.0, 370774.4509377516,   1.0
 0.041582158271598536, -0.07655453433059087,  13.300679277104335, 44.07317527912609, 40.04138052145447,0.15619511899080044, 288.1871535051608,  40.38677342418979, 370774.4509474174,      0.0, 370774.4509474174,   1.0
 0.048461590535914666, -0.08218846830266646,  13.655113314164417,43.638725958117526, 39.82325404128315,0.15150135889504324,287.57074926711095,  40.61515672583309,  370807.055483628,      0.0,  370807.055483628,   1.0
  0.04846259053591467, -0.08218846830266646,  13.655113314164417,43.638725958117526, 39.82325404128315,0.15150135889504324,287.57074926711095,  40.61515672583309,370807.05483894073,      0.0,370807.05483894073,   1.0
 0.048461590535914666, -0.08218746830266646,  13.655113314164417,43.638725958117526, 39.82325404128315,0.15150135889504324,287.57074926711095,  40.61515672583309, 370807.0530899323,      0.0, 370807.0530899323,   1.0
 0.048461590535914666, -0.08218846830266646,  13.655114314164416,43.638725958117526, 39.82325404128315,0.15150135889504324,287.57074926711095,  40.61515672583309,370807.05550569337,      0.0,370807.05550569337,   1.0
 0.048461590535914666, -0.08218846830266646,  13.655113314164417, 43.63872695811752, 39.82325404128315,0.15150135889504324,287.57074926711095,  40.61515672583309,370807.05549064674,      0.0,370807.05549064674,   1.0
 0.048461590535914666, -0.08218846830266646,  13.655113314164417,43.638725958117526, 39.82325504128315,0.15150135889504324,287.57074926711095,  40.61515672583309,370807.05548882997,      0.0,370807.05548882997,   1.0
 0.048461590535914666, -0.08218846830266646,  13.655113314164417,43.638725958117526, 39.82325404128315,0.15150235889504324,287.57074926711095,  40.61515672583309, 370807.0583451949,      0.0, 370807.0583451949,   1.0
 0.048461590535914666, -0.08218846830266646,  13.655113314164417,43.638725958117526, 39.82325404128315,0.15150135889504324,287.57075026711095,  40.61515672583309,370807.05547910125,      0.0,370807.05547910125,   1.0
 0.048461590535914666, -0.08218846830266646,  13.655113314164417,43.638725958117526, 39.82325404128315,0.15150135889504324,287.57074926711095, 40.615157725833086, 370807.0554798733,      0.0, 370807.0554798733,   1.0
  0.04976889148109928, -0.08304387001724656,  13.853527473161508,43.610733013541534, 40.08980337585277, 0.1527433453396045, 287.8885334585718,  40.57967273980728,  370811.419118589,      0.0,  370811.419118589,   1.0
  0.04976989148109928, -0.08304387001724656,  13.853527473161508,43.610733013541534, 40.08980337585277, 0.1527433453396045, 287.8885334585718,  40.57967273980728, 370811.4190217121,      0.0, 370811.4190217121,   1.0
  0.04976889148109928, -0.08304287001724656,  13.853527473161508,43.610733013541534, 40.08980337585277, 0.1527433453396045, 287.8885334585718,  40.57967273980728, 370811.4186696889,      0.0, 370811.4186696889,   1.0
  0.04976889148109928, -0.08304387001724656,  13.853528473161507,43.610733013541534, 40.08980337585277, 0.1527433453396045, 287.8885334585718,  40.57967273980728, 370811.4191342234,      0.0, 370811.4191342234,   1.0
  0.04976889148109928, -0.08304387001724656,  13.853527473161508, 43.61073401354153, 40.08980337585277, 0.1527433453396045, 287.8885334585718,  40.57967273980728, 370811.4191448737,      0.0, 370811.4191448737,   1.0
  0.04976889148109928, -0.08304387001724656,  13.853527473161508,43.610733013541534,40.089804375852765, 0.1527433453396045, 287.8885334585718,  40.57967273980728, 370811.4191103478,      0.0, 370811.4191103478,   1.0
  0.04976889148109928, -0.08304387001724656,  13.853527473161508,43.610733013541534, 40.08980337585277,0.15274434533960451, 287.8885334585718,  40.57967273980728,370811.41860596207,      0.0,370811.41860596207,   1.0
  0.04976889148109928, -0.08304387001724656,  13.853527473161508,43.610733013541534, 40.08980337585277, 0.1527433453396045, 287.8885344585718,  40.57967273980728,  370811.419118281,      0.0,  370811.419118281,   1.0
  0.04976889148109928, -0.08304387001724656,  13.853527473161508,43.610733013541534, 40.08980337585277, 0.1527433453396045, 287.8885334585718, 40.579673739807276,  370811.419117946,      0.0,  370811.419117946,   1.0
 0.049762365942238575, -0.08334889073528276,  13.761639711563237,43.689812348068436, 40.10149008605893, 0.1531331789029087, 287.9402110782131, 40.586606606003535, 370811.6568428249,      0.0, 370811.6568428249,   1.0
 0.049763365942238576, -0.08334889073528276,  13.761639711563237,43.689812348068436, 40.10149008605893, 0.1531331789029087, 287.9402110782131, 40.586606606003535, 370811.6569662181,      0.0, 370811.6569662181,   1.0
 0.049762365942238575, -0.08334789073528276,  13.761639711563237,43.689812348068436, 40.10149008605893, 0.1531331789029087, 287.9402110782131, 40.586606606003535,370811.65679007204,      0.0,370811.65679007204,   1.0
 0.049762365942238575, -0.08334889073528276,  13.761640711563237,43.689812348068436, 40.10149008605893, 0.1531331789029087, 287.9402110782131, 40.586606606003535,370811.65685872186,      0.0,370811.65685872186,   1.0
 0.049762365942238575, -0.08334889073528276,  13.761639711563237,43.689813348068434, 40.10149008605893, 0.1531331789029087, 287.9402110782131, 40.586606606003535, 370811.6568635978,      0.0, 370811.6568635978,   1.0
 0.049762365942238575, -0.08334889073528276,  13.761639711563237,43.689812348068436, 40.10149108605893, 0.1531331789029087, 287.9402110782131, 40.586606606003535, 370811.6568338322,      0.0, 370811.6568338322,   1.0
 0.049762365942238575, -0.08334889073528276,  13.761639711563237,43.689812348068436, 40.10149008605893, 0.1531341789029087, 287.9402110782131, 40.586606606003535, 370811.6568677548,      0.0, 370811.6568677548,   1.0
 0.049762365942238575, -0.08334889073528276,  13.761639711563237,43.689812348068436, 40.10149008605893, 0.1531331789029087, 287.9402120782131, 40.586606606003535,370811.65684135526,      0.0,370811.65684135526,   1.0
 0.049762365942238575, -0.08334889073528276,  13.761639711563237,43.689812348068436, 40.10149008605893, 0.1531331789029087, 287.9402110782131,  40.58660760600353,370811.65684106824,      0.0,370811.65684106824,   1.0
  0.04978777066055271,  -0.0833745029347108,  13.759009099605217, 43.69224437520653, 40.10154976991434, 0.1531442508323553,287.94227030559836, 40.585369220441486, 370811.6683671727,      0.0, 370811.6683671727,   1.0
  0.04978877066055271,  -0.0833745029347108,  13.759009099605217, 43.69224437520653, 40.10154976991434, 0.1531442508323553,287.94227030559836, 40.585369220441486, 370811.6684639639,      0.0, 370811.6684639639,   1.0
  0.04978777066055271,  -0.0833735029347108,  13.759009099605217, 43.69224437520653, 40.10154976991434, 0.1531442508323553,287.94227030559836, 40.585369220441486,370811.66831006965,      0.0,370811.66831006965,   1.0
  0.04978777066055271,  -0.0833745029347108,  13.759010099605216, 43.69224437520653, 40.10154976991434, 0.1531442508323553,287.94227030559836, 40.585369220441486,  370811.668383144,      0.0,  370811.668383144,   1.0
  0.04978777066055271,  -0.0833745029347108,  13.759009099605217,43.692245375206525, 40.10154976991434, 0.1531442508323553,287.94227030559836, 40.585369220441486,370811.66838777566,      0.0,370811.66838777566,   1.0
  0.04978777066055271,  -0.0833745029347108,  13.759009099605217, 43.69224437520653, 40.10155076991434, 0.1531442508323553,287.94227030559836, 40.585369220441486, 370811.6683581691,      0.0, 370811.6683581691,   1.0
  0.04978777066055271,  -0.0833745029347108,  13.759009099605217, 43.69224437520653, 40.10154976991434, 0.1531452508323553,287.94227030559836, 40.585369220441486, 370811.6684097284,      0.0, 370811.6684097284,   1.0
  0.04978777066055271,  -0.0833745029347108,  13.759009099605217, 43.69224437520653, 40.10154976991434, 0.1531442508323553,287.94227130559835, 40.585369220441486,370811.66836566624,      0.0,370811.66836566624,   1.0
  0.04978777066055271,  -0.0833745029347108,  13.759009099605217, 43.69224437520653, 40.10154976991434, 0.1531442508323553,287.94227030559836,  40.58537022044148, 370811.6683654534,      0.0, 370811.6683654534,   1.0
  0.04988938953380926, -0.08347695173242295,  13.748486651773137,43.701972483758894, 40.10178850533599,0.15318853855014172,287.95050721513934,  40.58041967819329,370811.70345786365,      0.0,370811.70345786365,   1.0
  0.04989038953380926, -0.08347695173242295,  13.748486651773137,43.701972483758894, 40.10178850533599,0.15318853855014172,287.95050721513934,  40.58041967819329,370811.70344823436,      0.0,370811.70344823436,   1.0
  0.04988938953380926, -0.08347595173242295,  13.748486651773137,43.701972483758894, 40.10178850533599,0.15318853855014172,287.95050721513934,  40.58041967819329, 370811.7033833253,      0.0, 370811.7033833253,   1.0
  0.04988938953380926, -0.08347695173242295,  13.748487651773136,43.701972483758894, 40.10178850533599,0.15318853855014172,287.95050721513934,  40.58041967819329, 370811.7034741324,      0.0, 370811.7034741324,   1.0
  0.04988938953380926, -0.08347695173242295,  13.748486651773137, 43.70197348375889, 40.10178850533599,0.15318853855014172,287.95050721513934,  40.58041967819329, 370811.7034777879,      0.0, 370811.7034777879,   1.0
  0.04988938953380926, -0.08347695173242295,  13.748486651773137,43.701972483758894, 40.10178950533599,0.15318853855014172,287.95050721513934,  40.58041967819329, 370811.7034488158,      0.0, 370811.7034488158,   1.0
  0.04988938953380926, -0.08347695173242295,  13.748486651773137,43.701972483758894, 40.10178850533599,0.15318953855014172,287.95050721513934,  40.58041967819329, 370811.7035708009,      0.0, 370811.7035708009,   1.0
  0.04988938953380926, -0.08347695173242295,  13.748486651773137,43.701972483758894, 40.10178850533599,0.15318853855014172,287.95050821513934,  40.58041967819329, 370811.7034562101,      0.0, 370811.7034562101,   1.0
  0.04988938953380926, -0.08347695173242295,  13.748486651773137,43.701972483758894, 40.10178850533599,0.15318853855014172,287.95050721513934, 40.580420678193285,370811.70345629443,      0.0,370811.70345629443,   1.0
  0.05002554946679337, -0.08361224565627158,  13.735651383655378, 43.71517050100676, 40.09656554940657,0.15325265607881747,287.96593510104407,   40.5547493991269,370811.80599186773,      0.0,370811.80599186773,   1.0
  0.05002654946679337, -0.08361224565627158,  13.735651383655378, 43.71517050100676, 40.09656554940657,0.15325265607881747,287.96593510104407,   40.5547493991269, 370811.8058487858,      0.0, 370811.8058487858,   1.0
  0.05002554946679337, -0.08361124565627158,  13.735651383655378, 43.71517050100676, 40.09656554940657,0.15325265607881747,287.96593510104407,   40.5547493991269, 370811.8059021919,      0.0, 370811.8059021919,   1.0
  0.05002554946679337, -0.08361224565627158,  13.735652383655378, 43.71517050100676, 40.09656554940657,0.15325265607881747,287.96593510104407,   40.5547493991269,370811.80600850383,      0.0,370811.80600850383,   1.0
  0.05002554946679337, -0.08361224565627158,  13.735651383655378, 43.71517150100676, 40.09656554940657,0.15325265607881747,287.96593510104407,   40.5547493991269, 370811.8060111809,      0.0, 370811.8060111809,   1.0
  0.05002554946679337, -0.08361224565627158,  13.735651383655378, 43.71517050100676, 40.09656654940657,0.15325265607881747,287.96593510104407,   40.5547493991269,  370811.805983087,      0.0,  370811.805983087,   1.0
  0.05002554946679337, -0.08361224565627158,  13.735651383655378, 43.71517050100676, 40.09656554940657,0.15325365607881747,287.96593510104407,   40.5547493991269, 370811.8061622919,      0.0, 370811.8061622919,   1.0
  0.05002554946679337, -0.08361224565627158,  13.735651383655378, 43.71517050100676, 40.09656554940657,0.15325265607881747,287.96593610104406,   40.5547493991269,   370811.80599007,      0.0,   370811.80599007,   1.0
  0.05002554946679337, -0.08361224565627158,  13.735651383655378, 43.71517050100676, 40.09656554940657,0.15325265607881747,287.96593510104407, 40.554750399126895,370811.80599148734,      0.0,370811.80599148734,   1.0
  0.05006949115128393,  -0.0836693022369962,  13.731720364911366, 43.72187185109572, 40.08285150007719,0.15329458812115793,287.98147439816535,  40.50528678103819, 370811.9187230826,      0.0, 370811.9187230826,   1.0
  0.05007049115128393,  -0.0836693022369962,  13.731720364911366, 43.72187185109572, 40.08285150007719,0.15329458812115793,287.98147439816535,  40.50528678103819, 370811.9186018539,      0.0, 370811.9186018539,   1.0
  0.05006949115128393,  -0.0836683022369962,  13.731720364911366, 43.72187185109572, 40.08285150007719,0.15329458812115793,287.98147439816535,  40.50528678103819,370811.91870822286,      0.0,370811.91870822286,   1.0
  0.05006949115128393,  -0.0836693022369962,  13.731721364911365, 43.72187185109572, 40.08285150007719,0.15329458812115793,287.98147439816535,  40.50528678103819,370811.91873964644,      0.0,370811.91873964644,   1.0
  0.05006949115128393,  -0.0836693022369962,  13.731720364911366, 43.72187285109572, 40.08285150007719,0.15329458812115793,287.98147439816535,  40.50528678103819,  370811.918742723,      0.0,  370811.918742723,   1.0
  0.05006949115128393,  -0.0836693022369962,  13.731720364911366, 43.72187185109572, 40.08285250007719,0.15329458812115793,287.98147439816535,  40.50528678103819,370811.91871509945,      0.0,370811.91871509945,   1.0
  0.05006949115128393,  -0.0836693022369962,  13.731720364911366, 43.72187185109572, 40.08285150007719,0.15329558812115793,287.98147439816535,  40.50528678103819,370811.91884310177,      0.0,370811.91884310177,   1.0
  0.05006949115128393,  -0.0836693022369962,  13.731720364911366, 43.72187185109572, 40.08285150007719,0.15329458812115793,287.98147539816534,  40.50528678103819,370811.91872132744,      0.0,370811.91872132744,   1.0
  0.05006949115128393,  -0.0836693022369962,  13.731720364911366, 43.72187185109572, 40.08285150007719,0.15329458812115793,287.98147439816535, 40.505287781038184, 370811.9187252091,      0.0, 370811.9187252091,   1.0
  0.04976638401217184, -0.08383506124807794,  13.711892151760562,  43.7280977747117, 40.05932571135621,0.15330533579814531,287.95904029522427,  40.50198976221996,370811.58424817875,      0.0,370811.58424817875,   1.0
  0.04976738401217184, -0.08383506124807794,  13.711892151760562,  43.7280977747117, 40.05932571135621,0.15330533579814531,287.95904029522427,  40.50198976221996, 370811.5858471291,      0.0, 370811.5858471291,   1.0
  0.04976638401217184, -0.08383406124807793,  13.711892151760562,  43.7280977747117, 40.05932571135621,0.15330533579814531,287.95904029522427,  40.50198976221996, 370811.5861647519,      0.0, 370811.5861647519,   1.0
  0.04976638401217184, -0.08383506124807794,  13.711893151760561,  43.7280977747117, 40.05932571135621,0.15330533579814531,287.95904029522427,  40.50198976221996, 370811.5842597473,      0.0, 370811.5842597473,   1.0
  0.04976638401217184, -0.08383506124807794,  13.711892151760562,  43.7280987747117, 40.05932571135621,0.15330533579814531,287.95904029522427,  40.50198976221996, 370811.5842679247,      0.0, 370811.5842679247,   1.0
  0.04976638401217184, -0.08383506124807794,  13.711892151760562,  43.7280977747117,40.059326711356206,0.15330533579814531,287.95904029522427,  40.50198976221996,370811.58424158016,      0.0,370811.58424158016,   1.0
  0.04976638401217184, -0.08383506124807794,  13.711892151760562,  43.7280977747117, 40.05932571135621,0.15330633579814532,287.95904029522427,  40.50198976221996, 370811.5843567051,      0.0, 370811.5843567051,   1.0
  0.04976638401217184, -0.08383506124807794,  13.711892151760562,  43.7280977747117, 40.05932571135621,0.15330533579814531,287.95904129522427,  40.50198976221996,  370811.584246444,      0.0,  370811.584246444,   1.0
  0.04976638401217184, -0.08383506124807794,  13.711892151760562,  43.7280977747117, 40.05932571135621,0.15330533579814531,287.95904029522427, 40.501990762219954,  370811.584250532,      0.0,  370811.584250532,   1.0
 0.050048359303394754, -0.08368085852768173,  13.730337993036377, 43.72230590643077, 40.08121134277116, 0.1532953374214744, 287.9799103503759, 40.505056921390675, 370811.9205639716,      0.0, 370811.9205639716,   1.0
 0.050049359303394755, -0.08368085852768173,  13.730337993036377, 43.72230590643077, 40.08121134277116, 0.1532953374214744, 287.9799103503759, 40.505056921390675, 370811.9205627391,      0.0, 370811.9205627391,   1.0
 0.050048359303394754, -0.08367985852768173,  13.730337993036377, 43.72230590643077, 40.08121134277116, 0.1532953374214744, 287.9799103503759, 40.505056921390675,  370811.920683744,      0.0,  370811.920683744,   1.0
 0.050048359303394754, -0.08368085852768173,  13.730338993036376, 43.72230590643077, 40.08121134277116, 0.1532953374214744, 287.9799103503759, 40.505056921390675, 370811.9205801872,      0.0, 370811.9205801872,   1.0
 0.050048359303394754, -0.08368085852768173,  13.730337993036377, 43.72230690643077, 40.08121134277116, 0.1532953374214744, 287.9799103503759, 40.505056921390675,370811.92058361985,      0.0,370811.92058361985,   1.0
 0.050048359303394754, -0.08368085852768173,  13.730337993036377, 43.72230590643077, 40.08121234277116, 0.1532953374214744, 287.9799103503759, 40.505056921390675, 370811.9205560854,      0.0, 370811.9205560854,   1.0
 0.050048359303394754, -0.08368085852768173,  13.730337993036377, 43.72230590643077, 40.08121134277116, 0.1532963374214744, 287.9799103503759, 40.505056921390675,370811.92068309756,      0.0,370811.92068309756,   1.0
 0.050048359303394754, -0.08368085852768173,  13.730337993036377, 43.72230590643077, 40.08121134277116, 0.1532953374214744, 287.9799113503759, 40.505056921390675,  370811.920562218,      0.0,  370811.920562218,   1.0
 0.050048359303394754, -0.08368085852768173,  13.730337993036377, 43.72230590643077, 40.08121134277116, 0.1532953374214744, 287.9799103503759,  40.50505792139067, 370811.9205661133,      0.0, 370811.9205661133,   1.0
 0.049992773358460973, -0.08359992912511516,  13.740605107139135,43.715384110288014, 40.07715792499697, 0.1532711369291236, 287.9810061237933,  40.48829694333339, 370811.9392039771,      0.0, 370811.9392039771,   1.0
 0.049993773358460974, -0.08359992912511516,  13.740605107139135,43.715384110288014, 40.07715792499697, 0.1532711369291236, 287.9810061237933,  40.48829694333339,  370811.939210683,      0.0,  370811.939210683,   1.0
 0.049992773358460973, -0.08359892912511516,  13.740605107139135,43.715384110288014, 40.07715792499697, 0.1532711369291236, 287.9810061237933,  40.48829694333339, 370811.9392607387,      0.0, 370811.9392607387,   1.0
 0.049992773358460973, -0.08359992912511516,  13.740606107139135,43.715384110288014, 40.07715792499697, 0.1532711369291236, 287.9810061237933,  40.48829694333339, 370811.9392201617,      0.0, 370811.9392201617,   1.0
 0.049992773358460973, -0.08359992912511516,  13.740605107139135, 43.71538511028801, 40.07715792499697, 0.1532711369291236, 287.9810061237933,  40.48829694333339, 370811.9392244169,      0.0, 370811.9392244169,   1.0
 0.049992773358460973, -0.08359992912511516,  13.740605107139135,43.715384110288014,40.077158924996965, 0.1532711369291236, 287.9810061237933,  40.48829694333339, 370811.9391963602,      0.0, 370811.9391963602,   1.0
 0.049992773358460973, -0.08359992912511516,  13.740605107139135,43.715384110288014, 40.07715792499697,0.15327213692912361, 287.9810061237933,  40.48829694333339,370811.93923355575,      0.0,370811.93923355575,   1.0
 0.049992773358460973, -0.08359992912511516,  13.740605107139135,43.715384110288014, 40.07715792499697, 0.1532711369291236, 287.9810071237933,  40.48829694333339,370811.93920238275,      0.0,370811.93920238275,   1.0
 0.049992773358460973, -0.08359992912511516,  13.740605107139135,43.715384110288014, 40.07715792499697, 0.1532711369291236, 287.9810061237933, 40.488297943333386,370811.93920706166,      0.0,370811.93920706166,   1.0
 0.049962967790083114, -0.08355967576401604,  13.745672437694187, 43.71142323342588, 40.07670101014747, 0.1532501925686083,287.97895753692615, 40.487251472521926, 370811.9441557873,      0.0, 370811.9441557873,   1.0
 0.049963967790083115, -0.08355967576401604,  13.745672437694187, 43.71142323342588, 40.07670101014747, 0.1532501925686083,287.97895753692615, 40.487251472521926, 370811.9441743262,      0.0, 370811.9441743262,   1.0
 0.049962967790083114, -0.08355867576401604,  13.745672437694187, 43.71142323342588, 40.07670101014747, 0.1532501925686083,287.97895753692615, 40.487251472521926, 370811.9441896144,      0.0, 370811.9441896144,   1.0
 0.049962967790083114, -0.08355967576401604,  13.745673437694187, 43.71142323342588, 40.07670101014747, 0.1532501925686083,287.97895753692615, 40.487251472521926, 370811.9441719298,      0.0, 370811.9441719298,   1.0
 0.049962967790083114, -0.08355967576401604,  13.745672437694187, 43.71142423342588, 40.07670101014747, 0.1532501925686083,287.97895753692615, 40.487251472521926, 370811.9441764596,      0.0, 370811.9441764596,   1.0
 0.049962967790083114, -0.08355967576401604,  13.745672437694187, 43.71142323342588,40.076702010147464, 0.1532501925686083,287.97895753692615, 40.487251472521926, 370811.9441482071,      0.0, 370811.9441482071,   1.0
 0.049962967790083114, -0.08355967576401604,  13.745672437694187, 43.71142323342588, 40.07670101014747, 0.1532511925686083,287.97895753692615, 40.487251472521926,  370811.944165668,      0.0,  370811.944165668,   1.0
 0.049962967790083114, -0.08355967576401604,  13.745672437694187, 43.71142323342588, 40.07670101014747, 0.1532501925686083,287.97895853692614, 40.487251472521926, 370811.9441542412,      0.0, 370811.9441542412,   1.0
 0.049962967790083114, -0.08355967576401604,  13.745672437694187, 43.71142323342588, 40.07670101014747, 0.1532501925686083,287.97895753692615, 40.487252472521924, 370811.9441589588,      0.0, 370811.9441589588,   1.0
  0.04990896037540283, -0.08348642112271847,  13.755163113535058, 43.70433193600675, 40.07627790487315,0.15321049749283527, 287.9749335878137, 40.486782972704326, 370811.9564093195,      0.0, 370811.9564093195,   1.0
  0.04990996037540283, -0.08348642112271847,  13.755163113535058, 43.70433193600675, 40.07627790487315,0.15321049749283527, 287.9749335878137, 40.486782972704326,370811.95645156695,      0.0,370811.95645156695,   1.0
  0.04990896037540283, -0.08348542112271846,  13.755163113535058, 43.70433193600675, 40.07627790487315,0.15321049749283527, 287.9749335878137, 40.486782972704326, 370811.9564041596,      0.0, 370811.9564041596,   1.0
  0.04990896037540283, -0.08348642112271847,  13.755164113535058, 43.70433193600675, 40.07627790487315,0.15321049749283527, 287.9749335878137, 40.486782972704326,370811.95642537385,      0.0,370811.95642537385,   1.0
  0.04990896037540283, -0.08348642112271847,  13.755163113535058, 43.70433293600675, 40.07627790487315,0.15321049749283527, 287.9749335878137, 40.486782972704326, 370811.9564303474,      0.0, 370811.9564303474,   1.0
  0.04990896037540283, -0.08348642112271847,  13.755163113535058, 43.70433193600675, 40.07627890487315,0.15321049749283527, 287.9749335878137, 40.486782972704326, 370811.9564017806,      0.0, 370811.9564017806,   1.0
  0.04990896037540283, -0.08348642112271847,  13.755163113535058, 43.70433193600675, 40.07627790487315,0.15321149749283527, 287.9749335878137, 40.486782972704326,370811.95639315405,      0.0,370811.95639315405,   1.0
  0.04990896037540283, -0.08348642112271847,  13.755163113535058, 43.70433193600675, 40.07627790487315,0.15321049749283527, 287.9749345878137, 40.486782972704326,370811.95640784735,      0.0,370811.95640784735,   1.0
  0.04990896037540283, -0.08348642112271847,  13.755163113535058, 43.70433193600675, 40.07627790487315,0.15321049749283527, 287.9749335878137,  40.48678397270432, 370811.9564125695,      0.0, 370811.9564125695,   1.0
 0.049837108265578245,  -0.0833987373520046,  13.762235666990465, 43.69686074743649, 40.06912537984264,  0.153182910684566,287.96130373536613,  40.48885824995042, 370811.9822826875,      0.0, 370811.9822826875,   1.0
 0.049838108265578246,  -0.0833987373520046,  13.762235666990465, 43.69686074743649, 40.06912537984264,  0.153182910684566,287.96130373536613,  40.48885824995042, 370811.9823324073,      0.0, 370811.9823324073,   1.0
 0.049837108265578245,  -0.0833977373520046,  13.762235666990465, 43.69686074743649, 40.06912537984264,  0.153182910684566,287.96130373536613,  40.48885824995042, 370811.9822012816,      0.0, 370811.9822012816,   1.0
 0.049837108265578245,  -0.0833987373520046,  13.762236666990464, 43.69686074743649, 40.06912537984264,  0.153182910684566,287.96130373536613,  40.48885824995042, 370811.9822987641,      0.0, 370811.9822987641,   1.0
 0.049837108265578245,  -0.0833987373520046,  13.762235666990465,43.696861747436486, 40.06912537984264,  0.153182910684566,287.96130373536613,  40.48885824995042, 370811.9823046693,      0.0, 370811.9823046693,   1.0
 0.049837108265578245,  -0.0833987373520046,  13.762235666990465, 43.69686074743649,40.069126379842636,  0.153182910684566,287.96130373536613,  40.48885824995042, 370811.9822755599,      0.0, 370811.9822755599,   1.0
 0.049837108265578245,  -0.0833987373520046,  13.762235666990465, 43.69686074743649, 40.06912537984264,  0.153183910684566,287.96130373536613,  40.48885824995042,370811.98214745073,      0.0,370811.98214745073,   1.0
 0.049837108265578245,  -0.0833987373520046,  13.762235666990465, 43.69686074743649, 40.06912537984264,  0.153182910684566, 287.9613047353661,  40.48885824995042,370811.98228142195,      0.0,370811.98228142195,   1.0
 0.049837108265578245,  -0.0833987373520046,  13.762235666990465, 43.69686074743649, 40.06912537984264,  0.153182910684566,287.96130373536613, 40.488859249950416,370811.98228596273,      0.0,370811.98228596273,   1.0
   0.0497807249817346, -0.08327720974272647,  13.788684604330205, 43.67887498464237, 40.06568443288116,0.15307376779593765,287.94754832377384,  40.48871732147289,370812.04140833934,      0.0,370812.04140833934,   1.0
   0.0497817249817346, -0.08327720974272647,  13.788684604330205, 43.67887498464237, 40.06568443288116,0.15307376779593765,287.94754832377384,  40.48871732147289,370812.04149066727,      0.0,370812.04149066727,   1.0
   0.0497807249817346, -0.08327620974272647,  13.788684604330205, 43.67887498464237, 40.06568443288116,0.15307376779593765,287.94754832377384,  40.48871732147289,370812.04127431696,      0.0,370812.04127431696,   1.0
   0.0497807249817346, -0.08327720974272647,  13.788685604330205, 43.67887498464237, 40.06568443288116,0.15307376779593765,287.94754832377384,  40.48871732147289, 370812.0414241191,      0.0, 370812.0414241191,   1.0
   0.0497807249817346, -0.08327720974272647,  13.788684604330205, 43.67887598464237, 40.06568443288116,0.15307376779593765,287.94754832377384,  40.48871732147289, 370812.0414311736,      0.0, 370812.0414311736,   1.0
   0.0497807249817346, -0.08327720974272647,  13.788684604330205, 43.67887498464237, 40.06568543288116,0.15307376779593765,287.94754832377384,  40.48871732147289,370812.04140142404,      0.0,370812.04140142404,   1.0
   0.0497807249817346, -0.08327720974272647,  13.788684604330205, 43.67887498464237, 40.06568443288116,0.15307476779593765,287.94754832377384,  40.48871732147289,370812.04121800745,      0.0,370812.04121800745,   1.0
   0.0497807249817346, -0.08327720974272647,  13.788684604330205, 43.67887498464237, 40.06568443288116,0.15307376779593765,287.94754932377384,  40.48871732147289, 370812.0414072508,      0.0, 370812.0414072508,   1.0
   0.0497807249817346, -0.08327720974272647,  13.788684604330205, 43.67887498464237, 40.06568443288116,0.15307376779593765,287.94754832377384,  40.48871832147289,370812.04141175654,      0.0,370812.04141175654,   1.0
  0.04927895554221236,  -0.0828498976934711,  13.776645961178177, 43.70523866278157, 40.05111531777215,0.15359062586781444, 287.9383537147274,  40.49714508449779,370812.03363384743,      0.0,370812.03363384743,   1.0
  0.04927995554221236,  -0.0828498976934711,  13.776645961178177, 43.70523866278157, 40.05111531777215,0.15359062586781444, 287.9383537147274,  40.49714508449779, 370812.0337909502,      0.0, 370812.0337909502,   1.0
  0.04927895554221236,  -0.0828488976934711,  13.776645961178177, 43.70523866278157, 40.05111531777215,0.15359062586781444, 287.9383537147274,  40.49714508449779,370812.03308738087,      0.0,370812.03308738087,   1.0
  0.04927895554221236,  -0.0828498976934711,  13.776646961178177, 43.70523866278157, 40.05111531777215,0.15359062586781444, 287.9383537147274,  40.49714508449779, 370812.0336503429,      0.0, 370812.0336503429,   1.0
  0.04927895554221236,  -0.0828498976934711,  13.776645961178177,43.705239662781565, 40.05111531777215,0.15359062586781444, 287.9383537147274,  40.49714508449779, 370812.0336635616,      0.0, 370812.0336635616,   1.0
  0.04927895554221236,  -0.0828498976934711,  13.776645961178177, 43.70523866278157, 40.05111631777215,0.15359062586781444, 287.9383537147274,  40.49714508449779, 370812.0336280225,      0.0, 370812.0336280225,   1.0
  0.04927895554221236,  -0.0828498976934711,  13.776645961178177, 43.70523866278157, 40.05111531777215,0.15359162586781444, 287.9383537147274,  40.49714508449779,370812.03217029135,      0.0,370812.03217029135,   1.0
  0.04927895554221236,  -0.0828498976934711,  13.776645961178177, 43.70523866278157, 40.05111531777215,0.15359062586781444, 287.9383547147274,  40.49714508449779, 370812.0336342946,      0.0, 370812.0336342946,   1.0
  0.04927895554221236,  -0.0828498976934711,  13.776645961178177, 43.70523866278157, 40.05111531777215,0.15359062586781444, 287.9383537147274, 40.497146084497786, 370812.0336375203,      0.0, 370812.0336375203,   1.0
 0.049535032650228863, -0.08306797560969117,  13.782789860507219, 43.69178400826735,40.058550638797335,0.15332684830410467,287.94304616649606, 40.492843991181864, 370812.1284291099,      0.0, 370812.1284291099,   1.0
 0.049536032650228864, -0.08306797560969117,  13.782789860507219, 43.69178400826735,40.058550638797335,0.15332684830410467,287.94304616649606, 40.492843991181864, 370812.1285479749,      0.0, 370812.1285479749,   1.0
 0.049535032650228863, -0.08306697560969117,  13.782789860507219, 43.69178400826735,40.058550638797335,0.15332684830410467,287.94304616649606, 40.492843991181864,370812.12809368526,      0.0,370812.12809368526,   1.0
 0.049535032650228863, -0.08306797560969117,  13.782790860507218, 43.69178400826735,40.058550638797335,0.15332684830410467,287.94304616649606, 40.492843991181864,  370812.128445239,      0.0,  370812.128445239,   1.0
 0.049535032650228863, -0.08306797560969117,  13.782789860507219,43.691785008267345,40.058550638797335,0.15332684830410467,287.94304616649606, 40.492843991181864,370812.12845531566,      0.0,370812.12845531566,   1.0
 0.049535032650228863, -0.08306797560969117,  13.782789860507219, 43.69178400826735, 40.05855163879733,0.15332684830410467,287.94304616649606, 40.492843991181864,370812.12842272746,      0.0,370812.12842272746,   1.0
 0.049535032650228863, -0.08306797560969117,  13.782789860507219, 43.69178400826735,40.058550638797335,0.15332784830410467,287.94304616649606, 40.492843991181864,370812.12761466973,      0.0,370812.12761466973,   1.0
 0.049535032650228863, -0.08306797560969117,  13.782789860507219, 43.69178400826735,40.058550638797335,0.15332684830410467,287.94304716649606, 40.492843991181864, 370812.1284287733,      0.0, 370812.1284287733,   1.0
 0.049535032650228863, -0.08306797560969117,  13.782789860507219, 43.69178400826735,40.058550638797335,0.15332684830410467,287.94304616649606,  40.49284499118186, 370812.1284326495,      0.0, 370812.1284326495,   1.0
 0.049414491909902276, -0.08284925448399448,  13.824889462756081,  43.6743898936793,40.055820846853976, 0.1531615173164663,287.93218435177357, 40.488498413258654, 370812.3701595789,      0.0, 370812.3701595789,   1.0
  0.04941549190990228, -0.08284925448399448,  13.824889462756081,  43.6743898936793,40.055820846853976, 0.1531615173164663,287.93218435177357, 40.488498413258654, 370812.3703505681,      0.0, 370812.3703505681,   1.0
 0.049414491909902276, -0.08284825448399448,  13.824889462756081,  43.6743898936793,40.055820846853976, 0.1531615173164663,287.93218435177357, 40.488498413258654, 370812.3697309488,      0.0, 370812.3697309488,   1.0
 0.049414491909902276, -0.08284925448399448,   13.82489046275608,  43.6743898936793,40.055820846853976, 0.1531615173164663,287.93218435177357, 40.488498413258654,370812.37017522287,      0.0,370812.37017522287,   1.0
 0.049414491909902276, -0.08284925448399448,  13.824889462756081,43.674390893679295,40.055820846853976, 0.1531615173164663,287.93218435177357, 40.488498413258654,370812.37018535234,      0.0,370812.37018535234,   1.0
 0.049414491909902276, -0.08284925448399448,  13.824889462756081,  43.6743898936793, 40.05582184685397, 0.1531615173164663,287.93218435177357, 40.488498413258654,370812.37015335035,      0.0,370812.37015335035,   1.0
 0.049414491909902276, -0.08284925448399448,  13.824889462756081,  43.6743898936793,40.055820846853976, 0.1531625173164663,287.93218435177357, 40.488498413258654, 370812.3695038804,      0.0, 370812.3695038804,   1.0
 0.049414491909902276, -0.08284925448399448,  13.824889462756081,  43.6743898936793,40.055820846853976, 0.1531615173164663,287.93218535177357, 40.488498413258654,370812.37015913357,      0.0,370812.37015913357,   1.0
 0.049414491909902276, -0.08284925448399448,  13.824889462756081,  43.6743898936793,40.055820846853976, 0.1531615173164663,287.93218435177357,  40.48849941325865, 370812.3701633343,      0.0, 370812.3701633343,   1.0
  0.04949996560724576, -0.08227779581589974,  14.082789967652012, 43.59040970586376, 40.08402889983962,0.15266934430153017, 287.9140558631993, 40.489769128861575, 370813.5952574752,      0.0, 370813.5952574752,   1.0
  0.04950096560724576, -0.08227779581589974,  14.082789967652012, 43.59040970586376, 40.08402889983962,0.15266934430153017, 287.9140558631993, 40.489769128861575, 370813.5957492818,      0.0, 370813.5957492818,   1.0
  0.04949996560724576, -0.08227679581589974,  14.082789967652012, 43.59040970586376, 40.08402889983962,0.15266934430153017, 287.9140558631993, 40.489769128861575,370813.59497743344,      0.0,370813.59497743344,   1.0
  0.04949996560724576, -0.08227779581589974,  14.082790967652011, 43.59040970586376, 40.08402889983962,0.15266934430153017, 287.9140558631993, 40.489769128861575, 370813.5952691167,      0.0, 370813.5952691167,   1.0
  0.04949996560724576, -0.08227779581589974,  14.082789967652012, 43.59041070586376, 40.08402889983962,0.15266934430153017, 287.9140558631993, 40.489769128861575, 370813.5952859473,      0.0, 370813.5952859473,   1.0
  0.04949996560724576, -0.08227779581589974,  14.082789967652012, 43.59040970586376, 40.08402989983962,0.15266934430153017, 287.9140558631993, 40.489769128861575, 370813.5952498413,      0.0, 370813.5952498413,   1.0
  0.04949996560724576, -0.08227779581589974,  14.082789967652012, 43.59040970586376, 40.08402889983962,0.15267034430153018, 287.9140558631993, 40.489769128861575,370813.59451861685,      0.0,370813.59451861685,   1.0
  0.04949996560724576, -0.08227779581589974,  14.082789967652012, 43.59040970586376, 40.08402889983962,0.15266934430153017, 287.9140568631993, 40.489769128861575,370813.59525757394,      0.0,370813.59525757394,   1.0
  0.04949996560724576, -0.08227779581589974,  14.082789967652012, 43.59040970586376, 40.08402889983962,0.15266934430153017, 287.9140558631993,  40.48977012886157, 370813.5952615373,      0.0, 370813.5952615373,   1.0
 0.045391918673429704, -0.07759034392744418,   14.35421625723629, 43.76565790082985, 39.63349143339994,0.15113512295119633,287.54133147384215, 40.326113179456264, 370798.8894142181,      0.0, 370798.8894142181,   1.0
 0.045392918673429705, -0.07759034392744418,   14.35421625723629, 43.76565790082985, 39.63349143339994,0.15113512295119633,287.54133147384215, 40.326113179456264,370798.88986939355,      0.0,370798.88986939355,   1.0
 0.045391918673429704, -0.07758934392744418,   14.35421625723629, 43.76565790082985, 39.63349143339994,0.15113512295119633,287.54133147384215, 40.326113179456264, 370798.8842846992,      0.0, 370798.8842846992,   1.0
 0.045391918673429704, -0.07759034392744418,   14.35421725723629, 43.76565790082985, 39.63349143339994,0.15113512295119633,287.54133147384215, 40.326113179456264, 370798.8894304266,      0.0, 370798.8894304266,   1.0
 0.045391918673429704, -0.07759034392744418,   14.35421625723629, 43.76565890082985, 39.63349143339994,0.15113512295119633,287.54133147384215, 40.326113179456264,370798.88940149016,      0.0,370798.88940149016,   1.0
 0.045391918673429704, -0.07759034392744418,   14.35421625723629, 43.76565790082985, 39.63349243339994,0.15113512295119633,287.54133147384215, 40.326113179456264, 370798.8894300117,      0.0, 370798.8894300117,   1.0
 0.045391918673429704, -0.07759034392744418,   14.35421625723629, 43.76565790082985, 39.63349143339994,0.15113612295119633,287.54133147384215, 40.326113179456264, 370798.8953399394,      0.0, 370798.8953399394,   1.0
 0.045391918673429704, -0.07759034392744418,   14.35421625723629, 43.76565790082985, 39.63349143339994,0.15113512295119633,287.54133247384215, 40.326113179456264,370798.88940523326,      0.0,370798.88940523326,   1.0
 0.045391918673429704, -0.07759034392744418,   14.35421625723629, 43.76565790082985, 39.63349143339994,0.15113512295119633,287.54133147384215,  40.32611417945626, 370798.8894232457,      0.0, 370798.8894232457,   1.0
  0.04873759025366069,   -0.081407893926158,  14.133161522998844,43.622932436678404, 40.00041771773436, 0.1523846220081186,287.84488530777384,  40.45939769827564, 370814.4013312102,      0.0, 370814.4013312102,   1.0
  0.04873859025366069,   -0.081407893926158,  14.133161522998844,43.622932436678404, 40.00041771773436, 0.1523846220081186,287.84488530777384,  40.45939769827564, 370814.4018727468,      0.0, 370814.4018727468,   1.0
  0.04873759025366069,   -0.081406893926158,  14.133161522998844,43.622932436678404, 40.00041771773436, 0.1523846220081186,287.84488530777384,  40.45939769827564,370814.40020866715,      0.0,370814.40020866715,   1.0
  0.04873759025366069,   -0.081407893926158,  14.133162522998843,43.622932436678404, 40.00041771773436, 0.1523846220081186,287.84488530777384,  40.45939769827564, 370814.4013434959,      0.0, 370814.4013434959,   1.0
  0.04873759025366069,   -0.081407893926158,  14.133161522998844,  43.6229334366784, 40.00041771773436, 0.1523846220081186,287.84488530777384,  40.45939769827564, 370814.4013519048,      0.0, 370814.4013519048,   1.0
  0.04873759025366069,   -0.081407893926158,  14.133161522998844,43.622932436678404,40.000418717734355, 0.1523846220081186,287.84488530777384,  40.45939769827564,  370814.401327889,      0.0,  370814.401327889,   1.0
  0.04873759025366069,   -0.081407893926158,  14.133161522998844,43.622932436678404, 40.00041771773436, 0.1523856220081186,287.84488530777384,  40.45939769827564,370814.40183844685,      0.0,370814.40183844685,   1.0
  0.04873759025366069,   -0.081407893926158,  14.133161522998844,43.622932436678404, 40.00041771773436, 0.1523846220081186,287.84488630777383,  40.45939769827564, 370814.4013295964,      0.0, 370814.4013295964,   1.0
  0.04873759025366069,   -0.081407893926158,  14.133161522998844,43.622932436678404, 40.00041771773436, 0.1523846220081186,287.84488530777384, 40.459398698275635,370814.40133608464,      0.0,370814.40133608464,   1.0
 0.048978087029796426, -0.08115722012870538,  14.317731012875807, 43.64151561630989, 40.00881736597937,0.15253839899372926,287.85058868934664,  40.46850712758319, 370816.7454580426,      0.0, 370816.7454580426,   1.0
  0.04897908702979643, -0.08115722012870538,  14.317731012875807, 43.64151561630989, 40.00881736597937,0.15253839899372926,287.85058868934664,  40.46850712758319,370816.74614687264,      0.0,370816.74614687264,   1.0
 0.048978087029796426, -0.08115622012870538,  14.317731012875807, 43.64151561630989, 40.00881736597937,0.15253839899372926,287.85058868934664,  40.46850712758319, 370816.7445446118,      0.0, 370816.7445446118,   1.0
 0.048978087029796426, -0.08115722012870538,  14.317732012875807, 43.64151561630989, 40.00881736597937,0.15253839899372926,287.85058868934664,  40.46850712758319,370816.74546734797,      0.0,370816.74546734797,   1.0
 0.048978087029796426, -0.08115722012870538,  14.317731012875807,43.641516616309886, 40.00881736597937,0.15253839899372926,287.85058868934664,  40.46850712758319,370816.74547874316,      0.0,370816.74547874316,   1.0
 0.048978087029796426, -0.08115722012870538,  14.317731012875807, 43.64151561630989,40.008818365979366,0.15253839899372926,287.85058868934664,  40.46850712758319,370816.74545427755,      0.0,370816.74545427755,   1.0
 0.048978087029796426, -0.08115722012870538,  14.317731012875807, 43.64151561630989, 40.00881736597937,0.15253939899372926,287.85058868934664,  40.46850712758319,370816.74586298765,      0.0,370816.74586298765,   1.0
 0.048978087029796426, -0.08115722012870538,  14.317731012875807, 43.64151561630989, 40.00881736597937,0.15253839899372926,287.85058968934663,  40.46850712758319,370816.74545644433,      0.0,370816.74545644433,   1.0
 0.048978087029796426, -0.08115722012870538,  14.317731012875807, 43.64151561630989, 40.00881736597937,0.15253839899372926,287.85058868934664, 40.468508127583185, 370816.7454623108,      0.0, 370816.7454623108,   1.0
  0.05283444303256804, -0.07978496499162449,   15.21780742202351, 43.92621964657902,40.052021529279266,0.15454925286449864,  287.951463660631, 40.551242530351516,370811.82261154056,      0.0,370811.82261154056,   1.0
  0.05283544303256804, -0.07978496499162449,   15.21780742202351, 43.92621964657902,40.052021529279266,0.15454925286449864,  287.951463660631, 40.551242530351516, 370811.8124157138,      0.0, 370811.8124157138,   1.0
  0.05283444303256804, -0.07978396499162449,   15.21780742202351, 43.92621964657902,40.052021529279266,0.15454925286449864,  287.951463660631, 40.551242530351516, 370811.8104847866,      0.0, 370811.8104847866,   1.0
  0.05283444303256804, -0.07978496499162449,   15.21780842202351, 43.92621964657902,40.052021529279266,0.15454925286449864,  287.951463660631, 40.551242530351516, 370811.8226406237,      0.0, 370811.8226406237,   1.0
  0.05283444303256804, -0.07978496499162449,   15.21780742202351, 43.92622064657902,40.052021529279266,0.15454925286449864,  287.951463660631, 40.551242530351516, 370811.8226269302,      0.0, 370811.8226269302,   1.0
  0.05283444303256804, -0.07978496499162449,   15.21780742202351, 43.92621964657902, 40.05202252927926,0.15454925286449864,  287.951463660631, 40.551242530351516,370811.82260481745,      0.0,370811.82260481745,   1.0
  0.05283444303256804, -0.07978496499162449,   15.21780742202351, 43.92621964657902,40.052021529279266,0.15455025286449864,  287.951463660631, 40.551242530351516,  370811.822541555,      0.0,  370811.822541555,   1.0
  0.05283444303256804, -0.07978496499162449,   15.21780742202351, 43.92621964657902,40.052021529279266,0.15454925286449864,  287.951464660631, 40.551242530351516, 370811.8226089509,      0.0, 370811.8226089509,   1.0
  0.05283444303256804, -0.07978496499162449,   15.21780742202351, 43.92621964657902,40.052021529279266,0.15454925286449864,  287.951463660631,  40.55124353035151, 370811.8226103142,      0.0, 370811.8226103142,   1.0
  0.05045863529991001, -0.08063037821683329,  14.663292099449743, 43.75082037427476, 40.02540448843108, 0.1533104143931579, 287.8893170287752,  40.50027124826026,370819.91209865717,      0.0,370819.91209865717,   1.0
  0.05045963529991001, -0.08063037821683329,  14.663292099449743, 43.75082037427476, 40.02540448843108, 0.1533104143931579, 287.8893170287752,  40.50027124826026, 370819.9085978667,      0.0, 370819.9085978667,   1.0
  0.05045863529991001, -0.08062937821683329,  14.663292099449743, 43.75082037427476, 40.02540448843108, 0.1533104143931579, 287.8893170287752,  40.50027124826026, 370819.9068650975,      0.0, 370819.9068650975,   1.0
  0.05045863529991001, -0.08063037821683329,  14.663293099449742, 43.75082037427476, 40.02540448843108, 0.1533104143931579, 287.8893170287752,  40.50027124826026,370819.91211553355,      0.0,370819.91211553355,   1.0
  0.05045863529991001, -0.08063037821683329,  14.663292099449743, 43.75082137427476, 40.02540448843108, 0.1533104143931579, 287.8893170287752,  40.50027124826026, 370819.9121172874,      0.0, 370819.9121172874,   1.0
  0.05045863529991001, -0.08063037821683329,  14.663292099449743, 43.75082037427476,40.025405488431076, 0.1533104143931579, 287.8893170287752,  40.50027124826026, 370819.9120938485,      0.0, 370819.9120938485,   1.0
  0.05045863529991001, -0.08063037821683329,  14.663292099449743, 43.75082037427476, 40.02540448843108, 0.1533114143931579, 287.8893170287752,  40.50027124826026, 370819.9123018926,      0.0, 370819.9123018926,   1.0
  0.05045863529991001, -0.08063037821683329,  14.663292099449743, 43.75082037427476, 40.02540448843108, 0.1533104143931579, 287.8893180287752,  40.50027124826026,370819.91209667537,      0.0,370819.91209667537,   1.0
  0.05045863529991001, -0.08063037821683329,  14.663292099449743, 43.75082037427476, 40.02540448843108, 0.1533104143931579, 287.8893170287752,  40.50027224826026, 370819.9121006592,      0.0, 370819.9121006592,   1.0
  0.05104495707041606, -0.08055240363873695,  15.213479551348378, 44.14225278153354, 39.95715021826578,0.15577743094756885, 287.9434714643947,  40.54723305084476, 370828.4049680475,      0.0, 370828.4049680475,   1.0
  0.05104595707041606, -0.08055240363873695,  15.213479551348378, 44.14225278153354, 39.95715021826578,0.15577743094756885, 287.9434714643947,  40.54723305084476, 370828.4053199207,      0.0, 370828.4053199207,   1.0
  0.05104495707041606, -0.08055140363873695,  15.213479551348378, 44.14225278153354, 39.95715021826578,0.15577743094756885, 287.9434714643947,  40.54723305084476, 370828.4046439799,      0.0, 370828.4046439799,   1.0
  0.05104495707041606, -0.08055240363873695,  15.213480551348377, 44.14225278153354, 39.95715021826578,0.15577743094756885, 287.9434714643947,  40.54723305084476, 370828.4049650535,      0.0, 370828.4049650535,   1.0
  0.05104495707041606, -0.08055240363873695,  15.213479551348378, 44.14225378153354, 39.95715021826578,0.15577743094756885, 287.9434714643947,  40.54723305084476, 370828.4049780477,      0.0, 370828.4049780477,   1.0
  0.05104495707041606, -0.08055240363873695,  15.213479551348378, 44.14225278153354, 39.95715121826578,0.15577743094756885, 287.9434714643947,  40.54723305084476, 370828.4049669692,      0.0, 370828.4049669692,   1.0
  0.05104495707041606, -0.08055240363873695,  15.213479551348378, 44.14225278153354, 39.95715021826578,0.15577843094756885, 287.9434714643947,  40.54723305084476,370828.40492203966,      0.0,370828.40492203966,   1.0
  0.05104495707041606, -0.08055240363873695,  15.213479551348378, 44.14225278153354, 39.95715021826578,0.15577743094756885, 287.9434724643947,  40.54723305084476, 370828.4049643418,      0.0, 370828.4049643418,   1.0
  0.05104495707041606, -0.08055240363873695,  15.213479551348378, 44.14225278153354, 39.95715021826578,0.15577743094756885, 287.9434714643947,  40.54723405084476, 370828.4049657117,      0.0, 370828.4049657117,   1.0
  0.05126205311144847, -0.08102218285501604,  15.126490757272565, 44.34521545188725, 39.89350932810385,0.15695384083647385, 287.9622541871126,  40.55687758687812, 370830.1059759341,      0.0, 370830.1059759341,   1.0
  0.05126305311144847, -0.08102218285501604,  15.126490757272565, 44.34521545188725, 39.89350932810385,0.15695384083647385, 287.9622541871126,  40.55687758687812, 370830.1064127187,      0.0, 370830.1064127187,   1.0
  0.05126205311144847, -0.08102118285501604,  15.126490757272565, 44.34521545188725, 39.89350932810385,0.15695384083647385, 287.9622541871126,  40.55687758687812,  370830.106102922,      0.0,  370830.106102922,   1.0
  0.05126205311144847, -0.08102218285501604,  15.126491757272564, 44.34521545188725, 39.89350932810385,0.15695384083647385, 287.9622541871126,  40.55687758687812, 370830.1059732687,      0.0, 370830.1059732687,   1.0
  0.05126205311144847, -0.08102218285501604,  15.126490757272565, 44.34521645188725, 39.89350932810385,0.15695384083647385, 287.9622541871126,  40.55687758687812, 370830.1059803654,      0.0, 370830.1059803654,   1.0
  0.05126205311144847, -0.08102218285501604,  15.126490757272565, 44.34521545188725, 39.89351032810385,0.15695384083647385, 287.9622541871126,  40.55687758687812,370830.10597817454,      0.0,370830.10597817454,   1.0
  0.05126205311144847, -0.08102218285501604,  15.126490757272565, 44.34521545188725, 39.89350932810385,0.15695484083647385, 287.9622541871126,  40.55687758687812, 370830.1060350726,      0.0, 370830.1060350726,   1.0
  0.05126205311144847, -0.08102218285501604,  15.126490757272565, 44.34521545188725, 39.89350932810385,0.15695384083647385, 287.9622551871126,  40.55687758687812,370830.10597106075,      0.0,370830.10597106075,   1.0
  0.05126205311144847, -0.08102218285501604,  15.126490757272565, 44.34521545188725, 39.89350932810385,0.15695384083647385, 287.9622541871126,  40.55687858687812,370830.10597212677,      0.0,370830.10597212677,   1.0
  0.05165205229127574, -0.08158879053704897,  15.020099173628067,44.442822889168966,39.794905730573255,0.15747444193687443, 287.9170932616464,  40.51909398093615,  370830.536761329,      0.0,  370830.536761329,   1.0
  0.05165305229127574, -0.08158879053704897,  15.020099173628067,44.442822889168966,39.794905730573255,0.15747444193687443, 287.9170932616464,  40.51909398093615,370830.53677569743,      0.0,370830.53677569743,   1.0
  0.05165205229127574, -0.08158779053704897,  15.020099173628067,44.442822889168966,39.794905730573255,0.15747444193687443, 287.9170932616464,  40.51909398093615,370830.53688651917,      0.0,370830.53688651917,   1.0
  0.05165205229127574, -0.08158879053704897,  15.020100173628066,44.442822889168966,39.794905730573255,0.15747444193687443, 287.9170932616464,  40.51909398093615, 370830.5367605479,      0.0, 370830.5367605479,   1.0
  0.05165205229127574, -0.08158879053704897,  15.020099173628067, 44.44282388916896,39.794905730573255,0.15747444193687443, 287.9170932616464,  40.51909398093615, 370830.5367650357,      0.0, 370830.5367650357,   1.0
  0.05165205229127574, -0.08158879053704897,  15.020099173628067,44.442822889168966, 39.79490673057325,0.15747444193687443, 287.9170932616464,  40.51909398093615,  370830.536768837,      0.0,  370830.536768837,   1.0
  0.05165205229127574, -0.08158879053704897,  15.020099173628067,44.442822889168966,39.794905730573255,0.15747544193687443, 287.9170932616464,  40.51909398093615, 370830.5366250218,      0.0, 370830.5366250218,   1.0
  0.05165205229127574, -0.08158879053704897,  15.020099173628067,44.442822889168966,39.794905730573255,0.15747444193687443, 287.9170942616464,  40.51909398093615,370830.53675630275,      0.0,370830.53675630275,   1.0
  0.05165205229127574, -0.08158879053704897,  15.020099173628067,44.442822889168966,39.794905730573255,0.15747444193687443, 287.9170932616464, 40.519094980936146, 370830.5367592489,      0.0, 370830.5367592489,   1.0
  0.05149494420540933, -0.08153368241786775,  14.984663954558874, 44.45997190885654,39.819709238461314, 0.1575810891901072,  287.945190682596, 40.538512680318426, 370830.5683178132,      0.0, 370830.5683178132,   1.0
  0.05149594420540933, -0.08153368241786775,  14.984663954558874, 44.45997190885654,39.819709238461314, 0.1575810891901072,  287.945190682596, 40.538512680318426,   370830.56830667,      0.0,   370830.56830667,   1.0
  0.05149494420540933, -0.08153268241786775,  14.984663954558874, 44.45997190885654,39.819709238461314, 0.1575810891901072,  287.945190682596, 40.538512680318426,370830.56828615384,      0.0,370830.56828615384,   1.0
  0.05149494420540933, -0.08153368241786775,  14.984664954558873, 44.45997190885654,39.819709238461314, 0.1575810891901072,  287.945190682596, 40.538512680318426, 370830.5683177871,      0.0, 370830.5683177871,   1.0
  0.05149494420540933, -0.08153368241786775,  14.984663954558874,44.459972908856535,39.819709238461314, 0.1575810891901072,  287.945190682596, 40.538512680318426, 370830.5683199072,      0.0, 370830.5683199072,   1.0
  0.05149494420540933, -0.08153368241786775,  14.984663954558874, 44.45997190885654, 39.81971023846131, 0.1575810891901072,  287.945190682596, 40.538512680318426,370830.56832393206,      0.0,370830.56832393206,   1.0
  0.05149494420540933, -0.08153368241786775,  14.984663954558874, 44.45997190885654,39.819709238461314, 0.1575820891901072,  287.945190682596, 40.538512680318426, 370830.5683497555,      0.0, 370830.5683497555,   1.0
  0.05149494420540933, -0.08153368241786775,  14.984663954558874, 44.45997190885654,39.819709238461314, 0.1575810891901072,  287.945191682596, 40.538512680318426, 370830.5683124407,      0.0, 370830.5683124407,   1.0
  0.05149494420540933, -0.08153368241786775,  14.984663954558874, 44.45997190885654,39.819709238461314, 0.1575810891901072,  287.945190682596, 40.538513680318424,370830.56831452437,      0.0,370830.56831452437,   1.0
 0.051522920488601076, -0.08153413301246179,  14.994892490689942,44.452452446516574, 39.81641917804825,0.15753537080617375, 287.9394776141377,  40.53459202745653, 370830.5712477348,      0.0, 370830.5712477348,   1.0
  0.05152392048860108, -0.08153413301246179,  14.994892490689942,44.452452446516574, 39.81641917804825,0.15753537080617375, 287.9394776141377,  40.53459202745653,370830.57124779816,      0.0,370830.57124779816,   1.0
 0.051522920488601076, -0.08153313301246179,  14.994892490689942,44.452452446516574, 39.81641917804825,0.15753537080617375, 287.9394776141377,  40.53459202745653,370830.57124776836,      0.0,370830.57124776836,   1.0
 0.051522920488601076, -0.08153413301246179,  14.994893490689941,44.452452446516574, 39.81641917804825,0.15753537080617375, 287.9394776141377,  40.53459202745653, 370830.5712475093,      0.0, 370830.5712475093,   1.0
 0.051522920488601076, -0.08153413301246179,  14.994892490689942, 44.45245344651657, 39.81641917804825,0.15753537080617375, 287.9394776141377,  40.53459202745653,370830.57125023036,      0.0,370830.57125023036,   1.0
 0.051522920488601076, -0.08153413301246179,  14.994892490689942,44.452452446516574, 39.81642017804825,0.15753537080617375, 287.9394776141377,  40.53459202745653, 370830.5712540438,      0.0, 370830.5712540438,   1.0
 0.051522920488601076, -0.08153413301246179,  14.994892490689942,44.452452446516574, 39.81641917804825,0.15753637080617375, 287.9394776141377,  40.53459202745653,  370830.571248647,      0.0,  370830.571248647,   1.0
 0.051522920488601076, -0.08153413301246179,  14.994892490689942,44.452452446516574, 39.81641917804825,0.15753537080617375,287.93947861413767,  40.53459202745653,  370830.571242448,      0.0,  370830.571242448,   1.0
 0.051522920488601076, -0.08153413301246179,  14.994892490689942,44.452452446516574, 39.81641917804825,0.15753537080617375, 287.9394776141377,  40.53459302745653,370830.57124470396,      0.0,370830.57124470396,   1.0
  0.05152232436685346, -0.08153281594351117,  14.995179128246477, 44.45195701902669,39.816388322076264,0.15753318626871704,287.93923412343634,  40.53444458449683,370830.57147551444,      0.0,370830.57147551444,   1.0
  0.05152332436685346, -0.08153281594351117,  14.995179128246477, 44.45195701902669,39.816388322076264,0.15753318626871704,287.93923412343634,  40.53444458449683,370830.57147580583,      0.0,370830.57147580583,   1.0
  0.05152232436685346, -0.08153181594351117,  14.995179128246477, 44.45195701902669,39.816388322076264,0.15753318626871704,287.93923412343634,  40.53444458449683,370830.57147489185,      0.0,370830.57147489185,   1.0
  0.05152232436685346, -0.08153281594351117,  14.995180128246476, 44.45195701902669,39.816388322076264,0.15753318626871704,287.93923412343634,  40.53444458449683,370830.57147528586,      0.0,370830.57147528586,   1.0
  0.05152232436685346, -0.08153281594351117,  14.995179128246477, 44.45195801902669,39.816388322076264,0.15753318626871704,287.93923412343634,  40.53444458449683, 370830.5714780454,      0.0, 370830.5714780454,   1.0
  0.05152232436685346, -0.08153281594351117,  14.995179128246477, 44.45195701902669, 39.81638932207626,0.15753318626871704,287.93923412343634,  40.53444458449683,370830.57148182613,      0.0,370830.57148182613,   1.0
  0.05152232436685346, -0.08153281594351117,  14.995179128246477, 44.45195701902669,39.816388322076264,0.15753418626871704,287.93923412343634,  40.53444458449683,370830.57147261646,      0.0,370830.57147261646,   1.0
  0.05152232436685346, -0.08153281594351117,  14.995179128246477, 44.45195701902669,39.816388322076264,0.15753318626871704,287.93923512343633,  40.53444458449683, 370830.5714702354,      0.0, 370830.5714702354,   1.0
  0.05152232436685346, -0.08153281594351117,  14.995179128246477, 44.45195701902669,39.816388322076264,0.15753318626871704,287.93923412343634,  40.53444558449683, 370830.5714724958,      0.0, 370830.5714724958,   1.0
  0.05151993987986299, -0.08152754766770867,  14.996325678472616, 44.44997530906717, 39.81626489818832,0.15752444811889021,  287.938260160631,  40.53385481265803, 370830.5722375343,      0.0, 370830.5722375343,   1.0
  0.05152093987986299, -0.08152754766770867,  14.996325678472616, 44.44997530906717, 39.81626489818832,0.15752444811889021,  287.938260160631,  40.53385481265803,370830.57223873807,      0.0,370830.57223873807,   1.0
  0.05151993987986299, -0.08152654766770867,  14.996325678472616, 44.44997530906717, 39.81626489818832,0.15752444811889021,  287.938260160631,  40.53385481265803, 370830.5722342869,      0.0, 370830.5722342869,   1.0
  0.05151993987986299, -0.08152754766770867,  14.996326678472615, 44.44997530906717, 39.81626489818832,0.15752444811889021,  287.938260160631,  40.53385481265803, 370830.5722372938,      0.0, 370830.5722372938,   1.0
  0.05151993987986299, -0.08152754766770867,  14.996325678472616, 44.44997630906717, 39.81626489818832,0.15752444811889021,  287.938260160631,  40.53385481265803,370830.57224020734,      0.0,370830.57224020734,   1.0
  0.05151993987986299, -0.08152754766770867,  14.996325678472616, 44.44997530906717, 39.81626589818832,0.15752444811889021,  287.938260160631,  40.53385481265803,  370830.572243857,      0.0,  370830.572243857,   1.0
  0.05151993987986299, -0.08152754766770867,  14.996325678472616, 44.44997530906717, 39.81626489818832,0.15752544811889022,  287.938260160631,  40.53385481265803,370830.57221939357,      0.0,370830.57221939357,   1.0
  0.05151993987986299, -0.08152754766770867,  14.996325678472616, 44.44997530906717, 39.81626489818832,0.15752444811889021,  287.938261160631,  40.53385481265803,370830.57223228645,      0.0,370830.57223228645,   1.0
  0.05151993987986299, -0.08152754766770867,  14.996325678472616, 44.44997530906717, 39.81626489818832,0.15752444811889021,  287.938260160631, 40.533855812658025,370830.57223456464,      0.0,370830.57223456464,   1.0
  0.05153807375581924, -0.08153124698247848,  15.001103162520518, 44.44073811025008, 39.81641863044408,0.15746143525854805, 287.9340677145265, 40.531067511069345,370830.57701279176,      0.0,370830.57701279176,   1.0
  0.05153907375581924, -0.08153124698247848,  15.001103162520518, 44.44073811025008, 39.81641863044408,0.15746143525854805, 287.9340677145265, 40.531067511069345, 370830.5770132901,      0.0, 370830.5770132901,   1.0
  0.05153807375581924, -0.08153024698247847,  15.001103162520518, 44.44073811025008, 39.81641863044408,0.15746143525854805, 287.9340677145265, 40.531067511069345,370830.57702187874,      0.0,370830.57702187874,   1.0
  0.05153807375581924, -0.08153124698247848,  15.001104162520518, 44.44073811025008, 39.81641863044408,0.15746143525854805, 287.9340677145265, 40.531067511069345, 370830.5770124688,      0.0, 370830.5770124688,   1.0
  0.05153807375581924, -0.08153124698247848,  15.001103162520518, 44.44073911025008, 39.81641863044408,0.15746143525854805, 287.9340677145265, 40.531067511069345, 370830.5770156788,      0.0, 370830.5770156788,   1.0
  0.05153807375581924, -0.08153124698247848,  15.001103162520518, 44.44073811025008, 39.81641963044408,0.15746143525854805, 287.9340677145265, 40.531067511069345,370830.57701911166,      0.0,370830.57701911166,   1.0
  0.05153807375581924, -0.08153124698247848,  15.001103162520518, 44.44073811025008, 39.81641863044408,0.15746243525854806, 287.9340677145265, 40.531067511069345,370830.57700017723,      0.0,370830.57700017723,   1.0
  0.05153807375581924, -0.08153124698247848,  15.001103162520518, 44.44073811025008, 39.81641863044408,0.15746143525854805, 287.9340687145265, 40.531067511069345,370830.57700758707,      0.0,370830.57700758707,   1.0
  0.05153807375581924, -0.08153124698247848,  15.001103162520518, 44.44073811025008, 39.81641863044408,0.15746143525854805, 287.9340677145265,  40.53106851106934,370830.57701000286,      0.0,370830.57701000286,   1.0
 0.050957740336682635, -0.08094855895167265,  15.020012452616335,44.412119096611015, 39.80567229626817,0.15772555246563202,287.89753963155954,  40.51473054808785, 370830.0546019726,      0.0, 370830.0546019726,   1.0
 0.050958740336682636, -0.08094855895167265,  15.020012452616335,44.412119096611015, 39.80567229626817,0.15772555246563202,287.89753963155954,  40.51473054808785, 370830.0546988208,      0.0, 370830.0546988208,   1.0
 0.050957740336682635, -0.08094755895167265,  15.020012452616335,44.412119096611015, 39.80567229626817,0.15772555246563202,287.89753963155954,  40.51473054808785,370830.05410821654,      0.0,370830.05410821654,   1.0
 0.050957740336682635, -0.08094855895167265,  15.020013452616334,44.412119096611015, 39.80567229626817,0.15772555246563202,287.89753963155954,  40.51473054808785,  370830.054602105,      0.0,  370830.054602105,   1.0
 0.050957740336682635, -0.08094855895167265,  15.020012452616335, 44.41212009661101, 39.80567229626817,0.15772555246563202,287.89753963155954,  40.51473054808785,370830.05461542803,      0.0,370830.05461542803,   1.0
 0.050957740336682635, -0.08094855895167265,  15.020012452616335,44.412119096611015, 39.80567329626817,0.15772555246563202,287.89753963155954,  40.51473054808785,370830.05460923666,      0.0,370830.05460923666,   1.0
 0.050957740336682635, -0.08094855895167265,  15.020012452616335,44.412119096611015, 39.80567229626817,0.15772655246563203,287.89753963155954,  40.51473054808785,370830.05293855816,      0.0,370830.05293855816,   1.0
 0.050957740336682635, -0.08094855895167265,  15.020012452616335,44.412119096611015, 39.80567229626817,0.15772555246563202,287.89754063155954,  40.51473054808785, 370830.0545991479,      0.0, 370830.0545991479,   1.0
 0.050957740336682635, -0.08094855895167265,  15.020012452616335,44.412119096611015, 39.80567229626817,0.15772555246563202,287.89753963155954, 40.514731548087845, 370830.0546012255,      0.0, 370830.0546012255,   1.0
  0.05149915822000442, -0.08149217355299129,  15.002371166622456, 44.43881899924677,39.815698011333225, 0.1574791462196829,287.93161824345685,  40.52997200002854,  370830.579773479,      0.0,  370830.579773479,   1.0
  0.05150015822000442, -0.08149217355299129,  15.002371166622456, 44.43881899924677,39.815698011333225, 0.1574791462196829,287.93161824345685,  40.52997200002854,370830.57978033274,      0.0,370830.57978033274,   1.0
  0.05149915822000442, -0.08149117355299129,  15.002371166622456, 44.43881899924677,39.815698011333225, 0.1574791462196829,287.93161824345685,  40.52997200002854, 370830.5797490047,      0.0, 370830.5797490047,   1.0
  0.05149915822000442, -0.08149217355299129,  15.002372166622456, 44.43881899924677,39.815698011333225, 0.1574791462196829,287.93161824345685,  40.52997200002854, 370830.5797731865,      0.0, 370830.5797731865,   1.0
  0.05149915822000442, -0.08149217355299129,  15.002371166622456, 44.43881999924677,39.815698011333225, 0.1574791462196829,287.93161824345685,  40.52997200002854, 370830.5797770734,      0.0, 370830.5797770734,   1.0
  0.05149915822000442, -0.08149217355299129,  15.002371166622456, 44.43881899924677, 39.81569901133322, 0.1574791462196829,287.93161824345685,  40.52997200002854,370830.57977986196,      0.0,370830.57977986196,   1.0
  0.05149915822000442, -0.08149217355299129,  15.002371166622456, 44.43881899924677,39.815698011333225, 0.1574801462196829,287.93161824345685,  40.52997200002854,370830.57965018414,      0.0,370830.57965018414,   1.0
  0.05149915822000442, -0.08149217355299129,  15.002371166622456, 44.43881899924677,39.815698011333225, 0.1574791462196829,287.93161924345685,  40.52997200002854,370830.57976843376,      0.0,370830.57976843376,   1.0
  0.05149915822000442, -0.08149217355299129,  15.002371166622456, 44.43881899924677,39.815698011333225, 0.1574791462196829,287.93161824345685,  40.52997300002854, 370830.5797708258,      0.0, 370830.5797708258,   1.0
 0.051513281148228306, -0.08149442060104595,   15.00613575910894, 44.43122704434016, 39.81615029115785, 0.1574225654878424, 287.9267113776589,  40.52696799163905, 370830.5926906194,      0.0, 370830.5926906194,   1.0
  0.05151428114822831, -0.08149442060104595,   15.00613575910894, 44.43122704434016, 39.81615029115785, 0.1574225654878424, 287.9267113776589,  40.52696799163905,370830.59269474866,      0.0,370830.59269474866,   1.0
 0.051513281148228306, -0.08149342060104595,   15.00613575910894, 44.43122704434016, 39.81615029115785, 0.1574225654878424, 287.9267113776589,  40.52696799163905,370830.59267274267,      0.0,370830.59267274267,   1.0
 0.051513281148228306, -0.08149442060104595,  15.006136759108939, 44.43122704434016, 39.81615029115785, 0.1574225654878424, 287.9267113776589,  40.52696799163905, 370830.5926902697,      0.0, 370830.5926902697,   1.0
 0.051513281148228306, -0.08149442060104595,   15.00613575910894, 44.43122804434016, 39.81615029115785, 0.1574225654878424, 287.9267113776589,  40.52696799163905,370830.59269435174,      0.0,370830.59269435174,   1.0
 0.051513281148228306, -0.08149442060104595,   15.00613575910894, 44.43122704434016,39.816151291157844, 0.1574225654878424, 287.9267113776589,  40.52696799163905, 370830.5926969823,      0.0, 370830.5926969823,   1.0
 0.051513281148228306, -0.08149442060104595,   15.00613575910894, 44.43122704434016, 39.81615029115785, 0.1574235654878424, 287.9267113776589,  40.52696799163905,370830.59258023265,      0.0,370830.59258023265,   1.0
 0.051513281148228306, -0.08149442060104595,   15.00613575910894, 44.43122704434016, 39.81615029115785, 0.1574225654878424, 287.9267123776589,  40.52696799163905, 370830.5926856002,      0.0, 370830.5926856002,   1.0
 0.051513281148228306, -0.08149442060104595,   15.00613575910894, 44.43122704434016, 39.81615029115785, 0.1574225654878424, 287.9267113776589, 40.526968991639045,370830.59268814547,      0.0,370830.59268814547,   1.0
  0.05169221900294798,   -0.081632120917204,   15.01869954333778, 44.39784152507114, 39.83352554664439,0.15723767578200015,  287.909644766544,  40.51731394671153, 370830.6623155523,      0.0, 370830.6623155523,   1.0
  0.05169321900294798,   -0.081632120917204,   15.01869954333778, 44.39784152507114, 39.83352554664439,0.15723767578200015,  287.909644766544,  40.51731394671153, 370830.6623230904,      0.0, 370830.6623230904,   1.0
  0.05169221900294798,   -0.081631120917204,   15.01869954333778, 44.39784152507114, 39.83352554664439,0.15723767578200015,  287.909644766544,  40.51731394671153,  370830.662479962,      0.0,  370830.662479962,   1.0
  0.05169221900294798,   -0.081632120917204,   15.01870054333778, 44.39784152507114, 39.83352554664439,0.15723767578200015,  287.909644766544,  40.51731394671153, 370830.6623147316,      0.0, 370830.6623147316,   1.0
  0.05169221900294798,   -0.081632120917204,   15.01869954333778,44.397842525071134, 39.83352554664439,0.15723767578200015,  287.909644766544,  40.51731394671153, 370830.6623209247,      0.0, 370830.6623209247,   1.0
  0.05169221900294798,   -0.081632120917204,   15.01869954333778, 44.39784152507114,39.833526546644386,0.15723767578200015,  287.909644766544,  40.51731394671153, 370830.6623210553,      0.0, 370830.6623210553,   1.0
  0.05169221900294798,   -0.081632120917204,   15.01869954333778, 44.39784152507114, 39.83352554664439,0.15723867578200015,  287.909644766544,  40.51731394671153,370830.66207948094,      0.0,370830.66207948094,   1.0
  0.05169221900294798,   -0.081632120917204,   15.01869954333778, 44.39784152507114, 39.83352554664439,0.15723767578200015,  287.909645766544,  40.51731394671153, 370830.6623108855,      0.0, 370830.6623108855,   1.0
  0.05169221900294798,   -0.081632120917204,   15.01869954333778, 44.39784152507114, 39.83352554664439,0.15723767578200015,  287.909644766544,  40.51731494671153, 370830.6623137689,      0.0, 370830.6623137689,   1.0
  0.05188357861050891,  -0.0813767809083353,  15.112667942253347, 44.38076522216982, 39.82470416878075,0.15695828625191185, 287.8511884901068, 40.485159843562414,370830.70245146373,      0.0,370830.70245146373,   1.0
  0.05188457861050891,  -0.0813767809083353,  15.112667942253347, 44.38076522216982, 39.82470416878075,0.15695828625191185, 287.8511884901068, 40.485159843562414,370830.70172305044,      0.0,370830.70172305044,   1.0
  0.05188357861050891,  -0.0813757809083353,  15.112667942253347, 44.38076522216982, 39.82470416878075,0.15695828625191185, 287.8511884901068, 40.485159843562414, 370830.7017309476,      0.0, 370830.7017309476,   1.0
  0.05188357861050891,  -0.0813767809083353,  15.112668942253347, 44.38076522216982, 39.82470416878075,0.15695828625191185, 287.8511884901068, 40.485159843562414, 370830.7024517788,      0.0, 370830.7024517788,   1.0
  0.05188357861050891,  -0.0813767809083353,  15.112667942253347, 44.38076622216982, 39.82470416878075,0.15695828625191185, 287.8511884901068, 40.485159843562414, 370830.7024561168,      0.0, 370830.7024561168,   1.0
  0.05188357861050891,  -0.0813767809083353,  15.112667942253347, 44.38076522216982,39.824705168780746,0.15695828625191185, 287.8511884901068, 40.485159843562414, 370830.7024573994,      0.0, 370830.7024573994,   1.0
  0.05188357861050891,  -0.0813767809083353,  15.112667942253347, 44.38076522216982, 39.82470416878075,0.15695928625191186, 287.8511884901068, 40.485159843562414,370830.70248470665,      0.0,370830.70248470665,   1.0
  0.05188357861050891,  -0.0813767809083353,  15.112667942253347, 44.38076522216982, 39.82470416878075,0.15695828625191185, 287.8511894901068, 40.485159843562414, 370830.7024465968,      0.0, 370830.7024465968,   1.0
  0.05188357861050891,  -0.0813767809083353,  15.112667942253347, 44.38076522216982, 39.82470416878075,0.15695828625191185, 287.8511884901068,  40.48516084356241, 370830.7024512496,      0.0, 370830.7024512496,   1.0
  0.05177989832422569, -0.08144695769074246,  15.111384582072196, 44.39087307690518, 39.83145390902969,0.15701806668260443, 287.8390086296919,  40.48028006412962, 370830.9112774397,      0.0, 370830.9112774397,   1.0
 0.051780898324225694, -0.08144695769074246,  15.111384582072196, 44.39087307690518, 39.83145390902969,0.15701806668260443, 287.8390086296919,  40.48028006412962,370830.91125037055,      0.0,370830.91125037055,   1.0
  0.05177989832422569, -0.08144595769074246,  15.111384582072196, 44.39087307690518, 39.83145390902969,0.15701806668260443, 287.8390086296919,  40.48028006412962, 370830.9113675266,      0.0, 370830.9113675266,   1.0
  0.05177989832422569, -0.08144695769074246,  15.111385582072195, 44.39087307690518, 39.83145390902969,0.15701806668260443, 287.8390086296919,  40.48028006412962, 370830.9112755881,      0.0, 370830.9112755881,   1.0
  0.05177989832422569, -0.08144695769074246,  15.111384582072196, 44.39087407690518, 39.83145390902969,0.15701806668260443, 287.8390086296919,  40.48028006412962,370830.91128230165,      0.0,370830.91128230165,   1.0
  0.05177989832422569, -0.08144695769074246,  15.111384582072196, 44.39087307690518, 39.83145490902969,0.15701806668260443, 287.8390086296919,  40.48028006412962,370830.91128309455,      0.0,370830.91128309455,   1.0
  0.05177989832422569, -0.08144695769074246,  15.111384582072196, 44.39087307690518, 39.83145390902969,0.15701906668260443, 287.8390086296919,  40.48028006412962, 370830.9112494221,      0.0, 370830.9112494221,   1.0
  0.05177989832422569, -0.08144695769074246,  15.111384582072196, 44.39087307690518, 39.83145390902969,0.15701806668260443, 287.8390096296919,  40.48028006412962, 370830.9112726187,      0.0, 370830.9112726187,   1.0
  0.05177989832422569, -0.08144695769074246,  15.111384582072196, 44.39087307690518, 39.83145390902969,0.15701806668260443, 287.8390086296919,  40.48028106412962,370830.91127745085,      0.0,370830.91127745085,   1.0
  0.05168140997735065, -0.08149640534581222,  15.120243277803514, 44.43959839927569, 39.84548138800345,0.15727213623922096, 287.7992740766482,  40.46401946253716, 370831.3007221137,      0.0, 370831.3007221137,   1.0
  0.05168240997735065, -0.08149640534581222,  15.120243277803514, 44.43959839927569, 39.84548138800345,0.15727213623922096, 287.7992740766482,  40.46401946253716, 370831.3014064594,      0.0, 370831.3014064594,   1.0
  0.05168140997735065, -0.08149540534581222,  15.120243277803514, 44.43959839927569, 39.84548138800345,0.15727213623922096, 287.7992740766482,  40.46401946253716,370831.30162743956,      0.0,370831.30162743956,   1.0
  0.05168140997735065, -0.08149640534581222,  15.120244277803513, 44.43959839927569, 39.84548138800345,0.15727213623922096, 287.7992740766482,  40.46401946253716, 370831.3007179538,      0.0, 370831.3007179538,   1.0
  0.05168140997735065, -0.08149640534581222,  15.120243277803514,44.439599399275686, 39.84548138800345,0.15727213623922096, 287.7992740766482,  40.46401946253716,370831.30072669906,      0.0,370831.30072669906,   1.0
  0.05168140997735065, -0.08149640534581222,  15.120243277803514, 44.43959839927569, 39.84548238800345,0.15727213623922096, 287.7992740766482,  40.46401946253716, 370831.3007271362,      0.0, 370831.3007271362,   1.0
  0.05168140997735065, -0.08149640534581222,  15.120243277803514, 44.43959839927569, 39.84548138800345,0.15727313623922096, 287.7992740766482,  40.46401946253716, 370831.3005961516,      0.0, 370831.3005961516,   1.0
  0.05168140997735065, -0.08149640534581222,  15.120243277803514, 44.43959839927569, 39.84548138800345,0.15727213623922096, 287.7992750766482,  40.46401946253716,370831.30071723065,      0.0,370831.30071723065,   1.0
  0.05168140997735065, -0.08149640534581222,  15.120243277803514, 44.43959839927569, 39.84548138800345,0.15727213623922096, 287.7992740766482,  40.46402046253716,370831.30072275916,      0.0,370831.30072275916,   1.0
   0.0516012019069172, -0.08150768055560155,  15.153570553768686, 44.57168914433182, 39.89297654677645,0.15793261097645891, 287.6863223170051, 40.418375381179615, 370832.0817114447,      0.0, 370832.0817114447,   1.0
   0.0516022019069172, -0.08150768055560155,  15.153570553768686, 44.57168914433182, 39.89297654677645,0.15793261097645891, 287.6863223170051, 40.418375381179615, 370832.0831561949,      0.0, 370832.0831561949,   1.0
   0.0516012019069172, -0.08150668055560155,  15.153570553768686, 44.57168914433182, 39.89297654677645,0.15793261097645891, 287.6863223170051, 40.418375381179615, 370832.0834802032,      0.0, 370832.0834802032,   1.0
   0.0516012019069172, -0.08150768055560155,  15.153571553768685, 44.57168914433182, 39.89297654677645,0.15793261097645891, 287.6863223170051, 40.418375381179615, 370832.0817045443,      0.0, 370832.0817045443,   1.0
   0.0516012019069172, -0.08150768055560155,  15.153570553768686, 44.57169014433182, 39.89297654677645,0.15793261097645891, 287.6863223170051, 40.418375381179615,  370832.081714956,      0.0,  370832.081714956,   1.0
   0.0516012019069172, -0.08150768055560155,  15.153570553768686, 44.57168914433182, 39.89297754677645,0.15793261097645891, 287.6863223170051, 40.418375381179615,370832.08171415527,      0.0,370832.08171415527,   1.0
   0.0516012019069172, -0.08150768055560155,  15.153570553768686, 44.57168914433182, 39.89297654677645,0.15793361097645892, 287.6863223170051, 40.418375381179615, 370832.0813851258,      0.0, 370832.0813851258,   1.0
   0.0516012019069172, -0.08150768055560155,  15.153570553768686, 44.57168914433182, 39.89297654677645,0.15793261097645891, 287.6863233170051, 40.418375381179615,370832.08170631627,      0.0,370832.08170631627,   1.0
   0.0516012019069172, -0.08150768055560155,  15.153570553768686, 44.57168914433182, 39.89297654677645,0.15793261097645891, 287.6863223170051,  40.41837638117961, 370832.0817138444,      0.0, 370832.0817138444,   1.0
  0.05161327926763209, -0.08144153708747195,  15.172835505143798, 44.71202391334955,39.959355459317706,0.15860889149864943,287.56249020146714,  40.36983550324267,370832.76239715674,      0.0,370832.76239715674,   1.0
  0.05161427926763209, -0.08144153708747195,  15.172835505143798, 44.71202391334955,39.959355459317706,0.15860889149864943,287.56249020146714,  40.36983550324267,370832.76372711716,      0.0,370832.76372711716,   1.0
  0.05161327926763209, -0.08144053708747195,  15.172835505143798, 44.71202391334955,39.959355459317706,0.15860889149864943,287.56249020146714,  40.36983550324267,370832.76399840316,      0.0,370832.76399840316,   1.0
  0.05161327926763209, -0.08144153708747195,  15.172836505143797, 44.71202391334955,39.959355459317706,0.15860889149864943,287.56249020146714,  40.36983550324267,370832.76239046635,      0.0,370832.76239046635,   1.0
  0.05161327926763209, -0.08144153708747195,  15.172835505143798,44.712024913349545,39.959355459317706,0.15860889149864943,287.56249020146714,  40.36983550324267, 370832.7623991962,      0.0, 370832.7623991962,   1.0
  0.05161327926763209, -0.08144153708747195,  15.172835505143798, 44.71202391334955,  39.9593564593177,0.15860889149864943,287.56249020146714,  40.36983550324267, 370832.7623964798,      0.0, 370832.7623964798,   1.0
  0.05161327926763209, -0.08144153708747195,  15.172835505143798, 44.71202391334955,39.959355459317706,0.15860989149864943,287.56249020146714,  40.36983550324267, 370832.7619238839,      0.0, 370832.7619238839,   1.0
  0.05161327926763209, -0.08144153708747195,  15.172835505143798, 44.71202391334955,39.959355459317706,0.15860889149864943,287.56249120146714,  40.36983550324267,  370832.762391688,      0.0,  370832.762391688,   1.0
  0.05161327926763209, -0.08144153708747195,  15.172835505143798, 44.71202391334955,39.959355459317706,0.15860889149864943,287.56249020146714,  40.36983650324267,370832.76240136835,      0.0,370832.76240136835,   1.0
  0.05027430347260408, -0.08016977888662372,  15.227379820588203,   44.713850066784,40.068067219181074,0.15778015163376036,287.33499986519246, 40.277429561404105,  370831.962800122,      0.0,  370831.962800122,   1.0
  0.05027530347260408, -0.08016977888662372,  15.227379820588203,   44.713850066784,40.068067219181074,0.15778015163376036,287.33499986519246, 40.277429561404105, 370831.9648587741,      0.0, 370831.9648587741,   1.0
  0.05027430347260408, -0.08016877888662371,  15.227379820588203,   44.713850066784,40.068067219181074,0.15778015163376036,287.33499986519246, 40.277429561404105, 370831.9638047087,      0.0, 370831.9638047087,   1.0
  0.05027430347260408, -0.08016977888662372,  15.227380820588202,   44.713850066784,40.068067219181074,0.15778015163376036,287.33499986519246, 40.277429561404105,370831.96279282746,      0.0,370831.96279282746,   1.0
  0.05027430347260408, -0.08016977888662372,  15.227379820588203,44.713851066783995,40.068067219181074,0.15778015163376036,287.33499986519246, 40.277429561404105, 370831.9627936243,      0.0, 370831.9627936243,   1.0
  0.05027430347260408, -0.08016977888662372,  15.227379820588203,   44.713850066784, 40.06806821918107,0.15778015163376036,287.33499986519246, 40.277429561404105, 370831.9627933981,      0.0, 370831.9627933981,   1.0
  0.05027430347260408, -0.08016977888662372,  15.227379820588203,   44.713850066784,40.068067219181074,0.15778115163376036,287.33499986519246, 40.277429561404105, 370831.9640607746,      0.0, 370831.9640607746,   1.0
  0.05027430347260408, -0.08016977888662372,  15.227379820588203,   44.713850066784,40.068067219181074,0.15778015163376036,287.33500086519246, 40.277429561404105, 370831.9627925839,      0.0, 370831.9627925839,   1.0
  0.05027430347260408, -0.08016977888662372,  15.227379820588203,   44.713850066784,40.068067219181074,0.15778015163376036,287.33499986519246,   40.2774305614041,370831.96280791174,      0.0,370831.96280791174,   1.0
  0.05123030725261908, -0.08107779055628243,  15.188436195216624, 44.71254622724283, 39.99044904733108,0.15837185646249963,287.49742372841916,  40.34340568287064,370832.91514881747,      0.0,370832.91514881747,   1.0
  0.05123130725261908, -0.08107779055628243,  15.188436195216624, 44.71254622724283, 39.99044904733108,0.15837185646249963,287.49742372841916,  40.34340568287064, 370832.9166830822,      0.0, 370832.9166830822,   1.0
  0.05123030725261908, -0.08107679055628243,  15.188436195216624, 44.71254622724283, 39.99044904733108,0.15837185646249963,287.49742372841916,  40.34340568287064,370832.91657410155,      0.0,370832.91657410155,   1.0
  0.05123030725261908, -0.08107779055628243,  15.188437195216624, 44.71254622724283, 39.99044904733108,0.15837185646249963,287.49742372841916,  40.34340568287064, 370832.9151419729,      0.0, 370832.9151419729,   1.0
  0.05123030725261908, -0.08107779055628243,  15.188436195216624, 44.71254722724283, 39.99044904733108,0.15837185646249963,287.49742372841916,  40.34340568287064, 370832.9151484095,      0.0, 370832.9151484095,   1.0
  0.05123030725261908, -0.08107779055628243,  15.188436195216624, 44.71254622724283, 39.99045004733108,0.15837185646249963,287.49742372841916,  40.34340568287064, 370832.9151464149,      0.0, 370832.9151464149,   1.0
  0.05123030725261908, -0.08107779055628243,  15.188436195216624, 44.71254622724283, 39.99044904733108,0.15837285646249963,287.49742372841916,  40.34340568287064,370832.91517124686,      0.0,370832.91517124686,   1.0
  0.05123030725261908, -0.08107779055628243,  15.188436195216624, 44.71254622724283, 39.99044904733108,0.15837185646249963,287.49742472841916,  40.34340568287064,370832.91514275473,      0.0,370832.91514275473,   1.0
  0.05123030725261908, -0.08107779055628243,  15.188436195216624, 44.71254622724283, 39.99044904733108,0.15837185646249963,287.49742372841916, 40.343406682870636,370832.91515403916,      0.0,370832.91515403916,   1.0
  0.05132901920973225, -0.08118707876110613,   15.10398793196437, 44.76164675956983, 40.05112573246764,0.15869504913102694,287.47654779890337, 40.342940596991134, 370833.1686270151,      0.0, 370833.1686270151,   1.0
  0.05133001920973225, -0.08118707876110613,   15.10398793196437, 44.76164675956983, 40.05112573246764,0.15869504913102694,287.47654779890337, 40.342940596991134, 370833.1691924351,      0.0, 370833.1691924351,   1.0
  0.05132901920973225, -0.08118607876110613,   15.10398793196437, 44.76164675956983, 40.05112573246764,0.15869504913102694,287.47654779890337, 40.342940596991134,  370833.169009516,      0.0,  370833.169009516,   1.0
  0.05132901920973225, -0.08118707876110613,   15.10398893196437, 44.76164675956983, 40.05112573246764,0.15869504913102694,287.47654779890337, 40.342940596991134,370833.16862417356,      0.0,370833.16862417356,   1.0
  0.05132901920973225, -0.08118707876110613,   15.10398793196437,44.761647759569826, 40.05112573246764,0.15869504913102694,287.47654779890337, 40.342940596991134,370833.16862668534,      0.0,370833.16862668534,   1.0
  0.05132901920973225, -0.08118707876110613,   15.10398793196437, 44.76164675956983, 40.05112673246764,0.15869504913102694,287.47654779890337, 40.342940596991134,370833.16862138716,      0.0,370833.16862138716,   1.0
  0.05132901920973225, -0.08118707876110613,   15.10398793196437, 44.76164675956983, 40.05112573246764,0.15869604913102694,287.47654779890337, 40.342940596991134,370833.16846198484,      0.0,370833.16846198484,   1.0
  0.05132901920973225, -0.08118707876110613,   15.10398793196437, 44.76164675956983, 40.05112573246764,0.15869504913102694,287.47654879890337, 40.342940596991134, 370833.1686209849,      0.0, 370833.1686209849,   1.0
  0.05132901920973225, -0.08118707876110613,   15.10398793196437, 44.76164675956983, 40.05112573246764,0.15869504913102694,287.47654779890337,  40.34294159699113,370833.16863205226,      0.0,370833.16863205226,   1.0
  0.05147846128839162,   -0.081131572828862,  15.149517146433414,44.758381132225146, 40.04003501023813, 0.1586090508100262, 287.4458924663111,  40.32523878649887,370833.28092052025,      0.0,370833.28092052025,   1.0
  0.05147946128839162,   -0.081131572828862,  15.149517146433414,44.758381132225146, 40.04003501023813, 0.1586090508100262, 287.4458924663111,  40.32523878649887,370833.28118696157,      0.0,370833.28118696157,   1.0
  0.05147846128839162,   -0.081130572828862,  15.149517146433414,44.758381132225146, 40.04003501023813, 0.1586090508100262, 287.4458924663111,  40.32523878649887,370833.28101332876,      0.0,370833.28101332876,   1.0
  0.05147846128839162,   -0.081131572828862,  15.149518146433413,44.758381132225146, 40.04003501023813, 0.1586090508100262, 287.4458924663111,  40.32523878649887,370833.28091793484,      0.0,370833.28091793484,   1.0
  0.05147846128839162,   -0.081131572828862,  15.149517146433414,44.758382132225144, 40.04003501023813, 0.1586090508100262, 287.4458924663111,  40.32523878649887, 370833.2809202745,      0.0, 370833.2809202745,   1.0
  0.05147846128839162,   -0.081131572828862,  15.149517146433414,44.758381132225146,40.040036010238126, 0.1586090508100262, 287.4458924663111,  40.32523878649887,370833.28091549064,      0.0,370833.28091549064,   1.0
  0.05147846128839162,   -0.081131572828862,  15.149517146433414,44.758381132225146, 40.04003501023813, 0.1586100508100262, 287.4458924663111,  40.32523878649887, 370833.2807949677,      0.0, 370833.2807949677,   1.0
  0.05147846128839162,   -0.081131572828862,  15.149517146433414,44.758381132225146, 40.04003501023813, 0.1586090508100262, 287.4458934663111,  40.32523878649887,370833.28091449157,      0.0,370833.28091449157,   1.0
  0.05147846128839162,   -0.081131572828862,  15.149517146433414,44.758381132225146, 40.04003501023813, 0.1586090508100262, 287.4458924663111,  40.32523978649887,370833.28092646634,      0.0,370833.28092646634,   1.0
  0.05160576750327373, -0.08108905133097571,  15.176881565152625, 44.76293406831556,40.021237651078025, 0.1585363257164986, 287.4138375509178, 40.306492833158885, 370833.3897391531,      0.0, 370833.3897391531,   1.0
  0.05160676750327373, -0.08108905133097571,  15.176881565152625, 44.76293406831556,40.021237651078025, 0.1585363257164986, 287.4138375509178, 40.306492833158885, 370833.3896362907,      0.0, 370833.3896362907,   1.0
  0.05160576750327373, -0.08108805133097571,  15.176881565152625, 44.76293406831556,40.021237651078025, 0.1585363257164986, 287.4138375509178, 40.306492833158885, 370833.3894497623,      0.0, 370833.3894497623,   1.0
  0.05160576750327373, -0.08108905133097571,  15.176882565152624, 44.76293406831556,40.021237651078025, 0.1585363257164986, 287.4138375509178, 40.306492833158885,370833.38973729534,      0.0,370833.38973729534,   1.0
  0.05160576750327373, -0.08108905133097571,  15.176881565152625, 44.76293506831556,40.021237651078025, 0.1585363257164986, 287.4138375509178, 40.306492833158885, 370833.3897382756,      0.0, 370833.3897382756,   1.0
  0.05160576750327373, -0.08108905133097571,  15.176881565152625, 44.76293406831556, 40.02123865107802, 0.1585363257164986, 287.4138375509178, 40.306492833158885,  370833.389735104,      0.0,  370833.389735104,   1.0
  0.05160576750327373, -0.08108905133097571,  15.176881565152625, 44.76293406831556,40.021237651078025, 0.1585373257164986, 287.4138375509178, 40.306492833158885,370833.38974834816,      0.0,370833.38974834816,   1.0
  0.05160576750327373, -0.08108905133097571,  15.176881565152625, 44.76293406831556,40.021237651078025, 0.1585363257164986, 287.4138385509178, 40.306492833158885, 370833.3897329623,      0.0, 370833.3897329623,   1.0
  0.05160576750327373, -0.08108905133097571,  15.176881565152625, 44.76293406831556,40.021237651078025, 0.1585363257164986, 287.4138375509178,  40.30649383315888, 370833.3897459816,      0.0, 370833.3897459816,   1.0
  0.05169948217418721, -0.08109693529031702,   15.18287004638381, 44.77087334264234, 40.00577441841487, 0.1584811267705158,287.38114383081904,  40.28825177976384, 370833.4769263751,      0.0, 370833.4769263751,   1.0
  0.05170048217418721, -0.08109693529031702,   15.18287004638381, 44.77087334264234, 40.00577441841487, 0.1584811267705158,287.38114383081904,  40.28825177976384, 370833.4765490448,      0.0, 370833.4765490448,   1.0
  0.05169948217418721, -0.08109593529031701,   15.18287004638381, 44.77087334264234, 40.00577441841487, 0.1584811267705158,287.38114383081904,  40.28825177976384,370833.47637017467,      0.0,370833.47637017467,   1.0
  0.05169948217418721, -0.08109693529031702,   15.18287104638381, 44.77087334264234, 40.00577441841487, 0.1584811267705158,287.38114383081904,  40.28825177976384, 370833.4769252146,      0.0, 370833.4769252146,   1.0
  0.05169948217418721, -0.08109693529031702,   15.18287004638381, 44.77087434264234, 40.00577441841487, 0.1584811267705158,287.38114383081904,  40.28825177976384,370833.47692473995,      0.0,370833.47692473995,   1.0
  0.05169948217418721, -0.08109693529031702,   15.18287004638381, 44.77087334264234, 40.00577541841487, 0.1584811267705158,287.38114383081904,  40.28825177976384, 370833.4769231299,      0.0, 370833.4769231299,   1.0
  0.05169948217418721, -0.08109693529031702,   15.18287004638381, 44.77087334264234, 40.00577441841487, 0.1584821267705158,287.38114383081904,  40.28825177976384,370833.47707855265,      0.0,370833.47707855265,   1.0
  0.05169948217418721, -0.08109693529031702,   15.18287004638381, 44.77087334264234, 40.00577441841487, 0.1584811267705158,287.38114483081904,  40.28825177976384,370833.47691999463,      0.0,370833.47691999463,   1.0
  0.05169948217418721, -0.08109693529031702,   15.18287004638381, 44.77087334264234, 40.00577441841487, 0.1584811267705158,287.38114383081904,  40.28825277976384,370833.47693403665,      0.0,370833.47693403665,   1.0
 0.051747946635788994, -0.08114165088846768,  15.164778408413282, 44.78837317681359, 39.98601863722606, 0.1584533589789616,  287.330919184166, 40.261659666933845,370833.61361225345,      0.0,370833.61361225345,   1.0
 0.051748946635788995, -0.08114165088846768,  15.164778408413282, 44.78837317681359, 39.98601863722606, 0.1584533589789616,  287.330919184166, 40.261659666933845, 370833.6130146849,      0.0, 370833.6130146849,   1.0
 0.051747946635788994, -0.08114065088846768,  15.164778408413282, 44.78837317681359, 39.98601863722606, 0.1584533589789616,  287.330919184166, 40.261659666933845, 370833.6128423477,      0.0, 370833.6128423477,   1.0
 0.051747946635788994, -0.08114165088846768,  15.164779408413281, 44.78837317681359, 39.98601863722606, 0.1584533589789616,  287.330919184166, 40.261659666933845, 370833.6136119467,      0.0, 370833.6136119467,   1.0
 0.051747946635788994, -0.08114165088846768,  15.164778408413282, 44.78837417681359, 39.98601863722606, 0.1584533589789616,  287.330919184166, 40.261659666933845,370833.61360979604,      0.0,370833.61360979604,   1.0
 0.051747946635788994, -0.08114165088846768,  15.164778408413282, 44.78837317681359, 39.98601963722606, 0.1584533589789616,  287.330919184166, 40.261659666933845, 370833.6136100532,      0.0, 370833.6136100532,   1.0
 0.051747946635788994, -0.08114165088846768,  15.164778408413282, 44.78837317681359, 39.98601863722606, 0.1584543589789616,  287.330919184166, 40.261659666933845,370833.61390238896,      0.0,370833.61390238896,   1.0
 0.051747946635788994, -0.08114165088846768,  15.164778408413282, 44.78837317681359, 39.98601863722606, 0.1584533589789616,  287.330920184166, 40.261659666933845, 370833.6136056637,      0.0, 370833.6136056637,   1.0
 0.051747946635788994, -0.08114165088846768,  15.164778408413282, 44.78837317681359, 39.98601863722606, 0.1584533589789616,  287.330919184166,  40.26166066693384,370833.61362114514,      0.0,370833.61362114514,   1.0
  0.05168332298531286, -0.08122934868975389,  15.105358817625408, 44.81901257013502,39.963073426107606,0.15848878077820897,  287.242300678529,  40.21740111702773, 370833.8283224849,      0.0, 370833.8283224849,   1.0
 0.051684322985312864, -0.08122934868975389,  15.105358817625408, 44.81901257013502,39.963073426107606,0.15848878077820897,  287.242300678529,  40.21740111702773,  370833.827654853,      0.0,  370833.827654853,   1.0
  0.05168332298531286, -0.08122834868975388,  15.105358817625408, 44.81901257013502,39.963073426107606,0.15848878077820897,  287.242300678529,  40.21740111702773, 370833.8274681309,      0.0, 370833.8274681309,   1.0
  0.05168332298531286, -0.08122934868975389,  15.105359817625407, 44.81901257013502,39.963073426107606,0.15848878077820897,  287.242300678529,  40.21740111702773,370833.82832316787,      0.0,370833.82832316787,   1.0
  0.05168332298531286, -0.08122934868975389,  15.105358817625408, 44.81901357013502,39.963073426107606,0.15848878077820897,  287.242300678529,  40.21740111702773, 370833.8283201506,      0.0, 370833.8283201506,   1.0
  0.05168332298531286, -0.08122934868975389,  15.105358817625408, 44.81901257013502,  39.9630744261076,0.15848878077820897,  287.242300678529,  40.21740111702773, 370833.8283215662,      0.0, 370833.8283215662,   1.0
  0.05168332298531286, -0.08122934868975389,  15.105358817625408, 44.81901257013502,39.963073426107606,0.15848978077820897,  287.242300678529,  40.21740111702773,370833.82858110615,      0.0,370833.82858110615,   1.0
  0.05168332298531286, -0.08122934868975389,  15.105358817625408, 44.81901257013502,39.963073426107606,0.15848878077820897,  287.242301678529,  40.21740111702773,  370833.828315893,      0.0,  370833.828315893,   1.0
  0.05168332298531286, -0.08122934868975389,  15.105358817625408, 44.81901257013502,39.963073426107606,0.15848878077820897,  287.242300678529, 40.217402117027724, 370833.8283335712,      0.0, 370833.8283335712,   1.0
 0.053023143480676965, -0.08320791020575041,  14.976982745262076, 44.95347279911345, 40.05129649492212,0.15808009275345233,287.00754891608614, 40.117670112632794, 370830.8102077683,      0.0, 370830.8102077683,   1.0
 0.053024143480676966, -0.08320791020575041,  14.976982745262076, 44.95347279911345, 40.05129649492212,0.15808009275345233,287.00754891608614, 40.117670112632794, 370830.8109400548,      0.0, 370830.8109400548,   1.0
 0.053023143480676965, -0.08320691020575041,  14.976982745262076, 44.95347279911345, 40.05129649492212,0.15808009275345233,287.00754891608614, 40.117670112632794, 370830.8127556131,      0.0, 370830.8127556131,   1.0
 0.053023143480676965, -0.08320791020575041,  14.976983745262075, 44.95347279911345, 40.05129649492212,0.15808009275345233,287.00754891608614, 40.117670112632794,370830.81020290137,      0.0,370830.81020290137,   1.0
 0.053023143480676965, -0.08320791020575041,  14.976982745262076,44.953473799113446, 40.05129649492212,0.15808009275345233,287.00754891608614, 40.117670112632794, 370830.8101883736,      0.0, 370830.8101883736,   1.0
 0.053023143480676965, -0.08320791020575041,  14.976982745262076, 44.95347279911345, 40.05129749492212,0.15808009275345233,287.00754891608614, 40.117670112632794, 370830.8102019831,      0.0, 370830.8102019831,   1.0
 0.053023143480676965, -0.08320791020575041,  14.976982745262076, 44.95347279911345, 40.05129649492212,0.15808109275345233,287.00754891608614, 40.117670112632794, 370830.8132139616,      0.0, 370830.8132139616,   1.0
 0.053023143480676965, -0.08320791020575041,  14.976982745262076, 44.95347279911345, 40.05129649492212,0.15808009275345233,287.00754991608613, 40.117670112632794,370830.81019713334,      0.0,370830.81019713334,   1.0
 0.053023143480676965, -0.08320791020575041,  14.976982745262076, 44.95347279911345, 40.05129649492212,0.15808009275345233,287.00754891608614,  40.11767111263279, 370830.8102215788,      0.0, 370830.8102215788,   1.0
  0.05180130357575098, -0.08140357490638746,  15.094054404184982, 44.83085273623205,39.970842086002726, 0.1584527929316037, 287.2216291395913, 40.208619102702514, 370833.8566789465,      0.0, 370833.8566789465,   1.0
  0.05180230357575098, -0.08140357490638746,  15.094054404184982, 44.83085273623205,39.970842086002726, 0.1584527929316037, 287.2216291395913, 40.208619102702514, 370833.8561347078,      0.0, 370833.8561347078,   1.0
  0.05180130357575098, -0.08140257490638746,  15.094054404184982, 44.83085273623205,39.970842086002726, 0.1584527929316037, 287.2216291395913, 40.208619102702514, 370833.8561256553,      0.0, 370833.8561256553,   1.0
  0.05180130357575098, -0.08140357490638746,  15.094055404184981, 44.83085273623205,39.970842086002726, 0.1584527929316037, 287.2216291395913, 40.208619102702514,370833.85667913605,      0.0,370833.85667913605,   1.0
  0.05180130357575098, -0.08140357490638746,  15.094054404184982, 44.83085373623205,39.970842086002726, 0.1584527929316037, 287.2216291395913, 40.208619102702514, 370833.8566750954,      0.0, 370833.8566750954,   1.0
  0.05180130357575098, -0.08140357490638746,  15.094054404184982, 44.83085273623205, 39.97084308600272, 0.1584527929316037, 287.2216291395913, 40.208619102702514, 370833.8566775903,      0.0, 370833.8566775903,   1.0
  0.05180130357575098, -0.08140357490638746,  15.094054404184982, 44.83085273623205,39.970842086002726, 0.1584537929316037, 287.2216291395913, 40.208619102702514,370833.85718018474,      0.0,370833.85718018474,   1.0
  0.05180130357575098, -0.08140357490638746,  15.094054404184982, 44.83085273623205,39.970842086002726, 0.1584527929316037, 287.2216301395913, 40.208619102702514, 370833.8566719968,      0.0, 370833.8566719968,   1.0
  0.05180130357575098, -0.08140357490638746,  15.094054404184982, 44.83085273623205,39.970842086002726, 0.1584527929316037, 287.2216291395913,  40.20862010270251,370833.85669026343,      0.0,370833.85669026343,   1.0
 0.051602479354423206, -0.08149019927998553,   15.01432990989408, 44.84024653164811, 39.96423833724697, 0.1584884645777267,287.16667373422007,  40.18332860474272,370834.00944483414,      0.0,370834.00944483414,   1.0
  0.05160347935442321, -0.08149019927998553,   15.01432990989408, 44.84024653164811, 39.96423833724697, 0.1584884645777267,287.16667373422007,  40.18332860474272, 370834.0091273684,      0.0, 370834.0091273684,   1.0
 0.051602479354423206, -0.08148919927998553,   15.01432990989408, 44.84024653164811, 39.96423833724697, 0.1584884645777267,287.16667373422007,  40.18332860474272, 370834.0090800066,      0.0, 370834.0090800066,   1.0
 0.051602479354423206, -0.08149019927998553,   15.01433090989408, 44.84024653164811, 39.96423833724697, 0.1584884645777267,287.16667373422007,  40.18332860474272, 370834.0094454616,      0.0, 370834.0094454616,   1.0
 0.051602479354423206, -0.08149019927998553,   15.01432990989408, 44.84024753164811, 39.96423833724697, 0.1584884645777267,287.16667373422007,  40.18332860474272,370834.00944253046,      0.0,370834.00944253046,   1.0
 0.051602479354423206, -0.08149019927998553,   15.01432990989408, 44.84024653164811,39.964239337246966, 0.1584884645777267,287.16667373422007,  40.18332860474272,370834.00944391976,      0.0,370834.00944391976,   1.0
 0.051602479354423206, -0.08149019927998553,   15.01432990989408, 44.84024653164811, 39.96423833724697, 0.1584894645777267,287.16667373422007,  40.18332860474272,370834.00970486173,      0.0,370834.00970486173,   1.0
 0.051602479354423206, -0.08149019927998553,   15.01432990989408, 44.84024653164811, 39.96423833724697, 0.1584884645777267,287.16667473422007,  40.18332860474272, 370834.0094382247,      0.0, 370834.0094382247,   1.0
 0.051602479354423206, -0.08149019927998553,   15.01432990989408, 44.84024653164811, 39.96423833724697, 0.1584884645777267,287.16667373422007,  40.18332960474272,370834.00945757993,      0.0,370834.00945757993,   1.0
  0.05146028301687206, -0.08154949069876677,  14.970598307810935,44.828832154559876,  39.9735741349096, 0.1584799969467337, 287.1581943848082,  40.18172377716175,  370834.063533921,      0.0,  370834.063533921,   1.0
  0.05146128301687206, -0.08154949069876677,  14.970598307810935,44.828832154559876,  39.9735741349096, 0.1584799969467337, 287.1581943848082,  40.18172377716175,370834.06352326716,      0.0,370834.06352326716,   1.0
  0.05146028301687206, -0.08154849069876677,  14.970598307810935,44.828832154559876,  39.9735741349096, 0.1584799969467337, 287.1581943848082,  40.18172377716175, 370834.0634767057,      0.0, 370834.0634767057,   1.0
  0.05146028301687206, -0.08154949069876677,  14.970599307810934,44.828832154559876,  39.9735741349096, 0.1584799969467337, 287.1581943848082,  40.18172377716175, 370834.0635342292,      0.0, 370834.0635342292,   1.0
  0.05146028301687206, -0.08154949069876677,  14.970598307810935,44.828833154559874,  39.9735741349096, 0.1584799969467337, 287.1581943848082,  40.18172377716175,370834.06353321753,      0.0,370834.06353321753,   1.0
  0.05146028301687206, -0.08154949069876677,  14.970598307810935,44.828832154559876,39.973575134909595, 0.1584799969467337, 287.1581943848082,  40.18172377716175,370834.06353257253,      0.0,370834.06353257253,   1.0
  0.05146028301687206, -0.08154949069876677,  14.970598307810935,44.828832154559876,  39.9735741349096, 0.1584809969467337, 287.1581943848082,  40.18172377716175, 370834.0635670716,      0.0, 370834.0635670716,   1.0
  0.05146028301687206, -0.08154949069876677,  14.970598307810935,44.828832154559876,  39.9735741349096, 0.1584799969467337, 287.1581953848082,  40.18172377716175,370834.06352767907,      0.0,370834.06352767907,   1.0
  0.05146028301687206, -0.08154949069876677,  14.970598307810935,44.828832154559876,  39.9735741349096, 0.1584799969467337, 287.1581943848082,  40.18172477716175, 370834.0635469355,      0.0, 370834.0635469355,   1.0
  0.05142188153205338, -0.08156296667150513,  14.960813464306293, 44.82055655327906, 39.97881519168808, 0.1584657453567016, 287.1705891628203,  40.18879318105572, 370834.0703712097,      0.0, 370834.0703712097,   1.0
 0.051422881532053384, -0.08156296667150513,  14.960813464306293, 44.82055655327906, 39.97881519168808, 0.1584657453567016, 287.1705891628203,  40.18879318105572, 370834.0704563742,      0.0, 370834.0704563742,   1.0
  0.05142188153205338, -0.08156196667150513,  14.960813464306293, 44.82055655327906, 39.97881519168808, 0.1584657453567016, 287.1705891628203,  40.18879318105572, 370834.0704113447,      0.0, 370834.0704113447,   1.0
  0.05142188153205338, -0.08156296667150513,  14.960814464306292, 44.82055655327906, 39.97881519168808, 0.1584657453567016, 287.1705891628203,  40.18879318105572, 370834.0703713656,      0.0, 370834.0703713656,   1.0
  0.05142188153205338, -0.08156296667150513,  14.960813464306293, 44.82055755327906, 39.97881519168808, 0.1584657453567016, 287.1705891628203,  40.18879318105572,370834.07037081145,      0.0,370834.07037081145,   1.0
  0.05142188153205338, -0.08156296667150513,  14.960813464306293, 44.82055655327906,39.978816191688075, 0.1584657453567016, 287.1705891628203,  40.18879318105572, 370834.0703695829,      0.0, 370834.0703695829,   1.0
  0.05142188153205338, -0.08156296667150513,  14.960813464306293, 44.82055655327906, 39.97881519168808, 0.1584667453567016, 287.1705891628203,  40.18879318105572, 370834.0703668392,      0.0, 370834.0703668392,   1.0
  0.05142188153205338, -0.08156296667150513,  14.960813464306293, 44.82055655327906, 39.97881519168808, 0.1584657453567016, 287.1705901628203,  40.18879318105572, 370834.0703650427,      0.0, 370834.0703650427,   1.0
  0.05142188153205338, -0.08156296667150513,  14.960813464306293, 44.82055655327906, 39.97881519168808, 0.1584657453567016, 287.1705891628203,  40.18879418105572,370834.07038391463,      0.0,370834.07038391463,   1.0
   0.0514253647814374, -0.08157762232446608,  14.958120564350155,  44.8150529143789,  39.9793879563836,0.15845312744184192,287.18051795583426,  40.19386141978036,370834.07325789885,      0.0,370834.07325789885,   1.0
   0.0514263647814374, -0.08157762232446608,  14.958120564350155,  44.8150529143789,  39.9793879563836,0.15845312744184192,287.18051795583426,  40.19386141978036,370834.07335868495,      0.0,370834.07335868495,   1.0
   0.0514253647814374, -0.08157662232446608,  14.958120564350155,  44.8150529143789,  39.9793879563836,0.15845312744184192,287.18051795583426,  40.19386141978036, 370834.0733261532,      0.0, 370834.0733261532,   1.0
   0.0514253647814374, -0.08157762232446608,  14.958121564350154,  44.8150529143789,  39.9793879563836,0.15845312744184192,287.18051795583426,  40.19386141978036,  370834.073258023,      0.0,  370834.073258023,   1.0
   0.0514253647814374, -0.08157762232446608,  14.958120564350155,  44.8150539143789,  39.9793879563836,0.15845312744184192,287.18051795583426,  40.19386141978036,370834.07325760095,      0.0,370834.07325760095,   1.0
   0.0514253647814374, -0.08157762232446608,  14.958120564350155,  44.8150529143789,39.979388956383595,0.15845312744184192,287.18051795583426,  40.19386141978036, 370834.0732562355,      0.0, 370834.0732562355,   1.0
   0.0514253647814374, -0.08157762232446608,  14.958120564350155,  44.8150529143789,  39.9793879563836,0.15845412744184192,287.18051795583426,  40.19386141978036,370834.07324480667,      0.0,370834.07324480667,   1.0
   0.0514253647814374, -0.08157762232446608,  14.958120564350155,  44.8150529143789,  39.9793879563836,0.15845312744184192,287.18051895583426,  40.19386141978036, 370834.0732517583,      0.0, 370834.0732517583,   1.0
   0.0514253647814374, -0.08157762232446608,  14.958120564350155,  44.8150529143789,  39.9793879563836,0.15845312744184192,287.18051795583426,  40.19386241978036,370834.07327037246,      0.0,370834.07327037246,   1.0
  0.05147630221502833, -0.08163171431018383,  14.946112208632478, 44.81053929617036, 39.98115023832355,0.15845658373243632, 287.1928062146171, 40.200571826604886,370834.07502395636,      0.0,370834.07502395636,   1.0
  0.05147730221502833, -0.08163171431018383,  14.946112208632478, 44.81053929617036, 39.98115023832355,0.15845658373243632, 287.1928062146171, 40.200571826604886, 370834.0750009289,      0.0, 370834.0750009289,   1.0
  0.05147630221502833, -0.08163071431018383,  14.946112208632478, 44.81053929617036, 39.98115023832355,0.15845658373243632, 287.1928062146171, 40.200571826604886,370834.07500286336,      0.0,370834.07500286336,   1.0
  0.05147630221502833, -0.08163171431018383,  14.946113208632477, 44.81053929617036, 39.98115023832355,0.15845658373243632, 287.1928062146171, 40.200571826604886,370834.07502453285,      0.0,370834.07502453285,   1.0
  0.05147630221502833, -0.08163171431018383,  14.946112208632478, 44.81054029617036, 39.98115023832355,0.15845658373243632, 287.1928062146171, 40.200571826604886,370834.07502384164,      0.0,370834.07502384164,   1.0
  0.05147630221502833, -0.08163171431018383,  14.946112208632478, 44.81053929617036, 39.98115123832355,0.15845658373243632, 287.1928062146171, 40.200571826604886, 370834.0750221845,      0.0, 370834.0750221845,   1.0
  0.05147630221502833, -0.08163171431018383,  14.946112208632478, 44.81053929617036, 39.98115023832355,0.15845758373243632, 287.1928062146171, 40.200571826604886, 370834.0749803674,      0.0, 370834.0749803674,   1.0
  0.05147630221502833, -0.08163171431018383,  14.946112208632478, 44.81053929617036, 39.98115023832355,0.15845658373243632, 287.1928072146171, 40.200571826604886,370834.07501786377,      0.0,370834.07501786377,   1.0
  0.05147630221502833, -0.08163171431018383,  14.946112208632478, 44.81053929617036, 39.98115023832355,0.15845658373243632, 287.1928062146171,  40.20057282660488,370834.07503612037,      0.0,370834.07503612037,   1.0
  0.05147659990965416, -0.08162933687820693,  14.953480812464225, 44.80542167496917, 39.97665226567962,  0.158434559205182, 287.1983051942176,  40.20256734098709,370834.07754939847,      0.0,370834.07754939847,   1.0
  0.05147759990965416, -0.08162933687820693,  14.953480812464225, 44.80542167496917, 39.97665226567962,  0.158434559205182, 287.1983051942176,  40.20256734098709, 370834.0776051738,      0.0, 370834.0776051738,   1.0
  0.05147659990965416, -0.08162833687820693,  14.953480812464225, 44.80542167496917, 39.97665226567962,  0.158434559205182, 287.1983051942176,  40.20256734098709,370834.07762143965,      0.0,370834.07762143965,   1.0
  0.05147659990965416, -0.08162933687820693,  14.953481812464224, 44.80542167496917, 39.97665226567962,  0.158434559205182, 287.1983051942176,  40.20256734098709, 370834.0775496287,      0.0, 370834.0775496287,   1.0
  0.05147659990965416, -0.08162933687820693,  14.953480812464225,44.805422674969165, 39.97665226567962,  0.158434559205182, 287.1983051942176,  40.20256734098709,  370834.077549359,      0.0,  370834.077549359,   1.0
  0.05147659990965416, -0.08162933687820693,  14.953480812464225, 44.80542167496917,39.976653265679616,  0.158434559205182, 287.1983051942176,  40.20256734098709, 370834.0775478687,      0.0, 370834.0775478687,   1.0
  0.05147659990965416, -0.08162933687820693,  14.953480812464225, 44.80542167496917, 39.97665226567962,  0.158435559205182, 287.1983051942176,  40.20256734098709,370834.07750650303,      0.0,370834.07750650303,   1.0
  0.05147659990965416, -0.08162933687820693,  14.953480812464225, 44.80542167496917, 39.97665226567962,  0.158434559205182, 287.1983061942176,  40.20256734098709, 370834.0775433237,      0.0, 370834.0775433237,   1.0
  0.05147659990965416, -0.08162933687820693,  14.953480812464225, 44.80542167496917, 39.97665226567962,  0.158434559205182, 287.1983051942176, 40.202568340987085,370834.07756148936,      0.0,370834.07756148936,   1.0
 0.051470158634179496, -0.08162431066035834,  14.953456787265761,44.804776905089874,39.974085192342464,0.15841982775726215,287.19505828037836,  40.20072055061474,370834.07914318074,      0.0,370834.07914318074,   1.0
   0.0514711586341795, -0.08162431066035834,  14.953456787265761,44.804776905089874,39.974085192342464,0.15841982775726215,287.19505828037836,  40.20072055061474, 370834.0792045655,      0.0, 370834.0792045655,   1.0
 0.051470158634179496, -0.08162331066035834,  14.953456787265761,44.804776905089874,39.974085192342464,0.15841982775726215,287.19505828037836,  40.20072055061474, 370834.0792151987,      0.0, 370834.0792151987,   1.0
 0.051470158634179496, -0.08162431066035834,   14.95345778726576,44.804776905089874,39.974085192342464,0.15841982775726215,287.19505828037836,  40.20072055061474,370834.07914340403,      0.0,370834.07914340403,   1.0
 0.051470158634179496, -0.08162431066035834,  14.953456787265761, 44.80477790508987,39.974085192342464,0.15841982775726215,287.19505828037836,  40.20072055061474, 370834.0791430809,      0.0, 370834.0791430809,   1.0
 0.051470158634179496, -0.08162431066035834,  14.953456787265761,44.804776905089874, 39.97408619234246,0.15841982775726215,287.19505828037836,  40.20072055061474, 370834.0791417869,      0.0, 370834.0791417869,   1.0
 0.051470158634179496, -0.08162431066035834,  14.953456787265761,44.804776905089874,39.974085192342464,0.15842082775726216,287.19505828037836,  40.20072055061474, 370834.0791174453,      0.0, 370834.0791174453,   1.0
 0.051470158634179496, -0.08162431066035834,  14.953456787265761,44.804776905089874,39.974085192342464,0.15841982775726215,287.19505928037836,  40.20072055061474,370834.07913709007,      0.0,370834.07913709007,   1.0
 0.051470158634179496, -0.08162431066035834,  14.953456787265761,44.804776905089874,39.974085192342464,0.15841982775726215,287.19505828037836,  40.20072155061474,370834.07915536367,      0.0,370834.07915536367,   1.0
  0.05144648855431399, -0.08161164821389794,  14.949247719303205, 44.80047808381621,39.972170591567604,0.15836775541419246,  287.185716570542,  40.19626942396384, 370834.0829330651,      0.0, 370834.0829330651,   1.0
  0.05144748855431399, -0.08161164821389794,  14.949247719303205, 44.80047808381621,39.972170591567604,0.15836775541419246,  287.185716570542,  40.19626942396384,370834.08298788476,      0.0,370834.08298788476,   1.0
  0.05144648855431399, -0.08161064821389793,  14.949247719303205, 44.80047808381621,39.972170591567604,0.15836775541419246,  287.185716570542,  40.19626942396384,370834.08297578857,      0.0,370834.08297578857,   1.0
  0.05144648855431399, -0.08161164821389794,  14.949248719303204, 44.80047808381621,39.972170591567604,0.15836775541419246,  287.185716570542,  40.19626942396384, 370834.0829333982,      0.0, 370834.0829333982,   1.0
  0.05144648855431399, -0.08161164821389794,  14.949247719303205, 44.80047908381621,39.972170591567604,0.15836775541419246,  287.185716570542,  40.19626942396384, 370834.0829328938,      0.0, 370834.0829328938,   1.0
  0.05144648855431399, -0.08161164821389794,  14.949247719303205, 44.80047808381621,  39.9721715915676,0.15836775541419246,  287.185716570542,  40.19626942396384,370834.08293176995,      0.0,370834.08293176995,   1.0
  0.05144648855431399, -0.08161164821389794,  14.949247719303205, 44.80047808381621,39.972170591567604,0.15836875541419246,  287.185716570542,  40.19626942396384,   370834.08294759,      0.0,   370834.08294759,   1.0
  0.05144648855431399, -0.08161164821389794,  14.949247719303205, 44.80047808381621,39.972170591567604,0.15836775541419246,  287.185717570542,  40.19626942396384, 370834.0829269521,      0.0, 370834.0829269521,   1.0
  0.05144648855431399, -0.08161164821389794,  14.949247719303205, 44.80047808381621,39.972170591567604,0.15836775541419246,  287.185716570542,  40.19627042396384,370834.08294547757,      0.0,370834.08294547757,   1.0
  0.05149453070402484, -0.08162019531768921,   14.95763774586352, 44.79484407114295, 39.96594301428494,0.15831750790054983,287.17833004534657,  40.19216381692384,370834.08709100465,      0.0,370834.08709100465,   1.0
  0.05149553070402484, -0.08162019531768921,   14.95763774586352, 44.79484407114295, 39.96594301428494,0.15831750790054983,287.17833004534657,  40.19216381692384,370834.08708805684,      0.0,370834.08708805684,   1.0
  0.05149453070402484, -0.08161919531768921,   14.95763774586352, 44.79484407114295, 39.96594301428494,0.15831750790054983,287.17833004534657,  40.19216381692384, 370834.0870988926,      0.0, 370834.0870988926,   1.0
  0.05149453070402484, -0.08162019531768921,   14.95763874586352, 44.79484407114295, 39.96594301428494,0.15831750790054983,287.17833004534657,  40.19216381692384, 370834.0870913557,      0.0, 370834.0870913557,   1.0
  0.05149453070402484, -0.08162019531768921,   14.95763774586352,44.794845071142944, 39.96594301428494,0.15831750790054983,287.17833004534657,  40.19216381692384,370834.08709094435,      0.0,370834.08709094435,   1.0
  0.05149453070402484, -0.08162019531768921,   14.95763774586352, 44.79484407114295,39.965944014284936,0.15831750790054983,287.17833004534657,  40.19216381692384, 370834.0870900425,      0.0, 370834.0870900425,   1.0
  0.05149453070402484, -0.08162019531768921,   14.95763774586352, 44.79484407114295, 39.96594301428494,0.15831850790054983,287.17833004534657,  40.19216381692384,370834.08711784746,      0.0,370834.08711784746,   1.0
  0.05149453070402484, -0.08162019531768921,   14.95763774586352, 44.79484407114295, 39.96594301428494,0.15831750790054983,287.17833104534657,  40.19216381692384, 370834.0870849119,      0.0, 370834.0870849119,   1.0
  0.05149453070402484, -0.08162019531768921,   14.95763774586352, 44.79484407114295, 39.96594301428494,0.15831750790054983,287.17833004534657, 40.192164816923835, 370834.0871036563,      0.0, 370834.0871036563,   1.0
  0.05149218474162086, -0.08162363222244735,    14.9525598955906, 44.78351539405589, 39.96743395684962,0.15824720187276842,287.18185639749726,  40.19471486772202, 370834.0913952453,      0.0, 370834.0913952453,   1.0
  0.05149318474162086, -0.08162363222244735,    14.9525598955906, 44.78351539405589, 39.96743395684962,0.15824720187276842,287.18185639749726,  40.19471486772202, 370834.0913554409,      0.0, 370834.0913554409,   1.0
  0.05149218474162086, -0.08162263222244735,    14.9525598955906, 44.78351539405589, 39.96743395684962,0.15824720187276842,287.18185639749726,  40.19471486772202,  370834.091359096,      0.0,  370834.091359096,   1.0
  0.05149218474162086, -0.08162363222244735,  14.952560895590599, 44.78351539405589, 39.96743395684962,0.15824720187276842,287.18185639749726,  40.19471486772202, 370834.0913957779,      0.0, 370834.0913957779,   1.0
  0.05149218474162086, -0.08162363222244735,    14.9525598955906, 44.78351639405589, 39.96743395684962,0.15824720187276842,287.18185639749726,  40.19471486772202,370834.09139517887,      0.0,370834.09139517887,   1.0
  0.05149218474162086, -0.08162363222244735,    14.9525598955906, 44.78351539405589,39.967434956849615,0.15824720187276842,287.18185639749726,  40.19471486772202, 370834.0913941873,      0.0, 370834.0913941873,   1.0
  0.05149218474162086, -0.08162363222244735,    14.9525598955906, 44.78351539405589, 39.96743395684962,0.15824820187276842,287.18185639749726,  40.19471486772202, 370834.0914617082,      0.0, 370834.0914617082,   1.0
  0.05149218474162086, -0.08162363222244735,    14.9525598955906, 44.78351539405589, 39.96743395684962,0.15824720187276842,287.18185739749725,  40.19471486772202, 370834.0913891498,      0.0, 370834.0913891498,   1.0
  0.05149218474162086, -0.08162363222244735,    14.9525598955906, 44.78351539405589, 39.96743395684962,0.15824720187276842,287.18185639749726,  40.19471586772202, 370834.0914077928,      0.0, 370834.0914077928,   1.0
  0.05149733710944149,  -0.0816049922715203,    14.9560304870038, 44.77265816663351, 39.97128434401577,0.15820742384357597, 287.1850041611359,  40.19723163030923, 370834.0960910955,      0.0, 370834.0960910955,   1.0
  0.05149833710944149,  -0.0816049922715203,    14.9560304870038, 44.77265816663351, 39.97128434401577,0.15820742384357597, 287.1850041611359,  40.19723163030923,370834.09599079384,      0.0,370834.09599079384,   1.0
  0.05149733710944149, -0.08160399227152029,    14.9560304870038, 44.77265816663351, 39.97128434401577,0.15820742384357597, 287.1850041611359,  40.19723163030923, 370834.0959781187,      0.0, 370834.0959781187,   1.0
  0.05149733710944149,  -0.0816049922715203,  14.956031487003798, 44.77265816663351, 39.97128434401577,0.15820742384357597, 287.1850041611359,  40.19723163030923,370834.09609178186,      0.0,370834.09609178186,   1.0
  0.05149733710944149,  -0.0816049922715203,    14.9560304870038, 44.77265916663351, 39.97128434401577,0.15820742384357597, 287.1850041611359,  40.19723163030923, 370834.0960915641,      0.0, 370834.0960915641,   1.0
  0.05149733710944149,  -0.0816049922715203,    14.9560304870038, 44.77265816663351, 39.97128534401577,0.15820742384357597, 287.1850041611359,  40.19723163030923,370834.09608983644,      0.0,370834.09608983644,   1.0
  0.05149733710944149,  -0.0816049922715203,    14.9560304870038, 44.77265816663351, 39.97128434401577,0.15820842384357597, 287.1850041611359,  40.19723163030923,  370834.096102132,      0.0,  370834.096102132,   1.0
  0.05149733710944149,  -0.0816049922715203,    14.9560304870038, 44.77265816663351, 39.97128434401577,0.15820742384357597, 287.1850051611359,  40.19723163030923,370834.09608512267,      0.0,370834.09608512267,   1.0
  0.05149733710944149,  -0.0816049922715203,    14.9560304870038, 44.77265816663351, 39.97128434401577,0.15820742384357597, 287.1850041611359,  40.19723263030923,  370834.096103593,      0.0,  370834.096103593,   1.0
  0.05153794345476013, -0.08163146045914838,  14.959187433250868, 44.76648838171132,39.976294409988945,0.15817317359941063,287.18877479884674,  40.20027355068857,370834.10114537907,      0.0,370834.10114537907,   1.0
  0.05153894345476013, -0.08163146045914838,  14.959187433250868, 44.76648838171132,39.976294409988945,0.15817317359941063,287.18877479884674,  40.20027355068857, 370834.1010281799,      0.0, 370834.1010281799,   1.0
  0.05153794345476013, -0.08163046045914837,  14.959187433250868, 44.76648838171132,39.976294409988945,0.15817317359941063,287.18877479884674,  40.20027355068857, 370834.1010504484,      0.0, 370834.1010504484,   1.0
  0.05153794345476013, -0.08163146045914838,  14.959188433250867, 44.76648838171132,39.976294409988945,0.15817317359941063,287.18877479884674,  40.20027355068857,370834.10114601586,      0.0,370834.10114601586,   1.0
  0.05153794345476013, -0.08163146045914838,  14.959187433250868, 44.76648938171132,39.976294409988945,0.15817317359941063,287.18877479884674,  40.20027355068857, 370834.1011458311,      0.0, 370834.1011458311,   1.0
  0.05153794345476013, -0.08163146045914838,  14.959187433250868, 44.76648838171132, 39.97629540998894,0.15817317359941063,287.18877479884674,  40.20027355068857,370834.10114384454,      0.0,370834.10114384454,   1.0
  0.05153794345476013, -0.08163146045914838,  14.959187433250868, 44.76648838171132,39.976294409988945,0.15817417359941063,287.18877479884674,  40.20027355068857, 370834.1011777377,      0.0, 370834.1011777377,   1.0
  0.05153794345476013, -0.08163146045914838,  14.959187433250868, 44.76648838171132,39.976294409988945,0.15817317359941063,287.18877579884673,  40.20027355068857,370834.10113940295,      0.0,370834.10113940295,   1.0
  0.05153794345476013, -0.08163146045914838,  14.959187433250868, 44.76648838171132,39.976294409988945,0.15817317359941063,287.18877479884674,  40.20027455068857, 370834.1011577266,      0.0, 370834.1011577266,   1.0
  0.05158755748112934, -0.08175351095471918,  14.940734061220521, 44.75166975044355, 39.98223678900891,0.15814920703041346, 287.1703294354523, 40.195194610921476,370834.09843471536,      0.0,370834.09843471536,   1.0
  0.05158855748112934, -0.08175351095471918,  14.940734061220521, 44.75166975044355, 39.98223678900891,0.15814920703041346, 287.1703294354523, 40.195194610921476, 370834.0984090603,      0.0, 370834.0984090603,   1.0
  0.05158755748112934, -0.08175251095471918,  14.940734061220521, 44.75166975044355, 39.98223678900891,0.15814920703041346, 287.1703294354523, 40.195194610921476, 370834.0985421977,      0.0, 370834.0985421977,   1.0
  0.05158755748112934, -0.08175351095471918,   14.94073506122052, 44.75166975044355, 39.98223678900891,0.15814920703041346, 287.1703294354523, 40.195194610921476, 370834.0984351434,      0.0, 370834.0984351434,   1.0
  0.05158755748112934, -0.08175351095471918,  14.940734061220521,44.751670750443544, 39.98223678900891,0.15814920703041346, 287.1703294354523, 40.195194610921476,370834.09843735973,      0.0,370834.09843735973,   1.0
  0.05158755748112934, -0.08175351095471918,  14.940734061220521, 44.75166975044355,39.982237789008906,0.15814920703041346, 287.1703294354523, 40.195194610921476, 370834.0984329414,      0.0, 370834.0984329414,   1.0
  0.05158755748112934, -0.08175351095471918,  14.940734061220521, 44.75166975044355, 39.98223678900891,0.15815020703041346, 287.1703294354523, 40.195194610921476, 370834.0981643608,      0.0, 370834.0981643608,   1.0
  0.05158755748112934, -0.08175351095471918,  14.940734061220521, 44.75166975044355, 39.98223678900891,0.15814920703041346, 287.1703304354523, 40.195194610921476, 370834.0984292378,      0.0, 370834.0984292378,   1.0
  0.05158755748112934, -0.08175351095471918,  14.940734061220521, 44.75166975044355, 39.98223678900891,0.15814920703041346, 287.1703294354523,  40.19519561092147, 370834.0984475764,      0.0, 370834.0984475764,   1.0
  0.05156017540420137, -0.08168615105060766,  14.950918512866417,44.759848181646085,39.978957178556634,  0.158162434226108,287.18050946711656,  40.19799768758331,370834.10670333717,      0.0,370834.10670333717,   1.0
  0.05156117540420137, -0.08168615105060766,  14.950918512866417,44.759848181646085,39.978957178556634,  0.158162434226108,287.18050946711656,  40.19799768758331, 370834.1066271996,      0.0, 370834.1066271996,   1.0
  0.05156017540420137, -0.08168515105060765,  14.950918512866417,44.759848181646085,39.978957178556634,  0.158162434226108,287.18050946711656,  40.19799768758331, 370834.1066991295,      0.0, 370834.1066991295,   1.0
  0.05156017540420137, -0.08168615105060766,  14.950919512866417,44.759848181646085,39.978957178556634,  0.158162434226108,287.18050946711656,  40.19799768758331,370834.10670388024,      0.0,370834.10670388024,   1.0
  0.05156017540420137, -0.08168615105060766,  14.950918512866417, 44.75984918164608,39.978957178556634,  0.158162434226108,287.18050946711656,  40.19799768758331,370834.10670477105,      0.0,370834.10670477105,   1.0
  0.05156017540420137, -0.08168615105060766,  14.950918512866417,44.759848181646085, 39.97895817855663,  0.158162434226108,287.18050946711656,  40.19799768758331,370834.10670169536,      0.0,370834.10670169536,   1.0
  0.05156017540420137, -0.08168615105060766,  14.950918512866417,44.759848181646085,39.978957178556634,  0.158163434226108,287.18050946711656,  40.19799768758331,370834.10660007986,      0.0,370834.10660007986,   1.0
  0.05156017540420137, -0.08168615105060766,  14.950918512866417,44.759848181646085,39.978957178556634,  0.158162434226108,287.18051046711656,  40.19799768758331, 370834.1066975844,      0.0, 370834.1066975844,   1.0
  0.05156017540420137, -0.08168615105060766,  14.950918512866417,44.759848181646085,39.978957178556634,  0.158162434226108,287.18050946711656,  40.19799868758331,370834.10671591456,      0.0,370834.10671591456,   1.0
  0.05159400582523058, -0.08170001185819444,  14.957722871391223, 44.76407787450999, 39.98544550518714,0.15817008135054664,287.17334013978365,  40.19582513315717,370834.11450264027,      0.0,370834.11450264027,   1.0
  0.05159500582523058, -0.08170001185819444,  14.957722871391223, 44.76407787450999, 39.98544550518714,0.15817008135054664,287.17334013978365,  40.19582513315717,370834.11442695744,      0.0,370834.11442695744,   1.0
  0.05159400582523058, -0.08169901185819443,  14.957722871391223, 44.76407787450999, 39.98544550518714,0.15817008135054664,287.17334013978365,  40.19582513315717, 370834.1145266635,      0.0, 370834.1145266635,   1.0
  0.05159400582523058, -0.08170001185819444,  14.957723871391222, 44.76407787450999, 39.98544550518714,0.15817008135054664,287.17334013978365,  40.19582513315717, 370834.1145030511,      0.0, 370834.1145030511,   1.0
  0.05159400582523058, -0.08170001185819444,  14.957722871391223,44.764078874509984, 39.98544550518714,0.15817008135054664,287.17334013978365,  40.19582513315717, 370834.1145038918,      0.0, 370834.1145038918,   1.0
  0.05159400582523058, -0.08170001185819444,  14.957722871391223, 44.76407787450999,39.985446505187134,0.15817008135054664,287.17334013978365,  40.19582513315717,370834.11450065527,      0.0,370834.11450065527,   1.0
  0.05159400582523058, -0.08170001185819444,  14.957722871391223, 44.76407787450999, 39.98544550518714,0.15817108135054664,287.17334013978365,  40.19582513315717, 370834.1144227045,      0.0, 370834.1144227045,   1.0
  0.05159400582523058, -0.08170001185819444,  14.957722871391223, 44.76407787450999, 39.98544550518714,0.15817008135054664,287.17334113978364,  40.19582513315717,  370834.114496844,      0.0,  370834.114496844,   1.0
  0.05159400582523058, -0.08170001185819444,  14.957722871391223, 44.76407787450999, 39.98544550518714,0.15817008135054664,287.17334013978365,  40.19582613315717,370834.11451528425,      0.0,370834.11451528425,   1.0
  0.05162134171642414,  -0.0816906833814002,  14.974697659256005, 44.76848279351357,39.995510453827286,0.15817277130898275,287.16052555196603,  40.19306351449794,370834.13923544774,      0.0,370834.13923544774,   1.0
 0.051622341716424144,  -0.0816906833814002,  14.974697659256005, 44.76848279351357,39.995510453827286,0.15817277130898275,287.16052555196603,  40.19306351449794, 370834.1392093323,      0.0, 370834.1392093323,   1.0
  0.05162134171642414,  -0.0816896833814002,  14.974697659256005, 44.76848279351357,39.995510453827286,0.15817277130898275,287.16052555196603,  40.19306351449794,370834.13933128054,      0.0,370834.13933128054,   1.0
  0.05162134171642414,  -0.0816906833814002,  14.974698659256005, 44.76848279351357,39.995510453827286,0.15817277130898275,287.16052555196603,  40.19306351449794,370834.13923546404,      0.0,370834.13923546404,   1.0
  0.05162134171642414,  -0.0816906833814002,  14.974697659256005, 44.76848379351357,39.995510453827286,0.15817277130898275,287.16052555196603,  40.19306351449794,370834.13923656766,      0.0,370834.13923656766,   1.0
  0.05162134171642414,  -0.0816906833814002,  14.974697659256005, 44.76848279351357,39.995511453827284,0.15817277130898275,287.16052555196603,  40.19306351449794, 370834.1392329373,      0.0, 370834.1392329373,   1.0
  0.05162134171642414,  -0.0816906833814002,  14.974697659256005, 44.76848279351357,39.995510453827286,0.15817377130898275,287.16052555196603,  40.19306351449794,370834.13917496864,      0.0,370834.13917496864,   1.0
  0.05162134171642414,  -0.0816906833814002,  14.974697659256005, 44.76848279351357,39.995510453827286,0.15817277130898275,287.16052655196603,  40.19306351449794,370834.13922961836,      0.0,370834.13922961836,   1.0
  0.05162134171642414,  -0.0816906833814002,  14.974697659256005, 44.76848279351357,39.995510453827286,0.15817277130898275,287.16052555196603,  40.19306451449794, 370834.1392481858,      0.0, 370834.1392481858,   1.0
  0.05166945974160633,  -0.0816514254802476,  15.012127885794389, 44.78200524610004,  40.0133431888453,0.15820952658241788,287.12774520676487,  40.18699164562819,370834.20534770796,      0.0,370834.20534770796,   1.0
 0.051670459741606334,  -0.0816514254802476,  15.012127885794389, 44.78200524610004,  40.0133431888453,0.15820952658241788,287.12774520676487,  40.18699164562819,370834.20540187607,      0.0,370834.20540187607,   1.0
  0.05166945974160633,  -0.0816504254802476,  15.012127885794389, 44.78200524610004,  40.0133431888453,0.15820952658241788,287.12774520676487,  40.18699164562819,370834.20555101987,      0.0,370834.20555101987,   1.0
  0.05166945974160633,  -0.0816514254802476,  15.012128885794388, 44.78200524610004,  40.0133431888453,0.15820952658241788,287.12774520676487,  40.18699164562819,370834.20534697245,      0.0,370834.20534697245,   1.0
  0.05166945974160633,  -0.0816514254802476,  15.012127885794389, 44.78200624610004,  40.0133431888453,0.15820952658241788,287.12774520676487,  40.18699164562819,370834.20534878323,      0.0,370834.20534878323,   1.0
  0.05166945974160633,  -0.0816514254802476,  15.012127885794389, 44.78200524610004,40.013344188845295,0.15820952658241788,287.12774520676487,  40.18699164562819,370834.20534427883,      0.0,370834.20534427883,   1.0
  0.05166945974160633,  -0.0816514254802476,  15.012127885794389, 44.78200524610004,  40.0133431888453,0.15821052658241788,287.12774520676487,  40.18699164562819, 370834.2052765485,      0.0, 370834.2052765485,   1.0
  0.05166945974160633,  -0.0816514254802476,  15.012127885794389, 44.78200524610004,  40.0133431888453,0.15820952658241788,287.12774620676487,  40.18699164562819, 370834.2053418635,      0.0, 370834.2053418635,   1.0
  0.05166945974160633,  -0.0816514254802476,  15.012127885794389, 44.78200524610004,  40.0133431888453,0.15820952658241788,287.12774520676487,  40.18699264562819, 370834.2053606777,      0.0, 370834.2053606777,   1.0
 0.051864350144405956, -0.08162718543393949,  15.050712039246168, 44.82744374960173, 40.04660287169403,0.15844565532266836,287.06440628555015, 40.179405737110606,370834.30276375025,      0.0,370834.30276375025,   1.0
  0.05186535014440596, -0.08162718543393949,  15.050712039246168, 44.82744374960173, 40.04660287169403,0.15844565532266836,287.06440628555015, 40.179405737110606, 370834.3023647652,      0.0, 370834.3023647652,   1.0
 0.051864350144405956, -0.08162618543393949,  15.050712039246168, 44.82744374960173, 40.04660287169403,0.15844565532266836,287.06440628555015, 40.179405737110606, 370834.3025409094,      0.0, 370834.3025409094,   1.0
 0.051864350144405956, -0.08162718543393949,  15.050713039246167, 44.82744374960173, 40.04660287169403,0.15844565532266836,287.06440628555015, 40.179405737110606, 370834.3027637869,      0.0, 370834.3027637869,   1.0
 0.051864350144405956, -0.08162718543393949,  15.050712039246168,44.827444749601725, 40.04660287169403,0.15844565532266836,287.06440628555015, 40.179405737110606,370834.30276531464,      0.0,370834.30276531464,   1.0
 0.051864350144405956, -0.08162718543393949,  15.050712039246168, 44.82744374960173,40.046603871694025,0.15844565532266836,287.06440628555015, 40.179405737110606,370834.30275858805,      0.0,370834.30275858805,   1.0
 0.051864350144405956, -0.08162718543393949,  15.050712039246168, 44.82744374960173, 40.04660287169403,0.15844665532266836,287.06440628555015, 40.179405737110606, 370834.3024928539,      0.0, 370834.3024928539,   1.0
 0.051864350144405956, -0.08162718543393949,  15.050712039246168, 44.82744374960173, 40.04660287169403,0.15844565532266836,287.06440728555015, 40.179405737110606,  370834.302758022,      0.0,  370834.302758022,   1.0
 0.051864350144405956, -0.08162718543393949,  15.050712039246168, 44.82744374960173, 40.04660287169403,0.15844565532266836,287.06440628555015, 40.179406737110604, 370834.3027769805,      0.0, 370834.3027769805,   1.0
 0.051858986633223476, -0.08155915027616058,   15.11969036817667, 44.85514602381209, 40.07768340069809,0.15834206174732326,286.92038898444304, 40.154522958018426, 370834.5863388579,      0.0, 370834.5863388579,   1.0
  0.05185998663322348, -0.08155915027616058,   15.11969036817667, 44.85514602381209, 40.07768340069809,0.15834206174732326,286.92038898444304, 40.154522958018426, 370834.5864972342,      0.0, 370834.5864972342,   1.0
 0.051858986633223476, -0.08155815027616058,   15.11969036817667, 44.85514602381209, 40.07768340069809,0.15834206174732326,286.92038898444304, 40.154522958018426, 370834.5867401211,      0.0, 370834.5867401211,   1.0
 0.051858986633223476, -0.08155915027616058,   15.11969136817667, 44.85514602381209, 40.07768340069809,0.15834206174732326,286.92038898444304, 40.154522958018426, 370834.5863363085,      0.0, 370834.5863363085,   1.0
 0.051858986633223476, -0.08155915027616058,   15.11969036817667, 44.85514702381209, 40.07768340069809,0.15834206174732326,286.92038898444304, 40.154522958018426, 370834.5863394527,      0.0, 370834.5863394527,   1.0
 0.051858986633223476, -0.08155915027616058,   15.11969036817667, 44.85514602381209, 40.07768440069809,0.15834206174732326,286.92038898444304, 40.154522958018426,370834.58633210126,      0.0,370834.58633210126,   1.0
 0.051858986633223476, -0.08155915027616058,   15.11969036817667, 44.85514602381209, 40.07768340069809,0.15834306174732327,286.92038898444304, 40.154522958018426, 370834.5862742932,      0.0, 370834.5862742932,   1.0
 0.051858986633223476, -0.08155915027616058,   15.11969036817667, 44.85514602381209, 40.07768340069809,0.15834206174732326,286.92038998444303, 40.154522958018426,370834.58633287635,      0.0,370834.58633287635,   1.0
 0.051858986633223476, -0.08155915027616058,   15.11969036817667, 44.85514602381209, 40.07768340069809,0.15834206174732326,286.92038898444304,  40.15452395801842,370834.58635309926,      0.0,370834.58635309926,   1.0
    0.051799533064483, -0.08146858973743928,  15.161331804206363,44.907239303295796, 40.10603459843195,0.15825707977481343,286.67998188864794,  40.12071895398831, 370835.2360972482,      0.0, 370835.2360972482,   1.0
    0.051800533064483, -0.08146858973743928,  15.161331804206363,44.907239303295796, 40.10603459843195,0.15825707977481343,286.67998188864794,  40.12071895398831, 370835.2366112351,      0.0, 370835.2366112351,   1.0
    0.051799533064483, -0.08146758973743928,  15.161331804206363,44.907239303295796, 40.10603459843195,0.15825707977481343,286.67998188864794,  40.12071895398831,370835.23683728697,      0.0,370835.23683728697,   1.0
    0.051799533064483, -0.08146858973743928,  15.161332804206362,44.907239303295796, 40.10603459843195,0.15825707977481343,286.67998188864794,  40.12071895398831, 370835.2360931815,      0.0, 370835.2360931815,   1.0
    0.051799533064483, -0.08146858973743928,  15.161331804206363,44.907240303295794, 40.10603459843195,0.15825707977481343,286.67998188864794,  40.12071895398831, 370835.2360971125,      0.0, 370835.2360971125,   1.0
    0.051799533064483, -0.08146858973743928,  15.161331804206363,44.907239303295796,40.106035598431944,0.15825707977481343,286.67998188864794,  40.12071895398831,370835.23608903657,      0.0,370835.23608903657,   1.0
    0.051799533064483, -0.08146858973743928,  15.161331804206363,44.907239303295796, 40.10603459843195,0.15825807977481343,286.67998188864794,  40.12071895398831, 370835.2361916727,      0.0, 370835.2361916727,   1.0
    0.051799533064483, -0.08146858973743928,  15.161331804206363,44.907239303295796, 40.10603459843195,0.15825707977481343,286.67998288864794,  40.12071895398831,370835.23609106004,      0.0,370835.23609106004,   1.0
    0.051799533064483, -0.08146858973743928,  15.161331804206363,44.907239303295796, 40.10603459843195,0.15825707977481343,286.67998188864794, 40.120719953988306, 370835.2361129157,      0.0, 370835.2361129157,   1.0
 0.051416976125106595, -0.08105315393125936,  15.273604731341038, 45.22746261013262, 40.21484270367485,0.15783371108938454, 285.2104008112048,  39.94141367019987,370838.98079885304,      0.0,370838.98079885304,   1.0
 0.051417976125106596, -0.08105315393125936,  15.273604731341038, 45.22746261013262, 40.21484270367485,0.15783371108938454, 285.2104008112048,  39.94141367019987,370838.98246946244,      0.0,370838.98246946244,   1.0
 0.051416976125106595, -0.08105215393125936,  15.273604731341038, 45.22746261013262, 40.21484270367485,0.15783371108938454, 285.2104008112048,  39.94141367019987, 370838.9824479008,      0.0, 370838.9824479008,   1.0
 0.051416976125106595, -0.08105315393125936,  15.273605731341037, 45.22746261013262, 40.21484270367485,0.15783371108938454, 285.2104008112048,  39.94141367019987, 370838.9807904711,      0.0, 370838.9807904711,   1.0
 0.051416976125106595, -0.08105315393125936,  15.273604731341038, 45.22746361013262, 40.21484270367485,0.15783371108938454, 285.2104008112048,  39.94141367019987, 370838.9807962257,      0.0, 370838.9807962257,   1.0
 0.051416976125106595, -0.08105315393125936,  15.273604731341038, 45.22746261013262,40.214843703674845,0.15783371108938454, 285.2104008112048,  39.94141367019987, 370838.9807850212,      0.0, 370838.9807850212,   1.0
 0.051416976125106595, -0.08105315393125936,  15.273604731341038, 45.22746261013262, 40.21484270367485,0.15783471108938454, 285.2104008112048,  39.94141367019987, 370838.9815092243,      0.0, 370838.9815092243,   1.0
 0.051416976125106595, -0.08105315393125936,  15.273604731341038, 45.22746261013262, 40.21484270367485,0.15783371108938454, 285.2104018112048,  39.94141367019987, 370838.9807918713,      0.0, 370838.9807918713,   1.0
 0.051416976125106595, -0.08105315393125936,  15.273604731341038, 45.22746261013262, 40.21484270367485,0.15783371108938454, 285.2104008112048,  39.94141467019987, 370838.9808222073,      0.0, 370838.9808222073,   1.0
   0.0506248431133297, -0.08040112287392688,  15.363858608045225,  45.8380302387617,40.315206792223925, 0.1578640225896672,282.79531696299995,  39.72450727402595, 370845.3513997657,      0.0, 370845.3513997657,   1.0
 0.050625843113329703, -0.08040112287392688,  15.363858608045225,  45.8380302387617,40.315206792223925, 0.1578640225896672,282.79531696299995,  39.72450727402595, 370845.3546994759,      0.0, 370845.3546994759,   1.0
   0.0506248431133297, -0.08040012287392688,  15.363858608045225,  45.8380302387617,40.315206792223925, 0.1578640225896672,282.79531696299995,  39.72450727402595,370845.35410412226,      0.0,370845.35410412226,   1.0
   0.0506248431133297, -0.08040112287392688,  15.363859608045225,  45.8380302387617,40.315206792223925, 0.1578640225896672,282.79531696299995,  39.72450727402595, 370845.3513865295,      0.0, 370845.3513865295,   1.0
   0.0506248431133297, -0.08040112287392688,  15.363858608045225,45.838031238761694,40.315206792223925, 0.1578640225896672,282.79531696299995,  39.72450727402595,370845.35139733396,      0.0,370845.35139733396,   1.0
   0.0506248431133297, -0.08040112287392688,  15.363858608045225,  45.8380302387617, 40.31520779222392, 0.1578640225896672,282.79531696299995,  39.72450727402595,370845.35138076206,      0.0,370845.35138076206,   1.0
   0.0506248431133297, -0.08040112287392688,  15.363858608045225,  45.8380302387617,40.315206792223925, 0.1578650225896672,282.79531696299995,  39.72450727402595, 370845.3520328706,      0.0, 370845.3520328706,   1.0
   0.0506248431133297, -0.08040112287392688,  15.363858608045225,  45.8380302387617,40.315206792223925, 0.1578640225896672,282.79531796299995,  39.72450727402595, 370845.3513925765,      0.0, 370845.3513925765,   1.0
   0.0506248431133297, -0.08040112287392688,  15.363858608045225,  45.8380302387617,40.315206792223925, 0.1578640225896672,282.79531696299995,  39.72450827402595, 370845.3514322367,      0.0, 370845.3514322367,   1.0
 0.048979424614771894, -0.07904589206730575,   15.39647321400637,47.373412635577246, 40.51165072746597,0.15681004848122465,276.11679741025614,  39.25894699481705,370862.55708555866,      0.0,370862.55708555866,   1.0
 0.048980424614771895, -0.07904589206730575,   15.39647321400637,47.373412635577246, 40.51165072746597,0.15681004848122465,276.11679741025614,  39.25894699481705, 370862.5620544681,      0.0, 370862.5620544681,   1.0
 0.048979424614771894, -0.07904489206730575,   15.39647321400637,47.373412635577246, 40.51165072746597,0.15681004848122465,276.11679741025614,  39.25894699481705, 370862.5597522074,      0.0, 370862.5597522074,   1.0
 0.048979424614771894, -0.07904589206730575,   15.39647421400637,47.373412635577246, 40.51165072746597,0.15681004848122465,276.11679741025614,  39.25894699481705, 370862.5570699049,      0.0, 370862.5570699049,   1.0
 0.048979424614771894, -0.07904589206730575,   15.39647321400637, 47.37341363557724, 40.51165072746597,0.15681004848122465,276.11679741025614,  39.25894699481705, 370862.5570923466,      0.0, 370862.5570923466,   1.0
 0.048979424614771894, -0.07904589206730575,   15.39647321400637,47.373412635577246, 40.51165172746597,0.15681004848122465,276.11679741025614,  39.25894699481705,370862.55705593707,      0.0,370862.55705593707,   1.0
 0.048979424614771894, -0.07904589206730575,   15.39647321400637,47.373412635577246, 40.51165072746597,0.15681104848122465,276.11679741025614,  39.25894699481705, 370862.5565629038,      0.0, 370862.5565629038,   1.0
 0.048979424614771894, -0.07904589206730575,   15.39647321400637,47.373412635577246, 40.51165072746597,0.15681004848122465,276.11679841025614,  39.25894699481705, 370862.5570802911,      0.0, 370862.5570802911,   1.0
 0.048979424614771894, -0.07904589206730575,   15.39647321400637,47.373412635577246, 40.51165072746597,0.15681004848122465,276.11679741025614,  39.25894799481705, 370862.5571379197,      0.0, 370862.5571379197,   1.0
  0.04685625610296211, -0.08030413545511715,   15.19810679721498, 52.51610302077278, 40.84782487138623,0.16079520714852505, 259.4194177919083,  38.50386868548354, 370821.7417382648,      0.0, 370821.7417382648,   1.0
  0.04685725610296211, -0.08030413545511715,   15.19810679721498, 52.51610302077278, 40.84782487138623,0.16079520714852505, 259.4194177919083,  38.50386868548354, 370821.7593846193,      0.0, 370821.7593846193,   1.0
  0.04685625610296211, -0.08030313545511715,   15.19810679721498, 52.51610302077278, 40.84782487138623,0.16079520714852505, 259.4194177919083,  38.50386868548354,  370821.757309481,      0.0,  370821.757309481,   1.0
  0.04685625610296211, -0.08030413545511715,  15.198107797214979, 52.51610302077278, 40.84782487138623,0.16079520714852505, 259.4194177919083,  38.50386868548354,370821.74168814946,      0.0,370821.74168814946,   1.0
  0.04685625610296211, -0.08030413545511715,   15.19810679721498, 52.51610402077278, 40.84782487138623,0.16079520714852505, 259.4194177919083,  38.50386868548354, 370821.7418123013,      0.0, 370821.7418123013,   1.0
  0.04685625610296211, -0.08030413545511715,   15.19810679721498, 52.51610302077278, 40.84782587138623,0.16079520714852505, 259.4194177919083,  38.50386868548354, 370821.7416908224,      0.0, 370821.7416908224,   1.0
  0.04685625610296211, -0.08030413545511715,   15.19810679721498, 52.51610302077278, 40.84782487138623,0.16079620714852505, 259.4194177919083,  38.50386868548354, 370821.7211832798,      0.0, 370821.7211832798,   1.0
  0.04685625610296211, -0.08030413545511715,   15.19810679721498, 52.51610302077278, 40.84782487138623,0.16079520714852505, 259.4194187919083,  38.50386868548354,370821.74176268687,      0.0,370821.74176268687,   1.0
  0.04685625610296211, -0.08030413545511715,   15.19810679721498, 52.51610302077278, 40.84782487138623,0.16079520714852505, 259.4194177919083,  38.50386968548354,370821.74182632426,      0.0,370821.74182632426,   1.0
  0.04819466777277248, -0.07951095883049161,  15.323153832179603, 49.27423277473177, 40.63590603648986,0.15828302649178844, 269.9451804019619,  38.97985804535362, 370877.3482557543,      0.0, 370877.3482557543,   1.0
  0.04819566777277248, -0.07951095883049161,  15.323153832179603, 49.27423277473177, 40.63590603648986,0.15828302649178844, 269.9451804019619,  38.97985804535362,   370877.35789784,      0.0,   370877.35789784,   1.0
  0.04819466777277248, -0.07950995883049161,  15.323153832179603, 49.27423277473177, 40.63590603648986,0.15828302649178844, 269.9451804019619,  38.97985804535362, 370877.3557980634,      0.0, 370877.3557980634,   1.0
  0.04819466777277248, -0.07951095883049161,  15.323154832179602, 49.27423277473177, 40.63590603648986,0.15828302649178844, 269.9451804019619,  38.97985804535362,  370877.348227428,      0.0,  370877.348227428,   1.0
  0.04819466777277248, -0.07951095883049161,  15.323153832179603, 49.27423377473177, 40.63590603648986,0.15828302649178844, 269.9451804019619,  38.97985804535362, 370877.3482769373,      0.0, 370877.3482769373,   1.0
  0.04819466777277248, -0.07951095883049161,  15.323153832179603, 49.27423277473177,40.635907036489854,0.15828302649178844, 269.9451804019619,  38.97985804535362,370877.34821947134,      0.0,370877.34821947134,   1.0
  0.04819466777277248, -0.07951095883049161,  15.323153832179603, 49.27423277473177, 40.63590603648986,0.15828402649178844, 269.9451804019619,  38.97985804535362,370877.34353728197,      0.0,370877.34353728197,   1.0
  0.04819466777277248, -0.07951095883049161,  15.323153832179603, 49.27423277473177, 40.63590603648986,0.15828302649178844, 269.9451814019619,  38.97985804535362, 370877.3482553638,      0.0, 370877.3482553638,   1.0
  0.04819466777277248, -0.07951095883049161,  15.323153832179603, 49.27423277473177, 40.63590603648986,0.15828302649178844, 269.9451804019619,  38.97985904535362,370877.34831838915,      0.0,370877.34831838915,   1.0
  0.04688116486502038, -0.07924364714162305,  14.965413112031852, 52.01138264623866,  40.6187530100379,0.15615117109732082,259.87170515387726,  38.61309564091203, 370909.5868392124,      0.0, 370909.5868392124,   1.0
  0.04688216486502038, -0.07924364714162305,  14.965413112031852, 52.01138264623866,  40.6187530100379,0.15615117109732082,259.87170515387726,  38.61309564091203, 370909.5968731998,      0.0, 370909.5968731998,   1.0
  0.04688116486502038, -0.07924264714162305,  14.965413112031852, 52.01138264623866,  40.6187530100379,0.15615117109732082,259.87170515387726,  38.61309564091203, 370909.5930983407,      0.0, 370909.5930983407,   1.0
  0.04688116486502038, -0.07924364714162305,  14.965414112031851, 52.01138264623866,  40.6187530100379,0.15615117109732082,259.87170515387726,  38.61309564091203, 370909.5868173447,      0.0, 370909.5868173447,   1.0
  0.04688116486502038, -0.07924364714162305,  14.965413112031852,52.011383646238656,  40.6187530100379,0.15615117109732082,259.87170515387726,  38.61309564091203, 370909.5868764107,      0.0, 370909.5868764107,   1.0
  0.04688116486502038, -0.07924364714162305,  14.965413112031852, 52.01138264623866,  40.6187540100379,0.15615117109732082,259.87170515387726,  38.61309564091203, 370909.5868039634,      0.0, 370909.5868039634,   1.0
  0.04688116486502038, -0.07924364714162305,  14.965413112031852, 52.01138264623866,  40.6187530100379,0.15615217109732082,259.87170515387726,  38.61309564091203,370909.57735654514,      0.0,370909.57735654514,   1.0
  0.04688116486502038, -0.07924364714162305,  14.965413112031852, 52.01138264623866,  40.6187530100379,0.15615117109732082,259.87170615387726,  38.61309564091203, 370909.5868477327,      0.0, 370909.5868477327,   1.0
  0.04688116486502038, -0.07924364714162305,  14.965413112031852, 52.01138264623866,  40.6187530100379,0.15615117109732082,259.87170515387726, 38.613096640912026,  370909.586914139,      0.0,  370909.586914139,   1.0
  0.04763181898607799, -0.08326313359686094,  13.638424289813473, 53.81706560254797, 39.99628804141035,0.15233839549482453,253.93309193846127, 38.934612883760515, 370972.6686237911,      0.0, 370972.6686237911,   1.0
  0.04763281898607799, -0.08326313359686094,  13.638424289813473, 53.81706560254797, 39.99628804141035,0.15233839549482453,253.93309193846127, 38.934612883760515, 370972.6759048376,      0.0, 370972.6759048376,   1.0
  0.04763181898607799, -0.08326213359686094,  13.638424289813473, 53.81706560254797, 39.99628804141035,0.15233839549482453,253.93309193846127, 38.934612883760515, 370972.6752023775,      0.0, 370972.6752023775,   1.0
  0.04763181898607799, -0.08326313359686094,  13.638425289813473, 53.81706560254797, 39.99628804141035,0.15233839549482453,253.93309193846127, 38.934612883760515, 370972.6686226369,      0.0, 370972.6686226369,   1.0
  0.04763181898607799, -0.08326313359686094,  13.638424289813473, 53.81706660254797, 39.99628804141035,0.15233839549482453,253.93309193846127, 38.934612883760515,  370972.668635439,      0.0,  370972.668635439,   1.0
  0.04763181898607799, -0.08326313359686094,  13.638424289813473, 53.81706560254797, 39.99628904141035,0.15233839549482453,253.93309193846127, 38.934612883760515,370972.66862582596,      0.0,370972.66862582596,   1.0
  0.04763181898607799, -0.08326313359686094,  13.638424289813473, 53.81706560254797, 39.99628804141035,0.15233939549482453,253.93309193846127, 38.934612883760515,370972.66391320014,      0.0,370972.66391320014,   1.0
  0.04763181898607799, -0.08326313359686094,  13.638424289813473, 53.81706560254797, 39.99628804141035,0.15233839549482453,253.93309293846127, 38.934612883760515, 370972.6686265011,      0.0, 370972.6686265011,   1.0
  0.04763181898607799, -0.08326313359686094,  13.638424289813473, 53.81706560254797, 39.99628804141035,0.15233839549482453,253.93309193846127,  38.93461388376051, 370972.6686715827,      0.0, 370972.6686715827,   1.0
  0.04935514499315055, -0.07910159033891975,  14.437885209222646, 54.53476521757261, 39.82611688689494, 0.1462365171610403,250.49033537779835, 38.820383096087724,370976.42028918484,      0.0,370976.42028918484,   1.0
  0.04935614499315055, -0.07910159033891975,  14.437885209222646, 54.53476521757261, 39.82611688689494, 0.1462365171610403,250.49033537779835, 38.820383096087724,370976.41235074215,      0.0,370976.41235074215,   1.0
  0.04935514499315055, -0.07910059033891975,  14.437885209222646, 54.53476521757261, 39.82611688689494, 0.1462365171610403,250.49033537779835, 38.820383096087724,370976.40703347826,      0.0,370976.40703347826,   1.0
  0.04935514499315055, -0.07910159033891975,  14.437886209222645, 54.53476521757261, 39.82611688689494, 0.1462365171610403,250.49033537779835, 38.820383096087724, 370976.4203288699,      0.0, 370976.4203288699,   1.0
  0.04935514499315055, -0.07910159033891975,  14.437885209222646, 54.53476621757261, 39.82611688689494, 0.1462365171610403,250.49033537779835, 38.820383096087724, 370976.4202702221,      0.0, 370976.4202702221,   1.0
  0.04935514499315055, -0.07910159033891975,  14.437885209222646, 54.53476521757261,39.826117886894934, 0.1462365171610403,250.49033537779835, 38.820383096087724, 370976.4203001493,      0.0, 370976.4203001493,   1.0
  0.04935514499315055, -0.07910159033891975,  14.437885209222646, 54.53476521757261, 39.82611688689494, 0.1462375171610403,250.49033537779835, 38.820383096087724,370976.42570432456,      0.0,370976.42570432456,   1.0
  0.04935514499315055, -0.07910159033891975,  14.437885209222646, 54.53476521757261, 39.82611688689494, 0.1462365171610403,250.49033637779834, 38.820383096087724,370976.42027850694,      0.0,370976.42027850694,   1.0
  0.04935514499315055, -0.07910159033891975,  14.437885209222646, 54.53476521757261, 39.82611688689494, 0.1462365171610403,250.49033537779835,  38.82038409608772, 370976.4203329848,      0.0, 370976.4203329848,   1.0
  0.05070234514793087, -0.08218441739375786,  14.181979284298032, 55.29393408121221,  39.9004311149031,0.14990742971377197,    249.7619523428,  38.98581462644878,370995.66779209423,      0.0,370995.66779209423,   1.0
  0.05070334514793087, -0.08218441739375786,  14.181979284298032, 55.29393408121221,  39.9004311149031,0.14990742971377197,    249.7619523428,  38.98581462644878, 370995.6638331675,      0.0, 370995.6638331675,   1.0
  0.05070234514793087, -0.08218341739375785,  14.181979284298032, 55.29393408121221,  39.9004311149031,0.14990742971377197,    249.7619523428,  38.98581462644878,370995.66315558914,      0.0,370995.66315558914,   1.0
  0.05070234514793087, -0.08218441739375786,  14.181980284298032, 55.29393408121221,  39.9004311149031,0.14990742971377197,    249.7619523428,  38.98581462644878,370995.66781623074,      0.0,370995.66781623074,   1.0
  0.05070234514793087, -0.08218441739375786,  14.181979284298032,55.293935081212204,  39.9004311149031,0.14990742971377197,    249.7619523428,  38.98581462644878, 370995.6677891563,      0.0, 370995.6677891563,   1.0
  0.05070234514793087, -0.08218441739375786,  14.181979284298032, 55.29393408121221,  39.9004321149031,0.14990742971377197,    249.7619523428,  38.98581462644878, 370995.6677993594,      0.0, 370995.6677993594,   1.0
  0.05070234514793087, -0.08218441739375786,  14.181979284298032, 55.29393408121221,  39.9004311149031,0.14990842971377197,    249.7619523428,  38.98581462644878,370995.66507121676,      0.0,370995.66507121676,   1.0
  0.05070234514793087, -0.08218441739375786,  14.181979284298032, 55.29393408121221,  39.9004311149031,0.14990742971377197,249.76195334279998,  38.98581462644878, 370995.6677925671,      0.0, 370995.6677925671,   1.0
  0.05070234514793087, -0.08218441739375786,  14.181979284298032, 55.29393408121221,  39.9004311149031,0.14990742971377197,    249.7619523428, 38.985815626448776, 370995.6678288825,      0.0, 370995.6678288825,   1.0
  0.05113948545888794, -0.08385393573785035,  14.177513859361875, 54.08417936384524,39.903387849160985,0.15215991566394754,254.72699798655722, 39.257692880250225,370991.62579265854,      0.0,370991.62579265854,   1.0
  0.05114048545888794, -0.08385393573785035,  14.177513859361875, 54.08417936384524,39.903387849160985,0.15215991566394754,254.72699798655722, 39.257692880250225,370991.62707617704,      0.0,370991.62707617704,   1.0
  0.05113948545888794, -0.08385293573785035,  14.177513859361875, 54.08417936384524,39.903387849160985,0.15215991566394754,254.72699798655722, 39.257692880250225,370991.62888194155,      0.0,370991.62888194155,   1.0
  0.05113948545888794, -0.08385393573785035,  14.177514859361874, 54.08417936384524,39.903387849160985,0.15215991566394754,254.72699798655722, 39.257692880250225, 370991.6257974473,      0.0, 370991.6257974473,   1.0
  0.05113948545888794, -0.08385393573785035,  14.177513859361875,54.084180363845235,39.903387849160985,0.15215991566394754,254.72699798655722, 39.257692880250225,370991.62576879066,      0.0,370991.62576879066,   1.0
  0.05113948545888794, -0.08385393573785035,  14.177513859361875, 54.08417936384524, 39.90338884916098,0.15215991566394754,254.72699798655722, 39.257692880250225,370991.62579779525,      0.0,370991.62579779525,   1.0
  0.05113948545888794, -0.08385393573785035,  14.177513859361875, 54.08417936384524,39.903387849160985,0.15216091566394754,254.72699798655722, 39.257692880250225,370991.62929192325,      0.0,370991.62929192325,   1.0
  0.05113948545888794, -0.08385393573785035,  14.177513859361875, 54.08417936384524,39.903387849160985,0.15215991566394754,254.72699898655722, 39.257692880250225, 370991.6257806228,      0.0, 370991.6257806228,   1.0
  0.05113948545888794, -0.08385393573785035,  14.177513859361875, 54.08417936384524,39.903387849160985,0.15215991566394754,254.72699798655722,  39.25769388025022, 370991.6258164436,      0.0, 370991.6258164436,   1.0
  0.05086655702329097, -0.08281157240865751,  14.180301846219992,54.839489396324595,39.901541812922154,0.15075357666665945,251.62707307400143, 39.087945765598626,370998.53623451333,      0.0,370998.53623451333,   1.0
 0.050867557023290974, -0.08281157240865751,  14.180301846219992,54.839489396324595,39.901541812922154,0.15075357666665945,251.62707307400143, 39.087945765598626, 370998.5342289332,      0.0, 370998.5342289332,   1.0
  0.05086655702329097, -0.08281057240865751,  14.180301846219992,54.839489396324595,39.901541812922154,0.15075357666665945,251.62707307400143, 39.087945765598626,370998.53451413836,      0.0,370998.53451413836,   1.0
  0.05086655702329097, -0.08281157240865751,  14.180302846219991,54.839489396324595,39.901541812922154,0.15075357666665945,251.62707307400143, 39.087945765598626, 370998.5362513742,      0.0, 370998.5362513742,   1.0
  0.05086655702329097, -0.08281157240865751,  14.180301846219992, 54.83949039632459,39.901541812922154,0.15075357666665945,251.62707307400143, 39.087945765598626, 370998.5362237091,      0.0, 370998.5362237091,   1.0
  0.05086655702329097, -0.08281157240865751,  14.180301846219992,54.839489396324595, 39.90154281292215,0.15075357666665945,251.62707307400143, 39.087945765598626,370998.53624086495,      0.0,370998.53624086495,   1.0
  0.05086655702329097, -0.08281157240865751,  14.180301846219992,54.839489396324595,39.901541812922154,0.15075457666665945,251.62707307400143, 39.087945765598626, 370998.5360675693,      0.0, 370998.5360675693,   1.0
  0.05086655702329097, -0.08281157240865751,  14.180301846219992,54.839489396324595,39.901541812922154,0.15075357666665945,251.62707407400143, 39.087945765598626, 370998.5362298272,      0.0, 370998.5362298272,   1.0
  0.05086655702329097, -0.08281157240865751,  14.180301846219992,54.839489396324595,39.901541812922154,0.15075357666665945,251.62707307400143,  39.08794676559862,370998.53626619064,      0.0,370998.53626619064,   1.0
  0.05046578886552907, -0.08244260345375011,  14.316190009398094,55.037454768977284, 39.87093656952492,0.14938139751461663,250.53721312505775,  39.06551793848774, 371002.2225579665,      0.0, 371002.2225579665,   1.0
  0.05046678886552907, -0.08244260345375011,  14.316190009398094,55.037454768977284, 39.87093656952492,0.14938139751461663,250.53721312505775,  39.06551793848774, 371002.2224354493,      0.0, 371002.2224354493,   1.0
  0.05046578886552907, -0.08244160345375011,  14.316190009398094,55.037454768977284, 39.87093656952492,0.14938139751461663,250.53721312505775,  39.06551793848774, 371002.2224130901,      0.0, 371002.2224130901,   1.0
  0.05046578886552907, -0.08244260345375011,  14.316191009398093,55.037454768977284, 39.87093656952492,0.14938139751461663,250.53721312505775,  39.06551793848774,371002.22256824235,      0.0,371002.22256824235,   1.0
  0.05046578886552907, -0.08244260345375011,  14.316190009398094, 55.03745576897728, 39.87093656952492,0.14938139751461663,250.53721312505775,  39.06551793848774,  371002.222545465,      0.0,  371002.222545465,   1.0
  0.05046578886552907, -0.08244260345375011,  14.316190009398094,55.037454768977284, 39.87093756952492,0.14938139751461663,250.53721312505775,  39.06551793848774, 371002.2225663922,      0.0, 371002.2225663922,   1.0
  0.05046578886552907, -0.08244260345375011,  14.316190009398094,55.037454768977284, 39.87093656952492,0.14938239751461663,250.53721312505775,  39.06551793848774,  371002.223272805,      0.0,  371002.223272805,   1.0
  0.05046578886552907, -0.08244260345375011,  14.316190009398094,55.037454768977284, 39.87093656952492,0.14938139751461663,250.53721412505774,  39.06551793848774, 371002.2225527833,      0.0, 371002.2225527833,   1.0
  0.05046578886552907, -0.08244260345375011,  14.316190009398094,55.037454768977284, 39.87093656952492,0.14938139751461663,250.53721312505775, 39.065518938487735, 371002.2225893653,      0.0, 371002.2225893653,   1.0
  0.05044286007854772, -0.08182582082633535,  14.670462929740035,55.319515426980715,39.838869731843204, 0.1478246254127207,249.12693823530356, 39.071859373826754, 371006.4237585522,      0.0, 371006.4237585522,   1.0
 0.050443860078547724, -0.08182582082633535,  14.670462929740035,55.319515426980715,39.838869731843204, 0.1478246254127207,249.12693823530356, 39.071859373826754, 371006.4254935528,      0.0, 371006.4254935528,   1.0
  0.05044286007854772, -0.08182482082633535,  14.670462929740035,55.319515426980715,39.838869731843204, 0.1478246254127207,249.12693823530356, 39.071859373826754, 371006.4253540101,      0.0, 371006.4253540101,   1.0
  0.05044286007854772, -0.08182582082633535,  14.670463929740034,55.319515426980715,39.838869731843204, 0.1478246254127207,249.12693823530356, 39.071859373826754,371006.42375920055,      0.0,371006.42375920055,   1.0
  0.05044286007854772, -0.08182582082633535,  14.670462929740035, 55.31951642698071,39.838869731843204, 0.1478246254127207,249.12693823530356, 39.071859373826754,  371006.423744847,      0.0,  371006.423744847,   1.0
  0.05044286007854772, -0.08182582082633535,  14.670462929740035,55.319515426980715,  39.8388707318432, 0.1478246254127207,249.12693823530356, 39.071859373826754, 371006.4237691794,      0.0, 371006.4237691794,   1.0
  0.05044286007854772, -0.08182582082633535,  14.670462929740035,55.319515426980715,39.838869731843204, 0.1478256254127207,249.12693823530356, 39.071859373826754, 371006.4251274613,      0.0, 371006.4251274613,   1.0
  0.05044286007854772, -0.08182582082633535,  14.670462929740035,55.319515426980715,39.838869731843204, 0.1478246254127207,249.12693923530355, 39.071859373826754,371006.42375343275,      0.0,371006.42375343275,   1.0
  0.05044286007854772, -0.08182582082633535,  14.670462929740035,55.319515426980715,39.838869731843204, 0.1478246254127207,249.12693823530356,  39.07186037382675,   371006.42378799,      0.0,   371006.42378799,   1.0
  0.05083077955432471, -0.08128655493153525,  15.009386838231483, 55.31154338011556, 39.79264510917493,0.14726356811699204, 248.7836668273063, 39.152409157060866,371010.09181931627,      0.0,371010.09181931627,   1.0
  0.05083177955432471, -0.08128655493153525,  15.009386838231483, 55.31154338011556, 39.79264510917493,0.14726356811699204, 248.7836668273063, 39.152409157060866,371010.09374104236,      0.0,371010.09374104236,   1.0
  0.05083077955432471, -0.08128555493153525,  15.009386838231483, 55.31154338011556, 39.79264510917493,0.14726356811699204, 248.7836668273063, 39.152409157060866,371010.09363034164,      0.0,371010.09363034164,   1.0
  0.05083077955432471, -0.08128655493153525,  15.009387838231483, 55.31154338011556, 39.79264510917493,0.14726356811699204, 248.7836668273063, 39.152409157060866,371010.09181499697,      0.0,371010.09181499697,   1.0
  0.05083077955432471, -0.08128655493153525,  15.009386838231483,55.311544380115556, 39.79264510917493,0.14726356811699204, 248.7836668273063, 39.152409157060866, 371010.0918060304,      0.0, 371010.0918060304,   1.0
  0.05083077955432471, -0.08128655493153525,  15.009386838231483, 55.31154338011556,39.792646109174925,0.14726356811699204, 248.7836668273063, 39.152409157060866, 371010.0918327827,      0.0, 371010.0918327827,   1.0
  0.05083077955432471, -0.08128655493153525,  15.009386838231483, 55.31154338011556, 39.79264510917493,0.14726456811699204, 248.7836668273063, 39.152409157060866,371010.09333296295,      0.0,371010.09333296295,   1.0
  0.05083077955432471, -0.08128655493153525,  15.009386838231483, 55.31154338011556, 39.79264510917493,0.14726356811699204, 248.7836678273063, 39.152409157060866,371010.09181447665,      0.0,371010.09181447665,   1.0
  0.05083077955432471, -0.08128655493153525,  15.009386838231483, 55.31154338011556, 39.79264510917493,0.14726356811699204, 248.7836668273063, 39.152410157060864, 371010.0918447411,      0.0, 371010.0918447411,   1.0
  0.05044030019634539, -0.07757510683924815,  14.991454969711272, 52.15422045107114,39.179781625526125,0.14906439607052585, 255.8887496875007,  39.80093165627645, 370959.8439790506,      0.0, 370959.8439790506,   1.0
  0.05044130019634539, -0.07757510683924815,  14.991454969711272, 52.15422045107114,39.179781625526125,0.14906439607052585, 255.8887496875007,  39.80093165627645, 370959.8318681989,      0.0, 370959.8318681989,   1.0
  0.05044030019634539, -0.07757410683924815,  14.991454969711272, 52.15422045107114,39.179781625526125,0.14906439607052585, 255.8887496875007,  39.80093165627645, 370959.8256893552,      0.0, 370959.8256893552,   1.0
  0.05044030019634539, -0.07757510683924815,  14.991455969711271, 52.15422045107114,39.179781625526125,0.14906439607052585, 255.8887496875007,  39.80093165627645, 370959.8440245016,      0.0, 370959.8440245016,   1.0
  0.05044030019634539, -0.07757510683924815,  14.991454969711272, 52.15422145107114,39.179781625526125,0.14906439607052585, 255.8887496875007,  39.80093165627645,370959.84399494913,      0.0,370959.84399494913,   1.0
  0.05044030019634539, -0.07757510683924815,  14.991454969711272, 52.15422045107114, 39.17978262552612,0.14906439607052585, 255.8887496875007,  39.80093165627645, 370959.8440277184,      0.0, 370959.8440277184,   1.0
  0.05044030019634539, -0.07757510683924815,  14.991454969711272, 52.15422045107114,39.179781625526125,0.14906539607052585, 255.8887496875007,  39.80093165627645,  370959.841754346,      0.0,  370959.841754346,   1.0
  0.05044030019634539, -0.07757510683924815,  14.991454969711272, 52.15422045107114,39.179781625526125,0.14906439607052585, 255.8887506875007,  39.80093165627645, 370959.8439810129,      0.0, 370959.8439810129,   1.0
  0.05044030019634539, -0.07757510683924815,  14.991454969711272, 52.15422045107114,39.179781625526125,0.14906439607052585, 255.8887496875007, 39.800932656276444,370959.84399072995,      0.0,370959.84399072995,   1.0
 0.050766199611653726, -0.08067273220280875,   15.00642115254963, 54.78936537099715,39.691285875119654,0.14756140041881036, 249.9587503097173, 39.259665904349426, 371012.0478408544,      0.0, 371012.0478408544,   1.0
  0.05076719961165373, -0.08067273220280875,   15.00642115254963, 54.78936537099715,39.691285875119654,0.14756140041881036, 249.9587503097173, 39.259665904349426,  371012.047442059,      0.0,  371012.047442059,   1.0
 0.050766199611653726, -0.08067173220280875,   15.00642115254963, 54.78936537099715,39.691285875119654,0.14756140041881036, 249.9587503097173, 39.259665904349426, 371012.0463140534,      0.0, 371012.0463140534,   1.0
 0.050766199611653726, -0.08067273220280875,  15.006422152549629, 54.78936537099715,39.691285875119654,0.14756140041881036, 249.9587503097173, 39.259665904349426,371012.04784476006,      0.0,371012.04784476006,   1.0
 0.050766199611653726, -0.08067273220280875,   15.00642115254963, 54.78936637099715,39.691285875119654,0.14756140041881036, 249.9587503097173, 39.259665904349426, 371012.0478299775,      0.0, 371012.0478299775,   1.0
 0.050766199611653726, -0.08067273220280875,   15.00642115254963, 54.78936537099715, 39.69128687511965,0.14756140041881036, 249.9587503097173, 39.259665904349426,371012.04786009557,      0.0,371012.04786009557,   1.0
 0.050766199611653726, -0.08067273220280875,   15.00642115254963, 54.78936537099715,39.691285875119654,0.14756240041881036, 249.9587503097173, 39.259665904349426,371012.04943405394,      0.0,371012.04943405394,   1.0
 0.050766199611653726, -0.08067273220280875,   15.00642115254963, 54.78936537099715,39.691285875119654,0.14756140041881036, 249.9587513097173, 39.259665904349426, 371012.0478358959,      0.0, 371012.0478358959,   1.0
 0.050766199611653726, -0.08067273220280875,   15.00642115254963, 54.78936537099715,39.691285875119654,0.14756140041881036, 249.9587503097173,  39.25966690434942, 371012.0478634322,      0.0, 371012.0478634322,   1.0
  0.05148233465599988, -0.08059356774893377,  15.358130258745348,54.708877398085804, 39.65354817879791,0.14811161692900116,250.08583035196395,  39.42105628465909, 371014.8699845205,      0.0, 371014.8699845205,   1.0
  0.05148333465599988, -0.08059356774893377,  15.358130258745348,54.708877398085804, 39.65354817879791,0.14811161692900116,250.08583035196395,  39.42105628465909, 371014.8704251207,      0.0, 371014.8704251207,   1.0
  0.05148233465599988, -0.08059256774893377,  15.358130258745348,54.708877398085804, 39.65354817879791,0.14811161692900116,250.08583035196395,  39.42105628465909, 371014.8701794369,      0.0, 371014.8701794369,   1.0
  0.05148233465599988, -0.08059356774893377,  15.358131258745347,54.708877398085804, 39.65354817879791,0.14811161692900116,250.08583035196395,  39.42105628465909, 371014.8699800017,      0.0, 371014.8699800017,   1.0
  0.05148233465599988, -0.08059356774893377,  15.358130258745348,  54.7088783980858, 39.65354817879791,0.14811161692900116,250.08583035196395,  39.42105628465909,371014.86997884273,      0.0,371014.86997884273,   1.0
  0.05148233465599988, -0.08059356774893377,  15.358130258745348,54.708877398085804, 39.65354917879791,0.14811161692900116,250.08583035196395,  39.42105628465909,371014.87000627676,      0.0,371014.87000627676,   1.0
  0.05148233465599988, -0.08059356774893377,  15.358130258745348,54.708877398085804, 39.65354817879791,0.14811261692900116,250.08583035196395,  39.42105628465909,371014.86987713154,      0.0,371014.86987713154,   1.0
  0.05148233465599988, -0.08059356774893377,  15.358130258745348,54.708877398085804, 39.65354817879791,0.14811161692900116,250.08583135196395,  39.42105628465909,371014.86998227617,      0.0,371014.86998227617,   1.0
  0.05148233465599988, -0.08059356774893377,  15.358130258745348,54.708877398085804, 39.65354817879791,0.14811161692900116,250.08583035196395, 39.421057284659085, 371014.8700006421,      0.0, 371014.8700006421,   1.0
 0.051528793314407524, -0.08058509471582286,  15.392063455585255,54.664778985503624,39.676938418228595,0.14830275214994398, 250.1834986893058,   39.4477776303634, 371015.6004957689,      0.0, 371015.6004957689,   1.0
 0.051529793314407525, -0.08058509471582286,  15.392063455585255,54.664778985503624,39.676938418228595,0.14830275214994398, 250.1834986893058,   39.4477776303634, 371015.6011045062,      0.0, 371015.6011045062,   1.0
 0.051528793314407524, -0.08058409471582285,  15.392063455585255,54.664778985503624,39.676938418228595,0.14830275214994398, 250.1834986893058,   39.4477776303634,371015.60094018903,      0.0,371015.60094018903,   1.0
 0.051528793314407524, -0.08058509471582286,  15.392064455585254,54.664778985503624,39.676938418228595,0.14830275214994398, 250.1834986893058,   39.4477776303634, 371015.6004901902,      0.0, 371015.6004901902,   1.0
 0.051528793314407524, -0.08058509471582286,  15.392063455585255, 54.66477998550362,39.676938418228595,0.14830275214994398, 250.1834986893058,   39.4477776303634,371015.60049185326,      0.0,371015.60049185326,   1.0
 0.051528793314407524, -0.08058509471582286,  15.392063455585255,54.664778985503624, 39.67693941822859,0.14830275214994398, 250.1834986893058,   39.4477776303634,371015.60051613284,      0.0,371015.60051613284,   1.0
 0.051528793314407524, -0.08058509471582286,  15.392063455585255,54.664778985503624,39.676938418228595,0.14830375214994398, 250.1834986893058,   39.4477776303634,371015.59987807286,      0.0,371015.59987807286,   1.0
 0.051528793314407524, -0.08058509471582286,  15.392063455585255,54.664778985503624,39.676938418228595,0.14830275214994398, 250.1834996893058,   39.4477776303634, 371015.6004943193,      0.0, 371015.6004943193,   1.0
 0.051528793314407524, -0.08058509471582286,  15.392063455585255,54.664778985503624,39.676938418228595,0.14830275214994398, 250.1834986893058, 39.447778630363395,371015.60051106906,      0.0,371015.60051106906,   1.0
  0.05161435076053912, -0.08072761143016044,   15.41084486280447,54.511436683980705, 39.79905977840434,0.14860365232687575,250.31031405491493,  39.57784667329664, 371018.8463157453,      0.0, 371018.8463157453,   1.0
  0.05161535076053912, -0.08072761143016044,   15.41084486280447,54.511436683980705, 39.79905977840434,0.14860365232687575,250.31031405491493,  39.57784667329664,371018.84734567226,      0.0,371018.84734567226,   1.0
  0.05161435076053912, -0.08072661143016044,   15.41084486280447,54.511436683980705, 39.79905977840434,0.14860365232687575,250.31031405491493,  39.57784667329664,371018.84747275175,      0.0,371018.84747275175,   1.0
  0.05161435076053912, -0.08072761143016044,   15.41084586280447,54.511436683980705, 39.79905977840434,0.14860365232687575,250.31031405491493,  39.57784667329664, 371018.8463082101,      0.0, 371018.8463082101,   1.0
  0.05161435076053912, -0.08072761143016044,   15.41084486280447,  54.5114376839807, 39.79905977840434,0.14860365232687575,250.31031405491493,  39.57784667329664, 371018.8463178449,      0.0, 371018.8463178449,   1.0
  0.05161435076053912, -0.08072761143016044,   15.41084486280447,54.511436683980705, 39.79906077840434,0.14860365232687575,250.31031405491493,  39.57784667329664,371018.84632863034,      0.0,371018.84632863034,   1.0
  0.05161435076053912, -0.08072761143016044,   15.41084486280447,54.511436683980705, 39.79905977840434,0.14860465232687575,250.31031405491493,  39.57784667329664,371018.84414962446,      0.0,371018.84414962446,   1.0
  0.05161435076053912, -0.08072761143016044,   15.41084486280447,54.511436683980705, 39.79905977840434,0.14860365232687575,250.31031505491492,  39.57784667329664, 371018.8463169934,      0.0, 371018.8463169934,   1.0
  0.05161435076053912, -0.08072761143016044,   15.41084486280447,54.511436683980705, 39.79905977840434,0.14860365232687575,250.31031405491493,  39.57784767329664,371018.84632619086,      0.0,371018.84632619086,   1.0
  0.05163922270393718, -0.08088163304151884,  15.351259698096849, 54.41828923107698,39.932562798231004,0.14792347533669556,249.97690022850742, 39.683049479800175,371021.75373751903,      0.0,371021.75373751903,   1.0
  0.05164022270393718, -0.08088163304151884,  15.351259698096849, 54.41828923107698,39.932562798231004,0.14792347533669556,249.97690022850742, 39.683049479800175,371021.75455068116,      0.0,371021.75455068116,   1.0
  0.05163922270393718, -0.08088063304151884,  15.351259698096849, 54.41828923107698,39.932562798231004,0.14792347533669556,249.97690022850742, 39.683049479800175,371021.75476981065,      0.0,371021.75476981065,   1.0
  0.05163922270393718, -0.08088163304151884,  15.351260698096848, 54.41828923107698,39.932562798231004,0.14792347533669556,249.97690022850742, 39.683049479800175, 371021.7537312079,      0.0, 371021.7537312079,   1.0
  0.05163922270393718, -0.08088163304151884,  15.351259698096849, 54.41829023107698,39.932562798231004,0.14792347533669556,249.97690022850742, 39.683049479800175, 371021.7537418509,      0.0, 371021.7537418509,   1.0
  0.05163922270393718, -0.08088163304151884,  15.351259698096849, 54.41828923107698,   39.932563798231,0.14792347533669556,249.97690022850742, 39.683049479800175, 371021.7537419569,      0.0, 371021.7537419569,   1.0
  0.05163922270393718, -0.08088163304151884,  15.351259698096849, 54.41828923107698,39.932562798231004,0.14792447533669556,249.97690022850742, 39.683049479800175, 371021.7514812425,      0.0, 371021.7514812425,   1.0
  0.05163922270393718, -0.08088163304151884,  15.351259698096849, 54.41828923107698,39.932562798231004,0.14792347533669556,249.97690122850742, 39.683049479800175, 371021.7537396522,      0.0, 371021.7537396522,   1.0
  0.05163922270393718, -0.08088163304151884,  15.351259698096849, 54.41828923107698,39.932562798231004,0.14792347533669556,249.97690022850742,  39.68305047980017,371021.75374314823,      0.0,371021.75374314823,   1.0
  0.06372567102213311, -0.08581843896593061,  16.047037893523704,58.086614102269685, 39.80784486965522, 0.1452195381170827,243.17399216150943, 40.545581486080415,370835.15525214374,      0.0,370835.15525214374,   1.0
  0.06372667102213311, -0.08581843896593061,  16.047037893523704,58.086614102269685, 39.80784486965522, 0.1452195381170827,243.17399216150943, 40.545581486080415, 370835.1325777566,      0.0, 370835.1325777566,   1.0
  0.06372567102213311, -0.08581743896593061,  16.047037893523704,58.086614102269685, 39.80784486965522, 0.1452195381170827,243.17399216150943, 40.545581486080415,370835.14586572925,      0.0,370835.14586572925,   1.0
  0.06372567102213311, -0.08581843896593061,  16.047038893523705,58.086614102269685, 39.80784486965522, 0.1452195381170827,243.17399216150943, 40.545581486080415, 370835.1552844669,      0.0, 370835.1552844669,   1.0
  0.06372567102213311, -0.08581843896593061,  16.047037893523704, 58.08661510226968, 39.80784486965522, 0.1452195381170827,243.17399216150943, 40.545581486080415,370835.15520181716,      0.0,370835.15520181716,   1.0
  0.06372567102213311, -0.08581843896593061,  16.047037893523704,58.086614102269685, 39.80784586965522, 0.1452195381170827,243.17399216150943, 40.545581486080415,370835.15525882057,      0.0,370835.15525882057,   1.0
  0.06372567102213311, -0.08581843896593061,  16.047037893523704,58.086614102269685, 39.80784486965522,0.14522053811708271,243.17399216150943, 40.545581486080415, 370835.1597534563,      0.0, 370835.1597534563,   1.0
  0.06372567102213311, -0.08581843896593061,  16.047037893523704,58.086614102269685, 39.80784486965522, 0.1452195381170827,243.17399316150943, 40.545581486080415, 370835.1552435365,      0.0, 370835.1552435365,   1.0
  0.06372567102213311, -0.08581843896593061,  16.047037893523704,58.086614102269685, 39.80784486965522, 0.1452195381170827,243.17399216150943,  40.54558248608041,370835.15520063066,      0.0,370835.15520063066,   1.0
 0.052010929543965065, -0.08103345965606129,   15.37265767271881, 54.53110495743176, 39.92872722090463,0.14784031840480988,249.76768347648795,  39.70957580399706,371021.93129430775,      0.0,371021.93129430775,   1.0
 0.052011929543965066, -0.08103345965606129,   15.37265767271881, 54.53110495743176, 39.92872722090463,0.14784031840480988,249.76768347648795,  39.70957580399706,371021.93139930733,      0.0,371021.93139930733,   1.0
 0.052010929543965065, -0.08103245965606129,   15.37265767271881, 54.53110495743176, 39.92872722090463,0.14784031840480988,249.76768347648795,  39.70957580399706, 371021.9319617149,      0.0, 371021.9319617149,   1.0
 0.052010929543965065, -0.08103345965606129,   15.37265867271881, 54.53110495743176, 39.92872722090463,0.14784031840480988,249.76768347648795,  39.70957580399706, 371021.9312892237,      0.0, 371021.9312892237,   1.0
 0.052010929543965065, -0.08103345965606129,   15.37265767271881,54.531105957431755, 39.92872722090463,0.14784031840480988,249.76768347648795,  39.70957580399706, 371021.9312962311,      0.0, 371021.9312962311,   1.0
 0.052010929543965065, -0.08103345965606129,   15.37265767271881, 54.53110495743176,39.928728220904624,0.14784031840480988,249.76768347648795,  39.70957580399706,371021.93129886984,      0.0,371021.93129886984,   1.0
 0.052010929543965065, -0.08103345965606129,   15.37265767271881, 54.53110495743176, 39.92872722090463,0.14784131840480988,249.76768347648795,  39.70957580399706,371021.92946352594,      0.0,371021.92946352594,   1.0
 0.052010929543965065, -0.08103345965606129,   15.37265767271881, 54.53110495743176, 39.92872722090463,0.14784031840480988,249.76768447648794,  39.70957580399706,371021.93129570305,      0.0,371021.93129570305,   1.0
 0.052010929543965065, -0.08103345965606129,   15.37265767271881, 54.53110495743176, 39.92872722090463,0.14784031840480988,249.76768347648795,  39.70957680399706, 371021.9312978399,      0.0, 371021.9312978399,   1.0
 0.051683537500134956, -0.08115051032981571,  15.185701338471741,54.409485846761015,40.034837011495455,0.14677255344702453,249.43732230205862,  39.76828190335198,  371023.630117773,      0.0,  371023.630117773,   1.0
  0.05168453750013496, -0.08115051032981571,  15.185701338471741,54.409485846761015,40.034837011495455,0.14677255344702453,249.43732230205862,  39.76828190335198, 371023.6298358992,      0.0, 371023.6298358992,   1.0
 0.051683537500134956, -0.08114951032981571,  15.185701338471741,54.409485846761015,40.034837011495455,0.14677255344702453,249.43732230205862,  39.76828190335198,371023.63007972203,      0.0,371023.63007972203,   1.0
 0.051683537500134956, -0.08115051032981571,   15.18570233847174,54.409485846761015,40.034837011495455,0.14677255344702453,249.43732230205862,  39.76828190335198,371023.63011670706,      0.0,371023.63011670706,   1.0
 0.051683537500134956, -0.08115051032981571,  15.185701338471741, 54.40948684676101,40.034837011495455,0.14677255344702453,249.43732230205862,  39.76828190335198, 371023.6301196982,      0.0, 371023.6301196982,   1.0
 0.051683537500134956, -0.08115051032981571,  15.185701338471741,54.409485846761015, 40.03483801149545,0.14677255344702453,249.43732230205862,  39.76828190335198,371023.63011539547,      0.0,371023.63011539547,   1.0
 0.051683537500134956, -0.08115051032981571,  15.185701338471741,54.409485846761015,40.034837011495455,0.14677355344702453,249.43732230205862,  39.76828190335198,371023.62909080385,      0.0,371023.62909080385,   1.0
 0.051683537500134956, -0.08115051032981571,  15.185701338471741,54.409485846761015,40.034837011495455,0.14677255344702453,249.43732330205862,  39.76828190335198,371023.63011876604,      0.0,371023.63011876604,   1.0
 0.051683537500134956, -0.08115051032981571,  15.185701338471741,54.409485846761015,40.034837011495455,0.14677255344702453,249.43732230205862,  39.76828290335198, 371023.6301183879,      0.0, 371023.6301183879,   1.0
 0.051485278029511396, -0.08124613576686518,  15.114002546260553, 54.30120604551588, 40.03463099573095, 0.1463358652346194,249.59754087544363,  39.78749460134965, 371023.8684979878,      0.0, 371023.8684979878,   1.0
   0.0514862780295114, -0.08124613576686518,  15.114002546260553, 54.30120604551588, 40.03463099573095, 0.1463358652346194,249.59754087544363,  39.78749460134965, 371023.8686139355,      0.0, 371023.8686139355,   1.0
 0.051485278029511396, -0.08124513576686518,  15.114002546260553, 54.30120604551588, 40.03463099573095, 0.1463358652346194,249.59754087544363,  39.78749460134965,371023.86879418197,      0.0,371023.86879418197,   1.0
 0.051485278029511396, -0.08124613576686518,  15.114003546260552, 54.30120604551588, 40.03463099573095, 0.1463358652346194,249.59754087544363,  39.78749460134965,371023.86849680176,      0.0,371023.86849680176,   1.0
 0.051485278029511396, -0.08124613576686518,  15.114002546260553, 54.30120704551588, 40.03463099573095, 0.1463358652346194,249.59754087544363,  39.78749460134965,  371023.868497032,      0.0,  371023.868497032,   1.0
 0.051485278029511396, -0.08124613576686518,  15.114002546260553, 54.30120604551588, 40.03463199573095, 0.1463358652346194,249.59754087544363,  39.78749460134965,371023.86849531916,      0.0,371023.86849531916,   1.0
 0.051485278029511396, -0.08124613576686518,  15.114002546260553, 54.30120604551588, 40.03463099573095, 0.1463368652346194,249.59754087544363,  39.78749460134965,371023.86866827606,      0.0,371023.86866827606,   1.0
 0.051485278029511396, -0.08124613576686518,  15.114002546260553, 54.30120604551588, 40.03463099573095, 0.1463358652346194,249.59754187544362,  39.78749460134965, 371023.8684972567,      0.0, 371023.8684972567,   1.0
 0.051485278029511396, -0.08124613576686518,  15.114002546260553, 54.30120604551588, 40.03463099573095, 0.1463358652346194,249.59754087544363,  39.78749560134965, 371023.8684973313,      0.0, 371023.8684973313,   1.0
  0.05140949546167433, -0.08112460417789252,  15.104121153081463,54.360325696196995,40.031984802749285,0.14614566844739105,249.35314652796475,  39.76344148397317,371023.96517747326,      0.0,371023.96517747326,   1.0
  0.05141049546167433, -0.08112460417789252,  15.104121153081463,54.360325696196995,40.031984802749285,0.14614566844739105,249.35314652796475,  39.76344148397317,  371023.964992818,      0.0,  371023.964992818,   1.0
  0.05140949546167433, -0.08112360417789252,  15.104121153081463,54.360325696196995,40.031984802749285,0.14614566844739105,249.35314652796475,  39.76344148397317,371023.96495496086,      0.0,371023.96495496086,   1.0
  0.05140949546167433, -0.08112460417789252,  15.104122153081462,54.360325696196995,40.031984802749285,0.14614566844739105,249.35314652796475,  39.76344148397317, 371023.9651776313,      0.0, 371023.9651776313,   1.0
  0.05140949546167433, -0.08112460417789252,  15.104121153081463, 54.36032669619699,40.031984802749285,0.14614566844739105,249.35314652796475,  39.76344148397317, 371023.9651768001,      0.0, 371023.9651768001,   1.0
  0.05140949546167433, -0.08112460417789252,  15.104121153081463,54.360325696196995, 40.03198580274928,0.14614566844739105,249.35314652796475,  39.76344148397317, 371023.9651749972,      0.0, 371023.9651749972,   1.0
  0.05140949546167433, -0.08112460417789252,  15.104121153081463,54.360325696196995,40.031984802749285,0.14614666844739105,249.35314652796475,  39.76344148397317, 371023.9652916375,      0.0, 371023.9652916375,   1.0
  0.05140949546167433, -0.08112460417789252,  15.104121153081463,54.360325696196995,40.031984802749285,0.14614566844739105,249.35314752796475,  39.76344148397317, 371023.9651769832,      0.0, 371023.9651769832,   1.0
  0.05140949546167433, -0.08112460417789252,  15.104121153081463,54.360325696196995,40.031984802749285,0.14614566844739105,249.35314652796475, 39.763442483973165,371023.96517781855,      0.0,371023.96517781855,   1.0
  0.05137168516316037,   -0.081088698943572,  15.101875985448928,54.400700465347434,40.015570973208675,0.14602937592854212,249.19474853516925,  39.75524402450785, 371024.0202140708,      0.0, 371024.0202140708,   1.0
  0.05137268516316037,   -0.081088698943572,  15.101875985448928,54.400700465347434,40.015570973208675,0.14602937592854212,249.19474853516925,  39.75524402450785, 371024.0200184324,      0.0, 371024.0200184324,   1.0
  0.05137168516316037,   -0.081087698943572,  15.101875985448928,54.400700465347434,40.015570973208675,0.14602937592854212,249.19474853516925,  39.75524402450785, 371024.0199173675,      0.0, 371024.0199173675,   1.0
  0.05137168516316037,   -0.081088698943572,  15.101876985448927,54.400700465347434,40.015570973208675,0.14602937592854212,249.19474853516925,  39.75524402450785, 371024.0202143913,      0.0, 371024.0202143913,   1.0
  0.05137168516316037,   -0.081088698943572,  15.101875985448928, 54.40070146534743,40.015570973208675,0.14602937592854212,249.19474853516925,  39.75524402450785, 371024.0202135077,      0.0, 371024.0202135077,   1.0
  0.05137168516316037,   -0.081088698943572,  15.101875985448928,54.400700465347434, 40.01557197320867,0.14602937592854212,249.19474853516925,  39.75524402450785,371024.02021263243,      0.0,371024.02021263243,   1.0
  0.05137168516316037,   -0.081088698943572,  15.101875985448928,54.400700465347434,40.015570973208675,0.14603037592854212,249.19474853516925,  39.75524402450785, 371024.0202930748,      0.0, 371024.0202930748,   1.0
  0.05137168516316037,   -0.081088698943572,  15.101875985448928,54.400700465347434,40.015570973208675,0.14602937592854212,249.19474953516925,  39.75524402450785, 371024.0202137279,      0.0, 371024.0202137279,   1.0
  0.05137168516316037,   -0.081088698943572,  15.101875985448928,54.400700465347434,40.015570973208675,0.14602937592854212,249.19474853516925,  39.75524502450785,371024.02021471394,      0.0,371024.02021471394,   1.0
  0.05137330083175615, -0.08151359066374736,  14.963391779268603, 54.39529471347853, 39.97466229340819,0.14606254074158456,249.13747220754607,  39.77833507121218,371023.94573851814,      0.0,371023.94573851814,   1.0
  0.05137430083175615, -0.08151359066374736,  14.963391779268603, 54.39529471347853, 39.97466229340819,0.14606254074158456,249.13747220754607,  39.77833507121218, 371023.9456371299,      0.0, 371023.9456371299,   1.0
  0.05137330083175615, -0.08151259066374736,  14.963391779268603, 54.39529471347853, 39.97466229340819,0.14606254074158456,249.13747220754607,  39.77833507121218,371023.94588520995,      0.0,371023.94588520995,   1.0
  0.05137330083175615, -0.08151359066374736,  14.963392779268602, 54.39529471347853, 39.97466229340819,0.14606254074158456,249.13747220754607,  39.77833507121218, 371023.9457397755,      0.0, 371023.9457397755,   1.0
  0.05137330083175615, -0.08151359066374736,  14.963391779268603,54.395295713478525, 39.97466229340819,0.14606254074158456,249.13747220754607,  39.77833507121218,  371023.945739473,      0.0,  371023.945739473,   1.0
  0.05137330083175615, -0.08151359066374736,  14.963391779268603, 54.39529471347853,39.974663293408184,0.14606254074158456,249.13747220754607,  39.77833507121218,371023.94573964825,      0.0,371023.94573964825,   1.0
  0.05137330083175615, -0.08151359066374736,  14.963391779268603, 54.39529471347853, 39.97466229340819,0.14606354074158456,249.13747220754607,  39.77833507121218, 371023.9453729424,      0.0, 371023.9453729424,   1.0
  0.05137330083175615, -0.08151359066374736,  14.963391779268603, 54.39529471347853, 39.97466229340819,0.14606254074158456,249.13747320754607,  39.77833507121218,371023.94573895773,      0.0,371023.94573895773,   1.0
  0.05137330083175615, -0.08151359066374736,  14.963391779268603, 54.39529471347853, 39.97466229340819,0.14606254074158456,249.13747220754607,  39.77833607121218, 371023.9457384523,      0.0, 371023.9457384523,   1.0
 0.051372254293422424, -0.08123836994459266,   15.05309398104553,  54.3987962524502, 40.00116061224978, 0.1460410584597166, 249.1745725588367,  39.76337800290928,  371024.051849852,      0.0,  371024.051849852,   1.0
 0.051373254293422425, -0.08123836994459266,   15.05309398104553,  54.3987962524502, 40.00116061224978, 0.1460410584597166, 249.1745725588367,  39.76337800290928,371024.05168722343,      0.0,371024.05168722343,   1.0
 0.051372254293422424, -0.08123736994459266,   15.05309398104553,  54.3987962524502, 40.00116061224978, 0.1460410584597166, 249.1745725588367,  39.76337800290928, 371024.0517092304,      0.0, 371024.0517092304,   1.0
 0.051372254293422424, -0.08123836994459266,  15.053094981045529,  54.3987962524502, 40.00116061224978, 0.1460410584597166, 249.1745725588367,  39.76337800290928,371024.05185050325,      0.0,371024.05185050325,   1.0
 0.051372254293422424, -0.08123836994459266,   15.05309398104553,54.398797252450194, 40.00116061224978, 0.1460410584597166, 249.1745725588367,  39.76337800290928, 371024.0518498228,      0.0, 371024.0518498228,   1.0
 0.051372254293422424, -0.08123836994459266,   15.05309398104553,  54.3987962524502,40.001161612249774, 0.1460410584597166, 249.1745725588367,  39.76337800290928,371024.05184931925,      0.0,371024.05184931925,   1.0
 0.051372254293422424, -0.08123836994459266,   15.05309398104553,  54.3987962524502, 40.00116061224978, 0.1460420584597166, 249.1745725588367,  39.76337800290928,   371024.05177223,      0.0,   371024.05177223,   1.0
 0.051372254293422424, -0.08123836994459266,   15.05309398104553,  54.3987962524502, 40.00116061224978, 0.1460410584597166, 249.1745735588367,  39.76337800290928, 371024.0518497844,      0.0, 371024.0518497844,   1.0
 0.051372254293422424, -0.08123836994459266,   15.05309398104553,  54.3987962524502, 40.00116061224978, 0.1460410584597166, 249.1745725588367, 39.763379002909275,371024.05185024353,      0.0,371024.05185024353,   1.0
  0.05132587323479669, -0.08122794648543931,  15.069579795678825, 54.46482506173658, 39.99656092695544, 0.1458732489469712,248.94125776691874,  39.76042222075979, 371024.0612272349,      0.0, 371024.0612272349,   1.0
  0.05132687323479669, -0.08122794648543931,  15.069579795678825, 54.46482506173658, 39.99656092695544, 0.1458732489469712,248.94125776691874,  39.76042222075979,371024.06142026867,      0.0,371024.06142026867,   1.0
  0.05132587323479669, -0.08122694648543931,  15.069579795678825, 54.46482506173658, 39.99656092695544, 0.1458732489469712,248.94125776691874,  39.76042222075979, 371024.0614611127,      0.0, 371024.0614611127,   1.0
  0.05132587323479669, -0.08122794648543931,  15.069580795678824, 54.46482506173658, 39.99656092695544, 0.1458732489469712,248.94125776691874,  39.76042222075979, 371024.0612266332,      0.0, 371024.0612266332,   1.0
  0.05132587323479669, -0.08122794648543931,  15.069579795678825, 54.46482606173658, 39.99656092695544, 0.1458732489469712,248.94125776691874,  39.76042222075979, 371024.0612269559,      0.0, 371024.0612269559,   1.0
  0.05132587323479669, -0.08122794648543931,  15.069579795678825, 54.46482506173658, 39.99656192695544, 0.1458732489469712,248.94125776691874,  39.76042222075979, 371024.0612270233,      0.0, 371024.0612270233,   1.0
  0.05132587323479669, -0.08122794648543931,  15.069579795678825, 54.46482506173658, 39.99656092695544, 0.1458742489469712,248.94125776691874,  39.76042222075979, 371024.0611855505,      0.0, 371024.0611855505,   1.0
  0.05132587323479669, -0.08122794648543931,  15.069579795678825, 54.46482506173658, 39.99656092695544, 0.1458732489469712,248.94125876691874,  39.76042222075979, 371024.0612272261,      0.0, 371024.0612272261,   1.0
  0.05132587323479669, -0.08122794648543931,  15.069579795678825, 54.46482506173658, 39.99656092695544, 0.1458732489469712,248.94125776691874,  39.76042322075979, 371024.0612274945,      0.0, 371024.0612274945,   1.0
  0.05131483362952648,  -0.0812018064520204,  15.058738928097798, 54.44069208824685, 39.99389233523083,0.14584356195039694, 248.9820160101795,  39.76302704459123,371024.07127773145,      0.0,371024.07127773145,   1.0
  0.05131583362952648,  -0.0812018064520204,  15.058738928097798, 54.44069208824685, 39.99389233523083,0.14584356195039694, 248.9820160101795,  39.76302704459123,371024.07128009625,      0.0,371024.07128009625,   1.0
  0.05131483362952648,  -0.0812008064520204,  15.058738928097798, 54.44069208824685, 39.99389233523083,0.14584356195039694, 248.9820160101795,  39.76302704459123,371024.07125211984,      0.0,371024.07125211984,   1.0
  0.05131483362952648,  -0.0812018064520204,  15.058739928097797, 54.44069208824685, 39.99389233523083,0.14584356195039694, 248.9820160101795,  39.76302704459123,371024.07127792155,      0.0,371024.07127792155,   1.0
  0.05131483362952648,  -0.0812018064520204,  15.058738928097798,54.440693088246846, 39.99389233523083,0.14584356195039694, 248.9820160101795,  39.76302704459123, 371024.0712774466,      0.0, 371024.0712774466,   1.0
  0.05131483362952648,  -0.0812018064520204,  15.058738928097798, 54.44069208824685, 39.99389333523083,0.14584356195039694, 248.9820160101795,  39.76302704459123,371024.07127764623,      0.0,371024.07127764623,   1.0
  0.05131483362952648,  -0.0812018064520204,  15.058738928097798, 54.44069208824685, 39.99389233523083,0.14584456195039694, 248.9820160101795,  39.76302704459123,   371024.07129934,      0.0,   371024.07129934,   1.0
  0.05131483362952648,  -0.0812018064520204,  15.058738928097798, 54.44069208824685, 39.99389233523083,0.14584356195039694, 248.9820170101795,  39.76302704459123,  371024.071277646,      0.0,  371024.071277646,   1.0
  0.05131483362952648,  -0.0812018064520204,  15.058738928097798, 54.44069208824685, 39.99389233523083,0.14584356195039694, 248.9820160101795,  39.76302804459123, 371024.0712779343,      0.0, 371024.0712779343,   1.0
  0.05131764212321278, -0.08120048652175005,  15.059700264219218,54.435230724016485, 39.99444475676587,0.14584676324595927,248.99257562380808,  39.76528242892864, 371024.0723804947,      0.0, 371024.0723804947,   1.0
  0.05131864212321278, -0.08120048652175005,  15.059700264219218,54.435230724016485, 39.99444475676587,0.14584676324595927,248.99257562380808,  39.76528242892864, 371024.0723767646,      0.0, 371024.0723767646,   1.0
  0.05131764212321278, -0.08119948652175005,  15.059700264219218,54.435230724016485, 39.99444475676587,0.14584676324595927,248.99257562380808,  39.76528242892864,371024.07234936545,      0.0,371024.07234936545,   1.0
  0.05131764212321278, -0.08120048652175005,  15.059701264219218,54.435230724016485, 39.99444475676587,0.14584676324595927,248.99257562380808,  39.76528242892864, 371024.0723806878,      0.0, 371024.0723806878,   1.0
  0.05131764212321278, -0.08120048652175005,  15.059700264219218, 54.43523172401648, 39.99444475676587,0.14584676324595927,248.99257562380808,  39.76528242892864,371024.07238026545,      0.0,371024.07238026545,   1.0
  0.05131764212321278, -0.08120048652175005,  15.059700264219218,54.435230724016485, 39.99444575676587,0.14584676324595927,248.99257562380808,  39.76528242892864, 371024.0723803723,      0.0, 371024.0723803723,   1.0
  0.05131764212321278, -0.08120048652175005,  15.059700264219218,54.435230724016485, 39.99444475676587,0.14584776324595927,248.99257562380808,  39.76528242892864,371024.07239440986,      0.0,371024.07239440986,   1.0
  0.05131764212321278, -0.08120048652175005,  15.059700264219218,54.435230724016485, 39.99444475676587,0.14584676324595927,248.99257662380808,  39.76528242892864, 371024.0723804237,      0.0, 371024.0723804237,   1.0
  0.05131764212321278, -0.08120048652175005,  15.059700264219218,54.435230724016485, 39.99444475676587,0.14584676324595927,248.99257562380808,  39.76528342892864,371024.07238061575,      0.0,371024.07238061575,   1.0
  0.05132599365218404,  -0.0811653926090106,  15.076069355761518,54.421721019831686, 39.98485006671033, 0.1458027879527471,248.99054804375592, 39.772682756501844, 371024.0722793281,      0.0, 371024.0722793281,   1.0
 0.051326993652184044,  -0.0811653926090106,  15.076069355761518,54.421721019831686, 39.98485006671033, 0.1458027879527471,248.99054804375592, 39.772682756501844,371024.07229385537,      0.0,371024.07229385537,   1.0
  0.05132599365218404,  -0.0811643926090106,  15.076069355761518,54.421721019831686, 39.98485006671033, 0.1458027879527471,248.99054804375592, 39.772682756501844, 371024.0722518134,      0.0, 371024.0722518134,   1.0
  0.05132599365218404,  -0.0811653926090106,  15.076070355761518,54.421721019831686, 39.98485006671033, 0.1458027879527471,248.99054804375592, 39.772682756501844, 371024.0722792752,      0.0, 371024.0722792752,   1.0
  0.05132599365218404,  -0.0811653926090106,  15.076069355761518,54.421722019831684, 39.98485006671033, 0.1458027879527471,248.99054804375592, 39.772682756501844, 371024.0722792491,      0.0, 371024.0722792491,   1.0
  0.05132599365218404,  -0.0811653926090106,  15.076069355761518,54.421721019831686, 39.98485106671033, 0.1458027879527471,248.99054804375592, 39.772682756501844,371024.07227978855,      0.0,371024.07227978855,   1.0
  0.05132599365218404,  -0.0811653926090106,  15.076069355761518,54.421721019831686, 39.98485006671033, 0.1458037879527471,248.99054804375592, 39.772682756501844, 371024.0722983067,      0.0, 371024.0722983067,   1.0
  0.05132599365218404,  -0.0811653926090106,  15.076069355761518,54.421721019831686, 39.98485006671033, 0.1458027879527471,248.99054904375592, 39.772682756501844,371024.07227929635,      0.0,371024.07227929635,   1.0
  0.05132599365218404,  -0.0811653926090106,  15.076069355761518,54.421721019831686, 39.98485006671033, 0.1458027879527471,248.99054804375592,  39.77268375650184, 371024.0722791664,      0.0, 371024.0722791664,   1.0
  0.05132176302678847, -0.08118317009610027,  15.067777281984412, 54.42856461671168, 39.98971043893095,0.14582506447155957,248.99157515288644,  39.76893398021495,371024.07405079907,      0.0,371024.07405079907,   1.0
  0.05132276302678847, -0.08118317009610027,  15.067777281984412, 54.42856461671168, 39.98971043893095,0.14582506447155957,248.99157515288644,  39.76893398021495,371024.07405609125,      0.0,371024.07405609125,   1.0
  0.05132176302678847, -0.08118217009610026,  15.067777281984412, 54.42856461671168, 39.98971043893095,0.14582506447155957,248.99157515288644,  39.76893398021495, 371024.0740214564,      0.0, 371024.0740214564,   1.0
  0.05132176302678847, -0.08118317009610027,  15.067778281984411, 54.42856461671168, 39.98971043893095,0.14582506447155957,248.99157515288644,  39.76893398021495,371024.07405087084,      0.0,371024.07405087084,   1.0
  0.05132176302678847, -0.08118317009610027,  15.067777281984412, 54.42856561671168, 39.98971043893095,0.14582506447155957,248.99157515288644,  39.76893398021495, 371024.0740506439,      0.0, 371024.0740506439,   1.0
  0.05132176302678847, -0.08118317009610027,  15.067777281984412, 54.42856461671168, 39.98971143893095,0.14582506447155957,248.99157515288644,  39.76893398021495, 371024.0740509644,      0.0, 371024.0740509644,   1.0
  0.05132176302678847, -0.08118317009610027,  15.067777281984412, 54.42856461671168, 39.98971043893095,0.14582606447155957,248.99157515288644,  39.76893398021495, 371024.0740672314,      0.0, 371024.0740672314,   1.0
  0.05132176302678847, -0.08118317009610027,  15.067777281984412, 54.42856461671168, 39.98971043893095,0.14582506447155957,248.99157615288644,  39.76893398021495,371024.07405074744,      0.0,371024.07405074744,   1.0
  0.05132176302678847, -0.08118317009610027,  15.067777281984412, 54.42856461671168, 39.98971043893095,0.14582506447155957,248.99157515288644,  39.76893498021495,371024.07405078056,      0.0,371024.07405078056,   1.0
   0.0516912300790849, -0.08140771487938442,  15.094668878135893,54.334374998489054, 40.02730836090995, 0.1453610015762102, 248.8325492652803,  39.76350167731641,371023.83569650794,      0.0,371023.83569650794,   1.0
 0.051692230079084904, -0.08140771487938442,  15.094668878135893,54.334374998489054, 40.02730836090995, 0.1453610015762102, 248.8325492652803,  39.76350167731641,371023.83535868896,      0.0,371023.83535868896,   1.0
   0.0516912300790849, -0.08140671487938442,  15.094668878135893,54.334374998489054, 40.02730836090995, 0.1453610015762102, 248.8325492652803,  39.76350167731641,371023.83579292736,      0.0,371023.83579292736,   1.0
   0.0516912300790849, -0.08140771487938442,  15.094669878135893,54.334374998489054, 40.02730836090995, 0.1453610015762102, 248.8325492652803,  39.76350167731641, 371023.8356964422,      0.0, 371023.8356964422,   1.0
   0.0516912300790849, -0.08140771487938442,  15.094668878135893, 54.33437599848905, 40.02730836090995, 0.1453610015762102, 248.8325492652803,  39.76350167731641, 371023.8356991029,      0.0, 371023.8356991029,   1.0
   0.0516912300790849, -0.08140771487938442,  15.094668878135893,54.334374998489054,40.027309360909946, 0.1453610015762102, 248.8325492652803,  39.76350167731641,371023.83569440816,      0.0,371023.83569440816,   1.0
   0.0516912300790849, -0.08140771487938442,  15.094668878135893,54.334374998489054, 40.02730836090995, 0.1453620015762102, 248.8325492652803,  39.76350167731641,371023.83545431064,      0.0,371023.83545431064,   1.0
   0.0516912300790849, -0.08140771487938442,  15.094668878135893,54.334374998489054, 40.02730836090995, 0.1453610015762102, 248.8325502652803,  39.76350167731641,371023.83569741435,      0.0,371023.83569741435,   1.0
   0.0516912300790849, -0.08140771487938442,  15.094668878135893,54.334374998489054, 40.02730836090995, 0.1453610015762102, 248.8325492652803,  39.76350267731641,371023.83569738426,      0.0,371023.83569738426,   1.0
  0.05134357963285527, -0.08119642920824793,   15.06936519992215, 54.42300282768726, 39.99193055314045,0.14579766208935763,248.98218485645063,  39.76861320895365, 371024.0749648162,      0.0, 371024.0749648162,   1.0
  0.05134457963285527, -0.08119642920824793,   15.06936519992215, 54.42300282768726, 39.99193055314045,0.14579766208935763,248.98218485645063,  39.76861320895365, 371024.0749499451,      0.0, 371024.0749499451,   1.0
  0.05134357963285527, -0.08119542920824793,   15.06936519992215, 54.42300282768726, 39.99193055314045,0.14579766208935763,248.98218485645063,  39.76861320895365,371024.07494303054,      0.0,371024.07494303054,   1.0
  0.05134357963285527, -0.08119642920824793,  15.069366199922149, 54.42300282768726, 39.99193055314045,0.14579766208935763,248.98218485645063,  39.76861320895365, 371024.0749648795,      0.0, 371024.0749648795,   1.0
  0.05134357963285527, -0.08119642920824793,   15.06936519992215, 54.42300382768726, 39.99193055314045,0.14579766208935763,248.98218485645063,  39.76861320895365, 371024.0749648221,      0.0, 371024.0749648221,   1.0
  0.05134357963285527, -0.08119642920824793,   15.06936519992215, 54.42300282768726, 39.99193155314045,0.14579766208935763,248.98218485645063,  39.76861320895365, 371024.0749648477,      0.0, 371024.0749648477,   1.0
  0.05134357963285527, -0.08119642920824793,   15.06936519992215, 54.42300282768726, 39.99193055314045,0.14579866208935763,248.98218485645063,  39.76861320895365,371024.07496616256,      0.0,371024.07496616256,   1.0
  0.05134357963285527, -0.08119642920824793,   15.06936519992215, 54.42300282768726, 39.99193055314045,0.14579766208935763,248.98218585645063,  39.76861320895365,371024.07496482064,      0.0,371024.07496482064,   1.0
  0.05134357963285527, -0.08119642920824793,   15.06936519992215, 54.42300282768726, 39.99193055314045,0.14579766208935763,248.98218485645063,  39.76861420895365,371024.07496484986,      0.0,371024.07496484986,   1.0
  0.05134347242770605,  -0.0811990947700974,   15.07002822828338, 54.41980712976554, 39.99240055951773,0.14581007264824541,248.99552192286072,  39.76914936898898, 371024.0750428082,      0.0, 371024.0750428082,   1.0
  0.05134447242770605,  -0.0811990947700974,   15.07002822828338, 54.41980712976554, 39.99240055951773,0.14581007264824541,248.99552192286072,  39.76914936898898, 371024.0750474516,      0.0, 371024.0750474516,   1.0
  0.05134347242770605,  -0.0811980947700974,   15.07002822828338, 54.41980712976554, 39.99240055951773,0.14581007264824541,248.99552192286072,  39.76914936898898, 371024.0750460631,      0.0, 371024.0750460631,   1.0
  0.05134347242770605,  -0.0811990947700974,   15.07002922828338, 54.41980712976554, 39.99240055951773,0.14581007264824541,248.99552192286072,  39.76914936898898, 371024.0750427979,      0.0, 371024.0750427979,   1.0
  0.05134347242770605,  -0.0811990947700974,   15.07002822828338,54.419808129765535, 39.99240055951773,0.14581007264824541,248.99552192286072,  39.76914936898898,371024.07504282624,      0.0,371024.07504282624,   1.0
  0.05134347242770605,  -0.0811990947700974,   15.07002822828338, 54.41980712976554, 39.99240155951773,0.14581007264824541,248.99552192286072,  39.76914936898898, 371024.0750428115,      0.0, 371024.0750428115,   1.0
  0.05134347242770605,  -0.0811990947700974,   15.07002822828338, 54.41980712976554, 39.99240055951773,0.14581107264824542,248.99552192286072,  39.76914936898898,371024.07503972447,      0.0,371024.07503972447,   1.0
  0.05134347242770605,  -0.0811990947700974,   15.07002822828338, 54.41980712976554, 39.99240055951773,0.14581007264824541,248.99552292286072,  39.76914936898898,  371024.075042811,      0.0,  371024.075042811,   1.0
  0.05134347242770605,  -0.0811990947700974,   15.07002822828338, 54.41980712976554, 39.99240055951773,0.14581007264824541,248.99552192286072, 39.769150368988974,371024.07504282973,      0.0,371024.07504282973,   1.0
  0.05134347242770605,  -0.0811990947700974,   15.07002822828338, 54.41980712976554, 39.99240055951773,0.14581007264824541,248.99552192286072,  39.76914936898898, 371024.0750428082,      0.0, 371024.0750428082,   1.0
