            centre_ra,           centre_dec,              v_sys,       inclination,                phi,    turnover_radius,  maximum_velocity,velocity_dispersion,    log_likelihood,log_prior,     log_posterior,weight
    -0.00237903747351,    -0.00025436864826,   -0.9073335597302, 49.40668816432994,   40.2186079679822,   0.30470796372005, 273.2648346003276,  63.62694307490412,345098.28668744944,      0.0,345098.28668744944,   1.0
    -0.00237903747351,    -0.00025436864826,   -0.9073335597302, 49.40668816432994,   40.2186079679822,   0.30470796372005, 273.2648346003276,  63.62694307490412,345098.28668744944,      0.0,345098.28668744944,   1.0
  0.29999939999999997,    -0.00025436864826,   -0.9073335597302, 49.40668816432994,   40.2186079679822,   0.30470796372005, 273.2648346003276,  63.62694307490412,  288581.270951789,      0.0,  288581.270951789,   1.0
    -0.00237903747351,  0.29999939999999997,   -0.9073335597302, 49.40668816432994,   40.2186079679822,   0.30470796372005, 273.2648346003276,  63.62694307490412, 285500.5781919977,      0.0, 285500.5781919977,   1.0
    -0.00237903747351,    -0.00025436864826,0.09266644026979998, 49.40668816432994,   40.2186079679822,   0.30470796372005, 273.2648346003276,  63.62694307490412,345619.69887476263,      0.0,345619.69887476263,   1.0
    -0.00237903747351,    -0.00025436864826,   -0.9073335597302, 50.40668816432994,   40.2186079679822,   0.30470796372005, 273.2648346003276,  63.62694307490412,345260.82664772164,      0.0,345260.82664772164,   1.0
    -0.00237903747351,    -0.00025436864826,   -0.9073335597302, 49.40668816432994,   41.2186079679822,   0.30470796372005, 273.2648346003276,  63.62694307490412,345356.85227655177,      0.0,345356.85227655177,   1.0
    -0.00237903747351,    -0.00025436864826,   -0.9073335597302, 49.40668816432994,   40.2186079679822,         0.59999942, 273.2648346003276,  63.62694307490412,326882.42290856433,      0.0,326882.42290856433,   1.0
    -0.00237903747351,    -0.00025436864826,   -0.9073335597302, 49.40668816432994,   40.2186079679822,   0.30470796372005, 274.2648346003276,  63.62694307490412,  345219.763824232,      0.0,  345219.763824232,   1.0
    -0.00237903747351,    -0.00025436864826,   -0.9073335597302, 49.40668816432994,   40.2186079679822,   0.30470796372005, 273.2648346003276,  64.62694307490412, 344925.9513577863,      0.0, 344925.9513577863,   1.0
 -0.29999939999999997, -0.29999939999999997,           59.99988,          79.99994,          169.99974,         0.02000058,         499.99955,           5.000115, 234877.2423956992,      0.0, 234877.2423956992,   1.0
  0.29999939999999997, -0.29999939999999997,           59.99988,          79.99994,          169.99974,         0.02000058,         499.99955,           5.000115,204799.10029797372,      0.0,204799.10029797372,   1.0
 -0.29999939999999997,  0.29999939999999997,           59.99988,          79.99994,          169.99974,         0.02000058,         499.99955,           5.000115,148338.81208437143,      0.0,148338.81208437143,   1.0
 -0.29999939999999997, -0.29999939999999997,           58.99988,          79.99994,          169.99974,         0.02000058,         499.99955,           5.000115,235176.20848305625,      0.0,235176.20848305625,   1.0
 -0.29999939999999997, -0.29999939999999997,           59.99988,          78.99994,          169.99974,         0.02000058,         499.99955,           5.000115,235313.00029105248,      0.0,235313.00029105248,   1.0
 -0.29999939999999997, -0.29999939999999997,           59.99988,          79.99994,          168.99974,         0.02000058,         499.99955,           5.000115,234255.84852373303,      0.0,234255.84852373303,   1.0
 -0.29999939999999997, -0.29999939999999997,           59.99988,          79.99994,          169.99974,         0.59999942,         499.99955,           5.000115,220988.77528569777,      0.0,220988.77528569777,   1.0
 -0.29999939999999997, -0.29999939999999997,           59.99988,          79.99994,          169.99974,         0.02000058,         498.99955,           5.000115, 234857.1681946634,      0.0, 234857.1681946634,   1.0
 -0.29999939999999997, -0.29999939999999997,           59.99988,          79.99994,          169.99974,         0.02000058,         499.99955,           6.000115, 235161.1229943285,      0.0, 235161.1229943285,   1.0
 -0.04803133589673187,-0.046232572242880195,  8.435287576645248, 54.09941903355761,  60.12587143253057, 0.2610364006100978, 308.0439095347882, 54.634112651064335, 349062.6180905723,      0.0, 349062.6180905723,   1.0
  0.29999939999999997,-0.046232572242880195,  8.435287576645248, 54.09941903355761,  60.12587143253057, 0.2610364006100978, 308.0439095347882, 54.634112651064335, 263541.0823898579,      0.0, 263541.0823898579,   1.0
 -0.04803133589673187,  0.29999939999999997,  8.435287576645248, 54.09941903355761,  60.12587143253057, 0.2610364006100978, 308.0439095347882, 54.634112651064335,326489.10848335316,      0.0,326489.10848335316,   1.0
 -0.04803133589673187,-0.046232572242880195,  9.435287576645248, 54.09941903355761,  60.12587143253057, 0.2610364006100978, 308.0439095347882, 54.634112651064335, 348480.3727608942,      0.0, 348480.3727608942,   1.0
 -0.04803133589673187,-0.046232572242880195,  8.435287576645248, 55.09941903355761,  60.12587143253057, 0.2610364006100978, 308.0439095347882, 54.634112651064335,348793.76280539704,      0.0,348793.76280539704,   1.0
 -0.04803133589673187,-0.046232572242880195,  8.435287576645248, 54.09941903355761,  61.12587143253057, 0.2610364006100978, 308.0439095347882, 54.634112651064335,348175.15109937894,      0.0,348175.15109937894,   1.0
 -0.04803133589673187,-0.046232572242880195,  8.435287576645248, 54.09941903355761,  60.12587143253057,         0.59999942, 308.0439095347882, 54.634112651064335,  331145.320223027,      0.0,  331145.320223027,   1.0
 -0.04803133589673187,-0.046232572242880195,  8.435287576645248, 54.09941903355761,  60.12587143253057, 0.2610364006100978, 309.0439095347882, 54.634112651064335, 349031.0849738547,      0.0, 349031.0849738547,   1.0
 -0.04803133589673187,-0.046232572242880195,  8.435287576645248, 54.09941903355761,  60.12587143253057, 0.2610364006100978, 308.0439095347882, 55.634112651064335,348866.31118288974,      0.0,348866.31118288974,   1.0
 -0.29999939999999997,  -0.2285979903606272,  3.360352743683836, 51.55029805514058,  49.31227226400627,0.17059503334784445,289.15409955197754, 59.518065059878246,238418.65936303922,      0.0,238418.65936303922,   1.0
  0.29999939999999997,  -0.2285979903606272,  3.360352743683836, 51.55029805514058,  49.31227226400627,0.17059503334784445,289.15409955197754, 59.518065059878246, 329275.7905997662,      0.0, 329275.7905997662,   1.0
 -0.29999939999999997,   0.2999993999999999,  3.360352743683836, 51.55029805514058,  49.31227226400627,0.17059503334784445,289.15409955197754, 59.518065059878246, 336237.6414025763,      0.0, 336237.6414025763,   1.0
 -0.29999939999999997,  -0.2285979903606272,  4.360352743683836, 51.55029805514058,  49.31227226400627,0.17059503334784445,289.15409955197754, 59.518065059878246,237054.74113742384,      0.0,237054.74113742384,   1.0
 -0.29999939999999997,  -0.2285979903606272,  3.360352743683836, 52.55029805514058,  49.31227226400627,0.17059503334784445,289.15409955197754, 59.518065059878246,237029.37621624972,      0.0,237029.37621624972,   1.0
 -0.29999939999999997,  -0.2285979903606272,  3.360352743683836, 51.55029805514058,  50.31227226400627,0.17059503334784445,289.15409955197754, 59.518065059878246, 237285.5385856002,      0.0, 237285.5385856002,   1.0
 -0.29999939999999997,  -0.2285979903606272,  3.360352743683836, 51.55029805514058,  49.31227226400627,         0.59999942,289.15409955197754, 59.518065059878246,  295502.363343445,      0.0,  295502.363343445,   1.0
 -0.29999939999999997,  -0.2285979903606272,  3.360352743683836, 51.55029805514058,  49.31227226400627,0.17059503334784445,290.15409955197754, 59.518065059878246,237790.13852172048,      0.0,237790.13852172048,   1.0
 -0.29999939999999997,  -0.2285979903606272,  3.360352743683836, 51.55029805514058,  49.31227226400627,0.17059503334784445,289.15409955197754, 60.518065059878246,239794.00221558724,      0.0,239794.00221558724,   1.0
 -0.07488758289885895, -0.06567015744260263,  7.894370997082804, 53.82771863819872, 58.973294056165685, 0.2513966246049542, 306.0305218281871, 55.154673193943225,341252.90185686486,      0.0,341252.90185686486,   1.0
  0.29999939999999997, -0.06567015744260263,  7.894370997082804, 53.82771863819872, 58.973294056165685, 0.2513966246049542, 306.0305218281871, 55.154673193943225, 269738.6969348479,      0.0, 269738.6969348479,   1.0
 -0.07488758289885895,  0.29999939999999997,  7.894370997082804, 53.82771863819872, 58.973294056165685, 0.2513966246049542, 306.0305218281871, 55.154673193943225, 329601.6874588771,      0.0, 329601.6874588771,   1.0
 -0.07488758289885895, -0.06567015744260263,  8.894370997082804, 53.82771863819872, 58.973294056165685, 0.2513966246049542, 306.0305218281871, 55.154673193943225, 340384.8810228898,      0.0, 340384.8810228898,   1.0
 -0.07488758289885895, -0.06567015744260263,  7.894370997082804, 54.82771863819872, 58.973294056165685, 0.2513966246049542, 306.0305218281871, 55.154673193943225, 340840.2895721797,      0.0, 340840.2895721797,   1.0
 -0.07488758289885895, -0.06567015744260263,  7.894370997082804, 53.82771863819872, 59.973294056165685, 0.2513966246049542, 306.0305218281871, 55.154673193943225, 340325.6791698382,      0.0, 340325.6791698382,   1.0
 -0.07488758289885895, -0.06567015744260263,  7.894370997082804, 53.82771863819872, 58.973294056165685,         0.59999942, 306.0305218281871, 55.154673193943225,  329420.493699193,      0.0,  329420.493699193,   1.0
 -0.07488758289885895, -0.06567015744260263,  7.894370997082804, 53.82771863819872, 58.973294056165685, 0.2513966246049542, 307.0305218281871, 55.154673193943225,  341176.682088634,      0.0,  341176.682088634,   1.0
 -0.07488758289885895, -0.06567015744260263,  7.894370997082804, 53.82771863819872, 58.973294056165685, 0.2513966246049542, 306.0305218281871, 56.154673193943225, 341256.1799893677,      0.0, 341256.1799893677,   1.0
-0.050911229006700934,-0.048316935247386505,  8.377283123140387, 54.07028361130342,    60.002276365631,0.26000269234487894, 307.8280066432383,  54.68993425266935,348269.16205599555,      0.0,348269.16205599555,   1.0
  0.29999939999999997,-0.048316935247386505,  8.377283123140387, 54.07028361130342,    60.002276365631,0.26000269234487894, 307.8280066432383,  54.68993425266935, 263937.6736943495,      0.0, 263937.6736943495,   1.0
-0.050911229006700934,  0.29999939999999997,  8.377283123140387, 54.07028361130342,    60.002276365631,0.26000269234487894, 307.8280066432383,  54.68993425266935, 326817.2047035451,      0.0, 326817.2047035451,   1.0
-0.050911229006700934,-0.048316935247386505,  9.377283123140387, 54.07028361130342,    60.002276365631,0.26000269234487894, 307.8280066432383,  54.68993425266935,347657.88706960186,      0.0,347657.88706960186,   1.0
-0.050911229006700934,-0.048316935247386505,  8.377283123140387, 55.07028361130342,    60.002276365631,0.26000269234487894, 307.8280066432383,  54.68993425266935,348127.80190486374,      0.0,348127.80190486374,   1.0
-0.050911229006700934,-0.048316935247386505,  8.377283123140387, 54.07028361130342,    61.002276365631,0.26000269234487894, 307.8280066432383,  54.68993425266935, 347323.5472664242,      0.0, 347323.5472664242,   1.0
-0.050911229006700934,-0.048316935247386505,  8.377283123140387, 54.07028361130342,    60.002276365631,         0.59999942, 307.8280066432383,  54.68993425266935,331049.79660244903,      0.0,331049.79660244903,   1.0
-0.050911229006700934,-0.048316935247386505,  8.377283123140387, 54.07028361130342,    60.002276365631,0.26000269234487894, 308.8280066432383,  54.68993425266935,348211.78018120053,      0.0,348211.78018120053,   1.0
-0.050911229006700934,-0.048316935247386505,  8.377283123140387, 54.07028361130342,    60.002276365631,0.26000269234487894, 307.8280066432383,  55.68993425266935,348090.83063086064,      0.0,348090.83063086064,   1.0
 -0.04833735820251848, -0.04645406017607025,  8.429123925450694, 54.09632305438136,  60.11273801197912, 0.2609265570239807, 308.0209673288885,  54.64004434872934, 348952.6156594185,      0.0, 348952.6156594185,   1.0
  0.29999939999999997, -0.04645406017607025,  8.429123925450694, 54.09632305438136,  60.11273801197912, 0.2609265570239807, 308.0209673288885,  54.64004434872934, 263531.0984467532,      0.0, 263531.0984467532,   1.0
 -0.04833735820251848,  0.29999939999999997,  8.429123925450694, 54.09632305438136,  60.11273801197912, 0.2609265570239807, 308.0209673288885,  54.64004434872934, 326528.9315947336,      0.0, 326528.9315947336,   1.0
 -0.04833735820251848, -0.04645406017607025,  9.429123925450694, 54.09632305438136,  60.11273801197912, 0.2609265570239807, 308.0209673288885,  54.64004434872934,348356.94430684566,      0.0,348356.94430684566,   1.0
 -0.04833735820251848, -0.04645406017607025,  8.429123925450694, 55.09632305438136,  60.11273801197912, 0.2609265570239807, 308.0209673288885,  54.64004434872934, 348721.7519468958,      0.0, 348721.7519468958,   1.0
 -0.04833735820251848, -0.04645406017607025,  8.429123925450694, 54.09632305438136,  61.11273801197912, 0.2609265570239807, 308.0209673288885,  54.64004434872934,348018.98179707245,      0.0,348018.98179707245,   1.0
 -0.04833735820251848, -0.04645406017607025,  8.429123925450694, 54.09632305438136,  60.11273801197912,         0.59999942, 308.0209673288885,  54.64004434872934,331172.66271294036,      0.0,331172.66271294036,   1.0
 -0.04833735820251848, -0.04645406017607025,  8.429123925450694, 54.09632305438136,  60.11273801197912, 0.2609265570239807, 309.0209673288885,  54.64004434872934,348918.13904612645,      0.0,348918.13904612645,   1.0
 -0.04833735820251848, -0.04645406017607025,  8.429123925450694, 54.09632305438136,  60.11273801197912, 0.2609265570239807, 308.0209673288885,  55.64004434872934,348759.22635978763,      0.0,348759.22635978763,   1.0
-0.048059550678894954, -0.04625299308694464,    8.4347192975607,  54.0991335890773,  60.12466055151665,0.26102627320174976,308.04179429897187,  54.63465954439306, 349061.8411766415,      0.0, 349061.8411766415,   1.0
  0.29999939999999997, -0.04625299308694464,    8.4347192975607,  54.0991335890773,  60.12466055151665,0.26102627320174976,308.04179429897187,  54.63465954439306,263545.82011853805,      0.0,263545.82011853805,   1.0
-0.048059550678894954,  0.29999939999999997,    8.4347192975607,  54.0991335890773,  60.12466055151665,0.26102627320174976,308.04179429897187,  54.63465954439306, 326489.1256231208,      0.0, 326489.1256231208,   1.0
-0.048059550678894954, -0.04625299308694464,    9.4347192975607,  54.0991335890773,  60.12466055151665,0.26102627320174976,308.04179429897187,  54.63465954439306,348478.93044416036,      0.0,348478.93044416036,   1.0
-0.048059550678894954, -0.04625299308694464,    8.4347192975607,  55.0991335890773,  60.12466055151665,0.26102627320174976,308.04179429897187,  54.63465954439306,348788.32511626766,      0.0,348788.32511626766,   1.0
-0.048059550678894954, -0.04625299308694464,    8.4347192975607,  54.0991335890773,  61.12466055151665,0.26102627320174976,308.04179429897187,  54.63465954439306,348173.19593923044,      0.0,348173.19593923044,   1.0
-0.048059550678894954, -0.04625299308694464,    8.4347192975607,  54.0991335890773,  60.12466055151665,         0.59999942,308.04179429897187,  54.63465954439306,331146.09533348115,      0.0,331146.09533348115,   1.0
-0.048059550678894954, -0.04625299308694464,    8.4347192975607,  54.0991335890773,  60.12466055151665,0.26102627320174976,309.04179429897187,  54.63465954439306,349029.91243147233,      0.0,349029.91243147233,   1.0
-0.048059550678894954, -0.04625299308694464,    8.4347192975607,  54.0991335890773,  60.12466055151665,0.26102627320174976,308.04179429897187,  55.63465954439306, 348865.9256051013,      0.0, 348865.9256051013,   1.0
-0.048036742450013645, -0.04623648531159911,  8.435178682267408,54.099364336314764,  60.12563940193463,0.26103445998292857,308.04350421054795, 54.634217447475805,349062.70877266873,      0.0,349062.70877266873,   1.0
  0.29999939999999997, -0.04623648531159911,  8.435178682267408,54.099364336314764,  60.12563940193463,0.26103445998292857,308.04350421054795, 54.634217447475805, 263541.1125350284,      0.0, 263541.1125350284,   1.0
-0.048036742450013645,  0.29999939999999997,  8.435178682267408,54.099364336314764,  60.12563940193463,0.26103445998292857,308.04350421054795, 54.634217447475805,326489.24120791577,      0.0,326489.24120791577,   1.0
-0.048036742450013645, -0.04623648531159911,  9.435178682267408,54.099364336314764,  60.12563940193463,0.26103445998292857,308.04350421054795, 54.634217447475805,348480.61693246645,      0.0,348480.61693246645,   1.0
-0.048036742450013645, -0.04623648531159911,  8.435178682267408,55.099364336314764,  60.12563940193463,0.26103445998292857,308.04350421054795, 54.634217447475805, 348788.2001743895,      0.0, 348788.2001743895,   1.0
-0.048036742450013645, -0.04623648531159911,  8.435178682267408,54.099364336314764,  61.12563940193463,0.26103445998292857,308.04350421054795, 54.634217447475805, 348174.4535308266,      0.0, 348174.4535308266,   1.0
-0.048036742450013645, -0.04623648531159911,  8.435178682267408,54.099364336314764,  60.12563940193463,         0.59999942,308.04350421054795, 54.634217447475805,331144.93514596636,      0.0,331144.93514596636,   1.0
-0.048036742450013645, -0.04623648531159911,  8.435178682267408,54.099364336314764,  60.12563940193463,0.26103445998292857,309.04350421054795, 54.634217447475805,349031.23324017605,      0.0,349031.23324017605,   1.0
-0.048036742450013645, -0.04623648531159911,  8.435178682267408,54.099364336314764,  60.12563940193463,0.26103445998292857,308.04350421054795, 55.634217447475805, 348866.5364572445,      0.0, 348866.5364572445,   1.0
 -0.04804096498638737, -0.04623954143148498,  8.435093635390524,54.099321617583364,  60.12545818525552, 0.2610329443465549, 308.0431876509473,  54.63429929382712,349061.88034878357,      0.0,349061.88034878357,   1.0
  0.29999939999999997, -0.04623954143148498,  8.435093635390524,54.099321617583364,  60.12545818525552, 0.2610329443465549, 308.0431876509473,  54.63429929382712, 263541.0995072272,      0.0, 263541.0995072272,   1.0
 -0.04804096498638737,   0.2999993999999999,  8.435093635390524,54.099321617583364,  60.12545818525552, 0.2610329443465549, 308.0431876509473,  54.63429929382712,326489.28938833217,      0.0,326489.28938833217,   1.0
 -0.04804096498638737, -0.04623954143148498,  9.435093635390524,54.099321617583364,  60.12545818525552, 0.2610329443465549, 308.0431876509473,  54.63429929382712,348480.10465624224,      0.0,348480.10465624224,   1.0
 -0.04804096498638737, -0.04623954143148498,  8.435093635390524,55.099321617583364,  60.12545818525552, 0.2610329443465549, 308.0431876509473,  54.63429929382712,348788.24565718154,      0.0,348788.24565718154,   1.0
 -0.04804096498638737, -0.04623954143148498,  8.435093635390524,54.099321617583364,  61.12545818525552, 0.2610329443465549, 308.0431876509473,  54.63429929382712,348174.87267681526,      0.0,348174.87267681526,   1.0
 -0.04804096498638737, -0.04623954143148498,  8.435093635390524,54.099321617583364,  60.12545818525552,         0.59999942, 308.0431876509473,  54.63429929382712,331146.97340000106,      0.0,331146.97340000106,   1.0
 -0.04804096498638737, -0.04623954143148498,  8.435093635390524,54.099321617583364,  60.12545818525552, 0.2610329443465549, 309.0431876509473,  54.63429929382712,349030.63395290065,      0.0,349030.63395290065,   1.0
 -0.04804096498638737, -0.04623954143148498,  8.435093635390524,54.099321617583364,  60.12545818525552, 0.2610329443465549, 308.0431876509473,  55.63429929382712,348865.92215524276,      0.0,348865.92215524276,   1.0
 -0.04803726369055841, -0.04623686256674937,  8.435168183866326,54.099359063006766, 60.125617032090496,0.26103427288895015, 308.0434651336321,  54.63422755079594,  349061.889695472,      0.0,  349061.889695472,   1.0
            0.2999994, -0.04623686256674937,  8.435168183866326,54.099359063006766, 60.125617032090496,0.26103427288895015, 308.0434651336321,  54.63422755079594, 263541.1125350284,      0.0, 263541.1125350284,   1.0
 -0.04803726369055841,  0.29999939999999997,  8.435168183866326,54.099359063006766, 60.125617032090496,0.26103427288895015, 308.0434651336321,  54.63422755079594,326489.28394624684,      0.0,326489.28394624684,   1.0
 -0.04803726369055841, -0.04623686256674937,  9.435168183866326,54.099359063006766, 60.125617032090496,0.26103427288895015, 308.0434651336321,  54.63422755079594, 348480.1141145115,      0.0, 348480.1141145115,   1.0
 -0.04803726369055841, -0.04623686256674937,  8.435168183866326,55.099359063006766, 60.125617032090496,0.26103427288895015, 308.0434651336321,  54.63422755079594, 348788.2001743895,      0.0, 348788.2001743895,   1.0
 -0.04803726369055841, -0.04623686256674937,  8.435168183866326,54.099359063006766, 61.125617032090496,0.26103427288895015, 308.0434651336321,  54.63422755079594, 348174.4535308266,      0.0, 348174.4535308266,   1.0
 -0.04803726369055841, -0.04623686256674937,  8.435168183866326,54.099359063006766, 60.125617032090496,         0.59999942, 308.0434651336321,  54.63422755079594, 331146.9497834601,      0.0, 331146.9497834601,   1.0
 -0.04803726369055841, -0.04623686256674937,  8.435168183866326,54.099359063006766, 60.125617032090496,0.26103427288895015, 309.0434651336321,  54.63422755079594, 349030.6953088068,      0.0, 349030.6953088068,   1.0
 -0.04803726369055841, -0.04623686256674937,  8.435168183866326,54.099359063006766, 60.125617032090496,0.26103427288895015, 308.0434651336321,  55.63422755079594,348865.94563926733,      0.0,348865.94563926733,   1.0
-0.048036742450013645, -0.04623648531159911,  8.435178682267408,54.099364336314764,  60.12563940193463,0.26103445998292857,308.04350421054795, 54.634217447475805,349062.70877266873,      0.0,349062.70877266873,   1.0
  0.29999939999999997, -0.04623648531159911,  8.435178682267408,54.099364336314764,  60.12563940193463,0.26103445998292857,308.04350421054795, 54.634217447475805, 263541.1125350284,      0.0, 263541.1125350284,   1.0
-0.048036742450013645,  0.29999939999999997,  8.435178682267408,54.099364336314764,  60.12563940193463,0.26103445998292857,308.04350421054795, 54.634217447475805,326489.24120791577,      0.0,326489.24120791577,   1.0
-0.048036742450013645, -0.04623648531159911,  9.435178682267408,54.099364336314764,  60.12563940193463,0.26103445998292857,308.04350421054795, 54.634217447475805,348480.61693246645,      0.0,348480.61693246645,   1.0
-0.048036742450013645, -0.04623648531159911,  8.435178682267408,55.099364336314764,  60.12563940193463,0.26103445998292857,308.04350421054795, 54.634217447475805, 348788.2001743895,      0.0, 348788.2001743895,   1.0
-0.048036742450013645, -0.04623648531159911,  8.435178682267408,54.099364336314764,  61.12563940193463,0.26103445998292857,308.04350421054795, 54.634217447475805, 348174.4535308266,      0.0, 348174.4535308266,   1.0
-0.048036742450013645, -0.04623648531159911,  8.435178682267408,54.099364336314764,  60.12563940193463,         0.59999942,308.04350421054795, 54.634217447475805,331144.93514596636,      0.0,331144.93514596636,   1.0
-0.048036742450013645, -0.04623648531159911,  8.435178682267408,54.099364336314764,  60.12563940193463,0.26103445998292857,309.04350421054795, 54.634217447475805,349031.23324017605,      0.0,349031.23324017605,   1.0
-0.048036742450013645, -0.04623648531159911,  8.435178682267408,54.099364336314764,  60.12563940193463,0.26103445998292857,308.04350421054795, 55.634217447475805, 348866.5364572445,      0.0, 348866.5364572445,   1.0
 -0.29999939999999997, -0.22876216674896133,  3.346850239133791, 51.54350377841915,    49.283496750311, 0.1706383338916966,289.10382701189553,  59.53106444741527, 238491.1888798338,      0.0, 238491.1888798338,   1.0
  0.29999939999999997, -0.22876216674896133,  3.346850239133791, 51.54350377841915,    49.283496750311, 0.1706383338916966,289.10382701189553,  59.53106444741527, 329340.2256856536,      0.0, 329340.2256856536,   1.0
 -0.29999939999999997,            0.2999994,  3.346850239133791, 51.54350377841915,    49.283496750311, 0.1706383338916966,289.10382701189553,  59.53106444741527, 336206.8431311519,      0.0, 336206.8431311519,   1.0
 -0.29999939999999997, -0.22876216674896133,  4.346850239133791, 51.54350377841915,    49.283496750311, 0.1706383338916966,289.10382701189553,  59.53106444741527,237112.94861312048,      0.0,237112.94861312048,   1.0
 -0.29999939999999997, -0.22876216674896133,  3.346850239133791, 52.54350377841915,    49.283496750311, 0.1706383338916966,289.10382701189553,  59.53106444741527, 237131.8048975124,      0.0, 237131.8048975124,   1.0
 -0.29999939999999997, -0.22876216674896133,  3.346850239133791, 51.54350377841915,    50.283496750311, 0.1706383338916966,289.10382701189553,  59.53106444741527, 237366.3837907783,      0.0, 237366.3837907783,   1.0
 -0.29999939999999997, -0.22876216674896133,  3.346850239133791, 51.54350377841915,    49.283496750311,         0.59999942,289.10382701189553,  59.53106444741527, 295519.7780220968,      0.0, 295519.7780220968,   1.0
 -0.29999939999999997, -0.22876216674896133,  3.346850239133791, 51.54350377841915,    49.283496750311, 0.1706383338916966,290.10382701189553,  59.53106444741527,237924.87749282282,      0.0,237924.87749282282,   1.0
 -0.29999939999999997, -0.22876216674896133,  3.346850239133791, 51.54350377841915,    49.283496750311, 0.1706383338916966,289.10382701189553,  60.53106444741527,239934.04400170638,      0.0,239934.04400170638,   1.0
 -0.07496476400608251, -0.06574356438464135,  7.891373424244688, 53.82621168398705, 58.966906382225254, 0.2513735488953921,306.01936285234245, 55.157558496714344, 341236.9992465108,      0.0, 341236.9992465108,   1.0
   0.2999993999999999, -0.06574356438464135,  7.891373424244688, 53.82621168398705, 58.966906382225254, 0.2513735488953921,306.01936285234245, 55.157558496714344,269745.51161241176,      0.0,269745.51161241176,   1.0
 -0.07496476400608251,  0.29999939999999997,  7.891373424244688, 53.82621168398705, 58.966906382225254, 0.2513735488953921,306.01936285234245, 55.157558496714344,329620.61194035516,      0.0,329620.61194035516,   1.0
 -0.07496476400608251, -0.06574356438464135,  8.891373424244687, 53.82621168398705, 58.966906382225254, 0.2513735488953921,306.01936285234245, 55.157558496714344, 340374.2686063561,      0.0, 340374.2686063561,   1.0
 -0.07496476400608251, -0.06574356438464135,  7.891373424244688, 54.82621168398705, 58.966906382225254, 0.2513735488953921,306.01936285234245, 55.157558496714344, 340837.2204337358,      0.0, 340837.2204337358,   1.0
 -0.07496476400608251, -0.06574356438464135,  7.891373424244688, 53.82621168398705, 59.966906382225254, 0.2513735488953921,306.01936285234245, 55.157558496714344, 340302.9754222097,      0.0, 340302.9754222097,   1.0
 -0.07496476400608251, -0.06574356438464135,  7.891373424244688, 53.82621168398705, 58.966906382225254,         0.59999942,306.01936285234245, 55.157558496714344, 329394.6141468496,      0.0, 329394.6141468496,   1.0
 -0.07496476400608251, -0.06574356438464135,  7.891373424244688, 53.82621168398705, 58.966906382225254, 0.2513735488953921,307.01936285234245, 55.157558496714344, 341167.6650959162,      0.0, 341167.6650959162,   1.0
 -0.07496476400608251, -0.06574356438464135,  7.891373424244688, 53.82621168398705, 58.966906382225254, 0.2513735488953921,306.01936285234245, 56.157558496714344,  341240.907682555,      0.0,  341240.907682555,   1.0
 -0.05092732820512031,-0.048330470745132276,  8.376803961751103, 54.07004279242993,  60.00125532292721, 0.2599974104576659,307.82622296082195,  54.69039543956637,348265.63066036557,      0.0,348265.63066036557,   1.0
  0.29999939999999997,-0.048330470745132276,  8.376803961751103, 54.07004279242993,  60.00125532292721, 0.2599974104576659,307.82622296082195,  54.69039543956637, 263938.3592188949,      0.0, 263938.3592188949,   1.0
 -0.05092732820512031,   0.2999993999999999,  8.376803961751103, 54.07004279242993,  60.00125532292721, 0.2599974104576659,307.82622296082195,  54.69039543956637, 326815.2393833397,      0.0, 326815.2393833397,   1.0
 -0.05092732820512031,-0.048330470745132276,  9.376803961751103, 54.07004279242993,  60.00125532292721, 0.2599974104576659,307.82622296082195,  54.69039543956637, 347654.2612529851,      0.0, 347654.2612529851,   1.0
 -0.05092732820512031,-0.048330470745132276,  8.376803961751103, 55.07004279242993,  60.00125532292721, 0.2599974104576659,307.82622296082195,  54.69039543956637, 348127.6694726534,      0.0, 348127.6694726534,   1.0
 -0.05092732820512031,-0.048330470745132276,  8.376803961751103, 54.07004279242993,  61.00125532292721, 0.2599974104576659,307.82622296082195,  54.69039543956637, 347323.0981510225,      0.0, 347323.0981510225,   1.0
 -0.05092732820512031,-0.048330470745132276,  8.376803961751103, 54.07004279242993,  60.00125532292721,         0.59999942,307.82622296082195,  54.69039543956637, 331045.1304766203,      0.0, 331045.1304766203,   1.0
 -0.05092732820512031,-0.048330470745132276,  8.376803961751103, 54.07004279242993,  60.00125532292721, 0.2599974104576659,308.82622296082195,  54.69039543956637,348210.11070634826,      0.0,348210.11070634826,   1.0
 -0.05092732820512031,-0.048330470745132276,  8.376803961751103, 54.07004279242993,  60.00125532292721, 0.2599974104576659,307.82622296082195,  55.69039543956637, 348087.3092140817,      0.0, 348087.3092140817,   1.0
-0.048343946656830436, -0.04645902883346419,  8.428974763327213, 54.09624811614525,  60.11242017387173,0.26092424495945965, 308.0204121040916,  54.64018790362652,348907.17371333844,      0.0,348907.17371333844,   1.0
  0.29999939999999997, -0.04645902883346419,  8.428974763327213, 54.09624811614525,  60.11242017387173,0.26092424495945965, 308.0204121040916,  54.64018790362652, 263530.9228493849,      0.0, 263530.9228493849,   1.0
-0.048343946656830436,  0.29999939999999997,  8.428974763327213, 54.09624811614525,  60.11242017387173,0.26092424495945965, 308.0204121040916,  54.64018790362652, 326537.2467249468,      0.0, 326537.2467249468,   1.0
-0.048343946656830436, -0.04645902883346419,  9.428974763327213, 54.09624811614525,  60.11242017387173,0.26092424495945965, 308.0204121040916,  54.64018790362652, 348312.7946264181,      0.0, 348312.7946264181,   1.0
-0.048343946656830436, -0.04645902883346419,  8.428974763327213, 55.09624811614525,  60.11242017387173,0.26092424495945965, 308.0204121040916,  54.64018790362652,348722.95757792355,      0.0,348722.95757792355,   1.0
-0.048343946656830436, -0.04645902883346419,  8.428974763327213, 54.09624811614525,  61.11242017387173,0.26092424495945965, 308.0204121040916,  54.64018790362652, 348019.4067093514,      0.0, 348019.4067093514,   1.0
-0.048343946656830436, -0.04645902883346419,  8.428974763327213, 54.09624811614525,  60.11242017387173,         0.59999942, 308.0204121040916,  54.64018790362652, 331150.7389588199,      0.0, 331150.7389588199,   1.0
-0.048343946656830436, -0.04645902883346419,  8.428974763327213, 54.09624811614525,  60.11242017387173,0.26092424495945965, 309.0204121040916,  54.64018790362652, 348872.5736554426,      0.0, 348872.5736554426,   1.0
-0.048343946656830436, -0.04645902883346419,  8.428974763327213, 54.09624811614525,  60.11242017387173,0.26092424495945965, 308.0204121040916,  55.64018790362652,  348714.460694978,      0.0,  348714.460694978,   1.0
-0.048059887814193784, -0.04625325217463419,  8.434711266912966, 54.09912955420863, 60.124643439506684,0.26102615616807284, 308.0417644062036,  54.63466727328829, 349061.8411766415,      0.0, 349061.8411766415,   1.0
  0.29999939999999997, -0.04625325217463419,  8.434711266912966, 54.09912955420863, 60.124643439506684,0.26102615616807284, 308.0417644062036,  54.63466727328829,263545.82011853805,      0.0,263545.82011853805,   1.0
-0.048059887814193784,            0.2999994,  8.434711266912966, 54.09912955420863, 60.124643439506684,0.26102615616807284, 308.0417644062036,  54.63466727328829, 326489.1256231208,      0.0, 326489.1256231208,   1.0
-0.048059887814193784, -0.04625325217463419,  9.434711266912966, 54.09912955420863, 60.124643439506684,0.26102615616807284, 308.0417644062036,  54.63466727328829,348478.93044416036,      0.0,348478.93044416036,   1.0
-0.048059887814193784, -0.04625325217463419,  8.434711266912966, 55.09912955420863, 60.124643439506684,0.26102615616807284, 308.0417644062036,  54.63466727328829,  348788.151412418,      0.0,  348788.151412418,   1.0
-0.048059887814193784, -0.04625325217463419,  8.434711266912966, 54.09912955420863, 61.124643439506684,0.26102615616807284, 308.0417644062036,  54.63466727328829,348173.19593923044,      0.0,348173.19593923044,   1.0
-0.048059887814193784, -0.04625325217463419,  8.434711266912966, 54.09912955420863, 60.124643439506684,         0.59999942, 308.0417644062036,  54.63466727328829,331146.09533348115,      0.0,331146.09533348115,   1.0
-0.048059887814193784, -0.04625325217463419,  8.434711266912966, 54.09912955420863, 60.124643439506684,0.26102615616807284, 309.0417644062036,  54.63466727328829,349029.91243147233,      0.0,349029.91243147233,   1.0
-0.048059887814193784, -0.04625325217463419,  8.434711266912966, 54.09912955420863, 60.124643439506684,0.26102615616807284, 308.0417644062036,  55.63466727328829,348865.92917008244,      0.0,348865.92917008244,   1.0
 -0.04804103531058029, -0.04623959512679102,  8.435091988926672,54.099320790365894,  60.12545467691585,0.26103291984214405,308.04318152228063,  54.63430087841589,349061.88034878357,      0.0,349061.88034878357,   1.0
  0.29999939999999997, -0.04623959512679102,  8.435091988926672,54.099320790365894,  60.12545467691585,0.26103291984214405,308.04318152228063,  54.63430087841589, 263541.0995072272,      0.0, 263541.0995072272,   1.0
 -0.04804103531058029,            0.2999994,  8.435091988926672,54.099320790365894,  60.12545467691585,0.26103291984214405,308.04318152228063,  54.63430087841589,326489.28938833217,      0.0,326489.28938833217,   1.0
 -0.04804103531058029, -0.04623959512679102,  9.435091988926672,54.099320790365894,  60.12545467691585,0.26103291984214405,308.04318152228063,  54.63430087841589,348480.10465624224,      0.0,348480.10465624224,   1.0
 -0.04804103531058029, -0.04623959512679102,  8.435091988926672,55.099320790365894,  60.12545467691585,0.26103291984214405,308.04318152228063,  54.63430087841589,348788.24565718154,      0.0,348788.24565718154,   1.0
 -0.04804103531058029, -0.04623959512679102,  8.435091988926672,54.099320790365894,  61.12545467691585,0.26103291984214405,308.04318152228063,  54.63430087841589,348174.88957756525,      0.0,348174.88957756525,   1.0
 -0.04804103531058029, -0.04623959512679102,  8.435091988926672,54.099320790365894,  60.12545467691585,         0.59999942,308.04318152228063,  54.63430087841589,331146.97340000106,      0.0,331146.97340000106,   1.0
 -0.04804103531058029, -0.04623959512679102,  8.435091988926672,54.099320790365894,  60.12545467691585,0.26103291984214405,309.04318152228063,  54.63430087841589,349030.63395290065,      0.0,349030.63395290065,   1.0
 -0.04804103531058029, -0.04623959512679102,  8.435091988926672,54.099320790365894,  60.12545467691585,0.26103291984214405,308.04318152228063,  55.63430087841589,  348865.920975417,      0.0,  348865.920975417,   1.0
 -0.04803727604176572, -0.04623687185379192,  8.435167906503588, 54.09935892366304,  60.12561644108023, 0.2610342685473096, 308.0434641012094,  54.63422781773144,  349061.889695472,      0.0,  349061.889695472,   1.0
  0.29999939999999997, -0.04623687185379192,  8.435167906503588, 54.09935892366304,  60.12561644108023, 0.2610342685473096, 308.0434641012094,  54.63422781773144, 263541.1125350284,      0.0, 263541.1125350284,   1.0
 -0.04803727604176572,  0.29999939999999997,  8.435167906503588, 54.09935892366304,  60.12561644108023, 0.2610342685473096, 308.0434641012094,  54.63422781773144,326489.28394624684,      0.0,326489.28394624684,   1.0
 -0.04803727604176572, -0.04623687185379192,  9.435167906503588, 54.09935892366304,  60.12561644108023, 0.2610342685473096, 308.0434641012094,  54.63422781773144, 348480.1141145115,      0.0, 348480.1141145115,   1.0
 -0.04803727604176572, -0.04623687185379192,  8.435167906503588, 55.09935892366304,  60.12561644108023, 0.2610342685473096, 308.0434641012094,  54.63422781773144, 348788.2001743895,      0.0, 348788.2001743895,   1.0
 -0.04803727604176572, -0.04623687185379192,  8.435167906503588, 54.09935892366304,  61.12561644108023, 0.2610342685473096, 308.0434641012094,  54.63422781773144, 348174.4535308266,      0.0, 348174.4535308266,   1.0
 -0.04803727604176572, -0.04623687185379192,  8.435167906503588, 54.09935892366304,  60.12561644108023,         0.59999942, 308.0434641012094,  54.63422781773144, 331146.9497834601,      0.0, 331146.9497834601,   1.0
 -0.04803727604176572, -0.04623687185379192,  8.435167906503588, 54.09935892366304,  60.12561644108023, 0.2610342685473096, 309.0434641012094,  54.63422781773144, 349030.6953088068,      0.0, 349030.6953088068,   1.0
 -0.04803727604176572, -0.04623687185379192,  8.435167906503588, 54.09935892366304,  60.12561644108023, 0.2610342685473096, 308.0434641012094,  55.63422781773144,348865.94563926733,      0.0,348865.94563926733,   1.0
 -0.04803676004790083, -0.04623649805978323,  8.435178326882086, 54.09936415780519,  60.12563864468431,0.26103445366937067,308.04350288773963, 54.634217789487444,349062.70877266873,      0.0,349062.70877266873,   1.0
  0.29999939999999997, -0.04623649805978323,  8.435178326882086, 54.09936415780519,  60.12563864468431,0.26103445366937067,308.04350288773963, 54.634217789487444, 263541.1125350284,      0.0, 263541.1125350284,   1.0
 -0.04803676004790083,  0.29999939999999997,  8.435178326882086, 54.09936415780519,  60.12563864468431,0.26103445366937067,308.04350288773963, 54.634217789487444,326489.24120791577,      0.0,326489.24120791577,   1.0
 -0.04803676004790083, -0.04623649805978323,  9.435178326882086, 54.09936415780519,  60.12563864468431,0.26103445366937067,308.04350288773963, 54.634217789487444,348480.61693246645,      0.0,348480.61693246645,   1.0
 -0.04803676004790083, -0.04623649805978323,  8.435178326882086, 55.09936415780519,  60.12563864468431,0.26103445366937067,308.04350288773963, 54.634217789487444, 348788.2001743895,      0.0, 348788.2001743895,   1.0
 -0.04803676004790083, -0.04623649805978323,  8.435178326882086, 54.09936415780519,  61.12563864468431,0.26103445366937067,308.04350288773963, 54.634217789487444, 348174.4140463858,      0.0, 348174.4140463858,   1.0
 -0.04803676004790083, -0.04623649805978323,  8.435178326882086, 54.09936415780519,  60.12563864468431,         0.59999942,308.04350288773963, 54.634217789487444,331144.93514596636,      0.0,331144.93514596636,   1.0
 -0.04803676004790083, -0.04623649805978323,  8.435178326882086, 54.09936415780519,  60.12563864468431,0.26103445366937067,309.04350288773963, 54.634217789487444,349031.23324017605,      0.0,349031.23324017605,   1.0
 -0.04803676004790083, -0.04623649805978323,  8.435178326882086, 54.09936415780519,  60.12563864468431,0.26103445366937067,308.04350288773963, 55.634217789487444, 348866.5364572445,      0.0, 348866.5364572445,   1.0
 -0.04803674616380046, -0.04623648800192423,  8.435178607268329,54.099364298642826,  60.12563924212759,0.26103445865054087, 308.0435039313878,  54.63421751965256,349062.70877266873,      0.0,349062.70877266873,   1.0
  0.29999939999999997, -0.04623648800192423,  8.435178607268329,54.099364298642826,  60.12563924212759,0.26103445865054087, 308.0435039313878,  54.63421751965256, 263541.1125350284,      0.0, 263541.1125350284,   1.0
 -0.04803674616380046,   0.2999993999999999,  8.435178607268329,54.099364298642826,  60.12563924212759,0.26103445865054087, 308.0435039313878,  54.63421751965256,326489.24120791577,      0.0,326489.24120791577,   1.0
 -0.04803674616380046, -0.04623648800192423,  9.435178607268329,54.099364298642826,  60.12563924212759,0.26103445865054087, 308.0435039313878,  54.63421751965256,348480.61693246645,      0.0,348480.61693246645,   1.0
 -0.04803674616380046, -0.04623648800192423,  8.435178607268329,55.099364298642826,  60.12563924212759,0.26103445865054087, 308.0435039313878,  54.63421751965256, 348788.2001743895,      0.0, 348788.2001743895,   1.0
 -0.04803674616380046, -0.04623648800192423,  8.435178607268329,54.099364298642826,  61.12563924212759,0.26103445865054087, 308.0435039313878,  54.63421751965256, 348174.4535308266,      0.0, 348174.4535308266,   1.0
 -0.04803674616380046, -0.04623648800192423,  8.435178607268329,54.099364298642826,  60.12563924212759,         0.59999942, 308.0435039313878,  54.63421751965256,331144.93514596636,      0.0,331144.93514596636,   1.0
 -0.04803674616380046, -0.04623648800192423,  8.435178607268329,54.099364298642826,  60.12563924212759,0.26103445865054087, 309.0435039313878,  54.63421751965256,349031.23324017605,      0.0,349031.23324017605,   1.0
 -0.04803674616380046, -0.04623648800192423,  8.435178607268329,54.099364298642826,  60.12563924212759,0.26103445865054087, 308.0435039313878,  55.63421751965256, 348866.5364572445,      0.0, 348866.5364572445,   1.0
 -0.04803674323375762, -0.04623648587935547,  8.435178666439876,54.099364328364615, 60.125639368209534, 0.2610344597017463,308.04350415163503, 54.634217462707724,349062.70877266873,      0.0,349062.70877266873,   1.0
  0.29999939999999997, -0.04623648587935547,  8.435178666439876,54.099364328364615, 60.125639368209534, 0.2610344597017463,308.04350415163503, 54.634217462707724, 263541.1125350284,      0.0, 263541.1125350284,   1.0
 -0.04803674323375762,  0.29999939999999997,  8.435178666439876,54.099364328364615, 60.125639368209534, 0.2610344597017463,308.04350415163503, 54.634217462707724,326489.24120791577,      0.0,326489.24120791577,   1.0
 -0.04803674323375762, -0.04623648587935547,  9.435178666439876,54.099364328364615, 60.125639368209534, 0.2610344597017463,308.04350415163503, 54.634217462707724,348480.61693246645,      0.0,348480.61693246645,   1.0
 -0.04803674323375762, -0.04623648587935547,  8.435178666439876,55.099364328364615, 60.125639368209534, 0.2610344597017463,308.04350415163503, 54.634217462707724, 348788.2001743895,      0.0, 348788.2001743895,   1.0
 -0.04803674323375762, -0.04623648587935547,  8.435178666439876,54.099364328364615, 61.125639368209534, 0.2610344597017463,308.04350415163503, 54.634217462707724, 348174.4535308266,      0.0, 348174.4535308266,   1.0
 -0.04803674323375762, -0.04623648587935547,  8.435178666439876,54.099364328364615, 60.125639368209534,         0.59999942,308.04350415163503, 54.634217462707724,331144.93514596636,      0.0,331144.93514596636,   1.0
 -0.04803674323375762, -0.04623648587935547,  8.435178666439876,54.099364328364615, 60.125639368209534, 0.2610344597017463,309.04350415163503, 54.634217462707724,349031.23324017605,      0.0,349031.23324017605,   1.0
 -0.04803674323375762, -0.04623648587935547,  8.435178666439876,54.099364328364615, 60.125639368209534, 0.2610344597017463,308.04350415163503, 55.634217462707724, 348866.5364572445,      0.0, 348866.5364572445,   1.0
 -0.04803674261541209, -0.04623648543141633,  8.435178678927224,54.099364334636995, 60.125639394817405, 0.2610344599235889,308.04350419811516, 54.634217450690294,349062.70877266873,      0.0,349062.70877266873,   1.0
  0.29999939999999997, -0.04623648543141633,  8.435178678927224,54.099364334636995, 60.125639394817405, 0.2610344599235889,308.04350419811516, 54.634217450690294, 263541.1125350284,      0.0, 263541.1125350284,   1.0
 -0.04803674261541209,  0.29999939999999997,  8.435178678927224,54.099364334636995, 60.125639394817405, 0.2610344599235889,308.04350419811516, 54.634217450690294,326489.24120791577,      0.0,326489.24120791577,   1.0
 -0.04803674261541209, -0.04623648543141633,  9.435178678927224,54.099364334636995, 60.125639394817405, 0.2610344599235889,308.04350419811516, 54.634217450690294,348480.61693246645,      0.0,348480.61693246645,   1.0
 -0.04803674261541209, -0.04623648543141633,  8.435178678927224,55.099364334636995, 60.125639394817405, 0.2610344599235889,308.04350419811516, 54.634217450690294, 348788.2001743895,      0.0, 348788.2001743895,   1.0
 -0.04803674261541209, -0.04623648543141633,  8.435178678927224,54.099364334636995, 61.125639394817405, 0.2610344599235889,308.04350419811516, 54.634217450690294, 348174.4535308266,      0.0, 348174.4535308266,   1.0
 -0.04803674261541209, -0.04623648543141633,  8.435178678927224,54.099364334636995, 60.125639394817405,         0.59999942,308.04350419811516, 54.634217450690294,331144.93514596636,      0.0,331144.93514596636,   1.0
 -0.04803674261541209, -0.04623648543141633,  8.435178678927224,54.099364334636995, 60.125639394817405, 0.2610344599235889,309.04350419811516, 54.634217450690294,349031.23324017605,      0.0,349031.23324017605,   1.0
 -0.04803674261541209, -0.04623648543141633,  8.435178678927224,54.099364334636995, 60.125639394817405, 0.2610344599235889,308.04350419811516, 55.634217450690294, 348866.5364572445,      0.0, 348866.5364572445,   1.0
 -0.04803674248491873,  -0.0462364853368849,  8.435178681562506, 54.09936433596069,  60.12563940043263,0.26103445997040575, 308.0435042079242,  54.63421744815418,349062.70877266873,      0.0,349062.70877266873,   1.0
  0.29999939999999997,  -0.0462364853368849,  8.435178681562506, 54.09936433596069,  60.12563940043263,0.26103445997040575, 308.0435042079242,  54.63421744815418, 263541.1125350284,      0.0, 263541.1125350284,   1.0
 -0.04803674248491873,  0.29999939999999997,  8.435178681562506, 54.09936433596069,  60.12563940043263,0.26103445997040575, 308.0435042079242,  54.63421744815418,326489.24120791577,      0.0,326489.24120791577,   1.0
 -0.04803674248491873,  -0.0462364853368849,  9.435178681562506, 54.09936433596069,  60.12563940043263,0.26103445997040575, 308.0435042079242,  54.63421744815418,348480.61693246645,      0.0,348480.61693246645,   1.0
 -0.04803674248491873,  -0.0462364853368849,  8.435178681562506, 55.09936433596069,  60.12563940043263,0.26103445997040575, 308.0435042079242,  54.63421744815418, 348788.2001743895,      0.0, 348788.2001743895,   1.0
 -0.04803674248491873,  -0.0462364853368849,  8.435178681562506, 54.09936433596069,  61.12563940043263,0.26103445997040575, 308.0435042079242,  54.63421744815418, 348174.4535308266,      0.0, 348174.4535308266,   1.0
 -0.04803674248491873,  -0.0462364853368849,  8.435178681562506, 54.09936433596069,  60.12563940043263,         0.59999942, 308.0435042079242,  54.63421744815418,331144.93514596636,      0.0,331144.93514596636,   1.0
 -0.04803674248491873,  -0.0462364853368849,  8.435178681562506, 54.09936433596069,  60.12563940043263,0.26103445997040575, 309.0435042079242,  54.63421744815418,349031.23324017605,      0.0,349031.23324017605,   1.0
 -0.04803674248491873,  -0.0462364853368849,  8.435178681562506, 54.09936433596069,  60.12563940043263,0.26103445997040575, 308.0435042079242,  55.63421744815418, 348866.5364572445,      0.0, 348866.5364572445,   1.0
 -0.04803674245737988,-0.046236485316935326,  8.435178682118648, 54.09936433624004, 60.125639401617654, 0.2610344599802858,308.04350420999424, 54.634217447618965,349062.70877266873,      0.0,349062.70877266873,   1.0
  0.29999939999999997,-0.046236485316935326,  8.435178682118648, 54.09936433624004, 60.125639401617654, 0.2610344599802858,308.04350420999424, 54.634217447618965, 263541.1125350284,      0.0, 263541.1125350284,   1.0
 -0.04803674245737988,  0.29999939999999997,  8.435178682118648, 54.09936433624004, 60.125639401617654, 0.2610344599802858,308.04350420999424, 54.634217447618965,326489.24120791577,      0.0,326489.24120791577,   1.0
 -0.04803674245737988,-0.046236485316935326,  9.435178682118648, 54.09936433624004, 60.125639401617654, 0.2610344599802858,308.04350420999424, 54.634217447618965,348480.61693246645,      0.0,348480.61693246645,   1.0
 -0.04803674245737988,-0.046236485316935326,  8.435178682118648, 55.09936433624004, 60.125639401617654, 0.2610344599802858,308.04350420999424, 54.634217447618965, 348788.2001743895,      0.0, 348788.2001743895,   1.0
 -0.04803674245737988,-0.046236485316935326,  8.435178682118648, 54.09936433624004, 61.125639401617654, 0.2610344599802858,308.04350420999424, 54.634217447618965, 348174.4535308266,      0.0, 348174.4535308266,   1.0
 -0.04803674245737988,-0.046236485316935326,  8.435178682118648, 54.09936433624004, 60.125639401617654,         0.59999942,308.04350420999424, 54.634217447618965,331144.93514596636,      0.0,331144.93514596636,   1.0
 -0.04803674245737988,-0.046236485316935326,  8.435178682118648, 54.09936433624004, 60.125639401617654, 0.2610344599802858,309.04350420999424, 54.634217447618965,349031.23324017605,      0.0,349031.23324017605,   1.0
 -0.04803674245737988,-0.046236485316935326,  8.435178682118648, 54.09936433624004, 60.125639401617654, 0.2610344599802858,308.04350420999424, 55.634217447618965, 348866.5364572445,      0.0, 348866.5364572445,   1.0
-0.048036742451568186, -0.04623648531272524,  8.435178682236014,   54.099364336299,  60.12563940186774,0.26103445998237085, 308.0435042104311,  54.63421744750602,349062.70877266873,      0.0,349062.70877266873,   1.0
  0.29999939999999997, -0.04623648531272524,  8.435178682236014,   54.099364336299,  60.12563940186774,0.26103445998237085, 308.0435042104311,  54.63421744750602, 263541.1125350284,      0.0, 263541.1125350284,   1.0
-0.048036742451568186,  0.29999939999999997,  8.435178682236014,   54.099364336299,  60.12563940186774,0.26103445998237085, 308.0435042104311,  54.63421744750602,326489.24120791577,      0.0,326489.24120791577,   1.0
-0.048036742451568186, -0.04623648531272524,  9.435178682236014,   54.099364336299,  60.12563940186774,0.26103445998237085, 308.0435042104311,  54.63421744750602,348480.61693246645,      0.0,348480.61693246645,   1.0
-0.048036742451568186, -0.04623648531272524,  8.435178682236014,   55.099364336299,  60.12563940186774,0.26103445998237085, 308.0435042104311,  54.63421744750602, 348788.2001743895,      0.0, 348788.2001743895,   1.0
-0.048036742451568186, -0.04623648531272524,  8.435178682236014,   54.099364336299,  61.12563940186774,0.26103445998237085, 308.0435042104311,  54.63421744750602, 348174.4535308266,      0.0, 348174.4535308266,   1.0
-0.048036742451568186, -0.04623648531272524,  8.435178682236014,   54.099364336299,  60.12563940186774,         0.59999942, 308.0435042104311,  54.63421744750602,331144.93514596636,      0.0,331144.93514596636,   1.0
-0.048036742451568186, -0.04623648531272524,  8.435178682236014,   54.099364336299,  60.12563940186774,0.26103445998237085, 309.0435042104311,  54.63421744750602,349031.23324017605,      0.0,349031.23324017605,   1.0
-0.048036742451568186, -0.04623648531272524,  8.435178682236014,   54.099364336299,  60.12563940186774,0.26103445998237085, 308.0435042104311,  55.63421744750602, 348866.5364572445,      0.0, 348866.5364572445,   1.0
-0.048036742450341695, -0.04623648531183675,  8.435178682260783, 54.09936433631144,  60.12563940192051, 0.2610344599828109, 308.0435042105233,  54.63421744748218,349062.70877266873,      0.0,349062.70877266873,   1.0
  0.29999939999999997, -0.04623648531183675,  8.435178682260783, 54.09936433631144,  60.12563940192051, 0.2610344599828109, 308.0435042105233,  54.63421744748218, 263541.1125350284,      0.0, 263541.1125350284,   1.0
-0.048036742450341695,  0.29999939999999997,  8.435178682260783, 54.09936433631144,  60.12563940192051, 0.2610344599828109, 308.0435042105233,  54.63421744748218,326489.24120791577,      0.0,326489.24120791577,   1.0
-0.048036742450341695, -0.04623648531183675,  9.435178682260783, 54.09936433631144,  60.12563940192051, 0.2610344599828109, 308.0435042105233,  54.63421744748218,348480.61693246645,      0.0,348480.61693246645,   1.0
-0.048036742450341695, -0.04623648531183675,  8.435178682260783, 55.09936433631144,  60.12563940192051, 0.2610344599828109, 308.0435042105233,  54.63421744748218, 348788.2001743895,      0.0, 348788.2001743895,   1.0
-0.048036742450341695, -0.04623648531183675,  8.435178682260783, 54.09936433631144,  61.12563940192051, 0.2610344599828109, 308.0435042105233,  54.63421744748218, 348174.4535308266,      0.0, 348174.4535308266,   1.0
-0.048036742450341695, -0.04623648531183675,  8.435178682260783, 54.09936433631144,  60.12563940192051,         0.59999942, 308.0435042105233,  54.63421744748218,331144.93514596636,      0.0,331144.93514596636,   1.0
-0.048036742450341695, -0.04623648531183675,  8.435178682260783, 54.09936433631144,  60.12563940192051, 0.2610344599828109, 309.0435042105233,  54.63421744748218,349031.23324017605,      0.0,349031.23324017605,   1.0
-0.048036742450341695, -0.04623648531183675,  8.435178682260783, 54.09936433631144,  60.12563940192051, 0.2610344599828109, 308.0435042105233,  55.63421744748218, 348866.5364572445,      0.0, 348866.5364572445,   1.0
 -0.04803674245008288, -0.04623648531164926,   8.43517868226601, 54.09936433631406,  60.12563940193165,0.26103445998290375, 308.0435042105427,  54.63421744747715,349062.70877266873,      0.0,349062.70877266873,   1.0
  0.29999939999999997, -0.04623648531164926,   8.43517868226601, 54.09936433631406,  60.12563940193165,0.26103445998290375, 308.0435042105427,  54.63421744747715, 263541.1125350284,      0.0, 263541.1125350284,   1.0
 -0.04803674245008288,  0.29999939999999997,   8.43517868226601, 54.09936433631406,  60.12563940193165,0.26103445998290375, 308.0435042105427,  54.63421744747715,326489.24120791577,      0.0,326489.24120791577,   1.0
 -0.04803674245008288, -0.04623648531164926,   9.43517868226601, 54.09936433631406,  60.12563940193165,0.26103445998290375, 308.0435042105427,  54.63421744747715,348480.61693246645,      0.0,348480.61693246645,   1.0
 -0.04803674245008288, -0.04623648531164926,   8.43517868226601, 55.09936433631406,  60.12563940193165,0.26103445998290375, 308.0435042105427,  54.63421744747715, 348788.2001743895,      0.0, 348788.2001743895,   1.0
 -0.04803674245008288, -0.04623648531164926,   8.43517868226601, 54.09936433631406,  61.12563940193165,0.26103445998290375, 308.0435042105427,  54.63421744747715, 348174.4535308266,      0.0, 348174.4535308266,   1.0
 -0.04803674245008288, -0.04623648531164926,   8.43517868226601, 54.09936433631406,  60.12563940193165,         0.59999942, 308.0435042105427,  54.63421744747715,331144.93514596636,      0.0,331144.93514596636,   1.0
 -0.04803674245008288, -0.04623648531164926,   8.43517868226601, 54.09936433631406,  60.12563940193165,0.26103445998290375, 309.0435042105427,  54.63421744747715,349031.23324017605,      0.0,349031.23324017605,   1.0
 -0.04803674245008288, -0.04623648531164926,   8.43517868226601, 54.09936433631406,  60.12563940193165,0.26103445998290375, 308.0435042105427,  55.63421744747715, 348866.5364572445,      0.0, 348866.5364572445,   1.0
-0.048036742450253696,-0.046236485311773004,   8.43517868226256, 54.09936433631233, 60.125639401924296,0.26103445998284247,308.04350421052993, 54.634217447480474,349062.70877266873,      0.0,349062.70877266873,   1.0
  0.29999939999999997,-0.046236485311773004,   8.43517868226256, 54.09936433631233, 60.125639401924296,0.26103445998284247,308.04350421052993, 54.634217447480474, 263541.1125350284,      0.0, 263541.1125350284,   1.0
-0.048036742450253696,  0.29999939999999997,   8.43517868226256, 54.09936433631233, 60.125639401924296,0.26103445998284247,308.04350421052993, 54.634217447480474,326489.24120791577,      0.0,326489.24120791577,   1.0
-0.048036742450253696,-0.046236485311773004,   9.43517868226256, 54.09936433631233, 60.125639401924296,0.26103445998284247,308.04350421052993, 54.634217447480474,348480.61693246645,      0.0,348480.61693246645,   1.0
-0.048036742450253696,-0.046236485311773004,   8.43517868226256, 55.09936433631233, 60.125639401924296,0.26103445998284247,308.04350421052993, 54.634217447480474, 348788.2001743895,      0.0, 348788.2001743895,   1.0
-0.048036742450253696,-0.046236485311773004,   8.43517868226256, 54.09936433631233, 61.125639401924296,0.26103445998284247,308.04350421052993, 54.634217447480474, 348174.4535308266,      0.0, 348174.4535308266,   1.0
-0.048036742450253696,-0.046236485311773004,   8.43517868226256, 54.09936433631233, 60.125639401924296,         0.59999942,308.04350421052993, 54.634217447480474,331144.93514596636,      0.0,331144.93514596636,   1.0
-0.048036742450253696,-0.046236485311773004,   8.43517868226256, 54.09936433631233, 60.125639401924296,0.26103445998284247,309.04350421052993, 54.634217447480474,349031.23324017605,      0.0,349031.23324017605,   1.0
-0.048036742450253696,-0.046236485311773004,   8.43517868226256, 54.09936433631233, 60.125639401924296,0.26103445998284247,308.04350421052993, 55.634217447480474, 348866.5364572445,      0.0, 348866.5364572445,   1.0
 -0.04803674245011893, -0.04623648531167538,  8.435178682265281,  54.0993643363137, 60.125639401930094, 0.2610344599828908,308.04350421054005,  54.63421744747785,349062.70877266873,      0.0,349062.70877266873,   1.0
  0.29999939999999997, -0.04623648531167538,  8.435178682265281,  54.0993643363137, 60.125639401930094, 0.2610344599828908,308.04350421054005,  54.63421744747785, 263541.1125350284,      0.0, 263541.1125350284,   1.0
 -0.04803674245011893,  0.29999939999999997,  8.435178682265281,  54.0993643363137, 60.125639401930094, 0.2610344599828908,308.04350421054005,  54.63421744747785,326489.24120791577,      0.0,326489.24120791577,   1.0
 -0.04803674245011893, -0.04623648531167538,  9.435178682265281,  54.0993643363137, 60.125639401930094, 0.2610344599828908,308.04350421054005,  54.63421744747785,348480.61693246645,      0.0,348480.61693246645,   1.0
 -0.04803674245011893, -0.04623648531167538,  8.435178682265281,  55.0993643363137, 60.125639401930094, 0.2610344599828908,308.04350421054005,  54.63421744747785, 348788.2001743895,      0.0, 348788.2001743895,   1.0
 -0.04803674245011893, -0.04623648531167538,  8.435178682265281,  54.0993643363137, 61.125639401930094, 0.2610344599828908,308.04350421054005,  54.63421744747785, 348174.4535308266,      0.0, 348174.4535308266,   1.0
 -0.04803674245011893, -0.04623648531167538,  8.435178682265281,  54.0993643363137, 60.125639401930094,         0.59999942,308.04350421054005,  54.63421744747785,331144.93514596636,      0.0,331144.93514596636,   1.0
 -0.04803674245011893, -0.04623648531167538,  8.435178682265281,  54.0993643363137, 60.125639401930094, 0.2610344599828908,309.04350421054005,  54.63421744747785,349031.23324017605,      0.0,349031.23324017605,   1.0
 -0.04803674245011893, -0.04623648531167538,  8.435178682265281,  54.0993643363137, 60.125639401930094, 0.2610344599828908,308.04350421054005,  55.63421744747785, 348866.5364572445,      0.0, 348866.5364572445,   1.0
 -0.04803674245009045,-0.046236485311654744,  8.435178682265857, 54.09936433631398,  60.12563940193132,0.26103445998290103,308.04350421054215,   54.6342174474773,349062.70877266873,      0.0,349062.70877266873,   1.0
  0.29999939999999997,-0.046236485311654744,  8.435178682265857, 54.09936433631398,  60.12563940193132,0.26103445998290103,308.04350421054215,   54.6342174474773, 263541.1125350284,      0.0, 263541.1125350284,   1.0
 -0.04803674245009045,  0.29999939999999997,  8.435178682265857, 54.09936433631398,  60.12563940193132,0.26103445998290103,308.04350421054215,   54.6342174474773,326489.24120791577,      0.0,326489.24120791577,   1.0
 -0.04803674245009045,-0.046236485311654744,  9.435178682265857, 54.09936433631398,  60.12563940193132,0.26103445998290103,308.04350421054215,   54.6342174474773,348480.61693246645,      0.0,348480.61693246645,   1.0
 -0.04803674245009045,-0.046236485311654744,  8.435178682265857, 55.09936433631398,  60.12563940193132,0.26103445998290103,308.04350421054215,   54.6342174474773, 348788.2001743895,      0.0, 348788.2001743895,   1.0
 -0.04803674245009045,-0.046236485311654744,  8.435178682265857, 54.09936433631398,  61.12563940193132,0.26103445998290103,308.04350421054215,   54.6342174474773, 348174.4535308266,      0.0, 348174.4535308266,   1.0
 -0.04803674245009045,-0.046236485311654744,  8.435178682265857, 54.09936433631398,  60.12563940193132,         0.59999942,308.04350421054215,   54.6342174474773,331144.93514596636,      0.0,331144.93514596636,   1.0
 -0.04803674245009045,-0.046236485311654744,  8.435178682265857, 54.09936433631398,  60.12563940193132,0.26103445998290103,309.04350421054215,   54.6342174474773,349031.23324017605,      0.0,349031.23324017605,   1.0
 -0.04803674245009045,-0.046236485311654744,  8.435178682265857, 54.09936433631398,  60.12563940193132,0.26103445998290103,308.04350421054215,   55.6342174474773, 348866.5364572445,      0.0, 348866.5364572445,   1.0
 -0.04803674245010925,-0.046236485311668366,  8.435178682265477,  54.0993643363138,  60.12563940193051,0.26103445998289426, 308.0435042105408,  54.63421744747766,349062.70877266873,      0.0,349062.70877266873,   1.0
  0.29999939999999997,-0.046236485311668366,  8.435178682265477,  54.0993643363138,  60.12563940193051,0.26103445998289426, 308.0435042105408,  54.63421744747766, 263541.1125350284,      0.0, 263541.1125350284,   1.0
 -0.04803674245010925,  0.29999939999999997,  8.435178682265477,  54.0993643363138,  60.12563940193051,0.26103445998289426, 308.0435042105408,  54.63421744747766,326489.24120791577,      0.0,326489.24120791577,   1.0
 -0.04803674245010925,-0.046236485311668366,  9.435178682265477,  54.0993643363138,  60.12563940193051,0.26103445998289426, 308.0435042105408,  54.63421744747766,348480.61693246645,      0.0,348480.61693246645,   1.0
 -0.04803674245010925,-0.046236485311668366,  8.435178682265477,  55.0993643363138,  60.12563940193051,0.26103445998289426, 308.0435042105408,  54.63421744747766, 348788.2001743895,      0.0, 348788.2001743895,   1.0
 -0.04803674245010925,-0.046236485311668366,  8.435178682265477,  54.0993643363138,  61.12563940193051,0.26103445998289426, 308.0435042105408,  54.63421744747766, 348174.4535308266,      0.0, 348174.4535308266,   1.0
 -0.04803674245010925,-0.046236485311668366,  8.435178682265477,  54.0993643363138,  60.12563940193051,         0.59999942, 308.0435042105408,  54.63421744747766,331144.93514596636,      0.0,331144.93514596636,   1.0
 -0.04803674245010925,-0.046236485311668366,  8.435178682265477,  54.0993643363138,  60.12563940193051,0.26103445998289426, 309.0435042105408,  54.63421744747766,349031.23324017605,      0.0,349031.23324017605,   1.0
 -0.04803674245010925,-0.046236485311668366,  8.435178682265477,  54.0993643363138,  60.12563940193051,0.26103445998289426, 308.0435042105408,  55.63421744747766, 348866.5364572445,      0.0, 348866.5364572445,   1.0
 -0.29999939999999997, -0.29999939999999997,          -59.99988,          20.00006,          -89.99974,         0.02000058,245.09243905422767,           5.000115, 47374.57582867914,      0.0, 47374.57582867914,   1.0
  0.29999939999999997, -0.29999939999999997,          -59.99988,          20.00006,          -89.99974,         0.02000058,245.09243905422767,           5.000115,119084.93871202238,      0.0,119084.93871202238,   1.0
 -0.29999939999999997,  0.29999939999999997,          -59.99988,          20.00006,          -89.99974,         0.02000058,245.09243905422767,           5.000115, 67718.56023605971,      0.0, 67718.56023605971,   1.0
 -0.29999939999999997, -0.29999939999999997,          -58.99988,          20.00006,          -89.99974,         0.02000058,245.09243905422767,           5.000115,48543.251081060036,      0.0,48543.251081060036,   1.0
 -0.29999939999999997, -0.29999939999999997,          -59.99988,          21.00006,          -89.99974,         0.02000058,245.09243905422767,           5.000115, 46726.68824481813,      0.0, 46726.68824481813,   1.0
 -0.29999939999999997, -0.29999939999999997,          -59.99988,          20.00006,          -88.99974,         0.02000058,245.09243905422767,           5.000115, 49157.33939678816,      0.0, 49157.33939678816,   1.0
 -0.29999939999999997, -0.29999939999999997,          -59.99988,          20.00006,          -89.99974,         0.59999942,245.09243905422767,           5.000115, 61858.56209907029,      0.0, 61858.56209907029,   1.0
 -0.29999939999999997, -0.29999939999999997,          -59.99988,          20.00006,          -89.99974,         0.02000058,246.09243905422767,           5.000115,  47180.1635610417,      0.0,  47180.1635610417,   1.0
 -0.29999939999999997, -0.29999939999999997,          -59.99988,          20.00006,          -89.99974,         0.02000058,245.09243905422767,           6.000115, 48997.44332308788,      0.0, 48997.44332308788,   1.0
 -0.08653156315142539, -0.08500634905483921, -2.020320316197648, 48.88967723730924,  37.18950426586831,0.22420933643831092,298.42584900037184,  47.05112599666416,357677.00429390447,      0.0,357677.00429390447,   1.0
  0.29999939999999997, -0.08500634905483921, -2.020320316197648, 48.88967723730924,  37.18950426586831,0.22420933643831092,298.42584900037184,  47.05112599666416, 296294.4044486333,      0.0, 296294.4044486333,   1.0
 -0.08653156315142539,  0.29999939999999997, -2.020320316197648, 48.88967723730924,  37.18950426586831,0.22420933643831092,298.42584900037184,  47.05112599666416,270950.16524635296,      0.0,270950.16524635296,   1.0
 -0.08653156315142539, -0.08500634905483921, -1.020320316197648, 48.88967723730924,  37.18950426586831,0.22420933643831092,298.42584900037184,  47.05112599666416,357185.28085606213,      0.0,357185.28085606213,   1.0
 -0.08653156315142539, -0.08500634905483921, -2.020320316197648, 49.88967723730924,  37.18950426586831,0.22420933643831092,298.42584900037184,  47.05112599666416,357857.10803959245,      0.0,357857.10803959245,   1.0
 -0.08653156315142539, -0.08500634905483921, -2.020320316197648, 48.88967723730924,  38.18950426586831,0.22420933643831092,298.42584900037184,  47.05112599666416,357480.53616126394,      0.0,357480.53616126394,   1.0
 -0.08653156315142539, -0.08500634905483921, -2.020320316197648, 48.88967723730924,  37.18950426586831,         0.59999942,298.42584900037184,  47.05112599666416,324824.78423494723,      0.0,324824.78423494723,   1.0
 -0.08653156315142539, -0.08500634905483921, -2.020320316197648, 48.88967723730924,  37.18950426586831,0.22420933643831092,299.42584900037184,  47.05112599666416, 357689.4085900858,      0.0, 357689.4085900858,   1.0
 -0.08653156315142539, -0.08500634905483921, -2.020320316197648, 48.88967723730924,  37.18950426586831,0.22420933643831092,298.42584900037184,  48.05112599666416, 357550.1634603761,      0.0, 357550.1634603761,   1.0
   -0.251826678725093, -0.29999939999999997, -45.81293135572441, 27.06955259658517,-58.877149840930784,         0.02000058, 258.1427116500547, 15.289636231221493, 148843.9049598506,      0.0, 148843.9049598506,   1.0
            0.2999994, -0.29999939999999997, -45.81293135572441, 27.06955259658517,-58.877149840930784,         0.02000058, 258.1427116500547, 15.289636231221493,148810.58681625634,      0.0,148810.58681625634,   1.0
   -0.251826678725093,  0.29999939999999997, -45.81293135572441, 27.06955259658517,-58.877149840930784,         0.02000058, 258.1427116500547, 15.289636231221493, 59139.62899174745,      0.0, 59139.62899174745,   1.0
   -0.251826678725093, -0.29999939999999997, -44.81293135572441, 27.06955259658517,-58.877149840930784,         0.02000058, 258.1427116500547, 15.289636231221493,149863.27152282893,      0.0,149863.27152282893,   1.0
   -0.251826678725093, -0.29999939999999997, -45.81293135572441, 28.06955259658517,-58.877149840930784,         0.02000058, 258.1427116500547, 15.289636231221493, 149677.8784720627,      0.0, 149677.8784720627,   1.0
   -0.251826678725093, -0.29999939999999997, -45.81293135572441, 27.06955259658517,-57.877149840930784,         0.02000058, 258.1427116500547, 15.289636231221493,150981.19096775475,      0.0,150981.19096775475,   1.0
   -0.251826678725093, -0.29999939999999997, -45.81293135572441, 27.06955259658517,-58.877149840930784,         0.59999942, 258.1427116500547, 15.289636231221493, 119163.3133052357,      0.0, 119163.3133052357,   1.0
   -0.251826678725093, -0.29999939999999997, -45.81293135572441, 27.06955259658517,-58.877149840930784,         0.02000058, 259.1427116500547, 15.289636231221493,148801.96761499185,      0.0,148801.96761499185,   1.0
   -0.251826678725093, -0.29999939999999997, -45.81293135572441, 27.06955259658517,-58.877149840930784,         0.02000058, 258.1427116500547, 16.289636231221493,151028.11057488382,      0.0,151028.11057488382,   1.0
 -0.10637331741939993, -0.11081376188353129, -7.277113440323711, 46.27042530288128, 25.657820843050516,0.19969645261500266,293.59032733553573,  43.23852891583974, 352691.3224897107,      0.0, 352691.3224897107,   1.0
  0.29999939999999997, -0.11081376188353129, -7.277113440323711, 46.27042530288128, 25.657820843050516,0.19969645261500266,293.59032733553573,  43.23852891583974, 318635.2610078034,      0.0, 318635.2610078034,   1.0
 -0.10637331741939993,   0.2999993999999999, -7.277113440323711, 46.27042530288128, 25.657820843050516,0.19969645261500266,293.59032733553573,  43.23852891583974,  226990.569340093,      0.0,  226990.569340093,   1.0
 -0.10637331741939993, -0.11081376188353129, -6.277113440323711, 46.27042530288128, 25.657820843050516,0.19969645261500266,293.59032733553573,  43.23852891583974,352477.71411653206,      0.0,352477.71411653206,   1.0
 -0.10637331741939993, -0.11081376188353129, -7.277113440323711, 47.27042530288128, 25.657820843050516,0.19969645261500266,293.59032733553573,  43.23852891583974, 352936.5270142731,      0.0, 352936.5270142731,   1.0
 -0.10637331741939993, -0.11081376188353129, -7.277113440323711, 46.27042530288128, 26.657820843050516,0.19969645261500266,293.59032733553573,  43.23852891583974,352933.58917410794,      0.0,352933.58917410794,   1.0
 -0.10637331741939993, -0.11081376188353129, -7.277113440323711, 46.27042530288128, 25.657820843050516,         0.59999942,293.59032733553573,  43.23852891583974,312536.81907712674,      0.0,312536.81907712674,   1.0
 -0.10637331741939993, -0.11081376188353129, -7.277113440323711, 46.27042530288128, 25.657820843050516,0.19969645261500266,294.59032733553573,  43.23852891583974, 352731.1368448464,      0.0, 352731.1368448464,   1.0
 -0.10637331741939993, -0.11081376188353129, -7.277113440323711, 46.27042530288128, 25.657820843050516,0.19969645261500266,293.59032733553573,  44.23852891583974, 352838.9526135873,      0.0, 352838.9526135873,   1.0
 -0.08990011614141344, -0.08938769742121129,  -2.91277095120045, 48.44500441170681, 35.231759696063506, 0.2200477614595546, 297.6049180109922, 46.403857860854224,357364.71708321455,      0.0,357364.71708321455,   1.0
   0.2999993999999999, -0.08938769742121129,  -2.91277095120045, 48.44500441170681, 35.231759696063506, 0.2200477614595546, 297.6049180109922, 46.403857860854224, 300102.0872899401,      0.0, 300102.0872899401,   1.0
 -0.08990011614141344,  0.29999939999999997,  -2.91277095120045, 48.44500441170681, 35.231759696063506, 0.2200477614595546, 297.6049180109922, 46.403857860854224,263672.28726007463,      0.0,263672.28726007463,   1.0
 -0.08990011614141344, -0.08938769742121129,  -1.91277095120045, 48.44500441170681, 35.231759696063506, 0.2200477614595546, 297.6049180109922, 46.403857860854224,356850.82849475666,      0.0,356850.82849475666,   1.0
 -0.08990011614141344, -0.08938769742121129,  -2.91277095120045, 49.44500441170681, 35.231759696063506, 0.2200477614595546, 297.6049180109922, 46.403857860854224, 357513.1945145349,      0.0, 357513.1945145349,   1.0
 -0.08990011614141344, -0.08938769742121129,  -2.91277095120045, 48.44500441170681, 36.231759696063506, 0.2200477614595546, 297.6049180109922, 46.403857860854224,357279.01262848417,      0.0,357279.01262848417,   1.0
 -0.08990011614141344, -0.08938769742121129,  -2.91277095120045, 48.44500441170681, 35.231759696063506,         0.59999942, 297.6049180109922, 46.403857860854224, 323129.1692862084,      0.0, 323129.1692862084,   1.0
 -0.08990011614141344, -0.08938769742121129,  -2.91277095120045, 48.44500441170681, 35.231759696063506, 0.2200477614595546, 298.6049180109922, 46.403857860854224, 357366.9931836365,      0.0, 357366.9931836365,   1.0
 -0.08990011614141344, -0.08938769742121129,  -2.91277095120045, 48.44500441170681, 35.231759696063506, 0.2200477614595546, 297.6049180109922, 47.403857860854224,357292.51394264656,      0.0,357292.51394264656,   1.0
  -0.0871610483924857, -0.08582509649350863, -2.187093558233291, 48.80658073217803, 36.823658362264915,0.22343165829684214,  298.272440714001,  46.93017028074935, 357685.2536961127,      0.0, 357685.2536961127,   1.0
   0.2999993999999999, -0.08582509649350863, -2.187093558233291, 48.80658073217803, 36.823658362264915,0.22343165829684214,  298.272440714001,  46.93017028074935, 297048.9727375689,      0.0, 297048.9727375689,   1.0
  -0.0871610483924857,  0.29999939999999997, -2.187093558233291, 48.80658073217803, 36.823658362264915,0.22343165829684214,  298.272440714001,  46.93017028074935,269363.73542076786,      0.0,269363.73542076786,   1.0
  -0.0871610483924857, -0.08582509649350863, -1.187093558233291, 48.80658073217803, 36.823658362264915,0.22343165829684214,  298.272440714001,  46.93017028074935, 357168.0149758255,      0.0, 357168.0149758255,   1.0
  -0.0871610483924857, -0.08582509649350863, -2.187093558233291, 49.80658073217803, 36.823658362264915,0.22343165829684214,  298.272440714001,  46.93017028074935, 357893.7973732526,      0.0, 357893.7973732526,   1.0
  -0.0871610483924857, -0.08582509649350863, -2.187093558233291, 48.80658073217803, 37.823658362264915,0.22343165829684214,  298.272440714001,  46.93017028074935, 357474.5590656871,      0.0, 357474.5590656871,   1.0
  -0.0871610483924857, -0.08582509649350863, -2.187093558233291, 48.80658073217803, 36.823658362264915,         0.59999942,  298.272440714001,  46.93017028074935,324586.94583935244,      0.0,324586.94583935244,   1.0
  -0.0871610483924857, -0.08582509649350863, -2.187093558233291, 48.80658073217803, 36.823658362264915,0.22343165829684214,  299.272440714001,  46.93017028074935, 357699.9161158265,      0.0, 357699.9161158265,   1.0
  -0.0871610483924857, -0.08582509649350863, -2.187093558233291, 48.80658073217803, 36.823658362264915,0.22343165829684214,  298.272440714001,  47.93017028074935,357536.29751078715,      0.0,357536.29751078715,   1.0
  -0.0876605637136254, -0.08647479701558979,-2.3194331019096817, 48.74064117595223,  36.53334872177473, 0.2228145474875009,298.15070666142344, 46.834188311137005, 357731.3234397411,      0.0, 357731.3234397411,   1.0
  0.29999939999999997, -0.08647479701558979,-2.3194331019096817, 48.74064117595223,  36.53334872177473, 0.2228145474875009,298.15070666142344, 46.834188311137005, 297369.6457933422,      0.0, 297369.6457933422,   1.0
  -0.0876605637136254,  0.29999939999999997,-2.3194331019096817, 48.74064117595223,  36.53334872177473, 0.2228145474875009,298.15070666142344, 46.834188311137005,268387.80224594264,      0.0,268387.80224594264,   1.0
  -0.0876605637136254, -0.08647479701558979,-1.3194331019096817, 48.74064117595223,  36.53334872177473, 0.2228145474875009,298.15070666142344, 46.834188311137005,357240.64277530846,      0.0,357240.64277530846,   1.0
  -0.0876605637136254, -0.08647479701558979,-2.3194331019096817, 49.74064117595223,  36.53334872177473, 0.2228145474875009,298.15070666142344, 46.834188311137005, 357902.6954520432,      0.0, 357902.6954520432,   1.0
  -0.0876605637136254, -0.08647479701558979,-2.3194331019096817, 48.74064117595223,  37.53334872177473, 0.2228145474875009,298.15070666142344, 46.834188311137005, 357487.9961279571,      0.0, 357487.9961279571,   1.0
  -0.0876605637136254, -0.08647479701558979,-2.3194331019096817, 48.74064117595223,  36.53334872177473,         0.59999942,298.15070666142344, 46.834188311137005,324462.98431773233,      0.0,324462.98431773233,   1.0
  -0.0876605637136254, -0.08647479701558979,-2.3194331019096817, 48.74064117595223,  36.53334872177473, 0.2228145474875009,299.15070666142344, 46.834188311137005, 357779.4705949408,      0.0, 357779.4705949408,   1.0
  -0.0876605637136254, -0.08647479701558979,-2.3194331019096817, 48.74064117595223,  36.53334872177473, 0.2228145474875009,298.15070666142344, 47.834188311137005,357581.37933896395,      0.0,357581.37933896395,   1.0
 -0.08878033992751942, -0.08793124721840054,-2.6161020265550654, 48.59282279382952,  35.88255420891912,0.22143115447352774, 297.8778123362078, 46.619023085995615, 357570.8267024405,      0.0, 357570.8267024405,   1.0
  0.29999939999999997, -0.08793124721840054,-2.6161020265550654, 48.59282279382952,  35.88255420891912,0.22143115447352774, 297.8778123362078, 46.619023085995615,298469.53370139305,      0.0,298469.53370139305,   1.0
 -0.08878033992751942,            0.2999994,-2.6161020265550654, 48.59282279382952,  35.88255420891912,0.22143115447352774, 297.8778123362078, 46.619023085995615, 266049.9530214602,      0.0, 266049.9530214602,   1.0
 -0.08878033992751942, -0.08793124721840054,-1.6161020265550654, 48.59282279382952,  35.88255420891912,0.22143115447352774, 297.8778123362078, 46.619023085995615, 357076.5353645008,      0.0, 357076.5353645008,   1.0
 -0.08878033992751942, -0.08793124721840054,-2.6161020265550654, 49.59282279382952,  35.88255420891912,0.22143115447352774, 297.8778123362078, 46.619023085995615, 357793.4764992878,      0.0, 357793.4764992878,   1.0
 -0.08878033992751942, -0.08793124721840054,-2.6161020265550654, 48.59282279382952,  36.88255420891912,0.22143115447352774, 297.8778123362078, 46.619023085995615,357401.13462676556,      0.0,357401.13462676556,   1.0
 -0.08878033992751942, -0.08793124721840054,-2.6161020265550654, 48.59282279382952,  35.88255420891912,         0.59999942, 297.8778123362078, 46.619023085995615, 323780.3590066865,      0.0, 323780.3590066865,   1.0
 -0.08878033992751942, -0.08793124721840054,-2.6161020265550654, 48.59282279382952,  35.88255420891912,0.22143115447352774, 298.8778123362078, 46.619023085995615, 357574.6677578207,      0.0, 357574.6677578207,   1.0
 -0.08878033992751942, -0.08793124721840054,-2.6161020265550654, 48.59282279382952,  35.88255420891912,0.22143115447352774, 297.8778123362078, 47.619023085995615,357429.39888952114,      0.0,357429.39888952114,   1.0
 -0.08785540332416683, -0.08672821746403975,-2.3710531104617836, 48.71492096896239,  36.42011131964566, 0.2225738388952627,298.10322340237195,  46.79674984071012,357684.87829632894,      0.0,357684.87829632894,   1.0
   0.2999993999999999, -0.08672821746403975,-2.3710531104617836, 48.71492096896239,  36.42011131964566, 0.2225738388952627,298.10322340237195,  46.79674984071012,297602.05690478766,      0.0,297602.05690478766,   1.0
 -0.08785540332416683,  0.29999939999999997,-2.3710531104617836, 48.71492096896239,  36.42011131964566, 0.2225738388952627,298.10322340237195,  46.79674984071012, 268008.0898729848,      0.0, 268008.0898729848,   1.0
 -0.08785540332416683, -0.08672821746403975,-1.3710531104617836, 48.71492096896239,  36.42011131964566, 0.2225738388952627,298.10322340237195,  46.79674984071012, 357221.7622155548,      0.0, 357221.7622155548,   1.0
 -0.08785540332416683, -0.08672821746403975,-2.3710531104617836, 49.71492096896239,  36.42011131964566, 0.2225738388952627,298.10322340237195,  46.79674984071012, 357881.9247782702,      0.0, 357881.9247782702,   1.0
 -0.08785540332416683, -0.08672821746403975,-2.3710531104617836, 48.71492096896239,  37.42011131964566, 0.2225738388952627,298.10322340237195,  46.79674984071012,357461.61510075256,      0.0,357461.61510075256,   1.0
 -0.08785540332416683, -0.08672821746403975,-2.3710531104617836, 48.71492096896239,  36.42011131964566,         0.59999942,298.10322340237195,  46.79674984071012,324330.09291889926,      0.0,324330.09291889926,   1.0
 -0.08785540332416683, -0.08672821746403975,-2.3710531104617836, 48.71492096896239,  36.42011131964566, 0.2225738388952627,299.10322340237195,  46.79674984071012, 357726.1394381658,      0.0, 357726.1394381658,   1.0
 -0.08785540332416683, -0.08672821746403975,-2.3710531104617836, 48.71492096896239,  36.42011131964566, 0.2225738388952627,298.10322340237195,  47.79674984071012, 357547.0284319493,      0.0, 357547.0284319493,   1.0
 -0.08769059022572694, -0.08651385135439191, -2.327388203067827,48.736677463931414,  36.51589783375496,  0.222777452158488,298.14338907005396, 46.828418710786174, 357686.4386014114,      0.0, 357686.4386014114,   1.0
  0.29999939999999997, -0.08651385135439191, -2.327388203067827,48.736677463931414,  36.51589783375496,  0.222777452158488,298.14338907005396, 46.828418710786174,297408.43258293456,      0.0,297408.43258293456,   1.0
 -0.08769059022572694,   0.2999993999999999, -2.327388203067827,48.736677463931414,  36.51589783375496,  0.222777452158488,298.14338907005396, 46.828418710786174, 268362.0801111071,      0.0, 268362.0801111071,   1.0
 -0.08769059022572694, -0.08651385135439191, -1.327388203067827,48.736677463931414,  36.51589783375496,  0.222777452158488,298.14338907005396, 46.828418710786174,357199.35049591446,      0.0,357199.35049591446,   1.0
 -0.08769059022572694, -0.08651385135439191, -2.327388203067827,49.736677463931414,  36.51589783375496,  0.222777452158488,298.14338907005396, 46.828418710786174,357897.80637074355,      0.0,357897.80637074355,   1.0
 -0.08769059022572694, -0.08651385135439191, -2.327388203067827,48.736677463931414,  37.51589783375496,  0.222777452158488,298.14338907005396, 46.828418710786174, 357489.2701809594,      0.0, 357489.2701809594,   1.0
 -0.08769059022572694, -0.08651385135439191, -2.327388203067827,48.736677463931414,  36.51589783375496,         0.59999942,298.14338907005396, 46.828418710786174,324415.02213172603,      0.0,324415.02213172603,   1.0
 -0.08769059022572694, -0.08651385135439191, -2.327388203067827,48.736677463931414,  36.51589783375496,  0.222777452158488,299.14338907005396, 46.828418710786174, 357738.4396365046,      0.0, 357738.4396365046,   1.0
 -0.08769059022572694, -0.08651385135439191, -2.327388203067827,48.736677463931414,  36.51589783375496,  0.222777452158488,298.14338907005396, 47.828418710786174,357537.92469984945,      0.0,357537.92469984945,   1.0
  -0.0876605637136254, -0.08647479701558979,-2.3194331019096817, 48.74064117595223,  36.53334872177473, 0.2228145474875009,298.15070666142344, 46.834188311137005, 357731.3234397411,      0.0, 357731.3234397411,   1.0
  0.29999939999999997, -0.08647479701558979,-2.3194331019096817, 48.74064117595223,  36.53334872177473, 0.2228145474875009,298.15070666142344, 46.834188311137005, 297369.6457933422,      0.0, 297369.6457933422,   1.0
  -0.0876605637136254,  0.29999939999999997,-2.3194331019096817, 48.74064117595223,  36.53334872177473, 0.2228145474875009,298.15070666142344, 46.834188311137005,268387.80224594264,      0.0,268387.80224594264,   1.0
  -0.0876605637136254, -0.08647479701558979,-1.3194331019096817, 48.74064117595223,  36.53334872177473, 0.2228145474875009,298.15070666142344, 46.834188311137005,357240.64277530846,      0.0,357240.64277530846,   1.0
  -0.0876605637136254, -0.08647479701558979,-2.3194331019096817, 49.74064117595223,  36.53334872177473, 0.2228145474875009,298.15070666142344, 46.834188311137005, 357902.6954520432,      0.0, 357902.6954520432,   1.0
  -0.0876605637136254, -0.08647479701558979,-2.3194331019096817, 48.74064117595223,  37.53334872177473, 0.2228145474875009,298.15070666142344, 46.834188311137005, 357487.9961279571,      0.0, 357487.9961279571,   1.0
  -0.0876605637136254, -0.08647479701558979,-2.3194331019096817, 48.74064117595223,  36.53334872177473,         0.59999942,298.15070666142344, 46.834188311137005,324462.98431773233,      0.0,324462.98431773233,   1.0
  -0.0876605637136254, -0.08647479701558979,-2.3194331019096817, 48.74064117595223,  36.53334872177473, 0.2228145474875009,299.15070666142344, 46.834188311137005, 357779.4705949408,      0.0, 357779.4705949408,   1.0
  -0.0876605637136254, -0.08647479701558979,-2.3194331019096817, 48.74064117595223,  36.53334872177473, 0.2228145474875009,298.15070666142344, 47.834188311137005,357581.37933896395,      0.0,357581.37933896395,   1.0
  -0.2553729057959273, -0.29999939999999997, -47.90149724503076, 26.02888991380206, -63.45882010743694,         0.02000058,256.22152768182303, 13.774845484514927,133361.61522971862,      0.0,133361.61522971862,   1.0
   0.2999993999999999, -0.29999939999999997, -47.90149724503076, 26.02888991380206, -63.45882010743694,         0.02000058,256.22152768182303, 13.774845484514927,  142912.300871065,      0.0,  142912.300871065,   1.0
  -0.2553729057959273,  0.29999939999999997, -47.90149724503076, 26.02888991380206, -63.45882010743694,         0.02000058,256.22152768182303, 13.774845484514927,61932.017096438445,      0.0,61932.017096438445,   1.0
  -0.2553729057959273, -0.29999939999999997, -46.90149724503076, 26.02888991380206, -63.45882010743694,         0.02000058,256.22152768182303, 13.774845484514927, 134708.2803691224,      0.0, 134708.2803691224,   1.0
  -0.2553729057959273, -0.29999939999999997, -47.90149724503076, 27.02888991380206, -63.45882010743694,         0.02000058,256.22152768182303, 13.774845484514927,133549.68805774173,      0.0,133549.68805774173,   1.0
  -0.2553729057959273, -0.29999939999999997, -47.90149724503076, 26.02888991380206, -62.45882010743694,         0.02000058,256.22152768182303, 13.774845484514927, 135522.2769649697,      0.0, 135522.2769649697,   1.0
  -0.2553729057959273, -0.29999939999999997, -47.90149724503076, 26.02888991380206, -63.45882010743694,         0.59999942,256.22152768182303, 13.774845484514927,110232.39202617086,      0.0,110232.39202617086,   1.0
  -0.2553729057959273, -0.29999939999999997, -47.90149724503076, 26.02888991380206, -63.45882010743694,         0.02000058,257.22152768182303, 13.774845484514927, 133355.5194069316,      0.0, 133355.5194069316,   1.0
  -0.2553729057959273, -0.29999939999999997, -47.90149724503076, 26.02888991380206, -63.45882010743694,         0.02000058,256.22152768182303, 14.774845484514927,135787.66011032002,      0.0,135787.66011032002,   1.0
 -0.10799771945838146, -0.11236724507466081,-7.8468112670252825,45.986565853172216,  24.40808539596841,0.19822089389711045,293.06628513006456,  42.82534200002675,352197.60943873966,      0.0,352197.60943873966,   1.0
            0.2999994, -0.11236724507466081,-7.8468112670252825,45.986565853172216,  24.40808539596841,0.19822089389711045,293.06628513006456,  42.82534200002675, 320287.2805382535,      0.0, 320287.2805382535,   1.0
 -0.10799771945838146,            0.2999994,-7.8468112670252825,45.986565853172216,  24.40808539596841,0.19822089389711045,293.06628513006456,  42.82534200002675,  222263.950691165,      0.0,  222263.950691165,   1.0
 -0.10799771945838146, -0.11236724507466081,-6.8468112670252825,45.986565853172216,  24.40808539596841,0.19822089389711045,293.06628513006456,  42.82534200002675,351942.73408328154,      0.0,351942.73408328154,   1.0
 -0.10799771945838146, -0.11236724507466081,-7.8468112670252825,46.986565853172216,  24.40808539596841,0.19822089389711045,293.06628513006456,  42.82534200002675, 352186.4542276782,      0.0, 352186.4542276782,   1.0
 -0.10799771945838146, -0.11236724507466081,-7.8468112670252825,45.986565853172216,  25.40808539596841,0.19822089389711045,293.06628513006456,  42.82534200002675, 352256.6866928843,      0.0, 352256.6866928843,   1.0
 -0.10799771945838146, -0.11236724507466081,-7.8468112670252825,45.986565853172216,  24.40808539596841,         0.59999942,293.06628513006456,  42.82534200002675, 310764.1644706262,      0.0, 310764.1644706262,   1.0
 -0.10799771945838146, -0.11236724507466081,-7.8468112670252825,45.986565853172216,  24.40808539596841,0.19822089389711045,294.06628513006456,  42.82534200002675,352224.40787475306,      0.0,352224.40787475306,   1.0
 -0.10799771945838146, -0.11236724507466081,-7.8468112670252825,45.986565853172216,  24.40808539596841,0.19822089389711045,293.06628513006456,  43.82534200002675, 352360.3455007734,      0.0, 352360.3455007734,   1.0
 -0.09089899278330352, -0.09059783455004182, -3.199596599385475, 48.30209029414204,  34.60255733065712, 0.2188983261772889,297.34107827993773, 46.195831375058624, 357241.6285917098,      0.0, 357241.6285917098,   1.0
            0.2999994, -0.09059783455004182, -3.199596599385475, 48.30209029414204,  34.60255733065712, 0.2188983261772889,297.34107827993773, 46.195831375058624, 301661.6047602889,      0.0, 301661.6047602889,   1.0
 -0.09089899278330352,  0.29999939999999997, -3.199596599385475, 48.30209029414204,  34.60255733065712, 0.2188983261772889,297.34107827993773, 46.195831375058624,261595.57554978307,      0.0,261595.57554978307,   1.0
 -0.09089899278330352, -0.09059783455004182, -2.199596599385475, 48.30209029414204,  34.60255733065712, 0.2188983261772889,297.34107827993773, 46.195831375058624, 356725.2900631865,      0.0, 356725.2900631865,   1.0
 -0.09089899278330352, -0.09059783455004182, -3.199596599385475, 49.30209029414204,  34.60255733065712, 0.2188983261772889,297.34107827993773, 46.195831375058624,357238.16933350236,      0.0,357238.16933350236,   1.0
 -0.09089899278330352, -0.09059783455004182, -3.199596599385475, 48.30209029414204,  35.60255733065712, 0.2188983261772889,297.34107827993773, 46.195831375058624, 357157.4882117084,      0.0, 357157.4882117084,   1.0
 -0.09089899278330352, -0.09059783455004182, -3.199596599385475, 48.30209029414204,  34.60255733065712,         0.59999942,297.34107827993773, 46.195831375058624, 322491.8093490983,      0.0, 322491.8093490983,   1.0
 -0.09089899278330352, -0.09059783455004182, -3.199596599385475, 48.30209029414204,  34.60255733065712, 0.2188983261772889,298.34107827993773, 46.195831375058624,357241.97642416635,      0.0,357241.97642416635,   1.0
 -0.09089899278330352, -0.09059783455004182, -3.199596599385475, 48.30209029414204,  34.60255733065712, 0.2188983261772889,297.34107827993773, 47.195831375058624, 357211.1973989735,      0.0, 357211.1973989735,   1.0
 -0.08822521625453747, -0.08719368990161973,-2.4728984224631305,48.664175437655864,   36.1966959060087,0.22213171508141552,298.00953984474654, 46.722884386236984, 357655.3664259307,      0.0, 357655.3664259307,   1.0
   0.2999993999999999, -0.08719368990161973,-2.4728984224631305,48.664175437655864,   36.1966959060087,0.22213171508141552,298.00953984474654, 46.722884386236984, 297941.9952090723,      0.0, 297941.9952090723,   1.0
 -0.08822521625453747,  0.29999939999999997,-2.4728984224631305,48.664175437655864,   36.1966959060087,0.22213171508141552,298.00953984474654, 46.722884386236984,266889.26226898294,      0.0,266889.26226898294,   1.0
 -0.08822521625453747, -0.08719368990161973,-1.4728984224631305,48.664175437655864,   36.1966959060087,0.22213171508141552,298.00953984474654, 46.722884386236984,357187.17567046476,      0.0,357187.17567046476,   1.0
 -0.08822521625453747, -0.08719368990161973,-2.4728984224631305,49.664175437655864,   36.1966959060087,0.22213171508141552,298.00953984474654, 46.722884386236984,357853.74893950945,      0.0,357853.74893950945,   1.0
 -0.08822521625453747, -0.08719368990161973,-2.4728984224631305,48.664175437655864,   37.1966959060087,0.22213171508141552,298.00953984474654, 46.722884386236984, 357485.1848832466,      0.0, 357485.1848832466,   1.0
 -0.08822521625453747, -0.08719368990161973,-2.4728984224631305,48.664175437655864,   36.1966959060087,         0.59999942,298.00953984474654, 46.722884386236984,324135.45155778073,      0.0,324135.45155778073,   1.0
 -0.08822521625453747, -0.08719368990161973,-2.4728984224631305,48.664175437655864,   36.1966959060087,0.22213171508141552,299.00953984474654, 46.722884386236984, 357669.0687343767,      0.0, 357669.0687343767,   1.0
 -0.08822521625453747, -0.08719368990161973,-2.4728984224631305,48.664175437655864,   36.1966959060087,0.22213171508141552,298.00953984474654, 47.722884386236984,357528.02271050564,      0.0,357528.02271050564,   1.0
 -0.08776035021189812, -0.08660184116846693, -2.346553792661544, 48.72712800154925, 36.473854779598035,0.22269387601296836, 298.1257593862624, 46.814518464452455,  357690.429586859,      0.0,  357690.429586859,   1.0
            0.2999994, -0.08660184116846693, -2.346553792661544, 48.72712800154925, 36.473854779598035,0.22269387601296836, 298.1257593862624, 46.814518464452455,297479.60787303984,      0.0,297479.60787303984,   1.0
 -0.08776035021189812,  0.29999939999999997, -2.346553792661544, 48.72712800154925, 36.473854779598035,0.22269387601296836, 298.1257593862624, 46.814518464452455,268121.70165580045,      0.0,268121.70165580045,   1.0
 -0.08776035021189812, -0.08660184116846693, -1.346553792661544, 48.72712800154925, 36.473854779598035,0.22269387601296836, 298.1257593862624, 46.814518464452455, 357202.9412438799,      0.0, 357202.9412438799,   1.0
 -0.08776035021189812, -0.08660184116846693, -2.346553792661544, 49.72712800154925, 36.473854779598035,0.22269387601296836, 298.1257593862624, 46.814518464452455,357851.74576971936,      0.0,357851.74576971936,   1.0
 -0.08776035021189812, -0.08660184116846693, -2.346553792661544, 48.72712800154925, 37.473854779598035,0.22269387601296836, 298.1257593862624, 46.814518464452455, 357480.1283796186,      0.0, 357480.1283796186,   1.0
 -0.08776035021189812, -0.08660184116846693, -2.346553792661544, 48.72712800154925, 36.473854779598035,         0.59999942, 298.1257593862624, 46.814518464452455,324377.30936156906,      0.0,324377.30936156906,   1.0
 -0.08776035021189812, -0.08660184116846693, -2.346553792661544, 48.72712800154925, 36.473854779598035,0.22269387601296836, 299.1257593862624, 46.814518464452455,357737.34063634265,      0.0,357737.34063634265,   1.0
 -0.08776035021189812, -0.08660184116846693, -2.346553792661544, 48.72712800154925, 36.473854779598035,0.22269387601296836, 298.1257593862624, 47.814518464452455, 357541.6744039491,      0.0, 357541.6744039491,   1.0
 -0.08767339812163026, -0.08649113726723585,-2.3229213294405398, 48.73890312925522, 36.525696689276046,0.22279902688135172, 298.1474979757438,   46.8316584013585, 357688.8503414957,      0.0, 357688.8503414957,   1.0
  0.29999939999999997, -0.08649113726723585,-2.3229213294405398, 48.73890312925522, 36.525696689276046,0.22279902688135172, 298.1474979757438,   46.8316584013585, 297408.5743322991,      0.0, 297408.5743322991,   1.0
 -0.08767339812163026,  0.29999939999999997,-2.3229213294405398, 48.73890312925522, 36.525696689276046,0.22279902688135172, 298.1474979757438,   46.8316584013585,268382.96367627825,      0.0,268382.96367627825,   1.0
 -0.08767339812163026, -0.08649113726723585,-1.3229213294405398, 48.73890312925522, 36.525696689276046,0.22279902688135172, 298.1474979757438,   46.8316584013585, 357202.3819978447,      0.0, 357202.3819978447,   1.0
 -0.08767339812163026, -0.08649113726723585,-2.3229213294405398, 49.73890312925522, 36.525696689276046,0.22279902688135172, 298.1474979757438,   46.8316584013585, 357900.8632175013,      0.0, 357900.8632175013,   1.0
 -0.08767339812163026, -0.08649113726723585,-2.3229213294405398, 48.73890312925522, 37.525696689276046,0.22279902688135172, 298.1474979757438,   46.8316584013585, 357490.9179570797,      0.0, 357490.9179570797,   1.0
 -0.08767339812163026, -0.08649113726723585,-2.3229213294405398, 48.73890312925522, 36.525696689276046,         0.59999942, 298.1474979757438,   46.8316584013585, 324419.6100779122,      0.0, 324419.6100779122,   1.0
 -0.08767339812163026, -0.08649113726723585,-2.3229213294405398, 48.73890312925522, 36.525696689276046,0.22279902688135172, 299.1474979757438,   46.8316584013585,  357741.915178265,      0.0,  357741.915178265,   1.0
 -0.08767339812163026, -0.08649113726723585,-2.3229213294405398, 48.73890312925522, 36.525696689276046,0.22279902688135172, 298.1474979757438,   47.8316584013585, 357542.5508392653,      0.0, 357542.5508392653,   1.0
 -0.08766100908002995, -0.08647536403816863,-2.3195541467878766, 48.74058086404629, 36.533083188826105,0.22281400890741568, 298.1505953169186,  46.83410052081419,357731.03989478183,      0.0,357731.03989478183,   1.0
  0.29999939999999997, -0.08647536403816863,-2.3195541467878766, 48.74058086404629, 36.533083188826105,0.22281400890741568, 298.1505953169186,  46.83410052081419, 297369.7479981794,      0.0, 297369.7479981794,   1.0
 -0.08766100908002995,  0.29999939999999997,-2.3195541467878766, 48.74058086404629, 36.533083188826105,0.22281400890741568, 298.1505953169186,  46.83410052081419,268387.93596521753,      0.0,268387.93596521753,   1.0
 -0.08766100908002995, -0.08647536403816863,-1.3195541467878766, 48.74058086404629, 36.533083188826105,0.22281400890741568, 298.1505953169186,  46.83410052081419,357240.56825562846,      0.0,357240.56825562846,   1.0
 -0.08766100908002995, -0.08647536403816863,-2.3195541467878766, 49.74058086404629, 36.533083188826105,0.22281400890741568, 298.1505953169186,  46.83410052081419, 357902.6975731776,      0.0, 357902.6975731776,   1.0
 -0.08766100908002995, -0.08647536403816863,-2.3195541467878766, 48.74058086404629, 37.533083188826105,0.22281400890741568, 298.1505953169186,  46.83410052081419,357487.76691835304,      0.0,357487.76691835304,   1.0
 -0.08766100908002995, -0.08647536403816863,-2.3195541467878766, 48.74058086404629, 36.533083188826105,         0.59999942, 298.1505953169186,  46.83410052081419, 324463.2717970143,      0.0, 324463.2717970143,   1.0
 -0.08766100908002995, -0.08647536403816863,-2.3195541467878766, 48.74058086404629, 36.533083188826105,0.22281400890741568, 299.1505953169186,  46.83410052081419, 357779.4082245738,      0.0, 357779.4082245738,   1.0
 -0.08766100908002995, -0.08647536403816863,-2.3195541467878766, 48.74058086404629, 36.533083188826105,0.22281400890741568, 298.1505953169186,  47.83410052081419, 357581.3447861429,      0.0, 357581.3447861429,   1.0
 -0.08766061065822922, -0.08647485678356968, -2.319445860851066, 48.74063481867314,  36.53332073282239,0.22281449071755044,298.15069492496644,  46.83417905744862, 357731.3234397411,      0.0, 357731.3234397411,   1.0
  0.29999939999999997, -0.08647485678356968, -2.319445860851066, 48.74063481867314,  36.53332073282239,0.22281449071755044,298.15069492496644,  46.83417905744862, 297369.7900052961,      0.0, 297369.7900052961,   1.0
 -0.08766061065822922,  0.29999939999999997, -2.319445860851066, 48.74063481867314,  36.53332073282239,0.22281449071755044,298.15069492496644,  46.83417905744862,268387.80224594264,      0.0,268387.80224594264,   1.0
 -0.08766061065822922, -0.08647485678356968, -1.319445860851066, 48.74063481867314,  36.53332073282239,0.22281449071755044,298.15069492496644,  46.83417905744862,357240.64277530846,      0.0,357240.64277530846,   1.0
 -0.08766061065822922, -0.08647485678356968, -2.319445860851066, 49.74063481867314,  36.53332073282239,0.22281449071755044,298.15069492496644,  46.83417905744862, 357902.6954520432,      0.0, 357902.6954520432,   1.0
 -0.08766061065822922, -0.08647485678356968, -2.319445860851066, 48.74063481867314,  37.53332073282239,0.22281449071755044,298.15069492496644,  46.83417905744862, 357487.9961279571,      0.0, 357487.9961279571,   1.0
 -0.08766061065822922, -0.08647485678356968, -2.319445860851066, 48.74063481867314,  36.53332073282239,         0.59999942,298.15069492496644,  46.83417905744862,324462.98431773233,      0.0,324462.98431773233,   1.0
 -0.08766061065822922, -0.08647485678356968, -2.319445860851066, 48.74063481867314,  36.53332073282239,0.22281449071755044,299.15069492496644,  46.83417905744862, 357779.4705949408,      0.0, 357779.4705949408,   1.0
 -0.08766061065822922, -0.08647485678356968, -2.319445860851066, 48.74063481867314,  36.53332073282239,0.22281449071755044,298.15069492496644,  47.83417905744862,357581.37933896395,      0.0,357581.37933896395,   1.0
 -0.08766057362064465, -0.08647480962880791, -2.319435794510484, 48.74063983433506,  36.53334281508754,0.22281453550697605,  298.150704184604, 46.834186358272106, 357731.3234397411,      0.0, 357731.3234397411,   1.0
  0.29999939999999997, -0.08647480962880791, -2.319435794510484, 48.74063983433506,  36.53334281508754,0.22281453550697605,  298.150704184604, 46.834186358272106, 297369.6457933422,      0.0, 297369.6457933422,   1.0
 -0.08766057362064465,   0.2999993999999999, -2.319435794510484, 48.74063983433506,  36.53334281508754,0.22281453550697605,  298.150704184604, 46.834186358272106,268387.80224594264,      0.0,268387.80224594264,   1.0
 -0.08766057362064465, -0.08647480962880791, -1.319435794510484, 48.74063983433506,  36.53334281508754,0.22281453550697605,  298.150704184604, 46.834186358272106,357240.64277530846,      0.0,357240.64277530846,   1.0
 -0.08766057362064465, -0.08647480962880791, -2.319435794510484, 49.74063983433506,  36.53334281508754,0.22281453550697605,  298.150704184604, 46.834186358272106, 357902.6954520432,      0.0, 357902.6954520432,   1.0
 -0.08766057362064465, -0.08647480962880791, -2.319435794510484, 48.74063983433506,  37.53334281508754,0.22281453550697605,  298.150704184604, 46.834186358272106, 357487.9961279571,      0.0, 357487.9961279571,   1.0
 -0.08766057362064465, -0.08647480962880791, -2.319435794510484, 48.74063983433506,  36.53334281508754,         0.59999942,  298.150704184604, 46.834186358272106,324462.98431773233,      0.0,324462.98431773233,   1.0
 -0.08766057362064465, -0.08647480962880791, -2.319435794510484, 48.74063983433506,  36.53334281508754,0.22281453550697605,  299.150704184604, 46.834186358272106, 357779.4705949408,      0.0, 357779.4705949408,   1.0
 -0.08766057362064465, -0.08647480962880791, -2.319435794510484, 48.74063983433506,  36.53334281508754,0.22281453550697605,  298.150704184604, 47.834186358272106,357581.37933896395,      0.0,357581.37933896395,   1.0
 -0.08766056580436644, -0.08647479967743713,  -2.31943367014629,48.740640892822256,  36.53334747524911,0.22281454495917483,298.15070613872456,  46.83418789901155, 357731.3234397411,      0.0, 357731.3234397411,   1.0
  0.29999939999999997, -0.08647479967743713,  -2.31943367014629,48.740640892822256,  36.53334747524911,0.22281454495917483,298.15070613872456,  46.83418789901155, 297369.6457933422,      0.0, 297369.6457933422,   1.0
 -0.08766056580436644,            0.2999994,  -2.31943367014629,48.740640892822256,  36.53334747524911,0.22281454495917483,298.15070613872456,  46.83418789901155,268387.80224594264,      0.0,268387.80224594264,   1.0
 -0.08766056580436644, -0.08647479967743713,  -1.31943367014629,48.740640892822256,  36.53334747524911,0.22281454495917483,298.15070613872456,  46.83418789901155,357240.64277530846,      0.0,357240.64277530846,   1.0
 -0.08766056580436644, -0.08647479967743713,  -2.31943367014629,49.740640892822256,  36.53334747524911,0.22281454495917483,298.15070613872456,  46.83418789901155, 357902.6954520432,      0.0, 357902.6954520432,   1.0
 -0.08766056580436644, -0.08647479967743713,  -2.31943367014629,48.740640892822256,  37.53334747524911,0.22281454495917483,298.15070613872456,  46.83418789901155, 357487.9961279571,      0.0, 357487.9961279571,   1.0
 -0.08766056580436644, -0.08647479967743713,  -2.31943367014629,48.740640892822256,  36.53334747524911,         0.59999942,298.15070613872456,  46.83418789901155,324462.98431773233,      0.0,324462.98431773233,   1.0
 -0.08766056580436644, -0.08647479967743713,  -2.31943367014629,48.740640892822256,  36.53334747524911,0.22281454495917483,299.15070613872456,  46.83418789901155, 357779.4705949408,      0.0, 357779.4705949408,   1.0
 -0.08766056580436644, -0.08647479967743713,  -2.31943367014629,48.740640892822256,  36.53334747524911,0.22281454495917483,298.15070613872456,  47.83418789901155,357581.37933896395,      0.0,357581.37933896395,   1.0
 -0.08766056415484774, -0.08647479757733631, -2.319433221828255,48.740641116201516, 36.533348458712524, 0.2228145469539322,  298.150706551115,  46.83418822416356, 357731.3234397411,      0.0, 357731.3234397411,   1.0
  0.29999939999999997, -0.08647479757733631, -2.319433221828255,48.740641116201516, 36.533348458712524, 0.2228145469539322,  298.150706551115,  46.83418822416356, 297369.6457933422,      0.0, 297369.6457933422,   1.0
 -0.08766056415484774,   0.2999993999999999, -2.319433221828255,48.740641116201516, 36.533348458712524, 0.2228145469539322,  298.150706551115,  46.83418822416356,268387.80224594264,      0.0,268387.80224594264,   1.0
 -0.08766056415484774, -0.08647479757733631, -1.319433221828255,48.740641116201516, 36.533348458712524, 0.2228145469539322,  298.150706551115,  46.83418822416356,357240.64277530846,      0.0,357240.64277530846,   1.0
 -0.08766056415484774, -0.08647479757733631, -2.319433221828255,49.740641116201516, 36.533348458712524, 0.2228145469539322,  298.150706551115,  46.83418822416356, 357902.6954520432,      0.0, 357902.6954520432,   1.0
 -0.08766056415484774, -0.08647479757733631, -2.319433221828255,48.740641116201516, 37.533348458712524, 0.2228145469539322,  298.150706551115,  46.83418822416356, 357487.9961279571,      0.0, 357487.9961279571,   1.0
 -0.08766056415484774, -0.08647479757733631, -2.319433221828255,48.740641116201516, 36.533348458712524,         0.59999942,  298.150706551115,  46.83418822416356,324462.98431773233,      0.0,324462.98431773233,   1.0
 -0.08766056415484774, -0.08647479757733631, -2.319433221828255,48.740641116201516, 36.533348458712524, 0.2228145469539322,  299.150706551115,  46.83418822416356, 357779.4705949408,      0.0, 357779.4705949408,   1.0
 -0.08766056415484774, -0.08647479757733631, -2.319433221828255,48.740641116201516, 36.533348458712524, 0.2228145469539322,  298.150706551115,  47.83418822416356,357581.37933896395,      0.0,357581.37933896395,   1.0
 -0.08766056380673935, -0.08647479713413872,-2.3194331272168593, 48.74064116334265, 36.533348666259045,0.22281454737489853,298.15070663814436,  46.83418829278245, 357731.3234397411,      0.0, 357731.3234397411,   1.0
  0.29999939999999997, -0.08647479713413872,-2.3194331272168593, 48.74064116334265, 36.533348666259045,0.22281454737489853,298.15070663814436,  46.83418829278245, 297369.6457933422,      0.0, 297369.6457933422,   1.0
 -0.08766056380673935,   0.2999993999999999,-2.3194331272168593, 48.74064116334265, 36.533348666259045,0.22281454737489853,298.15070663814436,  46.83418829278245,268387.80224594264,      0.0,268387.80224594264,   1.0
 -0.08766056380673935, -0.08647479713413872,-1.3194331272168593, 48.74064116334265, 36.533348666259045,0.22281454737489853,298.15070663814436,  46.83418829278245,357240.64277530846,      0.0,357240.64277530846,   1.0
 -0.08766056380673935, -0.08647479713413872,-2.3194331272168593, 49.74064116334265, 36.533348666259045,0.22281454737489853,298.15070663814436,  46.83418829278245, 357902.6954520432,      0.0, 357902.6954520432,   1.0
 -0.08766056380673935, -0.08647479713413872,-2.3194331272168593, 48.74064116334265, 37.533348666259045,0.22281454737489853,298.15070663814436,  46.83418829278245, 357487.9961279571,      0.0, 357487.9961279571,   1.0
 -0.08766056380673935, -0.08647479713413872,-2.3194331272168593, 48.74064116334265, 36.533348666259045,         0.59999942,298.15070663814436,  46.83418829278245,324462.98431773233,      0.0,324462.98431773233,   1.0
 -0.08766056380673935, -0.08647479713413872,-2.3194331272168593, 48.74064116334265, 36.533348666259045,0.22281454737489853,299.15070663814436,  46.83418829278245, 357779.4705949408,      0.0, 357779.4705949408,   1.0
 -0.08766056380673935, -0.08647479713413872,-2.3194331272168593, 48.74064116334265, 36.533348666259045,0.22281454737489853,298.15070663814436,  47.83418829278245,357581.37933896395,      0.0,357581.37933896395,   1.0
 -0.08766056373327583, -0.08647479704060791, -2.319433107250415, 48.74064117329115,   36.5333487100589,0.22281454746373772, 298.1507066565107, 46.834188307263524, 357731.3234397411,      0.0, 357731.3234397411,   1.0
            0.2999994, -0.08647479704060791, -2.319433107250415, 48.74064117329115,   36.5333487100589,0.22281454746373772, 298.1507066565107, 46.834188307263524, 297369.6457933422,      0.0, 297369.6457933422,   1.0
 -0.08766056373327583,  0.29999939999999997, -2.319433107250415, 48.74064117329115,   36.5333487100589,0.22281454746373772, 298.1507066565107, 46.834188307263524,268387.80224594264,      0.0,268387.80224594264,   1.0
 -0.08766056373327583, -0.08647479704060791,-1.3194331072504148, 48.74064117329115,   36.5333487100589,0.22281454746373772, 298.1507066565107, 46.834188307263524,357240.64277530846,      0.0,357240.64277530846,   1.0
 -0.08766056373327583, -0.08647479704060791, -2.319433107250415, 49.74064117329115,   36.5333487100589,0.22281454746373772, 298.1507066565107, 46.834188307263524, 357902.6954520432,      0.0, 357902.6954520432,   1.0
 -0.08766056373327583, -0.08647479704060791, -2.319433107250415, 48.74064117329115,   37.5333487100589,0.22281454746373772, 298.1507066565107, 46.834188307263524, 357487.9961279571,      0.0, 357487.9961279571,   1.0
 -0.08766056373327583, -0.08647479704060791, -2.319433107250415, 48.74064117329115,   36.5333487100589,         0.59999942, 298.1507066565107, 46.834188307263524,324462.98431773233,      0.0,324462.98431773233,   1.0
 -0.08766056373327583, -0.08647479704060791, -2.319433107250415, 48.74064117329115,   36.5333487100589,0.22281454746373772, 299.1507066565107, 46.834188307263524, 357779.4705949408,      0.0, 357779.4705949408,   1.0
 -0.08766056373327583, -0.08647479704060791, -2.319433107250415, 48.74064117329115,   36.5333487100589,0.22281454746373772, 298.1507066565107, 47.834188307263524,357581.37933896395,      0.0,357581.37933896395,   1.0
 -0.08766056371777237, -0.08647479702086952,-2.3194331030367703, 48.74064117539064,  36.53334871930226,  0.222814547482486, 298.1507066603867,  46.83418831031956, 357731.3234397411,      0.0, 357731.3234397411,   1.0
  0.29999939999999997, -0.08647479702086952,-2.3194331030367703, 48.74064117539064,  36.53334871930226,  0.222814547482486, 298.1507066603867,  46.83418831031956, 297369.6457933422,      0.0, 297369.6457933422,   1.0
 -0.08766056371777237,  0.29999939999999997,-2.3194331030367703, 48.74064117539064,  36.53334871930226,  0.222814547482486, 298.1507066603867,  46.83418831031956,268387.80224594264,      0.0,268387.80224594264,   1.0
 -0.08766056371777237, -0.08647479702086952,-1.3194331030367703, 48.74064117539064,  36.53334871930226,  0.222814547482486, 298.1507066603867,  46.83418831031956,357240.64277530846,      0.0,357240.64277530846,   1.0
 -0.08766056371777237, -0.08647479702086952,-2.3194331030367703, 49.74064117539064,  36.53334871930226,  0.222814547482486, 298.1507066603867,  46.83418831031956, 357902.6954520432,      0.0, 357902.6954520432,   1.0
 -0.08766056371777237, -0.08647479702086952,-2.3194331030367703, 48.74064117539064,  37.53334871930226,  0.222814547482486, 298.1507066603867,  46.83418831031956, 357487.9961279571,      0.0, 357487.9961279571,   1.0
 -0.08766056371777237, -0.08647479702086952,-2.3194331030367703, 48.74064117539064,  36.53334871930226,         0.59999942, 298.1507066603867,  46.83418831031956,324462.98431773233,      0.0,324462.98431773233,   1.0
 -0.08766056371777237, -0.08647479702086952,-2.3194331030367703, 48.74064117539064,  36.53334871930226,  0.222814547482486, 299.1507066603867,  46.83418831031956, 357779.4705949408,      0.0, 357779.4705949408,   1.0
 -0.08766056371777237, -0.08647479702086952,-2.3194331030367703, 48.74064117539064,  36.53334871930226,  0.222814547482486, 298.1507066603867,  47.83418831031956,357581.37933896395,      0.0,357581.37933896395,   1.0
 -0.08766056371450057,   -0.086474797016704, -2.319433102147539,48.740641175833716,  36.53334872125295,0.22281454748644258,298.15070666120465,  46.83418831096449, 357731.3234397411,      0.0, 357731.3234397411,   1.0
   0.2999993999999999,   -0.086474797016704, -2.319433102147539,48.740641175833716,  36.53334872125295,0.22281454748644258,298.15070666120465,  46.83418831096449, 297369.6457933422,      0.0, 297369.6457933422,   1.0
 -0.08766056371450057,  0.29999939999999997, -2.319433102147539,48.740641175833716,  36.53334872125295,0.22281454748644258,298.15070666120465,  46.83418831096449,268387.80224594264,      0.0,268387.80224594264,   1.0
 -0.08766056371450057,   -0.086474797016704, -1.319433102147539,48.740641175833716,  36.53334872125295,0.22281454748644258,298.15070666120465,  46.83418831096449,357240.64277530846,      0.0,357240.64277530846,   1.0
 -0.08766056371450057,   -0.086474797016704, -2.319433102147539,49.740641175833716,  36.53334872125295,0.22281454748644258,298.15070666120465,  46.83418831096449, 357902.6954520432,      0.0, 357902.6954520432,   1.0
 -0.08766056371450057,   -0.086474797016704, -2.319433102147539,48.740641175833716,  37.53334872125295,0.22281454748644258,298.15070666120465,  46.83418831096449, 357487.9961279571,      0.0, 357487.9961279571,   1.0
 -0.08766056371450057,   -0.086474797016704, -2.319433102147539,48.740641175833716,  36.53334872125295,         0.59999942,298.15070666120465,  46.83418831096449,324462.98431773233,      0.0,324462.98431773233,   1.0
 -0.08766056371450057,   -0.086474797016704, -2.319433102147539,48.740641175833716,  36.53334872125295,0.22281454748644258,299.15070666120465,  46.83418831096449, 357779.4705949408,      0.0, 357779.4705949408,   1.0
 -0.08766056371450057,   -0.086474797016704, -2.319433102147539,48.740641175833716,  36.53334872125295,0.22281454748644258,298.15070666120465,  47.83418831096449,357581.37933896395,      0.0,357581.37933896395,   1.0
  -0.0876605637138101, -0.08647479701582494,-2.3194331019598806,48.740641175927216,  36.53334872166461,0.22281454748727755, 298.1507066613773,   46.8341883111006, 357731.3234397411,      0.0, 357731.3234397411,   1.0
  0.29999939999999997, -0.08647479701582494,-2.3194331019598806,48.740641175927216,  36.53334872166461,0.22281454748727755, 298.1507066613773,   46.8341883111006, 297369.6457933422,      0.0, 297369.6457933422,   1.0
  -0.0876605637138101,  0.29999939999999997,-2.3194331019598806,48.740641175927216,  36.53334872166461,0.22281454748727755, 298.1507066613773,   46.8341883111006,268387.80224594264,      0.0,268387.80224594264,   1.0
  -0.0876605637138101, -0.08647479701582494,-1.3194331019598806,48.740641175927216,  36.53334872166461,0.22281454748727755, 298.1507066613773,   46.8341883111006,357240.64277530846,      0.0,357240.64277530846,   1.0
  -0.0876605637138101, -0.08647479701582494,-2.3194331019598806,49.740641175927216,  36.53334872166461,0.22281454748727755, 298.1507066613773,   46.8341883111006, 357902.6954520432,      0.0, 357902.6954520432,   1.0
  -0.0876605637138101, -0.08647479701582494,-2.3194331019598806,48.740641175927216,  37.53334872166461,0.22281454748727755, 298.1507066613773,   46.8341883111006, 357487.9961279571,      0.0, 357487.9961279571,   1.0
  -0.0876605637138101, -0.08647479701582494,-2.3194331019598806,48.740641175927216,  36.53334872166461,         0.59999942, 298.1507066613773,   46.8341883111006,324462.98431773233,      0.0,324462.98431773233,   1.0
  -0.0876605637138101, -0.08647479701582494,-2.3194331019598806,48.740641175927216,  36.53334872166461,0.22281454748727755, 299.1507066613773,   46.8341883111006, 357779.4705949408,      0.0, 357779.4705949408,   1.0
  -0.0876605637138101, -0.08647479701582494,-2.3194331019598806,48.740641175927216,  36.53334872166461,0.22281454748727755, 298.1507066613773,   47.8341883111006,357581.37933896395,      0.0,357581.37933896395,   1.0
 -0.08766056371366437,  -0.0864747970156394,-2.3194331019202736, 48.74064117594695, 36.533348721751494,0.22281454748745377, 298.1507066614137, 46.834188311129324, 357731.3234397411,      0.0, 357731.3234397411,   1.0
  0.29999939999999997,  -0.0864747970156394,-2.3194331019202736, 48.74064117594695, 36.533348721751494,0.22281454748745377, 298.1507066614137, 46.834188311129324, 297369.6457933422,      0.0, 297369.6457933422,   1.0
 -0.08766056371366437,   0.2999993999999999,-2.3194331019202736, 48.74064117594695, 36.533348721751494,0.22281454748745377, 298.1507066614137, 46.834188311129324,268387.80224594264,      0.0,268387.80224594264,   1.0
 -0.08766056371366437,  -0.0864747970156394,-1.3194331019202736, 48.74064117594695, 36.533348721751494,0.22281454748745377, 298.1507066614137, 46.834188311129324,357240.64277530846,      0.0,357240.64277530846,   1.0
 -0.08766056371366437,  -0.0864747970156394,-2.3194331019202736, 49.74064117594695, 36.533348721751494,0.22281454748745377, 298.1507066614137, 46.834188311129324, 357902.6954520432,      0.0, 357902.6954520432,   1.0
 -0.08766056371366437,  -0.0864747970156394,-2.3194331019202736, 48.74064117594695, 37.533348721751494,0.22281454748745377, 298.1507066614137, 46.834188311129324, 357487.9961279571,      0.0, 357487.9961279571,   1.0
 -0.08766056371366437,  -0.0864747970156394,-2.3194331019202736, 48.74064117594695, 36.533348721751494,         0.59999942, 298.1507066614137, 46.834188311129324,324462.98431773233,      0.0,324462.98431773233,   1.0
 -0.08766056371366437,  -0.0864747970156394,-2.3194331019202736, 48.74064117594695, 36.533348721751494,0.22281454748745377, 299.1507066614137, 46.834188311129324, 357779.4705949408,      0.0, 357779.4705949408,   1.0
 -0.08766056371366437,  -0.0864747970156394,-2.3194331019202736, 48.74064117594695, 36.533348721751494,0.22281454748745377, 298.1507066614137, 47.834188311129324,357581.37933896395,      0.0,357581.37933896395,   1.0
 -0.08766056371363362, -0.08647479701560025,-2.3194331019119145, 48.74064117595111,  36.53334872176983,0.22281454748749097, 298.1507066614214, 46.834188311135385, 357731.3234397411,      0.0, 357731.3234397411,   1.0
  0.29999939999999997, -0.08647479701560025,-2.3194331019119145, 48.74064117595111,  36.53334872176983,0.22281454748749097, 298.1507066614214, 46.834188311135385, 297369.6457933422,      0.0, 297369.6457933422,   1.0
 -0.08766056371363362,  0.29999939999999997,-2.3194331019119145, 48.74064117595111,  36.53334872176983,0.22281454748749097, 298.1507066614214, 46.834188311135385,268387.80224594264,      0.0,268387.80224594264,   1.0
 -0.08766056371363362, -0.08647479701560025,-1.3194331019119145, 48.74064117595111,  36.53334872176983,0.22281454748749097, 298.1507066614214, 46.834188311135385,357240.64277530846,      0.0,357240.64277530846,   1.0
 -0.08766056371363362, -0.08647479701560025,-2.3194331019119145, 49.74064117595111,  36.53334872176983,0.22281454748749097, 298.1507066614214, 46.834188311135385, 357902.6954520432,      0.0, 357902.6954520432,   1.0
 -0.08766056371363362, -0.08647479701560025,-2.3194331019119145, 48.74064117595111,  37.53334872176983,0.22281454748749097, 298.1507066614214, 46.834188311135385, 357487.9961279571,      0.0, 357487.9961279571,   1.0
 -0.08766056371363362, -0.08647479701560025,-2.3194331019119145, 48.74064117595111,  36.53334872176983,         0.59999942, 298.1507066614214, 46.834188311135385,324462.98431773233,      0.0,324462.98431773233,   1.0
 -0.08766056371363362, -0.08647479701560025,-2.3194331019119145, 48.74064117595111,  36.53334872176983,0.22281454748749097, 299.1507066614214, 46.834188311135385, 357779.4705949408,      0.0, 357779.4705949408,   1.0
 -0.08766056371363362, -0.08647479701560025,-2.3194331019119145, 48.74064117595111,  36.53334872176983,0.22281454748749097, 298.1507066614214, 47.834188311135385,357581.37933896395,      0.0,357581.37933896395,   1.0
 -0.08766056371365392, -0.08647479701562609,-2.3194331019174315, 48.74064117594837, 36.533348721757726,0.22281454748746643,298.15070666141634, 46.834188311131385, 357731.3234397411,      0.0, 357731.3234397411,   1.0
  0.29999939999999997, -0.08647479701562609,-2.3194331019174315, 48.74064117594837, 36.533348721757726,0.22281454748746643,298.15070666141634, 46.834188311131385, 297369.6457933422,      0.0, 297369.6457933422,   1.0
 -0.08766056371365392,  0.29999939999999997,-2.3194331019174315, 48.74064117594837, 36.533348721757726,0.22281454748746643,298.15070666141634, 46.834188311131385,268387.80224594264,      0.0,268387.80224594264,   1.0
 -0.08766056371365392, -0.08647479701562609,-1.3194331019174315, 48.74064117594837, 36.533348721757726,0.22281454748746643,298.15070666141634, 46.834188311131385,357240.64277530846,      0.0,357240.64277530846,   1.0
 -0.08766056371365392, -0.08647479701562609,-2.3194331019174315, 49.74064117594837, 36.533348721757726,0.22281454748746643,298.15070666141634, 46.834188311131385, 357902.6954520432,      0.0, 357902.6954520432,   1.0
 -0.08766056371365392, -0.08647479701562609,-2.3194331019174315, 48.74064117594837, 37.533348721757726,0.22281454748746643,298.15070666141634, 46.834188311131385, 357487.9961279571,      0.0, 357487.9961279571,   1.0
 -0.08766056371365392, -0.08647479701562609,-2.3194331019174315, 48.74064117594837, 36.533348721757726,         0.59999942,298.15070666141634, 46.834188311131385,324462.98431773233,      0.0,324462.98431773233,   1.0
 -0.08766056371365392, -0.08647479701562609,-2.3194331019174315, 48.74064117594837, 36.533348721757726,0.22281454748746643,299.15070666141634, 46.834188311131385, 357779.4705949408,      0.0, 357779.4705949408,   1.0
 -0.08766056371365392, -0.08647479701562609,-2.3194331019174315, 48.74064117594837, 36.533348721757726,0.22281454748746643,298.15070666141634, 47.834188311131385,357581.37933896395,      0.0,357581.37933896395,   1.0
 -0.08766056371366082, -0.08647479701563487,-2.3194331019193073, 48.74064117594743,  36.53334872175361,0.22281454748745808, 298.1507066614146,  46.83418831113002, 357731.3234397411,      0.0, 357731.3234397411,   1.0
  0.29999939999999997, -0.08647479701563487,-2.3194331019193073, 48.74064117594743,  36.53334872175361,0.22281454748745808, 298.1507066614146,  46.83418831113002, 297369.6457933422,      0.0, 297369.6457933422,   1.0
 -0.08766056371366082,  0.29999939999999997,-2.3194331019193073, 48.74064117594743,  36.53334872175361,0.22281454748745808, 298.1507066614146,  46.83418831113002,268387.80224594264,      0.0,268387.80224594264,   1.0
 -0.08766056371366082, -0.08647479701563487,-1.3194331019193073, 48.74064117594743,  36.53334872175361,0.22281454748745808, 298.1507066614146,  46.83418831113002,357240.64277530846,      0.0,357240.64277530846,   1.0
 -0.08766056371366082, -0.08647479701563487,-2.3194331019193073, 49.74064117594743,  36.53334872175361,0.22281454748745808, 298.1507066614146,  46.83418831113002, 357902.6954520432,      0.0, 357902.6954520432,   1.0
 -0.08766056371366082, -0.08647479701563487,-2.3194331019193073, 48.74064117594743,  37.53334872175361,0.22281454748745808, 298.1507066614146,  46.83418831113002, 357487.9961279571,      0.0, 357487.9961279571,   1.0
 -0.08766056371366082, -0.08647479701563487,-2.3194331019193073, 48.74064117594743,  36.53334872175361,         0.59999942, 298.1507066614146,  46.83418831113002,324462.98431773233,      0.0,324462.98431773233,   1.0
 -0.08766056371366082, -0.08647479701563487,-2.3194331019193073, 48.74064117594743,  36.53334872175361,0.22281454748745808, 299.1507066614146,  46.83418831113002, 357779.4705949408,      0.0, 357779.4705949408,   1.0
 -0.08766056371366082, -0.08647479701563487,-2.3194331019193073, 48.74064117594743,  36.53334872175361,0.22281454748745808, 298.1507066614146,  47.83418831113002,357581.37933896395,      0.0,357581.37933896395,   1.0
 -0.29999939999999997, -0.29999939999999997,          -59.99988,          79.99994,          -89.99974,         0.02000058, 394.4450173802986,           5.000115,144282.29626087862,      0.0,144282.29626087862,   1.0
  0.29999939999999997, -0.29999939999999997,          -59.99988,          79.99994,          -89.99974,         0.02000058, 394.4450173802986,           5.000115,222786.42461869688,      0.0,222786.42461869688,   1.0
 -0.29999939999999997,  0.29999939999999997,          -59.99988,          79.99994,          -89.99974,         0.02000058, 394.4450173802986,           5.000115,178220.01533596858,      0.0,178220.01533596858,   1.0
 -0.29999939999999997, -0.29999939999999997,          -58.99988,          79.99994,          -89.99974,         0.02000058, 394.4450173802986,           5.000115, 145532.2314564078,      0.0, 145532.2314564078,   1.0
 -0.29999939999999997, -0.29999939999999997,          -59.99988,          78.99994,          -89.99974,         0.02000058, 394.4450173802986,           5.000115, 130972.7292039399,      0.0, 130972.7292039399,   1.0
 -0.29999939999999997, -0.29999939999999997,          -59.99988,          79.99994,          -88.99974,         0.02000058, 394.4450173802986,           5.000115,150692.79797950957,      0.0,150692.79797950957,   1.0
 -0.29999939999999997, -0.29999939999999997,          -59.99988,          79.99994,          -89.99974,         0.59999942, 394.4450173802986,           5.000115,152818.05472000502,      0.0,152818.05472000502,   1.0
 -0.29999939999999997, -0.29999939999999997,          -59.99988,          79.99994,          -89.99974,         0.02000058, 395.4450173802986,           5.000115, 146085.5665035131,      0.0, 146085.5665035131,   1.0
 -0.29999939999999997, -0.29999939999999997,          -59.99988,          79.99994,          -89.99974,         0.02000058, 394.4450173802986,           6.000115,144758.16490213393,      0.0,144758.16490213393,   1.0
 -0.11985113015801599, -0.11884512568505531,-11.063788542903803, 53.47955071035067, 17.350933148869814, 0.1920679511020341,312.74892365095326, 40.492143021101306, 346462.4287125828,      0.0, 346462.4287125828,   1.0
            0.2999994, -0.11884512568505531,-11.063788542903803, 53.47955071035067, 17.350933148869814, 0.1920679511020341,312.74892365095326, 40.492143021101306,333836.75612498686,      0.0,333836.75612498686,   1.0
 -0.11985113015801599,   0.2999993999999999,-11.063788542903803, 53.47955071035067, 17.350933148869814, 0.1920679511020341,312.74892365095326, 40.492143021101306, 175391.6227515971,      0.0, 175391.6227515971,   1.0
 -0.11985113015801599, -0.11884512568505531,-10.063788542903803, 53.47955071035067, 17.350933148869814, 0.1920679511020341,312.74892365095326, 40.492143021101306, 346365.1424588702,      0.0, 346365.1424588702,   1.0
 -0.11985113015801599, -0.11884512568505531,-11.063788542903803, 54.47955071035067, 17.350933148869814, 0.1920679511020341,312.74892365095326, 40.492143021101306,  346168.961371923,      0.0,  346168.961371923,   1.0
 -0.11985113015801599, -0.11884512568505531,-11.063788542903803, 53.47955071035067, 18.350933148869814, 0.1920679511020341,312.74892365095326, 40.492143021101306, 347145.0574411901,      0.0, 347145.0574411901,   1.0
 -0.11985113015801599, -0.11884512568505531,-11.063788542903803, 53.47955071035067, 17.350933148869814,         0.59999942,312.74892365095326, 40.492143021101306,314833.96911641833,      0.0,314833.96911641833,   1.0
 -0.11985113015801599, -0.11884512568505531,-11.063788542903803, 53.47955071035067, 17.350933148869814, 0.1920679511020341,313.74892365095326, 40.492143021101306, 346473.0801256765,      0.0, 346473.0801256765,   1.0
 -0.11985113015801599, -0.11884512568505531,-11.063788542903803, 53.47955071035067, 17.350933148869814, 0.1920679511020341,312.74892365095326, 41.492143021101306,346640.40260209056,      0.0,346640.40260209056,   1.0
 -0.09333728185757131, -0.09218321573512021, -3.861476211798895,49.576334880904895,  33.15058232294377,0.21739246950488822, 300.7250622073838,  45.71578601057898, 357178.7280996382,      0.0, 357178.7280996382,   1.0
            0.2999994, -0.09218321573512021, -3.861476211798895,49.576334880904895,  33.15058232294377,0.21739246950488822, 300.7250622073838,  45.71578601057898,303299.14893416816,      0.0,303299.14893416816,   1.0
 -0.09333728185757131,  0.29999939999999997, -3.861476211798895,49.576334880904895,  33.15058232294377,0.21739246950488822, 300.7250622073838,  45.71578601057898,254684.35950565437,      0.0,254684.35950565437,   1.0
 -0.09333728185757131, -0.09218321573512021, -2.861476211798895,49.576334880904895,  33.15058232294377,0.21739246950488822, 300.7250622073838,  45.71578601057898,356824.55495428946,      0.0,356824.55495428946,   1.0
 -0.09333728185757131, -0.09218321573512021, -3.861476211798895,50.576334880904895,  33.15058232294377,0.21739246950488822, 300.7250622073838,  45.71578601057898,357122.75192028197,      0.0,357122.75192028197,   1.0
 -0.09333728185757131, -0.09218321573512021, -3.861476211798895,49.576334880904895,  34.15058232294377,0.21739246950488822, 300.7250622073838,  45.71578601057898,356855.01369490323,      0.0,356855.01369490323,   1.0
 -0.09333728185757131, -0.09218321573512021, -3.861476211798895,49.576334880904895,  33.15058232294377,         0.59999942, 300.7250622073838,  45.71578601057898, 323750.5975935337,      0.0, 323750.5975935337,   1.0
 -0.09333728185757131, -0.09218321573512021, -3.861476211798895,49.576334880904895,  33.15058232294377,0.21739246950488822, 301.7250622073838,  45.71578601057898, 357175.7758953301,      0.0, 357175.7758953301,   1.0
 -0.09333728185757131, -0.09218321573512021, -3.861476211798895,49.576334880904895,  33.15058232294377,0.21739246950488822, 300.7250622073838,  46.71578601057898,357101.76405110036,      0.0,357101.76405110036,   1.0
 -0.08871738703492704, -0.08753752196997007, -2.606512199314128,48.896220610136545,  35.90358583234666,0.22180513001835064,298.62996931095176,  46.62597758024355, 357656.3081202284,      0.0, 357656.3081202284,   1.0
  0.29999939999999997, -0.08753752196997007, -2.606512199314128,48.896220610136545,  35.90358583234666,0.22180513001835064,298.62996931095176,  46.62597758024355, 298080.7665435589,      0.0, 298080.7665435589,   1.0
 -0.08871738703492704,  0.29999939999999997, -2.606512199314128,48.896220610136545,  35.90358583234666,0.22180513001835064,298.62996931095176,  46.62597758024355, 265563.5458041458,      0.0, 265563.5458041458,   1.0
 -0.08871738703492704, -0.08753752196997007,-1.6065121993141278,48.896220610136545,  35.90358583234666,0.22180513001835064,298.62996931095176,  46.62597758024355, 357174.2888837636,      0.0, 357174.2888837636,   1.0
 -0.08871738703492704, -0.08753752196997007, -2.606512199314128,49.896220610136545,  35.90358583234666,0.22180513001835064,298.62996931095176,  46.62597758024355, 357854.4658906465,      0.0, 357854.4658906465,   1.0
 -0.08871738703492704, -0.08753752196997007, -2.606512199314128,48.896220610136545,  36.90358583234666,0.22180513001835064,298.62996931095176,  46.62597758024355, 357430.9417015348,      0.0, 357430.9417015348,   1.0
 -0.08871738703492704, -0.08753752196997007, -2.606512199314128,48.896220610136545,  35.90358583234666,         0.59999942,298.62996931095176,  46.62597758024355, 324324.0417426398,      0.0, 324324.0417426398,   1.0
 -0.08871738703492704, -0.08753752196997007, -2.606512199314128,48.896220610136545,  35.90358583234666,0.22180513001835064,299.62996931095176,  46.62597758024355,357655.98444194836,      0.0,357655.98444194836,   1.0
 -0.08871738703492704, -0.08753752196997007, -2.606512199314128,48.896220610136545,  35.90358583234666,0.22180513001835064,298.62996931095176,  47.62597758024355,357540.50854450604,      0.0,357540.50854450604,   1.0
 -0.08786360743414412,  -0.0866789745959631,-2.3745885918059138, 48.77053210144209, 36.412354609006094,0.22262061168540256,298.24278569630513,  46.79418552107702,357731.84392409184,      0.0,357731.84392409184,   1.0
  0.29999939999999997,  -0.0866789745959631,-2.3745885918059138, 48.77053210144209, 36.412354609006094,0.22262061168540256,298.24278569630513,  46.79418552107702,297574.76856418303,      0.0,297574.76856418303,   1.0
 -0.08786360743414412,            0.2999994,-2.3745885918059138, 48.77053210144209, 36.412354609006094,0.22262061168540256,298.24278569630513,  46.79418552107702,267870.76065092755,      0.0,267870.76065092755,   1.0
 -0.08786360743414412,  -0.0866789745959631,-1.3745885918059138, 48.77053210144209, 36.412354609006094,0.22262061168540256,298.24278569630513,  46.79418552107702, 357253.4560453207,      0.0, 357253.4560453207,   1.0
 -0.08786360743414412,  -0.0866789745959631,-2.3745885918059138, 49.77053210144209, 36.412354609006094,0.22262061168540256,298.24278569630513,  46.79418552107702, 357868.8737754666,      0.0, 357868.8737754666,   1.0
 -0.08786360743414412,  -0.0866789745959631,-2.3745885918059138, 48.77053210144209, 37.412354609006094,0.22262061168540256,298.24278569630513,  46.79418552107702,357475.47387848364,      0.0,357475.47387848364,   1.0
 -0.08786360743414412,  -0.0866789745959631,-2.3745885918059138, 48.77053210144209, 36.412354609006094,         0.59999942,298.24278569630513,  46.79418552107702, 324431.5554687683,      0.0, 324431.5554687683,   1.0
 -0.08786360743414412,  -0.0866789745959631,-2.3745885918059138, 48.77053210144209, 36.412354609006094,0.22262061168540256,299.24278569630513,  46.79418552107702,357790.57318383234,      0.0,357790.57318383234,   1.0
 -0.08786360743414412,  -0.0866789745959631,-2.3745885918059138, 48.77053210144209, 36.412354609006094,0.22262061168540256,298.24278569630513,  47.79418552107702, 357598.5296254334,      0.0, 357598.5296254334,   1.0
 -0.08802366577382632, -0.08683992675164362,-2.4180673860015456, 48.79409496708133,  36.31697556083069,0.22246773307182371,298.31537113457944,   46.7626515236537,357746.17929608887,      0.0,357746.17929608887,   1.0
  0.29999939999999997, -0.08683992675164362,-2.4180673860015456, 48.79409496708133,  36.31697556083069,0.22246773307182371,298.31537113457944,   46.7626515236537, 297641.3040608546,      0.0, 297641.3040608546,   1.0
 -0.08802366577382632,   0.2999993999999999,-2.4180673860015456, 48.79409496708133,  36.31697556083069,0.22246773307182371,298.31537113457944,   46.7626515236537, 267508.9338567076,      0.0, 267508.9338567076,   1.0
 -0.08802366577382632, -0.08683992675164362,-1.4180673860015456, 48.79409496708133,  36.31697556083069,0.22246773307182371,298.31537113457944,   46.7626515236537, 357265.3661159472,      0.0, 357265.3661159472,   1.0
 -0.08802366577382632, -0.08683992675164362,-2.4180673860015456, 49.79409496708133,  36.31697556083069,0.22246773307182371,298.31537113457944,   46.7626515236537, 357877.5779050764,      0.0, 357877.5779050764,   1.0
 -0.08802366577382632, -0.08683992675164362,-2.4180673860015456, 48.79409496708133,  37.31697556083069,0.22246773307182371,298.31537113457944,   46.7626515236537,357514.44466565683,      0.0,357514.44466565683,   1.0
 -0.08802366577382632, -0.08683992675164362,-2.4180673860015456, 48.79409496708133,  36.31697556083069,         0.59999942,298.31537113457944,   46.7626515236537,  324381.289730041,      0.0,  324381.289730041,   1.0
 -0.08802366577382632, -0.08683992675164362,-2.4180673860015456, 48.79409496708133,  36.31697556083069,0.22246773307182371,299.31537113457944,   46.7626515236537,357772.43266699335,      0.0,357772.43266699335,   1.0
 -0.08802366577382632, -0.08683992675164362,-2.4180673860015456, 48.79409496708133,  36.31697556083069,0.22246773307182371,298.31537113457944,   47.7626515236537, 357596.9963023357,      0.0, 357596.9963023357,   1.0
  -0.0884815218061528, -0.08730033959573907,  -2.54244096278785, 48.86149789149777,  36.04413834003123,0.22203041505653148,298.52300593098516,    46.672446721003, 357676.4102506108,      0.0, 357676.4102506108,   1.0
  0.29999939999999997, -0.08730033959573907,  -2.54244096278785, 48.86149789149777,  36.04413834003123,0.22203041505653148,298.52300593098516,    46.672446721003, 297827.1069962036,      0.0, 297827.1069962036,   1.0
  -0.0884815218061528,  0.29999939999999997,  -2.54244096278785, 48.86149789149777,  36.04413834003123,0.22203041505653148,298.52300593098516,    46.672446721003, 266100.1871122528,      0.0, 266100.1871122528,   1.0
  -0.0884815218061528, -0.08730033959573907,  -1.54244096278785, 48.86149789149777,  36.04413834003123,0.22203041505653148,298.52300593098516,    46.672446721003, 357183.3453771871,      0.0, 357183.3453771871,   1.0
  -0.0884815218061528, -0.08730033959573907,  -2.54244096278785, 49.86149789149777,  36.04413834003123,0.22203041505653148,298.52300593098516,    46.672446721003,357867.10500054894,      0.0,357867.10500054894,   1.0
  -0.0884815218061528, -0.08730033959573907,  -2.54244096278785, 48.86149789149777,  37.04413834003123,0.22203041505653148,298.52300593098516,    46.672446721003,  357481.424406991,      0.0,  357481.424406991,   1.0
  -0.0884815218061528, -0.08730033959573907,  -2.54244096278785, 48.86149789149777,  36.04413834003123,         0.59999942,298.52300593098516,    46.672446721003, 324435.8553942637,      0.0, 324435.8553942637,   1.0
  -0.0884815218061528, -0.08730033959573907,  -2.54244096278785, 48.86149789149777,  36.04413834003123,0.22203041505653148,299.52300593098516,    46.672446721003, 357669.7144736817,      0.0, 357669.7144736817,   1.0
  -0.0884815218061528, -0.08730033959573907,  -2.54244096278785, 48.86149789149777,  36.04413834003123,0.22203041505653148,298.52300593098516,    47.672446721003,357549.87560602755,      0.0,357549.87560602755,   1.0
 -0.08810163822366106, -0.08691833462410757, -2.439248088650501, 48.80557362144364,  36.27051163983845, 0.2223932582268906,298.35073114428474,  46.74728973096573,357687.56633265706,      0.0,357687.56633265706,   1.0
  0.29999939999999997, -0.08691833462410757, -2.439248088650501, 48.80557362144364,  36.27051163983845, 0.2223932582268906,298.35073114428474,  46.74728973096573,297685.30185564863,      0.0,297685.30185564863,   1.0
 -0.08810163822366106,  0.29999939999999997, -2.439248088650501, 48.80557362144364,  36.27051163983845, 0.2223932582268906,298.35073114428474,  46.74728973096573,267301.79763700964,      0.0,267301.79763700964,   1.0
 -0.08810163822366106, -0.08691833462410757,-1.4392480886505008, 48.80557362144364,  36.27051163983845, 0.2223932582268906,298.35073114428474,  46.74728973096573, 357211.7519271064,      0.0, 357211.7519271064,   1.0
 -0.08810163822366106, -0.08691833462410757, -2.439248088650501, 49.80557362144364,  36.27051163983845, 0.2223932582268906,298.35073114428474,  46.74728973096573, 357873.8567064028,      0.0, 357873.8567064028,   1.0
 -0.08810163822366106, -0.08691833462410757, -2.439248088650501, 48.80557362144364,  37.27051163983845, 0.2223932582268906,298.35073114428474,  46.74728973096573,357509.02667835733,      0.0,357509.02667835733,   1.0
 -0.08810163822366106, -0.08691833462410757, -2.439248088650501, 48.80557362144364,  36.27051163983845,         0.59999942,298.35073114428474,  46.74728973096573, 324408.9983516991,      0.0, 324408.9983516991,   1.0
 -0.08810163822366106, -0.08691833462410757, -2.439248088650501, 48.80557362144364,  36.27051163983845, 0.2223932582268906,299.35073114428474,  46.74728973096573,357721.20944328164,      0.0,357721.20944328164,   1.0
 -0.08810163822366106, -0.08691833462410757, -2.439248088650501, 48.80557362144364,  36.27051163983845, 0.2223932582268906,298.35073114428474,  47.74728973096573, 357549.2795065064,      0.0, 357549.2795065064,   1.0
 -0.08803112516854439, -0.08684742780196271,-2.4200936814661556, 48.79519309615002, 36.312530494303154,0.22246060828266934,  298.318753922605,  46.76118190617369, 357746.0251824799,      0.0, 357746.0251824799,   1.0
  0.29999939999999997, -0.08684742780196271,-2.4200936814661556, 48.79519309615002, 36.312530494303154,0.22246060828266934,  298.318753922605,  46.76118190617369,297654.92919792695,      0.0,297654.92919792695,   1.0
 -0.08803112516854439,  0.29999939999999997,-2.4200936814661556, 48.79519309615002, 36.312530494303154,0.22246060828266934,  298.318753922605,  46.76118190617369, 267491.9607890466,      0.0, 267491.9607890466,   1.0
 -0.08803112516854439, -0.08684742780196271,-1.4200936814661556, 48.79519309615002, 36.312530494303154,0.22246060828266934,  298.318753922605,  46.76118190617369,357267.91864521377,      0.0,357267.91864521377,   1.0
 -0.08803112516854439, -0.08684742780196271,-2.4200936814661556, 49.79519309615002, 36.312530494303154,0.22246060828266934,  298.318753922605,  46.76118190617369,357885.01191855577,      0.0,357885.01191855577,   1.0
 -0.08803112516854439, -0.08684742780196271,-2.4200936814661556, 48.79519309615002, 37.312530494303154,0.22246060828266934,  298.318753922605,  46.76118190617369,357515.52063035197,      0.0,357515.52063035197,   1.0
 -0.08803112516854439, -0.08684742780196271,-2.4200936814661556, 48.79519309615002, 36.312530494303154,         0.59999942,  298.318753922605,  46.76118190617369,324384.38694836857,      0.0,324384.38694836857,   1.0
 -0.08803112516854439, -0.08684742780196271,-2.4200936814661556, 48.79519309615002, 36.312530494303154,0.22246060828266934,  299.318753922605,  46.76118190617369, 357772.4938248261,      0.0, 357772.4938248261,   1.0
 -0.08803112516854439, -0.08684742780196271,-2.4200936814661556, 48.79519309615002, 36.312530494303154,0.22246060828266934,  298.318753922605,  47.76118190617369,357596.38930962095,      0.0,357596.38930962095,   1.0
 -0.08802366577382632, -0.08683992675164362,-2.4180673860015456, 48.79409496708133,  36.31697556083069,0.22246773307182371,298.31537113457944,   46.7626515236537,357746.17929608887,      0.0,357746.17929608887,   1.0
  0.29999939999999997, -0.08683992675164362,-2.4180673860015456, 48.79409496708133,  36.31697556083069,0.22246773307182371,298.31537113457944,   46.7626515236537, 297641.3040608546,      0.0, 297641.3040608546,   1.0
 -0.08802366577382632,   0.2999993999999999,-2.4180673860015456, 48.79409496708133,  36.31697556083069,0.22246773307182371,298.31537113457944,   46.7626515236537, 267508.9338567076,      0.0, 267508.9338567076,   1.0
 -0.08802366577382632, -0.08683992675164362,-1.4180673860015456, 48.79409496708133,  36.31697556083069,0.22246773307182371,298.31537113457944,   46.7626515236537, 357265.3661159472,      0.0, 357265.3661159472,   1.0
 -0.08802366577382632, -0.08683992675164362,-2.4180673860015456, 49.79409496708133,  36.31697556083069,0.22246773307182371,298.31537113457944,   46.7626515236537, 357877.5779050764,      0.0, 357877.5779050764,   1.0
 -0.08802366577382632, -0.08683992675164362,-2.4180673860015456, 48.79409496708133,  37.31697556083069,0.22246773307182371,298.31537113457944,   46.7626515236537,357514.44466565683,      0.0,357514.44466565683,   1.0
 -0.08802366577382632, -0.08683992675164362,-2.4180673860015456, 48.79409496708133,  36.31697556083069,         0.59999942,298.31537113457944,   46.7626515236537,  324381.289730041,      0.0,  324381.289730041,   1.0
 -0.08802366577382632, -0.08683992675164362,-2.4180673860015456, 48.79409496708133,  36.31697556083069,0.22246773307182371,299.31537113457944,   46.7626515236537,357772.43266699335,      0.0,357772.43266699335,   1.0
 -0.08802366577382632, -0.08683992675164362,-2.4180673860015456, 48.79409496708133,  36.31697556083069,0.22246773307182371,298.31537113457944,   47.7626515236537, 357596.9963023357,      0.0, 357596.9963023357,   1.0
 -0.29999939999999997, -0.29999939999999997,  -8.00634583589239, 51.82087897771193, 24.059004827500864,0.04254115804591984,307.64311593023996,  42.70969148044479,224623.27747912318,      0.0,224623.27747912318,   1.0
  0.29999939999999997, -0.29999939999999997,  -8.00634583589239, 51.82087897771193, 24.059004827500864,0.04254115804591984,307.64311593023996,  42.70969148044479, 347591.3669981122,      0.0, 347591.3669981122,   1.0
 -0.29999939999999997,  0.29999939999999997,  -8.00634583589239, 51.82087897771193, 24.059004827500864,0.04254115804591984,307.64311593023996,  42.70969148044479, 255058.3744865473,      0.0, 255058.3744865473,   1.0
 -0.29999939999999997, -0.29999939999999997,  -7.00634583589239, 51.82087897771193, 24.059004827500864,0.04254115804591984,307.64311593023996,  42.70969148044479,223214.98995772464,      0.0,223214.98995772464,   1.0
 -0.29999939999999997, -0.29999939999999997,  -8.00634583589239, 52.82087897771193, 24.059004827500864,0.04254115804591984,307.64311593023996,  42.70969148044479,224093.79226622422,      0.0,224093.79226622422,   1.0
 -0.29999939999999997, -0.29999939999999997,  -8.00634583589239, 51.82087897771193, 25.059004827500864,0.04254115804591984,307.64311593023996,  42.70969148044479,220848.78560768752,      0.0,220848.78560768752,   1.0
 -0.29999939999999997, -0.29999939999999997,  -8.00634583589239, 51.82087897771193, 24.059004827500864,         0.59999942,307.64311593023996,  42.70969148044479, 284521.8367424331,      0.0, 284521.8367424331,   1.0
 -0.29999939999999997, -0.29999939999999997,  -8.00634583589239, 51.82087897771193, 24.059004827500864,0.04254115804591984,308.64311593023996,  42.70969148044479, 224045.9035714523,      0.0, 224045.9035714523,   1.0
 -0.29999939999999997, -0.29999939999999997,  -8.00634583589239, 51.82087897771193, 24.059004827500864,0.04254115804591984,307.64311593023996,  43.70969148044479, 226053.6488551359,      0.0, 226053.6488551359,   1.0
 -0.10919710891776589, -0.10813160904675274, -2.976259088760401, 49.09642881388708,   35.0925738748089,0.20449555752870274, 299.2470837893938,  46.35781688844032,349101.02209558274,      0.0,349101.02209558274,   1.0
  0.29999939999999997, -0.10813160904675274, -2.976259088760401, 49.09642881388708,   35.0925738748089,0.20449555752870274, 299.2470837893938,  46.35781688844032,308104.63362068264,      0.0,308104.63362068264,   1.0
 -0.10919710891776589,  0.29999939999999997, -2.976259088760401, 49.09642881388708,   35.0925738748089,0.20449555752870274, 299.2470837893938,  46.35781688844032, 267215.7933661059,      0.0, 267215.7933661059,   1.0
 -0.10919710891776589, -0.10813160904675274, -1.976259088760401, 49.09642881388708,   35.0925738748089,0.20449555752870274, 299.2470837893938,  46.35781688844032, 348352.6787768428,      0.0, 348352.6787768428,   1.0
 -0.10919710891776589, -0.10813160904675274, -2.976259088760401, 50.09642881388708,   35.0925738748089,0.20449555752870274, 299.2470837893938,  46.35781688844032, 348798.2879223763,      0.0, 348798.2879223763,   1.0
 -0.10919710891776589, -0.10813160904675274, -2.976259088760401, 49.09642881388708,   36.0925738748089,0.20449555752870274, 299.2470837893938,  46.35781688844032, 348594.2610326496,      0.0, 348594.2610326496,   1.0
 -0.10919710891776589, -0.10813160904675274, -2.976259088760401, 49.09642881388708,   35.0925738748089,         0.59999942, 299.2470837893938,  46.35781688844032,  322837.608288095,      0.0,  322837.608288095,   1.0
 -0.10919710891776589, -0.10813160904675274, -2.976259088760401, 49.09642881388708,   35.0925738748089,0.20449555752870274, 300.2470837893938,  46.35781688844032, 349070.5424654461,      0.0, 349070.5424654461,   1.0
 -0.10919710891776589, -0.10813160904675274, -2.976259088760401, 49.09642881388708,   35.0925738748089,0.20449555752870274, 299.2470837893938,  47.35781688844032,349133.17545337765,      0.0,349133.17545337765,   1.0
 -0.09026308351046176, -0.08909185009969492, -2.477104756121422, 48.82607142808105,  36.18747622367502,0.22056689869153018, 298.4139140985393,  46.71983402551048, 357065.9093380043,      0.0, 357065.9093380043,   1.0
  0.29999939999999997, -0.08909185009969492, -2.477104756121422, 48.82607142808105,  36.18747622367502,0.22056689869153018, 298.4139140985393,  46.71983402551048, 298439.1744445345,      0.0, 298439.1744445345,   1.0
 -0.09026308351046176,            0.2999994, -2.477104756121422, 48.82607142808105,  36.18747622367502,0.22056689869153018, 298.4139140985393,  46.71983402551048,267515.63587064436,      0.0,267515.63587064436,   1.0
 -0.09026308351046176, -0.08909185009969492,-1.4771047561214221, 48.82607142808105,  36.18747622367502,0.22056689869153018, 298.4139140985393,  46.71983402551048, 356567.3347352793,      0.0, 356567.3347352793,   1.0
 -0.09026308351046176, -0.08909185009969492, -2.477104756121422, 49.82607142808105,  36.18747622367502,0.22056689869153018, 298.4139140985393,  46.71983402551048, 357051.1598855138,      0.0, 357051.1598855138,   1.0
 -0.09026308351046176, -0.08909185009969492, -2.477104756121422, 48.82607142808105,  37.18747622367502,0.22056689869153018, 298.4139140985393,  46.71983402551048, 356875.8295888733,      0.0, 356875.8295888733,   1.0
 -0.09026308351046176, -0.08909185009969492, -2.477104756121422, 48.82607142808105,  36.18747622367502,         0.59999942, 298.4139140985393,  46.71983402551048,324241.95685308136,      0.0,324241.95685308136,   1.0
 -0.09026308351046176, -0.08909185009969492, -2.477104756121422, 48.82607142808105,  36.18747622367502,0.22056689869153018, 299.4139140985393,  46.71983402551048, 357060.5549281898,      0.0, 357060.5549281898,   1.0
 -0.09026308351046176, -0.08909185009969492, -2.477104756121422, 48.82607142808105,  36.18747622367502,0.22056689869153018, 298.4139140985393,  47.71983402551048, 356974.1397319415,      0.0, 356974.1397319415,   1.0
 -0.08828781637749589, -0.08710555245517987, -2.425031141222873, 48.79786675174576, 36.301700461627505,  0.222243520080734, 298.3269947736136,  46.75760098404373, 357597.1767994693,      0.0, 357597.1767994693,   1.0
  0.29999939999999997, -0.08710555245517987, -2.425031141222873, 48.79786675174576, 36.301700461627505,  0.222243520080734, 298.3269947736136,  46.75760098404373, 297800.8960794625,      0.0, 297800.8960794625,   1.0
 -0.08828781637749589,  0.29999939999999997, -2.425031141222873, 48.79786675174576, 36.301700461627505,  0.222243520080734, 298.3269947736136,  46.75760098404373,267474.62829335534,      0.0,267474.62829335534,   1.0
 -0.08828781637749589, -0.08710555245517987, -1.425031141222873, 48.79786675174576, 36.301700461627505,  0.222243520080734, 298.3269947736136,  46.75760098404373, 357116.6611724107,      0.0, 357116.6611724107,   1.0
 -0.08828781637749589, -0.08710555245517987, -2.425031141222873, 49.79786675174576, 36.301700461627505,  0.222243520080734, 298.3269947736136,  46.75760098404373, 357857.1562272047,      0.0, 357857.1562272047,   1.0
 -0.08828781637749589, -0.08710555245517987, -2.425031141222873, 48.79786675174576, 37.301700461627505,  0.222243520080734, 298.3269947736136,  46.75760098404373, 357467.4666607593,      0.0, 357467.4666607593,   1.0
 -0.08828781637749589, -0.08710555245517987, -2.425031141222873, 48.79786675174576, 36.301700461627505,         0.59999942, 298.3269947736136,  46.75760098404373,324378.71580143046,      0.0,324378.71580143046,   1.0
 -0.08828781637749589, -0.08710555245517987, -2.425031141222873, 48.79786675174576, 36.301700461627505,  0.222243520080734, 299.3269947736136,  46.75760098404373, 357633.2017377897,      0.0, 357633.2017377897,   1.0
 -0.08828781637749589, -0.08710555245517987, -2.425031141222873, 48.79786675174576, 36.301700461627505,  0.222243520080734, 298.3269947736136,  47.75760098404373,357466.61249891383,      0.0,357466.61249891383,   1.0
 -0.08804623889422478, -0.08686262592743027,-2.4186624771459635, 48.79441728680411,  36.31567021967825,0.22244857283984826,298.31636443839835,    46.762219927295, 357744.1051177088,      0.0, 357744.1051177088,   1.0
   0.2999993999999999, -0.08686262592743027,-2.4186624771459635, 48.79441728680411,  36.31567021967825,0.22244857283984826,298.31636443839835,    46.762219927295,297642.76331145066,      0.0,297642.76331145066,   1.0
 -0.08804623889422478,  0.29999939999999997,-2.4186624771459635, 48.79441728680411,  36.31567021967825,0.22244857283984826,298.31636443839835,    46.762219927295, 267496.9325403362,      0.0, 267496.9325403362,   1.0
 -0.08804623889422478, -0.08686262592743027,-1.4186624771459635, 48.79441728680411,  36.31567021967825,0.22244857283984826,298.31636443839835,    46.762219927295,357265.98003951926,      0.0,357265.98003951926,   1.0
 -0.08804623889422478, -0.08686262592743027,-2.4186624771459635, 49.79441728680411,  36.31567021967825,0.22244857283984826,298.31636443839835,    46.762219927295, 357873.3959735613,      0.0, 357873.3959735613,   1.0
 -0.08804623889422478, -0.08686262592743027,-2.4186624771459635, 48.79441728680411,  37.31567021967825,0.22244857283984826,298.31636443839835,    46.762219927295, 357512.4618787809,      0.0, 357512.4618787809,   1.0
 -0.08804623889422478, -0.08686262592743027,-2.4186624771459635, 48.79441728680411,  36.31567021967825,         0.59999942,298.31636443839835,    46.762219927295, 324377.8760886467,      0.0, 324377.8760886467,   1.0
 -0.08804623889422478, -0.08686262592743027,-2.4186624771459635, 48.79441728680411,  36.31567021967825,0.22244857283984826,299.31636443839835,    46.762219927295,357771.65078426205,      0.0,357771.65078426205,   1.0
 -0.08804623889422478, -0.08686262592743027,-2.4186624771459635, 48.79441728680411,  36.31567021967825,0.22244857283984826,298.31636443839835,    47.762219927295,357594.81553577486,      0.0,357594.81553577486,   1.0
 -0.08802748749407276, -0.08684376981357525,-2.4181681373303365, 48.79414953710925, 36.316754561313445, 0.2224644891673402, 298.3155393049187,  46.76257845265097, 357745.0540854537,      0.0, 357745.0540854537,   1.0
  0.29999939999999997, -0.08684376981357525,-2.4181681373303365, 48.79414953710925, 36.316754561313445, 0.2224644891673402, 298.3155393049187,  46.76257845265097, 297642.6118148317,      0.0, 297642.6118148317,   1.0
 -0.08802748749407276,            0.2999994,-2.4181681373303365, 48.79414953710925, 36.316754561313445, 0.2224644891673402, 298.3155393049187,  46.76257845265097,267507.22943634656,      0.0,267507.22943634656,   1.0
 -0.08802748749407276, -0.08684376981357525,-1.4181681373303365, 48.79414953710925, 36.316754561313445, 0.2224644891673402, 298.3155393049187,  46.76257845265097, 357265.0571406456,      0.0, 357265.0571406456,   1.0
 -0.08802748749407276, -0.08684376981357525,-2.4181681373303365, 49.79414953710925, 36.316754561313445, 0.2224644891673402, 298.3155393049187,  46.76257845265097,357869.37648578023,      0.0,357869.37648578023,   1.0
 -0.08802748749407276, -0.08684376981357525,-2.4181681373303365, 48.79414953710925, 37.316754561313445, 0.2224644891673402, 298.3155393049187,  46.76257845265097, 357514.7979868833,      0.0, 357514.7979868833,   1.0
 -0.08802748749407276, -0.08684376981357525,-2.4181681373303365, 48.79414953710925, 36.316754561313445,         0.59999942, 298.3155393049187,  46.76257845265097, 324380.0779293362,      0.0, 324380.0779293362,   1.0
 -0.08802748749407276, -0.08684376981357525,-2.4181681373303365, 48.79414953710925, 36.316754561313445, 0.2224644891673402, 299.3155393049187,  46.76257845265097,357773.26704409876,      0.0,357773.26704409876,   1.0
 -0.08802748749407276, -0.08684376981357525,-2.4181681373303365, 48.79414953710925, 36.316754561313445, 0.2224644891673402, 298.3155393049187,  47.76257845265097, 357596.3366603501,      0.0, 357596.3366603501,   1.0
 -0.08802411948956052, -0.08684038300106886, -2.418079347228471,48.794101445650846, 36.316949323704016, 0.2224673479545442, 298.3153910998108, 46.762642848643104, 357746.1144243476,      0.0, 357746.1144243476,   1.0
  0.29999939999999997, -0.08684038300106886, -2.418079347228471,48.794101445650846, 36.316949323704016, 0.2224673479545442, 298.3153910998108, 46.762642848643104, 297641.2284348084,      0.0, 297641.2284348084,   1.0
 -0.08802411948956052,   0.2999993999999999, -2.418079347228471,48.794101445650846, 36.316949323704016, 0.2224673479545442, 298.3153910998108, 46.762642848643104,267507.68267538707,      0.0,267507.68267538707,   1.0
 -0.08802411948956052, -0.08684038300106886, -1.418079347228471,48.794101445650846, 36.316949323704016, 0.2224673479545442, 298.3153910998108, 46.762642848643104, 357265.3661159472,      0.0, 357265.3661159472,   1.0
 -0.08802411948956052, -0.08684038300106886, -2.418079347228471,49.794101445650846, 36.316949323704016, 0.2224673479545442, 298.3153910998108, 46.762642848643104,  357877.579399305,      0.0,  357877.579399305,   1.0
 -0.08802411948956052, -0.08684038300106886, -2.418079347228471,48.794101445650846, 37.316949323704016, 0.2224673479545442, 298.3153910998108, 46.762642848643104,357514.42060707364,      0.0,357514.42060707364,   1.0
 -0.08802411948956052, -0.08684038300106886, -2.418079347228471,48.794101445650846, 36.316949323704016,         0.59999942, 298.3153910998108, 46.762642848643104,  324381.289730041,      0.0,  324381.289730041,   1.0
 -0.08802411948956052, -0.08684038300106886, -2.418079347228471,48.794101445650846, 36.316949323704016, 0.2224673479545442, 299.3153910998108, 46.762642848643104,357772.43804441526,      0.0,357772.43804441526,   1.0
 -0.08802411948956052, -0.08684038300106886, -2.418079347228471,48.794101445650846, 36.316949323704016, 0.2224673479545442, 298.3153910998108, 47.762642848643104,  357596.922117038,      0.0,  357596.922117038,   1.0
 -0.08802373506680576,  -0.0868399964315768, -2.418069212759996, 48.79409595651006,  36.31697155380924,0.22246767425542896,298.31537418373614, 46.762650198777166,357746.17929608887,      0.0,357746.17929608887,   1.0
  0.29999939999999997,  -0.0868399964315768, -2.418069212759996, 48.79409595651006,  36.31697155380924,0.22246767425542896,298.31537418373614, 46.762650198777166, 297641.2496634596,      0.0, 297641.2496634596,   1.0
 -0.08802373506680576,  0.29999939999999997, -2.418069212759996, 48.79409595651006,  36.31697155380924,0.22246767425542896,298.31537418373614, 46.762650198777166, 267508.9338567076,      0.0, 267508.9338567076,   1.0
 -0.08802373506680576,  -0.0868399964315768,-1.4180692127599959, 48.79409595651006,  36.31697155380924,0.22246767425542896,298.31537418373614, 46.762650198777166, 357265.3661159472,      0.0, 357265.3661159472,   1.0
 -0.08802373506680576,  -0.0868399964315768, -2.418069212759996, 49.79409595651006,  36.31697155380924,0.22246767425542896,298.31537418373614, 46.762650198777166, 357877.5779050764,      0.0, 357877.5779050764,   1.0
 -0.08802373506680576,  -0.0868399964315768, -2.418069212759996, 48.79409595651006,  37.31697155380924,0.22246767425542896,298.31537418373614, 46.762650198777166,357514.44466565683,      0.0,357514.44466565683,   1.0
 -0.08802373506680576,  -0.0868399964315768, -2.418069212759996, 48.79409595651006,  36.31697155380924,         0.59999942,298.31537418373614, 46.762650198777166,  324381.289730041,      0.0,  324381.289730041,   1.0
 -0.08802373506680576,  -0.0868399964315768, -2.418069212759996, 48.79409595651006,  36.31697155380924,0.22246767425542896,299.31537418373614, 46.762650198777166,357772.43266699335,      0.0,357772.43266699335,   1.0
 -0.08802373506680576,  -0.0868399964315768, -2.418069212759996, 48.79409595651006,  36.31697155380924,0.22246767425542896,298.31537418373614, 47.762650198777166, 357596.9966393487,      0.0, 357596.9966393487,   1.0
 -0.08802368039716209, -0.08683994145664069,-2.4180677715139365, 48.79409517588673,  36.31697471520361,0.22246772065942788, 298.3153717780623,  46.76265124405663,357746.17929608887,      0.0,357746.17929608887,   1.0
  0.29999939999999997, -0.08683994145664069,-2.4180677715139365, 48.79409517588673,  36.31697471520361,0.22246772065942788, 298.3153717780623,  46.76265124405663, 297641.3040608546,      0.0, 297641.3040608546,   1.0
 -0.08802368039716209,  0.29999939999999997,-2.4180677715139365, 48.79409517588673,  36.31697471520361,0.22246772065942788, 298.3153717780623,  46.76265124405663, 267508.9338567076,      0.0, 267508.9338567076,   1.0
 -0.08802368039716209, -0.08683994145664069,-1.4180677715139365, 48.79409517588673,  36.31697471520361,0.22246772065942788, 298.3153717780623,  46.76265124405663, 357265.3661159472,      0.0, 357265.3661159472,   1.0
 -0.08802368039716209, -0.08683994145664069,-2.4180677715139365, 49.79409517588673,  36.31697471520361,0.22246772065942788, 298.3153717780623,  46.76265124405663, 357877.5779050764,      0.0, 357877.5779050764,   1.0
 -0.08802368039716209, -0.08683994145664069,-2.4180677715139365, 48.79409517588673,  37.31697471520361,0.22246772065942788, 298.3153717780623,  46.76265124405663,357514.44466565683,      0.0,357514.44466565683,   1.0
 -0.08802368039716209, -0.08683994145664069,-2.4180677715139365, 48.79409517588673,  36.31697471520361,         0.59999942, 298.3153717780623,  46.76265124405663,  324381.289730041,      0.0,  324381.289730041,   1.0
 -0.08802368039716209, -0.08683994145664069,-2.4180677715139365, 48.79409517588673,  36.31697471520361,0.22246772065942788, 299.3153717780623,  46.76265124405663,357772.43266699335,      0.0,357772.43266699335,   1.0
 -0.08802368039716209, -0.08683994145664069,-2.4180677715139365, 48.79409517588673,  36.31697471520361,0.22246772065942788, 298.3153717780623,  47.76265124405663, 357596.9963023357,      0.0, 357596.9963023357,   1.0
 -0.08802366885988153, -0.08683992985493233, -2.418067467358668, 48.79409501114686,  36.31697538237265,0.22246773045235718, 298.3153712703777, 46.762651464648556,357746.17929608887,      0.0,357746.17929608887,   1.0
   0.2999993999999999, -0.08683992985493233, -2.418067467358668, 48.79409501114686,  36.31697538237265,0.22246773045235718, 298.3153712703777, 46.762651464648556, 297641.3040608546,      0.0, 297641.3040608546,   1.0
 -0.08802366885988153,  0.29999939999999997, -2.418067467358668, 48.79409501114686,  36.31697538237265,0.22246773045235718, 298.3153712703777, 46.762651464648556, 267508.9338567076,      0.0, 267508.9338567076,   1.0
 -0.08802366885988153, -0.08683992985493233, -1.418067467358668, 48.79409501114686,  36.31697538237265,0.22246773045235718, 298.3153712703777, 46.762651464648556, 357265.3661159472,      0.0, 357265.3661159472,   1.0
 -0.08802366885988153, -0.08683992985493233, -2.418067467358668, 49.79409501114686,  36.31697538237265,0.22246773045235718, 298.3153712703777, 46.762651464648556, 357877.5779050764,      0.0, 357877.5779050764,   1.0
 -0.08802366885988153, -0.08683992985493233, -2.418067467358668, 48.79409501114686,  37.31697538237265,0.22246773045235718, 298.3153712703777, 46.762651464648556,357514.44466565683,      0.0,357514.44466565683,   1.0
 -0.08802366885988153, -0.08683992985493233, -2.418067467358668, 48.79409501114686,  36.31697538237265,         0.59999942, 298.3153712703777, 46.762651464648556,  324381.289730041,      0.0,  324381.289730041,   1.0
 -0.08802366885988153, -0.08683992985493233, -2.418067467358668, 48.79409501114686,  36.31697538237265,0.22246773045235718, 299.3153712703777, 46.762651464648556,357772.43266699335,      0.0,357772.43266699335,   1.0
 -0.08802366885988153, -0.08683992985493233, -2.418067467358668, 48.79409501114686,  36.31697538237265,0.22246773045235718, 298.3153712703777, 47.762651464648556, 357596.9963023357,      0.0, 357596.9963023357,   1.0
 -0.08802366642509608, -0.08683992740655028,-2.4180674031708542,48.794094976380755,  36.31697552316956, 0.2224677325190211, 298.3153711632378, 46.762651511201476,357746.17929608887,      0.0,357746.17929608887,   1.0
  0.29999939999999997, -0.08683992740655028,-2.4180674031708542,48.794094976380755,  36.31697552316956, 0.2224677325190211, 298.3153711632378, 46.762651511201476, 297641.3040608546,      0.0, 297641.3040608546,   1.0
 -0.08802366642509608,  0.29999939999999997,-2.4180674031708542,48.794094976380755,  36.31697552316956, 0.2224677325190211, 298.3153711632378, 46.762651511201476, 267508.9338567076,      0.0, 267508.9338567076,   1.0
 -0.08802366642509608, -0.08683992740655028,-1.4180674031708542,48.794094976380755,  36.31697552316956, 0.2224677325190211, 298.3153711632378, 46.762651511201476, 357265.3661159472,      0.0, 357265.3661159472,   1.0
 -0.08802366642509608, -0.08683992740655028,-2.4180674031708542,49.794094976380755,  36.31697552316956, 0.2224677325190211, 298.3153711632378, 46.762651511201476, 357877.5779050764,      0.0, 357877.5779050764,   1.0
 -0.08802366642509608, -0.08683992740655028,-2.4180674031708542,48.794094976380755,  37.31697552316956, 0.2224677325190211, 298.3153711632378, 46.762651511201476,357514.44466565683,      0.0,357514.44466565683,   1.0
 -0.08802366642509608, -0.08683992740655028,-2.4180674031708542,48.794094976380755,  36.31697552316956,         0.59999942, 298.3153711632378, 46.762651511201476,  324381.289730041,      0.0,  324381.289730041,   1.0
 -0.08802366642509608, -0.08683992740655028,-2.4180674031708542,48.794094976380755,  36.31697552316956, 0.2224677325190211, 299.3153711632378, 46.762651511201476,357772.43266699335,      0.0,357772.43266699335,   1.0
 -0.08802366642509608, -0.08683992740655028,-2.4180674031708542,48.794094976380755,  36.31697552316956, 0.2224677325190211, 298.3153711632378, 47.762651511201476, 357596.9963023357,      0.0, 357596.9963023357,   1.0
  -0.0880236659112679,  -0.0868399268898527, -2.418067389624893, 48.79409496904385,  36.31697555288282,0.22246773295516228, 298.3153711406274,  46.76265152102583,357746.17929608887,      0.0,357746.17929608887,   1.0
            0.2999994,  -0.0868399268898527, -2.418067389624893, 48.79409496904385,  36.31697555288282,0.22246773295516228, 298.3153711406274,  46.76265152102583, 297641.3040608546,      0.0, 297641.3040608546,   1.0
  -0.0880236659112679,  0.29999939999999997, -2.418067389624893, 48.79409496904385,  36.31697555288282,0.22246773295516228, 298.3153711406274,  46.76265152102583, 267508.9338567076,      0.0, 267508.9338567076,   1.0
  -0.0880236659112679,  -0.0868399268898527, -1.418067389624893, 48.79409496904385,  36.31697555288282,0.22246773295516228, 298.3153711406274,  46.76265152102583, 357265.3661159472,      0.0, 357265.3661159472,   1.0
  -0.0880236659112679,  -0.0868399268898527, -2.418067389624893, 49.79409496904385,  36.31697555288282,0.22246773295516228, 298.3153711406274,  46.76265152102583, 357877.5779050764,      0.0, 357877.5779050764,   1.0
  -0.0880236659112679,  -0.0868399268898527, -2.418067389624893, 48.79409496904385,  37.31697555288282,0.22246773295516228, 298.3153711406274,  46.76265152102583,357514.44466565683,      0.0,357514.44466565683,   1.0
  -0.0880236659112679,  -0.0868399268898527, -2.418067389624893, 48.79409496904385,  36.31697555288282,         0.59999942, 298.3153711406274,  46.76265152102583,  324381.289730041,      0.0,  324381.289730041,   1.0
  -0.0880236659112679,  -0.0868399268898527, -2.418067389624893, 48.79409496904385,  36.31697555288282,0.22246773295516228, 299.3153711406274,  46.76265152102583,357772.43266699335,      0.0,357772.43266699335,   1.0
  -0.0880236659112679,  -0.0868399268898527, -2.418067389624893, 48.79409496904385,  36.31697555288282,0.22246773295516228, 298.3153711406274,  47.76265152102583, 357596.9963023357,      0.0, 357596.9963023357,   1.0
  -0.0880236658028315, -0.08683992678081076,-2.4180673867662037, 48.79409496749549, 36.316975559153406, 0.2224677330472039, 298.3153711358558,  46.76265152309912,357746.17929608887,      0.0,357746.17929608887,   1.0
  0.29999939999999997, -0.08683992678081076,-2.4180673867662037, 48.79409496749549, 36.316975559153406, 0.2224677330472039, 298.3153711358558,  46.76265152309912, 297641.3040608546,      0.0, 297641.3040608546,   1.0
  -0.0880236658028315,  0.29999939999999997,-2.4180673867662037, 48.79409496749549, 36.316975559153406, 0.2224677330472039, 298.3153711358558,  46.76265152309912, 267508.9338567076,      0.0, 267508.9338567076,   1.0
  -0.0880236658028315, -0.08683992678081076,-1.4180673867662037, 48.79409496749549, 36.316975559153406, 0.2224677330472039, 298.3153711358558,  46.76265152309912, 357265.3661159472,      0.0, 357265.3661159472,   1.0
  -0.0880236658028315, -0.08683992678081076,-2.4180673867662037, 49.79409496749549, 36.316975559153406, 0.2224677330472039, 298.3153711358558,  46.76265152309912, 357877.5779050764,      0.0, 357877.5779050764,   1.0
  -0.0880236658028315, -0.08683992678081076,-2.4180673867662037, 48.79409496749549, 37.316975559153406, 0.2224677330472039, 298.3153711358558,  46.76265152309912,357514.44466565683,      0.0,357514.44466565683,   1.0
  -0.0880236658028315, -0.08683992678081076,-2.4180673867662037, 48.79409496749549, 36.316975559153406,         0.59999942, 298.3153711358558,  46.76265152309912,  324381.289730041,      0.0,  324381.289730041,   1.0
  -0.0880236658028315, -0.08683992678081076,-2.4180673867662037, 48.79409496749549, 36.316975559153406, 0.2224677330472039, 299.3153711358558,  46.76265152309912,357772.43266699335,      0.0,357772.43266699335,   1.0
  -0.0880236658028315, -0.08683992678081076,-2.4180673867662037, 48.79409496749549, 36.316975559153406, 0.2224677330472039, 298.3153711358558,  47.76265152309912, 357596.9963023357,      0.0, 357596.9963023357,   1.0
 -0.08802366577994748, -0.08683992675779896,-2.4180673861629165, 48.79409496716873,  36.31697556047672,0.22246773306662804, 298.3153711348488,  46.76265152353667,357746.17929608887,      0.0,357746.17929608887,   1.0
  0.29999939999999997, -0.08683992675779896,-2.4180673861629165, 48.79409496716873,  36.31697556047672,0.22246773306662804, 298.3153711348488,  46.76265152353667, 297641.3040608546,      0.0, 297641.3040608546,   1.0
 -0.08802366577994748,  0.29999939999999997,-2.4180673861629165, 48.79409496716873,  36.31697556047672,0.22246773306662804, 298.3153711348488,  46.76265152353667, 267508.9338567076,      0.0, 267508.9338567076,   1.0
 -0.08802366577994748, -0.08683992675779896,-1.4180673861629165, 48.79409496716873,  36.31697556047672,0.22246773306662804, 298.3153711348488,  46.76265152353667, 357265.3661159472,      0.0, 357265.3661159472,   1.0
 -0.08802366577994748, -0.08683992675779896,-2.4180673861629165, 49.79409496716873,  36.31697556047672,0.22246773306662804, 298.3153711348488,  46.76265152353667, 357877.5779050764,      0.0, 357877.5779050764,   1.0
 -0.08802366577994748, -0.08683992675779896,-2.4180673861629165, 48.79409496716873,  37.31697556047672,0.22246773306662804, 298.3153711348488,  46.76265152353667,357514.44466565683,      0.0,357514.44466565683,   1.0
 -0.08802366577994748, -0.08683992675779896,-2.4180673861629165, 48.79409496716873,  36.31697556047672,         0.59999942, 298.3153711348488,  46.76265152353667,  324381.289730041,      0.0,  324381.289730041,   1.0
 -0.08802366577994748, -0.08683992675779896,-2.4180673861629165, 48.79409496716873,  36.31697556047672,0.22246773306662804, 299.3153711348488,  46.76265152353667,357772.43266699335,      0.0,357772.43266699335,   1.0
 -0.08802366577994748, -0.08683992675779896,-2.4180673861629165, 48.79409496716873,  36.31697556047672,0.22246773306662804, 298.3153711348488,  47.76265152353667, 357596.9963023357,      0.0, 357596.9963023357,   1.0
 -0.08802366577511812, -0.08683992675294262, -2.418067386035601,48.794094967099774,  36.31697556075599,0.22246773307072723, 298.3153711346363,    46.762651523629,357746.17929608887,      0.0,357746.17929608887,   1.0
  0.29999939999999997, -0.08683992675294262, -2.418067386035601,48.794094967099774,  36.31697556075599,0.22246773307072723, 298.3153711346363,    46.762651523629, 297641.3040608546,      0.0, 297641.3040608546,   1.0
 -0.08802366577511812,  0.29999939999999997, -2.418067386035601,48.794094967099774,  36.31697556075599,0.22246773307072723, 298.3153711346363,    46.762651523629, 267508.9338567076,      0.0, 267508.9338567076,   1.0
 -0.08802366577511812, -0.08683992675294262, -1.418067386035601,48.794094967099774,  36.31697556075599,0.22246773307072723, 298.3153711346363,    46.762651523629, 357265.3661159472,      0.0, 357265.3661159472,   1.0
 -0.08802366577511812, -0.08683992675294262, -2.418067386035601,49.794094967099774,  36.31697556075599,0.22246773307072723, 298.3153711346363,    46.762651523629, 357877.5779050764,      0.0, 357877.5779050764,   1.0
 -0.08802366577511812, -0.08683992675294262, -2.418067386035601,48.794094967099774,  37.31697556075599,0.22246773307072723, 298.3153711346363,    46.762651523629,357514.44466565683,      0.0,357514.44466565683,   1.0
 -0.08802366577511812, -0.08683992675294262, -2.418067386035601,48.794094967099774,  36.31697556075599,         0.59999942, 298.3153711346363,    46.762651523629,  324381.289730041,      0.0,  324381.289730041,   1.0
 -0.08802366577511812, -0.08683992675294262, -2.418067386035601,48.794094967099774,  36.31697556075599,0.22246773307072723, 299.3153711346363,    46.762651523629,357772.43266699335,      0.0,357772.43266699335,   1.0
 -0.08802366577511812, -0.08683992675294262, -2.418067386035601,48.794094967099774,  36.31697556075599,0.22246773307072723, 298.3153711346363,    47.762651523629, 357596.9963023357,      0.0, 357596.9963023357,   1.0
 -0.08802366577409894, -0.08683992675191776,-2.4180673860087327, 48.79409496708522, 36.316975560814925,0.22246773307159232,298.31537113459143, 46.762651523648486,357746.17929608887,      0.0,357746.17929608887,   1.0
  0.29999939999999997, -0.08683992675191776,-2.4180673860087327, 48.79409496708522, 36.316975560814925,0.22246773307159232,298.31537113459143, 46.762651523648486, 297641.3040608546,      0.0, 297641.3040608546,   1.0
 -0.08802366577409894,  0.29999939999999997,-2.4180673860087327, 48.79409496708522, 36.316975560814925,0.22246773307159232,298.31537113459143, 46.762651523648486, 267508.9338567076,      0.0, 267508.9338567076,   1.0
 -0.08802366577409894, -0.08683992675191776,-1.4180673860087327, 48.79409496708522, 36.316975560814925,0.22246773307159232,298.31537113459143, 46.762651523648486, 357265.3661159472,      0.0, 357265.3661159472,   1.0
 -0.08802366577409894, -0.08683992675191776,-2.4180673860087327, 49.79409496708522, 36.316975560814925,0.22246773307159232,298.31537113459143, 46.762651523648486, 357877.5779050764,      0.0, 357877.5779050764,   1.0
 -0.08802366577409894, -0.08683992675191776,-2.4180673860087327, 48.79409496708522, 37.316975560814925,0.22246773307159232,298.31537113459143, 46.762651523648486,357514.44466565683,      0.0,357514.44466565683,   1.0
 -0.08802366577409894, -0.08683992675191776,-2.4180673860087327, 48.79409496708522, 36.316975560814925,         0.59999942,298.31537113459143, 46.762651523648486,  324381.289730041,      0.0,  324381.289730041,   1.0
 -0.08802366577409894, -0.08683992675191776,-2.4180673860087327, 48.79409496708522, 36.316975560814925,0.22246773307159232,299.31537113459143, 46.762651523648486,357772.43266699335,      0.0,357772.43266699335,   1.0
 -0.08802366577409894, -0.08683992675191776,-2.4180673860087327, 48.79409496708522, 36.316975560814925,0.22246773307159232,298.31537113459143, 47.762651523648486, 357596.9963023357,      0.0, 357596.9963023357,   1.0
 -0.08802366577388386, -0.08683992675170149,-2.4180673860030626, 48.79409496708215, 36.316975560827366,0.22246773307177486,  298.315371134582,   46.7626515236526,357746.17929608887,      0.0,357746.17929608887,   1.0
  0.29999939999999997, -0.08683992675170149,-2.4180673860030626, 48.79409496708215, 36.316975560827366,0.22246773307177486,  298.315371134582,   46.7626515236526, 297641.3040608546,      0.0, 297641.3040608546,   1.0
 -0.08802366577388386,  0.29999939999999997,-2.4180673860030626, 48.79409496708215, 36.316975560827366,0.22246773307177486,  298.315371134582,   46.7626515236526, 267508.9338567076,      0.0, 267508.9338567076,   1.0
 -0.08802366577388386, -0.08683992675170149,-1.4180673860030626, 48.79409496708215, 36.316975560827366,0.22246773307177486,  298.315371134582,   46.7626515236526, 357265.3661159472,      0.0, 357265.3661159472,   1.0
 -0.08802366577388386, -0.08683992675170149,-2.4180673860030626, 49.79409496708215, 36.316975560827366,0.22246773307177486,  298.315371134582,   46.7626515236526, 357877.5779050764,      0.0, 357877.5779050764,   1.0
 -0.08802366577388386, -0.08683992675170149,-2.4180673860030626, 48.79409496708215, 37.316975560827366,0.22246773307177486,  298.315371134582,   46.7626515236526,357514.44466565683,      0.0,357514.44466565683,   1.0
 -0.08802366577388386, -0.08683992675170149,-2.4180673860030626, 48.79409496708215, 36.316975560827366,         0.59999942,  298.315371134582,   46.7626515236526,  324381.289730041,      0.0,  324381.289730041,   1.0
 -0.08802366577388386, -0.08683992675170149,-2.4180673860030626, 48.79409496708215, 36.316975560827366,0.22246773307177486,  299.315371134582,   46.7626515236526,357772.43266699335,      0.0,357772.43266699335,   1.0
 -0.08802366577388386, -0.08683992675170149,-2.4180673860030626, 48.79409496708215, 36.316975560827366,0.22246773307177486,  298.315371134582,   47.7626515236526, 357596.9963023357,      0.0, 357596.9963023357,   1.0
 -0.08802366577402582, -0.08683992675184422, -2.418067386006805, 48.79409496708418,  36.31697556081915,0.22246773307165438, 298.3153711345882, 46.762651523649886,357746.17929608887,      0.0,357746.17929608887,   1.0
  0.29999939999999997, -0.08683992675184422, -2.418067386006805, 48.79409496708418,  36.31697556081915,0.22246773307165438, 298.3153711345882, 46.762651523649886, 297641.3040608546,      0.0, 297641.3040608546,   1.0
 -0.08802366577402582,  0.29999939999999997, -2.418067386006805, 48.79409496708418,  36.31697556081915,0.22246773307165438, 298.3153711345882, 46.762651523649886, 267508.9338567076,      0.0, 267508.9338567076,   1.0
 -0.08802366577402582, -0.08683992675184422, -1.418067386006805, 48.79409496708418,  36.31697556081915,0.22246773307165438, 298.3153711345882, 46.762651523649886, 357265.3661159472,      0.0, 357265.3661159472,   1.0
 -0.08802366577402582, -0.08683992675184422, -2.418067386006805, 49.79409496708418,  36.31697556081915,0.22246773307165438, 298.3153711345882, 46.762651523649886, 357877.5779050764,      0.0, 357877.5779050764,   1.0
 -0.08802366577402582, -0.08683992675184422, -2.418067386006805, 48.79409496708418,  37.31697556081915,0.22246773307165438, 298.3153711345882, 46.762651523649886,357514.44466565683,      0.0,357514.44466565683,   1.0
 -0.08802366577402582, -0.08683992675184422, -2.418067386006805, 48.79409496708418,  36.31697556081915,         0.59999942, 298.3153711345882, 46.762651523649886,  324381.289730041,      0.0,  324381.289730041,   1.0
 -0.08802366577402582, -0.08683992675184422, -2.418067386006805, 48.79409496708418,  36.31697556081915,0.22246773307165438, 299.3153711345882, 46.762651523649886,357772.43266699335,      0.0,357772.43266699335,   1.0
 -0.08802366577402582, -0.08683992675184422, -2.418067386006805, 48.79409496708418,  36.31697556081915,0.22246773307165438, 298.3153711345882, 47.762651523649886, 357596.9963023357,      0.0, 357596.9963023357,   1.0
  -0.0880236657739138, -0.08683992675173158,-2.4180673860038517, 48.79409496708258,  36.31697556082563,0.22246773307174947, 298.3153711345833,  46.76265152365203,357746.17929608887,      0.0,357746.17929608887,   1.0
  0.29999939999999997, -0.08683992675173158,-2.4180673860038517, 48.79409496708258,  36.31697556082563,0.22246773307174947, 298.3153711345833,  46.76265152365203, 297641.3040608546,      0.0, 297641.3040608546,   1.0
  -0.0880236657739138,  0.29999939999999997,-2.4180673860038517, 48.79409496708258,  36.31697556082563,0.22246773307174947, 298.3153711345833,  46.76265152365203, 267508.9338567076,      0.0, 267508.9338567076,   1.0
  -0.0880236657739138, -0.08683992675173158,-1.4180673860038517, 48.79409496708258,  36.31697556082563,0.22246773307174947, 298.3153711345833,  46.76265152365203, 357265.3661159472,      0.0, 357265.3661159472,   1.0
  -0.0880236657739138, -0.08683992675173158,-2.4180673860038517, 49.79409496708258,  36.31697556082563,0.22246773307174947, 298.3153711345833,  46.76265152365203, 357877.5779050764,      0.0, 357877.5779050764,   1.0
  -0.0880236657739138, -0.08683992675173158,-2.4180673860038517, 48.79409496708258,  37.31697556082563,0.22246773307174947, 298.3153711345833,  46.76265152365203,357514.44466565683,      0.0,357514.44466565683,   1.0
  -0.0880236657739138, -0.08683992675173158,-2.4180673860038517, 48.79409496708258,  36.31697556082563,         0.59999942, 298.3153711345833,  46.76265152365203,  324381.289730041,      0.0,  324381.289730041,   1.0
  -0.0880236657739138, -0.08683992675173158,-2.4180673860038517, 48.79409496708258,  36.31697556082563,0.22246773307174947, 299.3153711345833,  46.76265152365203,357772.43266699335,      0.0,357772.43266699335,   1.0
  -0.0880236657739138, -0.08683992675173158,-2.4180673860038517, 48.79409496708258,  36.31697556082563,0.22246773307174947, 298.3153711345833,  47.76265152365203, 357596.9963023357,      0.0, 357596.9963023357,   1.0
 -0.08802366577389016,  -0.0868399267517078,-2.4180673860032282, 48.79409496708224,    36.316975560827,0.22246773307176954, 298.3153711345822,  46.76265152365248,357746.17929608887,      0.0,357746.17929608887,   1.0
  0.29999939999999997,  -0.0868399267517078,-2.4180673860032282, 48.79409496708224,    36.316975560827,0.22246773307176954, 298.3153711345822,  46.76265152365248, 297641.3040608546,      0.0, 297641.3040608546,   1.0
 -0.08802366577389016,  0.29999939999999997,-2.4180673860032282, 48.79409496708224,    36.316975560827,0.22246773307176954, 298.3153711345822,  46.76265152365248, 267508.9338567076,      0.0, 267508.9338567076,   1.0
 -0.08802366577389016,  -0.0868399267517078,-1.4180673860032282, 48.79409496708224,    36.316975560827,0.22246773307176954, 298.3153711345822,  46.76265152365248, 357265.3661159472,      0.0, 357265.3661159472,   1.0
 -0.08802366577389016,  -0.0868399267517078,-2.4180673860032282, 49.79409496708224,    36.316975560827,0.22246773307176954, 298.3153711345822,  46.76265152365248, 357877.5779050764,      0.0, 357877.5779050764,   1.0
 -0.08802366577389016,  -0.0868399267517078,-2.4180673860032282, 48.79409496708224,    37.316975560827,0.22246773307176954, 298.3153711345822,  46.76265152365248,357514.44466565683,      0.0,357514.44466565683,   1.0
 -0.08802366577389016,  -0.0868399267517078,-2.4180673860032282, 48.79409496708224,    36.316975560827,         0.59999942, 298.3153711345822,  46.76265152365248,  324381.289730041,      0.0,  324381.289730041,   1.0
 -0.08802366577389016,  -0.0868399267517078,-2.4180673860032282, 48.79409496708224,    36.316975560827,0.22246773307176954, 299.3153711345822,  46.76265152365248,357772.43266699335,      0.0,357772.43266699335,   1.0
 -0.08802366577389016,  -0.0868399267517078,-2.4180673860032282, 48.79409496708224,    36.316975560827,0.22246773307176954, 298.3153711345822,  47.76265152365248, 357596.9963023357,      0.0, 357596.9963023357,   1.0
 -0.29999939999999997, -0.29999939999999997,          -59.99988,          79.99994,          -89.99974,         0.02000058,350.82211333401636,           5.000115,144363.48140243744,      0.0,144363.48140243744,   1.0
  0.29999939999999997, -0.29999939999999997,          -59.99988,          79.99994,          -89.99974,         0.02000058,350.82211333401636,           5.000115,225148.00097593263,      0.0,225148.00097593263,   1.0
 -0.29999939999999997,  0.29999939999999997,          -59.99988,          79.99994,          -89.99974,         0.02000058,350.82211333401636,           5.000115,171878.78724578416,      0.0,171878.78724578416,   1.0
 -0.29999939999999997, -0.29999939999999997,          -58.99988,          79.99994,          -89.99974,         0.02000058,350.82211333401636,           5.000115, 144354.6184977973,      0.0, 144354.6184977973,   1.0
 -0.29999939999999997, -0.29999939999999997,          -59.99988,          78.99994,          -89.99974,         0.02000058,350.82211333401636,           5.000115,128222.98333035287,      0.0,128222.98333035287,   1.0
 -0.29999939999999997, -0.29999939999999997,          -59.99988,          79.99994,          -88.99974,         0.02000058,350.82211333401636,           5.000115, 150535.7922611744,      0.0, 150535.7922611744,   1.0
 -0.29999939999999997, -0.29999939999999997,          -59.99988,          79.99994,          -89.99974,         0.59999942,350.82211333401636,           5.000115,153539.09741616857,      0.0,153539.09741616857,   1.0
 -0.29999939999999997, -0.29999939999999997,          -59.99988,          79.99994,          -89.99974,         0.02000058,351.82211333401636,           5.000115, 144035.2693268894,      0.0, 144035.2693268894,   1.0
 -0.29999939999999997, -0.29999939999999997,          -59.99988,          79.99994,          -89.99974,         0.02000058,350.82211333401636,           6.000115,144836.28187569327,      0.0,144836.28187569327,   1.0
 -0.11943497418639511, -0.11842664576789075,-10.950742513066713, 53.41828662836821,  17.59892122961914,0.19246543959341972,306.09600451219984,  40.57413225929312,346811.50048610533,      0.0,346811.50048610533,   1.0
  0.29999939999999997, -0.11842664576789075,-10.950742513066713, 53.41828662836821,  17.59892122961914,0.19246543959341972,306.09600451219984,  40.57413225929312,332689.14250126784,      0.0,332689.14250126784,   1.0
 -0.11943497418639511,  0.29999939999999997,-10.950742513066713, 53.41828662836821,  17.59892122961914,0.19246543959341972,306.09600451219984,  40.57413225929312,180096.80960430828,      0.0,180096.80960430828,   1.0
 -0.11943497418639511, -0.11842664576789075, -9.950742513066713, 53.41828662836821,  17.59892122961914,0.19246543959341972,306.09600451219984,  40.57413225929312, 346739.5445929608,      0.0, 346739.5445929608,   1.0
 -0.11943497418639511, -0.11842664576789075,-10.950742513066713, 54.41828662836821,  17.59892122961914,0.19246543959341972,306.09600451219984,  40.57413225929312, 346561.5128159113,      0.0, 346561.5128159113,   1.0
 -0.11943497418639511, -0.11842664576789075,-10.950742513066713, 53.41828662836821,  18.59892122961914,0.19246543959341972,306.09600451219984,  40.57413225929312,  347481.628280737,      0.0,  347481.628280737,   1.0
 -0.11943497418639511, -0.11842664576789075,-10.950742513066713, 53.41828662836821,  17.59892122961914,         0.59999942,306.09600451219984,  40.57413225929312,313378.75966507045,      0.0,313378.75966507045,   1.0
 -0.11943497418639511, -0.11842664576789075,-10.950742513066713, 53.41828662836821,  17.59892122961914,0.19246543959341972,307.09600451219984,  40.57413225929312,346826.24724290695,      0.0,346826.24724290695,   1.0
 -0.11943497418639511, -0.11842664576789075,-10.950742513066713, 53.41828662836821,  17.59892122961914,0.19246543959341972,306.09600451219984,  41.57413225929312, 347003.0340573649,      0.0, 347003.0340573649,   1.0
 -0.09347976682022804, -0.09232649637852308,-3.9001813138237256, 49.59731069533205,  33.06567528127078,0.21725637598055172,299.66685644540195,  45.68771424340834, 357140.9631241807,      0.0, 357140.9631241807,   1.0
   0.2999993999999999, -0.09232649637852308,-3.9001813138237256, 49.59731069533205,  33.06567528127078,0.21725637598055172,299.66685644540195,  45.68771424340834, 303618.0999841081,      0.0, 303618.0999841081,   1.0
 -0.09347976682022804,  0.29999939999999997,-3.9001813138237256, 49.59731069533205,  33.06567528127078,0.21725637598055172,299.66685644540195,  45.68771424340834,254607.57824490836,      0.0,254607.57824490836,   1.0
 -0.09347976682022804, -0.09232649637852308,-2.9001813138237256, 49.59731069533205,  33.06567528127078,0.21725637598055172,299.66685644540195,  45.68771424340834, 356800.7170156052,      0.0, 356800.7170156052,   1.0
 -0.09347976682022804, -0.09232649637852308,-3.9001813138237256, 50.59731069533205,  33.06567528127078,0.21725637598055172,299.66685644540195,  45.68771424340834, 357163.6758726447,      0.0, 357163.6758726447,   1.0
 -0.09347976682022804, -0.09232649637852308,-3.9001813138237256, 49.59731069533205,  34.06567528127078,0.21725637598055172,299.66685644540195,  45.68771424340834, 356840.7907479919,      0.0, 356840.7907479919,   1.0
 -0.09347976682022804, -0.09232649637852308,-3.9001813138237256, 49.59731069533205,  33.06567528127078,         0.59999942,299.66685644540195,  45.68771424340834, 323399.8203992696,      0.0, 323399.8203992696,   1.0
 -0.09347976682022804, -0.09232649637852308,-3.9001813138237256, 49.59731069533205,  33.06567528127078,0.21725637598055172,300.66685644540195,  45.68771424340834, 357155.4546369008,      0.0, 357155.4546369008,   1.0
 -0.09347976682022804, -0.09232649637852308,-3.9001813138237256, 49.59731069533205,  33.06567528127078,0.21725637598055172,299.66685644540195,  46.68771424340834, 357091.1693022767,      0.0, 357091.1693022767,   1.0
 -0.08900586619216594, -0.08782761208535356, -2.684875663112534, 48.93868884787558,  35.73168059147937,0.22152959115113108, 298.5586638130655,   46.5691426723024,357610.11114976567,      0.0,357610.11114976567,   1.0
  0.29999939999999997, -0.08782761208535356, -2.684875663112534, 48.93868884787558,  35.73168059147937,0.22152959115113108, 298.5586638130655,   46.5691426723024, 298387.6522788218,      0.0, 298387.6522788218,   1.0
 -0.08900586619216594,  0.29999939999999997, -2.684875663112534, 48.93868884787558,  35.73168059147937,0.22152959115113108, 298.5586638130655,   46.5691426723024, 265077.7185160707,      0.0, 265077.7185160707,   1.0
 -0.08900586619216594, -0.08782761208535356,-1.6848756631125341, 48.93868884787558,  35.73168059147937,0.22152959115113108, 298.5586638130655,   46.5691426723024,357139.57083087665,      0.0,357139.57083087665,   1.0
 -0.08900586619216594, -0.08782761208535356, -2.684875663112534, 49.93868884787558,  35.73168059147937,0.22152959115113108, 298.5586638130655,   46.5691426723024, 357854.5617785065,      0.0, 357854.5617785065,   1.0
 -0.08900586619216594, -0.08782761208535356, -2.684875663112534, 48.93868884787558,  36.73168059147937,0.22152959115113108, 298.5586638130655,   46.5691426723024,357454.32776806003,      0.0,357454.32776806003,   1.0
 -0.08900586619216594, -0.08782761208535356, -2.684875663112534, 48.93868884787558,  35.73168059147937,         0.59999942, 298.5586638130655,   46.5691426723024,324123.03157330235,      0.0,324123.03157330235,   1.0
 -0.08900586619216594, -0.08782761208535356, -2.684875663112534, 48.93868884787558,  35.73168059147937,0.22152959115113108, 299.5586638130655,   46.5691426723024, 357621.9248975808,      0.0, 357621.9248975808,   1.0
 -0.08900586619216594, -0.08782761208535356, -2.684875663112534, 48.93868884787558,  35.73168059147937,0.22152959115113108, 298.5586638130655,   47.5691426723024,357506.23538402474,      0.0,357506.23538402474,   1.0
 -0.08819482221071662, -0.08701203897978986,-2.4645609052370117, 48.81929163058379,  36.21498313686763, 0.2223042541876316,298.35776686888545,   46.7289310274234, 357662.8286827679,      0.0, 357662.8286827679,   1.0
  0.29999939999999997, -0.08701203897978986,-2.4645609052370117, 48.81929163058379,  36.21498313686763, 0.2223042541876316,298.35776686888545,   46.7289310274234, 297836.0989524797,      0.0, 297836.0989524797,   1.0
 -0.08819482221071662,  0.29999939999999997,-2.4645609052370117, 48.81929163058379,  36.21498313686763, 0.2223042541876316,298.35776686888545,   46.7289310274234,266995.42657892033,      0.0,266995.42657892033,   1.0
 -0.08819482221071662, -0.08701203897978986,-1.4645609052370117, 48.81929163058379,  36.21498313686763, 0.2223042541876316,298.35776686888545,   46.7289310274234,357189.46483550343,      0.0,357189.46483550343,   1.0
 -0.08819482221071662, -0.08701203897978986,-2.4645609052370117, 49.81929163058379,  36.21498313686763, 0.2223042541876316,298.35776686888545,   46.7289310274234, 357866.0592100848,      0.0, 357866.0592100848,   1.0
 -0.08819482221071662, -0.08701203897978986,-2.4645609052370117, 48.81929163058379,  37.21498313686763, 0.2223042541876316,298.35776686888545,   46.7289310274234, 357498.1869057167,      0.0, 357498.1869057167,   1.0
 -0.08819482221071662, -0.08701203897978986,-2.4645609052370117, 48.81929163058379,  36.21498313686763,         0.59999942,298.35776686888545,   46.7289310274234, 324397.0767971835,      0.0, 324397.0767971835,   1.0
 -0.08819482221071662, -0.08701203897978986,-2.4645609052370117, 48.81929163058379,  36.21498313686763, 0.2223042541876316,299.35776686888545,   46.7289310274234, 357683.1516817026,      0.0, 357683.1516817026,   1.0
 -0.08819482221071662, -0.08701203897978986,-2.4645609052370117, 48.81929163058379,  36.21498313686763, 0.2223042541876316,298.35776686888545,   47.7289310274234,357529.82405234425,      0.0,357529.82405234425,   1.0
 -0.08804393658869968, -0.08686031076510861,-2.4235738194045537, 48.79707911953603,  36.30489614633596,0.22244837154352032, 298.3203922491642,  46.75865785593696,357739.42440601607,      0.0,357739.42440601607,   1.0
  0.29999939999999997, -0.08686031076510861,-2.4235738194045537, 48.79707911953603,  36.30489614633596,0.22244837154352032, 298.3203922491642,  46.75865785593696,  297651.412425376,      0.0,  297651.412425376,   1.0
 -0.08804393658869968,            0.2999994,-2.4235738194045537, 48.79707911953603,  36.30489614633596,0.22244837154352032, 298.3203922491642,  46.75865785593696, 267461.6613284651,      0.0, 267461.6613284651,   1.0
 -0.08804393658869968, -0.08686031076510861,-1.4235738194045537, 48.79707911953603,  36.30489614633596,0.22244837154352032, 298.3203922491642,  46.75865785593696,357261.32518080634,      0.0,357261.32518080634,   1.0
 -0.08804393658869968, -0.08686031076510861,-2.4235738194045537, 49.79707911953603,  36.30489614633596,0.22244837154352032, 298.3203922491642,  46.75865785593696,357884.96187093266,      0.0,357884.96187093266,   1.0
 -0.08804393658869968, -0.08686031076510861,-2.4235738194045537, 48.79707911953603,  37.30489614633596,0.22244837154352032, 298.3203922491642,  46.75865785593696, 357505.5060321516,      0.0, 357505.5060321516,   1.0
 -0.08804393658869968, -0.08686031076510861,-2.4235738194045537, 48.79707911953603,  36.30489614633596,         0.59999942, 298.3203922491642,  46.75865785593696, 324392.0042321665,      0.0, 324392.0042321665,   1.0
 -0.08804393658869968, -0.08686031076510861,-2.4235738194045537, 48.79707911953603,  36.30489614633596,0.22244837154352032, 299.3203922491642,  46.75865785593696,  357768.154934578,      0.0,  357768.154934578,   1.0
 -0.08804393658869968, -0.08686031076510861,-2.4235738194045537, 48.79707911953603,  36.30489614633596,0.22244837154352032, 298.3203922491642,  47.75865785593696,357591.90448319516,      0.0,357591.90448319516,   1.0
 -0.08802642165518515, -0.08684269802270882,-2.4188160030287253, 48.79450067204056,  36.31533332624665,0.22246510081084836, 298.3160537709792, 46.762108571903475, 357746.4377927939,      0.0, 357746.4377927939,   1.0
  0.29999939999999997, -0.08684269802270882,-2.4188160030287253, 48.79450067204056,  36.31533332624665,0.22246510081084836, 298.3160537709792, 46.762108571903475,297642.58945897187,      0.0,297642.58945897187,   1.0
 -0.08802642165518515,  0.29999939999999997,-2.4188160030287253, 48.79450067204056,  36.31533332624665,0.22246510081084836, 298.3160537709792, 46.762108571903475,267500.71185011417,      0.0,267500.71185011417,   1.0
 -0.08802642165518515, -0.08684269802270882,-1.4188160030287253, 48.79450067204056,  36.31533332624665,0.22246510081084836, 298.3160537709792, 46.762108571903475,357265.83330410963,      0.0,357265.83330410963,   1.0
 -0.08802642165518515, -0.08684269802270882,-2.4188160030287253, 49.79450067204056,  36.31533332624665,0.22246510081084836, 298.3160537709792, 46.762108571903475, 357877.0194404186,      0.0, 357877.0194404186,   1.0
 -0.08802642165518515, -0.08684269802270882,-2.4188160030287253, 48.79450067204056,  37.31533332624665,0.22246510081084836, 298.3160537709792, 46.762108571903475, 357515.8259315521,      0.0, 357515.8259315521,   1.0
 -0.08802642165518515, -0.08684269802270882,-2.4188160030287253, 48.79450067204056,  36.31533332624665,         0.59999942, 298.3160537709792, 46.762108571903475, 324386.1407214489,      0.0, 324386.1407214489,   1.0
 -0.08802642165518515, -0.08684269802270882,-2.4188160030287253, 48.79450067204056,  36.31533332624665,0.22246510081084836, 299.3160537709792, 46.762108571903475, 357773.5578497845,      0.0, 357773.5578497845,   1.0
 -0.08802642165518515, -0.08684269802270882,-2.4188160030287253, 48.79450067204056,  36.31533332624665,0.22246510081084836, 298.3160537709792, 47.762108571903475, 357597.3473642043,      0.0, 357597.3473642043,   1.0
 -0.08803798151130474, -0.08685432243269268,-2.4219561618367718, 48.79620244738757,   36.3084447875056,0.22245405949441185,298.31891716658123,  46.75983109936558, 357743.4482054902,      0.0, 357743.4482054902,   1.0
            0.2999994, -0.08685432243269268,-2.4219561618367718, 48.79620244738757,   36.3084447875056,0.22245405949441185,298.31891716658123,  46.75983109936558,297654.57918269414,      0.0,297654.57918269414,   1.0
 -0.08803798151130474,  0.29999939999999997,-2.4219561618367718, 48.79620244738757,   36.3084447875056,0.22245405949441185,298.31891716658123,  46.75983109936558,267486.47892556473,      0.0,267486.47892556473,   1.0
 -0.08803798151130474, -0.08685432243269268,-1.4219561618367718, 48.79620244738757,   36.3084447875056,0.22245405949441185,298.31891716658123,  46.75983109936558,357267.33859691204,      0.0,357267.33859691204,   1.0
 -0.08803798151130474, -0.08685432243269268,-2.4219561618367718, 49.79620244738757,   36.3084447875056,0.22245405949441185,298.31891716658123,  46.75983109936558,357885.79658354836,      0.0,357885.79658354836,   1.0
 -0.08803798151130474, -0.08685432243269268,-2.4219561618367718, 48.79620244738757,   37.3084447875056,0.22245405949441185,298.31891716658123,  46.75983109936558, 357513.7143194343,      0.0, 357513.7143194343,   1.0
 -0.08803798151130474, -0.08685432243269268,-2.4219561618367718, 48.79620244738757,   36.3084447875056,         0.59999942,298.31891716658123,  46.75983109936558,324385.67739824386,      0.0,324385.67739824386,   1.0
 -0.08803798151130474, -0.08685432243269268,-2.4219561618367718, 48.79620244738757,   36.3084447875056,0.22245405949441185,299.31891716658123,  46.75983109936558, 357772.5346265133,      0.0, 357772.5346265133,   1.0
 -0.08803798151130474, -0.08685432243269268,-2.4219561618367718, 48.79620244738757,   36.3084447875056,0.22245405949441185,298.31891716658123,  47.75983109936558, 357596.5974666022,      0.0, 357596.5974666022,   1.0
 -0.08802812833463874, -0.08684441423279605,-2.4192796112659942, 48.79475191954653,  36.31431631293672,0.22246347068779945,298.31647651832054,  46.76177232934593,357746.32617952104,      0.0,357746.32617952104,   1.0
  0.29999939999999997, -0.08684441423279605,-2.4192796112659942, 48.79475191954653,  36.31431631293672,0.22246347068779945,298.31647651832054,  46.76177232934593, 297658.4719482051,      0.0, 297658.4719482051,   1.0
 -0.08802812833463874,  0.29999939999999997,-2.4192796112659942, 48.79475191954653,  36.31431631293672,0.22246347068779945,298.31647651832054,  46.76177232934593, 267494.5436922766,      0.0, 267494.5436922766,   1.0
 -0.08802812833463874, -0.08684441423279605,-1.4192796112659942, 48.79475191954653,  36.31431631293672,0.22246347068779945,298.31647651832054,  46.76177232934593, 357269.0650073137,      0.0, 357269.0650073137,   1.0
 -0.08802812833463874, -0.08684441423279605,-2.4192796112659942, 49.79475191954653,  36.31431631293672,0.22246347068779945,298.31647651832054,  46.76177232934593,357879.45664830273,      0.0,357879.45664830273,   1.0
 -0.08802812833463874, -0.08684441423279605,-2.4192796112659942, 48.79475191954653,  37.31431631293672,0.22246347068779945,298.31647651832054,  46.76177232934593,357515.09531664965,      0.0,357515.09531664965,   1.0
 -0.08802812833463874, -0.08684441423279605,-2.4192796112659942, 48.79475191954653,  36.31431631293672,         0.59999942,298.31647651832054,  46.76177232934593,324385.95306981547,      0.0,324385.95306981547,   1.0
 -0.08802812833463874, -0.08684441423279605,-2.4192796112659942, 48.79475191954653,  36.31431631293672,0.22246347068779945,299.31647651832054,  46.76177232934593, 357773.1095409396,      0.0, 357773.1095409396,   1.0
 -0.08802812833463874, -0.08684441423279605,-2.4192796112659942, 48.79475191954653,  36.31431631293672,0.22246347068779945,298.31647651832054,  47.76177232934593,357597.50073643995,      0.0,357597.50073643995,   1.0
 -0.08802674633092346, -0.08684302451153833,-2.4189041990554623,  48.7945484689302,    36.315139851399,0.22246479069906766,298.31613419369995, 46.762044605702684,357746.57487298275,      0.0,357746.57487298275,   1.0
  0.29999939999999997, -0.08684302451153833,-2.4189041990554623,  48.7945484689302,    36.315139851399,0.22246479069906766,298.31613419369995, 46.762044605702684,297642.49398636696,      0.0,297642.49398636696,   1.0
 -0.08802674633092346,   0.2999993999999999,-2.4189041990554623,  48.7945484689302,    36.315139851399,0.22246479069906766,298.31613419369995, 46.762044605702684,267497.76585799037,      0.0,267497.76585799037,   1.0
 -0.08802674633092346, -0.08684302451153833,-1.4189041990554623,  48.7945484689302,    36.315139851399,0.22246479069906766,298.31613419369995, 46.762044605702684,357265.83306253114,      0.0,357265.83306253114,   1.0
 -0.08802674633092346, -0.08684302451153833,-2.4189041990554623,  49.7945484689302,    36.315139851399,0.22246479069906766,298.31613419369995, 46.762044605702684, 357879.0177013887,      0.0, 357879.0177013887,   1.0
 -0.08802674633092346, -0.08684302451153833,-2.4189041990554623,  48.7945484689302,    37.315139851399,0.22246479069906766,298.31613419369995, 46.762044605702684, 357515.9643093839,      0.0, 357515.9643093839,   1.0
 -0.08802674633092346, -0.08684302451153833,-2.4189041990554623,  48.7945484689302,    36.315139851399,         0.59999942,298.31613419369995, 46.762044605702684, 324386.1407214489,      0.0, 324386.1407214489,   1.0
 -0.08802674633092346, -0.08684302451153833,-2.4189041990554623,  48.7945484689302,    36.315139851399,0.22246479069906766,299.31613419369995, 46.762044605702684, 357773.4172280723,      0.0, 357773.4172280723,   1.0
 -0.08802674633092346, -0.08684302451153833,-2.4189041990554623,  48.7945484689302,    36.315139851399,0.22246479069906766,298.31613419369995, 47.762044605702684, 357597.3473642043,      0.0, 357597.3473642043,   1.0
 -0.08802697072847845,  -0.0868432501621997,-2.4189651551739066, 48.79458150344405,  36.31500613249844,0.22246457636729858,298.31618977734786, 46.762000395873095,357746.60988252866,      0.0,357746.60988252866,   1.0
            0.2999994,  -0.0868432501621997,-2.4189651551739066, 48.79458150344405,  36.31500613249844,0.22246457636729858,298.31618977734786, 46.762000395873095,297641.34517123917,      0.0,297641.34517123917,   1.0
 -0.08802697072847845,  0.29999939999999997,-2.4189651551739066, 48.79458150344405,  36.31500613249844,0.22246457636729858,298.31618977734786, 46.762000395873095, 267497.5046905411,      0.0, 267497.5046905411,   1.0
 -0.08802697072847845,  -0.0868432501621997,-1.4189651551739066, 48.79458150344405,  36.31500613249844,0.22246457636729858,298.31618977734786, 46.762000395873095,357266.22806979343,      0.0,357266.22806979343,   1.0
 -0.08802697072847845,  -0.0868432501621997,-2.4189651551739066, 49.79458150344405,  36.31500613249844,0.22246457636729858,298.31618977734786, 46.762000395873095,  357879.008613429,      0.0,  357879.008613429,   1.0
 -0.08802697072847845,  -0.0868432501621997,-2.4189651551739066, 48.79458150344405,  37.31500613249844,0.22246457636729858,298.31618977734786, 46.762000395873095,357515.95471114636,      0.0,357515.95471114636,   1.0
 -0.08802697072847845,  -0.0868432501621997,-2.4189651551739066, 48.79458150344405,  36.31500613249844,         0.59999942,298.31618977734786, 46.762000395873095, 324386.1859000672,      0.0, 324386.1859000672,   1.0
 -0.08802697072847845,  -0.0868432501621997,-2.4189651551739066, 48.79458150344405,  36.31500613249844,0.22246457636729858,299.31618977734786, 46.762000395873095, 357773.2045529339,      0.0, 357773.2045529339,   1.0
 -0.08802697072847845,  -0.0868432501621997,-2.4189651551739066, 48.79458150344405,  36.31500613249844,0.22246457636729858,298.31618977734786, 47.762000395873095,357597.34226170124,      0.0,357597.34226170124,   1.0
  -0.0880275495315586, -0.08684383219749787,-2.4191223832199507, 48.79466671149529, 36.314661222717575,0.22246402352754902, 298.3163331478342, 46.761886362609516, 357746.2411316326,      0.0, 357746.2411316326,   1.0
  0.29999939999999997, -0.08684383219749787,-2.4191223832199507, 48.79466671149529, 36.314661222717575,0.22246402352754902, 298.3163331478342, 46.761886362609516, 297636.5144473566,      0.0, 297636.5144473566,   1.0
  -0.0880275495315586,  0.29999939999999997,-2.4191223832199507, 48.79466671149529, 36.314661222717575,0.22246402352754902, 298.3163331478342, 46.761886362609516,267497.20337000326,      0.0,267497.20337000326,   1.0
  -0.0880275495315586, -0.08684383219749787,-1.4191223832199507, 48.79466671149529, 36.314661222717575,0.22246402352754902, 298.3163331478342, 46.761886362609516, 357268.9403995391,      0.0, 357268.9403995391,   1.0
  -0.0880275495315586, -0.08684383219749787,-2.4191223832199507, 49.79466671149529, 36.314661222717575,0.22246402352754902, 298.3163331478342, 46.761886362609516,357878.56583612924,      0.0,357878.56583612924,   1.0
  -0.0880275495315586, -0.08684383219749787,-2.4191223832199507, 48.79466671149529, 37.314661222717575,0.22246402352754902, 298.3163331478342, 46.761886362609516,357515.10088367714,      0.0,357515.10088367714,   1.0
  -0.0880275495315586, -0.08684383219749787,-2.4191223832199507, 48.79466671149529, 36.314661222717575,         0.59999942, 298.3163331478342, 46.761886362609516, 324386.2829298644,      0.0, 324386.2829298644,   1.0
  -0.0880275495315586, -0.08684383219749787,-2.4191223832199507, 48.79466671149529, 36.314661222717575,0.22246402352754902, 299.3163331478342, 46.761886362609516,357773.32242941577,      0.0,357773.32242941577,   1.0
  -0.0880275495315586, -0.08684383219749787,-2.4191223832199507, 48.79466671149529, 36.314661222717575,0.22246402352754902, 298.3163331478342, 47.761886362609516, 357597.3766719328,      0.0, 357597.3766719328,   1.0
  -0.0880270305359353, -0.08684331030364015,-2.4189814014758046, 48.79459030795291, 36.314970493128946,0.22246451924262078,298.31620459175446, 46.761988612868265, 357746.6542501094,      0.0, 357746.6542501094,   1.0
  0.29999939999999997, -0.08684331030364015,-2.4189814014758046, 48.79459030795291, 36.314970493128946,0.22246451924262078,298.31620459175446, 46.761988612868265, 297636.5282921877,      0.0, 297636.5282921877,   1.0
  -0.0880270305359353,            0.2999994,-2.4189814014758046, 48.79459030795291, 36.314970493128946,0.22246451924262078,298.31620459175446, 46.761988612868265, 267497.4991695639,      0.0, 267497.4991695639,   1.0
  -0.0880270305359353, -0.08684331030364015,-1.4189814014758046, 48.79459030795291, 36.314970493128946,0.22246451924262078,298.31620459175446, 46.761988612868265,357266.22812298726,      0.0,357266.22812298726,   1.0
  -0.0880270305359353, -0.08684331030364015,-2.4189814014758046, 49.79459030795291, 36.314970493128946,0.22246451924262078,298.31620459175446, 46.761988612868265, 357879.1187207201,      0.0, 357879.1187207201,   1.0
  -0.0880270305359353, -0.08684331030364015,-2.4189814014758046, 48.79459030795291, 37.314970493128946,0.22246451924262078,298.31620459175446, 46.761988612868265,357515.99767052906,      0.0,357515.99767052906,   1.0
  -0.0880270305359353, -0.08684331030364015,-2.4189814014758046, 48.79459030795291, 36.314970493128946,         0.59999942,298.31620459175446, 46.761988612868265, 324386.1859000672,      0.0, 324386.1859000672,   1.0
  -0.0880270305359353, -0.08684331030364015,-2.4189814014758046, 48.79459030795291, 36.314970493128946,0.22246451924262078,299.31620459175446, 46.761988612868265, 357773.2045529339,      0.0, 357773.2045529339,   1.0
  -0.0880270305359353, -0.08684331030364015,-2.4189814014758046, 48.79459030795291, 36.314970493128946,0.22246451924262078,298.31620459175446, 47.761988612868265,357597.34226170124,      0.0,357597.34226170124,   1.0
 -0.08802707820570282,  -0.0868433582396106, -2.418994350654306, 48.79459732562115,  36.31494208663003,0.22246447371117278, 298.3162163996352,  46.76197922117815, 357746.6542501094,      0.0, 357746.6542501094,   1.0
  0.29999939999999997,  -0.0868433582396106, -2.418994350654306, 48.79459732562115,  36.31494208663003,0.22246447371117278, 298.3162163996352,  46.76197922117815, 297636.5282921877,      0.0, 297636.5282921877,   1.0
 -0.08802707820570282,  0.29999939999999997, -2.418994350654306, 48.79459732562115,  36.31494208663003,0.22246447371117278, 298.3162163996352,  46.76197922117815, 267497.4991695639,      0.0, 267497.4991695639,   1.0
 -0.08802707820570282,  -0.0868433582396106,-1.4189943506543061, 48.79459732562115,  36.31494208663003,0.22246447371117278, 298.3162163996352,  46.76197922117815,357266.22812298726,      0.0,357266.22812298726,   1.0
 -0.08802707820570282,  -0.0868433582396106, -2.418994350654306, 49.79459732562115,  36.31494208663003,0.22246447371117278, 298.3162163996352,  46.76197922117815, 357879.1187207201,      0.0, 357879.1187207201,   1.0
 -0.08802707820570282,  -0.0868433582396106, -2.418994350654306, 48.79459732562115,  37.31494208663003,0.22246447371117278, 298.3162163996352,  46.76197922117815, 357516.0008751602,      0.0, 357516.0008751602,   1.0
 -0.08802707820570282,  -0.0868433582396106, -2.418994350654306, 48.79459732562115,  36.31494208663003,         0.59999942, 298.3162163996352,  46.76197922117815, 324386.1859000672,      0.0, 324386.1859000672,   1.0
 -0.08802707820570282,  -0.0868433582396106, -2.418994350654306, 48.79459732562115,  36.31494208663003,0.22246447371117278, 299.3162163996352,  46.76197922117815, 357773.2044191561,      0.0, 357773.2044191561,   1.0
 -0.08802707820570282,  -0.0868433582396106, -2.418994350654306, 48.79459732562115,  36.31494208663003,0.22246447371117278, 298.3162163996352,  47.76197922117815,357597.34226170124,      0.0,357597.34226170124,   1.0
  -0.0880273138686307, -0.08684359521855424,-2.4190583669371284, 48.79463201855822,  36.31480165467381, 0.2224642486193609, 298.3162747737347, 46.761932791893834,357746.66411544004,      0.0,357746.66411544004,   1.0
  0.29999939999999997, -0.08684359521855424,-2.4190583669371284, 48.79463201855822,  36.31480165467381, 0.2224642486193609, 298.3162747737347, 46.761932791893834,297636.52899459656,      0.0,297636.52899459656,   1.0
  -0.0880273138686307,  0.29999939999999997,-2.4190583669371284, 48.79463201855822,  36.31480165467381, 0.2224642486193609, 298.3162747737347, 46.761932791893834,267497.45950457104,      0.0,267497.45950457104,   1.0
  -0.0880273138686307, -0.08684359521855424,-1.4190583669371284, 48.79463201855822,  36.31480165467381, 0.2224642486193609, 298.3162747737347, 46.761932791893834,357266.23636628105,      0.0,357266.23636628105,   1.0
  -0.0880273138686307, -0.08684359521855424,-2.4190583669371284, 49.79463201855822,  36.31480165467381, 0.2224642486193609, 298.3162747737347, 46.761932791893834,357878.57558862725,      0.0,357878.57558862725,   1.0
  -0.0880273138686307, -0.08684359521855424,-2.4190583669371284, 48.79463201855822,  37.31480165467381, 0.2224642486193609, 298.3162747737347, 46.761932791893834, 357515.6057592353,      0.0, 357515.6057592353,   1.0
  -0.0880273138686307, -0.08684359521855424,-2.4190583669371284, 48.79463201855822,  36.31480165467381,         0.59999942, 298.3162747737347, 46.761932791893834, 324386.1887122063,      0.0, 324386.1887122063,   1.0
  -0.0880273138686307, -0.08684359521855424,-2.4190583669371284, 48.79463201855822,  36.31480165467381, 0.2224642486193609, 299.3162747737347, 46.761932791893834, 357773.1951747061,      0.0, 357773.1951747061,   1.0
  -0.0880273138686307, -0.08684359521855424,-2.4190583669371284, 48.79463201855822,  36.31480165467381, 0.2224642486193609, 298.3162747737347, 47.761932791893834, 357597.1933245597,      0.0, 357597.1933245597,   1.0
 -0.29999939999999997, -0.29999939999999997,-14.670797070431519,  55.4360769820087,  9.438572824830985, 0.1322739523681545,309.48943928594827,  37.87479195164053, 277519.8426206928,      0.0, 277519.8426206928,   1.0
  0.29999939999999997, -0.29999939999999997,-14.670797070431519,  55.4360769820087,  9.438572824830985, 0.1322739523681545,309.48943928594827,  37.87479195164053,322601.62415767263,      0.0,322601.62415767263,   1.0
 -0.29999939999999997,  0.29999939999999997,-14.670797070431519,  55.4360769820087,  9.438572824830985, 0.1322739523681545,309.48943928594827,  37.87479195164053,176128.29465683002,      0.0,176128.29465683002,   1.0
 -0.29999939999999997, -0.29999939999999997,-13.670797070431519,  55.4360769820087,  9.438572824830985, 0.1322739523681545,309.48943928594827,  37.87479195164053,276652.22730781103,      0.0,276652.22730781103,   1.0
 -0.29999939999999997, -0.29999939999999997,-14.670797070431519,  56.4360769820087,  9.438572824830985, 0.1322739523681545,309.48943928594827,  37.87479195164053,277870.11674001365,      0.0,277870.11674001365,   1.0
 -0.29999939999999997, -0.29999939999999997,-14.670797070431519,  55.4360769820087, 10.438572824830985, 0.1322739523681545,309.48943928594827,  37.87479195164053, 275978.7014334034,      0.0, 275978.7014334034,   1.0
 -0.29999939999999997, -0.29999939999999997,-14.670797070431519,  55.4360769820087,  9.438572824830985,         0.59999942,309.48943928594827,  37.87479195164053, 280269.7074822244,      0.0, 280269.7074822244,   1.0
 -0.29999939999999997, -0.29999939999999997,-14.670797070431519,  55.4360769820087,  9.438572824830985, 0.1322739523681545,310.48943928594827,  37.87479195164053,277423.58504326607,      0.0,277423.58504326607,   1.0
 -0.29999939999999997, -0.29999939999999997,-14.670797070431519,  55.4360769820087,  9.438572824830985, 0.1322739523681545,309.48943928594827,  38.87479195164053,278698.79858702153,      0.0,278698.79858702153,   1.0
 -0.11242483563831562, -0.11137736040623583,-3.8292065953682317,49.559047753833504,   33.2214067179615, 0.2120835435163341,  299.602281480552,  45.73904239119287,349240.99715601816,      0.0,349240.99715601816,   1.0
  0.29999939999999997, -0.11137736040623583,-3.8292065953682317,49.559047753833504,   33.2214067179615, 0.2120835435163341,  299.602281480552,  45.73904239119287, 312042.8684831419,      0.0, 312042.8684831419,   1.0
 -0.11242483563831562,            0.2999994,-3.8292065953682317,49.559047753833504,   33.2214067179615, 0.2120835435163341,  299.602281480552,  45.73904239119287,260707.51095687106,      0.0,260707.51095687106,   1.0
 -0.11242483563831562, -0.11137736040623583,-2.8292065953682317,49.559047753833504,   33.2214067179615, 0.2120835435163341,  299.602281480552,  45.73904239119287,348533.08610321773,      0.0,348533.08610321773,   1.0
 -0.11242483563831562, -0.11137736040623583,-3.8292065953682317,50.559047753833504,   33.2214067179615, 0.2120835435163341,  299.602281480552,  45.73904239119287, 349345.9923994444,      0.0, 349345.9923994444,   1.0
 -0.11242483563831562, -0.11137736040623583,-3.8292065953682317,49.559047753833504,   34.2214067179615, 0.2120835435163341,  299.602281480552,  45.73904239119287,348935.31999717787,      0.0,348935.31999717787,   1.0
 -0.11242483563831562, -0.11137736040623583,-3.8292065953682317,49.559047753833504,   33.2214067179615,         0.59999942,  299.602281480552,  45.73904239119287, 322678.3646652385,      0.0, 322678.3646652385,   1.0
 -0.11242483563831562, -0.11137736040623583,-3.8292065953682317,49.559047753833504,   33.2214067179615, 0.2120835435163341,  300.602281480552,  45.73904239119287, 349160.4572143336,      0.0, 349160.4572143336,   1.0
 -0.11242483563831562, -0.11137736040623583,-3.8292065953682317,49.559047753833504,   33.2214067179615, 0.2120835435163341,  299.602281480552,  46.73904239119287,349287.73099658743,      0.0,349287.73099658743,   1.0
 -0.09080799352418038,  -0.0896398030619339,-2.5797783993700962, 48.88175542820318,  35.96223550273847,0.22128111962114788, 298.4628459181445,  46.64535002771241,356900.38442548865,      0.0,356900.38442548865,   1.0
  0.29999939999999997,  -0.0896398030619339,-2.5797783993700962, 48.88175542820318,  35.96223550273847,0.22128111962114788, 298.4628459181445,  46.64535002771241, 298958.7459838672,      0.0, 298958.7459838672,   1.0
 -0.09080799352418038,  0.29999939999999997,-2.5797783993700962, 48.88175542820318,  35.96223550273847,0.22128111962114788, 298.4628459181445,  46.64535002771241,266680.37097703683,      0.0,266680.37097703683,   1.0
 -0.09080799352418038,  -0.0896398030619339,-1.5797783993700962, 48.88175542820318,  35.96223550273847,0.22128111962114788, 298.4628459181445,  46.64535002771241, 356379.4354746078,      0.0, 356379.4354746078,   1.0
 -0.09080799352418038,  -0.0896398030619339,-2.5797783993700962, 49.88175542820318,  35.96223550273847,0.22128111962114788, 298.4628459181445,  46.64535002771241, 357001.3087658492,      0.0, 357001.3087658492,   1.0
 -0.09080799352418038,  -0.0896398030619339,-2.5797783993700962, 48.88175542820318,  36.96223550273847,0.22128111962114788, 298.4628459181445,  46.64535002771241, 356796.7050688906,      0.0, 356796.7050688906,   1.0
 -0.09080799352418038,  -0.0896398030619339,-2.5797783993700962, 48.88175542820318,  35.96223550273847,         0.59999942, 298.4628459181445,  46.64535002771241,324163.77949798806,      0.0,324163.77949798806,   1.0
 -0.09080799352418038,  -0.0896398030619339,-2.5797783993700962, 48.88175542820318,  35.96223550273847,0.22128111962114788, 299.4628459181445,  46.64535002771241, 356889.7711354156,      0.0, 356889.7711354156,   1.0
 -0.09080799352418038,  -0.0896398030619339,-2.5797783993700962, 48.88175542820318,  35.96223550273847,0.22128111962114788, 298.4628459181445,  47.64535002771241, 356795.4822298179,      0.0, 356795.4822298179,   1.0
  -0.0883566723063575, -0.08717479289715663, -2.438094899494151, 48.80495137700457,  36.27304185081973,0.22232411254949647,298.33363543699636, 46.748124111343365, 357601.0061629276,      0.0, 357601.0061629276,   1.0
  0.29999939999999997, -0.08717479289715663, -2.438094899494151, 48.80495137700457,  36.27304185081973,0.22232411254949647,298.33363543699636, 46.748124111343365, 297788.8765567278,      0.0, 297788.8765567278,   1.0
  -0.0883566723063575,  0.29999939999999997, -2.438094899494151, 48.80495137700457,  36.27304185081973,0.22232411254949647,298.33363543699636, 46.748124111343365, 267385.6139288776,      0.0, 267385.6139288776,   1.0
  -0.0883566723063575, -0.08717479289715663,-1.4380948994941511, 48.80495137700457,  36.27304185081973,0.22232411254949647,298.33363543699636, 46.748124111343365,357132.89077202557,      0.0,357132.89077202557,   1.0
  -0.0883566723063575, -0.08717479289715663, -2.438094899494151, 49.80495137700457,  36.27304185081973,0.22232411254949647,298.33363543699636, 46.748124111343365, 357840.8679278539,      0.0, 357840.8679278539,   1.0
  -0.0883566723063575, -0.08717479289715663, -2.438094899494151, 48.80495137700457,  37.27304185081973,0.22232411254949647,298.33363543699636, 46.748124111343365, 357433.0026296198,      0.0, 357433.0026296198,   1.0
  -0.0883566723063575, -0.08717479289715663, -2.438094899494151, 48.80495137700457,  36.27304185081973,         0.59999942,298.33363543699636, 46.748124111343365,324384.63234957424,      0.0,324384.63234957424,   1.0
  -0.0883566723063575, -0.08717479289715663, -2.438094899494151, 48.80495137700457,  36.27304185081973,0.22232411254949647,299.33363543699636, 46.748124111343365,357636.33567295474,      0.0,357636.33567295474,   1.0
  -0.0883566723063575, -0.08717479289715663, -2.438094899494151, 48.80495137700457,  36.27304185081973,0.22232411254949647,298.33363543699636, 47.748124111343365, 357469.0366492771,      0.0, 357469.0366492771,   1.0
 -0.08805955643002226, -0.08687601783252698, -2.420921949281909, 48.79564223269004,  36.31071357650354,0.22245052999151288, 298.3179742967676, 46.760580990393144, 357701.8139539447,      0.0, 357701.8139539447,   1.0
  0.29999939999999997, -0.08687601783252698, -2.420921949281909, 48.79564223269004,  36.31071357650354,0.22245052999151288, 298.3179742967676, 46.760580990393144, 297656.3248164614,      0.0, 297656.3248164614,   1.0
 -0.08805955643002226,  0.29999939999999997, -2.420921949281909, 48.79564223269004,  36.31071357650354,0.22245052999151288, 298.3179742967676, 46.760580990393144,267489.04563504265,      0.0,267489.04563504265,   1.0
 -0.08805955643002226, -0.08687601783252698, -1.420921949281909, 48.79564223269004,  36.31071357650354,0.22245052999151288, 298.3179742967676, 46.760580990393144,357223.83013031835,      0.0,357223.83013031835,   1.0
 -0.08805955643002226, -0.08687601783252698, -2.420921949281909, 49.79564223269004,  36.31071357650354,0.22245052999151288, 298.3179742967676, 46.760580990393144,357877.41652268486,      0.0,357877.41652268486,   1.0
 -0.08805955643002226, -0.08687601783252698, -2.420921949281909, 48.79564223269004,  37.31071357650354,0.22245052999151288, 298.3179742967676, 46.760580990393144, 357512.4328002211,      0.0, 357512.4328002211,   1.0
 -0.08805955643002226, -0.08687601783252698, -2.420921949281909, 48.79564223269004,  36.31071357650354,         0.59999942, 298.3179742967676, 46.760580990393144,324375.48249905754,      0.0,324375.48249905754,   1.0
 -0.08805955643002226, -0.08687601783252698, -2.420921949281909, 48.79564223269004,  36.31071357650354,0.22245052999151288, 299.3179742967676, 46.760580990393144, 357732.3091733625,      0.0, 357732.3091733625,   1.0
 -0.08805955643002226, -0.08687601783252698, -2.420921949281909, 48.79564223269004,  36.31071357650354,0.22245052999151288, 298.3179742967676, 47.760580990393144, 357552.3864528044,      0.0, 357552.3864528044,   1.0
 -0.08802879538382463, -0.08684508500699394,-2.4191439967828905, 48.79467843694189, 36.314613811349275,0.22246361826138933,298.31635286521026, 46.761870677893704, 357746.2070528835,      0.0, 357746.2070528835,   1.0
  0.29999939999999997, -0.08684508500699394,-2.4191439967828905, 48.79467843694189, 36.314613811349275,0.22246361826138933,298.31635286521026, 46.761870677893704, 297636.4179787332,      0.0, 297636.4179787332,   1.0
 -0.08802879538382463,  0.29999939999999997,-2.4191439967828905, 48.79467843694189, 36.314613811349275,0.22246361826138933,298.31635286521026, 46.761870677893704,267494.56168958335,      0.0,267494.56168958335,   1.0
 -0.08802879538382463, -0.08684508500699394,-1.4191439967828905, 48.79467843694189, 36.314613811349275,0.22246361826138933,298.31635286521026, 46.761870677893704,357268.94610189274,      0.0,357268.94610189274,   1.0
 -0.08802879538382463, -0.08684508500699394,-2.4191439967828905, 49.79467843694189, 36.314613811349275,0.22246361826138933,298.31635286521026, 46.761870677893704, 357878.8193471604,      0.0, 357878.8193471604,   1.0
 -0.08802879538382463, -0.08684508500699394,-2.4191439967828905, 48.79467843694189, 37.314613811349275,0.22246361826138933,298.31635286521026, 46.761870677893704, 357515.0995095582,      0.0, 357515.0995095582,   1.0
 -0.08802879538382463, -0.08684508500699394,-2.4191439967828905, 48.79467843694189, 36.314613811349275,         0.59999942,298.31635286521026, 46.761870677893704,324385.75440396357,      0.0,324385.75440396357,   1.0
 -0.08802879538382463, -0.08684508500699394,-2.4191439967828905, 48.79467843694189, 36.314613811349275,0.22246361826138933,299.31635286521026, 46.761870677893704,357773.30330092553,      0.0,357773.30330092553,   1.0
 -0.08802879538382463, -0.08684508500699394,-2.4191439967828905, 48.79467843694189, 36.314613811349275,0.22246361826138933,298.31635286521026, 47.761870677893704,357597.33861486055,      0.0,357597.33861486055,   1.0
 -0.08802748613660098, -0.08684376844852293, -2.419068323824365, 48.79463741600589,  36.31477981258378,0.22246417532244922,298.31628385407356,   46.7619255693876,357746.66411544004,      0.0,357746.66411544004,   1.0
  0.29999939999999997, -0.08684376844852293, -2.419068323824365, 48.79463741600589,  36.31477981258378,0.22246417532244922,298.31628385407356,   46.7619255693876,297636.52899459656,      0.0,297636.52899459656,   1.0
 -0.08802748613660098,  0.29999939999999997, -2.419068323824365, 48.79463741600589,  36.31477981258378,0.22246417532244922,298.31628385407356,   46.7619255693876,267497.45950457104,      0.0,267497.45950457104,   1.0
 -0.08802748613660098, -0.08684376844852293,-1.4190683238243649, 48.79463741600589,  36.31477981258378,0.22246417532244922,298.31628385407356,   46.7619255693876,357266.23636628105,      0.0,357266.23636628105,   1.0
 -0.08802748613660098, -0.08684376844852293, -2.419068323824365, 49.79463741600589,  36.31477981258378,0.22246417532244922,298.31628385407356,   46.7619255693876,357878.57196587697,      0.0,357878.57196587697,   1.0
 -0.08802748613660098, -0.08684376844852293, -2.419068323824365, 48.79463741600589,  37.31477981258378,0.22246417532244922,298.31628385407356,   46.7619255693876, 357515.6135483379,      0.0, 357515.6135483379,   1.0
 -0.08802748613660098, -0.08684376844852293, -2.419068323824365, 48.79463741600589,  36.31477981258378,         0.59999942,298.31628385407356,   46.7619255693876, 324386.1887122063,      0.0, 324386.1887122063,   1.0
 -0.08802748613660098, -0.08684376844852293, -2.419068323824365, 48.79463741600589,  36.31477981258378,0.22246417532244922,299.31628385407356,   46.7619255693876, 357773.1951747061,      0.0, 357773.1951747061,   1.0
 -0.08802748613660098, -0.08684376844852293, -2.419068323824365, 48.79463741600589,  36.31477981258378,0.22246417532244922,298.31628385407356,   47.7619255693876, 357597.1933245597,      0.0, 357597.1933245597,   1.0
 -0.08802735022346873,  -0.0868436317764091, -2.419060468204254, 48.79463315761695, 36.314797045194496,0.22246423315103359,298.31627669001807,  46.76193126768104,357746.66411544004,      0.0,357746.66411544004,   1.0
  0.29999939999999997,  -0.0868436317764091, -2.419060468204254, 48.79463315761695, 36.314797045194496,0.22246423315103359,298.31627669001807,  46.76193126768104,297636.52899459656,      0.0,297636.52899459656,   1.0
 -0.08802735022346873,  0.29999939999999997, -2.419060468204254, 48.79463315761695, 36.314797045194496,0.22246423315103359,298.31627669001807,  46.76193126768104,267497.45950457104,      0.0,267497.45950457104,   1.0
 -0.08802735022346873,  -0.0868436317764091, -1.419060468204254, 48.79463315761695, 36.314797045194496,0.22246423315103359,298.31627669001807,  46.76193126768104,357266.23636628105,      0.0,357266.23636628105,   1.0
 -0.08802735022346873,  -0.0868436317764091, -2.419060468204254, 49.79463315761695, 36.314797045194496,0.22246423315103359,298.31627669001807,  46.76193126768104,357878.57558862725,      0.0,357878.57558862725,   1.0
 -0.08802735022346873,  -0.0868436317764091, -2.419060468204254, 48.79463315761695, 37.314797045194496,0.22246423315103359,298.31627669001807,  46.76193126768104, 357515.6057592353,      0.0, 357515.6057592353,   1.0
 -0.08802735022346873,  -0.0868436317764091, -2.419060468204254, 48.79463315761695, 36.314797045194496,         0.59999942,298.31627669001807,  46.76193126768104, 324386.1887122063,      0.0, 324386.1887122063,   1.0
 -0.08802735022346873,  -0.0868436317764091, -2.419060468204254, 48.79463315761695, 36.314797045194496,0.22246423315103359,299.31627669001807,  46.76193126768104, 357773.1951747061,      0.0, 357773.1951747061,   1.0
 -0.08802735022346873,  -0.0868436317764091, -2.419060468204254, 48.79463315761695, 36.314797045194496,0.22246423315103359,298.31627669001807,  47.76193126768104, 357597.1933245597,      0.0, 357597.1933245597,   1.0
 -0.08802732154082268, -0.08684360293359016,-2.4190588103808532, 48.79463225894101,  36.31480068190616,0.22246424535498172,298.31627517814013, 46.761932470229546,357746.66411544004,      0.0,357746.66411544004,   1.0
   0.2999993999999999, -0.08684360293359016,-2.4190588103808532, 48.79463225894101,  36.31480068190616,0.22246424535498172,298.31627517814013, 46.761932470229546,297636.52899459656,      0.0,297636.52899459656,   1.0
 -0.08802732154082268,  0.29999939999999997,-2.4190588103808532, 48.79463225894101,  36.31480068190616,0.22246424535498172,298.31627517814013, 46.761932470229546,267497.45950457104,      0.0,267497.45950457104,   1.0
 -0.08802732154082268, -0.08684360293359016,-1.4190588103808532, 48.79463225894101,  36.31480068190616,0.22246424535498172,298.31627517814013, 46.761932470229546,357266.23636628105,      0.0,357266.23636628105,   1.0
 -0.08802732154082268, -0.08684360293359016,-2.4190588103808532, 49.79463225894101,  36.31480068190616,0.22246424535498172,298.31627517814013, 46.761932470229546,357878.57558862725,      0.0,357878.57558862725,   1.0
 -0.08802732154082268, -0.08684360293359016,-2.4190588103808532, 48.79463225894101,  37.31480068190616,0.22246424535498172,298.31627517814013, 46.761932470229546, 357515.6057592353,      0.0, 357515.6057592353,   1.0
 -0.08802732154082268, -0.08684360293359016,-2.4190588103808532, 48.79463225894101,  36.31480068190616,         0.59999942,298.31627517814013, 46.761932470229546, 324386.1887122063,      0.0, 324386.1887122063,   1.0
 -0.08802732154082268, -0.08684360293359016,-2.4190588103808532, 48.79463225894101,  36.31480068190616,0.22246424535498172,299.31627517814013, 46.761932470229546, 357773.1951747061,      0.0, 357773.1951747061,   1.0
 -0.08802732154082268, -0.08684360293359016,-2.4190588103808532, 48.79463225894101,  36.31480068190616,0.22246424535498172,298.31627517814013, 47.761932470229546, 357597.1933245597,      0.0, 357597.1933245597,   1.0
 -0.08802731548774198, -0.08684359684670714,-2.4190584605198664, 48.79463206928772,  36.31480144938449,0.22246424793045827,298.31627485907893,  46.76193272401098,357746.66411544004,      0.0,357746.66411544004,   1.0
   0.2999993999999999, -0.08684359684670714,-2.4190584605198664, 48.79463206928772,  36.31480144938449,0.22246424793045827,298.31627485907893,  46.76193272401098,297636.52899459656,      0.0,297636.52899459656,   1.0
 -0.08802731548774198,   0.2999993999999999,-2.4190584605198664, 48.79463206928772,  36.31480144938449,0.22246424793045827,298.31627485907893,  46.76193272401098,267497.45950457104,      0.0,267497.45950457104,   1.0
 -0.08802731548774198, -0.08684359684670714,-1.4190584605198664, 48.79463206928772,  36.31480144938449,0.22246424793045827,298.31627485907893,  46.76193272401098,357266.23636628105,      0.0,357266.23636628105,   1.0
 -0.08802731548774198, -0.08684359684670714,-2.4190584605198664, 49.79463206928772,  36.31480144938449,0.22246424793045827,298.31627485907893,  46.76193272401098,357878.57558862725,      0.0,357878.57558862725,   1.0
 -0.08802731548774198, -0.08684359684670714,-2.4190584605198664, 48.79463206928772,  37.31480144938449,0.22246424793045827,298.31627485907893,  46.76193272401098, 357515.6057592353,      0.0, 357515.6057592353,   1.0
 -0.08802731548774198, -0.08684359684670714,-2.4190584605198664, 48.79463206928772,  36.31480144938449,         0.59999942,298.31627485907893,  46.76193272401098, 324386.1887122063,      0.0, 324386.1887122063,   1.0
 -0.08802731548774198, -0.08684359684670714,-2.4190584605198664, 48.79463206928772,  36.31480144938449,0.22246424793045827,299.31627485907893,  46.76193272401098, 357773.1951747061,      0.0, 357773.1951747061,   1.0
 -0.08802731548774198, -0.08684359684670714,-2.4190584605198664, 48.79463206928772,  36.31480144938449,0.22246424793045827,298.31627485907893,  47.76193272401098, 357597.1933245597,      0.0, 357597.1933245597,   1.0
 -0.08802731421032202, -0.08684359556215367,-2.4190583866864865, 48.79463202926399, 36.314801611350305,0.22246424847397742, 298.3162747917454, 46.761932777568084,357746.66411544004,      0.0,357746.66411544004,   1.0
  0.29999939999999997, -0.08684359556215367,-2.4190583866864865, 48.79463202926399, 36.314801611350305,0.22246424847397742, 298.3162747917454, 46.761932777568084,297636.52899459656,      0.0,297636.52899459656,   1.0
 -0.08802731421032202,  0.29999939999999997,-2.4190583866864865, 48.79463202926399, 36.314801611350305,0.22246424847397742, 298.3162747917454, 46.761932777568084,267497.45950457104,      0.0,267497.45950457104,   1.0
 -0.08802731421032202, -0.08684359556215367,-1.4190583866864865, 48.79463202926399, 36.314801611350305,0.22246424847397742, 298.3162747917454, 46.761932777568084,357266.23636628105,      0.0,357266.23636628105,   1.0
 -0.08802731421032202, -0.08684359556215367,-2.4190583866864865, 49.79463202926399, 36.314801611350305,0.22246424847397742, 298.3162747917454, 46.761932777568084,357878.57558862725,      0.0,357878.57558862725,   1.0
 -0.08802731421032202, -0.08684359556215367,-2.4190583866864865, 48.79463202926399, 37.314801611350305,0.22246424847397742, 298.3162747917454, 46.761932777568084, 357515.6057592353,      0.0, 357515.6057592353,   1.0
 -0.08802731421032202, -0.08684359556215367,-2.4190583866864865, 48.79463202926399, 36.314801611350305,         0.59999942, 298.3162747917454, 46.761932777568084, 324386.1887122063,      0.0, 324386.1887122063,   1.0
 -0.08802731421032202, -0.08684359556215367,-2.4190583866864865, 48.79463202926399, 36.314801611350305,0.22246424847397742, 299.3162747917454, 46.761932777568084, 357773.1951747061,      0.0, 357773.1951747061,   1.0
 -0.08802731421032202, -0.08684359556215367,-2.4190583866864865, 48.79463202926399, 36.314801611350305,0.22246424847397742, 298.3162747917454, 47.761932777568084, 357597.1933245597,      0.0, 357597.1933245597,   1.0
    -0.08802731394074, -0.08684359529106622,-2.4190583711049616,48.794632020817524,  36.31480164553097, 0.2224642485886797,298.31627477753557,  46.76193278887058,357746.66411544004,      0.0,357746.66411544004,   1.0
  0.29999939999999997, -0.08684359529106622,-2.4190583711049616,48.794632020817524,  36.31480164553097, 0.2224642485886797,298.31627477753557,  46.76193278887058,297636.52899459656,      0.0,297636.52899459656,   1.0
    -0.08802731394074,  0.29999939999999997,-2.4190583711049616,48.794632020817524,  36.31480164553097, 0.2224642485886797,298.31627477753557,  46.76193278887058,267497.45950457104,      0.0,267497.45950457104,   1.0
    -0.08802731394074, -0.08684359529106622,-1.4190583711049616,48.794632020817524,  36.31480164553097, 0.2224642485886797,298.31627477753557,  46.76193278887058,357266.23636628105,      0.0,357266.23636628105,   1.0
    -0.08802731394074, -0.08684359529106622,-2.4190583711049616,49.794632020817524,  36.31480164553097, 0.2224642485886797,298.31627477753557,  46.76193278887058,357878.57558862725,      0.0,357878.57558862725,   1.0
    -0.08802731394074, -0.08684359529106622,-2.4190583711049616,48.794632020817524,  37.31480164553097, 0.2224642485886797,298.31627477753557,  46.76193278887058, 357515.6057592353,      0.0, 357515.6057592353,   1.0
    -0.08802731394074, -0.08684359529106622,-2.4190583711049616,48.794632020817524,  36.31480164553097,         0.59999942,298.31627477753557,  46.76193278887058, 324386.1887122063,      0.0, 324386.1887122063,   1.0
    -0.08802731394074, -0.08684359529106622,-2.4190583711049616,48.794632020817524,  36.31480164553097, 0.2224642485886797,299.31627477753557,  46.76193278887058, 357773.1951747061,      0.0, 357773.1951747061,   1.0
    -0.08802731394074, -0.08684359529106622,-2.4190583711049616,48.794632020817524,  36.31480164553097, 0.2224642485886797,298.31627477753557,  47.76193278887058, 357597.1933245597,      0.0, 357597.1933245597,   1.0
 -0.08802731388384841, -0.08684359523385692,-2.4190583678166933,48.794632019035014, 36.314801652744336,0.22246424861288605, 298.3162747745368, 46.761932791255816,357746.66411544004,      0.0,357746.66411544004,   1.0
   0.2999993999999999, -0.08684359523385692,-2.4190583678166933,48.794632019035014, 36.314801652744336,0.22246424861288605, 298.3162747745368, 46.761932791255816,297636.52899459656,      0.0,297636.52899459656,   1.0
 -0.08802731388384841,  0.29999939999999997,-2.4190583678166933,48.794632019035014, 36.314801652744336,0.22246424861288605, 298.3162747745368, 46.761932791255816,267497.45950457104,      0.0,267497.45950457104,   1.0
 -0.08802731388384841, -0.08684359523385692,-1.4190583678166933,48.794632019035014, 36.314801652744336,0.22246424861288605, 298.3162747745368, 46.761932791255816,357266.23636628105,      0.0,357266.23636628105,   1.0
 -0.08802731388384841, -0.08684359523385692,-2.4190583678166933,49.794632019035014, 36.314801652744336,0.22246424861288605, 298.3162747745368, 46.761932791255816,357878.57558862725,      0.0,357878.57558862725,   1.0
 -0.08802731388384841, -0.08684359523385692,-2.4190583678166933,48.794632019035014, 37.314801652744336,0.22246424861288605, 298.3162747745368, 46.761932791255816, 357515.6057592353,      0.0, 357515.6057592353,   1.0
 -0.08802731388384841, -0.08684359523385692,-2.4190583678166933,48.794632019035014, 36.314801652744336,         0.59999942, 298.3162747745368, 46.761932791255816, 324386.1887122063,      0.0, 324386.1887122063,   1.0
 -0.08802731388384841, -0.08684359523385692,-2.4190583678166933,48.794632019035014, 36.314801652744336,0.22246424861288605, 299.3162747745368, 46.761932791255816, 357773.1951747061,      0.0, 357773.1951747061,   1.0
 -0.08802731388384841, -0.08684359523385692,-2.4190583678166933,48.794632019035014, 36.314801652744336,0.22246424861288605, 298.3162747745368, 47.761932791255816, 357597.1933245597,      0.0, 357597.1933245597,   1.0
 -0.08802731387184218, -0.08684359522178364, -2.419058367122748, 48.79463201865884,  36.31480165426662,0.22246424861799446,298.31627477390396, 46.761932791759186,357746.66411544004,      0.0,357746.66411544004,   1.0
            0.2999994, -0.08684359522178364, -2.419058367122748, 48.79463201865884,  36.31480165426662,0.22246424861799446,298.31627477390396, 46.761932791759186,297636.52899459656,      0.0,297636.52899459656,   1.0
 -0.08802731387184218,  0.29999939999999997, -2.419058367122748, 48.79463201865884,  36.31480165426662,0.22246424861799446,298.31627477390396, 46.761932791759186,267497.45950457104,      0.0,267497.45950457104,   1.0
 -0.08802731387184218, -0.08684359522178364, -1.419058367122748, 48.79463201865884,  36.31480165426662,0.22246424861799446,298.31627477390396, 46.761932791759186,357266.23636628105,      0.0,357266.23636628105,   1.0
 -0.08802731387184218, -0.08684359522178364, -2.419058367122748, 49.79463201865884,  36.31480165426662,0.22246424861799446,298.31627477390396, 46.761932791759186,357878.57558862725,      0.0,357878.57558862725,   1.0
 -0.08802731387184218, -0.08684359522178364, -2.419058367122748, 48.79463201865884,  37.31480165426662,0.22246424861799446,298.31627477390396, 46.761932791759186, 357515.6057592353,      0.0, 357515.6057592353,   1.0
 -0.08802731387184218, -0.08684359522178364, -2.419058367122748, 48.79463201865884,  36.31480165426662,         0.59999942,298.31627477390396, 46.761932791759186, 324386.1887122063,      0.0, 324386.1887122063,   1.0
 -0.08802731387184218, -0.08684359522178364, -2.419058367122748, 48.79463201865884,  36.31480165426662,0.22246424861799446,299.31627477390396, 46.761932791759186, 357773.1951747061,      0.0, 357773.1951747061,   1.0
 -0.08802731387184218, -0.08684359522178364, -2.419058367122748, 48.79463201865884,  36.31480165426662,0.22246424861799446,298.31627477390396, 47.761932791759186, 357597.1933245597,      0.0, 357597.1933245597,   1.0
 -0.08802731386930845, -0.08684359521923578,-2.4190583669763015,48.794632018579456, 36.314801654587875,0.22246424861907252, 298.3162747737704,  46.76193279186542,357746.66411544004,      0.0,357746.66411544004,   1.0
  0.29999939999999997, -0.08684359521923578,-2.4190583669763015,48.794632018579456, 36.314801654587875,0.22246424861907252, 298.3162747737704,  46.76193279186542,297636.52899459656,      0.0,297636.52899459656,   1.0
 -0.08802731386930845,  0.29999939999999997,-2.4190583669763015,48.794632018579456, 36.314801654587875,0.22246424861907252, 298.3162747737704,  46.76193279186542,267497.45950457104,      0.0,267497.45950457104,   1.0
 -0.08802731386930845, -0.08684359521923578,-1.4190583669763015,48.794632018579456, 36.314801654587875,0.22246424861907252, 298.3162747737704,  46.76193279186542,357266.23636628105,      0.0,357266.23636628105,   1.0
 -0.08802731386930845, -0.08684359521923578,-2.4190583669763015,49.794632018579456, 36.314801654587875,0.22246424861907252, 298.3162747737704,  46.76193279186542,357878.57558862725,      0.0,357878.57558862725,   1.0
 -0.08802731386930845, -0.08684359521923578,-2.4190583669763015,48.794632018579456, 37.314801654587875,0.22246424861907252, 298.3162747737704,  46.76193279186542, 357515.6057592353,      0.0, 357515.6057592353,   1.0
 -0.08802731386930845, -0.08684359521923578,-2.4190583669763015,48.794632018579456, 36.314801654587875,         0.59999942, 298.3162747737704,  46.76193279186542, 324386.1887122063,      0.0, 324386.1887122063,   1.0
 -0.08802731386930845, -0.08684359521923578,-2.4190583669763015,48.794632018579456, 36.314801654587875,0.22246424861907252, 299.3162747737704,  46.76193279186542, 357773.1951747061,      0.0, 357773.1951747061,   1.0
 -0.08802731386930845, -0.08684359521923578,-2.4190583669763015,48.794632018579456, 36.314801654587875,0.22246424861907252, 298.3162747737704,  47.76193279186542, 357597.1933245597,      0.0, 357597.1933245597,   1.0
 -0.08802731386877373, -0.08684359521869806, -2.419058366945395,  48.7946320185627, 36.314801654655675,0.22246424861930006,298.31627477374224,  46.76193279188784,357746.66411544004,      0.0,357746.66411544004,   1.0
  0.29999939999999997, -0.08684359521869806, -2.419058366945395,  48.7946320185627, 36.314801654655675,0.22246424861930006,298.31627477374224,  46.76193279188784,297636.52899459656,      0.0,297636.52899459656,   1.0
 -0.08802731386877373,  0.29999939999999997, -2.419058366945395,  48.7946320185627, 36.314801654655675,0.22246424861930006,298.31627477374224,  46.76193279188784,267497.45950457104,      0.0,267497.45950457104,   1.0
 -0.08802731386877373, -0.08684359521869806, -1.419058366945395,  48.7946320185627, 36.314801654655675,0.22246424861930006,298.31627477374224,  46.76193279188784,357266.23636628105,      0.0,357266.23636628105,   1.0
 -0.08802731386877373, -0.08684359521869806, -2.419058366945395,  49.7946320185627, 36.314801654655675,0.22246424861930006,298.31627477374224,  46.76193279188784,357878.57558862725,      0.0,357878.57558862725,   1.0
 -0.08802731386877373, -0.08684359521869806, -2.419058366945395,  48.7946320185627, 37.314801654655675,0.22246424861930006,298.31627477374224,  46.76193279188784, 357515.6057592353,      0.0, 357515.6057592353,   1.0
 -0.08802731386877373, -0.08684359521869806, -2.419058366945395,  48.7946320185627, 36.314801654655675,         0.59999942,298.31627477374224,  46.76193279188784, 324386.1887122063,      0.0, 324386.1887122063,   1.0
 -0.08802731386877373, -0.08684359521869806, -2.419058366945395,  48.7946320185627, 36.314801654655675,0.22246424861930006,299.31627477374224,  46.76193279188784, 357773.1951747061,      0.0, 357773.1951747061,   1.0
 -0.08802731386877373, -0.08684359521869806, -2.419058366945395,  48.7946320185627, 36.314801654655675,0.22246424861930006,298.31627477374224,  47.76193279188784, 357597.1933245597,      0.0, 357597.1933245597,   1.0
 -0.08802731386866089,  -0.0868435952185846, -2.419058366938873, 48.79463201855916,  36.31480165466998,0.22246424861934805,298.31627477373627,  46.76193279189257,357746.66411544004,      0.0,357746.66411544004,   1.0
   0.2999993999999999,  -0.0868435952185846, -2.419058366938873, 48.79463201855916,  36.31480165466998,0.22246424861934805,298.31627477373627,  46.76193279189257,297636.52899459656,      0.0,297636.52899459656,   1.0
 -0.08802731386866089,  0.29999939999999997, -2.419058366938873, 48.79463201855916,  36.31480165466998,0.22246424861934805,298.31627477373627,  46.76193279189257,267497.45950457104,      0.0,267497.45950457104,   1.0
 -0.08802731386866089,  -0.0868435952185846,-1.4190583669388732, 48.79463201855916,  36.31480165466998,0.22246424861934805,298.31627477373627,  46.76193279189257,357266.23636628105,      0.0,357266.23636628105,   1.0
 -0.08802731386866089,  -0.0868435952185846, -2.419058366938873, 49.79463201855916,  36.31480165466998,0.22246424861934805,298.31627477373627,  46.76193279189257,357878.57558862725,      0.0,357878.57558862725,   1.0
 -0.08802731386866089,  -0.0868435952185846, -2.419058366938873, 48.79463201855916,  37.31480165466998,0.22246424861934805,298.31627477373627,  46.76193279189257, 357515.6057592353,      0.0, 357515.6057592353,   1.0
 -0.08802731386866089,  -0.0868435952185846, -2.419058366938873, 48.79463201855916,  36.31480165466998,         0.59999942,298.31627477373627,  46.76193279189257, 324386.1887122063,      0.0, 324386.1887122063,   1.0
 -0.08802731386866089,  -0.0868435952185846, -2.419058366938873, 48.79463201855916,  36.31480165466998,0.22246424861934805,299.31627477373627,  46.76193279189257, 357773.1951747061,      0.0, 357773.1951747061,   1.0
 -0.08802731386866089,  -0.0868435952185846, -2.419058366938873, 48.79463201855916,  36.31480165466998,0.22246424861934805,298.31627477373627,  47.76193279189257, 357597.1933245597,      0.0, 357597.1933245597,   1.0
 -0.08802731386873537, -0.08684359521865949,-2.4190583669431778,  48.7946320185615, 36.314801654660535,0.22246424861931638, 298.3162747737402,  46.76193279188944,357746.66411544004,      0.0,357746.66411544004,   1.0
  0.29999939999999997, -0.08684359521865949,-2.4190583669431778,  48.7946320185615, 36.314801654660535,0.22246424861931638, 298.3162747737402,  46.76193279188944,297636.52899459656,      0.0,297636.52899459656,   1.0
 -0.08802731386873537,  0.29999939999999997,-2.4190583669431778,  48.7946320185615, 36.314801654660535,0.22246424861931638, 298.3162747737402,  46.76193279188944,267497.45950457104,      0.0,267497.45950457104,   1.0
 -0.08802731386873537, -0.08684359521865949,-1.4190583669431778,  48.7946320185615, 36.314801654660535,0.22246424861931638, 298.3162747737402,  46.76193279188944,357266.23636628105,      0.0,357266.23636628105,   1.0
 -0.08802731386873537, -0.08684359521865949,-2.4190583669431778,  49.7946320185615, 36.314801654660535,0.22246424861931638, 298.3162747737402,  46.76193279188944,357878.57558862725,      0.0,357878.57558862725,   1.0
 -0.08802731386873537, -0.08684359521865949,-2.4190583669431778,  48.7946320185615, 37.314801654660535,0.22246424861931638, 298.3162747737402,  46.76193279188944, 357515.6057592353,      0.0, 357515.6057592353,   1.0
 -0.08802731386873537, -0.08684359521865949,-2.4190583669431778,  48.7946320185615, 36.314801654660535,         0.59999942, 298.3162747737402,  46.76193279188944, 324386.1887122063,      0.0, 324386.1887122063,   1.0
 -0.08802731386873537, -0.08684359521865949,-2.4190583669431778,  48.7946320185615, 36.314801654660535,0.22246424861931638, 299.3162747737402,  46.76193279188944, 357773.1951747061,      0.0, 357773.1951747061,   1.0
 -0.08802731386873537, -0.08684359521865949,-2.4190583669431778,  48.7946320185615, 36.314801654660535,0.22246424861931638, 298.3162747737402,  47.76193279188944, 357597.1933245597,      0.0, 357597.1933245597,   1.0
  -0.0880273138686766, -0.08684359521860038, -2.419058366939781, 48.79463201855965,  36.31480165466799,0.22246424861934136, 298.3162747737371,  46.76193279189191,357746.66411544004,      0.0,357746.66411544004,   1.0
            0.2999994, -0.08684359521860038, -2.419058366939781, 48.79463201855965,  36.31480165466799,0.22246424861934136, 298.3162747737371,  46.76193279189191,297636.52899459656,      0.0,297636.52899459656,   1.0
  -0.0880273138686766,   0.2999993999999999, -2.419058366939781, 48.79463201855965,  36.31480165466799,0.22246424861934136, 298.3162747737371,  46.76193279189191,267497.45950457104,      0.0,267497.45950457104,   1.0
  -0.0880273138686766, -0.08684359521860038, -1.419058366939781, 48.79463201855965,  36.31480165466799,0.22246424861934136, 298.3162747737371,  46.76193279189191,357266.23636628105,      0.0,357266.23636628105,   1.0
  -0.0880273138686766, -0.08684359521860038, -2.419058366939781, 49.79463201855965,  36.31480165466799,0.22246424861934136, 298.3162747737371,  46.76193279189191,357878.57558862725,      0.0,357878.57558862725,   1.0
  -0.0880273138686766, -0.08684359521860038, -2.419058366939781, 48.79463201855965,  37.31480165466799,0.22246424861934136, 298.3162747737371,  46.76193279189191, 357515.6057592353,      0.0, 357515.6057592353,   1.0
  -0.0880273138686766, -0.08684359521860038, -2.419058366939781, 48.79463201855965,  36.31480165466799,         0.59999942, 298.3162747737371,  46.76193279189191, 324386.1887122063,      0.0, 324386.1887122063,   1.0
  -0.0880273138686766, -0.08684359521860038, -2.419058366939781, 48.79463201855965,  36.31480165466799,0.22246424861934136, 299.3162747737371,  46.76193279189191, 357773.1951747061,      0.0, 357773.1951747061,   1.0
  -0.0880273138686766, -0.08684359521860038, -2.419058366939781, 48.79463201855965,  36.31480165466799,0.22246424861934136, 298.3162747737371,  47.76193279189191, 357597.1933245597,      0.0, 357597.1933245597,   1.0
 -0.08802731386871539,  -0.0868435952186394,-2.4190583669420227, 48.79463201856087,  36.31480165466307,0.22246424861932487,298.31627477373917,  46.76193279189028,357746.66411544004,      0.0,357746.66411544004,   1.0
  0.29999939999999997,  -0.0868435952186394,-2.4190583669420227, 48.79463201856087,  36.31480165466307,0.22246424861932487,298.31627477373917,  46.76193279189028,297636.52899459656,      0.0,297636.52899459656,   1.0
 -0.08802731386871539,  0.29999939999999997,-2.4190583669420227, 48.79463201856087,  36.31480165466307,0.22246424861932487,298.31627477373917,  46.76193279189028,267497.45950457104,      0.0,267497.45950457104,   1.0
 -0.08802731386871539,  -0.0868435952186394,-1.4190583669420227, 48.79463201856087,  36.31480165466307,0.22246424861932487,298.31627477373917,  46.76193279189028,357266.23636628105,      0.0,357266.23636628105,   1.0
 -0.08802731386871539,  -0.0868435952186394,-2.4190583669420227, 49.79463201856087,  36.31480165466307,0.22246424861932487,298.31627477373917,  46.76193279189028,357878.57558862725,      0.0,357878.57558862725,   1.0
 -0.08802731386871539,  -0.0868435952186394,-2.4190583669420227, 48.79463201856087,  37.31480165466307,0.22246424861932487,298.31627477373917,  46.76193279189028, 357515.6057592353,      0.0, 357515.6057592353,   1.0
 -0.08802731386871539,  -0.0868435952186394,-2.4190583669420227, 48.79463201856087,  36.31480165466307,         0.59999942,298.31627477373917,  46.76193279189028, 324386.1887122063,      0.0, 324386.1887122063,   1.0
 -0.08802731386871539,  -0.0868435952186394,-2.4190583669420227, 48.79463201856087,  36.31480165466307,0.22246424861932487,299.31627477373917,  46.76193279189028, 357773.1951747061,      0.0, 357773.1951747061,   1.0
 -0.08802731386871539,  -0.0868435952186394,-2.4190583669420227, 48.79463201856087,  36.31480165466307,0.22246424861932487,298.31627477373917,  47.76193279189028, 357597.1933245597,      0.0, 357597.1933245597,   1.0
 -0.29999939999999997, -0.29999939999999997,          -59.99988,          79.99994,          -89.99974,         0.02000058,351.37839366927483,           5.000115,144111.48639311496,      0.0,144111.48639311496,   1.0
  0.29999939999999997, -0.29999939999999997,          -59.99988,          79.99994,          -89.99974,         0.02000058,351.37839366927483,           5.000115,225255.35947486205,      0.0,225255.35947486205,   1.0
 -0.29999939999999997,  0.29999939999999997,          -59.99988,          79.99994,          -89.99974,         0.02000058,351.37839366927483,           5.000115,171824.43374318918,      0.0,171824.43374318918,   1.0
 -0.29999939999999997, -0.29999939999999997,          -58.99988,          79.99994,          -89.99974,         0.02000058,351.37839366927483,           5.000115,145540.67214277462,      0.0,145540.67214277462,   1.0
 -0.29999939999999997, -0.29999939999999997,          -59.99988,          78.99994,          -89.99974,         0.02000058,351.37839366927483,           5.000115,129453.76310453675,      0.0,129453.76310453675,   1.0
 -0.29999939999999997, -0.29999939999999997,          -59.99988,          79.99994,          -88.99974,         0.02000058,351.37839366927483,           5.000115,150423.77497586608,      0.0,150423.77497586608,   1.0
 -0.29999939999999997, -0.29999939999999997,          -59.99988,          79.99994,          -89.99974,         0.59999942,351.37839366927483,           5.000115, 153445.9113960342,      0.0, 153445.9113960342,   1.0
 -0.29999939999999997, -0.29999939999999997,          -59.99988,          79.99994,          -89.99974,         0.02000058,352.37839366927483,           5.000115, 143916.0003260923,      0.0, 143916.0003260923,   1.0
 -0.29999939999999997, -0.29999939999999997,          -59.99988,          79.99994,          -89.99974,         0.02000058,351.37839366927483,           6.000115,144671.16743858284,      0.0,144671.16743858284,   1.0
 -0.12751879967191382,  -0.1265556138717882,-13.146660484577293, 54.60834079327133, 12.781755301522164,0.18474422972023632, 308.2020194172849,  38.98149214733764, 341472.2431387559,      0.0, 341472.2431387559,   1.0
  0.29999939999999997,  -0.1265556138717882,-13.146660484577293, 54.60834079327133, 12.781755301522164,0.18474422972023632, 308.2020194172849,  38.98149214733764,  339011.385478097,      0.0,  339011.385478097,   1.0
 -0.12751879967191382,  0.29999939999999997,-13.146660484577293, 54.60834079327133, 12.781755301522164,0.18474422972023632, 308.2020194172849,  38.98149214733764, 156466.9144745945,      0.0, 156466.9144745945,   1.0
 -0.12751879967191382,  -0.1265556138717882,-12.146660484577293, 54.60834079327133, 12.781755301522164,0.18474422972023632, 308.2020194172849,  38.98149214733764, 341522.5925711995,      0.0, 341522.5925711995,   1.0
 -0.12751879967191382,  -0.1265556138717882,-13.146660484577293, 55.60834079327133, 12.781755301522164,0.18474422972023632, 308.2020194172849,  38.98149214733764,341314.86381465243,      0.0,341314.86381465243,   1.0
 -0.12751879967191382,  -0.1265556138717882,-13.146660484577293, 54.60834079327133, 13.781755301522164,0.18474422972023632, 308.2020194172849,  38.98149214733764,342333.78568487003,      0.0,342333.78568487003,   1.0
 -0.12751879967191382,  -0.1265556138717882,-13.146660484577293, 54.60834079327133, 12.781755301522164,         0.59999942, 308.2020194172849,  38.98149214733764,   307468.47839481,      0.0,   307468.47839481,   1.0
 -0.12751879967191382,  -0.1265556138717882,-13.146660484577293, 54.60834079327133, 12.781755301522164,0.18474422972023632, 309.2020194172849,  38.98149214733764, 341510.6118626941,      0.0, 341510.6118626941,   1.0
 -0.12751879967191382,  -0.1265556138717882,-13.146660484577293, 54.60834079327133, 12.781755301522164,0.18474422972023632, 308.2020194172849,  39.98149214733764,341836.92649442964,      0.0,341836.92649442964,   1.0
 -0.09472982548780572, -0.09358353576599414,-4.2397515208369505,49.781337122719556,  32.32076310666177,0.21606239110996667,299.99408752222547, 45.441433125656815, 356740.1871000827,      0.0, 356740.1871000827,   1.0
  0.29999939999999997, -0.09358353576599414,-4.2397515208369505,49.781337122719556,  32.32076310666177,0.21606239110996667,299.99408752222547, 45.441433125656815, 305017.8776875536,      0.0, 305017.8776875536,   1.0
 -0.09472982548780572,  0.29999939999999997,-4.2397515208369505,49.781337122719556,  32.32076310666177,0.21606239110996667,299.99408752222547, 45.441433125656815,251254.71721603032,      0.0,251254.71721603032,   1.0
 -0.09472982548780572, -0.09358353576599414,-3.2397515208369505,49.781337122719556,  32.32076310666177,0.21606239110996667,299.99408752222547, 45.441433125656815, 356314.8694770019,      0.0, 356314.8694770019,   1.0
 -0.09472982548780572, -0.09358353576599414,-4.2397515208369505,50.781337122719556,  32.32076310666177,0.21606239110996667,299.99408752222547, 45.441433125656815,  356763.500955362,      0.0,  356763.500955362,   1.0
 -0.09472982548780572, -0.09358353576599414,-4.2397515208369505,49.781337122719556,  33.32076310666177,0.21606239110996667,299.99408752222547, 45.441433125656815,356714.55786224897,      0.0,356714.55786224897,   1.0
 -0.09472982548780572, -0.09358353576599414,-4.2397515208369505,49.781337122719556,  32.32076310666177,         0.59999942,299.99408752222547, 45.441433125656815,323425.56267332146,      0.0,323425.56267332146,   1.0
 -0.09472982548780572, -0.09358353576599414,-4.2397515208369505,49.781337122719556,  32.32076310666177,0.21606239110996667,300.99408752222547, 45.441433125656815,356722.37989164656,      0.0,356722.37989164656,   1.0
 -0.09472982548780572, -0.09358353576599414,-4.2397515208369505,49.781337122719556,  32.32076310666177,0.21606239110996667,299.99408752222547, 46.441433125656815,356616.14015982917,      0.0,356616.14015982917,   1.0
 -0.08923434610893538, -0.08805736790567985, -2.746940728255524, 48.97232434347544,  35.59552900430224, 0.2213113601425146, 298.6184262947897,  46.52412855356924, 357625.4311527886,      0.0, 357625.4311527886,   1.0
  0.29999939999999997, -0.08805736790567985, -2.746940728255524, 48.97232434347544,  35.59552900430224, 0.2213113601425146, 298.6184262947897,  46.52412855356924,298628.64643471874,      0.0,298628.64643471874,   1.0
 -0.08923434610893538,  0.29999939999999997, -2.746940728255524, 48.97232434347544,  35.59552900430224, 0.2213113601425146, 298.6184262947897,  46.52412855356924,264619.46922564117,      0.0,264619.46922564117,   1.0
 -0.08923434610893538, -0.08805736790567985,-1.7469407282555238, 48.97232434347544,  35.59552900430224, 0.2213113601425146, 298.6184262947897,  46.52412855356924, 357159.7405274039,      0.0, 357159.7405274039,   1.0
 -0.08923434610893538, -0.08805736790567985, -2.746940728255524, 49.97232434347544,  35.59552900430224, 0.2213113601425146, 298.6184262947897,  46.52412855356924,357818.84736221656,      0.0,357818.84736221656,   1.0
 -0.08923434610893538, -0.08805736790567985, -2.746940728255524, 48.97232434347544,  36.59552900430224, 0.2213113601425146, 298.6184262947897,  46.52412855356924,357484.46689025965,      0.0,357484.46689025965,   1.0
 -0.08923434610893538, -0.08805736790567985, -2.746940728255524, 48.97232434347544,  35.59552900430224,         0.59999942, 298.6184262947897,  46.52412855356924, 324060.3500069422,      0.0, 324060.3500069422,   1.0
 -0.08923434610893538, -0.08805736790567985, -2.746940728255524, 48.97232434347544,  35.59552900430224, 0.2213113601425146, 299.6184262947897,  46.52412855356924, 357651.1108604079,      0.0, 357651.1108604079,   1.0
 -0.08923434610893538, -0.08805736790567985, -2.746940728255524, 48.97232434347544,  35.59552900430224, 0.2213113601425146, 298.6184262947897,  47.52412855356924,357510.52727791714,      0.0,357510.52727791714,   1.0
 -0.08825031928348342, -0.08706784596562711, -2.479636319677019,48.827461589559825,  36.18191233288747,0.22225124654329942, 298.3720988213875,   46.7179972357003, 357661.4095391111,      0.0, 357661.4095391111,   1.0
  0.29999939999999997, -0.08706784596562711, -2.479636319677019,48.827461589559825,  36.18191233288747,0.22225124654329942, 298.3720988213875,   46.7179972357003, 297832.3957877358,      0.0, 297832.3957877358,   1.0
 -0.08825031928348342,  0.29999939999999997, -2.479636319677019,48.827461589559825,  36.18191233288747,0.22225124654329942, 298.3720988213875,   46.7179972357003,266835.22197638004,      0.0,266835.22197638004,   1.0
 -0.08825031928348342, -0.08706784596562711,-1.4796363196770188,48.827461589559825,  36.18191233288747,0.22225124654329942, 298.3720988213875,   46.7179972357003,357188.78510448546,      0.0,357188.78510448546,   1.0
 -0.08825031928348342, -0.08706784596562711, -2.479636319677019,49.827461589559825,  36.18191233288747,0.22225124654329942, 298.3720988213875,   46.7179972357003, 357893.7815061542,      0.0, 357893.7815061542,   1.0
 -0.08825031928348342, -0.08706784596562711, -2.479636319677019,48.827461589559825,  37.18191233288747,0.22225124654329942, 298.3720988213875,   46.7179972357003,357475.93290770124,      0.0,357475.93290770124,   1.0
 -0.08825031928348342, -0.08706784596562711, -2.479636319677019,48.827461589559825,  36.18191233288747,         0.59999942, 298.3720988213875,   46.7179972357003, 324409.7887771784,      0.0, 324409.7887771784,   1.0
 -0.08825031928348342, -0.08706784596562711, -2.479636319677019,48.827461589559825,  36.18191233288747,0.22225124654329942, 299.3720988213875,   46.7179972357003,357675.35073796427,      0.0,357675.35073796427,   1.0
 -0.08825031928348342, -0.08706784596562711, -2.479636319677019,48.827461589559825,  36.18191233288747,0.22225124654329942, 298.3720988213875,   47.7179972357003,357529.65600703144,      0.0,357529.65600703144,   1.0
 -0.08805636026504277, -0.08687280381915921,-2.4269486292891713,48.798908061514304,  36.29749285559337,0.22243650515518557, 298.3235458412041,  46.75621019729843,357704.82663517585,      0.0,357704.82663517585,   1.0
  0.29999939999999997, -0.08687280381915921,-2.4269486292891713,48.798908061514304,  36.29749285559337,0.22243650515518557, 298.3235458412041,  46.75621019729843,297682.10977383703,      0.0,297682.10977383703,   1.0
 -0.08805636026504277,            0.2999994,-2.4269486292891713,48.798908061514304,  36.29749285559337,0.22243650515518557, 298.3235458412041,  46.75621019729843,267396.37675214914,      0.0,267396.37675214914,   1.0
 -0.08805636026504277, -0.08687280381915921,-1.4269486292891713,48.798908061514304,  36.29749285559337,0.22243650515518557, 298.3235458412041,  46.75621019729843, 357223.0238913234,      0.0, 357223.0238913234,   1.0
 -0.08805636026504277, -0.08687280381915921,-2.4269486292891713,49.798908061514304,  36.29749285559337,0.22243650515518557, 298.3235458412041,  46.75621019729843, 357879.8306838212,      0.0, 357879.8306838212,   1.0
 -0.08805636026504277, -0.08687280381915921,-2.4269486292891713,48.798908061514304,  37.29749285559337,0.22243650515518557, 298.3235458412041,  46.75621019729843, 357504.4291069149,      0.0, 357504.4291069149,   1.0
 -0.08805636026504277, -0.08687280381915921,-2.4269486292891713,48.798908061514304,  36.29749285559337,         0.59999942, 298.3235458412041,  46.75621019729843,324394.31567945215,      0.0,324394.31567945215,   1.0
 -0.08805636026504277, -0.08687280381915921,-2.4269486292891713,48.798908061514304,  36.29749285559337,0.22243650515518557, 299.3235458412041,  46.75621019729843, 357733.5406808979,      0.0, 357733.5406808979,   1.0
 -0.08805636026504277, -0.08687280381915921,-2.4269486292891713,48.798908061514304,  36.29749285559337,0.22243650515518557, 298.3235458412041,  47.75621019729843,  357560.701542257,      0.0,  357560.701542257,   1.0
 -0.08802915955640594, -0.08684545121322923,-2.4195597358697842,48.794903730067574,  36.31370180605873,0.22246248572347718, 298.3167367973245, 46.761569162521795,357746.09480009193,      0.0,357746.09480009193,   1.0
  0.29999939999999997, -0.08684545121322923,-2.4195597358697842,48.794903730067574,  36.31370180605873,0.22246248572347718, 298.3167367973245, 46.761569162521795, 297659.5845489871,      0.0, 297659.5845489871,   1.0
 -0.08802915955640594,  0.29999939999999997,-2.4195597358697842,48.794903730067574,  36.31370180605873,0.22246248572347718, 298.3167367973245, 46.761569162521795, 267494.5498554531,      0.0, 267494.5498554531,   1.0
 -0.08802915955640594, -0.08684545121322923,-1.4195597358697842,48.794903730067574,  36.31370180605873,0.22246248572347718, 298.3167367973245, 46.761569162521795,357269.40960894845,      0.0,357269.40960894845,   1.0
 -0.08802915955640594, -0.08684545121322923,-2.4195597358697842,49.794903730067574,  36.31370180605873,0.22246248572347718, 298.3167367973245, 46.761569162521795,357879.47982767597,      0.0,357879.47982767597,   1.0
 -0.08802915955640594, -0.08684545121322923,-2.4195597358697842,48.794903730067574,  37.31370180605873,0.22246248572347718, 298.3167367973245, 46.761569162521795, 357514.6833597091,      0.0, 357514.6833597091,   1.0
 -0.08802915955640594, -0.08684545121322923,-2.4195597358697842,48.794903730067574,  36.31370180605873,         0.59999942, 298.3167367973245, 46.761569162521795,  324385.902170551,      0.0,  324385.902170551,   1.0
 -0.08802915955640594, -0.08684545121322923,-2.4195597358697842,48.794903730067574,  36.31370180605873,0.22246248572347718, 299.3167367973245, 46.761569162521795, 357773.1273819035,      0.0, 357773.1273819035,   1.0
 -0.08802915955640594, -0.08684545121322923,-2.4195597358697842,48.794903730067574,  36.31370180605873,0.22246248572347718, 298.3167367973245, 47.761569162521795,357597.10845682095,      0.0,357597.10845682095,   1.0
 -0.08802757177243557, -0.08684385456257489, -2.419128424807756,48.794669985668925,  36.31464796933958,0.22246400228432953, 298.3163393337558,  46.76188198080874,357746.12077248417,      0.0,357746.12077248417,   1.0
  0.29999939999999997, -0.08684385456257489, -2.419128424807756,48.794669985668925,  36.31464796933958,0.22246400228432953, 298.3163393337558,  46.76188198080874, 297636.5144473566,      0.0, 297636.5144473566,   1.0
 -0.08802757177243557,  0.29999939999999997, -2.419128424807756,48.794669985668925,  36.31464796933958,0.22246400228432953, 298.3163393337558,  46.76188198080874,267497.21523228294,      0.0,267497.21523228294,   1.0
 -0.08802757177243557, -0.08684385456257489,-1.4191284248077558,48.794669985668925,  36.31464796933958,0.22246400228432953, 298.3163393337558,  46.76188198080874,357268.83342881233,      0.0,357268.83342881233,   1.0
 -0.08802757177243557, -0.08684385456257489, -2.419128424807756,49.794669985668925,  36.31464796933958,0.22246400228432953, 298.3163393337558,  46.76188198080874,357878.57278803026,      0.0,357878.57278803026,   1.0
 -0.08802757177243557, -0.08684385456257489, -2.419128424807756,48.794669985668925,  37.31464796933958,0.22246400228432953, 298.3163393337558,  46.76188198080874,357515.10088367714,      0.0,357515.10088367714,   1.0
 -0.08802757177243557, -0.08684385456257489, -2.419128424807756,48.794669985668925,  36.31464796933958,         0.59999942, 298.3163393337558,  46.76188198080874, 324386.0790757435,      0.0, 324386.0790757435,   1.0
 -0.08802757177243557, -0.08684385456257489, -2.419128424807756,48.794669985668925,  36.31464796933958,0.22246400228432953, 299.3163393337558,  46.76188198080874,357773.19146017416,      0.0,357773.19146017416,   1.0
 -0.08802757177243557, -0.08684385456257489, -2.419128424807756,48.794669985668925,  36.31464796933958,0.22246400228432953, 298.3163393337558,  47.76188198080874,357597.23518933303,      0.0,357597.23518933303,   1.0
 -0.08802732627048154,  -0.0868436076896609, -2.419061735818257, 48.79463384428717,  36.31479426438892,0.22246423677381905,298.31627787824004,  46.76193034853516,357746.66411544004,      0.0,357746.66411544004,   1.0
  0.29999939999999997,  -0.0868436076896609, -2.419061735818257, 48.79463384428717,  36.31479426438892,0.22246423677381905,298.31627787824004,  46.76193034853516,297636.52899459656,      0.0,297636.52899459656,   1.0
 -0.08802732627048154,   0.2999993999999999, -2.419061735818257, 48.79463384428717,  36.31479426438892,0.22246423677381905,298.31627787824004,  46.76193034853516,267497.45950457104,      0.0,267497.45950457104,   1.0
 -0.08802732627048154,  -0.0868436076896609,-1.4190617358182571, 48.79463384428717,  36.31479426438892,0.22246423677381905,298.31627787824004,  46.76193034853516,357266.23636628105,      0.0,357266.23636628105,   1.0
 -0.08802732627048154,  -0.0868436076896609, -2.419061735818257, 49.79463384428717,  36.31479426438892,0.22246423677381905,298.31627787824004,  46.76193034853516,357878.57558862725,      0.0,357878.57558862725,   1.0
 -0.08802732627048154,  -0.0868436076896609, -2.419061735818257, 48.79463384428717,  37.31479426438892,0.22246423677381905,298.31627787824004,  46.76193034853516, 357515.6057592353,      0.0, 357515.6057592353,   1.0
 -0.08802732627048154,  -0.0868436076896609, -2.419061735818257, 48.79463384428717,  36.31479426438892,         0.59999942,298.31627787824004,  46.76193034853516, 324386.1887122063,      0.0, 324386.1887122063,   1.0
 -0.08802732627048154,  -0.0868436076896609, -2.419061735818257, 48.79463384428717,  36.31479426438892,0.22246423677381905,299.31627787824004,  46.76193034853516, 357773.1951747061,      0.0, 357773.1951747061,   1.0
 -0.08802732627048154,  -0.0868436076896609, -2.419061735818257, 48.79463384428717,  36.31479426438892,0.22246423677381905,298.31627787824004,  47.76193034853516, 357597.1933245597,      0.0, 357597.1933245597,   1.0
 -0.08802731648587188,  -0.0868435978504109,-2.4190590778934604, 48.79463240385337,  36.31480009505516,0.22246424611952115, 298.3162754288981, 46.761932276256374,357746.66411544004,      0.0,357746.66411544004,   1.0
  0.29999939999999997,  -0.0868435978504109,-2.4190590778934604, 48.79463240385337,  36.31480009505516,0.22246424611952115, 298.3162754288981, 46.761932276256374,297636.52899459656,      0.0,297636.52899459656,   1.0
 -0.08802731648587188,  0.29999939999999997,-2.4190590778934604, 48.79463240385337,  36.31480009505516,0.22246424611952115, 298.3162754288981, 46.761932276256374,267497.45950457104,      0.0,267497.45950457104,   1.0
 -0.08802731648587188,  -0.0868435978504109,-1.4190590778934604, 48.79463240385337,  36.31480009505516,0.22246424611952115, 298.3162754288981, 46.761932276256374,357266.23636628105,      0.0,357266.23636628105,   1.0
 -0.08802731648587188,  -0.0868435978504109,-2.4190590778934604, 49.79463240385337,  36.31480009505516,0.22246424611952115, 298.3162754288981, 46.761932276256374,357878.57558862725,      0.0,357878.57558862725,   1.0
 -0.08802731648587188,  -0.0868435978504109,-2.4190590778934604, 48.79463240385337,  37.31480009505516,0.22246424611952115, 298.3162754288981, 46.761932276256374, 357515.6057592353,      0.0, 357515.6057592353,   1.0
 -0.08802731648587188,  -0.0868435978504109,-2.4190590778934604, 48.79463240385337,  36.31480009505516,         0.59999942, 298.3162754288981, 46.761932276256374, 324386.1887122063,      0.0, 324386.1887122063,   1.0
 -0.08802731648587188,  -0.0868435978504109,-2.4190590778934604, 48.79463240385337,  36.31480009505516,0.22246424611952115, 299.3162754288981, 46.761932276256374, 357773.1951747061,      0.0, 357773.1951747061,   1.0
 -0.08802731648587188,  -0.0868435978504109,-2.4190590778934604, 48.79463240385337,  36.31480009505516,0.22246424611952115, 298.3162754288981, 47.761932276256374, 357597.1933245597,      0.0, 357597.1933245597,   1.0
 -0.08802731442096369, -0.08684359577397162, -2.419058516974746,48.794632099869496,  36.31480132553761,0.22246424809180387,  298.316274911998,  46.76193268307559,357746.66411544004,      0.0,357746.66411544004,   1.0
  0.29999939999999997, -0.08684359577397162, -2.419058516974746,48.794632099869496,  36.31480132553761,0.22246424809180387,  298.316274911998,  46.76193268307559,297636.52899459656,      0.0,297636.52899459656,   1.0
 -0.08802731442096369,  0.29999939999999997, -2.419058516974746,48.794632099869496,  36.31480132553761,0.22246424809180387,  298.316274911998,  46.76193268307559,267497.45950457104,      0.0,267497.45950457104,   1.0
 -0.08802731442096369, -0.08684359577397162,-1.4190585169747458,48.794632099869496,  36.31480132553761,0.22246424809180387,  298.316274911998,  46.76193268307559,357266.23636628105,      0.0,357266.23636628105,   1.0
 -0.08802731442096369, -0.08684359577397162, -2.419058516974746,49.794632099869496,  36.31480132553761,0.22246424809180387,  298.316274911998,  46.76193268307559,357878.57558862725,      0.0,357878.57558862725,   1.0
 -0.08802731442096369, -0.08684359577397162, -2.419058516974746,48.794632099869496,  37.31480132553761,0.22246424809180387,  298.316274911998,  46.76193268307559, 357515.6057592353,      0.0, 357515.6057592353,   1.0
 -0.08802731442096369, -0.08684359577397162, -2.419058516974746,48.794632099869496,  36.31480132553761,         0.59999942,  298.316274911998,  46.76193268307559, 324386.1887122063,      0.0, 324386.1887122063,   1.0
 -0.08802731442096369, -0.08684359577397162, -2.419058516974746,48.794632099869496,  36.31480132553761,0.22246424809180387,  299.316274911998,  46.76193268307559, 357773.1951747061,      0.0, 357773.1951747061,   1.0
 -0.08802731442096369, -0.08684359577397162, -2.419058516974746,48.794632099869496,  36.31480132553761,0.22246424809180387,  298.316274911998,  47.76193268307559, 357597.1933245597,      0.0, 357597.1933245597,   1.0
 -0.08802731398519302, -0.08684359533576748,-2.4190583986005145,48.794632035717854,  36.31480158521411, 0.2224642485080272,298.31627480291326, 46.761932768929235,357746.66411544004,      0.0,357746.66411544004,   1.0
  0.29999939999999997, -0.08684359533576748,-2.4190583986005145,48.794632035717854,  36.31480158521411, 0.2224642485080272,298.31627480291326, 46.761932768929235,297636.52899459656,      0.0,297636.52899459656,   1.0
 -0.08802731398519302,  0.29999939999999997,-2.4190583986005145,48.794632035717854,  36.31480158521411, 0.2224642485080272,298.31627480291326, 46.761932768929235,267497.45950457104,      0.0,267497.45950457104,   1.0
 -0.08802731398519302, -0.08684359533576748,-1.4190583986005145,48.794632035717854,  36.31480158521411, 0.2224642485080272,298.31627480291326, 46.761932768929235,357266.23636628105,      0.0,357266.23636628105,   1.0
 -0.08802731398519302, -0.08684359533576748,-2.4190583986005145,49.794632035717854,  36.31480158521411, 0.2224642485080272,298.31627480291326, 46.761932768929235,357878.57558862725,      0.0,357878.57558862725,   1.0
 -0.08802731398519302, -0.08684359533576748,-2.4190583986005145,48.794632035717854,  37.31480158521411, 0.2224642485080272,298.31627480291326, 46.761932768929235, 357515.6057592353,      0.0, 357515.6057592353,   1.0
 -0.08802731398519302, -0.08684359533576748,-2.4190583986005145,48.794632035717854,  36.31480158521411,         0.59999942,298.31627480291326, 46.761932768929235, 324386.1887122063,      0.0, 324386.1887122063,   1.0
 -0.08802731398519302, -0.08684359533576748,-2.4190583986005145,48.794632035717854,  36.31480158521411, 0.2224642485080272,299.31627480291326, 46.761932768929235, 357773.1951747061,      0.0, 357773.1951747061,   1.0
 -0.08802731398519302, -0.08684359533576748,-2.4190583986005145,48.794632035717854,  36.31480158521411, 0.2224642485080272,298.31627480291326, 47.761932768929235, 357597.1933245597,      0.0, 357597.1933245597,   1.0
  -0.0880273138932296,  -0.0868435952432905, -2.419058373619255, 48.79463202217953,  36.31480164001528,0.22246424859586544, 298.3162747798924,  46.76193278704747,357746.66411544004,      0.0,357746.66411544004,   1.0
  0.29999939999999997,  -0.0868435952432905, -2.419058373619255, 48.79463202217953,  36.31480164001528,0.22246424859586544, 298.3162747798924,  46.76193278704747,297636.52899459656,      0.0,297636.52899459656,   1.0
  -0.0880273138932296,  0.29999939999999997, -2.419058373619255, 48.79463202217953,  36.31480164001528,0.22246424859586544, 298.3162747798924,  46.76193278704747,267497.45950457104,      0.0,267497.45950457104,   1.0
  -0.0880273138932296,  -0.0868435952432905,-1.4190583736192548, 48.79463202217953,  36.31480164001528,0.22246424859586544, 298.3162747798924,  46.76193278704747,357266.23636628105,      0.0,357266.23636628105,   1.0
  -0.0880273138932296,  -0.0868435952432905, -2.419058373619255, 49.79463202217953,  36.31480164001528,0.22246424859586544, 298.3162747798924,  46.76193278704747,357878.57558862725,      0.0,357878.57558862725,   1.0
  -0.0880273138932296,  -0.0868435952432905, -2.419058373619255, 48.79463202217953,  37.31480164001528,0.22246424859586544, 298.3162747798924,  46.76193278704747, 357515.6057592353,      0.0, 357515.6057592353,   1.0
  -0.0880273138932296,  -0.0868435952432905, -2.419058373619255, 48.79463202217953,  36.31480164001528,         0.59999942, 298.3162747798924,  46.76193278704747, 324386.1887122063,      0.0, 324386.1887122063,   1.0
  -0.0880273138932296,  -0.0868435952432905, -2.419058373619255, 48.79463202217953,  36.31480164001528,0.22246424859586544, 299.3162747798924,  46.76193278704747, 357773.1951747061,      0.0, 357773.1951747061,   1.0
  -0.0880273138932296,  -0.0868435952432905, -2.419058373619255, 48.79463202217953,  36.31480164001528,0.22246424859586544, 298.3162747798924,  47.76193278704747, 357597.1933245597,      0.0, 357597.1933245597,   1.0
 -0.08802731387382197,  -0.0868435952237745,-2.4190583683473004, 48.79463201932244, 36.314801651580325, 0.2224642486144025, 298.3162747750342,  46.76193279087107,357746.66411544004,      0.0,357746.66411544004,   1.0
  0.29999939999999997,  -0.0868435952237745,-2.4190583683473004, 48.79463201932244, 36.314801651580325, 0.2224642486144025, 298.3162747750342,  46.76193279087107,297636.52899459656,      0.0,297636.52899459656,   1.0
 -0.08802731387382197,  0.29999939999999997,-2.4190583683473004, 48.79463201932244, 36.314801651580325, 0.2224642486144025, 298.3162747750342,  46.76193279087107,267497.45950457104,      0.0,267497.45950457104,   1.0
 -0.08802731387382197,  -0.0868435952237745,-1.4190583683473004, 48.79463201932244, 36.314801651580325, 0.2224642486144025, 298.3162747750342,  46.76193279087107,357266.23636628105,      0.0,357266.23636628105,   1.0
 -0.08802731387382197,  -0.0868435952237745,-2.4190583683473004, 49.79463201932244, 36.314801651580325, 0.2224642486144025, 298.3162747750342,  46.76193279087107,357878.57558862725,      0.0,357878.57558862725,   1.0
 -0.08802731387382197,  -0.0868435952237745,-2.4190583683473004, 48.79463201932244, 37.314801651580325, 0.2224642486144025, 298.3162747750342,  46.76193279087107, 357515.6057592353,      0.0, 357515.6057592353,   1.0
 -0.08802731387382197,  -0.0868435952237745,-2.4190583683473004, 48.79463201932244, 36.314801651580325,         0.59999942, 298.3162747750342,  46.76193279087107, 324386.1887122063,      0.0, 324386.1887122063,   1.0
 -0.08802731387382197,  -0.0868435952237745,-2.4190583683473004, 48.79463201932244, 36.314801651580325, 0.2224642486144025, 299.3162747750342,  46.76193279087107, 357773.1951747061,      0.0, 357773.1951747061,   1.0
 -0.08802731387382197,  -0.0868435952237745,-2.4190583683473004, 48.79463201932244, 36.314801651580325, 0.2224642486144025, 298.3162747750342,  47.76193279087107, 357597.1933245597,      0.0, 357597.1933245597,   1.0
 -0.08802731386972626,  -0.0868435952196559, -2.419058367234727,  48.7946320187195,  36.31480165402097, 0.2224642486183145,298.31627477400895,  46.76193279167799,357746.66411544004,      0.0,357746.66411544004,   1.0
   0.2999993999999999,  -0.0868435952196559, -2.419058367234727,  48.7946320187195,  36.31480165402097, 0.2224642486183145,298.31627477400895,  46.76193279167799,297636.52899459656,      0.0,297636.52899459656,   1.0
 -0.08802731386972626,  0.29999939999999997, -2.419058367234727,  48.7946320187195,  36.31480165402097, 0.2224642486183145,298.31627477400895,  46.76193279167799,267497.45950457104,      0.0,267497.45950457104,   1.0
 -0.08802731386972626,  -0.0868435952196559,-1.4190583672347268,  48.7946320187195,  36.31480165402097, 0.2224642486183145,298.31627477400895,  46.76193279167799,357266.23636628105,      0.0,357266.23636628105,   1.0
 -0.08802731386972626,  -0.0868435952196559, -2.419058367234727,  49.7946320187195,  36.31480165402097, 0.2224642486183145,298.31627477400895,  46.76193279167799,357878.57558862725,      0.0,357878.57558862725,   1.0
 -0.08802731386972626,  -0.0868435952196559, -2.419058367234727,  48.7946320187195,  37.31480165402097, 0.2224642486183145,298.31627477400895,  46.76193279167799, 357515.6057592353,      0.0, 357515.6057592353,   1.0
 -0.08802731386972626,  -0.0868435952196559, -2.419058367234727,  48.7946320187195,  36.31480165402097,         0.59999942,298.31627477400895,  46.76193279167799, 324386.1887122063,      0.0, 324386.1887122063,   1.0
 -0.08802731386972626,  -0.0868435952196559, -2.419058367234727,  48.7946320187195,  36.31480165402097, 0.2224642486183145,299.31627477400895,  46.76193279167799, 357773.1951747061,      0.0, 357773.1951747061,   1.0
 -0.08802731386972626,  -0.0868435952196559, -2.419058367234727,  48.7946320187195,  36.31480165402097, 0.2224642486183145,298.31627477400895,  47.76193279167799, 357597.1933245597,      0.0, 357597.1933245597,   1.0
 -0.08802731386886191, -0.08684359521878673,-2.4190583669999324, 48.79463201859225,  36.31480165453603,0.22246424861914008,298.31627477379254,  46.76193279184828,357746.66411544004,      0.0,357746.66411544004,   1.0
  0.29999939999999997, -0.08684359521878673,-2.4190583669999324, 48.79463201859225,  36.31480165453603,0.22246424861914008,298.31627477379254,  46.76193279184828,297636.52899459656,      0.0,297636.52899459656,   1.0
 -0.08802731386886191,            0.2999994,-2.4190583669999324, 48.79463201859225,  36.31480165453603,0.22246424861914008,298.31627477379254,  46.76193279184828,267497.45950457104,      0.0,267497.45950457104,   1.0
 -0.08802731386886191, -0.08684359521878673,-1.4190583669999324, 48.79463201859225,  36.31480165453603,0.22246424861914008,298.31627477379254,  46.76193279184828,357266.23636628105,      0.0,357266.23636628105,   1.0
 -0.08802731386886191, -0.08684359521878673,-2.4190583669999324, 49.79463201859225,  36.31480165453603,0.22246424861914008,298.31627477379254,  46.76193279184828,357878.57558862725,      0.0,357878.57558862725,   1.0
 -0.08802731386886191, -0.08684359521878673,-2.4190583669999324, 48.79463201859225,  37.31480165453603,0.22246424861914008,298.31627477379254,  46.76193279184828, 357515.6057592353,      0.0, 357515.6057592353,   1.0
 -0.08802731386886191, -0.08684359521878673,-2.4190583669999324, 48.79463201859225,  36.31480165453603,         0.59999942,298.31627477379254,  46.76193279184828, 324386.1887122063,      0.0, 324386.1887122063,   1.0
 -0.08802731386886191, -0.08684359521878673,-2.4190583669999324, 48.79463201859225,  36.31480165453603,0.22246424861914008,299.31627477379254,  46.76193279184828, 357773.1951747061,      0.0, 357773.1951747061,   1.0
 -0.08802731386886191, -0.08684359521878673,-2.4190583669999324, 48.79463201859225,  36.31480165453603,0.22246424861914008,298.31627477379254,  47.76193279184828, 357597.1933245597,      0.0, 357597.1933245597,   1.0
  -0.0880273138686795, -0.08684359521860331, -2.419058366950383,  48.7946320185654,  36.31480165464473, 0.2224642486193143, 298.3162747737469,  46.76193279188422,357746.66411544004,      0.0,357746.66411544004,   1.0
  0.29999939999999997, -0.08684359521860331, -2.419058366950383,  48.7946320185654,  36.31480165464473, 0.2224642486193143, 298.3162747737469,  46.76193279188422,297636.52899459656,      0.0,297636.52899459656,   1.0
  -0.0880273138686795,  0.29999939999999997, -2.419058366950383,  48.7946320185654,  36.31480165464473, 0.2224642486193143, 298.3162747737469,  46.76193279188422,267497.45950457104,      0.0,267497.45950457104,   1.0
  -0.0880273138686795, -0.08684359521860331,-1.4190583669503831,  48.7946320185654,  36.31480165464473, 0.2224642486193143, 298.3162747737469,  46.76193279188422,357266.23636628105,      0.0,357266.23636628105,   1.0
  -0.0880273138686795, -0.08684359521860331, -2.419058366950383,  49.7946320185654,  36.31480165464473, 0.2224642486193143, 298.3162747737469,  46.76193279188422,357878.57558862725,      0.0,357878.57558862725,   1.0
  -0.0880273138686795, -0.08684359521860331, -2.419058366950383,  48.7946320185654,  37.31480165464473, 0.2224642486193143, 298.3162747737469,  46.76193279188422, 357515.6057592353,      0.0, 357515.6057592353,   1.0
  -0.0880273138686795, -0.08684359521860331, -2.419058366950383,  48.7946320185654,  36.31480165464473,         0.59999942, 298.3162747737469,  46.76193279188422, 324386.1887122063,      0.0, 324386.1887122063,   1.0
  -0.0880273138686795, -0.08684359521860331, -2.419058366950383,  48.7946320185654,  36.31480165464473, 0.2224642486193143, 299.3162747737469,  46.76193279188422, 357773.1951747061,      0.0, 357773.1951747061,   1.0
  -0.0880273138686795, -0.08684359521860331, -2.419058366950383,  48.7946320185654,  36.31480165464473, 0.2224642486193143, 298.3162747737469,  47.76193279188422, 357597.1933245597,      0.0, 357597.1933245597,   1.0
   -0.088027313868641, -0.08684359521856459, -2.419058366939924, 48.79463201855973, 36.314801654667676,0.22246424861935107,298.31627477373723,  46.76193279189181,357746.66411544004,      0.0,357746.66411544004,   1.0
  0.29999939999999997, -0.08684359521856459, -2.419058366939924, 48.79463201855973, 36.314801654667676,0.22246424861935107,298.31627477373723,  46.76193279189181,297636.52899459656,      0.0,297636.52899459656,   1.0
   -0.088027313868641,  0.29999939999999997, -2.419058366939924, 48.79463201855973, 36.314801654667676,0.22246424861935107,298.31627477373723,  46.76193279189181,267497.45950457104,      0.0,267497.45950457104,   1.0
   -0.088027313868641, -0.08684359521856459, -1.419058366939924, 48.79463201855973, 36.314801654667676,0.22246424861935107,298.31627477373723,  46.76193279189181,357266.23636628105,      0.0,357266.23636628105,   1.0
   -0.088027313868641, -0.08684359521856459, -2.419058366939924, 49.79463201855973, 36.314801654667676,0.22246424861935107,298.31627477373723,  46.76193279189181,357878.57558862725,      0.0,357878.57558862725,   1.0
   -0.088027313868641, -0.08684359521856459, -2.419058366939924, 48.79463201855973, 37.314801654667676,0.22246424861935107,298.31627477373723,  46.76193279189181, 357515.6057592353,      0.0, 357515.6057592353,   1.0
   -0.088027313868641, -0.08684359521856459, -2.419058366939924, 48.79463201855973, 36.314801654667676,         0.59999942,298.31627477373723,  46.76193279189181, 324386.1887122063,      0.0, 324386.1887122063,   1.0
   -0.088027313868641, -0.08684359521856459, -2.419058366939924, 48.79463201855973, 36.314801654667676,0.22246424861935107,299.31627477373723,  46.76193279189181, 357773.1951747061,      0.0, 357773.1951747061,   1.0
   -0.088027313868641, -0.08684359521856459, -2.419058366939924, 48.79463201855973, 36.314801654667676,0.22246424861935107,298.31627477373723,  47.76193279189181, 357597.1933245597,      0.0, 357597.1933245597,   1.0
 -0.08802731386866641, -0.08684359521859014, -2.419058366946827,48.794632018563476, 36.314801654652534, 0.2224642486193268, 298.3162747737436,   46.7619327918868,357746.66411544004,      0.0,357746.66411544004,   1.0
  0.29999939999999997, -0.08684359521859014, -2.419058366946827,48.794632018563476, 36.314801654652534, 0.2224642486193268, 298.3162747737436,   46.7619327918868,297636.52899459656,      0.0,297636.52899459656,   1.0
 -0.08802731386866641,  0.29999939999999997, -2.419058366946827,48.794632018563476, 36.314801654652534, 0.2224642486193268, 298.3162747737436,   46.7619327918868,267497.45950457104,      0.0,267497.45950457104,   1.0
 -0.08802731386866641, -0.08684359521859014,-1.4190583669468269,48.794632018563476, 36.314801654652534, 0.2224642486193268, 298.3162747737436,   46.7619327918868,357266.23636628105,      0.0,357266.23636628105,   1.0
 -0.08802731386866641, -0.08684359521859014, -2.419058366946827,49.794632018563476, 36.314801654652534, 0.2224642486193268, 298.3162747737436,   46.7619327918868,357878.57558862725,      0.0,357878.57558862725,   1.0
 -0.08802731386866641, -0.08684359521859014, -2.419058366946827,48.794632018563476, 37.314801654652534, 0.2224642486193268, 298.3162747737436,   46.7619327918868, 357515.6057592353,      0.0, 357515.6057592353,   1.0
 -0.08802731386866641, -0.08684359521859014, -2.419058366946827,48.794632018563476, 36.314801654652534,         0.59999942, 298.3162747737436,   46.7619327918868, 324386.1887122063,      0.0, 324386.1887122063,   1.0
 -0.08802731386866641, -0.08684359521859014, -2.419058366946827,48.794632018563476, 36.314801654652534, 0.2224642486193268, 299.3162747737436,   46.7619327918868, 357773.1951747061,      0.0, 357773.1951747061,   1.0
 -0.08802731386866641, -0.08684359521859014, -2.419058366946827,48.794632018563476, 36.314801654652534, 0.2224642486193268, 298.3162747737436,   47.7619327918868, 357597.1933245597,      0.0, 357597.1933245597,   1.0
 -0.08802731386867504, -0.08684359521859883,-2.4190583669491743, 48.79463201856475,  36.31480165464738,0.22246424861931854,298.31627477374576, 46.761932791885094,357746.66411544004,      0.0,357746.66411544004,   1.0
            0.2999994, -0.08684359521859883,-2.4190583669491743, 48.79463201856475,  36.31480165464738,0.22246424861931854,298.31627477374576, 46.761932791885094,297636.52899459656,      0.0,297636.52899459656,   1.0
 -0.08802731386867504,   0.2999993999999999,-2.4190583669491743, 48.79463201856475,  36.31480165464738,0.22246424861931854,298.31627477374576, 46.761932791885094,267497.45950457104,      0.0,267497.45950457104,   1.0
 -0.08802731386867504, -0.08684359521859883,-1.4190583669491743, 48.79463201856475,  36.31480165464738,0.22246424861931854,298.31627477374576, 46.761932791885094,357266.23636628105,      0.0,357266.23636628105,   1.0
 -0.08802731386867504, -0.08684359521859883,-2.4190583669491743, 49.79463201856475,  36.31480165464738,0.22246424861931854,298.31627477374576, 46.761932791885094,357878.57558862725,      0.0,357878.57558862725,   1.0
 -0.08802731386867504, -0.08684359521859883,-2.4190583669491743, 48.79463201856475,  37.31480165464738,0.22246424861931854,298.31627477374576, 46.761932791885094, 357515.6057592353,      0.0, 357515.6057592353,   1.0
 -0.08802731386867504, -0.08684359521859883,-2.4190583669491743, 48.79463201856475,  36.31480165464738,         0.59999942,298.31627477374576, 46.761932791885094, 324386.1887122063,      0.0, 324386.1887122063,   1.0
 -0.08802731386867504, -0.08684359521859883,-2.4190583669491743, 48.79463201856475,  36.31480165464738,0.22246424861931854,299.31627477374576, 46.761932791885094, 357773.1951747061,      0.0, 357773.1951747061,   1.0
 -0.08802731386867504, -0.08684359521859883,-2.4190583669491743, 48.79463201856475,  36.31480165464738,0.22246424861931854,298.31627477374576, 47.761932791885094, 357597.1933245597,      0.0, 357597.1933245597,   1.0
  -0.0880273138686307, -0.08684359521855424,-2.4190583669371284, 48.79463201855822,  36.31480165467381, 0.2224642486193609, 298.3162747737347, 46.761932791893834,357746.66411544004,      0.0,357746.66411544004,   1.0
