             centre_ra,           centre_dec,             v_sys,       inclination,               phi,    turnover_radius,  maximum_velocity,velocity_dispersion,    log_likelihood,log_prior,     log_posterior,weight
      0.00081991281947,     0.00280330206348,  0.13840044192496, 50.54753103761215, 40.26916233657218,   0.31539523954282, 273.5353729369429,  62.46712830419735, 286286.7631635111,      0.0, 286286.7631635111,   1.0
      0.00081991281947,     0.00280330206348,  0.13840044192496, 50.54753103761215, 40.26916233657218,   0.31539523954282, 273.5353729369429,  62.46712830419735, 286286.7631635111,      0.0, 286286.7631635111,   1.0
      0.00082091281947,     0.00280330206348,  0.13840044192496, 50.54753103761215, 40.26916233657218,   0.31539523954282, 273.5353729369429,  62.46712830419735,286286.75641259697,      0.0,286286.75641259697,   1.0
      0.00081991281947,     0.00280430206348,  0.13840044192496, 50.54753103761215, 40.26916233657218,   0.31539523954282, 273.5353729369429,  62.46712830419735, 286286.7526946998,      0.0, 286286.7526946998,   1.0
      0.00081991281947,     0.00280330206348,  0.13840144192496, 50.54753103761215, 40.26916233657218,   0.31539523954282, 273.5353729369429,  62.46712830419735,286286.76320297347,      0.0,286286.76320297347,   1.0
      0.00081991281947,     0.00280330206348,  0.13840044192496, 50.54753203761215, 40.26916233657218,   0.31539523954282, 273.5353729369429,  62.46712830419735, 286286.7631897462,      0.0, 286286.7631897462,   1.0
      0.00081991281947,     0.00280330206348,  0.13840044192496, 50.54753103761215, 40.26916333657218,   0.31539523954282, 273.5353729369429,  62.46712830419735, 286286.7631825124,      0.0, 286286.7631825124,   1.0
      0.00081991281947,     0.00280330206348,  0.13840044192496, 50.54753103761215, 40.26916233657218,   0.31539623954282, 273.5353729369429,  62.46712830419735, 286286.7587283798,      0.0, 286286.7587283798,   1.0
      0.00081991281947,     0.00280330206348,  0.13840044192496, 50.54753103761215, 40.26916233657218,   0.31539523954282, 273.5353739369429,  62.46712830419735,286286.76317216596,      0.0,286286.76317216596,   1.0
      0.00081991281947,     0.00280330206348,  0.13840044192496, 50.54753103761215, 40.26916233657218,   0.31539523954282, 273.5353729369429,  62.46712930419735, 286286.7631609984,      0.0, 286286.7631609984,   1.0
  -0.29999939999999997, -0.29999939999999997,          59.99988,          79.99994, 78.27178008925553,         0.02000058, 290.8450507675664,   57.4417116789436,278806.36548988154,      0.0,278806.36548988154,   1.0
            -0.2999984, -0.29999939999999997,          59.99988,          79.99994, 78.27178008925553,         0.02000058, 290.8450507675664,   57.4417116789436, 278806.3772741182,      0.0, 278806.3772741182,   1.0
  -0.29999939999999997,           -0.2999984,          59.99988,          79.99994, 78.27178008925553,         0.02000058, 290.8450507675664,   57.4417116789436, 278806.3603894561,      0.0, 278806.3603894561,   1.0
  -0.29999939999999997, -0.29999939999999997,         59.999879,          79.99994, 78.27178008925553,         0.02000058, 290.8450507675664,   57.4417116789436, 278806.3655294849,      0.0, 278806.3655294849,   1.0
  -0.29999939999999997, -0.29999939999999997,          59.99988,         79.999939, 78.27178008925553,         0.02000058, 290.8450507675664,   57.4417116789436,278806.36525122076,      0.0,278806.36525122076,   1.0
  -0.29999939999999997, -0.29999939999999997,          59.99988,          79.99994, 78.27178108925553,         0.02000058, 290.8450507675664,   57.4417116789436,278806.36557240505,      0.0,278806.36557240505,   1.0
  -0.29999939999999997, -0.29999939999999997,          59.99988,          79.99994, 78.27178008925553,         0.02000158, 290.8450507675664,   57.4417116789436, 278806.3615323099,      0.0, 278806.3615323099,   1.0
  -0.29999939999999997, -0.29999939999999997,          59.99988,          79.99994, 78.27178008925553,         0.02000058, 290.8450517675664,   57.4417116789436,278806.36549048324,      0.0,278806.36549048324,   1.0
  -0.29999939999999997, -0.29999939999999997,          59.99988,          79.99994, 78.27178008925553,         0.02000058, 290.8450507675664, 57.441712678943595,278806.36554878886,      0.0,278806.36554878886,   1.0
 -0.034800134851430874, -0.03305159894432742, 7.226604771375459,54.034993998119326,44.769056453350416,0.28041752565860767,  275.585013778536, 61.872068172984626,287054.14008965244,      0.0,287054.14008965244,   1.0
  -0.03479913485143087, -0.03305159894432742, 7.226604771375459,54.034993998119326,44.769056453350416,0.28041752565860767,  275.585013778536, 61.872068172984626, 287054.1421588533,      0.0, 287054.1421588533,   1.0
 -0.034800134851430874, -0.03305059894432742, 7.226604771375459,54.034993998119326,44.769056453350416,0.28041752565860767,  275.585013778536, 61.872068172984626, 287054.1391910991,      0.0, 287054.1391910991,   1.0
 -0.034800134851430874, -0.03305159894432742, 7.226605771375459,54.034993998119326,44.769056453350416,0.28041752565860767,  275.585013778536, 61.872068172984626, 287054.1400889659,      0.0, 287054.1400889659,   1.0
 -0.034800134851430874, -0.03305159894432742, 7.226604771375459, 54.03499499811932,44.769056453350416,0.28041752565860767,  275.585013778536, 61.872068172984626, 287054.1401060744,      0.0, 287054.1401060744,   1.0
 -0.034800134851430874, -0.03305159894432742, 7.226604771375459,54.034993998119326, 44.76905745335041,0.28041752565860767,  275.585013778536, 61.872068172984626,287054.14008121594,      0.0,287054.14008121594,   1.0
 -0.034800134851430874, -0.03305159894432742, 7.226604771375459,54.034993998119326,44.769056453350416,0.28041852565860764,  275.585013778536, 61.872068172984626, 287054.1358549005,      0.0, 287054.1358549005,   1.0
 -0.034800134851430874, -0.03305159894432742, 7.226604771375459,54.034993998119326,44.769056453350416,0.28041752565860767,  275.585014778536, 61.872068172984626,287054.14009740856,      0.0,287054.14009740856,   1.0
 -0.034800134851430874, -0.03305159894432742, 7.226604771375459,54.034993998119326,44.769056453350416,0.28041752565860767,  275.585013778536, 61.872069172984624,287054.14006824093,      0.0,287054.14006824093,   1.0
 -0.025177943149446314, -0.04206169269401506,   9.5292529798139, 55.16803581522426, 46.23082211139024,0.24180786940840546,276.25091360545315,  61.67860039876829,  287206.402808612,      0.0,  287206.402808612,   1.0
 -0.025176943149446313, -0.04206169269401506,   9.5292529798139, 55.16803581522426, 46.23082211139024,0.24180786940840546,276.25091360545315,  61.67860039876829,287206.40645905747,      0.0,287206.40645905747,   1.0
 -0.025177943149446314, -0.04206069269401506,   9.5292529798139, 55.16803581522426, 46.23082211139024,0.24180786940840546,276.25091360545315,  61.67860039876829, 287206.4038847771,      0.0, 287206.4038847771,   1.0
 -0.025177943149446314, -0.04206169269401506,   9.5292539798139, 55.16803581522426, 46.23082211139024,0.24180786940840546,276.25091360545315,  61.67860039876829, 287206.4028007614,      0.0, 287206.4028007614,   1.0
 -0.025177943149446314, -0.04206169269401506,   9.5292529798139,55.168036815224255, 46.23082211139024,0.24180786940840546,276.25091360545315,  61.67860039876829, 287206.4028137171,      0.0, 287206.4028137171,   1.0
 -0.025177943149446314, -0.04206169269401506,   9.5292529798139, 55.16803581522426, 46.23082311139024,0.24180786940840546,276.25091360545315,  61.67860039876829, 287206.4027929888,      0.0, 287206.4027929888,   1.0
 -0.025177943149446314, -0.04206169269401506,   9.5292529798139, 55.16803581522426, 46.23082211139024,0.24180886940840546,276.25091360545315,  61.67860039876829,287206.40038117574,      0.0,287206.40038117574,   1.0
 -0.025177943149446314, -0.04206169269401506,   9.5292529798139, 55.16803581522426, 46.23082211139024,0.24180786940840546,276.25091460545315,  61.67860039876829,287206.40281250235,      0.0,287206.40281250235,   1.0
 -0.025177943149446314, -0.04206169269401506,   9.5292529798139, 55.16803581522426, 46.23082211139024,0.24180786940840546,276.25091360545315, 61.678601398768286, 287206.4027809745,      0.0, 287206.4027809745,   1.0
  0.020877113631541887,-0.056256972702801854,10.805988535754674,   55.796379329695, 47.04111958930121, 0.1787786090082844,276.62020351176255,  61.57086210014539, 287297.3394068042,      0.0, 287297.3394068042,   1.0
   0.02087811363154189,-0.056256972702801854,10.805988535754674,   55.796379329695, 47.04111958930121, 0.1787786090082844,276.62020351176255,  61.57086210014539,287297.33861452993,      0.0,287297.33861452993,   1.0
  0.020877113631541887, -0.05625597270280185,10.805988535754674,   55.796379329695, 47.04111958930121, 0.1787786090082844,276.62020351176255,  61.57086210014539, 287297.3378486259,      0.0, 287297.3378486259,   1.0
  0.020877113631541887,-0.056256972702801854,10.805989535754673,   55.796379329695, 47.04111958930121, 0.1787786090082844,276.62020351176255,  61.57086210014539,287297.33941024926,      0.0,287297.33941024926,   1.0
  0.020877113631541887,-0.056256972702801854,10.805988535754674,   55.796380329695, 47.04111958930121, 0.1787786090082844,276.62020351176255,  61.57086210014539, 287297.3393943992,      0.0, 287297.3393943992,   1.0
  0.020877113631541887,-0.056256972702801854,10.805988535754674,   55.796379329695, 47.04112058930121, 0.1787786090082844,276.62020351176255,  61.57086210014539, 287297.3393934761,      0.0, 287297.3393934761,   1.0
  0.020877113631541887,-0.056256972702801854,10.805988535754674,   55.796379329695, 47.04111958930121, 0.1787796090082844,276.62020351176255,  61.57086210014539, 287297.3416968266,      0.0, 287297.3416968266,   1.0
  0.020877113631541887,-0.056256972702801854,10.805988535754674,   55.796379329695, 47.04111958930121, 0.1787786090082844,276.62020451176255,  61.57086210014539, 287297.3394024444,      0.0, 287297.3394024444,   1.0
  0.020877113631541887,-0.056256972702801854,10.805988535754674,   55.796379329695, 47.04111958930121, 0.1787786090082844,276.62020351176255,  61.57086310014539,287297.33937245456,      0.0,287297.33937245456,   1.0
   0.01280317707920071, -0.05928723203249722, 9.392983273708772, 55.10106511731721, 46.14403307448766,0.20638435140260933,276.21156918955734,  61.68938338381561, 287337.1451262303,      0.0, 287337.1451262303,   1.0
  0.012804177079200708, -0.05928723203249722, 9.392983273708772, 55.10106511731721, 46.14403307448766,0.20638435140260933,276.21156918955734,  61.68938338381561,287337.14542198234,      0.0,287337.14542198234,   1.0
   0.01280317707920071, -0.05928623203249722, 9.392983273708772, 55.10106511731721, 46.14403307448766,0.20638435140260933,276.21156918955734,  61.68938338381561,287337.14424875105,      0.0,287337.14424875105,   1.0
   0.01280317707920071, -0.05928723203249722, 9.392984273708771, 55.10106511731721, 46.14403307448766,0.20638435140260933,276.21156918955734,  61.68938338381561,287337.14512784535,      0.0,287337.14512784535,   1.0
   0.01280317707920071, -0.05928723203249722, 9.392983273708772, 55.10106611731721, 46.14403307448766,0.20638435140260933,276.21156918955734,  61.68938338381561, 287337.1451231884,      0.0, 287337.1451231884,   1.0
   0.01280317707920071, -0.05928723203249722, 9.392983273708772, 55.10106511731721, 46.14403407448766,0.20638435140260933,276.21156918955734,  61.68938338381561, 287337.1451140005,      0.0, 287337.1451140005,   1.0
   0.01280317707920071, -0.05928723203249722, 9.392983273708772, 55.10106511731721, 46.14403307448766,0.20638535140260933,276.21156918955734,  61.68938338381561,287337.14472209185,      0.0,287337.14472209185,   1.0
   0.01280317707920071, -0.05928723203249722, 9.392983273708772, 55.10106511731721, 46.14403307448766,0.20638435140260933,276.21157018955734,  61.68938338381561,287337.14512608753,      0.0,287337.14512608753,   1.0
   0.01280317707920071, -0.05928723203249722, 9.392983273708772, 55.10106511731721, 46.14403307448766,0.20638435140260933,276.21156918955734,  61.68938438381561, 287337.1450925794,      0.0, 287337.1450925794,   1.0
  0.020383465646189418, -0.06917621268038081, 8.833401324232337, 54.82569834268887, 45.78861165347765,0.20449528824818533,276.04975214266085,  61.73592902296156, 287349.6723189123,      0.0, 287349.6723189123,   1.0
   0.02038446564618942, -0.06917621268038081, 8.833401324232337, 54.82569834268887, 45.78861165347765,0.20449528824818533,276.04975214266085,  61.73592902296156, 287349.6724379489,      0.0, 287349.6724379489,   1.0
  0.020383465646189418, -0.06917521268038081, 8.833401324232337, 54.82569834268887, 45.78861165347765,0.20449528824818533,276.04975214266085,  61.73592902296156, 287349.6716356186,      0.0, 287349.6716356186,   1.0
  0.020383465646189418, -0.06917621268038081, 8.833402324232337, 54.82569834268887, 45.78861165347765,0.20449528824818533,276.04975214266085,  61.73592902296156,  287349.672320962,      0.0,  287349.672320962,   1.0
  0.020383465646189418, -0.06917621268038081, 8.833401324232337,54.825699342688864, 45.78861165347765,0.20449528824818533,276.04975214266085,  61.73592902296156,287349.67231584876,      0.0,287349.67231584876,   1.0
  0.020383465646189418, -0.06917621268038081, 8.833401324232337, 54.82569834268887, 45.78861265347765,0.20449528824818533,276.04975214266085,  61.73592902296156,  287349.672307017,      0.0,  287349.672307017,   1.0
  0.020383465646189418, -0.06917621268038081, 8.833401324232337, 54.82569834268887, 45.78861165347765,0.20449628824818533,276.04975214266085,  61.73592902296156, 287349.6720011813,      0.0, 287349.6720011813,   1.0
  0.020383465646189418, -0.06917621268038081, 8.833401324232337, 54.82569834268887, 45.78861165347765,0.20449528824818533,276.04975314266085,  61.73592902296156,287349.67231856025,      0.0,287349.67231856025,   1.0
  0.020383465646189418, -0.06917621268038081, 8.833401324232337, 54.82569834268887, 45.78861165347765,0.20449528824818533,276.04975214266085, 61.735930022961554, 287349.6722847396,      0.0, 287349.6722847396,   1.0
   0.03477847128562941, -0.09795161563491947, 6.033130078301994,53.447573597054706,44.009690660789886,0.19541526810675988, 275.2399135720322,  61.96790714934997, 287368.6495945075,      0.0, 287368.6495945075,   1.0
   0.03477947128562941, -0.09795161563491947, 6.033130078301994,53.447573597054706,44.009690660789886,0.19541526810675988, 275.2399135720322,  61.96790714934997,287368.65013306803,      0.0,287368.65013306803,   1.0
   0.03477847128562941, -0.09795061563491947, 6.033130078301994,53.447573597054706,44.009690660789886,0.19541526810675988, 275.2399135720322,  61.96790714934997, 287368.6502257767,      0.0, 287368.6502257767,   1.0
   0.03477847128562941, -0.09795161563491947, 6.033131078301994,53.447573597054706,44.009690660789886,0.19541526810675988, 275.2399135720322,  61.96790714934997,287368.64959535917,      0.0,287368.64959535917,   1.0
   0.03477847128562941, -0.09795161563491947, 6.033130078301994,53.447574597054704,44.009690660789886,0.19541526810675988, 275.2399135720322,  61.96790714934997, 287368.6495911504,      0.0, 287368.6495911504,   1.0
   0.03477847128562941, -0.09795161563491947, 6.033130078301994,53.447573597054706, 44.00969166078988,0.19541526810675988, 275.2399135720322,  61.96790714934997,287368.64958520315,      0.0,287368.64958520315,   1.0
   0.03477847128562941, -0.09795161563491947, 6.033130078301994,53.447573597054706,44.009690660789886,0.19541626810675988, 275.2399135720322,  61.96790714934997, 287368.6495261494,      0.0, 287368.6495261494,   1.0
   0.03477847128562941, -0.09795161563491947, 6.033130078301994,53.447573597054706,44.009690660789886,0.19541526810675988, 275.2399145720322,  61.96790714934997, 287368.6495937695,      0.0, 287368.6495937695,   1.0
   0.03477847128562941, -0.09795161563491947, 6.033130078301994,53.447573597054706,44.009690660789886,0.19541526810675988, 275.2399135720322,  61.96790814934997, 287368.6495594192,      0.0, 287368.6495594192,   1.0
   0.03790235900204767, -0.09959155334180607,  5.35564234587299,53.114115864338814, 43.57924261558086, 0.1936795825441779, 275.0439665655168, 62.023712406437355, 287370.8391834246,      0.0, 287370.8391834246,   1.0
   0.03790335900204767, -0.09959155334180607,  5.35564234587299,53.114115864338814, 43.57924261558086, 0.1936795825441779, 275.0439665655168, 62.023712406437355, 287370.8391469246,      0.0, 287370.8391469246,   1.0
   0.03790235900204767, -0.09959055334180607,  5.35564234587299,53.114115864338814, 43.57924261558086, 0.1936795825441779, 275.0439665655168, 62.023712406437355,  287370.839310178,      0.0,  287370.839310178,   1.0
   0.03790235900204767, -0.09959155334180607,  5.35564334587299,53.114115864338814, 43.57924261558086, 0.1936795825441779, 275.0439665655168, 62.023712406437355,287370.83918619563,      0.0,287370.83918619563,   1.0
   0.03790235900204767, -0.09959155334180607,  5.35564234587299, 53.11411686433881, 43.57924261558086, 0.1936795825441779, 275.0439665655168, 62.023712406437355, 287370.8391802939,      0.0, 287370.8391802939,   1.0
   0.03790235900204767, -0.09959155334180607,  5.35564234587299,53.114115864338814, 43.57924361558086, 0.1936795825441779, 275.0439665655168, 62.023712406437355,287370.83917482273,      0.0,287370.83917482273,   1.0
   0.03790235900204767, -0.09959155334180607,  5.35564234587299,53.114115864338814, 43.57924261558086, 0.1936805825441779, 275.0439665655168, 62.023712406437355,  287370.839074309,      0.0,  287370.839074309,   1.0
   0.03790235900204767, -0.09959155334180607,  5.35564234587299,53.114115864338814, 43.57924261558086, 0.1936795825441779, 275.0439675655168, 62.023712406437355,287370.83918276173,      0.0,287370.83918276173,   1.0
   0.03790235900204767, -0.09959155334180607,  5.35564234587299,53.114115864338814, 43.57924261558086, 0.1936795825441779, 275.0439665655168,  62.02371340643735, 287370.8391482051,      0.0, 287370.8391482051,   1.0
   0.03842015635050412, -0.10056481948349622, 4.888498315287466, 52.88416769099329, 43.28238453179325,0.19176898811950815,274.90884906760834,  62.06203601490051, 287371.4125853195,      0.0, 287371.4125853195,   1.0
  0.038421156350504124, -0.10056481948349622, 4.888498315287466, 52.88416769099329, 43.28238453179325,0.19176898811950815,274.90884906760834,  62.06203601490051, 287371.4124115353,      0.0, 287371.4124115353,   1.0
   0.03842015635050412, -0.10056381948349621, 4.888498315287466, 52.88416769099329, 43.28238453179325,0.19176898811950815,274.90884906760834,  62.06203601490051, 287371.4125869715,      0.0, 287371.4125869715,   1.0
   0.03842015635050412, -0.10056481948349622, 4.888499315287466, 52.88416769099329, 43.28238453179325,0.19176898811950815,274.90884906760834,  62.06203601490051,287371.41258865193,      0.0,287371.41258865193,   1.0
   0.03842015635050412, -0.10056481948349622, 4.888498315287466,52.884168690993285, 43.28238453179325,0.19176898811950815,274.90884906760834,  62.06203601490051, 287371.4125820519,      0.0, 287371.4125820519,   1.0
   0.03842015635050412, -0.10056481948349622, 4.888498315287466, 52.88416769099329,43.282385531793246,0.19176898811950815,274.90884906760834,  62.06203601490051, 287371.4125772373,      0.0, 287371.4125772373,   1.0
   0.03842015635050412, -0.10056481948349622, 4.888498315287466, 52.88416769099329, 43.28238453179325,0.19176998811950816,274.90884906760834,  62.06203601490051,287371.41252402304,      0.0,287371.41252402304,   1.0
   0.03842015635050412, -0.10056481948349622, 4.888498315287466, 52.88416769099329, 43.28238453179325,0.19176898811950815,274.90885006760834,  62.06203601490051, 287371.4125845967,      0.0, 287371.4125845967,   1.0
   0.03842015635050412, -0.10056481948349622, 4.888498315287466, 52.88416769099329, 43.28238453179325,0.19176898811950815,274.90884906760834, 62.062037014900504, 287371.4125500099,      0.0, 287371.4125500099,   1.0
  0.036877339021624024, -0.10041442613763946, 4.329263518489889, 52.60883641551955, 42.92691061536375,0.18964692108033546,274.74707665396403,   62.1075684532462, 287371.9861508268,      0.0, 287371.9861508268,   1.0
  0.036878339021624025, -0.10041442613763946, 4.329263518489889, 52.60883641551955, 42.92691061536375,0.18964692108033546,274.74707665396403,   62.1075684532462,287371.98596592655,      0.0,287371.98596592655,   1.0
  0.036877339021624024, -0.10041342613763946, 4.329263518489889, 52.60883641551955, 42.92691061536375,0.18964692108033546,274.74707665396403,   62.1075684532462, 287371.9860885614,      0.0, 287371.9860885614,   1.0
  0.036877339021624024, -0.10041442613763946,4.3292645184898895, 52.60883641551955, 42.92691061536375,0.18964692108033546,274.74707665396403,   62.1075684532462, 287371.9861544437,      0.0, 287371.9861544437,   1.0
  0.036877339021624024, -0.10041442613763946, 4.329263518489889,52.608837415519545, 42.92691061536375,0.18964692108033546,274.74707665396403,   62.1075684532462, 287371.9861474298,      0.0, 287371.9861474298,   1.0
  0.036877339021624024, -0.10041442613763946, 4.329263518489889, 52.60883641551955, 42.92691161536375,0.18964692108033546,274.74707665396403,   62.1075684532462, 287371.9861434839,      0.0, 287371.9861434839,   1.0
  0.036877339021624024, -0.10041442613763946, 4.329263518489889, 52.60883641551955, 42.92691061536375,0.18964792108033546,274.74707665396403,   62.1075684532462,287371.98614341835,      0.0,287371.98614341835,   1.0
  0.036877339021624024, -0.10041442613763946, 4.329263518489889, 52.60883641551955, 42.92691061536375,0.18964692108033546,  274.747077653964,   62.1075684532462,287371.98615004227,      0.0,287371.98615004227,   1.0
  0.036877339021624024, -0.10041442613763946, 4.329263518489889, 52.60883641551955, 42.92691061536375,0.18964692108033546,274.74707665396403,   62.1075694532462,287371.98611543555,      0.0,287371.98611543555,   1.0
   0.03345186880944776, -0.09863707921565305, 4.032557540659801, 52.46243623857839, 42.73774029406181,0.18867127127143804,274.66113716475456,  62.12950816937775,287372.37441080995,      0.0,287372.37441080995,   1.0
   0.03345286880944776, -0.09863707921565305, 4.032557540659801, 52.46243623857839, 42.73774029406181,0.18867127127143804,274.66113716475456,  62.12950816937775,287372.37437730783,      0.0,287372.37437730783,   1.0
   0.03345186880944776, -0.09863607921565305, 4.032557540659801, 52.46243623857839, 42.73774029406181,0.18867127127143804,274.66113716475456,  62.12950816937775, 287372.3743940743,      0.0, 287372.3743940743,   1.0
   0.03345186880944776, -0.09863707921565305, 4.032558540659801, 52.46243623857839, 42.73774029406181,0.18867127127143804,274.66113716475456,  62.12950816937775,287372.37441419647,      0.0,287372.37441419647,   1.0
   0.03345186880944776, -0.09863707921565305, 4.032557540659801, 52.46243723857839, 42.73774029406181,0.18867127127143804,274.66113716475456,  62.12950816937775, 287372.3744073727,      0.0, 287372.3744073727,   1.0
   0.03345186880944776, -0.09863707921565305, 4.032557540659801, 52.46243623857839,42.737741294061806,0.18867127127143804,274.66113716475456,  62.12950816937775, 287372.3744040079,      0.0, 287372.3744040079,   1.0
   0.03345186880944776, -0.09863707921565305, 4.032557540659801, 52.46243623857839, 42.73774029406181,0.18867227127143804,274.66113716475456,  62.12950816937775, 287372.3744298283,      0.0, 287372.3744298283,   1.0
   0.03345186880944776, -0.09863707921565305, 4.032557540659801, 52.46243623857839, 42.73774029406181,0.18867127127143804,274.66113816475456,  62.12950816937775,287372.37441000086,      0.0,287372.37441000086,   1.0
   0.03345186880944776, -0.09863707921565305, 4.032557540659801, 52.46243623857839, 42.73774029406181,0.18867127127143804,274.66113716475456,  62.12950916937775,287372.37437540153,      0.0,287372.37437540153,   1.0
   0.03225363853510318, -0.09783400450772628, 4.008596608752599,52.450397210528266, 42.72207907401728,0.18877917599265348,274.65412238028534,  62.12977578380853, 287372.4394277122,      0.0, 287372.4394277122,   1.0
   0.03225463853510318, -0.09783400450772628, 4.008596608752599,52.450397210528266, 42.72207907401728,0.18877917599265348,274.65412238028534,  62.12977578380853,287372.43945126864,      0.0,287372.43945126864,   1.0
   0.03225363853510318, -0.09783300450772628, 4.008596608752599,52.450397210528266, 42.72207907401728,0.18877917599265348,274.65412238028534,  62.12977578380853,287372.43943055335,      0.0,287372.43943055335,   1.0
   0.03225363853510318, -0.09783400450772628, 4.008597608752599,52.450397210528266, 42.72207907401728,0.18877917599265348,274.65412238028534,  62.12977578380853, 287372.4394309803,      0.0, 287372.4394309803,   1.0
   0.03225363853510318, -0.09783400450772628, 4.008596608752599, 52.45039821052826, 42.72207907401728,0.18877917599265348,274.65412238028534,  62.12977578380853,287372.43942433456,      0.0,287372.43942433456,   1.0
   0.03225363853510318, -0.09783400450772628, 4.008596608752599,52.450397210528266, 42.72208007401728,0.18877917599265348,274.65412238028534,  62.12977578380853,287372.43942100403,      0.0,287372.43942100403,   1.0
   0.03225363853510318, -0.09783400450772628, 4.008596608752599,52.450397210528266, 42.72207907401728,0.18878017599265348,274.65412238028534,  62.12977578380853, 287372.4394354253,      0.0, 287372.4394354253,   1.0
   0.03225363853510318, -0.09783400450772628, 4.008596608752599,52.450397210528266, 42.72207907401728,0.18877917599265348,274.65412338028534,  62.12977578380853, 287372.4394269234,      0.0, 287372.4394269234,   1.0
   0.03225363853510318, -0.09783400450772628, 4.008596608752599,52.450397210528266, 42.72207907401728,0.18877917599265348,274.65412238028534,  62.12977678380853,287372.43939232023,      0.0,287372.43939232023,   1.0
   0.03141572813756637, -0.09723229546365589, 4.017276956652952, 52.45431043448121,42.726953760368104,0.18895530591456816, 274.6565089402235,  62.12654944375278,287372.50319010316,      0.0,287372.50319010316,   1.0
   0.03141672813756637, -0.09723229546365589, 4.017276956652952, 52.45431043448121,42.726953760368104,0.18895530591456816, 274.6565089402235,  62.12654944375278, 287372.5032583849,      0.0, 287372.5032583849,   1.0
   0.03141572813756637, -0.09723129546365589, 4.017276956652952, 52.45431043448121,42.726953760368104,0.18895530591456816, 274.6565089402235,  62.12654944375278, 287372.5032117018,      0.0, 287372.5032117018,   1.0
   0.03141572813756637, -0.09723229546365589, 4.017277956652952, 52.45431043448121,42.726953760368104,0.18895530591456816, 274.6565089402235,  62.12654944375278, 287372.5031932646,      0.0, 287372.5031932646,   1.0
   0.03141572813756637, -0.09723229546365589, 4.017276956652952,52.454311434481205,42.726953760368104,0.18895530591456816, 274.6565089402235,  62.12654944375278,287372.50318677456,      0.0,287372.50318677456,   1.0
   0.03141572813756637, -0.09723229546365589, 4.017276956652952, 52.45431043448121,  42.7269547603681,0.18895530591456816, 274.6565089402235,  62.12654944375278, 287372.5031834291,      0.0, 287372.5031834291,   1.0
   0.03141572813756637, -0.09723229546365589, 4.017276956652952, 52.45431043448121,42.726953760368104,0.18895630591456816, 274.6565089402235,  62.12654944375278, 287372.5031871645,      0.0, 287372.5031871645,   1.0
   0.03141572813756637, -0.09723229546365589, 4.017276956652952, 52.45431043448121,42.726953760368104,0.18895530591456816, 274.6565099402235,  62.12654944375278,287372.50318933197,      0.0,287372.50318933197,   1.0
   0.03141572813756637, -0.09723229546365589, 4.017276956652952, 52.45431043448121,42.726953760368104,0.18895530591456816, 274.6565089402235,  62.12655044375278, 287372.5031547282,      0.0, 287372.5031547282,   1.0
    0.0299934057503904,  -0.0961866496303698, 4.041421437773736, 52.46508998081092, 42.74032386169712, 0.1893117277534687,  274.663110738201,   62.1168235512358, 287372.6749062948,      0.0, 287372.6749062948,   1.0
    0.0299944057503904,  -0.0961866496303698, 4.041421437773736, 52.46508998081092, 42.74032386169712, 0.1893117277534687,  274.663110738201,   62.1168235512358,   287372.67505075,      0.0,   287372.67505075,   1.0
    0.0299934057503904,  -0.0961856496303698, 4.041421437773736, 52.46508998081092, 42.74032386169712, 0.1893117277534687,  274.663110738201,   62.1168235512358, 287372.6749595698,      0.0, 287372.6749595698,   1.0
    0.0299934057503904,  -0.0961866496303698, 4.041422437773736, 52.46508998081092, 42.74032386169712, 0.1893117277534687,  274.663110738201,   62.1168235512358,  287372.674909272,      0.0,  287372.674909272,   1.0
    0.0299934057503904,  -0.0961866496303698, 4.041421437773736, 52.46509098081092, 42.74032386169712, 0.1893117277534687,  274.663110738201,   62.1168235512358, 287372.6749030616,      0.0, 287372.6749030616,   1.0
    0.0299934057503904,  -0.0961866496303698, 4.041421437773736, 52.46508998081092, 42.74032486169712, 0.1893117277534687,  274.663110738201,   62.1168235512358, 287372.6748996654,      0.0, 287372.6748996654,   1.0
    0.0299934057503904,  -0.0961866496303698, 4.041421437773736, 52.46508998081092, 42.74032386169712, 0.1893127277534687,  274.663110738201,   62.1168235512358, 287372.6748818434,      0.0, 287372.6748818434,   1.0
    0.0299934057503904,  -0.0961866496303698, 4.041421437773736, 52.46508998081092, 42.74032386169712, 0.1893117277534687,  274.663111738201,   62.1168235512358,287372.67490555876,      0.0,287372.67490555876,   1.0
    0.0299934057503904,  -0.0961866496303698, 4.041421437773736, 52.46508998081092, 42.74032386169712, 0.1893117277534687,  274.663110738201, 62.116824551235794,287372.67487095564,      0.0,287372.67487095564,   1.0
  0.027870768933636207, -0.09463286125337111,  4.07834362710617, 52.48038115862464, 42.75863742474004,0.18983623397605556, 274.6727940786661,  62.09356679462587,287373.09494736954,      0.0,287373.09494736954,   1.0
  0.027871768933636208, -0.09463286125337111,  4.07834362710617, 52.48038115862464, 42.75863742474004,0.18983623397605556, 274.6727940786661,  62.09356679462587, 287373.0952071724,      0.0, 287373.0952071724,   1.0
  0.027870768933636207, -0.09463186125337111,  4.07834362710617, 52.48038115862464, 42.75863742474004,0.18983623397605556, 274.6727940786661,  62.09356679462587, 287373.0950492795,      0.0, 287373.0950492795,   1.0
  0.027870768933636207, -0.09463286125337111,  4.07834462710617, 52.48038115862464, 42.75863742474004,0.18983623397605556, 274.6727940786661,  62.09356679462587, 287373.0949500671,      0.0, 287373.0949500671,   1.0
  0.027870768933636207, -0.09463286125337111,  4.07834362710617,52.480382158624636, 42.75863742474004,0.18983623397605556, 274.6727940786661,  62.09356679462587,287373.09494427906,      0.0,287373.09494427906,   1.0
  0.027870768933636207, -0.09463286125337111,  4.07834362710617, 52.48038115862464,42.758638424740035,0.18983623397605556, 274.6727940786661,  62.09356679462587,287373.09494080034,      0.0,287373.09494080034,   1.0
  0.027870768933636207, -0.09463286125337111,  4.07834362710617, 52.48038115862464, 42.75863742474004,0.18983723397605556, 274.6727940786661,  62.09356679462587,287373.09489017824,      0.0,287373.09489017824,   1.0
  0.027870768933636207, -0.09463286125337111,  4.07834362710617, 52.48038115862464, 42.75863742474004,0.18983623397605556,274.67279507866607,  62.09356679462587,287373.09494668787,      0.0,287373.09494668787,   1.0
  0.027870768933636207, -0.09463286125337111,  4.07834362710617, 52.48038115862464, 42.75863742474004,0.18983623397605556, 274.6727940786661,  62.09356779462587, 287373.0949120943,      0.0, 287373.0949120943,   1.0
  0.024379643847157857, -0.09211746008067423, 4.126727013046995,52.496147365080155,  42.7750058147984,0.19071592594221273,274.68400744464344,  62.03309344786055,287374.22342230694,      0.0,287374.22342230694,   1.0
  0.024380643847157858, -0.09211746008067423, 4.126727013046995,52.496147365080155,  42.7750058147984,0.19071592594221273,274.68400744464344,  62.03309344786055, 287374.2238717413,      0.0, 287374.2238717413,   1.0
  0.024379643847157857, -0.09211646008067423, 4.126727013046995,52.496147365080155,  42.7750058147984,0.19071592594221273,274.68400744464344,  62.03309344786055, 287374.2236029927,      0.0, 287374.2236029927,   1.0
  0.024379643847157857, -0.09211746008067423, 4.126728013046995,52.496147365080155,  42.7750058147984,0.19071592594221273,274.68400744464344,  62.03309344786055, 287374.2234245528,      0.0, 287374.2234245528,   1.0
  0.024379643847157857, -0.09211746008067423, 4.126727013046995, 52.49614836508015,  42.7750058147984,0.19071592594221273,274.68400744464344,  62.03309344786055, 287374.2234194846,      0.0, 287374.2234194846,   1.0
  0.024379643847157857, -0.09211746008067423, 4.126727013046995,52.496147365080155,42.775006814798395,0.19071592594221273,274.68400744464344,  62.03309344786055, 287374.2234158397,      0.0, 287374.2234158397,   1.0
  0.024379643847157857, -0.09211746008067423, 4.126727013046995,52.496147365080155,  42.7750058147984,0.19071692594221273,274.68400744464344,  62.03309344786055, 287374.2233027948,      0.0, 287374.2233027948,   1.0
  0.024379643847157857, -0.09211746008067423, 4.126727013046995,52.496147365080155,  42.7750058147984,0.19071592594221273,274.68400844464344,  62.03309344786055, 287374.2234217308,      0.0, 287374.2234217308,   1.0
  0.024379643847157857, -0.09211746008067423, 4.126727013046995,52.496147365080155,  42.7750058147984,0.19071592594221273,274.68400744464344,  62.03309444786055,287374.22338716855,      0.0,287374.22338716855,   1.0
   0.01888770295512124, -0.08823459070902948, 4.187733084396897,52.504954665020655, 42.77586459592726,0.19194266497362003,274.69432087122584,  61.87907282816028,287377.13563671004,      0.0,287377.13563671004,   1.0
   0.01888870295512124, -0.08823459070902948, 4.187733084396897,52.504954665020655, 42.77586459592726,0.19194266497362003,274.69432087122584,  61.87907282816028,287377.13638937235,      0.0,287377.13638937235,   1.0
   0.01888770295512124, -0.08823359070902947, 4.187733084396897,52.504954665020655, 42.77586459592726,0.19194266497362003,274.69432087122584,  61.87907282816028, 287377.1359435471,      0.0, 287377.1359435471,   1.0
   0.01888770295512124, -0.08823459070902948, 4.187734084396897,52.504954665020655, 42.77586459592726,0.19194266497362003,274.69432087122584,  61.87907282816028, 287377.1356382443,      0.0, 287377.1356382443,   1.0
   0.01888770295512124, -0.08823459070902948, 4.187733084396897, 52.50495566502065, 42.77586459592726,0.19194266497362003,274.69432087122584,  61.87907282816028,287377.13563430024,      0.0,287377.13563430024,   1.0
   0.01888770295512124, -0.08823459070902948, 4.187733084396897,52.504954665020655, 42.77586559592726,0.19194266497362003,274.69432087122584,  61.87907282816028,287377.13563039043,      0.0,287377.13563039043,   1.0
   0.01888770295512124, -0.08823459070902948, 4.187733084396897,52.504954665020655, 42.77586459592726,0.19194366497362003,274.69432087122584,  61.87907282816028, 287377.1354187468,      0.0, 287377.1354187468,   1.0
   0.01888770295512124, -0.08823459070902948, 4.187733084396897,52.504954665020655, 42.77586459592726,0.19194266497362003,274.69432187122584,  61.87907282816028, 287377.1356363071,      0.0, 287377.1356363071,   1.0
   0.01888770295512124, -0.08823459070902948, 4.187733084396897,52.504954665020655, 42.77586459592726,0.19194266497362003,274.69432087122584,  61.87907382816028,  287377.135601856,      0.0,  287377.135601856,   1.0
  0.010143557277570775, -0.08223297442421645, 4.239195920303537, 52.47379455498554, 42.70765133105291,0.19349430533782233, 274.6896884678236, 61.478102086273736, 287384.7881178072,      0.0, 287384.7881178072,   1.0
  0.010144557277570774, -0.08223297442421645, 4.239195920303537, 52.47379455498554, 42.70765133105291,0.19349430533782233, 274.6896884678236, 61.478102086273736, 287384.7893575309,      0.0, 287384.7893575309,   1.0
  0.010143557277570775, -0.08223197442421645, 4.239195920303537, 52.47379455498554, 42.70765133105291,0.19349430533782233, 274.6896884678236, 61.478102086273736,287384.78862177866,      0.0,287384.78862177866,   1.0
  0.010143557277570775, -0.08223297442421645, 4.239196920303537, 52.47379455498554, 42.70765133105291,0.19349430533782233, 274.6896884678236, 61.478102086273736,287384.78811824165,      0.0,287384.78811824165,   1.0
  0.010143557277570775, -0.08223297442421645, 4.239195920303537,52.473795554985536, 42.70765133105291,0.19349430533782233, 274.6896884678236, 61.478102086273736,287384.78811605065,      0.0,287384.78811605065,   1.0
  0.010143557277570775, -0.08223297442421645, 4.239195920303537, 52.47379455498554,42.707652331052905,0.19349430533782233, 274.6896884678236, 61.478102086273736,287384.78811171534,      0.0,287384.78811171534,   1.0
  0.010143557277570775, -0.08223297442421645, 4.239195920303537, 52.47379455498554, 42.70765133105291,0.19349530533782233, 274.6896884678236, 61.478102086273736, 287384.7877380907,      0.0, 287384.7877380907,   1.0
  0.010143557277570775, -0.08223297442421645, 4.239195920303537, 52.47379455498554, 42.70765133105291,0.19349430533782233, 274.6896894678236, 61.478102086273736, 287384.7881177046,      0.0, 287384.7881177046,   1.0
  0.010143557277570775, -0.08223297442421645, 4.239195920303537, 52.47379455498554, 42.70765133105291,0.19349430533782233, 274.6896884678236, 61.478103086273734,287384.78808359447,      0.0,287384.78808359447,   1.0
-0.0031259605566406074,  -0.0737308605733115,4.2124385213287185, 52.31417469987055,42.429025290410834,0.19476423238104076,274.63135252831455, 60.451660229013626, 287404.4342559679,      0.0, 287404.4342559679,   1.0
-0.0031249605566406073,  -0.0737308605733115,4.2124385213287185, 52.31417469987055,42.429025290410834,0.19476423238104076,274.63135252831455, 60.451660229013626,287404.43626436446,      0.0,287404.43626436446,   1.0
-0.0031259605566406074,  -0.0737298605733115,4.2124385213287185, 52.31417469987055,42.429025290410834,0.19476423238104076,274.63135252831455, 60.451660229013626,287404.43507248163,      0.0,287404.43507248163,   1.0
-0.0031259605566406074,  -0.0737308605733115, 4.212439521328719, 52.31417469987055,42.429025290410834,0.19476423238104076,274.63135252831455, 60.451660229013626, 287404.4342547788,      0.0, 287404.4342547788,   1.0
-0.0031259605566406074,  -0.0737308605733115,4.2124385213287185,52.314175699870546,42.429025290410834,0.19476423238104076,274.63135252831455, 60.451660229013626,287404.43425519974,      0.0,287404.43425519974,   1.0
-0.0031259605566406074,  -0.0737308605733115,4.2124385213287185, 52.31417469987055, 42.42902629041083,0.19476423238104076,274.63135252831455, 60.451660229013626, 287404.4342502481,      0.0, 287404.4342502481,   1.0
-0.0031259605566406074,  -0.0737308605733115,4.2124385213287185, 52.31417469987055,42.429025290410834,0.19476523238104076,274.63135252831455, 60.451660229013626, 287404.4336211174,      0.0, 287404.4336211174,   1.0
-0.0031259605566406074,  -0.0737308605733115,4.2124385213287185, 52.31417469987055,42.429025290410834,0.19476423238104076,274.63135352831455, 60.451660229013626, 287404.4342563751,      0.0, 287404.4342563751,   1.0
-0.0031259605566406074,  -0.0737308605733115,4.2124385213287185, 52.31417469987055,42.429025290410834,0.19476423238104076,274.63135252831455, 60.451661229013624,287404.43422325706,      0.0,287404.43422325706,   1.0
 -0.021383556609181422, -0.06308301662905046, 4.002736782547056, 51.84714337562747, 41.64582875466036,0.19382235341885196, 274.4450080747246,  57.91337445383123, 287452.4112342803,      0.0, 287452.4112342803,   1.0
  -0.02138255660918142, -0.06308301662905046, 4.002736782547056, 51.84714337562747, 41.64582875466036,0.19382235341885196, 274.4450080747246,  57.91337445383123, 287452.4143548589,      0.0, 287452.4143548589,   1.0
 -0.021383556609181422, -0.06308201662905046, 4.002736782547056, 51.84714337562747, 41.64582875466036,0.19382235341885196, 274.4450080747246,  57.91337445383123, 287452.4124673682,      0.0, 287452.4124673682,   1.0
 -0.021383556609181422, -0.06308301662905046, 4.002737782547056, 51.84714337562747, 41.64582875466036,0.19382235341885196, 274.4450080747246,  57.91337445383123, 287452.4112311559,      0.0, 287452.4112311559,   1.0
 -0.021383556609181422, -0.06308301662905046, 4.002736782547056,51.847144375627465, 41.64582875466036,0.19382235341885196, 274.4450080747246,  57.91337445383123,287452.41123499296,      0.0,287452.41123499296,   1.0
 -0.021383556609181422, -0.06308301662905046, 4.002736782547056, 51.84714337562747,41.645829754660355,0.19382235341885196, 274.4450080747246,  57.91337445383123,  287452.411229425,      0.0,  287452.411229425,   1.0
 -0.021383556609181422, -0.06308301662905046, 4.002736782547056, 51.84714337562747, 41.64582875466036,0.19382335341885196, 274.4450080747246,  57.91337445383123, 287452.4102056098,      0.0, 287452.4102056098,   1.0
 -0.021383556609181422, -0.06308301662905046, 4.002736782547056, 51.84714337562747, 41.64582875466036,0.19382235341885196, 274.4450090747246,  57.91337445383123,  287452.411235537,      0.0,  287452.411235537,   1.0
 -0.021383556609181422, -0.06308301662905046, 4.002736782547056, 51.84714337562747, 41.64582875466036,0.19382235341885196, 274.4450080747246,  57.91337545383123, 287452.4112052317,      0.0, 287452.4112052317,   1.0
  -0.03549366646701108,  -0.0616814872968428, 3.787213907120627, 50.95851060892904,40.110852821710175,0.18637011465004352, 274.1123153761332,  52.43406240042174, 287548.9163249646,      0.0, 287548.9163249646,   1.0
  -0.03549266646701108,  -0.0616814872968428, 3.787213907120627, 50.95851060892904,40.110852821710175,0.18637011465004352, 274.1123153761332,  52.43406240042174, 287548.9215734561,      0.0, 287548.9215734561,   1.0
  -0.03549366646701108,  -0.0616804872968428, 3.787213907120627, 50.95851060892904,40.110852821710175,0.18637011465004352, 274.1123153761332,  52.43406240042174, 287548.9192557812,      0.0, 287548.9192557812,   1.0
  -0.03549366646701108,  -0.0616814872968428, 3.787214907120627, 50.95851060892904,40.110852821710175,0.18637011465004352, 274.1123153761332,  52.43406240042174, 287548.9163173302,      0.0, 287548.9163173302,   1.0
  -0.03549366646701108,  -0.0616814872968428, 3.787213907120627, 50.95851160892904,40.110852821710175,0.18637011465004352, 274.1123153761332,  52.43406240042174, 287548.9163267346,      0.0, 287548.9163267346,   1.0
  -0.03549366646701108,  -0.0616814872968428, 3.787213907120627, 50.95851060892904, 40.11085382171017,0.18637011465004352, 274.1123153761332,  52.43406240042174,287548.91632083285,      0.0,287548.91632083285,   1.0
  -0.03549366646701108,  -0.0616814872968428, 3.787213907120627, 50.95851060892904,40.110852821710175,0.18637111465004352, 274.1123153761332,  52.43406240042174, 287548.9150601252,      0.0, 287548.9150601252,   1.0
  -0.03549366646701108,  -0.0616814872968428, 3.787213907120627, 50.95851060892904,40.110852821710175,0.18637011465004352, 274.1123163761332,  52.43406240042174, 287548.9163268587,      0.0, 287548.9163268587,   1.0
  -0.03549366646701108,  -0.0616814872968428, 3.787213907120627, 50.95851060892904,40.110852821710175,0.18637011465004352, 274.1123153761332, 52.434063400421735, 287548.9163044725,      0.0, 287548.9163044725,   1.0
  -0.04546941722411149,-0.039505110614581535, 2.788689467786294, 49.17258673554657,37.163889202935565, 0.1731657930041798, 273.3763166550163,  43.42364564955963, 287611.4375896447,      0.0, 287611.4375896447,   1.0
  -0.04546841722411149,-0.039505110614581535, 2.788689467786294, 49.17258673554657,37.163889202935565, 0.1731657930041798, 273.3763166550163,  43.42364564955963, 287611.4401473927,      0.0, 287611.4401473927,   1.0
  -0.04546941722411149,-0.039504110614581534, 2.788689467786294, 49.17258673554657,37.163889202935565, 0.1731657930041798, 273.3763166550163,  43.42364564955963,287611.43439135066,      0.0,287611.43439135066,   1.0
  -0.04546941722411149,-0.039505110614581535, 2.788690467786294, 49.17258673554657,37.163889202935565, 0.1731657930041798, 273.3763166550163,  43.42364564955963,287611.43760071654,      0.0,287611.43760071654,   1.0
  -0.04546941722411149,-0.039505110614581535, 2.788689467786294,49.172587735546564,37.163889202935565, 0.1731657930041798, 273.3763166550163,  43.42364564955963,287611.43759997835,      0.0,287611.43759997835,   1.0
  -0.04546941722411149,-0.039505110614581535, 2.788689467786294, 49.17258673554657, 37.16389020293556, 0.1731657930041798, 273.3763166550163,  43.42364564955963, 287611.4376067454,      0.0, 287611.4376067454,   1.0
  -0.04546941722411149,-0.039505110614581535, 2.788689467786294, 49.17258673554657,37.163889202935565, 0.1731667930041798, 273.3763166550163,  43.42364564955963,287611.43446705263,      0.0,287611.43446705263,   1.0
  -0.04546941722411149,-0.039505110614581535, 2.788689467786294, 49.17258673554657,37.163889202935565, 0.1731657930041798, 273.3763176550163,  43.42364564955963, 287611.4375949749,      0.0, 287611.4375949749,   1.0
  -0.04546941722411149,-0.039505110614581535, 2.788689467786294, 49.17258673554657,37.163889202935565, 0.1731657930041798, 273.3763166550163,  43.42364664955963,287611.43759081565,      0.0,287611.43759081565,   1.0
 0.0024625124875498304, -0.09998672256199462,1.8538797440097694, 48.18932787494929,  35.6353467039318, 0.1485532836797348,  272.925201615486,   39.8254528478884, 287733.9897671388,      0.0, 287733.9897671388,   1.0
 0.0024635124875498305, -0.09998672256199462,1.8538797440097694, 48.18932787494929,  35.6353467039318, 0.1485532836797348,  272.925201615486,   39.8254528478884,287733.99635581725,      0.0,287733.99635581725,   1.0
 0.0024625124875498304, -0.09998572256199462,1.8538797440097694, 48.18932787494929,  35.6353467039318, 0.1485532836797348,  272.925201615486,   39.8254528478884, 287733.9964129436,      0.0, 287733.9964129436,   1.0
 0.0024625124875498304, -0.09998672256199462,1.8538807440097693, 48.18932787494929,  35.6353467039318, 0.1485532836797348,  272.925201615486,   39.8254528478884, 287733.9897583176,      0.0, 287733.9897583176,   1.0
 0.0024625124875498304, -0.09998672256199462,1.8538797440097694, 48.18932887494929,  35.6353467039318, 0.1485532836797348,  272.925201615486,   39.8254528478884, 287733.9897612226,      0.0, 287733.9897612226,   1.0
 0.0024625124875498304, -0.09998672256199462,1.8538797440097694, 48.18932787494929,  35.6353477039318, 0.1485532836797348,  272.925201615486,   39.8254528478884,287733.98978062446,      0.0,287733.98978062446,   1.0
 0.0024625124875498304, -0.09998672256199462,1.8538797440097694, 48.18932787494929,  35.6353467039318, 0.1485542836797348,  272.925201615486,   39.8254528478884, 287733.9909873504,      0.0, 287733.9909873504,   1.0
 0.0024625124875498304, -0.09998672256199462,1.8538797440097694, 48.18932787494929,  35.6353467039318, 0.1485532836797348,  272.925202615486,   39.8254528478884, 287733.9897654769,      0.0, 287733.9897654769,   1.0
 0.0024625124875498304, -0.09998672256199462,1.8538797440097694, 48.18932787494929,  35.6353467039318, 0.1485532836797348,  272.925201615486,   39.8254538478884, 287733.9897720624,      0.0, 287733.9897720624,   1.0
  0.025674725475532602, -0.09835739479038955,2.0656983488704803, 48.97832572149156, 36.99331359661866, 0.1568716074906375, 273.2230312732552,   44.6181670994874,287828.41556307505,      0.0,287828.41556307505,   1.0
  0.025675725475532603, -0.09835739479038955,2.0656983488704803, 48.97832572149156, 36.99331359661866, 0.1568716074906375, 273.2230312732552,   44.6181670994874, 287828.4167300503,      0.0, 287828.4167300503,   1.0
  0.025674725475532602, -0.09835639479038955,2.0656983488704803, 48.97832572149156, 36.99331359661866, 0.1568716074906375, 273.2230312732552,   44.6181670994874,287828.41591262084,      0.0,287828.41591262084,   1.0
  0.025674725475532602, -0.09835739479038955,2.0656993488704805, 48.97832572149156, 36.99331359661866, 0.1568716074906375, 273.2230312732552,   44.6181670994874,  287828.415568857,      0.0,  287828.415568857,   1.0
  0.025674725475532602, -0.09835739479038955,2.0656983488704803,48.978326721491555, 36.99331359661866, 0.1568716074906375, 273.2230312732552,   44.6181670994874,287828.41555902304,      0.0,287828.41555902304,   1.0
  0.025674725475532602, -0.09835739479038955,2.0656983488704803, 48.97832572149156, 36.99331459661866, 0.1568716074906375, 273.2230312732552,   44.6181670994874,287828.41557275335,      0.0,287828.41557275335,   1.0
  0.025674725475532602, -0.09835739479038955,2.0656983488704803, 48.97832572149156, 36.99331359661866, 0.1568726074906375, 273.2230312732552,   44.6181670994874, 287828.4159194291,      0.0, 287828.4159194291,   1.0
  0.025674725475532602, -0.09835739479038955,2.0656983488704803, 48.97832572149156, 36.99331359661866, 0.1568716074906375,273.22303227325517,   44.6181670994874, 287828.4155619897,      0.0, 287828.4155619897,   1.0
  0.025674725475532602, -0.09835739479038955,2.0656983488704803, 48.97832572149156, 36.99331359661866, 0.1568716074906375, 273.2230312732552,   44.6181680994874,   287828.41555159,      0.0,   287828.41555159,   1.0
  0.038159169942533086, -0.10541407290370097,1.7618361738018598,48.518576081261166,36.246179716576066, 0.1521785671820191, 273.0279811057751,   42.4644342541952,287846.23710456013,      0.0,287846.23710456013,   1.0
   0.03816016994253309, -0.10541407290370097,1.7618361738018598,48.518576081261166,36.246179716576066, 0.1521785671820191, 273.0279811057751,   42.4644342541952,287846.23734627827,      0.0,287846.23734627827,   1.0
  0.038159169942533086, -0.10541307290370097,1.7618361738018598,48.518576081261166,36.246179716576066, 0.1521785671820191, 273.0279811057751,   42.4644342541952, 287846.2367918759,      0.0, 287846.2367918759,   1.0
  0.038159169942533086, -0.10541407290370097,1.7618371738018597,48.518576081261166,36.246179716576066, 0.1521785671820191, 273.0279811057751,   42.4644342541952,287846.23711315275,      0.0,287846.23711315275,   1.0
  0.038159169942533086, -0.10541407290370097,1.7618361738018598,48.518577081261164,36.246179716576066, 0.1521785671820191, 273.0279811057751,   42.4644342541952,287846.23710095737,      0.0,287846.23710095737,   1.0
  0.038159169942533086, -0.10541407290370097,1.7618361738018598,48.518576081261166, 36.24618071657606, 0.1521785671820191, 273.0279811057751,   42.4644342541952, 287846.2371163867,      0.0, 287846.2371163867,   1.0
  0.038159169942533086, -0.10541407290370097,1.7618361738018598,48.518576081261166,36.246179716576066, 0.1521795671820191, 273.0279811057751,   42.4644342541952, 287846.2374901434,      0.0, 287846.2374901434,   1.0
  0.038159169942533086, -0.10541407290370097,1.7618361738018598,48.518576081261166,36.246179716576066, 0.1521785671820191, 273.0279821057751,   42.4644342541952,287846.23710351036,      0.0,287846.23710351036,   1.0
  0.038159169942533086, -0.10541407290370097,1.7618361738018598,48.518576081261166,36.246179716576066, 0.1521785671820191, 273.0279811057751, 42.464435254195195, 287846.2370984073,      0.0, 287846.2370984073,   1.0
   0.04937538994791477, -0.11554758901239785, 1.835179193474792, 48.46169260299982, 36.12703885483645,0.15809754006109017,273.01705402566137,    41.806086648868, 287847.9017004514,      0.0, 287847.9017004514,   1.0
  0.049376389947914774, -0.11554758901239785, 1.835179193474792, 48.46169260299982, 36.12703885483645,0.15809754006109017,273.01705402566137,    41.806086648868, 287847.9019144087,      0.0, 287847.9019144087,   1.0
   0.04937538994791477, -0.11554658901239785, 1.835179193474792, 48.46169260299982, 36.12703885483645,0.15809754006109017,273.01705402566137,    41.806086648868, 287847.9023446592,      0.0, 287847.9023446592,   1.0
   0.04937538994791477, -0.11554758901239785, 1.835180193474792, 48.46169260299982, 36.12703885483645,0.15809754006109017,273.01705402566137,    41.806086648868, 287847.9017074072,      0.0, 287847.9017074072,   1.0
   0.04937538994791477, -0.11554758901239785, 1.835179193474792,48.461693602999816, 36.12703885483645,0.15809754006109017,273.01705402566137,    41.806086648868, 287847.9017035474,      0.0, 287847.9017035474,   1.0
   0.04937538994791477, -0.11554758901239785, 1.835179193474792, 48.46169260299982, 36.12703985483645,0.15809754006109017,273.01705402566137,    41.806086648868, 287847.9017124435,      0.0, 287847.9017124435,   1.0
   0.04937538994791477, -0.11554758901239785, 1.835179193474792, 48.46169260299982, 36.12703885483645,0.15809854006109017,273.01705402566137,    41.806086648868,287847.90072716965,      0.0,287847.90072716965,   1.0
   0.04937538994791477, -0.11554758901239785, 1.835179193474792, 48.46169260299982, 36.12703885483645,0.15809754006109017,273.01705502566136,    41.806086648868,287847.90170139226,      0.0,287847.90170139226,   1.0
   0.04937538994791477, -0.11554758901239785, 1.835179193474792, 48.46169260299982, 36.12703885483645,0.15809754006109017,273.01705402566137,    41.806087648868, 287847.9016969062,      0.0, 287847.9016969062,   1.0
   0.04590916178848763, -0.11150471400464285,1.9211333175419674, 48.47794495930664,  36.1351431902146, 0.1542782813573538, 273.0329089156313, 41.616021167057674, 287852.6519750613,      0.0, 287852.6519750613,   1.0
  0.045910161788487634, -0.11150471400464285,1.9211333175419674, 48.47794495930664,  36.1351431902146, 0.1542782813573538, 273.0329089156313, 41.616021167057674,287852.65212125273,      0.0,287852.65212125273,   1.0
   0.04590916178848763, -0.11150371400464285,1.9211333175419674, 48.47794495930664,  36.1351431902146, 0.1542782813573538, 273.0329089156313, 41.616021167057674,287852.65213158744,      0.0,287852.65213158744,   1.0
   0.04590916178848763, -0.11150471400464285,1.9211343175419673, 48.47794495930664,  36.1351431902146, 0.1542782813573538, 273.0329089156313, 41.616021167057674,287852.65198295104,      0.0,287852.65198295104,   1.0
   0.04590916178848763, -0.11150471400464285,1.9211333175419674, 48.47794595930664,  36.1351431902146, 0.1542782813573538, 273.0329089156313, 41.616021167057674,287852.65197453316,      0.0,287852.65197453316,   1.0
   0.04590916178848763, -0.11150471400464285,1.9211333175419674, 48.47794495930664,  36.1351441902146, 0.1542782813573538, 273.0329089156313, 41.616021167057674,  287852.651987095,      0.0,  287852.651987095,   1.0
   0.04590916178848763, -0.11150471400464285,1.9211333175419674, 48.47794495930664,  36.1351431902146, 0.1542792813573538, 273.0329089156313, 41.616021167057674,287852.65174366935,      0.0,287852.65174366935,   1.0
   0.04590916178848763, -0.11150471400464285,1.9211333175419674, 48.47794495930664,  36.1351431902146, 0.1542782813573538, 273.0329099156313, 41.616021167057674,287852.65197490476,      0.0,287852.65197490476,   1.0
   0.04590916178848763, -0.11150471400464285,1.9211333175419674, 48.47794495930664,  36.1351431902146, 0.1542782813573538, 273.0329089156313,  41.61602216705767, 287852.6519714648,      0.0, 287852.6519714648,   1.0
   0.04403987087019088, -0.10876086139575875,2.1862542878640605, 48.58702694481289, 36.26562293876285, 0.1528804156279332, 273.1021754430113,  41.44434716070761,287856.62080357136,      0.0,287856.62080357136,   1.0
   0.04404087087019088, -0.10876086139575875,2.1862542878640605, 48.58702694481289, 36.26562293876285, 0.1528804156279332, 273.1021754430113,  41.44434716070761,287856.62088044116,      0.0,287856.62088044116,   1.0
   0.04403987087019088, -0.10875986139575874,2.1862542878640605, 48.58702694481289, 36.26562293876285, 0.1528804156279332, 273.1021754430113,  41.44434716070761,287856.62066539185,      0.0,287856.62066539185,   1.0
   0.04403987087019088, -0.10876086139575875,2.1862552878640606, 48.58702694481289, 36.26562293876285, 0.1528804156279332, 273.1021754430113,  41.44434716070761, 287856.6208119126,      0.0, 287856.6208119126,   1.0
   0.04403987087019088, -0.10876086139575875,2.1862542878640605, 48.58702794481289, 36.26562293876285, 0.1528804156279332, 273.1021754430113,  41.44434716070761,287856.62080097944,      0.0,287856.62080097944,   1.0
   0.04403987087019088, -0.10876086139575875,2.1862542878640605, 48.58702694481289, 36.26562393876285, 0.1528804156279332, 273.1021754430113,  41.44434716070761,   287856.62081531,      0.0,   287856.62081531,   1.0
   0.04403987087019088, -0.10876086139575875,2.1862542878640605, 48.58702694481289, 36.26562293876285, 0.1528814156279332, 273.1021754430113,  41.44434716070761,287856.62097454676,      0.0,287856.62097454676,   1.0
   0.04403987087019088, -0.10876086139575875,2.1862542878640605, 48.58702694481289, 36.26562293876285, 0.1528804156279332, 273.1021764430113,  41.44434716070761,287856.62080279074,      0.0,287856.62080279074,   1.0
   0.04403987087019088, -0.10876086139575875,2.1862542878640605, 48.58702694481289, 36.26562293876285, 0.1528804156279332, 273.1021754430113, 41.444348160707605,287856.62080007565,      0.0,287856.62080007565,   1.0
   0.03942549462235689, -0.10103600137633297,3.4274509115115834, 49.13399283508237, 36.94140420196752, 0.1522479302635338,273.43898823170724,  40.89580958524247,287869.54804751184,      0.0,287869.54804751184,   1.0
   0.03942649462235689, -0.10103600137633297,3.4274509115115834, 49.13399283508237, 36.94140420196752, 0.1522479302635338,273.43898823170724,  40.89580958524247,287869.54800261813,      0.0,287869.54800261813,   1.0
   0.03942549462235689, -0.10103500137633296,3.4274509115115834, 49.13399283508237, 36.94140420196752, 0.1522479302635338,273.43898823170724,  40.89580958524247, 287869.5473274454,      0.0, 287869.5473274454,   1.0
   0.03942549462235689, -0.10103600137633297,3.4274519115115836, 49.13399283508237, 36.94140420196752, 0.1522479302635338,273.43898823170724,  40.89580958524247,287869.54805625847,      0.0,287869.54805625847,   1.0
   0.03942549462235689, -0.10103600137633297,3.4274509115115834,49.133993835082364, 36.94140420196752, 0.1522479302635338,273.43898823170724,  40.89580958524247, 287869.5480406301,      0.0, 287869.5480406301,   1.0
   0.03942549462235689, -0.10103600137633297,3.4274509115115834, 49.13399283508237, 36.94140520196752, 0.1522479302635338,273.43898823170724,  40.89580958524247, 287869.5480576645,      0.0, 287869.5480576645,   1.0
   0.03942549462235689, -0.10103600137633297,3.4274509115115834, 49.13399283508237, 36.94140420196752, 0.1522489302635338,273.43898823170724,  40.89580958524247,287869.54900717613,      0.0,287869.54900717613,   1.0
   0.03942549462235689, -0.10103600137633297,3.4274509115115834, 49.13399283508237, 36.94140420196752, 0.1522479302635338,273.43898923170724,  40.89580958524247, 287869.5480453957,      0.0, 287869.5480453957,   1.0
   0.03942549462235689, -0.10103600137633297,3.4274509115115834, 49.13399283508237, 36.94140420196752, 0.1522479302635338,273.43898823170724, 40.895810585242465,287869.54804458946,      0.0,287869.54804458946,   1.0
  0.035630539152761855, -0.09185309925104372, 5.758622047036555, 50.18935263496545,  38.2609372381156, 0.1560646099403431,274.08126814237585,  40.06317250445428, 287887.9964264134,      0.0, 287887.9964264134,   1.0
  0.035631539152761856, -0.09185309925104372, 5.758622047036555, 50.18935263496545,  38.2609372381156, 0.1560646099403431,274.08126814237585,  40.06317250445428, 287887.9964015397,      0.0, 287887.9964015397,   1.0
  0.035630539152761855, -0.09185209925104372, 5.758622047036555, 50.18935263496545,  38.2609372381156, 0.1560646099403431,274.08126814237585,  40.06317250445428,287887.99542569707,      0.0,287887.99542569707,   1.0
  0.035630539152761855, -0.09185309925104372, 5.758623047036555, 50.18935263496545,  38.2609372381156, 0.1560646099403431,274.08126814237585,  40.06317250445428,287887.99643411255,      0.0,287887.99643411255,   1.0
  0.035630539152761855, -0.09185309925104372, 5.758622047036555, 50.18935363496545,  38.2609372381156, 0.1560646099403431,274.08126814237585,  40.06317250445428,287887.99641666136,      0.0,287887.99641666136,   1.0
  0.035630539152761855, -0.09185309925104372, 5.758622047036555, 50.18935263496545,  38.2609382381156, 0.1560646099403431,274.08126814237585,  40.06317250445428, 287887.9964330156,      0.0, 287887.9964330156,   1.0
  0.035630539152761855, -0.09185309925104372, 5.758622047036555, 50.18935263496545,  38.2609372381156, 0.1560656099403431,274.08126814237585,  40.06317250445428, 287887.9978280273,      0.0, 287887.9978280273,   1.0
  0.035630539152761855, -0.09185309925104372, 5.758622047036555, 50.18935263496545,  38.2609372381156, 0.1560646099403431,274.08126914237585,  40.06317250445428, 287887.9964232944,      0.0, 287887.9964232944,   1.0
  0.035630539152761855, -0.09185309925104372, 5.758622047036555, 50.18935263496545,  38.2609372381156, 0.1560646099403431,274.08126814237585,  40.06317350445428, 287887.9964247817,      0.0, 287887.9964247817,   1.0
  0.044300095138924654, -0.09129919403559904, 8.671397280052803,51.478273219870665, 39.85712399471702, 0.1624605842348965, 274.8734757486731,  38.81566580397776,287905.46389727073,      0.0,287905.46389727073,   1.0
  0.044301095138924655, -0.09129919403559904, 8.671397280052803,51.478273219870665, 39.85712399471702, 0.1624605842348965, 274.8734757486731,  38.81566580397776, 287905.4635528804,      0.0, 287905.4635528804,   1.0
  0.044300095138924654, -0.09129819403559904, 8.671397280052803,51.478273219870665, 39.85712399471702, 0.1624605842348965, 274.8734757486731,  38.81566580397776,287905.46304567193,      0.0,287905.46304567193,   1.0
  0.044300095138924654, -0.09129919403559904, 8.671398280052802,51.478273219870665, 39.85712399471702, 0.1624605842348965, 274.8734757486731,  38.81566580397776, 287905.4639031888,      0.0, 287905.4639031888,   1.0
  0.044300095138924654, -0.09129919403559904, 8.671397280052803, 51.47827421987066, 39.85712399471702, 0.1624605842348965, 274.8734757486731,  38.81566580397776, 287905.4638868524,      0.0, 287905.4638868524,   1.0
  0.044300095138924654, -0.09129919403559904, 8.671397280052803,51.478273219870665, 39.85712499471702, 0.1624605842348965, 274.8734757486731,  38.81566580397776,287905.46389817283,      0.0,287905.46389817283,   1.0
  0.044300095138924654, -0.09129919403559904, 8.671397280052803,51.478273219870665, 39.85712399471702, 0.1624615842348965, 274.8734757486731,  38.81566580397776, 287905.4653086997,      0.0, 287905.4653086997,   1.0
  0.044300095138924654, -0.09129919403559904, 8.671397280052803,51.478273219870665, 39.85712399471702, 0.1624605842348965, 274.8734767486731,  38.81566580397776,287905.46389369975,      0.0,287905.46389369975,   1.0
  0.044300095138924654, -0.09129919403559904, 8.671397280052803,51.478273219870665, 39.85712399471702, 0.1624605842348965, 274.8734757486731, 38.815666803977756,287905.46389824897,      0.0,287905.46389824897,   1.0
  0.012955458164392187, -0.05938343599440597, 12.40534096488334, 53.42931013385872, 42.43827512356946, 0.1931994311433421,275.99213875623195,  39.32233641999689, 287833.4714100849,      0.0, 287833.4714100849,   1.0
  0.012956458164392186, -0.05938343599440597, 12.40534096488334, 53.42931013385872, 42.43827512356946, 0.1931994311433421,275.99213875623195,  39.32233641999689, 287833.4742609937,      0.0, 287833.4742609937,   1.0
  0.012955458164392187, -0.05938243599440597, 12.40534096488334, 53.42931013385872, 42.43827512356946, 0.1931994311433421,275.99213875623195,  39.32233641999689,287833.47137364116,      0.0,287833.47137364116,   1.0
  0.012955458164392187, -0.05938343599440597, 12.40534196488334, 53.42931013385872, 42.43827512356946, 0.1931994311433421,275.99213875623195,  39.32233641999689, 287833.4714072616,      0.0, 287833.4714072616,   1.0
  0.012955458164392187, -0.05938343599440597, 12.40534096488334, 53.42931113385872, 42.43827512356946, 0.1931994311433421,275.99213875623195,  39.32233641999689, 287833.4714126762,      0.0, 287833.4714126762,   1.0
  0.012955458164392187, -0.05938343599440597, 12.40534096488334, 53.42931013385872, 42.43827612356946, 0.1931994311433421,275.99213875623195,  39.32233641999689, 287833.4714020073,      0.0, 287833.4714020073,   1.0
  0.012955458164392187, -0.05938343599440597, 12.40534096488334, 53.42931013385872, 42.43827512356946, 0.1932004311433421,275.99213875623195,  39.32233641999689, 287833.4691645431,      0.0, 287833.4691645431,   1.0
  0.012955458164392187, -0.05938343599440597, 12.40534096488334, 53.42931013385872, 42.43827512356946, 0.1931994311433421,275.99213975623195,  39.32233641999689,287833.47141215496,      0.0,287833.47141215496,   1.0
  0.012955458164392187, -0.05938343599440597, 12.40534096488334, 53.42931013385872, 42.43827512356946, 0.1931994311433421,275.99213875623195, 39.322337419996884,287833.47141385707,      0.0,287833.47141385707,   1.0
   0.03977210159230225, -0.08668869730011276, 9.210796505575859,51.760116731503544, 40.22999274619744,0.16690106636729907, 275.0350759255451,  38.88885858912508,   287907.57021446,      0.0,   287907.57021446,   1.0
  0.039773101592302254, -0.08668869730011276, 9.210796505575859,51.760116731503544, 40.22999274619744,0.16690106636729907, 275.0350759255451,  38.88885858912508, 287907.5701964247,      0.0, 287907.5701964247,   1.0
   0.03977210159230225, -0.08668769730011276, 9.210796505575859,51.760116731503544, 40.22999274619744,0.16690106636729907, 275.0350759255451,  38.88885858912508, 287907.5694161605,      0.0, 287907.5694161605,   1.0
   0.03977210159230225, -0.08668869730011276, 9.210797505575858,51.760116731503544, 40.22999274619744,0.16690106636729907, 275.0350759255451,  38.88885858912508,287907.57021953864,      0.0,287907.57021953864,   1.0
   0.03977210159230225, -0.08668869730011276, 9.210796505575859, 51.76011773150354, 40.22999274619744,0.16690106636729907, 275.0350759255451,  38.88885858912508, 287907.5702061843,      0.0, 287907.5702061843,   1.0
   0.03977210159230225, -0.08668869730011276, 9.210796505575859,51.760116731503544, 40.22999374619744,0.16690106636729907, 275.0350759255451,  38.88885858912508,287907.57021452487,      0.0,287907.57021452487,   1.0
   0.03977210159230225, -0.08668869730011276, 9.210796505575859,51.760116731503544, 40.22999274619744,0.16690206636729907, 275.0350759255451,  38.88885858912508,287907.57105585356,      0.0,287907.57105585356,   1.0
   0.03977210159230225, -0.08668869730011276, 9.210796505575859,51.760116731503544, 40.22999274619744,0.16690106636729907,275.03507692554507,  38.88885858912508,287907.57021165837,      0.0,287907.57021165837,   1.0
   0.03977210159230225, -0.08668869730011276, 9.210796505575859,51.760116731503544, 40.22999274619744,0.16690106636729907, 275.0350759255451, 38.888859589125076,287907.57021545776,      0.0,287907.57021545776,   1.0
   0.04670956574336986,   -0.091627930852157,  9.68319158553228,  51.9968144655114,40.538627456981025,0.17066881338291506,275.17308832845725, 38.882165357853076,287912.07454879396,      0.0,287912.07454879396,   1.0
   0.04671056574336986,   -0.091627930852157,  9.68319158553228,  51.9968144655114,40.538627456981025,0.17066881338291506,275.17308832845725, 38.882165357853076,287912.07430262247,      0.0,287912.07430262247,   1.0
   0.04670956574336986,   -0.091626930852157,  9.68319158553228,  51.9968144655114,40.538627456981025,0.17066881338291506,275.17308832845725, 38.882165357853076, 287912.0740490178,      0.0, 287912.0740490178,   1.0
   0.04670956574336986,   -0.091627930852157, 9.683192585532279,  51.9968144655114,40.538627456981025,0.17066881338291506,275.17308832845725, 38.882165357853076,287912.07455340866,      0.0,287912.07455340866,   1.0
   0.04670956574336986,   -0.091627930852157,  9.68319158553228,51.996815465511396,40.538627456981025,0.17066881338291506,275.17308832845725, 38.882165357853076,287912.07454258204,      0.0,287912.07454258204,   1.0
   0.04670956574336986,   -0.091627930852157,  9.68319158553228,  51.9968144655114, 40.53862845698102,0.17066881338291506,275.17308832845725, 38.882165357853076,287912.07454743254,      0.0,287912.07454743254,   1.0
   0.04670956574336986,   -0.091627930852157,  9.68319158553228,  51.9968144655114,40.538627456981025,0.17066981338291506,275.17308832845725, 38.882165357853076,287912.07485911343,      0.0,287912.07485911343,   1.0
   0.04670956574336986,   -0.091627930852157,  9.68319158553228,  51.9968144655114,40.538627456981025,0.17066881338291506,275.17308932845725, 38.882165357853076,287912.07454670646,      0.0,287912.07454670646,   1.0
   0.04670956574336986,   -0.091627930852157,  9.68319158553228,  51.9968144655114,40.538627456981025,0.17066881338291506,275.17308832845725,  38.88216635785307, 287912.0745498469,      0.0, 287912.0745498469,   1.0
   0.04846718411342005, -0.09470175756810414, 9.599588783862433, 51.96766799211669,40.507128084307574,0.17183615437886113, 275.1530434584882,  38.97441680823679, 287912.8045988749,      0.0, 287912.8045988749,   1.0
   0.04846818411342005, -0.09470175756810414, 9.599588783862433, 51.96766799211669,40.507128084307574,0.17183615437886113, 275.1530434584882,  38.97441680823679,287912.80462126137,      0.0,287912.80462126137,   1.0
   0.04846718411342005, -0.09470075756810414, 9.599588783862433, 51.96766799211669,40.507128084307574,0.17183615437886113, 275.1530434584882,  38.97441680823679,  287912.804633162,      0.0,  287912.804633162,   1.0
   0.04846718411342005, -0.09470175756810414, 9.599589783862433, 51.96766799211669,40.507128084307574,0.17183615437886113, 275.1530434584882,  38.97441680823679,287912.80460234894,      0.0,287912.80460234894,   1.0
   0.04846718411342005, -0.09470175756810414, 9.599588783862433,51.967668992116685,40.507128084307574,0.17183615437886113, 275.1530434584882,  38.97441680823679, 287912.8045937259,      0.0, 287912.8045937259,   1.0
   0.04846718411342005, -0.09470175756810414, 9.599588783862433, 51.96766799211669, 40.50712908430757,0.17183615437886113, 275.1530434584882,  38.97441680823679, 287912.8045976089,      0.0, 287912.8045976089,   1.0
   0.04846718411342005, -0.09470175756810414, 9.599588783862433, 51.96766799211669,40.507128084307574,0.17183715437886113, 275.1530434584882,  38.97441680823679,287912.80465542513,      0.0,287912.80465542513,   1.0
   0.04846718411342005, -0.09470175756810414, 9.599588783862433, 51.96766799211669,40.507128084307574,0.17183615437886113, 275.1530444584882,  38.97441680823679,   287912.80459718,      0.0,   287912.80459718,   1.0
   0.04846718411342005, -0.09470175756810414, 9.599588783862433, 51.96766799211669,40.507128084307574,0.17183615437886113, 275.1530434584882,  38.97441780823679, 287912.8045997922,      0.0, 287912.8045997922,   1.0
   0.04848398264837669, -0.09474033116735255, 9.530059482462374, 51.93379144354298, 40.46353701921194,0.17196286825050922, 275.1330554521877, 38.982665039147854, 287912.8217637963,      0.0, 287912.8217637963,   1.0
   0.04848498264837669, -0.09474033116735255, 9.530059482462374, 51.93379144354298, 40.46353701921194,0.17196286825050922, 275.1330554521877, 38.982665039147854,287912.82173793827,      0.0,287912.82173793827,   1.0
   0.04848398264837669, -0.09473933116735254, 9.530059482462374, 51.93379144354298, 40.46353701921194,0.17196286825050922, 275.1330554521877, 38.982665039147854, 287912.8217448264,      0.0, 287912.8217448264,   1.0
   0.04848398264837669, -0.09474033116735255, 9.530060482462373, 51.93379144354298, 40.46353701921194,0.17196286825050922, 275.1330554521877, 38.982665039147854,287912.82176746667,      0.0,287912.82176746667,   1.0
   0.04848398264837669, -0.09474033116735255, 9.530059482462374, 51.93379244354298, 40.46353701921194,0.17196286825050922, 275.1330554521877, 38.982665039147854,287912.82175891194,      0.0,287912.82175891194,   1.0
   0.04848398264837669, -0.09474033116735255, 9.530059482462374, 51.93379144354298, 40.46353801921194,0.17196286825050922, 275.1330554521877, 38.982665039147854,287912.82176267996,      0.0,287912.82176267996,   1.0
   0.04848398264837669, -0.09474033116735255, 9.530059482462374, 51.93379144354298, 40.46353701921194,0.17196386825050922, 275.1330554521877, 38.982665039147854,287912.82176060136,      0.0,287912.82176060136,   1.0
   0.04848398264837669, -0.09474033116735255, 9.530059482462374, 51.93379144354298, 40.46353701921194,0.17196286825050922, 275.1330564521877, 38.982665039147854, 287912.8217621974,      0.0, 287912.8217621974,   1.0
   0.04848398264837669, -0.09474033116735255, 9.530059482462374, 51.93379144354298, 40.46353701921194,0.17196286825050922, 275.1330554521877,  38.98266603914785,287912.82176474173,      0.0,287912.82176474173,   1.0
   0.04828599338401914,  -0.0946955041389299, 9.509352984508734,51.923079644059484,40.449466245884274,0.17189761973568682, 275.1268868185654, 38.980897120880364, 287912.8241902002,      0.0, 287912.8241902002,   1.0
   0.04828699338401914,  -0.0946955041389299, 9.509352984508734,51.923079644059484,40.449466245884274,0.17189761973568682, 275.1268868185654, 38.980897120880364,  287912.824191728,      0.0,  287912.824191728,   1.0
   0.04828599338401914,  -0.0946945041389299, 9.509352984508734,51.923079644059484,40.449466245884274,0.17189761973568682, 275.1268868185654, 38.980897120880364,287912.82419054024,      0.0,287912.82419054024,   1.0
   0.04828599338401914,  -0.0946955041389299, 9.509353984508733,51.923079644059484,40.449466245884274,0.17189761973568682, 275.1268868185654, 38.980897120880364,287912.82419381733,      0.0,287912.82419381733,   1.0
   0.04828599338401914,  -0.0946955041389299, 9.509352984508734, 51.92308064405948,40.449466245884274,0.17189761973568682, 275.1268868185654, 38.980897120880364,287912.82418531104,      0.0,287912.82418531104,   1.0
   0.04828599338401914,  -0.0946955041389299, 9.509352984508734,51.923079644059484, 40.44946724588427,0.17189761973568682, 275.1268868185654, 38.980897120880364, 287912.8241891462,      0.0, 287912.8241891462,   1.0
   0.04828599338401914,  -0.0946955041389299, 9.509352984508734,51.923079644059484,40.449466245884274,0.17189861973568682, 275.1268868185654, 38.980897120880364, 287912.8241902012,      0.0, 287912.8241902012,   1.0
   0.04828599338401914,  -0.0946955041389299, 9.509352984508734,51.923079644059484,40.449466245884274,0.17189761973568682, 275.1268878185654, 38.980897120880364, 287912.8241885988,      0.0, 287912.8241885988,   1.0
   0.04828599338401914,  -0.0946955041389299, 9.509352984508734,51.923079644059484,40.449466245884274,0.17189761973568682, 275.1268868185654,  38.98089812088036, 287912.8241911556,      0.0, 287912.8241911556,   1.0
  0.048286793095635216, -0.09469425235046532, 9.510645210664965,51.922588890795915, 40.44832287920627,0.17188628582997495, 275.1268693021089, 38.973140615839704, 287912.8249898459,      0.0, 287912.8249898459,   1.0
   0.04828779309563522, -0.09469425235046532, 9.510645210664965,51.922588890795915, 40.44832287920627,0.17188628582997495, 275.1268693021089, 38.973140615839704,287912.82499211875,      0.0,287912.82499211875,   1.0
  0.048286793095635216, -0.09469325235046532, 9.510645210664965,51.922588890795915, 40.44832287920627,0.17188628582997495, 275.1268693021089, 38.973140615839704,287912.82499082567,      0.0,287912.82499082567,   1.0
  0.048286793095635216, -0.09469425235046532, 9.510646210664964,51.922588890795915, 40.44832287920627,0.17188628582997495, 275.1268693021089, 38.973140615839704, 287912.8249934611,      0.0, 287912.8249934611,   1.0
  0.048286793095635216, -0.09469425235046532, 9.510645210664965, 51.92258989079591, 40.44832287920627,0.17188628582997495, 275.1268693021089, 38.973140615839704, 287912.8249849543,      0.0, 287912.8249849543,   1.0
  0.048286793095635216, -0.09469425235046532, 9.510645210664965,51.922588890795915, 40.44832387920627,0.17188628582997495, 275.1268693021089, 38.973140615839704,287912.82498879696,      0.0,287912.82498879696,   1.0
  0.048286793095635216, -0.09469425235046532, 9.510645210664965,51.922588890795915, 40.44832287920627,0.17188728582997495, 275.1268693021089, 38.973140615839704, 287912.8249906105,      0.0, 287912.8249906105,   1.0
  0.048286793095635216, -0.09469425235046532, 9.510645210664965,51.922588890795915, 40.44832287920627,0.17188628582997495, 275.1268703021089, 38.973140615839704,287912.82498824317,      0.0,287912.82498824317,   1.0
  0.048286793095635216, -0.09469425235046532, 9.510645210664965,51.922588890795915, 40.44832287920627,0.17188628582997495, 275.1268693021089,   38.9731416158397, 287912.8249908245,      0.0, 287912.8249908245,   1.0
  0.048295085048390814, -0.09467415012861313, 9.522141352705166, 51.92312446209642, 40.44785853525928,0.17186389602484659,275.12836823840684, 38.943913042773154,287912.83211209124,      0.0,287912.83211209124,   1.0
  0.048296085048390815, -0.09467415012861313, 9.522141352705166, 51.92312446209642, 40.44785853525928,0.17186389602484659,275.12836823840684, 38.943913042773154, 287912.8321162923,      0.0, 287912.8321162923,   1.0
  0.048295085048390814, -0.09467315012861313, 9.522141352705166, 51.92312446209642, 40.44785853525928,0.17186389602484659,275.12836823840684, 38.943913042773154,287912.83211441105,      0.0,287912.83211441105,   1.0
  0.048295085048390814, -0.09467415012861313, 9.522142352705165, 51.92312446209642, 40.44785853525928,0.17186389602484659,275.12836823840684, 38.943913042773154, 287912.8321156977,      0.0, 287912.8321156977,   1.0
  0.048295085048390814, -0.09467415012861313, 9.522141352705166,51.923125462096415, 40.44785853525928,0.17186389602484659,275.12836823840684, 38.943913042773154,287912.83210719447,      0.0,287912.83210719447,   1.0
  0.048295085048390814, -0.09467415012861313, 9.522141352705166, 51.92312446209642,40.447859535259276,0.17186389602484659,275.12836823840684, 38.943913042773154,287912.83211104793,      0.0,287912.83211104793,   1.0
  0.048295085048390814, -0.09467415012861313, 9.522141352705166, 51.92312446209642, 40.44785853525928, 0.1718648960248466,275.12836823840684, 38.943913042773154, 287912.8321144131,      0.0, 287912.8321144131,   1.0
  0.048295085048390814, -0.09467415012861313, 9.522141352705166, 51.92312446209642, 40.44785853525928,0.17186389602484659,275.12836923840683, 38.943913042773154, 287912.8321104849,      0.0, 287912.8321104849,   1.0
  0.048295085048390814, -0.09467415012861313, 9.522141352705166, 51.92312446209642, 40.44785853525928,0.17186389602484659,275.12836823840684,  38.94391404277315,287912.83211315697,      0.0,287912.83211315697,   1.0
   0.04829999059669399,   -0.094609577520186, 9.553710324721779,51.923052989646735,40.448738455698134,0.17181802537958257,275.13175241530206,  38.88036825381017, 287912.8659174544,      0.0, 287912.8659174544,   1.0
   0.04830099059669399,   -0.094609577520186, 9.553710324721779,51.923052989646735,40.448738455698134,0.17181802537958257,275.13175241530206,  38.88036825381017, 287912.8659287411,      0.0, 287912.8659287411,   1.0
   0.04829999059669399,   -0.094608577520186, 9.553710324721779,51.923052989646735,40.448738455698134,0.17181802537958257,275.13175241530206,  38.88036825381017, 287912.8659247367,      0.0, 287912.8659247367,   1.0
   0.04829999059669399,   -0.094609577520186, 9.553711324721778,51.923052989646735,40.448738455698134,0.17181802537958257,275.13175241530206,  38.88036825381017,287912.86592103064,      0.0,287912.86592103064,   1.0
   0.04829999059669399,   -0.094609577520186, 9.553710324721779, 51.92305398964673,40.448738455698134,0.17181802537958257,275.13175241530206,  38.88036825381017, 287912.8659125514,      0.0, 287912.8659125514,   1.0
   0.04829999059669399,   -0.094609577520186, 9.553710324721779,51.923052989646735, 40.44873945569813,0.17181802537958257,275.13175241530206,  38.88036825381017, 287912.8659164186,      0.0, 287912.8659164186,   1.0
   0.04829999059669399,   -0.094609577520186, 9.553710324721779,51.923052989646735,40.448738455698134,0.17181902537958257,275.13175241530206,  38.88036825381017, 287912.8659220632,      0.0, 287912.8659220632,   1.0
   0.04829999059669399,   -0.094609577520186, 9.553710324721779,51.923052989646735,40.448738455698134,0.17181802537958257,275.13175341530206,  38.88036825381017, 287912.8659158419,      0.0, 287912.8659158419,   1.0
   0.04829999059669399,   -0.094609577520186, 9.553710324721779,51.923052989646735,40.448738455698134,0.17181802537958257,275.13175241530206, 38.880369253810166,287912.86591871013,      0.0,287912.86591871013,   1.0
   0.04840192774126224, -0.09454183083267056, 9.614650913661254, 51.90617563020145,40.438733821578786,0.17163904153338508, 275.1317653946548,  38.74226754720601,287912.97420333285,      0.0,287912.97420333285,   1.0
  0.048402927741262244, -0.09454183083267056, 9.614650913661254, 51.90617563020145,40.438733821578786,0.17163904153338508, 275.1317653946548,  38.74226754720601, 287912.9742199988,      0.0, 287912.9742199988,   1.0
   0.04840192774126224, -0.09454083083267056, 9.614650913661254, 51.90617563020145,40.438733821578786,0.17163904153338508, 275.1317653946548,  38.74226754720601,287912.97421642026,      0.0,287912.97421642026,   1.0
   0.04840192774126224, -0.09454183083267056, 9.614651913661254, 51.90617563020145,40.438733821578786,0.17163904153338508, 275.1317653946548,  38.74226754720601,   287912.97420687,      0.0,   287912.97420687,   1.0
   0.04840192774126224, -0.09454183083267056, 9.614650913661254, 51.90617663020145,40.438733821578786,0.17163904153338508, 275.1317653946548,  38.74226754720601,287912.97419843194,      0.0,287912.97419843194,   1.0
   0.04840192774126224, -0.09454183083267056, 9.614650913661254, 51.90617563020145,40.438734821578784,0.17163904153338508, 275.1317653946548,  38.74226754720601,287912.97420234955,      0.0,287912.97420234955,   1.0
   0.04840192774126224, -0.09454183083267056, 9.614650913661254, 51.90617563020145,40.438733821578786,0.17164004153338508, 275.1317653946548,  38.74226754720601,287912.97421119374,      0.0,287912.97421119374,   1.0
   0.04840192774126224, -0.09454183083267056, 9.614650913661254, 51.90617563020145,40.438733821578786,0.17163904153338508, 275.1317663946548,  38.74226754720601,287912.97420171264,      0.0,287912.97420171264,   1.0
   0.04840192774126224, -0.09454183083267056, 9.614650913661254, 51.90617563020145,40.438733821578786,0.17163904153338508, 275.1317653946548,  38.74226854720601, 287912.9742050072,      0.0, 287912.9742050072,   1.0
   0.04791016704712597, -0.09357190738149766, 9.907377216866278, 51.95254524554977, 40.54487317167159, 0.1718726963237799,275.17882242530885, 38.561538396574356,287913.18761148764,      0.0,287913.18761148764,   1.0
  0.047911167047125974, -0.09357190738149766, 9.907377216866278, 51.95254524554977, 40.54487317167159, 0.1718726963237799,275.17882242530885, 38.561538396574356,287913.18772431335,      0.0,287913.18772431335,   1.0
   0.04791016704712597, -0.09357090738149766, 9.907377216866278, 51.95254524554977, 40.54487317167159, 0.1718726963237799,275.17882242530885, 38.561538396574356, 287913.1876762783,      0.0, 287913.1876762783,   1.0
   0.04791016704712597, -0.09357190738149766, 9.907378216866277, 51.95254524554977, 40.54487317167159, 0.1718726963237799,275.17882242530885, 38.561538396574356, 287913.1876146445,      0.0, 287913.1876146445,   1.0
   0.04791016704712597, -0.09357190738149766, 9.907377216866278, 51.95254624554977, 40.54487317167159, 0.1718726963237799,275.17882242530885, 38.561538396574356, 287913.1876065765,      0.0, 287913.1876065765,   1.0
   0.04791016704712597, -0.09357190738149766, 9.907377216866278, 51.95254524554977, 40.54487417167159, 0.1718726963237799,275.17882242530885, 38.561538396574356, 287913.1876102065,      0.0, 287913.1876102065,   1.0
   0.04791016704712597, -0.09357190738149766, 9.907377216866278, 51.95254524554977, 40.54487317167159, 0.1718736963237799,275.17882242530885, 38.561538396574356, 287913.1876170861,      0.0, 287913.1876170861,   1.0
   0.04791016704712597, -0.09357190738149766, 9.907377216866278, 51.95254524554977, 40.54487317167159, 0.1718726963237799,275.17882342530885, 38.561538396574356, 287913.1876098512,      0.0, 287913.1876098512,   1.0
   0.04791016704712597, -0.09357190738149766, 9.907377216866278, 51.95254524554977, 40.54487317167159, 0.1718726963237799,275.17882242530885, 38.561539396574354, 287913.1876136882,      0.0, 287913.1876136882,   1.0
   0.04821672555740837, -0.09349946514927902,10.029007125026121, 51.87265694979483,40.518457085180536,0.17141525071975633,  275.159795538817,  38.38792049335168,287913.62950416515,      0.0,287913.62950416515,   1.0
   0.04821772555740837, -0.09349946514927902,10.029007125026121, 51.87265694979483,40.518457085180536,0.17141525071975633,  275.159795538817,  38.38792049335168,287913.62961555645,      0.0,287913.62961555645,   1.0
   0.04821672555740837, -0.09349846514927902,10.029007125026121, 51.87265694979483,40.518457085180536,0.17141525071975633,  275.159795538817,  38.38792049335168,287913.62957526103,      0.0,287913.62957526103,   1.0
   0.04821672555740837, -0.09349946514927902, 10.02900812502612, 51.87265694979483,40.518457085180536,0.17141525071975633,  275.159795538817,  38.38792049335168, 287913.6295072568,      0.0, 287913.6295072568,   1.0
   0.04821672555740837, -0.09349946514927902,10.029007125026121, 51.87265794979483,40.518457085180536,0.17141525071975633,  275.159795538817,  38.38792049335168,287913.62949932175,      0.0,287913.62949932175,   1.0
   0.04821672555740837, -0.09349946514927902,10.029007125026121, 51.87265694979483,40.518458085180534,0.17141525071975633,  275.159795538817,  38.38792049335168, 287913.6295029954,      0.0, 287913.6295029954,   1.0
   0.04821672555740837, -0.09349946514927902,10.029007125026121, 51.87265694979483,40.518457085180536,0.17141625071975633,  275.159795538817,  38.38792049335168,  287913.629505094,      0.0,  287913.629505094,   1.0
   0.04821672555740837, -0.09349946514927902,10.029007125026121, 51.87265694979483,40.518457085180536,0.17141525071975633,  275.159796538817,  38.38792049335168, 287913.6295025415,      0.0, 287913.6295025415,   1.0
   0.04821672555740837, -0.09349946514927902,10.029007125026121, 51.87265694979483,40.518457085180536,0.17141525071975633,  275.159795538817, 38.387921493351676,287913.62950690725,      0.0,287913.62950690725,   1.0
   0.03168045204070653,  -0.0630880438748386,14.246430165306194, 52.15325436711151, 42.16945106120526,0.19923383000296394, 275.6711533189284,  37.63559903093079,287824.45238346554,      0.0,287824.45238346554,   1.0
  0.031681452040706534,  -0.0630880438748386,14.246430165306194, 52.15325436711151, 42.16945106120526,0.19923383000296394, 275.6711533189284,  37.63559903093079, 287824.4525256756,      0.0, 287824.4525256756,   1.0
   0.03168045204070653,  -0.0630870438748386,14.246430165306194, 52.15325436711151, 42.16945106120526,0.19923383000296394, 275.6711533189284,  37.63559903093079, 287824.4502886224,      0.0, 287824.4502886224,   1.0
   0.03168045204070653,  -0.0630880438748386,14.246431165306193, 52.15325436711151, 42.16945106120526,0.19923383000296394, 275.6711533189284,  37.63559903093079,287824.45238700067,      0.0,287824.45238700067,   1.0
   0.03168045204070653,  -0.0630880438748386,14.246430165306194,52.153255367111505, 42.16945106120526,0.19923383000296394, 275.6711533189284,  37.63559903093079,287824.45239785407,      0.0,287824.45239785407,   1.0
   0.03168045204070653,  -0.0630880438748386,14.246430165306194, 52.15325436711151,42.169452061205256,0.19923383000296394, 275.6711533189284,  37.63559903093079,287824.45237774536,      0.0,287824.45237774536,   1.0
   0.03168045204070653,  -0.0630880438748386,14.246430165306194, 52.15325436711151, 42.16945106120526,0.19923483000296394, 275.6711533189284,  37.63559903093079, 287824.4479735991,      0.0, 287824.4479735991,   1.0
   0.03168045204070653,  -0.0630880438748386,14.246430165306194, 52.15325436711151, 42.16945106120526,0.19923383000296394, 275.6711543189284,  37.63559903093079,287824.45238888514,      0.0,287824.45238888514,   1.0
   0.03168045204070653,  -0.0630880438748386,14.246430165306194, 52.15325436711151, 42.16945106120526,0.19923383000296394, 275.6711533189284,  37.63560003093079,287824.45239431097,      0.0,287824.45239431097,   1.0
   0.04760455293797201, -0.09237363474960926,10.185136068299338,51.883044662346414, 40.57957685959379,0.17244509414437065, 275.1787259968433,  38.36006956310169, 287913.7635793593,      0.0, 287913.7635793593,   1.0
   0.04760555293797201, -0.09237363474960926,10.185136068299338,51.883044662346414, 40.57957685959379,0.17244509414437065, 275.1787259968433,  38.36006956310169, 287913.7636618958,      0.0, 287913.7636618958,   1.0
   0.04760455293797201, -0.09237263474960926,10.185136068299338,51.883044662346414, 40.57957685959379,0.17244509414437065, 275.1787259968433,  38.36006956310169,287913.76355141995,      0.0,287913.76355141995,   1.0
   0.04760455293797201, -0.09237363474960926,10.185137068299337,51.883044662346414, 40.57957685959379,0.17244509414437065, 275.1787259968433,  38.36006956310169,287913.76358255366,      0.0,287913.76358255366,   1.0
   0.04760455293797201, -0.09237363474960926,10.185136068299338, 51.88304566234641, 40.57957685959379,0.17244509414437065, 275.1787259968433,  38.36006956310169,287913.76357525267,      0.0,287913.76357525267,   1.0
   0.04760455293797201, -0.09237363474960926,10.185136068299338,51.883044662346414, 40.57957785959379,0.17244509414437065, 275.1787259968433,  38.36006956310169, 287913.7635780376,      0.0, 287913.7635780376,   1.0
   0.04760455293797201, -0.09237363474960926,10.185136068299338,51.883044662346414, 40.57957685959379,0.17244609414437065, 275.1787259968433,  38.36006956310169,287913.76340018853,      0.0,287913.76340018853,   1.0
   0.04760455293797201, -0.09237363474960926,10.185136068299338,51.883044662346414, 40.57957685959379,0.17244509414437065, 275.1787269968433,  38.36006956310169,287913.76357799757,      0.0,287913.76357799757,   1.0
   0.04760455293797201, -0.09237363474960926,10.185136068299338,51.883044662346414, 40.57957685959379,0.17244509414437065, 275.1787259968433,  38.36007056310169, 287913.7635822998,      0.0, 287913.7635822998,   1.0
   0.04918905014158259, -0.09208252707961934,10.797600547398105, 51.38295890937813,40.449815836550535, 0.1696311779370177,   275.04191012889, 37.797160989475884, 287916.3671709787,      0.0, 287916.3671709787,   1.0
   0.04919005014158259, -0.09208252707961934,10.797600547398105, 51.38295890937813,40.449815836550535, 0.1696311779370177,   275.04191012889, 37.797160989475884, 287916.3672507435,      0.0, 287916.3672507435,   1.0
   0.04918905014158259, -0.09208152707961934,10.797600547398105, 51.38295890937813,40.449815836550535, 0.1696311779370177,   275.04191012889, 37.797160989475884,287916.36718902463,      0.0,287916.36718902463,   1.0
   0.04918905014158259, -0.09208252707961934,10.797601547398104, 51.38295890937813,40.449815836550535, 0.1696311779370177,   275.04191012889, 37.797160989475884,287916.36717376154,      0.0,287916.36717376154,   1.0
   0.04918905014158259, -0.09208252707961934,10.797600547398105, 51.38295990937813,40.449815836550535, 0.1696311779370177,   275.04191012889, 37.797160989475884, 287916.3671671193,      0.0, 287916.3671671193,   1.0
   0.04918905014158259, -0.09208252707961934,10.797600547398105, 51.38295890937813, 40.44981683655053, 0.1696311779370177,   275.04191012889, 37.797160989475884, 287916.3671701716,      0.0, 287916.3671701716,   1.0
   0.04918905014158259, -0.09208252707961934,10.797600547398105, 51.38295890937813,40.449815836550535, 0.1696321779370177,   275.04191012889, 37.797160989475884, 287916.3670081186,      0.0, 287916.3670081186,   1.0
   0.04918905014158259, -0.09208252707961934,10.797600547398105, 51.38295890937813,40.449815836550535, 0.1696311779370177,   275.04191112889, 37.797160989475884, 287916.3671696546,      0.0, 287916.3671696546,   1.0
   0.04918905014158259, -0.09208252707961934,10.797600547398105, 51.38295890937813,40.449815836550535, 0.1696311779370177,   275.04191012889,  37.79716198947588, 287916.3671757023,      0.0, 287916.3671757023,   1.0
  0.011770613361762612,-0.022913874689230798,12.505891684496214, 49.46350422536511,39.794035314525296,0.12851118485758567,274.45308512532273,  36.15508738480466, 287507.2602373936,      0.0, 287507.2602373936,   1.0
  0.011771613361762611,-0.022913874689230798,12.505891684496214, 49.46350422536511,39.794035314525296,0.12851118485758567,274.45308512532273,  36.15508738480466,287507.25130540034,      0.0,287507.25130540034,   1.0
  0.011770613361762612,-0.022912874689230797,12.505891684496214, 49.46350422536511,39.794035314525296,0.12851118485758567,274.45308512532273,  36.15508738480466,  287507.246629866,      0.0,  287507.246629866,   1.0
  0.011770613361762612,-0.022913874689230798,12.505892684496214, 49.46350422536511,39.794035314525296,0.12851118485758567,274.45308512532273,  36.15508738480466,287507.26027066086,      0.0,287507.26027066086,   1.0
  0.011770613361762612,-0.022913874689230798,12.505891684496214,49.463505225365104,39.794035314525296,0.12851118485758567,274.45308512532273,  36.15508738480466,287507.26020479423,      0.0,287507.26020479423,   1.0
  0.011770613361762612,-0.022913874689230798,12.505891684496214, 49.46350422536511, 39.79403631452529,0.12851118485758567,274.45308512532273,  36.15508738480466,287507.26025910926,      0.0,287507.26025910926,   1.0
  0.011770613361762612,-0.022913874689230798,12.505891684496214, 49.46350422536511,39.794035314525296,0.12851218485758567,274.45308512532273,  36.15508738480466, 287507.2672197074,      0.0, 287507.2672197074,   1.0
  0.011770613361762612,-0.022913874689230798,12.505891684496214, 49.46350422536511,39.794035314525296,0.12851118485758567, 274.4530861253227,  36.15508738480466, 287507.2602276087,      0.0, 287507.2602276087,   1.0
  0.011770613361762612,-0.022913874689230798,12.505891684496214, 49.46350422536511,39.794035314525296,0.12851118485758567,274.45308512532273,  36.15508838480466,287507.26025478134,      0.0,287507.26025478134,   1.0
    0.0487316422319322, -0.09123700034397855,10.818482923716822, 51.35949524199274, 40.44179948889994,0.16912852171463255, 275.0347122543337,  37.77708806501289, 287916.4366296866,      0.0, 287916.4366296866,   1.0
    0.0487326422319322, -0.09123700034397855,10.818482923716822, 51.35949524199274, 40.44179948889994,0.16912852171463255, 275.0347122543337,  37.77708806501289, 287916.4366264468,      0.0, 287916.4366264468,   1.0
    0.0487316422319322, -0.09123600034397855,10.818482923716822, 51.35949524199274, 40.44179948889994,0.16912852171463255, 275.0347122543337,  37.77708806501289, 287916.4364873428,      0.0, 287916.4364873428,   1.0
    0.0487316422319322, -0.09123700034397855, 10.81848392371682, 51.35949524199274, 40.44179948889994,0.16912852171463255, 275.0347122543337,  37.77708806501289, 287916.4366328181,      0.0, 287916.4366328181,   1.0
    0.0487316422319322, -0.09123700034397855,10.818482923716822, 51.35949624199274, 40.44179948889994,0.16912852171463255, 275.0347122543337,  37.77708806501289, 287916.4366255061,      0.0, 287916.4366255061,   1.0
    0.0487316422319322, -0.09123700034397855,10.818482923716822, 51.35949524199274,40.441800488899936,0.16912852171463255, 275.0347122543337,  37.77708806501289,287916.43662889535,      0.0,287916.43662889535,   1.0
    0.0487316422319322, -0.09123700034397855,10.818482923716822, 51.35949524199274, 40.44179948889994,0.16912952171463255, 275.0347122543337,  37.77708806501289, 287916.4365457126,      0.0, 287916.4365457126,   1.0
    0.0487316422319322, -0.09123700034397855,10.818482923716822, 51.35949524199274, 40.44179948889994,0.16912852171463255, 275.0347132543337,  37.77708806501289,  287916.436628248,      0.0,  287916.436628248,   1.0
    0.0487316422319322, -0.09123700034397855,10.818482923716822, 51.35949524199274, 40.44179948889994,0.16912852171463255, 275.0347122543337,  37.77708906501289,287916.43663443107,      0.0,287916.43663443107,   1.0
  0.051308013844251044,  -0.0905330565350311,11.921992447219784, 50.28766631901487, 40.20442979489038,0.16365042635706276,274.71697165859774, 37.254483069191615, 287921.4592610044,      0.0, 287921.4592610044,   1.0
  0.051309013844251045,  -0.0905330565350311,11.921992447219784, 50.28766631901487, 40.20442979489038,0.16365042635706276,274.71697165859774, 37.254483069191615, 287921.4592636046,      0.0, 287921.4592636046,   1.0
  0.051308013844251044,  -0.0905320565350311,11.921992447219784, 50.28766631901487, 40.20442979489038,0.16365042635706276,274.71697165859774, 37.254483069191615,287921.45920808346,      0.0,287921.45920808346,   1.0
  0.051308013844251044,  -0.0905330565350311,11.921993447219783, 50.28766631901487, 40.20442979489038,0.16365042635706276,274.71697165859774, 37.254483069191615, 287921.4592632514,      0.0, 287921.4592632514,   1.0
  0.051308013844251044,  -0.0905330565350311,11.921992447219784,50.287667319014865, 40.20442979489038,0.16365042635706276,274.71697165859774, 37.254483069191615, 287921.4592576042,      0.0, 287921.4592576042,   1.0
  0.051308013844251044,  -0.0905330565350311,11.921992447219784, 50.28766631901487, 40.20443079489038,0.16365042635706276,274.71697165859774, 37.254483069191615, 287921.4592611541,      0.0, 287921.4592611541,   1.0
  0.051308013844251044,  -0.0905330565350311,11.921992447219784, 50.28766631901487, 40.20442979489038,0.16365142635706276,274.71697165859774, 37.254483069191615, 287921.4591709947,      0.0, 287921.4591709947,   1.0
  0.051308013844251044,  -0.0905330565350311,11.921992447219784, 50.28766631901487, 40.20442979489038,0.16365042635706276,274.71697265859774, 37.254483069191615,287921.45925976837,      0.0,287921.45925976837,   1.0
  0.051308013844251044,  -0.0905330565350311,11.921992447219784, 50.28766631901487, 40.20442979489038,0.16365042635706276,274.71697165859774,  37.25448406919161,287921.45926755754,      0.0,287921.45926755754,   1.0
 -0.033288210608989906,-0.041335336454336395, 16.93059514878227,46.561849897221535, 40.15468805544926,0.13585383500990175,273.70970364104534, 37.252263282361184, 287527.4544781623,      0.0, 287527.4544781623,   1.0
 -0.033287210608989905,-0.041335336454336395, 16.93059514878227,46.561849897221535, 40.15468805544926,0.13585383500990175,273.70970364104534, 37.252263282361184, 287527.4671305639,      0.0, 287527.4671305639,   1.0
 -0.033288210608989906,-0.041334336454336394, 16.93059514878227,46.561849897221535, 40.15468805544926,0.13585383500990175,273.70970364104534, 37.252263282361184,    287527.4643527,      0.0,    287527.4643527,   1.0
 -0.033288210608989906,-0.041335336454336395, 16.93059614878227,46.561849897221535, 40.15468805544926,0.13585383500990175,273.70970364104534, 37.252263282361184,287527.45444451243,      0.0,287527.45444451243,   1.0
 -0.033288210608989906,-0.041335336454336395, 16.93059514878227, 46.56185089722153, 40.15468805544926,0.13585383500990175,273.70970364104534, 37.252263282361184,287527.45447180327,      0.0,287527.45447180327,   1.0
 -0.033288210608989906,-0.041335336454336395, 16.93059514878227,46.561849897221535, 40.15468905544926,0.13585383500990175,273.70970364104534, 37.252263282361184, 287527.4544511041,      0.0, 287527.4544511041,   1.0
 -0.033288210608989906,-0.041335336454336395, 16.93059514878227,46.561849897221535, 40.15468805544926,0.13585483500990175,273.70970364104534, 37.252263282361184, 287527.4555122933,      0.0, 287527.4555122933,   1.0
 -0.033288210608989906,-0.041335336454336395, 16.93059514878227,46.561849897221535, 40.15468805544926,0.13585383500990175,273.70970464104533, 37.252263282361184, 287527.4544775225,      0.0, 287527.4544775225,   1.0
 -0.033288210608989906,-0.041335336454336395, 16.93059514878227,46.561849897221535, 40.15468805544926,0.13585383500990175,273.70970364104534,  37.25226428236118,  287527.454496266,      0.0,  287527.454496266,   1.0
   0.04908928380627208, -0.08924273347335059,12.053354542089652, 50.18994823686101, 40.20312520367307,0.16292139698756103,274.69055374430803,  37.25442485019011,287921.78875222476,      0.0,287921.78875222476,   1.0
   0.04909028380627208, -0.08924273347335059,12.053354542089652, 50.18994823686101, 40.20312520367307,0.16292139698756103,274.69055374430803,  37.25442485019011,  287921.789128553,      0.0,  287921.789128553,   1.0
   0.04908928380627208, -0.08924173347335058,12.053354542089652, 50.18994823686101, 40.20312520367307,0.16292139698756103,274.69055374430803,  37.25442485019011,287921.78896873136,      0.0,287921.78896873136,   1.0
   0.04908928380627208, -0.08924273347335059,12.053355542089651, 50.18994823686101, 40.20312520367307,0.16292139698756103,274.69055374430803,  37.25442485019011, 287921.7887534667,      0.0, 287921.7887534667,   1.0
   0.04908928380627208, -0.08924273347335059,12.053354542089652,50.189949236861004, 40.20312520367307,0.16292139698756103,274.69055374430803,  37.25442485019011,  287921.788748557,      0.0,  287921.788748557,   1.0
   0.04908928380627208, -0.08924273347335059,12.053354542089652, 50.18994823686101,40.203126203673065,0.16292139698756103,274.69055374430803,  37.25442485019011, 287921.7887524761,      0.0, 287921.7887524761,   1.0
   0.04908928380627208, -0.08924273347335059,12.053354542089652, 50.18994823686101, 40.20312520367307,0.16292239698756103,274.69055374430803,  37.25442485019011, 287921.7887405113,      0.0, 287921.7887405113,   1.0
   0.04908928380627208, -0.08924273347335059,12.053354542089652, 50.18994823686101, 40.20312520367307,0.16292139698756103,274.69055474430803,  37.25442485019011, 287921.7887508961,      0.0, 287921.7887508961,   1.0
   0.04908928380627208, -0.08924273347335059,12.053354542089652, 50.18994823686101, 40.20312520367307,0.16292139698756103,274.69055374430803,  37.25442585019011, 287921.7887587676,      0.0, 287921.7887587676,   1.0
   0.05302875777408632,  -0.0880809574081072,13.629049397928114, 48.15618068616617,39.718864461779894,0.15312559134583426,274.03241366536133,  37.20092917744804, 287929.9708739436,      0.0, 287929.9708739436,   1.0
   0.05302975777408632,  -0.0880809574081072,13.629049397928114, 48.15618068616617,39.718864461779894,0.15312559134583426,274.03241366536133,  37.20092917744804, 287929.9711133295,      0.0, 287929.9711133295,   1.0
   0.05302875777408632,  -0.0880799574081072,13.629049397928114, 48.15618068616617,39.718864461779894,0.15312559134583426,274.03241366536133,  37.20092917744804,287929.97109051945,      0.0,287929.97109051945,   1.0
   0.05302875777408632,  -0.0880809574081072,13.629050397928113, 48.15618068616617,39.718864461779894,0.15312559134583426,274.03241366536133,  37.20092917744804,287929.97087408544,      0.0,287929.97087408544,   1.0
   0.05302875777408632,  -0.0880809574081072,13.629049397928114,48.156181686166164,39.718864461779894,0.15312559134583426,274.03241366536133,  37.20092917744804,287929.97087281715,      0.0,287929.97087281715,   1.0
   0.05302875777408632,  -0.0880809574081072,13.629049397928114, 48.15618068616617, 39.71886546177989,0.15312559134583426,274.03241366536133,  37.20092917744804,287929.97087605257,      0.0,287929.97087605257,   1.0
   0.05302875777408632,  -0.0880809574081072,13.629049397928114, 48.15618068616617,39.718864461779894,0.15312659134583426,274.03241366536133,  37.20092917744804,287929.97070981935,      0.0,287929.97070981935,   1.0
   0.05302875777408632,  -0.0880809574081072,13.629049397928114, 48.15618068616617,39.718864461779894,0.15312559134583426,274.03241466536133,  37.20092917744804, 287929.9708733254,      0.0, 287929.9708733254,   1.0
   0.05302875777408632,  -0.0880809574081072,13.629049397928114, 48.15618068616617,39.718864461779894,0.15312559134583426,274.03241366536133, 37.200930177448036,287929.97088115173,      0.0,287929.97088115173,   1.0
   0.06260080835540925, -0.08407459216208742, 18.13347125681459,  47.2634552208967,  41.1330368465591,0.14648727244786366, 274.0942458577597,   38.0050144913253,287929.67322440096,      0.0,287929.67322440096,   1.0
   0.06260180835540925, -0.08407459216208742, 18.13347125681459,  47.2634552208967,  41.1330368465591,0.14648727244786366, 274.0942458577597,   38.0050144913253,287929.67313790874,      0.0,287929.67313790874,   1.0
   0.06260080835540925, -0.08407359216208742, 18.13347125681459,  47.2634552208967,  41.1330368465591,0.14648727244786366, 274.0942458577597,   38.0050144913253, 287929.6733021905,      0.0, 287929.6733021905,   1.0
   0.06260080835540925, -0.08407459216208742,18.133472256814592,  47.2634552208967,  41.1330368465591,0.14648727244786366, 274.0942458577597,   38.0050144913253,287929.67322157085,      0.0,287929.67322157085,   1.0
   0.06260080835540925, -0.08407459216208742, 18.13347125681459,  47.2634562208967,  41.1330368465591,0.14648727244786366, 274.0942458577597,   38.0050144913253, 287929.6732211439,      0.0, 287929.6732211439,   1.0
   0.06260080835540925, -0.08407459216208742, 18.13347125681459,  47.2634552208967,  41.1330378465591,0.14648727244786366, 274.0942458577597,   38.0050144913253,287929.67322128935,      0.0,287929.67322128935,   1.0
   0.06260080835540925, -0.08407459216208742, 18.13347125681459,  47.2634552208967,  41.1330368465591,0.14648827244786367, 274.0942458577597,   38.0050144913253, 287929.6737432693,      0.0, 287929.6737432693,   1.0
   0.06260080835540925, -0.08407459216208742, 18.13347125681459,  47.2634552208967,  41.1330368465591,0.14648727244786366, 274.0942468577597,   38.0050144913253, 287929.6732231577,      0.0, 287929.6732231577,   1.0
   0.06260080835540925, -0.08407459216208742, 18.13347125681459,  47.2634552208967,  41.1330368465591,0.14648727244786366, 274.0942458577597, 38.005015491325295,  287929.673228629,      0.0,  287929.673228629,   1.0
   0.05768991075855052, -0.08613003987328179,15.822497835382222,47.721464014811836, 40.40750205054506,0.14989303216948854,274.06252312891723,  37.59248212931562, 287933.5124510029,      0.0, 287933.5124510029,   1.0
   0.05769091075855052, -0.08613003987328179,15.822497835382222,47.721464014811836, 40.40750205054506,0.14989303216948854,274.06252312891723,  37.59248212931562,287933.51254088565,      0.0,287933.51254088565,   1.0
   0.05768991075855052, -0.08612903987328178,15.822497835382222,47.721464014811836, 40.40750205054506,0.14989303216948854,274.06252312891723,  37.59248212931562,287933.51263127435,      0.0,287933.51263127435,   1.0
   0.05768991075855052, -0.08613003987328179,15.822498835382222,47.721464014811836, 40.40750205054506,0.14989303216948854,274.06252312891723,  37.59248212931562,287933.51244962355,      0.0,287933.51244962355,   1.0
   0.05768991075855052, -0.08613003987328179,15.822497835382222,47.721465014811834, 40.40750205054506,0.14989303216948854,274.06252312891723,  37.59248212931562, 287933.5124487309,      0.0, 287933.5124487309,   1.0
   0.05768991075855052, -0.08613003987328179,15.822497835382222,47.721464014811836, 40.40750305054506,0.14989303216948854,274.06252312891723,  37.59248212931562,287933.51245051285,      0.0,287933.51245051285,   1.0
   0.05768991075855052, -0.08613003987328179,15.822497835382222,47.721464014811836, 40.40750205054506,0.14989403216948854,274.06252312891723,  37.59248212931562, 287933.5126277464,      0.0, 287933.5126277464,   1.0
   0.05768991075855052, -0.08613003987328179,15.822497835382222,47.721464014811836, 40.40750205054506,0.14989303216948854,274.06252412891723,  37.59248212931562, 287933.5124500442,      0.0, 287933.5124500442,   1.0
   0.05768991075855052, -0.08613003987328179,15.822497835382222,47.721464014811836, 40.40750205054506,0.14989303216948854,274.06252312891723,  37.59248312931562, 287933.5124566312,      0.0, 287933.5124566312,   1.0
   0.05759299342223593, -0.08640842246173888,15.564540825070383,46.258601823790805, 39.73653098705274,0.14349717565686532, 273.4502035463145,  38.77231232031235,287939.48587140033,      0.0,287939.48587140033,   1.0
   0.05759399342223593, -0.08640842246173888,15.564540825070383,46.258601823790805, 39.73653098705274,0.14349717565686532, 273.4502035463145,  38.77231232031235,287939.48588453385,      0.0,287939.48588453385,   1.0
   0.05759299342223593, -0.08640742246173888,15.564540825070383,46.258601823790805, 39.73653098705274,0.14349717565686532, 273.4502035463145,  38.77231232031235, 287939.4860046274,      0.0, 287939.4860046274,   1.0
   0.05759299342223593, -0.08640842246173888,15.564541825070382,46.258601823790805, 39.73653098705274,0.14349717565686532, 273.4502035463145,  38.77231232031235, 287939.4858702163,      0.0, 287939.4858702163,   1.0
   0.05759299342223593, -0.08640842246173888,15.564540825070383,  46.2586028237908, 39.73653098705274,0.14349717565686532, 273.4502035463145,  38.77231232031235,287939.48587184265,      0.0,287939.48587184265,   1.0
   0.05759299342223593, -0.08640842246173888,15.564540825070383,46.258601823790805,39.736531987052736,0.14349717565686532, 273.4502035463145,  38.77231232031235, 287939.4858732238,      0.0, 287939.4858732238,   1.0
   0.05759299342223593, -0.08640842246173888,15.564540825070383,46.258601823790805, 39.73653098705274,0.14349817565686532, 273.4502035463145,  38.77231232031235, 287939.4857845367,      0.0, 287939.4857845367,   1.0
   0.05759299342223593, -0.08640842246173888,15.564540825070383,46.258601823790805, 39.73653098705274,0.14349717565686532, 273.4502045463145,  38.77231232031235, 287939.4858712095,      0.0, 287939.4858712095,   1.0
   0.05759299342223593, -0.08640842246173888,15.564540825070383,46.258601823790805, 39.73653098705274,0.14349717565686532, 273.4502035463145,  38.77231332031235,287939.48587376124,      0.0,287939.48587376124,   1.0
   0.05579590549537449, -0.08630206560024863,14.952673062618103, 46.53913301577607, 39.78130795502615,0.14480944167994708, 273.4987716309589,  39.51427800329853, 287940.7555382271,      0.0, 287940.7555382271,   1.0
   0.05579690549537449, -0.08630206560024863,14.952673062618103, 46.53913301577607, 39.78130795502615,0.14480944167994708, 273.4987716309589,  39.51427800329853, 287940.7555380194,      0.0, 287940.7555380194,   1.0
   0.05579590549537449, -0.08630106560024862,14.952673062618103, 46.53913301577607, 39.78130795502615,0.14480944167994708, 273.4987716309589,  39.51427800329853, 287940.7555597867,      0.0, 287940.7555597867,   1.0
   0.05579590549537449, -0.08630206560024863,14.952674062618103, 46.53913301577607, 39.78130795502615,0.14480944167994708, 273.4987716309589,  39.51427800329853,287940.75553777313,      0.0,287940.75553777313,   1.0
   0.05579590549537449, -0.08630206560024863,14.952673062618103, 46.53913401577607, 39.78130795502615,0.14480944167994708, 273.4987716309589,  39.51427800329853,  287940.755537328,      0.0,  287940.755537328,   1.0
   0.05579590549537449, -0.08630206560024863,14.952673062618103, 46.53913301577607, 39.78130895502615,0.14480944167994708, 273.4987716309589,  39.51427800329853, 287940.7555396627,      0.0, 287940.7555396627,   1.0
   0.05579590549537449, -0.08630206560024863,14.952673062618103, 46.53913301577607, 39.78130795502615,0.14481044167994708, 273.4987716309589,  39.51427800329853, 287940.7555966723,      0.0, 287940.7555966723,   1.0
   0.05579590549537449, -0.08630206560024863,14.952673062618103, 46.53913301577607, 39.78130795502615,0.14480944167994708, 273.4987726309589,  39.51427800329853,287940.75553773216,      0.0,287940.75553773216,   1.0
   0.05579590549537449, -0.08630206560024863,14.952673062618103, 46.53913301577607, 39.78130795502615,0.14480944167994708, 273.4987716309589, 39.514279003298526,287940.75553805474,      0.0,287940.75553805474,   1.0
  0.055586951260949764, -0.08584877810773552,15.044674521259001,  46.4989794896009, 39.80291114628419,0.14493474189052266,273.49116992902316,  39.55478518819853,287940.77353521524,      0.0,287940.77353521524,   1.0
  0.055587951260949765, -0.08584877810773552,15.044674521259001,  46.4989794896009, 39.80291114628419,0.14493474189052266,273.49116992902316,  39.55478518819853,287940.77353394363,      0.0,287940.77353394363,   1.0
  0.055586951260949764, -0.08584777810773551,15.044674521259001,  46.4989794896009, 39.80291114628419,0.14493474189052266,273.49116992902316,  39.55478518819853, 287940.7735328177,      0.0, 287940.7735328177,   1.0
  0.055586951260949764, -0.08584877810773552,   15.044675521259,  46.4989794896009, 39.80291114628419,0.14493474189052266,273.49116992902316,  39.55478518819853, 287940.7735347272,      0.0, 287940.7735347272,   1.0
  0.055586951260949764, -0.08584877810773552,15.044674521259001,46.498980489600896, 39.80291114628419,0.14493474189052266,273.49116992902316,  39.55478518819853, 287940.7735346934,      0.0, 287940.7735346934,   1.0
  0.055586951260949764, -0.08584877810773552,15.044674521259001,  46.4989794896009,39.802912146284186,0.14493474189052266,273.49116992902316,  39.55478518819853,287940.77353658015,      0.0,287940.77353658015,   1.0
  0.055586951260949764, -0.08584877810773552,15.044674521259001,  46.4989794896009, 39.80291114628419,0.14493574189052266,273.49116992902316,  39.55478518819853, 287940.7735275011,      0.0, 287940.7735275011,   1.0
  0.055586951260949764, -0.08584877810773552,15.044674521259001,  46.4989794896009, 39.80291114628419,0.14493474189052266,273.49117092902316,  39.55478518819853,287940.77353482106,      0.0,287940.77353482106,   1.0
  0.055586951260949764, -0.08584877810773552,15.044674521259001,  46.4989794896009, 39.80291114628419,0.14493474189052266,273.49116992902316,  39.55478618819853, 287940.7735349641,      0.0, 287940.7735349641,   1.0
    0.0555977003467267, -0.08587148576525647,15.041475176146497, 46.50394071970464, 39.80371314782381,0.14492679581559828,273.49286060002856,  39.55134852143204, 287940.7737278549,      0.0, 287940.7737278549,   1.0
  0.055598700346726704, -0.08587148576525647,15.041475176146497, 46.50394071970464, 39.80371314782381,0.14492679581559828,273.49286060002856,  39.55134852143204, 287940.7737276193,      0.0, 287940.7737276193,   1.0
    0.0555977003467267, -0.08587048576525647,15.041475176146497, 46.50394071970464, 39.80371314782381,0.14492679581559828,273.49286060002856,  39.55134852143204, 287940.7737276197,      0.0, 287940.7737276197,   1.0
    0.0555977003467267, -0.08587148576525647,15.041476176146496, 46.50394071970464, 39.80371314782381,0.14492679581559828,273.49286060002856,  39.55134852143204, 287940.7737273651,      0.0, 287940.7737273651,   1.0
    0.0555977003467267, -0.08587148576525647,15.041475176146497,46.503941719704635, 39.80371314782381,0.14492679581559828,273.49286060002856,  39.55134852143204,287940.77372729074,      0.0,287940.77372729074,   1.0
    0.0555977003467267, -0.08587148576525647,15.041475176146497, 46.50394071970464,39.803714147823804,0.14492679581559828,273.49286060002856,  39.55134852143204,287940.77372921637,      0.0,287940.77372921637,   1.0
    0.0555977003467267, -0.08587148576525647,15.041475176146497, 46.50394071970464, 39.80371314782381,0.14492779581559828,273.49286060002856,  39.55134852143204, 287940.7737274593,      0.0, 287940.7737274593,   1.0
    0.0555977003467267, -0.08587148576525647,15.041475176146497, 46.50394071970464, 39.80371314782381,0.14492679581559828,273.49286160002856,  39.55134852143204, 287940.7737274494,      0.0, 287940.7737274494,   1.0
    0.0555977003467267, -0.08587148576525647,15.041475176146497, 46.50394071970464, 39.80371314782381,0.14492679581559828,273.49286060002856,  39.55134952143204,287940.77372760867,      0.0,287940.77372760867,   1.0
    0.0555977003467267, -0.08587148576525647,15.041475176146497, 46.50394071970464, 39.80371314782381,0.14492679581559828,273.49286060002856,  39.55134852143204, 287940.7737278549,      0.0, 287940.7737278549,   1.0
