           centre_ra,          centre_dec,             v_sys,       inclination,               phi,    turnover_radius,  maximum_velocity,velocity_dispersion,    log_likelihood,log_prior,     log_posterior,weight
    0.00461357895894,    0.00277380385429,  1.07854961147262, 50.10625509849553, 39.22149265213756,   0.30421662804662,274.14934995226645,  61.83421927799618,345421.93678111583,      0.0,345421.93678111583,   1.0
    0.00461357895894,    0.00277380385429,  1.07854961147262, 50.10625509849553, 39.22149265213756,   0.30421662804662,274.14934995226645,  61.83421927799618,345421.93678111583,      0.0,345421.93678111583,   1.0
-0.29999939999999997,    0.00277380385429,  1.07854961147262, 50.10625509849553, 39.22149265213756,   0.30421662804662,274.14934995226645,  61.83421927799618,332796.72732361045,      0.0,332796.72732361045,   1.0
    0.00461357895894,-0.29999939999999997,  1.07854961147262, 50.10625509849553, 39.22149265213756,   0.30421662804662,274.14934995226645,  61.83421927799618,325654.88563148654,      0.0,325654.88563148654,   1.0
    0.00461357895894,    0.00277380385429,  2.07854961147262, 50.10625509849553, 39.22149265213756,   0.30421662804662,274.14934995226645,  61.83421927799618, 345956.7470805351,      0.0, 345956.7470805351,   1.0
    0.00461357895894,    0.00277380385429,  1.07854961147262, 51.10625509849553, 39.22149265213756,   0.30421662804662,274.14934995226645,  61.83421927799618,345554.66383133887,      0.0,345554.66383133887,   1.0
    0.00461357895894,    0.00277380385429,  1.07854961147262, 50.10625509849553, 40.22149265213756,   0.30421662804662,274.14934995226645,  61.83421927799618, 345631.6347220468,      0.0, 345631.6347220468,   1.0
    0.00461357895894,    0.00277380385429,  1.07854961147262, 50.10625509849553, 39.22149265213756,         0.59999942,274.14934995226645,  61.83421927799618, 326671.7735947181,      0.0, 326671.7735947181,   1.0
    0.00461357895894,    0.00277380385429,  1.07854961147262, 50.10625509849553, 39.22149265213756,   0.30421662804662,275.14934995226645,  61.83421927799618,345512.75550400617,      0.0,345512.75550400617,   1.0
    0.00461357895894,    0.00277380385429,  1.07854961147262, 50.10625509849553, 39.22149265213756,   0.30421662804662,274.14934995226645,  62.83421927799618, 345229.1168917911,      0.0, 345229.1168917911,   1.0
 0.29999939999999997, 0.29999939999999997,          59.99988,          79.99994,         169.99974,         0.02000058, 455.7867957541424,           5.000115, 198330.9879681432,      0.0, 198330.9879681432,   1.0
-0.29999939999999997, 0.29999939999999997,          59.99988,          79.99994,         169.99974,         0.02000058, 455.7867957541424,           5.000115, 154292.1580379578,      0.0, 154292.1580379578,   1.0
 0.29999939999999997,-0.29999939999999997,          59.99988,          79.99994,         169.99974,         0.02000058, 455.7867957541424,           5.000115, 207546.3447895281,      0.0, 207546.3447895281,   1.0
 0.29999939999999997, 0.29999939999999997,          58.99988,          79.99994,         169.99974,         0.02000058, 455.7867957541424,           5.000115, 199190.2679553819,      0.0, 199190.2679553819,   1.0
 0.29999939999999997, 0.29999939999999997,          59.99988,          78.99994,         169.99974,         0.02000058, 455.7867957541424,           5.000115,185780.41762565298,      0.0,185780.41762565298,   1.0
 0.29999939999999997, 0.29999939999999997,          59.99988,          79.99994,         168.99974,         0.02000058, 455.7867957541424,           5.000115,205562.74768568564,      0.0,205562.74768568564,   1.0
 0.29999939999999997, 0.29999939999999997,          59.99988,          79.99994,         169.99974,         0.59999942, 455.7867957541424,           5.000115,205744.45644023595,      0.0,205744.45644023595,   1.0
 0.29999939999999997, 0.29999939999999997,          59.99988,          79.99994,         169.99974,         0.02000058, 456.7867957541424,           5.000115,198231.84654804136,      0.0,198231.84654804136,   1.0
 0.29999939999999997, 0.29999939999999997,          59.99988,          79.99994,         169.99974,         0.02000058, 455.7867957541424,           6.000115,198580.19852703356,      0.0,198580.19852703356,   1.0
 0.09414303059153009, 0.09286087892210824,  18.9372077574716, 59.16682952646411, 78.85949805557843,0.21807265933101025,329.20243564633495,  44.60818529943518,327268.20665650174,      0.0,327268.20665650174,   1.0
          -0.2999994, 0.09286087892210824,  18.9372077574716, 59.16682952646411, 78.85949805557843,0.21807265933101025,329.20243564633495,  44.60818529943518,204028.87190865527,      0.0,204028.87190865527,   1.0
 0.09414303059153009,-0.29999939999999997,  18.9372077574716, 59.16682952646411, 78.85949805557843,0.21807265933101025,329.20243564633495,  44.60818529943518,  337585.444054991,      0.0,  337585.444054991,   1.0
 0.09414303059153009, 0.09286087892210824,  19.9372077574716, 59.16682952646411, 78.85949805557843,0.21807265933101025,329.20243564633495,  44.60818529943518, 327506.1922768855,      0.0, 327506.1922768855,   1.0
 0.09414303059153009, 0.09286087892210824,  18.9372077574716, 60.16682952646411, 78.85949805557843,0.21807265933101025,329.20243564633495,  44.60818529943518,326797.24909702886,      0.0,326797.24909702886,   1.0
 0.09414303059153009, 0.09286087892210824,  18.9372077574716, 59.16682952646411, 79.85949805557843,0.21807265933101025,329.20243564633495,  44.60818529943518, 326571.4162598951,      0.0, 326571.4162598951,   1.0
 0.09414303059153009, 0.09286087892210824,  18.9372077574716, 59.16682952646411, 78.85949805557843,         0.59999942,329.20243564633495,  44.60818529943518,310511.52988396626,      0.0,310511.52988396626,   1.0
 0.09414303059153009, 0.09286087892210824,  18.9372077574716, 59.16682952646411, 78.85949805557843,0.21807265933101025,330.20243564633495,  44.60818529943518,327269.17667332233,      0.0,327269.17667332233,   1.0
 0.09414303059153009, 0.09286087892210824,  18.9372077574716, 59.16682952646411, 78.85949805557843,0.21807265933101025,329.20243564633495,  45.60818529943518,327557.21268349735,      0.0,327557.21268349735,   1.0
 0.02108745988672273, 0.01935029037059111, 4.364634832171888, 51.77344753117356, 46.51509011446575,0.28836569343918617,284.27940170499005,  58.66454016742456,347291.26011649094,      0.0,347291.26011649094,   1.0
-0.29999939999999997, 0.01935029037059111, 4.364634832171888, 51.77344753117356, 46.51509011446575,0.28836569343918617,284.27940170499005,  58.66454016742456,326656.92271892773,      0.0,326656.92271892773,   1.0
 0.02108745988672273,-0.29999939999999997, 4.364634832171888, 51.77344753117356, 46.51509011446575,0.28836569343918617,284.27940170499005,  58.66454016742456, 328275.0313589041,      0.0, 328275.0313589041,   1.0
 0.02108745988672273, 0.01935029037059111, 5.364634832171888, 51.77344753117356, 46.51509011446575,0.28836569343918617,284.27940170499005,  58.66454016742456, 348032.2348265188,      0.0, 348032.2348265188,   1.0
 0.02108745988672273, 0.01935029037059111, 4.364634832171888, 52.77344753117356, 46.51509011446575,0.28836569343918617,284.27940170499005,  58.66454016742456,   347634.59045919,      0.0,   347634.59045919,   1.0
 0.02108745988672273, 0.01935029037059111, 4.364634832171888, 51.77344753117356, 47.51509011446575,0.28836569343918617,284.27940170499005,  58.66454016742456, 347263.3348617749,      0.0, 347263.3348617749,   1.0
 0.02108745988672273, 0.01935029037059111, 4.364634832171888, 51.77344753117356, 46.51509011446575,         0.59999942,284.27940170499005,  58.66454016742456, 328168.1684866811,      0.0, 328168.1684866811,   1.0
 0.02108745988672273, 0.01935029037059111, 4.364634832171888, 51.77344753117356, 46.51509011446575,0.28836569343918617,285.27940170499005,  58.66454016742456,347406.53087110154,      0.0,347406.53087110154,   1.0
 0.02108745988672273, 0.01935029037059111, 4.364634832171888, 51.77344753117356, 46.51509011446575,0.28836569343918617,284.27940170499005,  59.66454016742456,347152.08153042034,      0.0,347152.08153042034,   1.0
 0.06930413655189559, 0.06786727881459242,  13.9825329628697, 56.65307964806532, 67.86239935560012,0.24197229092779005, 313.9286041062777,  49.38734595455156,338255.72092500224,      0.0,338255.72092500224,   1.0
-0.29999939999999997, 0.06786727881459242,  13.9825329628697, 56.65307964806532, 67.86239935560012,0.24197229092779005, 313.9286041062777,  49.38734595455156,261234.41029890167,      0.0,261234.41029890167,   1.0
 0.06930413655189559,-0.29999939999999997,  13.9825329628697, 56.65307964806532, 67.86239935560012,0.24197229092779005, 313.9286041062777,  49.38734595455156, 340033.5659187285,      0.0, 340033.5659187285,   1.0
 0.06930413655189559, 0.06786727881459242,  14.9825329628697, 56.65307964806532, 67.86239935560012,0.24197229092779005, 313.9286041062777,  49.38734595455156,338781.84987525863,      0.0,338781.84987525863,   1.0
 0.06930413655189559, 0.06786727881459242,  13.9825329628697, 57.65307964806532, 67.86239935560012,0.24197229092779005, 313.9286041062777,  49.38734595455156,338034.99657410674,      0.0,338034.99657410674,   1.0
 0.06930413655189559, 0.06786727881459242,  13.9825329628697, 56.65307964806532, 68.86239935560012,0.24197229092779005, 313.9286041062777,  49.38734595455156,338069.30924784654,      0.0,338069.30924784654,   1.0
 0.06930413655189559, 0.06786727881459242,  13.9825329628697, 56.65307964806532, 67.86239935560012,         0.59999942, 313.9286041062777,  49.38734595455156, 321203.7321463877,      0.0, 321203.7321463877,   1.0
 0.06930413655189559, 0.06786727881459242,  13.9825329628697, 56.65307964806532, 67.86239935560012,0.24197229092779005, 314.9286041062777,  49.38734595455156,338250.28583276627,      0.0,338250.28583276627,   1.0
 0.06930413655189559, 0.06786727881459242,  13.9825329628697, 56.65307964806532, 67.86239935560012,0.24197229092779005, 313.9286041062777,  50.38734595455156,338304.97099866904,      0.0,338304.97099866904,   1.0
 0.02856739582432303,0.026876814190689876, 5.856675902765806,52.530433249763554,49.826734893981694, 0.2811686051553476,288.87893344175046,  57.22535308128743, 346916.6773653465,      0.0, 346916.6773653465,   1.0
-0.29999939999999997,0.026876814190689876, 5.856675902765806,52.530433249763554,49.826734893981694, 0.2811686051553476,288.87893344175046,  57.22535308128743,321377.39500595746,      0.0,321377.39500595746,   1.0
 0.02856739582432303,-0.29999939999999997, 5.856675902765806,52.530433249763554,49.826734893981694, 0.2811686051553476,288.87893344175046,  57.22535308128743, 330109.2170315075,      0.0, 330109.2170315075,   1.0
 0.02856739582432303,0.026876814190689876, 6.856675902765806,52.530433249763554,49.826734893981694, 0.2811686051553476,288.87893344175046,  57.22535308128743,347586.99814556417,      0.0,347586.99814556417,   1.0
 0.02856739582432303,0.026876814190689876, 5.856675902765806,53.530433249763554,49.826734893981694, 0.2811686051553476,288.87893344175046,  57.22535308128743, 347005.0936161028,      0.0, 347005.0936161028,   1.0
 0.02856739582432303,0.026876814190689876, 5.856675902765806,52.530433249763554,50.826734893981694, 0.2811686051553476,288.87893344175046,  57.22535308128743, 346988.3996006827,      0.0, 346988.3996006827,   1.0
 0.02856739582432303,0.026876814190689876, 5.856675902765806,52.530433249763554,49.826734893981694,         0.59999942,288.87893344175046,  57.22535308128743, 327768.8193936211,      0.0, 327768.8193936211,   1.0
 0.02856739582432303,0.026876814190689876, 5.856675902765806,52.530433249763554,49.826734893981694, 0.2811686051553476,289.87893344175046,  57.22535308128743,346976.38800659834,      0.0,346976.38800659834,   1.0
 0.02856739582432303,0.026876814190689876, 5.856675902765806,52.530433249763554,49.826734893981694, 0.2811686051553476,288.87893344175046,  58.22535308128743,346765.47352920065,      0.0,346765.47352920065,   1.0
 0.02248733056415254, 0.02075887997438302, 4.643870451523395, 51.91511747587996,47.134864730128456,0.28701875772536883,285.14020447949406, 58.395196175975165,347191.21930776356,      0.0,347191.21930776356,   1.0
-0.29999939999999997, 0.02075887997438302, 4.643870451523395, 51.91511747587996,47.134864730128456,0.28701875772536883,285.14020447949406, 58.395196175975165, 325775.5432595785,      0.0, 325775.5432595785,   1.0
 0.02248733056415254,-0.29999939999999997, 4.643870451523395, 51.91511747587996,47.134864730128456,0.28701875772536883,285.14020447949406, 58.395196175975165, 328760.5779870331,      0.0, 328760.5779870331,   1.0
 0.02248733056415254, 0.02075887997438302, 5.643870451523395, 51.91511747587996,47.134864730128456,0.28701875772536883,285.14020447949406, 58.395196175975165,347817.13834204327,      0.0,347817.13834204327,   1.0
 0.02248733056415254, 0.02075887997438302, 4.643870451523395, 52.91511747587996,47.134864730128456,0.28701875772536883,285.14020447949406, 58.395196175975165,347328.51389765297,      0.0,347328.51389765297,   1.0
 0.02248733056415254, 0.02075887997438302, 4.643870451523395, 51.91511747587996,48.134864730128456,0.28701875772536883,285.14020447949406, 58.395196175975165, 347295.2419233172,      0.0, 347295.2419233172,   1.0
 0.02248733056415254, 0.02075887997438302, 4.643870451523395, 51.91511747587996,47.134864730128456,         0.59999942,285.14020447949406, 58.395196175975165,328088.70005698607,      0.0,328088.70005698607,   1.0
 0.02248733056415254, 0.02075887997438302, 4.643870451523395, 51.91511747587996,47.134864730128456,0.28701875772536883,286.14020447949406, 58.395196175975165,347237.85905388463,      0.0,347237.85905388463,   1.0
 0.02248733056415254, 0.02075887997438302, 4.643870451523395, 51.91511747587996,47.134864730128456,0.28701875772536883,285.14020447949406, 59.395196175975165,  347013.322088752,      0.0,  347013.322088752,   1.0
 0.02108745988672273, 0.01935029037059111, 4.364634832171888, 51.77344753117356, 46.51509011446575,0.28836569343918617,284.27940170499005,  58.66454016742456,347291.26011649094,      0.0,347291.26011649094,   1.0
-0.29999939999999997, 0.01935029037059111, 4.364634832171888, 51.77344753117356, 46.51509011446575,0.28836569343918617,284.27940170499005,  58.66454016742456,326656.92271892773,      0.0,326656.92271892773,   1.0
 0.02108745988672273,-0.29999939999999997, 4.364634832171888, 51.77344753117356, 46.51509011446575,0.28836569343918617,284.27940170499005,  58.66454016742456, 328275.0313589041,      0.0, 328275.0313589041,   1.0
 0.02108745988672273, 0.01935029037059111, 5.364634832171888, 51.77344753117356, 46.51509011446575,0.28836569343918617,284.27940170499005,  58.66454016742456, 348032.2348265188,      0.0, 348032.2348265188,   1.0
 0.02108745988672273, 0.01935029037059111, 4.364634832171888, 52.77344753117356, 46.51509011446575,0.28836569343918617,284.27940170499005,  58.66454016742456,   347634.59045919,      0.0,   347634.59045919,   1.0
 0.02108745988672273, 0.01935029037059111, 4.364634832171888, 51.77344753117356, 47.51509011446575,0.28836569343918617,284.27940170499005,  58.66454016742456, 347263.3348617749,      0.0, 347263.3348617749,   1.0
 0.02108745988672273, 0.01935029037059111, 4.364634832171888, 51.77344753117356, 46.51509011446575,         0.59999942,284.27940170499005,  58.66454016742456, 328168.1684866811,      0.0, 328168.1684866811,   1.0
 0.02108745988672273, 0.01935029037059111, 4.364634832171888, 51.77344753117356, 46.51509011446575,0.28836569343918617,285.27940170499005,  58.66454016742456,347406.53087110154,      0.0,347406.53087110154,   1.0
 0.02108745988672273, 0.01935029037059111, 4.364634832171888, 51.77344753117356, 46.51509011446575,0.28836569343918617,284.27940170499005,  59.66454016742456,347152.08153042034,      0.0,347152.08153042034,   1.0
 0.29999939999999997, 0.29999939999999997,          59.99988,          79.99994,         169.99974,         0.02000058,         499.99955,           5.000115,196929.32604668956,      0.0,196929.32604668956,   1.0
-0.29999939999999997, 0.29999939999999997,          59.99988,          79.99994,         169.99974,         0.02000058,         499.99955,           5.000115,148338.81208437143,      0.0,148338.81208437143,   1.0
 0.29999939999999997,-0.29999939999999997,          59.99988,          79.99994,         169.99974,         0.02000058,         499.99955,           5.000115,204799.10029797372,      0.0,204799.10029797372,   1.0
 0.29999939999999997, 0.29999939999999997,          58.99988,          79.99994,         169.99974,         0.02000058,         499.99955,           5.000115,197879.40142722556,      0.0,197879.40142722556,   1.0
 0.29999939999999997, 0.29999939999999997,          59.99988,          78.99994,         169.99974,         0.02000058,         499.99955,           5.000115, 187474.6720976121,      0.0, 187474.6720976121,   1.0
 0.29999939999999997, 0.29999939999999997,          59.99988,          79.99994,         168.99974,         0.02000058,         499.99955,           5.000115, 200124.4552316961,      0.0, 200124.4552316961,   1.0
 0.29999939999999997, 0.29999939999999997,          59.99988,          79.99994,         169.99974,         0.59999942,         499.99955,           5.000115,204484.87647460177,      0.0,204484.87647460177,   1.0
 0.29999939999999997, 0.29999939999999997,          59.99988,          79.99994,         169.99974,         0.02000058,         498.99955,           5.000115,197064.63979757053,      0.0,197064.63979757053,   1.0
 0.29999939999999997, 0.29999939999999997,          59.99988,          79.99994,         169.99974,         0.02000058,         499.99955,           6.000115,197211.93178882508,      0.0,197211.93178882508,   1.0
 0.06116223991900537, 0.05967467135652775,12.358448977372376, 55.82910207329065, 64.25768004989982, 0.2498063084051641,315.27462366624013,  50.95389847431529,340740.05968674604,      0.0,340740.05968674604,   1.0
-0.29999939999999997, 0.05967467135652775,12.358448977372376, 55.82910207329065, 64.25768004989982, 0.2498063084051641,315.27462366624013,  50.95389847431529,275505.23515379307,      0.0,275505.23515379307,   1.0
 0.06116223991900537,-0.29999939999999997,12.358448977372376, 55.82910207329065, 64.25768004989982, 0.2498063084051641,315.27462366624013,  50.95389847431529,338815.66855050565,      0.0,338815.66855050565,   1.0
 0.06116223991900537, 0.05967467135652775,13.358448977372376, 55.82910207329065, 64.25768004989982, 0.2498063084051641,315.27462366624013,  50.95389847431529,341390.79748669016,      0.0,341390.79748669016,   1.0
 0.06116223991900537, 0.05967467135652775,12.358448977372376, 56.82910207329065, 64.25768004989982, 0.2498063084051641,315.27462366624013,  50.95389847431529,  340792.139672045,      0.0,  340792.139672045,   1.0
 0.06116223991900537, 0.05967467135652775,12.358448977372376, 55.82910207329065, 65.25768004989982, 0.2498063084051641,315.27462366624013,  50.95389847431529,  340964.990214831,      0.0,  340964.990214831,   1.0
 0.06116223991900537, 0.05967467135652775,12.358448977372376, 55.82910207329065, 64.25768004989982,         0.59999942,315.27462366624013,  50.95389847431529, 324763.3321030269,      0.0, 324763.3321030269,   1.0
 0.06116223991900537, 0.05967467135652775,12.358448977372376, 55.82910207329065, 64.25768004989982, 0.2498063084051641,316.27462366624013,  50.95389847431529, 340713.0359955801,      0.0, 340713.0359955801,   1.0
 0.06116223991900537, 0.05967467135652775,12.358448977372376, 55.82910207329065, 64.25768004989982, 0.2498063084051641,315.27462366624013,  51.95389847431529, 340792.7147819674,      0.0, 340792.7147819674,   1.0
 0.02700051588774815, 0.02530017513064344, 5.544126539032975, 52.37186160628596, 49.13301909141679, 0.2826762348099035,288.85276388123765, 57.526830712788296, 346963.8065130245,      0.0, 346963.8065130245,   1.0
-0.29999939999999997, 0.02530017513064344, 5.544126539032975, 52.37186160628596, 49.13301909141679, 0.2826762348099035,288.85276388123765, 57.526830712788296,322596.14879452833,      0.0,322596.14879452833,   1.0
 0.02700051588774815,-0.29999939999999997, 5.544126539032975, 52.37186160628596, 49.13301909141679, 0.2826762348099035,288.85276388123765, 57.526830712788296,329446.69990652916,      0.0,329446.69990652916,   1.0
 0.02700051588774815, 0.02530017513064344, 6.544126539032975, 52.37186160628596, 49.13301909141679, 0.2826762348099035,288.85276388123765, 57.526830712788296,  347616.785085408,      0.0,  347616.785085408,   1.0
 0.02700051588774815, 0.02530017513064344, 5.544126539032975, 53.37186160628596, 49.13301909141679, 0.2826762348099035,288.85276388123765, 57.526830712788296,347013.61783079326,      0.0,347013.61783079326,   1.0
 0.02700051588774815, 0.02530017513064344, 5.544126539032975, 52.37186160628596, 50.13301909141679, 0.2826762348099035,288.85276388123765, 57.526830712788296, 347070.7373337641,      0.0, 347070.7373337641,   1.0
 0.02700051588774815, 0.02530017513064344, 5.544126539032975, 52.37186160628596, 49.13301909141679,         0.59999942,288.85276388123765, 57.526830712788296,327968.70847253595,      0.0,327968.70847253595,   1.0
 0.02700051588774815, 0.02530017513064344, 5.544126539032975, 52.37186160628596, 49.13301909141679, 0.2826762348099035,289.85276388123765, 57.526830712788296,347017.66551817954,      0.0,347017.66551817954,   1.0
 0.02700051588774815, 0.02530017513064344, 5.544126539032975, 52.37186160628596, 49.13301909141679, 0.2826762348099035,288.85276388123765, 58.526830712788296, 346793.1592213557,      0.0, 346793.1592213557,   1.0
 0.02218615697658155,0.020455830563298773,  4.58379462122448,  51.8846380564692, 47.00152402409461, 0.2873085426802925,285.12917206282907,  58.45314388321941, 347214.4966539019,      0.0, 347214.4966539019,   1.0
-0.29999939999999997,0.020455830563298773,  4.58379462122448,  51.8846380564692, 47.00152402409461, 0.2873085426802925,285.12917206282907,  58.45314388321941, 326070.9737616987,      0.0, 326070.9737616987,   1.0
 0.02218615697658155,-0.29999939999999997,  4.58379462122448,  51.8846380564692, 47.00152402409461, 0.2873085426802925,285.12917206282907,  58.45314388321941, 328681.1093786217,      0.0, 328681.1093786217,   1.0
 0.02218615697658155,0.020455830563298773,  5.58379462122448,  51.8846380564692, 47.00152402409461, 0.2873085426802925,285.12917206282907,  58.45314388321941, 347861.2988050378,      0.0, 347861.2988050378,   1.0
 0.02218615697658155,0.020455830563298773,  4.58379462122448,  52.8846380564692, 47.00152402409461, 0.2873085426802925,285.12917206282907,  58.45314388321941, 347360.0945458242,      0.0, 347360.0945458242,   1.0
 0.02218615697658155,0.020455830563298773,  4.58379462122448,  51.8846380564692, 48.00152402409461, 0.2873085426802925,285.12917206282907,  58.45314388321941, 347260.1613238436,      0.0, 347260.1613238436,   1.0
 0.02218615697658155,0.020455830563298773,  4.58379462122448,  51.8846380564692, 47.00152402409461,         0.59999942,285.12917206282907,  58.45314388321941,328125.05608191236,      0.0,328125.05608191236,   1.0
 0.02218615697658155,0.020455830563298773,  4.58379462122448,  51.8846380564692, 47.00152402409461, 0.2873085426802925,286.12917206282907,  58.45314388321941, 347314.0889586655,      0.0, 347314.0889586655,   1.0
 0.02218615697658155,0.020455830563298773,  4.58379462122448,  51.8846380564692, 47.00152402409461, 0.2873085426802925,285.12917206282907,  59.45314388321941, 347054.5034134764,      0.0, 347054.5034134764,   1.0
0.021282967840390188,0.019547016022063594, 4.403633280679083, 51.79323335955921, 46.60164872934132,0.28817757845872705,284.43061432335577,  58.62692319790737, 347320.1392483397,      0.0, 347320.1392483397,   1.0
-0.29999939999999997,0.019547016022063594, 4.403633280679083, 51.79323335955921, 46.60164872934132,0.28817757845872705,284.43061432335577,  58.62692319790737,326514.75988250144,      0.0,326514.75988250144,   1.0
0.021282967840390188,-0.29999939999999997, 4.403633280679083, 51.79323335955921, 46.60164872934132,0.28817757845872705,284.43061432335577,  58.62692319790737, 328278.7415379186,      0.0, 328278.7415379186,   1.0
0.021282967840390188,0.019547016022063594, 5.403633280679083, 51.79323335955921, 46.60164872934132,0.28817757845872705,284.43061432335577,  58.62692319790737,  348024.478395595,      0.0,  348024.478395595,   1.0
0.021282967840390188,0.019547016022063594, 4.403633280679083, 52.79323335955921, 46.60164872934132,0.28817757845872705,284.43061432335577,  58.62692319790737, 347590.5220191328,      0.0, 347590.5220191328,   1.0
0.021282967840390188,0.019547016022063594, 4.403633280679083, 51.79323335955921, 47.60164872934132,0.28817757845872705,284.43061432335577,  58.62692319790737, 347277.5567570582,      0.0, 347277.5567570582,   1.0
0.021282967840390188,0.019547016022063594, 4.403633280679083, 51.79323335955921, 46.60164872934132,         0.59999942,284.43061432335577,  58.62692319790737, 328191.9146104646,      0.0, 328191.9146104646,   1.0
0.021282967840390188,0.019547016022063594, 4.403633280679083, 51.79323335955921, 46.60164872934132,0.28817757845872705,285.43061432335577,  58.62692319790737, 347431.4516993045,      0.0, 347431.4516993045,   1.0
0.021282967840390188,0.019547016022063594, 4.403633280679083, 51.79323335955921, 46.60164872934132,0.28817757845872705,284.43061432335577,  59.62692319790737, 347143.0825673992,      0.0, 347143.0825673992,   1.0
0.021879072670276487, 0.02014683361927881, 4.522539765439045,51.853560459519805, 46.86556642387849,0.28760401484496023, 284.8916624314082,  58.51222885021332, 347331.7782777559,      0.0, 347331.7782777559,   1.0
-0.29999939999999997, 0.02014683361927881, 4.522539765439045,51.853560459519805, 46.86556642387849,0.28760401484496023, 284.8916624314082,  58.51222885021332,326226.24131889176,      0.0,326226.24131889176,   1.0
0.021879072670276487,-0.29999939999999997, 4.522539765439045,51.853560459519805, 46.86556642387849,0.28760401484496023, 284.8916624314082,  58.51222885021332, 328478.3684350648,      0.0, 328478.3684350648,   1.0
0.021879072670276487, 0.02014683361927881, 5.522539765439045,51.853560459519805, 46.86556642387849,0.28760401484496023, 284.8916624314082,  58.51222885021332, 347976.2083153608,      0.0, 347976.2083153608,   1.0
0.021879072670276487, 0.02014683361927881, 4.522539765439045,52.853560459519805, 46.86556642387849,0.28760401484496023, 284.8916624314082,  58.51222885021332,347432.47726036015,      0.0,347432.47726036015,   1.0
0.021879072670276487, 0.02014683361927881, 4.522539765439045,51.853560459519805, 47.86556642387849,0.28760401484496023, 284.8916624314082,  58.51222885021332,347333.03563282674,      0.0,347333.03563282674,   1.0
0.021879072670276487, 0.02014683361927881, 4.522539765439045,51.853560459519805, 46.86556642387849,         0.59999942, 284.8916624314082,  58.51222885021332, 328192.2218039739,      0.0, 328192.2218039739,   1.0
0.021879072670276487, 0.02014683361927881, 4.522539765439045,51.853560459519805, 46.86556642387849,0.28760401484496023, 285.8916624314082,  58.51222885021332,347413.65055379365,      0.0,347413.65055379365,   1.0
0.021879072670276487, 0.02014683361927881, 4.522539765439045,51.853560459519805, 46.86556642387849,0.28760401484496023, 284.8916624314082,  59.51222885021332, 347158.3911453521,      0.0, 347158.3911453521,   1.0
 0.29999939999999997, 0.29999939999999997, 48.28481267899735, 74.02588690294992,143.99179929979607,         0.02000058,195.17682068141602,  16.29523982667601,224336.50239498285,      0.0,224336.50239498285,   1.0
-0.29999939999999997, 0.29999939999999997, 48.28481267899735, 74.02588690294992,143.99179929979607,         0.02000058,195.17682068141602,  16.29523982667601,123796.44303928863,      0.0,123796.44303928863,   1.0
 0.29999939999999997,-0.29999939999999997, 48.28481267899735, 74.02588690294992,143.99179929979607,         0.02000058,195.17682068141602,  16.29523982667601,182062.78150038762,      0.0,182062.78150038762,   1.0
 0.29999939999999997, 0.29999939999999997, 49.28481267899735, 74.02588690294992,143.99179929979607,         0.02000058,195.17682068141602,  16.29523982667601,223914.20816842339,      0.0,223914.20816842339,   1.0
 0.29999939999999997, 0.29999939999999997, 48.28481267899735, 75.02588690294992,143.99179929979607,         0.02000058,195.17682068141602,  16.29523982667601,232376.66858538063,      0.0,232376.66858538063,   1.0
 0.29999939999999997, 0.29999939999999997, 48.28481267899735, 74.02588690294992,144.99179929979607,         0.02000058,195.17682068141602,  16.29523982667601,223885.71046945394,      0.0,223885.71046945394,   1.0
 0.29999939999999997, 0.29999939999999997, 48.28481267899735, 74.02588690294992,143.99179929979607,         0.59999942,195.17682068141602,  16.29523982667601,203295.69764936916,      0.0,203295.69764936916,   1.0
 0.29999939999999997, 0.29999939999999997, 48.28481267899735, 74.02588690294992,143.99179929979607,         0.02000058,196.17682068141602,  16.29523982667601,224375.66108245542,      0.0,224375.66108245542,   1.0
 0.29999939999999997, 0.29999939999999997, 48.28481267899735, 74.02588690294992,143.99179929979607,         0.02000058,195.17682068141602,  17.29523982667601,226410.56314454705,      0.0,226410.56314454705,   1.0
 0.04116617422869208,0.039554062572987006, 7.557367928539273, 53.39116799797849,53.601080995754025,0.26904623924189663, 278.6701133603908, 55.584563107097175, 343628.8187632246,      0.0, 343628.8187632246,   1.0
-0.29999939999999997,0.039554062572987006, 7.557367928539273, 53.39116799797849,53.601080995754025,0.26904623924189663, 278.6701133603908, 55.584563107097175, 315366.2618170375,      0.0, 315366.2618170375,   1.0
 0.04116617422869208,-0.29999939999999997, 7.557367928539273, 53.39116799797849,53.601080995754025,0.26904623924189663, 278.6701133603908, 55.584563107097175, 333275.7151007413,      0.0, 333275.7151007413,   1.0
 0.04116617422869208,0.039554062572987006, 8.557367928539273, 53.39116799797849,53.601080995754025,0.26904623924189663, 278.6701133603908, 55.584563107097175, 344329.8039079606,      0.0, 344329.8039079606,   1.0
 0.04116617422869208,0.039554062572987006, 7.557367928539273, 54.39116799797849,53.601080995754025,0.26904623924189663, 278.6701133603908, 55.584563107097175,343898.87700312916,      0.0,343898.87700312916,   1.0
 0.04116617422869208,0.039554062572987006, 7.557367928539273, 53.39116799797849,54.601080995754025,0.26904623924189663, 278.6701133603908, 55.584563107097175, 343735.2674109497,      0.0, 343735.2674109497,   1.0
 0.04116617422869208,0.039554062572987006, 7.557367928539273, 53.39116799797849,53.601080995754025,         0.59999942, 278.6701133603908, 55.584563107097175, 323861.8568059129,      0.0, 323861.8568059129,   1.0
 0.04116617422869208,0.039554062572987006, 7.557367928539273, 53.39116799797849,53.601080995754025,0.26904623924189663, 279.6701133603908, 55.584563107097175, 343678.1881804849,      0.0, 343678.1881804849,   1.0
 0.04116617422869208,0.039554062572987006, 7.557367928539273, 53.39116799797849,53.601080995754025,0.26904623924189663, 278.6701133603908, 56.584563107097175,343579.94490679726,      0.0,343579.94490679726,   1.0
  0.0240120889483918,0.022293135133064745, 4.858170179037974, 52.02360891905385,47.610466438003456, 0.2855516568311313,284.20360334677173,  58.18844983821229, 346753.3795394002,      0.0, 346753.3795394002,   1.0
-0.29999939999999997,0.022293135133064745, 4.858170179037974, 52.02360891905385,47.610466438003456, 0.2855516568311313,284.20360334677173,  58.18844983821229,325118.42346844054,      0.0,325118.42346844054,   1.0
  0.0240120889483918,-0.29999939999999997, 4.858170179037974, 52.02360891905385,47.610466438003456, 0.2855516568311313,284.20360334677173,  58.18844983821229,329124.30613022024,      0.0,329124.30613022024,   1.0
  0.0240120889483918,0.022293135133064745, 5.858170179037974, 52.02360891905385,47.610466438003456, 0.2855516568311313,284.20360334677173,  58.18844983821229, 347429.7306491372,      0.0, 347429.7306491372,   1.0
  0.0240120889483918,0.022293135133064745, 4.858170179037974, 53.02360891905385,47.610466438003456, 0.2855516568311313,284.20360334677173,  58.18844983821229,346877.97708233073,      0.0,346877.97708233073,   1.0
  0.0240120889483918,0.022293135133064745, 4.858170179037974, 52.02360891905385,48.610466438003456, 0.2855516568311313,284.20360334677173,  58.18844983821229, 346912.9773254541,      0.0, 346912.9773254541,   1.0
  0.0240120889483918,0.022293135133064745, 4.858170179037974, 52.02360891905385,47.610466438003456,         0.59999942,284.20360334677173,  58.18844983821229,327604.30095427996,      0.0,327604.30095427996,   1.0
  0.0240120889483918,0.022293135133064745, 4.858170179037974, 52.02360891905385,47.610466438003456, 0.2855516568311313,285.20360334677173,  58.18844983821229, 346797.7566338026,      0.0, 346797.7566338026,   1.0
  0.0240120889483918,0.022293135133064745, 4.858170179037974, 52.02360891905385,47.610466438003456, 0.2855516568311313,284.20360334677173,  59.18844983821229, 346630.0351166857,      0.0, 346630.0351166857,   1.0
 0.02207565361225786, 0.02034463894204404, 4.553471804514327, 51.86923229789284,46.934217164128825, 0.2874148674503618, 284.8282502088272,  58.48238904832058,347263.09676391416,      0.0,347263.09676391416,   1.0
-0.29999939999999997, 0.02034463894204404, 4.553471804514327, 51.86923229789284,46.934217164128825, 0.2874148674503618, 284.8282502088272,  58.48238904832058, 326132.9768329311,      0.0, 326132.9768329311,   1.0
 0.02207565361225786,-0.29999939999999997, 4.553471804514327, 51.86923229789284,46.934217164128825, 0.2874148674503618, 284.8282502088272,  58.48238904832058, 328678.0976899548,      0.0, 328678.0976899548,   1.0
 0.02207565361225786, 0.02034463894204404, 5.553471804514327, 51.86923229789284,46.934217164128825, 0.2874148674503618, 284.8282502088272,  58.48238904832058, 347916.5663719324,      0.0, 347916.5663719324,   1.0
 0.02207565361225786, 0.02034463894204404, 4.553471804514327, 52.86923229789284,46.934217164128825, 0.2874148674503618, 284.8282502088272,  58.48238904832058,347398.98028465535,      0.0,347398.98028465535,   1.0
 0.02207565361225786, 0.02034463894204404, 4.553471804514327, 51.86923229789284,47.934217164128825, 0.2874148674503618, 284.8282502088272,  58.48238904832058,347218.37073475355,      0.0,347218.37073475355,   1.0
 0.02207565361225786, 0.02034463894204404, 4.553471804514327, 51.86923229789284,46.934217164128825,         0.59999942, 284.8282502088272,  58.48238904832058, 328090.1145623838,      0.0, 328090.1145623838,   1.0
 0.02207565361225786, 0.02034463894204404, 4.553471804514327, 51.86923229789284,46.934217164128825, 0.2874148674503618, 285.8282502088272,  58.48238904832058, 347360.7337450808,      0.0, 347360.7337450808,   1.0
 0.02207565361225786, 0.02034463894204404, 4.553471804514327, 51.86923229789284,46.934217164128825, 0.2874148674503618, 284.8282502088272,  59.48238904832058,  347104.859412727,      0.0,  347104.859412727,   1.0
0.021895565071653675,0.020163428741596913, 4.525134847132634, 51.85487526779248, 46.87132596268036,  0.287588146090239,284.88634238452835,   58.5097254031097, 347297.0334383872,      0.0, 347297.0334383872,   1.0
-0.29999939999999997,0.020163428741596913, 4.525134847132634, 51.85487526779248, 46.87132596268036,  0.287588146090239,284.88634238452835,   58.5097254031097,326219.42797804694,      0.0,326219.42797804694,   1.0
0.021895565071653675,-0.29999939999999997, 4.525134847132634, 51.85487526779248, 46.87132596268036,  0.287588146090239,284.88634238452835,   58.5097254031097, 328503.9730217018,      0.0, 328503.9730217018,   1.0
0.021895565071653675,0.020163428741596913, 5.525134847132634, 51.85487526779248, 46.87132596268036,  0.287588146090239,284.88634238452835,   58.5097254031097, 347941.6811705022,      0.0, 347941.6811705022,   1.0
0.021895565071653675,0.020163428741596913, 4.525134847132634, 52.85487526779248, 46.87132596268036,  0.287588146090239,284.88634238452835,   58.5097254031097, 347430.0701610337,      0.0, 347430.0701610337,   1.0
0.021895565071653675,0.020163428741596913, 4.525134847132634, 51.85487526779248, 47.87132596268036,  0.287588146090239,284.88634238452835,   58.5097254031097, 347332.2509285889,      0.0, 347332.2509285889,   1.0
0.021895565071653675,0.020163428741596913, 4.525134847132634, 51.85487526779248, 46.87132596268036,         0.59999942,284.88634238452835,   58.5097254031097, 328148.2852936529,      0.0, 328148.2852936529,   1.0
0.021895565071653675,0.020163428741596913, 4.525134847132634, 51.85487526779248, 46.87132596268036,  0.287588146090239,285.88634238452835,   58.5097254031097, 347380.2586363275,      0.0, 347380.2586363275,   1.0
0.021895565071653675,0.020163428741596913, 4.525134847132634, 51.85487526779248, 46.87132596268036,  0.287588146090239,284.88634238452835,   59.5097254031097, 347128.7735008139,      0.0, 347128.7735008139,   1.0
 0.02187941536289827,0.020147178446320427,  4.52259368817164, 51.85358777968282, 46.86568610029232, 0.2876036851109794,284.89155188711743,  58.51217683153928,347331.87243730196,      0.0,347331.87243730196,   1.0
-0.29999939999999997,0.020147178446320427,  4.52259368817164, 51.85358777968282, 46.86568610029232, 0.2876036851109794,284.89155188711743,  58.51217683153928, 326222.8201112139,      0.0, 326222.8201112139,   1.0
 0.02187941536289827,-0.29999939999999997,  4.52259368817164, 51.85358777968282, 46.86568610029232, 0.2876036851109794,284.89155188711743,  58.51217683153928,328478.66936755745,      0.0,328478.66936755745,   1.0
 0.02187941536289827,0.020147178446320427,  5.52259368817164, 51.85358777968282, 46.86568610029232, 0.2876036851109794,284.89155188711743,  58.51217683153928, 347976.2132297326,      0.0, 347976.2132297326,   1.0
 0.02187941536289827,0.020147178446320427,  4.52259368817164, 52.85358777968282, 46.86568610029232, 0.2876036851109794,284.89155188711743,  58.51217683153928, 347432.3896528998,      0.0, 347432.3896528998,   1.0
 0.02187941536289827,0.020147178446320427,  4.52259368817164, 51.85358777968282, 47.86568610029232, 0.2876036851109794,284.89155188711743,  58.51217683153928,347333.18615084863,      0.0,347333.18615084863,   1.0
 0.02187941536289827,0.020147178446320427,  4.52259368817164, 51.85358777968282, 46.86568610029232,         0.59999942,284.89155188711743,  58.51217683153928, 328192.2293668041,      0.0, 328192.2293668041,   1.0
 0.02187941536289827,0.020147178446320427,  4.52259368817164, 51.85358777968282, 46.86568610029232, 0.2876036851109794,285.89155188711743,  58.51217683153928, 347414.5359258839,      0.0, 347414.5359258839,   1.0
 0.02187941536289827,0.020147178446320427,  4.52259368817164, 51.85358777968282, 46.86568610029232, 0.2876036851109794,284.89155188711743,  59.51217683153928, 347158.3855638824,      0.0, 347158.3855638824,   1.0
0.021890074170676836,0.020157903641202908, 4.524270853085896,51.854437521835195, 46.86940840946843,0.28759342935729076, 284.8881136154086, 58.510558888775755,347330.92355855834,      0.0,347330.92355855834,   1.0
-0.29999939999999997,0.020157903641202908, 4.524270853085896,51.854437521835195, 46.86940840946843,0.28759342935729076, 284.8881136154086, 58.510558888775755, 326221.4829282238,      0.0, 326221.4829282238,   1.0
0.021890074170676836,-0.29999939999999997, 4.524270853085896,51.854437521835195, 46.86940840946843,0.28759342935729076, 284.8881136154086, 58.510558888775755,328479.36630218825,      0.0,328479.36630218825,   1.0
0.021890074170676836,0.020157903641202908, 5.524270853085896,51.854437521835195, 46.86940840946843,0.28759342935729076, 284.8881136154086, 58.510558888775755,  347974.362427952,      0.0,  347974.362427952,   1.0
0.021890074170676836,0.020157903641202908, 4.524270853085896,52.854437521835195, 46.86940840946843,0.28759342935729076, 284.8881136154086, 58.510558888775755, 347430.3306469476,      0.0, 347430.3306469476,   1.0
0.021890074170676836,0.020157903641202908, 4.524270853085896,51.854437521835195, 47.86940840946843,0.28759342935729076, 284.8881136154086, 58.510558888775755,347332.21848319046,      0.0,347332.21848319046,   1.0
0.021890074170676836,0.020157903641202908, 4.524270853085896,51.854437521835195, 46.86940840946843,         0.59999942, 284.8881136154086, 58.510558888775755,328185.71796615934,      0.0,328185.71796615934,   1.0
0.021890074170676836,0.020157903641202908, 4.524270853085896,51.854437521835195, 46.86940840946843,0.28759342935729076, 285.8881136154086, 58.510558888775755,347413.81141578953,      0.0,347413.81141578953,   1.0
0.021890074170676836,0.020157903641202908, 4.524270853085896,51.854437521835195, 46.86940840946843,0.28759342935729076, 284.8881136154086, 59.510558888775755, 347160.7271754865,      0.0, 347160.7271754865,   1.0
0.021881020917906144, 0.02014879400133481, 4.522846322479628, 51.85371577784138,  46.8662467982862,0.28760214026871966,  284.891033974188,  58.51193311796826, 347332.2608300171,      0.0, 347332.2608300171,   1.0
-0.29999939999999997, 0.02014879400133481, 4.522846322479628, 51.85371577784138,  46.8662467982862,0.28760214026871966,  284.891033974188,  58.51193311796826,  326224.435864922,      0.0,  326224.435864922,   1.0
0.021881020917906144,-0.29999939999999997, 4.522846322479628, 51.85371577784138,  46.8662467982862,0.28760214026871966,  284.891033974188,  58.51193311796826,  328478.679290747,      0.0,  328478.679290747,   1.0
0.021881020917906144, 0.02014879400133481, 5.522846322479628, 51.85371577784138,  46.8662467982862,0.28760214026871966,  284.891033974188,  58.51193311796826,347976.77487558895,      0.0,347976.77487558895,   1.0
0.021881020917906144, 0.02014879400133481, 4.522846322479628, 52.85371577784138,  46.8662467982862,0.28760214026871966,  284.891033974188,  58.51193311796826,347430.34318124014,      0.0,347430.34318124014,   1.0
0.021881020917906144, 0.02014879400133481, 4.522846322479628, 51.85371577784138,  47.8662467982862,0.28760214026871966,  284.891033974188,  58.51193311796826,347333.15681199543,      0.0,347333.15681199543,   1.0
0.021881020917906144, 0.02014879400133481, 4.522846322479628, 51.85371577784138,  46.8662467982862,         0.59999942,  284.891033974188,  58.51193311796826, 328192.8786376853,      0.0, 328192.8786376853,   1.0
0.021881020917906144, 0.02014879400133481, 4.522846322479628, 51.85371577784138,  46.8662467982862,0.28760214026871966,  285.891033974188,  58.51193311796826, 347414.9744372099,      0.0, 347414.9744372099,   1.0
0.021881020917906144, 0.02014879400133481, 4.522846322479628, 51.85371577784138,  46.8662467982862,0.28760214026871966,  284.891033974188,  59.51193311796826,347158.93049982603,      0.0,347158.93049982603,   1.0
  0.0218869960647348, 0.02015480636364775, 4.523786512679765,51.854192128877294, 46.86833346166647, 0.2875963910671766, 284.8891065373936,   58.5110261267012,  347331.893027031,      0.0,  347331.893027031,   1.0
-0.29999939999999997, 0.02015480636364775, 4.523786512679765,51.854192128877294, 46.86833346166647, 0.2875963910671766, 284.8891065373936,   58.5110261267012,326221.64703825227,      0.0,326221.64703825227,   1.0
  0.0218869960647348,-0.29999939999999997, 4.523786512679765,51.854192128877294, 46.86833346166647, 0.2875963910671766, 284.8891065373936,   58.5110261267012,328478.11358158384,      0.0,328478.11358158384,   1.0
  0.0218869960647348, 0.02015480636364775, 5.523786512679765,51.854192128877294, 46.86833346166647, 0.2875963910671766, 284.8891065373936,   58.5110261267012, 347976.0753499893,      0.0, 347976.0753499893,   1.0
  0.0218869960647348, 0.02015480636364775, 4.523786512679765,52.854192128877294, 46.86833346166647, 0.2875963910671766, 284.8891065373936,   58.5110261267012,347429.32109846943,      0.0,347429.32109846943,   1.0
  0.0218869960647348, 0.02015480636364775, 4.523786512679765,51.854192128877294, 47.86833346166647, 0.2875963910671766, 284.8891065373936,   58.5110261267012,347331.76976176066,      0.0,347331.76976176066,   1.0
  0.0218869960647348, 0.02015480636364775, 4.523786512679765,51.854192128877294, 46.86833346166647,         0.59999942, 284.8891065373936,   58.5110261267012, 328190.5952322617,      0.0, 328190.5952322617,   1.0
  0.0218869960647348, 0.02015480636364775, 4.523786512679765,51.854192128877294, 46.86833346166647, 0.2875963910671766, 285.8891065373936,   58.5110261267012, 347415.0695912297,      0.0, 347415.0695912297,   1.0
  0.0218869960647348, 0.02015480636364775, 4.523786512679765,51.854192128877294, 46.86833346166647, 0.2875963910671766, 284.8891065373936,   59.5110261267012,347162.01511549874,      0.0,347162.01511549874,   1.0
0.021882007566030898, 0.02014978679467889, 4.523001571701861, 51.85379443546601,46.866591359276946,  0.287601190929886, 284.8907157055407, 58.511783350730994,347332.25711209094,      0.0,347332.25711209094,   1.0
          -0.2999994, 0.02014978679467889, 4.523001571701861, 51.85379443546601,46.866591359276946,  0.287601190929886, 284.8907157055407, 58.511783350730994, 326224.4324392873,      0.0, 326224.4324392873,   1.0
0.021882007566030898,-0.29999939999999997, 4.523001571701861, 51.85379443546601,46.866591359276946,  0.287601190929886, 284.8907157055407, 58.511783350730994, 328478.0382560593,      0.0, 328478.0382560593,   1.0
0.021882007566030898, 0.02014978679467889, 5.523001571701861, 51.85379443546601,46.866591359276946,  0.287601190929886, 284.8907157055407, 58.511783350730994, 347977.0485670398,      0.0, 347977.0485670398,   1.0
0.021882007566030898, 0.02014978679467889, 4.523001571701861, 52.85379443546601,46.866591359276946,  0.287601190929886, 284.8907157055407, 58.511783350730994, 347430.3079217924,      0.0, 347430.3079217924,   1.0
0.021882007566030898, 0.02014978679467889, 4.523001571701861, 51.85379443546601,47.866591359276946,  0.287601190929886, 284.8907157055407, 58.511783350730994, 347333.1691006571,      0.0, 347333.1691006571,   1.0
0.021882007566030898, 0.02014978679467889, 4.523001571701861, 51.85379443546601,46.866591359276946,         0.59999942, 284.8907157055407, 58.511783350730994, 328192.0880776889,      0.0, 328192.0880776889,   1.0
0.021882007566030898, 0.02014978679467889, 4.523001571701861, 51.85379443546601,46.866591359276946,  0.287601190929886, 285.8907157055407, 58.511783350730994,347415.00455081085,      0.0,347415.00455081085,   1.0
0.021882007566030898, 0.02014978679467889, 4.523001571701861, 51.85379443546601,46.866591359276946,  0.287601190929886, 284.8907157055407, 59.511783350730994,347158.94447071885,      0.0,347158.94447071885,   1.0
0.021881225816803178, 0.02014900017642001, 4.522878563350109,51.853732112804295,46.866318353854176, 0.2876019431179067, 284.8909678787958,  58.51190201555094, 347332.2608300171,      0.0, 347332.2608300171,   1.0
-0.29999939999999997, 0.02014900017642001, 4.522878563350109,51.853732112804295,46.866318353854176, 0.2876019431179067, 284.8909678787958,  58.51190201555094,  326224.435864922,      0.0,  326224.435864922,   1.0
0.021881225816803178,-0.29999939999999997, 4.522878563350109,51.853732112804295,46.866318353854176, 0.2876019431179067, 284.8909678787958,  58.51190201555094,328478.70552361896,      0.0,328478.70552361896,   1.0
0.021881225816803178, 0.02014900017642001, 5.522878563350109,51.853732112804295,46.866318353854176, 0.2876019431179067, 284.8909678787958,  58.51190201555094,347976.77487558895,      0.0,347976.77487558895,   1.0
0.021881225816803178, 0.02014900017642001, 4.522878563350109,52.853732112804295,46.866318353854176, 0.2876019431179067, 284.8909678787958,  58.51190201555094,347430.34318124014,      0.0,347430.34318124014,   1.0
0.021881225816803178, 0.02014900017642001, 4.522878563350109,51.853732112804295,47.866318353854176, 0.2876019431179067, 284.8909678787958,  58.51190201555094,347333.15681199543,      0.0,347333.15681199543,   1.0
0.021881225816803178, 0.02014900017642001, 4.522878563350109,51.853732112804295,46.866318353854176,         0.59999942, 284.8909678787958,  58.51190201555094, 328192.8786376853,      0.0, 328192.8786376853,   1.0
0.021881225816803178, 0.02014900017642001, 4.522878563350109,51.853732112804295,46.866318353854176, 0.2876019431179067, 285.8909678787958,  58.51190201555094, 347414.9923338281,      0.0, 347414.9923338281,   1.0
0.021881225816803178, 0.02014900017642001, 4.522878563350109,51.853732112804295,46.866318353854176, 0.2876019431179067, 284.8909678787958,  59.51190201555094,347158.93185690866,      0.0,347158.93185690866,   1.0
0.021881741771293473,0.020149519344470873, 4.522959748862266,51.853773245761026,  46.8664985374332,0.28760144667381304, 284.8908014444474, 58.511823696769774, 347332.2605725207,      0.0, 347332.2605725207,   1.0
-0.29999939999999997,0.020149519344470873, 4.522959748862266,51.853773245761026,  46.8664985374332,0.28760144667381304, 284.8908014444474, 58.511823696769774, 326224.4324392873,      0.0, 326224.4324392873,   1.0
0.021881741771293473,          -0.2999994, 4.522959748862266,51.853773245761026,  46.8664985374332,0.28760144667381304, 284.8908014444474, 58.511823696769774, 328476.1088837491,      0.0, 328476.1088837491,   1.0
0.021881741771293473,0.020149519344470873, 5.522959748862266,51.853773245761026,  46.8664985374332,0.28760144667381304, 284.8908014444474, 58.511823696769774, 347977.0519915791,      0.0, 347977.0519915791,   1.0
0.021881741771293473,0.020149519344470873, 4.522959748862266,52.853773245761026,  46.8664985374332,0.28760144667381304, 284.8908014444474, 58.511823696769774, 347430.3418505162,      0.0, 347430.3418505162,   1.0
0.021881741771293473,0.020149519344470873, 4.522959748862266,51.853773245761026,  47.8664985374332,0.28760144667381304, 284.8908014444474, 58.511823696769774,347333.15736182453,      0.0,347333.15736182453,   1.0
0.021881741771293473,0.020149519344470873, 4.522959748862266,51.853773245761026,  46.8664985374332,         0.59999942, 284.8908014444474, 58.511823696769774,328192.07214604144,      0.0,328192.07214604144,   1.0
0.021881741771293473,0.020149519344470873, 4.522959748862266,51.853773245761026,  46.8664985374332,0.28760144667381304, 285.8908014444474, 58.511823696769774, 347415.0080193994,      0.0, 347415.0080193994,   1.0
0.021881741771293473,0.020149519344470873, 4.522959748862266,51.853773245761026,  46.8664985374332,0.28760144667381304, 284.8908014444474, 59.511823696769774,347158.93185690866,      0.0,347158.93185690866,   1.0
0.021881334590565786, 0.02014910962766693,4.5228956789170685,51.853740784473125,46.866356340239065, 0.2876018384573349,   284.89093279103,  58.51188550434953, 347332.2608300171,      0.0, 347332.2608300171,   1.0
-0.29999939999999997, 0.02014910962766693,4.5228956789170685,51.853740784473125,46.866356340239065, 0.2876018384573349,   284.89093279103,  58.51188550434953,  326224.435864922,      0.0,  326224.435864922,   1.0
0.021881334590565786,-0.29999939999999997,4.5228956789170685,51.853740784473125,46.866356340239065, 0.2876018384573349,   284.89093279103,  58.51188550434953, 328476.1107222176,      0.0, 328476.1107222176,   1.0
0.021881334590565786, 0.02014910962766693,5.5228956789170685,51.853740784473125,46.866356340239065, 0.2876018384573349,   284.89093279103,  58.51188550434953,347976.85899206594,      0.0,347976.85899206594,   1.0
0.021881334590565786, 0.02014910962766693,4.5228956789170685,52.853740784473125,46.866356340239065, 0.2876018384573349,   284.89093279103,  58.51188550434953, 347430.3418505162,      0.0, 347430.3418505162,   1.0
0.021881334590565786, 0.02014910962766693,4.5228956789170685,51.853740784473125,47.866356340239065, 0.2876018384573349,   284.89093279103,  58.51188550434953,347333.15681199543,      0.0,347333.15681199543,   1.0
0.021881334590565786, 0.02014910962766693,4.5228956789170685,51.853740784473125,46.866356340239065,         0.59999942,   284.89093279103,  58.51188550434953,328192.07214604144,      0.0,328192.07214604144,   1.0
0.021881334590565786, 0.02014910962766693,4.5228956789170685,51.853740784473125,46.866356340239065, 0.2876018384573349,   285.89093279103,  58.51188550434953, 347414.9923338281,      0.0, 347414.9923338281,   1.0
0.021881334590565786, 0.02014910962766693,4.5228956789170685,51.853740784473125,46.866356340239065, 0.2876018384573349,   284.89093279103,  59.51188550434953,347158.93185690866,      0.0,347158.93185690866,   1.0
  0.0218814203821665,0.020149195953610324,4.5229091782375965, 51.85374762395658,46.866386300706424, 0.2876017559098733,284.89090511674976,  58.51187248170174, 347332.2608300171,      0.0, 347332.2608300171,   1.0
-0.29999939999999997,0.020149195953610324,4.5229091782375965, 51.85374762395658,46.866386300706424, 0.2876017559098733,284.89090511674976,  58.51187248170174,  326224.435864922,      0.0,  326224.435864922,   1.0
  0.0218814203821665,-0.29999939999999997,4.5229091782375965, 51.85374762395658,46.866386300706424, 0.2876017559098733,284.89090511674976,  58.51187248170174, 328476.1107222176,      0.0, 328476.1107222176,   1.0
  0.0218814203821665,0.020149195953610324,5.5229091782375965, 51.85374762395658,46.866386300706424, 0.2876017559098733,284.89090511674976,  58.51187248170174,347976.85899206594,      0.0,347976.85899206594,   1.0
  0.0218814203821665,0.020149195953610324,4.5229091782375965, 52.85374762395658,46.866386300706424, 0.2876017559098733,284.89090511674976,  58.51187248170174, 347430.3418505162,      0.0, 347430.3418505162,   1.0
  0.0218814203821665,0.020149195953610324,4.5229091782375965, 51.85374762395658,47.866386300706424, 0.2876017559098733,284.89090511674976,  58.51187248170174,347333.15681199543,      0.0,347333.15681199543,   1.0
  0.0218814203821665,0.020149195953610324,4.5229091782375965, 51.85374762395658,46.866386300706424,         0.59999942,284.89090511674976,  58.51187248170174,328192.07214604144,      0.0,328192.07214604144,   1.0
  0.0218814203821665,0.020149195953610324,4.5229091782375965, 51.85374762395658,46.866386300706424, 0.2876017559098733,285.89090511674976,  58.51187248170174, 347414.9923338281,      0.0, 347414.9923338281,   1.0
  0.0218814203821665,0.020149195953610324,4.5229091782375965, 51.85374762395658,46.866386300706424, 0.2876017559098733,284.89090511674976,  59.51187248170174,347158.93185690866,      0.0,347158.93185690866,   1.0
0.021881632498990302,0.020149409391578284,4.5229425548498785, 51.85376453434751,  46.8664603769461,0.28760155181407354, 284.8908366930302,  58.51184028364664, 347332.2605725207,      0.0, 347332.2605725207,   1.0
-0.29999939999999997,0.020149409391578284,4.5229425548498785, 51.85376453434751,  46.8664603769461,0.28760155181407354, 284.8908366930302,  58.51184028364664,326224.43544170784,      0.0,326224.43544170784,   1.0
0.021881632498990302,-0.29999939999999997,4.5229425548498785, 51.85376453434751,  46.8664603769461,0.28760155181407354, 284.8908366930302,  58.51184028364664, 328476.1090827866,      0.0, 328476.1090827866,   1.0
0.021881632498990302,0.020149409391578284,5.5229425548498785, 51.85376453434751,  46.8664603769461,0.28760155181407354, 284.8908366930302,  58.51184028364664,347976.85899206594,      0.0,347976.85899206594,   1.0
0.021881632498990302,0.020149409391578284,4.5229425548498785, 52.85376453434751,  46.8664603769461,0.28760155181407354, 284.8908366930302,  58.51184028364664, 347430.3418505162,      0.0, 347430.3418505162,   1.0
0.021881632498990302,0.020149409391578284,4.5229425548498785, 51.85376453434751,  47.8664603769461,0.28760155181407354, 284.8908366930302,  58.51184028364664,347333.15736182453,      0.0,347333.15736182453,   1.0
0.021881632498990302,0.020149409391578284,4.5229425548498785, 51.85376453434751,  46.8664603769461,         0.59999942, 284.8908366930302,  58.51184028364664,328192.07214604144,      0.0,328192.07214604144,   1.0
0.021881632498990302,0.020149409391578284,4.5229425548498785, 51.85376453434751,  46.8664603769461,0.28760155181407354, 285.8908366930302,  58.51184028364664, 347414.9987242891,      0.0, 347414.9987242891,   1.0
0.021881632498990302,0.020149409391578284,4.5229425548498785, 51.85376453434751,  46.8664603769461,0.28760155181407354, 284.8908366930302,  59.51184028364664,347158.93185690866,      0.0,347158.93185690866,   1.0
  0.0218814203821665,0.020149195953610324,4.5229091782375965, 51.85374762395658,46.866386300706424, 0.2876017559098733,284.89090511674976,  58.51187248170174, 347332.2608300171,      0.0, 347332.2608300171,   1.0
-0.29999939999999997,0.020149195953610324,4.5229091782375965, 51.85374762395658,46.866386300706424, 0.2876017559098733,284.89090511674976,  58.51187248170174,  326224.435864922,      0.0,  326224.435864922,   1.0
  0.0218814203821665,-0.29999939999999997,4.5229091782375965, 51.85374762395658,46.866386300706424, 0.2876017559098733,284.89090511674976,  58.51187248170174, 328476.1107222176,      0.0, 328476.1107222176,   1.0
  0.0218814203821665,0.020149195953610324,5.5229091782375965, 51.85374762395658,46.866386300706424, 0.2876017559098733,284.89090511674976,  58.51187248170174,347976.85899206594,      0.0,347976.85899206594,   1.0
  0.0218814203821665,0.020149195953610324,4.5229091782375965, 52.85374762395658,46.866386300706424, 0.2876017559098733,284.89090511674976,  58.51187248170174, 347430.3418505162,      0.0, 347430.3418505162,   1.0
  0.0218814203821665,0.020149195953610324,4.5229091782375965, 51.85374762395658,47.866386300706424, 0.2876017559098733,284.89090511674976,  58.51187248170174,347333.15681199543,      0.0,347333.15681199543,   1.0
  0.0218814203821665,0.020149195953610324,4.5229091782375965, 51.85374762395658,46.866386300706424,         0.59999942,284.89090511674976,  58.51187248170174,328192.07214604144,      0.0,328192.07214604144,   1.0
  0.0218814203821665,0.020149195953610324,4.5229091782375965, 51.85374762395658,46.866386300706424, 0.2876017559098733,285.89090511674976,  58.51187248170174, 347414.9923338281,      0.0, 347414.9923338281,   1.0
  0.0218814203821665,0.020149195953610324,4.5229091782375965, 51.85374762395658,46.866386300706424, 0.2876017559098733,284.89090511674976,  59.51187248170174,347158.93185690866,      0.0,347158.93185690866,   1.0
 0.29999939999999997, 0.29999939999999997,   7.1560670426367, 53.16165312434585, 52.71872728189615,         0.02000058, 285.2221762219793,   55.9651288433017,169312.00046466524,      0.0,169312.00046466524,   1.0
-0.29999939999999997, 0.29999939999999997,   7.1560670426367, 53.16165312434585, 52.71872728189615,         0.02000058, 285.2221762219793,   55.9651288433017,339352.64730915276,      0.0,339352.64730915276,   1.0
 0.29999939999999997,-0.29999939999999997,   7.1560670426367, 53.16165312434585, 52.71872728189615,         0.02000058, 285.2221762219793,   55.9651288433017,334224.54497931286,      0.0,334224.54497931286,   1.0
 0.29999939999999997, 0.29999939999999997,   8.1560670426367, 53.16165312434585, 52.71872728189615,         0.02000058, 285.2221762219793,   55.9651288433017, 170567.6754068873,      0.0, 170567.6754068873,   1.0
 0.29999939999999997, 0.29999939999999997,   7.1560670426367, 54.16165312434585, 52.71872728189615,         0.02000058, 285.2221762219793,   55.9651288433017,168149.46830082074,      0.0,168149.46830082074,   1.0
 0.29999939999999997, 0.29999939999999997,   7.1560670426367, 53.16165312434585, 53.71872728189615,         0.02000058, 285.2221762219793,   55.9651288433017,171964.11188622803,      0.0,171964.11188622803,   1.0
 0.29999939999999997, 0.29999939999999997,   7.1560670426367, 53.16165312434585, 52.71872728189615,         0.59999942, 285.2221762219793,   55.9651288433017,257911.90998414325,      0.0,257911.90998414325,   1.0
 0.29999939999999997, 0.29999939999999997,   7.1560670426367, 53.16165312434585, 52.71872728189615,         0.02000058, 286.2221762219793,   55.9651288433017,168603.38586382475,      0.0,168603.38586382475,   1.0
 0.29999939999999997, 0.29999939999999997,   7.1560670426367, 53.16165312434585, 52.71872728189615,         0.02000058, 285.2221762219793,   56.9651288433017,170924.30656521948,      0.0,170924.30656521948,   1.0
 0.03889776101757495, 0.03727152082266592, 4.684016026593785, 51.93377037381306,47.224455303607016,0.27122887426455344,284.91117357252165, 58.356052792080725, 340914.4102459358,      0.0, 340914.4102459358,   1.0
-0.29999939999999997, 0.03727152082266592, 4.684016026593785, 51.93377037381306,47.224455303607016,0.27122887426455344,284.91117357252165, 58.356052792080725,328013.02976836584,      0.0,328013.02976836584,   1.0
 0.03889776101757495,-0.29999939999999997, 4.684016026593785, 51.93377037381306,47.224455303607016,0.27122887426455344,284.91117357252165, 58.356052792080725, 332138.9335288737,      0.0, 332138.9335288737,   1.0
 0.03889776101757495, 0.03727152082266592, 5.684016026593785, 51.93377037381306,47.224455303607016,0.27122887426455344,284.91117357252165, 58.356052792080725, 341726.8913526554,      0.0, 341726.8913526554,   1.0
 0.03889776101757495, 0.03727152082266592, 4.684016026593785, 52.93377037381306,47.224455303607016,0.27122887426455344,284.91117357252165, 58.356052792080725, 340832.9430479738,      0.0, 340832.9430479738,   1.0
 0.03889776101757495, 0.03727152082266592, 4.684016026593785, 51.93377037381306,48.224455303607016,0.27122887426455344,284.91117357252165, 58.356052792080725, 341322.0987879883,      0.0, 341322.0987879883,   1.0
 0.03889776101757495, 0.03727152082266592, 4.684016026593785, 51.93377037381306,47.224455303607016,         0.59999942,284.91117357252165, 58.356052792080725,325242.05784925295,      0.0,325242.05784925295,   1.0
 0.03889776101757495, 0.03727152082266592, 4.684016026593785, 51.93377037381306,47.224455303607016,0.27122887426455344,285.91117357252165, 58.356052792080725, 340921.1463768808,      0.0, 340921.1463768808,   1.0
 0.03889776101757495, 0.03727152082266592, 4.684016026593785, 51.93377037381306,47.224455303607016,0.27122887426455344,284.91117357252165, 59.356052792080725,340816.07458990515,      0.0,340816.07458990515,   1.0
 0.02294096225042392,0.021215337051122163,  4.53294068000133, 51.85873033179622,46.888681875790816,0.28658227974993195,284.89216715527823,  58.50217019091021,346807.35322075075,      0.0,346807.35322075075,   1.0
-0.29999939999999997,0.021215337051122163,  4.53294068000133, 51.85873033179622,46.888681875790816,0.28658227974993195,284.89216715527823,  58.50217019091021, 326374.9653154559,      0.0, 326374.9653154559,   1.0
 0.02294096225042392,-0.29999939999999997,  4.53294068000133, 51.85873033179622,46.888681875790816,0.28658227974993195,284.89216715527823,  58.50217019091021, 328849.7687321146,      0.0, 328849.7687321146,   1.0
 0.02294096225042392,0.021215337051122163,  5.53294068000133, 51.85873033179622,46.888681875790816,0.28658227974993195,284.89216715527823,  58.50217019091021,  347492.680295396,      0.0,  347492.680295396,   1.0
 0.02294096225042392,0.021215337051122163,  4.53294068000133, 52.85873033179622,46.888681875790816,0.28658227974993195,284.89216715527823,  58.50217019091021, 346927.7762484882,      0.0, 346927.7762484882,   1.0
 0.02294096225042392,0.021215337051122163,  4.53294068000133, 51.85873033179622,47.888681875790816,0.28658227974993195,284.89216715527823,  58.50217019091021, 346928.6943684239,      0.0, 346928.6943684239,   1.0
 0.02294096225042392,0.021215337051122163,  4.53294068000133, 51.85873033179622,46.888681875790816,         0.59999942,284.89216715527823,  58.50217019091021,327990.75591982517,      0.0,327990.75591982517,   1.0
 0.02294096225042392,0.021215337051122163,  4.53294068000133, 51.85873033179622,46.888681875790816,0.28658227974993195,285.89216715527823,  58.50217019091021, 346914.9081289757,      0.0, 346914.9081289757,   1.0
 0.02294096225042392,0.021215337051122163,  4.53294068000133, 51.85873033179622,46.888681875790816,0.28658227974993195,284.89216715527823,  59.50217019091021,346661.66345492366,      0.0,346661.66345492366,   1.0
 0.02193339074176849,0.020201490004354426,4.5234012217987125, 51.85399202498119,46.867479895107344, 0.2875517507668722,284.89096701953827,  58.51139658588629,347288.79001143906,      0.0,347288.79001143906,   1.0
-0.29999939999999997,0.020201490004354426,4.5234012217987125, 51.85399202498119,46.867479895107344, 0.2875517507668722,284.89096701953827,  58.51139658588629, 326227.6836992804,      0.0, 326227.6836992804,   1.0
 0.02193339074176849,-0.29999939999999997,4.5234012217987125, 51.85399202498119,46.867479895107344, 0.2875517507668722,284.89096701953827,  58.51139658588629, 328506.2501838566,      0.0, 328506.2501838566,   1.0
 0.02193339074176849,0.020201490004354426,5.5234012217987125, 51.85399202498119,46.867479895107344, 0.2875517507668722,284.89096701953827,  58.51139658588629, 347932.9060002724,      0.0, 347932.9060002724,   1.0
 0.02193339074176849,0.020201490004354426,4.5234012217987125, 52.85399202498119,46.867479895107344, 0.2875517507668722,284.89096701953827,  58.51139658588629,347415.40337572753,      0.0,347415.40337572753,   1.0
 0.02193339074176849,0.020201490004354426,4.5234012217987125, 51.85399202498119,47.867479895107344, 0.2875517507668722,284.89096701953827,  58.51139658588629, 347301.9938801568,      0.0, 347301.9938801568,   1.0
 0.02193339074176849,0.020201490004354426,4.5234012217987125, 51.85399202498119,46.867479895107344,         0.59999942,284.89096701953827,  58.51139658588629,328147.42623776814,      0.0,328147.42623776814,   1.0
 0.02193339074176849,0.020201490004354426,4.5234012217987125, 51.85399202498119,46.867479895107344, 0.2875517507668722,285.89096701953827,  58.51139658588629,347369.87492043275,      0.0,347369.87492043275,   1.0
 0.02193339074176849,0.020201490004354426,4.5234012217987125, 51.85399202498119,46.867479895107344, 0.2875517507668722,284.89096701953827,  59.51139658588629, 347119.1173548153,      0.0, 347119.1173548153,   1.0
0.021883091615393643,0.020150877595912876, 4.522925001094218,51.853755483265545, 46.86642146789237,0.28760014787296245, 284.8909071073844,  58.51185717811512, 347332.2605725207,      0.0, 347332.2605725207,   1.0
-0.29999939999999997,0.020150877595912876, 4.522925001094218,51.853755483265545, 46.86642146789237,0.28760014787296245, 284.8909071073844,  58.51185717811512, 326224.4357215211,      0.0, 326224.4357215211,   1.0
0.021883091615393643,-0.29999939999999997, 4.522925001094218,51.853755483265545, 46.86642146789237,0.28760014787296245, 284.8909071073844,  58.51185717811512, 328476.1050457854,      0.0, 328476.1050457854,   1.0
0.021883091615393643,0.020150877595912876, 5.522925001094218,51.853755483265545, 46.86642146789237,0.28760014787296245, 284.8909071073844,  58.51185717811512,347976.85798791744,      0.0,347976.85798791744,   1.0
0.021883091615393643,0.020150877595912876, 4.522925001094218,52.853755483265545, 46.86642146789237,0.28760014787296245, 284.8909071073844,  58.51185717811512, 347430.3093079041,      0.0, 347430.3093079041,   1.0
0.021883091615393643,0.020150877595912876, 4.522925001094218,51.853755483265545, 47.86642146789237,0.28760014787296245, 284.8909071073844,  58.51185717811512,347333.15736182453,      0.0,347333.15736182453,   1.0
0.021883091615393643,0.020150877595912876, 4.522925001094218,51.853755483265545, 46.86642146789237,         0.59999942, 284.8909071073844,  58.51185717811512,328192.07214604144,      0.0,328192.07214604144,   1.0
0.021883091615393643,0.020150877595912876, 4.522925001094218,51.853755483265545, 46.86642146789237,0.28760014787296245, 285.8909071073844,  58.51185717811512, 347415.3509566673,      0.0, 347415.3509566673,   1.0
0.021883091615393643,0.020150877595912876, 4.522925001094218,51.853755483265545, 46.86642146789237,0.28760014787296245, 284.8909071073844,  59.51185717811512, 347162.3518870326,      0.0, 347162.3518870326,   1.0
 0.02188177319187903,0.020149550960755772, 4.522912518559824,51.853749283114915,46.866393724759845, 0.2876014164413712, 284.8909055369875,  58.51186925100125, 347332.2608300171,      0.0, 347332.2608300171,   1.0
-0.29999939999999997,0.020149550960755772, 4.522912518559824,51.853749283114915,46.866393724759845, 0.2876014164413712, 284.8909055369875,  58.51186925100125,  326224.435864922,      0.0,  326224.435864922,   1.0
 0.02188177319187903,-0.29999939999999997, 4.522912518559824,51.853749283114915,46.866393724759845, 0.2876014164413712, 284.8909055369875,  58.51186925100125, 328476.1107222176,      0.0, 328476.1107222176,   1.0
 0.02188177319187903,0.020149550960755772, 5.522912518559824,51.853749283114915,46.866393724759845, 0.2876014164413712, 284.8909055369875,  58.51186925100125,347976.85899206594,      0.0,347976.85899206594,   1.0
 0.02188177319187903,0.020149550960755772, 4.522912518559824,52.853749283114915,46.866393724759845, 0.2876014164413712, 284.8909055369875,  58.51186925100125, 347430.3418505162,      0.0, 347430.3418505162,   1.0
 0.02188177319187903,0.020149550960755772, 4.522912518559824,51.853749283114915,47.866393724759845, 0.2876014164413712, 284.8909055369875,  58.51186925100125,347333.15681199543,      0.0,347333.15681199543,   1.0
 0.02188177319187903,0.020149550960755772, 4.522912518559824,51.853749283114915,46.866393724759845,         0.59999942, 284.8909055369875,  58.51186925100125,328192.07214604144,      0.0,328192.07214604144,   1.0
 0.02188177319187903,0.020149550960755772, 4.522912518559824,51.853749283114915,46.866393724759845, 0.2876014164413712, 285.8909055369875,  58.51186925100125, 347414.9923338281,      0.0, 347414.9923338281,   1.0
 0.02188177319187903,0.020149550960755772, 4.522912518559824,51.853749283114915,46.866393724759845, 0.2876014164413712, 284.8909055369875,  59.51186925100125,347158.93185690866,      0.0,347158.93185690866,   1.0
0.021881494837865837,0.020149270873048044, 4.522909883167247, 51.85374797409942,  46.8663878674521,0.28760168426965527, 284.8909052054352,  58.51187179990627, 347332.2608300171,      0.0, 347332.2608300171,   1.0
-0.29999939999999997,0.020149270873048044, 4.522909883167247, 51.85374797409942,  46.8663878674521,0.28760168426965527, 284.8909052054352,  58.51187179990627,  326224.435864922,      0.0,  326224.435864922,   1.0
0.021881494837865837,-0.29999939999999997, 4.522909883167247, 51.85374797409942,  46.8663878674521,0.28760168426965527, 284.8909052054352,  58.51187179990627, 328476.1107222176,      0.0, 328476.1107222176,   1.0
0.021881494837865837,0.020149270873048044, 5.522909883167247, 51.85374797409942,  46.8663878674521,0.28760168426965527, 284.8909052054352,  58.51187179990627,347976.85899206594,      0.0,347976.85899206594,   1.0
0.021881494837865837,0.020149270873048044, 4.522909883167247, 52.85374797409942,  46.8663878674521,0.28760168426965527, 284.8909052054352,  58.51187179990627, 347430.3418505162,      0.0, 347430.3418505162,   1.0
0.021881494837865837,0.020149270873048044, 4.522909883167247, 51.85374797409942,  47.8663878674521,0.28760168426965527, 284.8909052054352,  58.51187179990627,347333.15681199543,      0.0,347333.15681199543,   1.0
0.021881494837865837,0.020149270873048044, 4.522909883167247, 51.85374797409942,  46.8663878674521,         0.59999942, 284.8909052054352,  58.51187179990627,328192.07214604144,      0.0,328192.07214604144,   1.0
0.021881494837865837,0.020149270873048044, 4.522909883167247, 51.85374797409942,  46.8663878674521,0.28760168426965527, 285.8909052054352,  58.51187179990627, 347414.9923338281,      0.0, 347414.9923338281,   1.0
0.021881494837865837,0.020149270873048044, 4.522909883167247, 51.85374797409942,  46.8663878674521,0.28760168426965527, 284.8909052054352,  59.51187179990627,347158.93185690866,      0.0,347158.93185690866,   1.0
 0.02188143609502575, 0.02014921176433523, 4.522909327003379, 51.85374769784945,46.866386631346714,0.28760174079118295,284.89090513546563, 58.511872337818104, 347332.2608300171,      0.0, 347332.2608300171,   1.0
-0.29999939999999997, 0.02014921176433523, 4.522909327003379, 51.85374769784945,46.866386631346714,0.28760174079118295,284.89090513546563, 58.511872337818104,  326224.435864922,      0.0,  326224.435864922,   1.0
 0.02188143609502575,-0.29999939999999997, 4.522909327003379, 51.85374769784945,46.866386631346714,0.28760174079118295,284.89090513546563, 58.511872337818104, 328476.1107222176,      0.0, 328476.1107222176,   1.0
 0.02188143609502575, 0.02014921176433523, 5.522909327003379, 51.85374769784945,46.866386631346714,0.28760174079118295,284.89090513546563, 58.511872337818104,347976.85899206594,      0.0,347976.85899206594,   1.0
 0.02188143609502575, 0.02014921176433523, 4.522909327003379, 52.85374769784945,46.866386631346714,0.28760174079118295,284.89090513546563, 58.511872337818104, 347430.3418505162,      0.0, 347430.3418505162,   1.0
 0.02188143609502575, 0.02014921176433523, 4.522909327003379, 51.85374769784945,47.866386631346714,0.28760174079118295,284.89090513546563, 58.511872337818104,347333.15681199543,      0.0,347333.15681199543,   1.0
 0.02188143609502575, 0.02014921176433523, 4.522909327003379, 51.85374769784945,46.866386631346714,         0.59999942,284.89090513546563, 58.511872337818104,328192.07214604144,      0.0,328192.07214604144,   1.0
 0.02188143609502575, 0.02014921176433523, 4.522909327003379, 51.85374769784945,46.866386631346714,0.28760174079118295,285.89090513546563, 58.511872337818104, 347414.9923338281,      0.0, 347414.9923338281,   1.0
 0.02188143609502575, 0.02014921176433523, 4.522909327003379, 51.85374769784945,46.866386631346714,0.28760174079118295,284.89090513546563, 59.511872337818104,347158.93185690866,      0.0,347158.93185690866,   1.0
0.021881423698150795, 0.02014919929024783, 4.522909209632583, 51.85374763955066, 46.86638637048354,0.28760175271928023, 284.8909051206995,  58.51187245133706, 347332.2608300171,      0.0, 347332.2608300171,   1.0
-0.29999939999999997, 0.02014919929024783, 4.522909209632583, 51.85374763955066, 46.86638637048354,0.28760175271928023, 284.8909051206995,  58.51187245133706,  326224.435864922,      0.0,  326224.435864922,   1.0
0.021881423698150795,-0.29999939999999997, 4.522909209632583, 51.85374763955066, 46.86638637048354,0.28760175271928023, 284.8909051206995,  58.51187245133706, 328476.1107222176,      0.0, 328476.1107222176,   1.0
0.021881423698150795, 0.02014919929024783, 5.522909209632583, 51.85374763955066, 46.86638637048354,0.28760175271928023, 284.8909051206995,  58.51187245133706,347976.85899206594,      0.0,347976.85899206594,   1.0
0.021881423698150795, 0.02014919929024783, 4.522909209632583, 52.85374763955066, 46.86638637048354,0.28760175271928023, 284.8909051206995,  58.51187245133706, 347430.3418505162,      0.0, 347430.3418505162,   1.0
0.021881423698150795, 0.02014919929024783, 4.522909209632583, 51.85374763955066, 47.86638637048354,0.28760175271928023, 284.8909051206995,  58.51187245133706,347333.15681199543,      0.0,347333.15681199543,   1.0
0.021881423698150795, 0.02014919929024783, 4.522909209632583, 51.85374763955066, 46.86638637048354,         0.59999942, 284.8909051206995,  58.51187245133706,328192.07214604144,      0.0,328192.07214604144,   1.0
0.021881423698150795, 0.02014919929024783, 4.522909209632583, 51.85374763955066, 46.86638637048354,0.28760175271928023, 285.8909051206995,  58.51187245133706, 347414.9923338281,      0.0, 347414.9923338281,   1.0
0.021881423698150795, 0.02014919929024783, 4.522909209632583, 51.85374763955066, 46.86638637048354,0.28760175271928023, 284.8909051206995,  59.51187245133706,347158.93185690866,      0.0,347158.93185690866,   1.0
0.021881421081959708,0.020149196657762113,  4.52290918486308, 51.85374762724749, 46.86638631543193, 0.2876017552365422, 284.8909051175833, 58.511872475293686, 347332.2608300171,      0.0, 347332.2608300171,   1.0
-0.29999939999999997,0.020149196657762113,  4.52290918486308, 51.85374762724749, 46.86638631543193, 0.2876017552365422, 284.8909051175833, 58.511872475293686,  326224.435864922,      0.0,  326224.435864922,   1.0
0.021881421081959708,-0.29999939999999997,  4.52290918486308, 51.85374762724749, 46.86638631543193, 0.2876017552365422, 284.8909051175833, 58.511872475293686, 328476.1107222176,      0.0, 328476.1107222176,   1.0
0.021881421081959708,0.020149196657762113,  5.52290918486308, 51.85374762724749, 46.86638631543193, 0.2876017552365422, 284.8909051175833, 58.511872475293686,347976.85899206594,      0.0,347976.85899206594,   1.0
0.021881421081959708,0.020149196657762113,  4.52290918486308, 52.85374762724749, 46.86638631543193, 0.2876017552365422, 284.8909051175833, 58.511872475293686, 347430.3418505162,      0.0, 347430.3418505162,   1.0
0.021881421081959708,0.020149196657762113,  4.52290918486308, 51.85374762724749, 47.86638631543193, 0.2876017552365422, 284.8909051175833, 58.511872475293686,347333.15681199543,      0.0,347333.15681199543,   1.0
0.021881421081959708,0.020149196657762113,  4.52290918486308, 51.85374762724749, 46.86638631543193,         0.59999942, 284.8909051175833, 58.511872475293686,328192.07214604144,      0.0,328192.07214604144,   1.0
0.021881421081959708,0.020149196657762113,  4.52290918486308, 51.85374762724749, 46.86638631543193, 0.2876017552365422, 285.8909051175833, 58.511872475293686, 347414.9923338281,      0.0, 347414.9923338281,   1.0
0.021881421081959708,0.020149196657762113,  4.52290918486308, 51.85374762724749, 46.86638631543193, 0.2876017552365422, 284.8909051175833, 59.511872475293686,347158.93185690866,      0.0,347158.93185690866,   1.0
0.021881420529848296, 0.02014919610221194, 4.522909179635814,51.853747624651085, 46.86638630381404,0.28760175576777597, 284.8909051169257,   58.5118724803494, 347332.2608300171,      0.0, 347332.2608300171,   1.0
-0.29999939999999997, 0.02014919610221194, 4.522909179635814,51.853747624651085, 46.86638630381404,0.28760175576777597, 284.8909051169257,   58.5118724803494,  326224.435864922,      0.0,  326224.435864922,   1.0
0.021881420529848296,-0.29999939999999997, 4.522909179635814,51.853747624651085, 46.86638630381404,0.28760175576777597, 284.8909051169257,   58.5118724803494, 328476.1107222176,      0.0, 328476.1107222176,   1.0
0.021881420529848296, 0.02014919610221194, 5.522909179635814,51.853747624651085, 46.86638630381404,0.28760175576777597, 284.8909051169257,   58.5118724803494,347976.85899206594,      0.0,347976.85899206594,   1.0
0.021881420529848296, 0.02014919610221194, 4.522909179635814,52.853747624651085, 46.86638630381404,0.28760175576777597, 284.8909051169257,   58.5118724803494, 347430.3418505162,      0.0, 347430.3418505162,   1.0
0.021881420529848296, 0.02014919610221194, 4.522909179635814,51.853747624651085, 47.86638630381404,0.28760175576777597, 284.8909051169257,   58.5118724803494,347333.15681199543,      0.0,347333.15681199543,   1.0
0.021881420529848296, 0.02014919610221194, 4.522909179635814,51.853747624651085, 46.86638630381404,         0.59999942, 284.8909051169257,   58.5118724803494,328192.07214604144,      0.0,328192.07214604144,   1.0
0.021881420529848296, 0.02014919610221194, 4.522909179635814,51.853747624651085, 46.86638630381404,0.28760175576777597, 285.8909051169257,   58.5118724803494, 347414.9923338281,      0.0, 347414.9923338281,   1.0
0.021881420529848296, 0.02014919610221194, 4.522909179635814,51.853747624651085, 46.86638630381404,0.28760175576777597, 284.8909051169257,   59.5118724803494,347158.93185690866,      0.0,347158.93185690866,   1.0
 0.02188142041333275, 0.02014919598497069, 4.522909178532672, 51.85374762410314, 46.86638630136225,0.28760175587988557, 284.8909051167869,  58.51187248141635, 347332.2608300171,      0.0, 347332.2608300171,   1.0
-0.29999939999999997, 0.02014919598497069, 4.522909178532672, 51.85374762410314, 46.86638630136225,0.28760175587988557, 284.8909051167869,  58.51187248141635,  326224.435864922,      0.0,  326224.435864922,   1.0
 0.02188142041333275,-0.29999939999999997, 4.522909178532672, 51.85374762410314, 46.86638630136225,0.28760175587988557, 284.8909051167869,  58.51187248141635, 328476.1107222176,      0.0, 328476.1107222176,   1.0
 0.02188142041333275, 0.02014919598497069, 5.522909178532672, 51.85374762410314, 46.86638630136225,0.28760175587988557, 284.8909051167869,  58.51187248141635,347976.85899206594,      0.0,347976.85899206594,   1.0
 0.02188142041333275, 0.02014919598497069, 4.522909178532672, 52.85374762410314, 46.86638630136225,0.28760175587988557, 284.8909051167869,  58.51187248141635, 347430.3418505162,      0.0, 347430.3418505162,   1.0
 0.02188142041333275, 0.02014919598497069, 4.522909178532672, 51.85374762410314, 47.86638630136225,0.28760175587988557, 284.8909051167869,  58.51187248141635,347333.15681199543,      0.0,347333.15681199543,   1.0
 0.02188142041333275, 0.02014919598497069, 4.522909178532672, 51.85374762410314, 46.86638630136225,         0.59999942, 284.8909051167869,  58.51187248141635,328192.07214604144,      0.0,328192.07214604144,   1.0
 0.02188142041333275, 0.02014919598497069, 4.522909178532672, 51.85374762410314, 46.86638630136225,0.28760175587988557, 285.8909051167869,  58.51187248141635, 347414.9923338281,      0.0, 347414.9923338281,   1.0
 0.02188142041333275, 0.02014919598497069, 4.522909178532672, 51.85374762410314, 46.86638630136225,0.28760175587988557, 284.8909051167869,  59.51187248141635,347158.93185690866,      0.0,347158.93185690866,   1.0
0.021881420388743696,0.020149195960228485, 4.522909178299868, 51.85374762398751, 46.86638630084482, 0.2876017559035448, 284.8909051167576,  58.51187248164151, 347332.2608300171,      0.0, 347332.2608300171,   1.0
-0.29999939999999997,0.020149195960228485, 4.522909178299868, 51.85374762398751, 46.86638630084482, 0.2876017559035448, 284.8909051167576,  58.51187248164151,  326224.435864922,      0.0,  326224.435864922,   1.0
0.021881420388743696,-0.29999939999999997, 4.522909178299868, 51.85374762398751, 46.86638630084482, 0.2876017559035448, 284.8909051167576,  58.51187248164151, 328476.1107222176,      0.0, 328476.1107222176,   1.0
0.021881420388743696,0.020149195960228485, 5.522909178299868, 51.85374762398751, 46.86638630084482, 0.2876017559035448, 284.8909051167576,  58.51187248164151,347976.85899206594,      0.0,347976.85899206594,   1.0
0.021881420388743696,0.020149195960228485, 4.522909178299868, 52.85374762398751, 46.86638630084482, 0.2876017559035448, 284.8909051167576,  58.51187248164151, 347430.3418505162,      0.0, 347430.3418505162,   1.0
0.021881420388743696,0.020149195960228485, 4.522909178299868, 51.85374762398751, 47.86638630084482, 0.2876017559035448, 284.8909051167576,  58.51187248164151,347333.15681199543,      0.0,347333.15681199543,   1.0
0.021881420388743696,0.020149195960228485, 4.522909178299868, 51.85374762398751, 46.86638630084482,         0.59999942, 284.8909051167576,  58.51187248164151,328192.07214604144,      0.0,328192.07214604144,   1.0
0.021881420388743696,0.020149195960228485, 4.522909178299868, 51.85374762398751, 46.86638630084482, 0.2876017559035448, 285.8909051167576,  58.51187248164151, 347414.9923338281,      0.0, 347414.9923338281,   1.0
0.021881420388743696,0.020149195960228485, 4.522909178299868, 51.85374762398751, 46.86638630084482, 0.2876017559035448, 284.8909051167576,  59.51187248164151,347158.93185690866,      0.0,347158.93185690866,   1.0
  0.0218814203835545, 0.02014919595500697, 4.522909178250738, 51.85374762396311,46.866386300735634,0.28760175590853776, 284.8909051167514, 58.511872481689025, 347332.2608300171,      0.0, 347332.2608300171,   1.0
-0.29999939999999997, 0.02014919595500697, 4.522909178250738, 51.85374762396311,46.866386300735634,0.28760175590853776, 284.8909051167514, 58.511872481689025,  326224.435864922,      0.0,  326224.435864922,   1.0
  0.0218814203835545,-0.29999939999999997, 4.522909178250738, 51.85374762396311,46.866386300735634,0.28760175590853776, 284.8909051167514, 58.511872481689025, 328476.1107222176,      0.0, 328476.1107222176,   1.0
  0.0218814203835545, 0.02014919595500697, 5.522909178250738, 51.85374762396311,46.866386300735634,0.28760175590853776, 284.8909051167514, 58.511872481689025,347976.85899206594,      0.0,347976.85899206594,   1.0
  0.0218814203835545, 0.02014919595500697, 4.522909178250738, 52.85374762396311,46.866386300735634,0.28760175590853776, 284.8909051167514, 58.511872481689025, 347430.3418505162,      0.0, 347430.3418505162,   1.0
  0.0218814203835545, 0.02014919595500697, 4.522909178250738, 51.85374762396311,47.866386300735634,0.28760175590853776, 284.8909051167514, 58.511872481689025,347333.15681199543,      0.0,347333.15681199543,   1.0
  0.0218814203835545, 0.02014919595500697, 4.522909178250738, 51.85374762396311,46.866386300735634,         0.59999942, 284.8909051167514, 58.511872481689025,328192.07214604144,      0.0,328192.07214604144,   1.0
  0.0218814203835545, 0.02014919595500697, 4.522909178250738, 51.85374762396311,46.866386300735634,0.28760175590853776, 285.8909051167514, 58.511872481689025, 347414.9923338281,      0.0, 347414.9923338281,   1.0
  0.0218814203835545, 0.02014919595500697, 4.522909178250738, 51.85374762396311,46.866386300735634,0.28760175590853776, 284.8909051167514, 59.511872481689025,347158.93185690866,      0.0,347158.93185690866,   1.0
0.021881420382459382, 0.02014919595390503, 4.522909178240369, 51.85374762395796,46.866386300712584,0.28760175590959147, 284.8909051167501,  58.51187248169906, 347332.2608300171,      0.0, 347332.2608300171,   1.0
-0.29999939999999997, 0.02014919595390503, 4.522909178240369, 51.85374762395796,46.866386300712584,0.28760175590959147, 284.8909051167501,  58.51187248169906,  326224.435864922,      0.0,  326224.435864922,   1.0
0.021881420382459382,-0.29999939999999997, 4.522909178240369, 51.85374762395796,46.866386300712584,0.28760175590959147, 284.8909051167501,  58.51187248169906, 328476.1107222176,      0.0, 328476.1107222176,   1.0
0.021881420382459382, 0.02014919595390503, 5.522909178240369, 51.85374762395796,46.866386300712584,0.28760175590959147, 284.8909051167501,  58.51187248169906,347976.85899206594,      0.0,347976.85899206594,   1.0
0.021881420382459382, 0.02014919595390503, 4.522909178240369, 52.85374762395796,46.866386300712584,0.28760175590959147, 284.8909051167501,  58.51187248169906, 347430.3418505162,      0.0, 347430.3418505162,   1.0
0.021881420382459382, 0.02014919595390503, 4.522909178240369, 51.85374762395796,47.866386300712584,0.28760175590959147, 284.8909051167501,  58.51187248169906,347333.15681199543,      0.0,347333.15681199543,   1.0
0.021881420382459382, 0.02014919595390503, 4.522909178240369, 51.85374762395796,46.866386300712584,         0.59999942, 284.8909051167501,  58.51187248169906,328192.07214604144,      0.0,328192.07214604144,   1.0
0.021881420382459382, 0.02014919595390503, 4.522909178240369, 51.85374762395796,46.866386300712584,0.28760175590959147, 285.8909051167501,  58.51187248169906, 347414.9923338281,      0.0, 347414.9923338281,   1.0
0.021881420382459382, 0.02014919595390503, 4.522909178240369, 51.85374762395796,46.866386300712584,0.28760175590959147, 284.8909051167501,  59.51187248169906,347158.93185690866,      0.0,347158.93185690866,   1.0
0.021881420382228303,0.020149195953672514, 4.522909178238182, 51.85374762395687,46.866386300707724,0.28760175590981385, 284.8909051167498,  58.51187248170117, 347332.2608300171,      0.0, 347332.2608300171,   1.0
-0.29999939999999997,0.020149195953672514, 4.522909178238182, 51.85374762395687,46.866386300707724,0.28760175590981385, 284.8909051167498,  58.51187248170117,  326224.435864922,      0.0,  326224.435864922,   1.0
0.021881420382228303,-0.29999939999999997, 4.522909178238182, 51.85374762395687,46.866386300707724,0.28760175590981385, 284.8909051167498,  58.51187248170117, 328476.1107222176,      0.0, 328476.1107222176,   1.0
0.021881420382228303,0.020149195953672514, 5.522909178238182, 51.85374762395687,46.866386300707724,0.28760175590981385, 284.8909051167498,  58.51187248170117,347976.85899206594,      0.0,347976.85899206594,   1.0
0.021881420382228303,0.020149195953672514, 4.522909178238182, 52.85374762395687,46.866386300707724,0.28760175590981385, 284.8909051167498,  58.51187248170117, 347430.3418505162,      0.0, 347430.3418505162,   1.0
0.021881420382228303,0.020149195953672514, 4.522909178238182, 51.85374762395687,47.866386300707724,0.28760175590981385, 284.8909051167498,  58.51187248170117,347333.15681199543,      0.0,347333.15681199543,   1.0
0.021881420382228303,0.020149195953672514, 4.522909178238182, 51.85374762395687,46.866386300707724,         0.59999942, 284.8909051167498,  58.51187248170117,328192.07214604144,      0.0,328192.07214604144,   1.0
0.021881420382228303,0.020149195953672514, 4.522909178238182, 51.85374762395687,46.866386300707724,0.28760175590981385, 285.8909051167498,  58.51187248170117, 347414.9923338281,      0.0, 347414.9923338281,   1.0
0.021881420382228303,0.020149195953672514, 4.522909178238182, 51.85374762395687,46.866386300707724,0.28760175590981385, 284.8909051167498,  59.51187248170117,347158.93185690866,      0.0,347158.93185690866,   1.0
0.021881420382380813,0.020149195953825975, 4.522909178239626, 51.85374762395759,46.866386300710936, 0.2876017559096671,   284.89090511675, 58.511872481699776, 347332.2608300171,      0.0, 347332.2608300171,   1.0
-0.29999939999999997,0.020149195953825975, 4.522909178239626, 51.85374762395759,46.866386300710936, 0.2876017559096671,   284.89090511675, 58.511872481699776,  326224.435864922,      0.0,  326224.435864922,   1.0
0.021881420382380813,-0.29999939999999997, 4.522909178239626, 51.85374762395759,46.866386300710936, 0.2876017559096671,   284.89090511675, 58.511872481699776, 328476.1107222176,      0.0, 328476.1107222176,   1.0
0.021881420382380813,0.020149195953825975, 5.522909178239626, 51.85374762395759,46.866386300710936, 0.2876017559096671,   284.89090511675, 58.511872481699776,347976.85899206594,      0.0,347976.85899206594,   1.0
0.021881420382380813,0.020149195953825975, 4.522909178239626, 52.85374762395759,46.866386300710936, 0.2876017559096671,   284.89090511675, 58.511872481699776, 347430.3418505162,      0.0, 347430.3418505162,   1.0
0.021881420382380813,0.020149195953825975, 4.522909178239626, 51.85374762395759,47.866386300710936, 0.2876017559096671,   284.89090511675, 58.511872481699776,347333.15681199543,      0.0,347333.15681199543,   1.0
0.021881420382380813,0.020149195953825975, 4.522909178239626, 51.85374762395759,46.866386300710936,         0.59999942,   284.89090511675, 58.511872481699776,328192.07214604144,      0.0,328192.07214604144,   1.0
0.021881420382380813,0.020149195953825975, 4.522909178239626, 51.85374762395759,46.866386300710936, 0.2876017559096671,   285.89090511675, 58.511872481699776, 347414.9923338281,      0.0, 347414.9923338281,   1.0
0.021881420382380813,0.020149195953825975, 4.522909178239626, 51.85374762395759,46.866386300710936, 0.2876017559096671,   284.89090511675, 59.511872481699776,347158.93185690866,      0.0,347158.93185690866,   1.0
0.021881420382260448,0.020149195953704856, 4.522909178238486, 51.85374762395702,  46.8663863007084,0.28760175590978293, 284.8909051167499,  58.51187248170088, 347332.2608300171,      0.0, 347332.2608300171,   1.0
-0.29999939999999997,0.020149195953704856, 4.522909178238486, 51.85374762395702,  46.8663863007084,0.28760175590978293, 284.8909051167499,  58.51187248170088,  326224.435864922,      0.0,  326224.435864922,   1.0
0.021881420382260448,-0.29999939999999997, 4.522909178238486, 51.85374762395702,  46.8663863007084,0.28760175590978293, 284.8909051167499,  58.51187248170088, 328476.1107222176,      0.0, 328476.1107222176,   1.0
0.021881420382260448,0.020149195953704856, 5.522909178238486, 51.85374762395702,  46.8663863007084,0.28760175590978293, 284.8909051167499,  58.51187248170088,347976.85899206594,      0.0,347976.85899206594,   1.0
0.021881420382260448,0.020149195953704856, 4.522909178238486, 52.85374762395702,  46.8663863007084,0.28760175590978293, 284.8909051167499,  58.51187248170088, 347430.3418505162,      0.0, 347430.3418505162,   1.0
0.021881420382260448,0.020149195953704856, 4.522909178238486, 51.85374762395702,  47.8663863007084,0.28760175590978293, 284.8909051167499,  58.51187248170088,347333.15681199543,      0.0,347333.15681199543,   1.0
0.021881420382260448,0.020149195953704856, 4.522909178238486, 51.85374762395702,  46.8663863007084,         0.59999942, 284.8909051167499,  58.51187248170088,328192.07214604144,      0.0,328192.07214604144,   1.0
0.021881420382260448,0.020149195953704856, 4.522909178238486, 51.85374762395702,  46.8663863007084,0.28760175590978293, 285.8909051167499,  58.51187248170088, 347414.9923338281,      0.0, 347414.9923338281,   1.0
0.021881420382260448,0.020149195953704856, 4.522909178238486, 51.85374762395702,  46.8663863007084,0.28760175590978293, 284.8909051167499,  59.51187248170088,347158.93185690866,      0.0,347158.93185690866,   1.0
 0.02188142038233989,0.020149195953784796, 4.522909178239238,51.853747623957396, 46.86638630071007, 0.2876017559097065,   284.89090511675,  58.51187248170015, 347332.2608300171,      0.0, 347332.2608300171,   1.0
-0.29999939999999997,0.020149195953784796, 4.522909178239238,51.853747623957396, 46.86638630071007, 0.2876017559097065,   284.89090511675,  58.51187248170015,  326224.435864922,      0.0,  326224.435864922,   1.0
 0.02188142038233989,-0.29999939999999997, 4.522909178239238,51.853747623957396, 46.86638630071007, 0.2876017559097065,   284.89090511675,  58.51187248170015, 328476.1107222176,      0.0, 328476.1107222176,   1.0
 0.02188142038233989,0.020149195953784796, 5.522909178239238,51.853747623957396, 46.86638630071007, 0.2876017559097065,   284.89090511675,  58.51187248170015,347976.85899206594,      0.0,347976.85899206594,   1.0
 0.02188142038233989,0.020149195953784796, 4.522909178239238,52.853747623957396, 46.86638630071007, 0.2876017559097065,   284.89090511675,  58.51187248170015, 347430.3418505162,      0.0, 347430.3418505162,   1.0
 0.02188142038233989,0.020149195953784796, 4.522909178239238,51.853747623957396, 47.86638630071007, 0.2876017559097065,   284.89090511675,  58.51187248170015,347333.15681199543,      0.0,347333.15681199543,   1.0
 0.02188142038233989,0.020149195953784796, 4.522909178239238,51.853747623957396, 46.86638630071007,         0.59999942,   284.89090511675,  58.51187248170015,328192.07214604144,      0.0,328192.07214604144,   1.0
 0.02188142038233989,0.020149195953784796, 4.522909178239238,51.853747623957396, 46.86638630071007, 0.2876017559097065,   285.89090511675,  58.51187248170015, 347414.9923338281,      0.0, 347414.9923338281,   1.0
 0.02188142038233989,0.020149195953784796, 4.522909178239238,51.853747623957396, 46.86638630071007, 0.2876017559097065,   284.89090511675,  59.51187248170015,347158.93185690866,      0.0,347158.93185690866,   1.0
0.021881420382277146,0.020149195953721662, 4.522909178238644,  51.8537476239571,46.866386300708754,0.28760175590976683, 284.8909051167499,  58.51187248170072, 347332.2608300171,      0.0, 347332.2608300171,   1.0
-0.29999939999999997,0.020149195953721662, 4.522909178238644,  51.8537476239571,46.866386300708754,0.28760175590976683, 284.8909051167499,  58.51187248170072,  326224.435864922,      0.0,  326224.435864922,   1.0
0.021881420382277146,-0.29999939999999997, 4.522909178238644,  51.8537476239571,46.866386300708754,0.28760175590976683, 284.8909051167499,  58.51187248170072, 328476.1107222176,      0.0, 328476.1107222176,   1.0
0.021881420382277146,0.020149195953721662, 5.522909178238644,  51.8537476239571,46.866386300708754,0.28760175590976683, 284.8909051167499,  58.51187248170072,347976.85899206594,      0.0,347976.85899206594,   1.0
0.021881420382277146,0.020149195953721662, 4.522909178238644,  52.8537476239571,46.866386300708754,0.28760175590976683, 284.8909051167499,  58.51187248170072, 347430.3418505162,      0.0, 347430.3418505162,   1.0
0.021881420382277146,0.020149195953721662, 4.522909178238644,  51.8537476239571,47.866386300708754,0.28760175590976683, 284.8909051167499,  58.51187248170072,347333.15681199543,      0.0,347333.15681199543,   1.0
0.021881420382277146,0.020149195953721662, 4.522909178238644,  51.8537476239571,46.866386300708754,         0.59999942, 284.8909051167499,  58.51187248170072,328192.07214604144,      0.0,328192.07214604144,   1.0
0.021881420382277146,0.020149195953721662, 4.522909178238644,  51.8537476239571,46.866386300708754,0.28760175590976683, 285.8909051167499,  58.51187248170072, 347414.9923338281,      0.0, 347414.9923338281,   1.0
0.021881420382277146,0.020149195953721662, 4.522909178238644,  51.8537476239571,46.866386300708754,0.28760175590976683, 284.8909051167499,  59.51187248170072,347158.93185690866,      0.0,347158.93185690866,   1.0
 0.29999939999999997, 0.29999939999999997,          59.99988,          79.99994, 48.65835025727193,         0.02000058, 450.3539127293307,           5.000115,149059.74034613074,      0.0,149059.74034613074,   1.0
-0.29999939999999997, 0.29999939999999997,          59.99988,          79.99994, 48.65835025727193,         0.02000058, 450.3539127293307,           5.000115,239579.54608958296,      0.0,239579.54608958296,   1.0
 0.29999939999999997,-0.29999939999999997,          59.99988,          79.99994, 48.65835025727193,         0.02000058, 450.3539127293307,           5.000115,278708.52414929256,      0.0,278708.52414929256,   1.0
 0.29999939999999997, 0.29999939999999997,          58.99988,          79.99994, 48.65835025727193,         0.02000058, 450.3539127293307,           5.000115,147393.27254762308,      0.0,147393.27254762308,   1.0
 0.29999939999999997, 0.29999939999999997,          59.99988,          78.99994, 48.65835025727193,         0.02000058, 450.3539127293307,           5.000115,129617.63852789265,      0.0,129617.63852789265,   1.0
 0.29999939999999997, 0.29999939999999997,          59.99988,          79.99994, 49.65835025727193,         0.02000058, 450.3539127293307,           5.000115,158299.15536515767,      0.0,158299.15536515767,   1.0
 0.29999939999999997, 0.29999939999999997,          59.99988,          79.99994, 48.65835025727193,         0.59999942, 450.3539127293307,           5.000115, 208301.2910428018,      0.0, 208301.2910428018,   1.0
 0.29999939999999997, 0.29999939999999997,          59.99988,          79.99994, 48.65835025727193,         0.02000058, 451.3539127293307,           5.000115,148318.23926983378,      0.0,148318.23926983378,   1.0
 0.29999939999999997, 0.29999939999999997,          59.99988,          79.99994, 48.65835025727193,         0.02000058, 450.3539127293307,           6.000115, 149364.3833015535,      0.0, 149364.3833015535,   1.0
 0.03560317510561952, 0.03395641497810308, 7.260025949553202, 53.24242141165594, 46.95479802410183, 0.2743988781074796, 293.0545010460188,  55.87171519307986, 344810.7026223623,      0.0, 344810.7026223623,   1.0
-0.29999939999999997, 0.03395641497810308, 7.260025949553202, 53.24242141165594, 46.95479802410183, 0.2743988781074796, 293.0545010460188,  55.87171519307986, 325111.7442538407,      0.0, 325111.7442538407,   1.0
 0.03560317510561952,-0.29999939999999997, 7.260025949553202, 53.24242141165594, 46.95479802410183, 0.2743988781074796, 293.0545010460188,  55.87171519307986, 328241.7338826376,      0.0, 328241.7338826376,   1.0
 0.03560317510561952, 0.03395641497810308, 8.260025949553203, 53.24242141165594, 46.95479802410183, 0.2743988781074796, 293.0545010460188,  55.87171519307986,345635.50702052383,      0.0,345635.50702052383,   1.0
 0.03560317510561952, 0.03395641497810308, 7.260025949553202, 54.24242141165594, 46.95479802410183, 0.2743988781074796, 293.0545010460188,  55.87171519307986, 344790.0108296543,      0.0, 344790.0108296543,   1.0
 0.03560317510561952, 0.03395641497810308, 7.260025949553202, 53.24242141165594, 47.95479802410183, 0.2743988781074796, 293.0545010460188,  55.87171519307986, 345151.2360558343,      0.0, 345151.2360558343,   1.0
 0.03560317510561952, 0.03395641497810308, 7.260025949553202, 53.24242141165594, 46.95479802410183,         0.59999942, 293.0545010460188,  55.87171519307986, 327804.5843872869,      0.0, 327804.5843872869,   1.0
 0.03560317510561952, 0.03395641497810308, 7.260025949553202, 53.24242141165594, 46.95479802410183, 0.2743988781074796, 294.0545010460188,  55.87171519307986, 344841.7964106373,      0.0, 344841.7964106373,   1.0
 0.03560317510561952, 0.03395641497810308, 7.260025949553202, 53.24242141165594, 46.95479802410183, 0.2743988781074796, 293.0545010460188,  56.87171519307986, 344742.9189744962,      0.0, 344742.9189744962,   1.0
 0.02375118464577023,0.022030605819334085, 4.895876282478947,52.042972156414194,46.878433526751486,  0.285802695251148, 286.0032992848921,  58.15211734483715,346798.22653980245,      0.0,346798.22653980245,   1.0
-0.29999939999999997,0.022030605819334085, 4.895876282478947,52.042972156414194,46.878433526751486,  0.285802695251148, 286.0032992848921,  58.15211734483715,325986.30119831406,      0.0,325986.30119831406,   1.0
 0.02375118464577023,-0.29999939999999997, 4.895876282478947,52.042972156414194,46.878433526751486,  0.285802695251148, 286.0032992848921,  58.15211734483715,328674.92880729504,      0.0,328674.92880729504,   1.0
 0.02375118464577023,0.022030605819334085, 5.895876282478947,52.042972156414194,46.878433526751486,  0.285802695251148, 286.0032992848921,  58.15211734483715, 347566.9472787383,      0.0, 347566.9472787383,   1.0
 0.02375118464577023,0.022030605819334085, 4.895876282478947,53.042972156414194,46.878433526751486,  0.285802695251148, 286.0032992848921,  58.15211734483715, 347208.6617095326,      0.0, 347208.6617095326,   1.0
 0.02375118464577023,0.022030605819334085, 4.895876282478947,52.042972156414194,47.878433526751486,  0.285802695251148, 286.0032992848921,  58.15211734483715,346985.31429490785,      0.0,346985.31429490785,   1.0
 0.02375118464577023,0.022030605819334085, 4.895876282478947,52.042972156414194,46.878433526751486,         0.59999942, 286.0032992848921,  58.15211734483715, 328068.5521410292,      0.0, 328068.5521410292,   1.0
 0.02375118464577023,0.022030605819334085, 4.895876282478947,52.042972156414194,46.878433526751486,  0.285802695251148, 287.0032992848921,  58.15211734483715, 346862.9159930799,      0.0, 346862.9159930799,   1.0
 0.02375118464577023,0.022030605819334085, 4.895876282478947,52.042972156414194,46.878433526751486,  0.285802695251148, 286.0032992848921,  59.15211734483715, 346708.4681909945,      0.0, 346708.4681909945,   1.0
 0.02208403474364453,0.020353072274300815, 4.563325231292607, 51.87425267294387,46.867691781327814,0.28740680324459705,285.01144813839016, 58.472888124816144,347316.96947449906,      0.0,347316.96947449906,   1.0
-0.29999939999999997,0.020353072274300815, 4.563325231292607, 51.87425267294387,46.867691781327814,0.28740680324459705,285.01144813839016, 58.472888124816144,326155.53302820993,      0.0,326155.53302820993,   1.0
 0.02208403474364453,-0.29999939999999997, 4.563325231292607, 51.87425267294387,46.867691781327814,0.28740680324459705,285.01144813839016, 58.472888124816144, 328491.1445782577,      0.0, 328491.1445782577,   1.0
 0.02208403474364453,0.020353072274300815, 5.563325231292607, 51.87425267294387,46.867691781327814,0.28740680324459705,285.01144813839016, 58.472888124816144,347952.38795216515,      0.0,347952.38795216515,   1.0
 0.02208403474364453,0.020353072274300815, 4.563325231292607, 52.87425267294387,46.867691781327814,0.28740680324459705,285.01144813839016, 58.472888124816144,347381.50563660444,      0.0,347381.50563660444,   1.0
 0.02208403474364453,0.020353072274300815, 4.563325231292607, 51.87425267294387,47.867691781327814,0.28740680324459705,285.01144813839016, 58.472888124816144, 347241.5047940812,      0.0, 347241.5047940812,   1.0
 0.02208403474364453,0.020353072274300815, 4.563325231292607, 51.87425267294387,46.867691781327814,         0.59999942,285.01144813839016, 58.472888124816144,328171.28144473484,      0.0,328171.28144473484,   1.0
 0.02208403474364453,0.020353072274300815, 4.563325231292607, 51.87425267294387,46.867691781327814,0.28740680324459705,286.01144813839016, 58.472888124816144, 347415.4306045258,      0.0, 347415.4306045258,   1.0
 0.02208403474364453,0.020353072274300815, 4.563325231292607, 51.87425267294387,46.867691781327814,0.28740680324459705,285.01144813839016, 59.472888124816144, 347162.0441484772,      0.0, 347162.0441484772,   1.0
 0.02191567300372869,0.020183661913511498, 4.529741644407478,51.857214069661374,46.866606996482155,0.28756879852315337, 284.9112833094509, 58.505282048459456,   347297.41551589,      0.0,   347297.41551589,   1.0
-0.29999939999999997,0.020183661913511498, 4.529741644407478,51.857214069661374,46.866606996482155,0.28756879852315337, 284.9112833094509, 58.505282048459456,326214.52957056346,      0.0,326214.52957056346,   1.0
 0.02191567300372869,-0.29999939999999997, 4.529741644407478,51.857214069661374,46.866606996482155,0.28756879852315337, 284.9112833094509, 58.505282048459456, 328499.9863479087,      0.0, 328499.9863479087,   1.0
 0.02191567300372869,0.020183661913511498, 5.529741644407478,51.857214069661374,46.866606996482155,0.28756879852315337, 284.9112833094509, 58.505282048459456,  347949.112712939,      0.0,  347949.112712939,   1.0
 0.02191567300372869,0.020183661913511498, 4.529741644407478,52.857214069661374,46.866606996482155,0.28756879852315337, 284.9112833094509, 58.505282048459456,347410.29853884433,      0.0,347410.29853884433,   1.0
 0.02191567300372869,0.020183661913511498, 4.529741644407478,51.857214069661374,47.866606996482155,0.28756879852315337, 284.9112833094509, 58.505282048459456, 347316.7843268628,      0.0, 347316.7843268628,   1.0
 0.02191567300372869,0.020183661913511498, 4.529741644407478,51.857214069661374,46.866606996482155,         0.59999942, 284.9112833094509, 58.505282048459456,328150.56273684034,      0.0,328150.56273684034,   1.0
 0.02191567300372869,0.020183661913511498, 4.529741644407478,51.857214069661374,46.866606996482155,0.28756879852315337, 285.9112833094509, 58.505282048459456, 347390.0140852017,      0.0, 347390.0140852017,   1.0
 0.02191567300372869,0.020183661913511498, 4.529741644407478,51.857214069661374,46.866606996482155,0.28756879852315337, 284.9112833094509, 59.505282048459456, 347136.7103698015,      0.0, 347136.7103698015,   1.0
0.021883128467103306,0.020150914677148985, 4.523249894714577, 51.85392048616165, 46.86639730620361,   0.28760011241477, 284.8919213217117, 58.511543834747584,347332.28479911515,      0.0,347332.28479911515,   1.0
-0.29999939999999997,0.020150914677148985, 4.523249894714577, 51.85392048616165, 46.86639730620361,   0.28760011241477, 284.8919213217117, 58.511543834747584, 326224.4315100898,      0.0, 326224.4315100898,   1.0
0.021883128467103306,-0.29999939999999997, 4.523249894714577, 51.85392048616165, 46.86639730620361,   0.28760011241477, 284.8919213217117, 58.511543834747584, 328476.1887768046,      0.0, 328476.1887768046,   1.0
0.021883128467103306,0.020150914677148985, 5.523249894714577, 51.85392048616165, 46.86639730620361,   0.28760011241477, 284.8919213217117, 58.511543834747584, 347976.2268164457,      0.0, 347976.2268164457,   1.0
0.021883128467103306,0.020150914677148985, 4.523249894714577, 52.85392048616165, 46.86639730620361,   0.28760011241477, 284.8919213217117, 58.511543834747584, 347430.3589873341,      0.0, 347430.3589873341,   1.0
0.021883128467103306,0.020150914677148985, 4.523249894714577, 51.85392048616165, 47.86639730620361,   0.28760011241477, 284.8919213217117, 58.511543834747584, 347333.1810626304,      0.0, 347333.1810626304,   1.0
0.021883128467103306,0.020150914677148985, 4.523249894714577, 51.85392048616165, 46.86639730620361,         0.59999942, 284.8919213217117, 58.511543834747584, 328192.3728171688,      0.0, 328192.3728171688,   1.0
0.021883128467103306,0.020150914677148985, 4.523249894714577, 51.85392048616165, 46.86639730620361,   0.28760011241477, 285.8919213217117, 58.511543834747584,347415.09907186765,      0.0,347415.09907186765,   1.0
0.021883128467103306,0.020150914677148985, 4.523249894714577, 51.85392048616165, 46.86639730620361,   0.28760011241477, 284.8919213217117, 59.511543834747584, 347162.4927254006,      0.0, 347162.4927254006,   1.0
 0.02190460786127606,0.020172527853148242, 4.527534449511892, 51.85609425127147, 46.86653570178745,  0.287579445246303,284.90470023361956,  58.50741105579742,347301.13308041927,      0.0,347301.13308041927,   1.0
-0.29999939999999997,0.020172527853148242, 4.527534449511892, 51.85609425127147, 46.86653570178745,  0.287579445246303,284.90470023361956,  58.50741105579742, 326208.3985283816,      0.0, 326208.3985283816,   1.0
 0.02190460786127606, -0.2999993999999999, 4.527534449511892, 51.85609425127147, 46.86653570178745,  0.287579445246303,284.90470023361956,  58.50741105579742, 328481.5753613172,      0.0, 328481.5753613172,   1.0
 0.02190460786127606,0.020172527853148242, 5.527534449511892, 51.85609425127147, 46.86653570178745,  0.287579445246303,284.90470023361956,  58.50741105579742, 347952.4542263158,      0.0, 347952.4542263158,   1.0
 0.02190460786127606,0.020172527853148242, 4.527534449511892, 52.85609425127147, 46.86653570178745,  0.287579445246303,284.90470023361956,  58.50741105579742, 347432.2074241984,      0.0, 347432.2074241984,   1.0
 0.02190460786127606,0.020172527853148242, 4.527534449511892, 51.85609425127147, 47.86653570178745,  0.287579445246303,284.90470023361956,  58.50741105579742,347330.94335032126,      0.0,347330.94335032126,   1.0
 0.02190460786127606,0.020172527853148242, 4.527534449511892, 51.85609425127147, 46.86653570178745,         0.59999942,284.90470023361956,  58.50741105579742,328155.59176758403,      0.0,328155.59176758403,   1.0
 0.02190460786127606,0.020172527853148242, 4.527534449511892, 51.85609425127147, 46.86653570178745,  0.287579445246303,285.90470023361956,  58.50741105579742, 347387.8141398642,      0.0, 347387.8141398642,   1.0
 0.02190460786127606,0.020172527853148242, 4.527534449511892, 51.85609425127147, 46.86653570178745,  0.287579445246303,284.90470023361956,  59.50741105579742,347136.90382345347,      0.0,347136.90382345347,   1.0
0.021883938288013372,0.020151729541931312, 4.523411431955212,51.854002441938675, 46.86640252402478,0.28759933321657466,284.89240311509883,  58.51138801979379,347331.96672685887,      0.0,347331.96672685887,   1.0
-0.29999939999999997,0.020151729541931312, 4.523411431955212,51.854002441938675, 46.86640252402478,0.28759933321657466,284.89240311509883,  58.51138801979379, 326224.3726282398,      0.0, 326224.3726282398,   1.0
0.021883938288013372, -0.2999993999999999, 4.523411431955212,51.854002441938675, 46.86640252402478,0.28759933321657466,284.89240311509883,  58.51138801979379, 328476.3504015975,      0.0, 328476.3504015975,   1.0
0.021883938288013372,0.020151729541931312, 5.523411431955212,51.854002441938675, 46.86640252402478,0.28759933321657466,284.89240311509883,  58.51138801979379,347975.95082214905,      0.0,347975.95082214905,   1.0
0.021883938288013372,0.020151729541931312, 4.523411431955212,52.854002441938675, 46.86640252402478,0.28759933321657466,284.89240311509883,  58.51138801979379, 347429.8085885135,      0.0, 347429.8085885135,   1.0
0.021883938288013372,0.020151729541931312, 4.523411431955212,51.854002441938675, 47.86640252402478,0.28759933321657466,284.89240311509883,  58.51138801979379,347332.79691595753,      0.0,347332.79691595753,   1.0
0.021883938288013372,0.020151729541931312, 4.523411431955212,51.854002441938675, 46.86640252402478,         0.59999942,284.89240311509883,  58.51138801979379, 328191.3483618262,      0.0, 328191.3483618262,   1.0
0.021883938288013372,0.020151729541931312, 4.523411431955212,51.854002441938675, 46.86640252402478,0.28759933321657466,285.89240311509883,  58.51138801979379,347415.20209045324,      0.0,347415.20209045324,   1.0
0.021883938288013372,0.020151729541931312, 4.523411431955212,51.854002441938675, 46.86640252402478,0.28759933321657466,284.89240311509883,  59.51138801979379, 347162.4905907364,      0.0, 347162.4905907364,   1.0
0.021883203942178766,0.020150990622311887, 4.523264949938856, 51.85392812441645, 46.86639779250304,0.28760003979372273,284.89196622471655,  58.51152931283879,347332.28479911515,      0.0,347332.28479911515,   1.0
-0.29999939999999997,0.020150990622311887, 4.523264949938856, 51.85392812441645, 46.86639779250304,0.28760003979372273,284.89196622471655,  58.51152931283879, 326224.4315100898,      0.0, 326224.4315100898,   1.0
0.021883203942178766,-0.29999939999999997, 4.523264949938856, 51.85392812441645, 46.86639779250304,0.28760003979372273,284.89196622471655,  58.51152931283879, 328476.1887768046,      0.0, 328476.1887768046,   1.0
0.021883203942178766,0.020150990622311887, 5.523264949938856, 51.85392812441645, 46.86639779250304,0.28760003979372273,284.89196622471655,  58.51152931283879, 347976.2268164457,      0.0, 347976.2268164457,   1.0
0.021883203942178766,0.020150990622311887, 4.523264949938856, 52.85392812441645, 46.86639779250304,0.28760003979372273,284.89196622471655,  58.51152931283879,  347430.350467838,      0.0,  347430.350467838,   1.0
0.021883203942178766,0.020150990622311887, 4.523264949938856, 51.85392812441645, 47.86639779250304,0.28760003979372273,284.89196622471655,  58.51152931283879, 347333.1810626304,      0.0, 347333.1810626304,   1.0
0.021883203942178766,0.020150990622311887, 4.523264949938856, 51.85392812441645, 46.86639779250304,         0.59999942,284.89196622471655,  58.51152931283879, 328192.3728171688,      0.0, 328192.3728171688,   1.0
0.021883203942178766,0.020150990622311887, 4.523264949938856, 51.85392812441645, 46.86639779250304,0.28760003979372273,285.89196622471655,  58.51152931283879,347415.09907186765,      0.0,347415.09907186765,   1.0
0.021883203942178766,0.020150990622311887, 4.523264949938856, 51.85392812441645, 46.86639779250304,0.28760003979372273,284.89196622471655,  59.51152931283879, 347162.4927254006,      0.0, 347162.4927254006,   1.0
0.021883688610429605,0.020151478309260708, 4.523361628069651, 51.85397717398112, 46.86640091530739,  0.287599573452805,284.89225457236887, 58.511436059429094, 347331.9194933773,      0.0, 347331.9194933773,   1.0
-0.29999939999999997,0.020151478309260708, 4.523361628069651, 51.85397717398112, 46.86640091530739,  0.287599573452805,284.89225457236887, 58.511436059429094, 326224.4713038973,      0.0, 326224.4713038973,   1.0
0.021883688610429605,-0.29999939999999997, 4.523361628069651, 51.85397717398112, 46.86640091530739,  0.287599573452805,284.89225457236887, 58.511436059429094,328476.56335482845,      0.0,328476.56335482845,   1.0
0.021883688610429605,0.020151478309260708, 5.523361628069651, 51.85397717398112, 46.86640091530739,  0.287599573452805,284.89225457236887, 58.511436059429094, 347975.9527238483,      0.0, 347975.9527238483,   1.0
0.021883688610429605,0.020151478309260708, 4.523361628069651, 52.85397717398112, 46.86640091530739,  0.287599573452805,284.89225457236887, 58.511436059429094, 347430.3824136517,      0.0, 347430.3824136517,   1.0
0.021883688610429605,0.020151478309260708, 4.523361628069651, 51.85397717398112, 47.86640091530739,  0.287599573452805,284.89225457236887, 58.511436059429094, 347332.7783137455,      0.0, 347332.7783137455,   1.0
0.021883688610429605,0.020151478309260708, 4.523361628069651, 51.85397717398112, 46.86640091530739,         0.59999942,284.89225457236887, 58.511436059429094,328192.38259129424,      0.0,328192.38259129424,   1.0
0.021883688610429605,0.020151478309260708, 4.523361628069651, 51.85397717398112, 46.86640091530739,  0.287599573452805,285.89225457236887, 58.511436059429094,347415.09636265325,      0.0,347415.09636265325,   1.0
0.021883688610429605,0.020151478309260708, 4.523361628069651, 51.85397717398112, 46.86640091530739,  0.287599573452805,284.89225457236887, 59.511436059429094,347162.48634944175,      0.0,347162.48634944175,   1.0
 0.02188323399775798,0.020151020865088666, 4.523270945209257,51.853931166111614,46.866397986156514,0.28760001087467063, 284.8919841059285,  58.51152352994454,347332.28441877407,      0.0,347332.28441877407,   1.0
-0.29999939999999997,0.020151020865088666, 4.523270945209257,51.853931166111614,46.866397986156514,0.28760001087467063, 284.8919841059285,  58.51152352994454, 326224.4315100898,      0.0, 326224.4315100898,   1.0
 0.02188323399775798,-0.29999939999999997, 4.523270945209257,51.853931166111614,46.866397986156514,0.28760001087467063, 284.8919841059285,  58.51152352994454, 328476.1887768046,      0.0, 328476.1887768046,   1.0
 0.02188323399775798,0.020151020865088666, 5.523270945209257,51.853931166111614,46.866397986156514,0.28760001087467063, 284.8919841059285,  58.51152352994454, 347976.2268164457,      0.0, 347976.2268164457,   1.0
 0.02188323399775798,0.020151020865088666, 4.523270945209257,52.853931166111614,46.866397986156514,0.28760001087467063, 284.8919841059285,  58.51152352994454,  347430.350467838,      0.0,  347430.350467838,   1.0
 0.02188323399775798,0.020151020865088666, 4.523270945209257,51.853931166111614,47.866397986156514,0.28760001087467063, 284.8919841059285,  58.51152352994454,  347333.179609115,      0.0,  347333.179609115,   1.0
 0.02188323399775798,0.020151020865088666, 4.523270945209257,51.853931166111614,46.866397986156514,         0.59999942, 284.8919841059285,  58.51152352994454, 328192.3728171688,      0.0, 328192.3728171688,   1.0
 0.02188323399775798,0.020151020865088666, 4.523270945209257,51.853931166111614,46.866397986156514,0.28760001087467063, 285.8919841059285,  58.51152352994454,347415.09907186765,      0.0,347415.09907186765,   1.0
 0.02188323399775798,0.020151020865088666, 4.523270945209257,51.853931166111614,46.866397986156514,0.28760001087467063, 284.8919841059285,  59.51152352994454, 347162.4965495545,      0.0, 347162.4965495545,   1.0
0.021883203942178766,0.020150990622311887, 4.523264949938856, 51.85392812441645, 46.86639779250304,0.28760003979372273,284.89196622471655,  58.51152931283879,347332.28479911515,      0.0,347332.28479911515,   1.0
-0.29999939999999997,0.020150990622311887, 4.523264949938856, 51.85392812441645, 46.86639779250304,0.28760003979372273,284.89196622471655,  58.51152931283879, 326224.4315100898,      0.0, 326224.4315100898,   1.0
0.021883203942178766,-0.29999939999999997, 4.523264949938856, 51.85392812441645, 46.86639779250304,0.28760003979372273,284.89196622471655,  58.51152931283879, 328476.1887768046,      0.0, 328476.1887768046,   1.0
0.021883203942178766,0.020150990622311887, 5.523264949938856, 51.85392812441645, 46.86639779250304,0.28760003979372273,284.89196622471655,  58.51152931283879, 347976.2268164457,      0.0, 347976.2268164457,   1.0
0.021883203942178766,0.020150990622311887, 4.523264949938856, 52.85392812441645, 46.86639779250304,0.28760003979372273,284.89196622471655,  58.51152931283879,  347430.350467838,      0.0,  347430.350467838,   1.0
0.021883203942178766,0.020150990622311887, 4.523264949938856, 51.85392812441645, 47.86639779250304,0.28760003979372273,284.89196622471655,  58.51152931283879, 347333.1810626304,      0.0, 347333.1810626304,   1.0
0.021883203942178766,0.020150990622311887, 4.523264949938856, 51.85392812441645, 46.86639779250304,         0.59999942,284.89196622471655,  58.51152931283879, 328192.3728171688,      0.0, 328192.3728171688,   1.0
0.021883203942178766,0.020150990622311887, 4.523264949938856, 51.85392812441645, 46.86639779250304,0.28760003979372273,285.89196622471655,  58.51152931283879,347415.09907186765,      0.0,347415.09907186765,   1.0
0.021883203942178766,0.020150990622311887, 4.523264949938856, 51.85392812441645, 46.86639779250304,0.28760003979372273,284.89196622471655,  59.51152931283879, 347162.4927254006,      0.0, 347162.4927254006,   1.0
 0.29999939999999997, 0.29999939999999997, 4.598970872816069,  51.8800039054553, 46.86759835103819,         0.02000058,285.00440177975753, 58.560828678166835,158466.96664227318,      0.0,158466.96664227318,   1.0
-0.29999939999999997, 0.29999939999999997, 4.598970872816069,  51.8800039054553, 46.86759835103819,         0.02000058,285.00440177975753, 58.560828678166835, 339558.3334392209,      0.0, 339558.3334392209,   1.0
 0.29999939999999997,-0.29999939999999997, 4.598970872816069,  51.8800039054553, 46.86759835103819,         0.02000058,285.00440177975753, 58.560828678166835,342560.45498644665,      0.0,342560.45498644665,   1.0
 0.29999939999999997, 0.29999939999999997, 5.598970872816069,  51.8800039054553, 46.86759835103819,         0.02000058,285.00440177975753, 58.560828678166835,159783.34673077977,      0.0,159783.34673077977,   1.0
 0.29999939999999997, 0.29999939999999997, 4.598970872816069,  52.8800039054553, 46.86759835103819,         0.02000058,285.00440177975753, 58.560828678166835,156634.13828835325,      0.0,156634.13828835325,   1.0
 0.29999939999999997, 0.29999939999999997, 4.598970872816069,  51.8800039054553, 47.86759835103819,         0.02000058,285.00440177975753, 58.560828678166835, 160979.4054086333,      0.0, 160979.4054086333,   1.0
 0.29999939999999997, 0.29999939999999997, 4.598970872816069,  51.8800039054553, 46.86759835103819,         0.59999942,285.00440177975753, 58.560828678166835,256057.15546053404,      0.0,256057.15546053404,   1.0
 0.29999939999999997, 0.29999939999999997, 4.598970872816069,  51.8800039054553, 46.86759835103819,         0.02000058,286.00440177975753, 58.560828678166835,157690.36320890233,      0.0,157690.36320890233,   1.0
 0.29999939999999997, 0.29999939999999997, 4.598970872816069,  51.8800039054553, 46.86759835103819,         0.02000058,285.00440177975753, 59.560828678166835,160041.79338682236,      0.0,160041.79338682236,   1.0
 0.03823007370577788,0.036599674900649824, 4.527714726252313, 51.85546078379648, 46.86646835787929,0.27187131352728117,284.89857486312417,   58.5144269876807,340930.59082293895,      0.0,340930.59082293895,   1.0
-0.29999939999999997,0.036599674900649824, 4.527714726252313, 51.85546078379648, 46.86646835787929,0.27187131352728117,284.89857486312417,   58.5144269876807,328470.44170976727,      0.0,328470.44170976727,   1.0
 0.03823007370577788,-0.29999939999999997, 4.527714726252313, 51.85546078379648, 46.86646835787929,0.27187131352728117,284.89857486312417,   58.5144269876807,331927.70553440246,      0.0,331927.70553440246,   1.0
 0.03823007370577788,0.036599674900649824, 5.527714726252313, 51.85546078379648, 46.86646835787929,0.27187131352728117,284.89857486312417,   58.5144269876807, 341732.6808884171,      0.0, 341732.6808884171,   1.0
 0.03823007370577788,0.036599674900649824, 4.527714726252313, 52.85546078379648, 46.86646835787929,0.27187131352728117,284.89857486312417,   58.5144269876807, 340837.9304924927,      0.0, 340837.9304924927,   1.0
 0.03823007370577788,0.036599674900649824, 4.527714726252313, 51.85546078379648, 47.86646835787929,0.27187131352728117,284.89857486312417,   58.5144269876807,  341385.031545991,      0.0,  341385.031545991,   1.0
 0.03823007370577788,0.036599674900649824, 4.527714726252313, 51.85546078379648, 46.86646835787929,         0.59999942,284.89857486312417,   58.5144269876807, 325242.6619701513,      0.0, 325242.6619701513,   1.0
 0.03823007370577788,0.036599674900649824, 4.527714726252313, 51.85546078379648, 46.86646835787929,0.27187131352728117,285.89857486312417,   58.5144269876807, 340953.9605365972,      0.0, 340953.9605365972,   1.0
 0.03823007370577788,0.036599674900649824, 4.527714726252313, 51.85546078379648, 46.86646835787929,0.27187131352728117,284.89857486312417,   59.5144269876807,340832.73146562744,      0.0,340832.73146562744,   1.0
0.022848797823027896,0.021122598588660883, 4.523527793947621, 51.85401865713251, 46.86640196073197,0.28667095905495976,284.89235659063365,  58.51170047570584,  346835.213267058,      0.0,  346835.213267058,   1.0
-0.29999939999999997,0.021122598588660883, 4.523527793947621, 51.85401865713251, 46.86640196073197,0.28667095905495976,284.89235659063365,  58.51170047570584,326388.88573696604,      0.0,326388.88573696604,   1.0
0.022848797823027896,-0.29999939999999997, 4.523527793947621, 51.85401865713251, 46.86640196073197,0.28667095905495976,284.89235659063365,  58.51170047570584, 328862.7020466681,      0.0, 328862.7020466681,   1.0
0.022848797823027896,0.021122598588660883, 5.523527793947621, 51.85401865713251, 46.86640196073197,0.28667095905495976,284.89235659063365,  58.51170047570584,347513.03694804537,      0.0,347513.03694804537,   1.0
0.022848797823027896,0.021122598588660883, 4.523527793947621, 52.85401865713251, 46.86640196073197,0.28667095905495976,284.89235659063365,  58.51170047570584,346974.15430665435,      0.0,346974.15430665435,   1.0
0.022848797823027896,0.021122598588660883, 4.523527793947621, 51.85401865713251, 47.86640196073197,0.28667095905495976,284.89235659063365,  58.51170047570584, 346954.6011189876,      0.0, 346954.6011189876,   1.0
0.022848797823027896,0.021122598588660883, 4.523527793947621, 51.85401865713251, 46.86640196073197,         0.59999942,284.89235659063365,  58.51170047570584,  327972.464983618,      0.0,  327972.464983618,   1.0
0.022848797823027896,0.021122598588660883, 4.523527793947621, 51.85401865713251, 46.86640196073197,0.28667095905495976,285.89235659063365,  58.51170047570584,346933.43875274603,      0.0,346933.43875274603,   1.0
0.022848797823027896,0.021122598588660883, 4.523527793947621, 51.85401865713251, 46.86640196073197,0.28667095905495976,284.89235659063365,  59.51170047570584,346683.65938155656,      0.0,346683.65938155656,   1.0
 0.02192775430907147,  0.0201958184658134, 4.523277076980315,51.853932301395815,46.866397984815904, 0.2875571740624813,284.89198423533696,  58.51153720991506, 347297.7311569408,      0.0, 347297.7311569408,   1.0
-0.29999939999999997,  0.0201958184658134, 4.523277076980315,51.853932301395815,46.866397984815904, 0.2875571740624813,284.89198423533696,  58.51153720991506,326229.46704988135,      0.0,326229.46704988135,   1.0
 0.02192775430907147,-0.29999939999999997, 4.523277076980315,51.853932301395815,46.866397984815904, 0.2875571740624813,284.89198423533696,  58.51153720991506, 328505.4888476237,      0.0, 328505.4888476237,   1.0
 0.02192775430907147,  0.0201958184658134, 5.523277076980315,51.853932301395815,46.866397984815904, 0.2875571740624813,284.89198423533696,  58.51153720991506,347939.88722871954,      0.0,347939.88722871954,   1.0
 0.02192775430907147,  0.0201958184658134, 4.523277076980315,52.853932301395815,46.866397984815904, 0.2875571740624813,284.89198423533696,  58.51153720991506,347416.18293103256,      0.0,347416.18293103256,   1.0
 0.02192775430907147,  0.0201958184658134, 4.523277076980315,51.853932301395815,47.866397984815904, 0.2875571740624813,284.89198423533696,  58.51153720991506, 347301.0539829891,      0.0, 347301.0539829891,   1.0
 0.02192775430907147,  0.0201958184658134, 4.523277076980315,51.853932301395815,46.866397984815904,         0.59999942,284.89198423533696,  58.51153720991506, 328146.5434225087,      0.0, 328146.5434225087,   1.0
 0.02192775430907147,  0.0201958184658134, 4.523277076980315,51.853932301395815,46.866397984815904, 0.2875571740624813,285.89198423533696,  58.51153720991506, 347379.6102058529,      0.0, 347379.6102058529,   1.0
 0.02192775430907147,  0.0201958184658134, 4.523277076980315,51.853932301395815,46.866397984815904, 0.2875571740624813,284.89198423533696,  59.51153720991506, 347127.5465240857,      0.0, 347127.5465240857,   1.0
  0.0218846763454221,0.020152472196241954,4.5232653507412826,51.853928262466894, 46.86639779885903, 0.2875986230682026,284.89196681997305, 58.511529573839574, 347331.9277992433,      0.0, 347331.9277992433,   1.0
 -0.2999993999999999,0.020152472196241954,4.5232653507412826,51.853928262466894, 46.86639779885903, 0.2875986230682026,284.89196681997305, 58.511529573839574, 326224.4783992823,      0.0, 326224.4783992823,   1.0
  0.0218846763454221,-0.29999939999999997,4.5232653507412826,51.853928262466894, 46.86639779885903, 0.2875986230682026,284.89196681997305, 58.511529573839574,328476.57760372397,      0.0,328476.57760372397,   1.0
  0.0218846763454221,0.020152472196241954,5.5232653507412826,51.853928262466894, 46.86639779885903, 0.2875986230682026,284.89196681997305, 58.511529573839574,347975.82672366046,      0.0,347975.82672366046,   1.0
  0.0218846763454221,0.020152472196241954,4.5232653507412826,52.853928262466894, 46.86639779885903, 0.2875986230682026,284.89196681997305, 58.511529573839574, 347429.7625723422,      0.0, 347429.7625723422,   1.0
  0.0218846763454221,0.020152472196241954,4.5232653507412826,51.853928262466894, 47.86639779885903, 0.2875986230682026,284.89196681997305, 58.511529573839574, 347332.7939982242,      0.0, 347332.7939982242,   1.0
  0.0218846763454221,0.020152472196241954,4.5232653507412826,51.853928262466894, 46.86639779885903,         0.59999942,284.89196681997305, 58.511529573839574, 328192.3728171688,      0.0, 328192.3728171688,   1.0
  0.0218846763454221,0.020152472196241954,4.5232653507412826,51.853928262466894, 46.86639779885903, 0.2875986230682026,285.89196681997305, 58.511529573839574, 347415.1013519567,      0.0, 347415.1013519567,   1.0
  0.0218846763454221,0.020152472196241954,4.5232653507412826,51.853928262466894, 46.86639779885903, 0.2875986230682026,284.89196681997305, 59.511529573839574, 347162.6479984439,      0.0, 347162.6479984439,   1.0
0.021883318771127633,0.020151106166459067, 4.523264981196408, 51.85392813518265,46.866397792998725,0.28759992930693656, 284.8919662711391,  58.51152933319357,347332.28441877407,      0.0,347332.28441877407,   1.0
-0.29999939999999997,0.020151106166459067, 4.523264981196408, 51.85392813518265,46.866397792998725,0.28759992930693656, 284.8919662711391,  58.51152933319357, 326224.4315100898,      0.0, 326224.4315100898,   1.0
0.021883318771127633,-0.29999939999999997, 4.523264981196408, 51.85392813518265,46.866397792998725,0.28759992930693656, 284.8919662711391,  58.51152933319357, 328476.1887768046,      0.0, 328476.1887768046,   1.0
0.021883318771127633,0.020151106166459067, 5.523264981196408, 51.85392813518265,46.866397792998725,0.28759992930693656, 284.8919662711391,  58.51152933319357, 347976.2268164457,      0.0, 347976.2268164457,   1.0
0.021883318771127633,0.020151106166459067, 4.523264981196408, 52.85392813518265,46.866397792998725,0.28759992930693656, 284.8919662711391,  58.51152933319357,  347430.350467838,      0.0,  347430.350467838,   1.0
0.021883318771127633,0.020151106166459067, 4.523264981196408, 51.85392813518265,47.866397792998725,0.28759992930693656, 284.8919662711391,  58.51152933319357,  347333.179609115,      0.0,  347333.179609115,   1.0
0.021883318771127633,0.020151106166459067, 4.523264981196408, 51.85392813518265,46.866397792998725,         0.59999942, 284.8919662711391,  58.51152933319357, 328192.3728171688,      0.0, 328192.3728171688,   1.0
0.021883318771127633,0.020151106166459067, 4.523264981196408, 51.85392813518265,46.866397792998725,0.28759992930693656, 285.8919662711391,  58.51152933319357,347415.09907186765,      0.0,347415.09907186765,   1.0
0.021883318771127633,0.020151106166459067, 4.523264981196408, 51.85392813518265,46.866397792998725,0.28759992930693656, 284.8919662711391,  59.51152933319357, 347162.4927254006,      0.0, 347162.4927254006,   1.0
 0.02188322762726298,0.020151014454915805, 4.523264956386165, 51.85392812663713, 46.86639779260528,0.28760001700427057,284.89196623429183,  58.51152931703725,347332.28479911515,      0.0,347332.28479911515,   1.0
-0.29999939999999997,0.020151014454915805, 4.523264956386165, 51.85392812663713, 46.86639779260528,0.28760001700427057,284.89196623429183,  58.51152931703725, 326224.4315100898,      0.0, 326224.4315100898,   1.0
 0.02188322762726298,-0.29999939999999997, 4.523264956386165, 51.85392812663713, 46.86639779260528,0.28760001700427057,284.89196623429183,  58.51152931703725, 328476.1887768046,      0.0, 328476.1887768046,   1.0
 0.02188322762726298,0.020151014454915805, 5.523264956386165, 51.85392812663713, 46.86639779260528,0.28760001700427057,284.89196623429183,  58.51152931703725, 347976.2268164457,      0.0, 347976.2268164457,   1.0
 0.02188322762726298,0.020151014454915805, 4.523264956386165, 52.85392812663713, 46.86639779260528,0.28760001700427057,284.89196623429183,  58.51152931703725,  347430.350467838,      0.0,  347430.350467838,   1.0
 0.02188322762726298,0.020151014454915805, 4.523264956386165, 51.85392812663713, 47.86639779260528,0.28760001700427057,284.89196623429183,  58.51152931703725, 347333.1810626304,      0.0, 347333.1810626304,   1.0
 0.02188322762726298,0.020151014454915805, 4.523264956386165, 51.85392812663713, 46.86639779260528,         0.59999942,284.89196623429183,  58.51152931703725, 328192.3728171688,      0.0, 328192.3728171688,   1.0
 0.02188322762726298,0.020151014454915805, 4.523264956386165, 51.85392812663713, 46.86639779260528,0.28760001700427057,285.89196623429183,  58.51152931703725,347415.09907186765,      0.0,347415.09907186765,   1.0
 0.02188322762726298,0.020151014454915805, 4.523264956386165, 51.85392812663713, 46.86639779260528,0.28760001700427057,284.89196623429183,  59.51152931703725, 347162.4927254006,      0.0, 347162.4927254006,   1.0
  0.0218832089405923,0.020150995651857437, 4.523264951299472,51.853928124885094,46.866397792524616,0.28760003498432013, 284.8919662267373, 58.511529313724814,347332.28479911515,      0.0,347332.28479911515,   1.0
-0.29999939999999997,0.020150995651857437, 4.523264951299472,51.853928124885094,46.866397792524616,0.28760003498432013, 284.8919662267373, 58.511529313724814, 326224.4315100898,      0.0, 326224.4315100898,   1.0
  0.0218832089405923,-0.29999939999999997, 4.523264951299472,51.853928124885094,46.866397792524616,0.28760003498432013, 284.8919662267373, 58.511529313724814, 328476.1887768046,      0.0, 328476.1887768046,   1.0
  0.0218832089405923,0.020150995651857437, 5.523264951299472,51.853928124885094,46.866397792524616,0.28760003498432013, 284.8919662267373, 58.511529313724814, 347976.2268164457,      0.0, 347976.2268164457,   1.0
  0.0218832089405923,0.020150995651857437, 4.523264951299472,52.853928124885094,46.866397792524616,0.28760003498432013, 284.8919662267373, 58.511529313724814,  347430.350467838,      0.0,  347430.350467838,   1.0
  0.0218832089405923,0.020150995651857437, 4.523264951299472,51.853928124885094,47.866397792524616,0.28760003498432013, 284.8919662267373, 58.511529313724814, 347333.1810626304,      0.0, 347333.1810626304,   1.0
  0.0218832089405923,0.020150995651857437, 4.523264951299472,51.853928124885094,46.866397792524616,         0.59999942, 284.8919662267373, 58.511529313724814, 328192.3728171688,      0.0, 328192.3728171688,   1.0
  0.0218832089405923,0.020150995651857437, 4.523264951299472,51.853928124885094,46.866397792524616,0.28760003498432013, 285.8919662267373, 58.511529313724814,347415.09907186765,      0.0,347415.09907186765,   1.0
  0.0218832089405923,0.020150995651857437, 4.523264951299472,51.853928124885094,46.866397792524616,0.28760003498432013, 284.8919662267373, 59.511529313724814, 347162.4927254006,      0.0, 347162.4927254006,   1.0
0.021883204997025615, 0.02015099168372872, 4.523264950225995, 51.85392812451535, 46.86639779250759,0.28760003877876406,  284.891966225143, 58.511529313025775,347332.28479911515,      0.0,347332.28479911515,   1.0
-0.29999939999999997, 0.02015099168372872, 4.523264950225995, 51.85392812451535, 46.86639779250759,0.28760003877876406,  284.891966225143, 58.511529313025775, 326224.4315100898,      0.0, 326224.4315100898,   1.0
0.021883204997025615,          -0.2999994, 4.523264950225995, 51.85392812451535, 46.86639779250759,0.28760003877876406,  284.891966225143, 58.511529313025775, 328476.1887768046,      0.0, 328476.1887768046,   1.0
0.021883204997025615, 0.02015099168372872, 5.523264950225995, 51.85392812451535, 46.86639779250759,0.28760003877876406,  284.891966225143, 58.511529313025775, 347976.2268164457,      0.0, 347976.2268164457,   1.0
0.021883204997025615, 0.02015099168372872, 4.523264950225995, 52.85392812451535, 46.86639779250759,0.28760003877876406,  284.891966225143, 58.511529313025775,  347430.350467838,      0.0,  347430.350467838,   1.0
0.021883204997025615, 0.02015099168372872, 4.523264950225995, 51.85392812451535, 47.86639779250759,0.28760003877876406,  284.891966225143, 58.511529313025775, 347333.1810626304,      0.0, 347333.1810626304,   1.0
0.021883204997025615, 0.02015099168372872, 4.523264950225995, 51.85392812451535, 46.86639779250759,         0.59999942,  284.891966225143, 58.511529313025775, 328192.3728171688,      0.0, 328192.3728171688,   1.0
0.021883204997025615, 0.02015099168372872, 4.523264950225995, 51.85392812451535, 46.86639779250759,0.28760003877876406,  285.891966225143, 58.511529313025775,347415.09907186765,      0.0,347415.09907186765,   1.0
0.021883204997025615, 0.02015099168372872, 4.523264950225995, 51.85392812451535, 46.86639779250759,0.28760003877876406,  284.891966225143, 59.511529313025775, 347162.4927254006,      0.0, 347162.4927254006,   1.0
0.021883204164789786,0.020150990846309415, 4.523264949999453, 51.85392812443732,46.866397792503996,0.28760003957952956,284.89196622480654,  58.51152931287825,347332.28479911515,      0.0,347332.28479911515,   1.0
-0.29999939999999997,0.020150990846309415, 4.523264949999453, 51.85392812443732,46.866397792503996,0.28760003957952956,284.89196622480654,  58.51152931287825, 326224.4315100898,      0.0, 326224.4315100898,   1.0
0.021883204164789786,-0.29999939999999997, 4.523264949999453, 51.85392812443732,46.866397792503996,0.28760003957952956,284.89196622480654,  58.51152931287825, 328476.1887768046,      0.0, 328476.1887768046,   1.0
0.021883204164789786,0.020150990846309415, 5.523264949999453, 51.85392812443732,46.866397792503996,0.28760003957952956,284.89196622480654,  58.51152931287825, 347976.2268164457,      0.0, 347976.2268164457,   1.0
0.021883204164789786,0.020150990846309415, 4.523264949999453, 52.85392812443732,46.866397792503996,0.28760003957952956,284.89196622480654,  58.51152931287825,  347430.350467838,      0.0,  347430.350467838,   1.0
0.021883204164789786,0.020150990846309415, 4.523264949999453, 51.85392812443732,47.866397792503996,0.28760003957952956,284.89196622480654,  58.51152931287825, 347333.1810626304,      0.0, 347333.1810626304,   1.0
0.021883204164789786,0.020150990846309415, 4.523264949999453, 51.85392812443732,46.866397792503996,         0.59999942,284.89196622480654,  58.51152931287825, 328192.3728171688,      0.0, 328192.3728171688,   1.0
0.021883204164789786,0.020150990846309415, 4.523264949999453, 51.85392812443732,46.866397792503996,0.28760003957952956,285.89196622480654,  58.51152931287825,347415.09907186765,      0.0,347415.09907186765,   1.0
0.021883204164789786,0.020150990846309415, 4.523264949999453, 51.85392812443732,46.866397792503996,0.28760003957952956,284.89196622480654,  59.51152931287825, 347162.4927254006,      0.0, 347162.4927254006,   1.0
0.021883203989157746, 0.02015099066958347, 4.523264949951644,51.853928124420854, 46.86639779250324, 0.2876000397485202,284.89196622473554,  58.51152931284712,347332.28479911515,      0.0,347332.28479911515,   1.0
 -0.2999993999999999, 0.02015099066958347, 4.523264949951644,51.853928124420854, 46.86639779250324, 0.2876000397485202,284.89196622473554,  58.51152931284712, 326224.4315100898,      0.0, 326224.4315100898,   1.0
0.021883203989157746,-0.29999939999999997, 4.523264949951644,51.853928124420854, 46.86639779250324, 0.2876000397485202,284.89196622473554,  58.51152931284712, 328476.1887768046,      0.0, 328476.1887768046,   1.0
0.021883203989157746, 0.02015099066958347, 5.523264949951644,51.853928124420854, 46.86639779250324, 0.2876000397485202,284.89196622473554,  58.51152931284712, 347976.2268164457,      0.0, 347976.2268164457,   1.0
0.021883203989157746, 0.02015099066958347, 4.523264949951644,52.853928124420854, 46.86639779250324, 0.2876000397485202,284.89196622473554,  58.51152931284712,  347430.350467838,      0.0,  347430.350467838,   1.0
0.021883203989157746, 0.02015099066958347, 4.523264949951644,51.853928124420854, 47.86639779250324, 0.2876000397485202,284.89196622473554,  58.51152931284712, 347333.1810626304,      0.0, 347333.1810626304,   1.0
0.021883203989157746, 0.02015099066958347, 4.523264949951644,51.853928124420854, 46.86639779250324,         0.59999942,284.89196622473554,  58.51152931284712, 328192.3728171688,      0.0, 328192.3728171688,   1.0
0.021883203989157746, 0.02015099066958347, 4.523264949951644,51.853928124420854, 46.86639779250324, 0.2876000397485202,285.89196622473554,  58.51152931284712,347415.09907186765,      0.0,347415.09907186765,   1.0
0.021883203989157746, 0.02015099066958347, 4.523264949951644,51.853928124420854, 46.86639779250324, 0.2876000397485202,284.89196622473554,  59.51152931284712, 347162.4927254006,      0.0, 347162.4927254006,   1.0
0.021883203952093082, 0.02015099063228795, 4.523264949941555, 51.85392812441738, 46.86639779250308, 0.2876000397841833, 284.8919662247206, 58.511529312840544,347332.28479911515,      0.0,347332.28479911515,   1.0
-0.29999939999999997, 0.02015099063228795, 4.523264949941555, 51.85392812441738, 46.86639779250308, 0.2876000397841833, 284.8919662247206, 58.511529312840544, 326224.4315100898,      0.0, 326224.4315100898,   1.0
0.021883203952093082, -0.2999993999999999, 4.523264949941555, 51.85392812441738, 46.86639779250308, 0.2876000397841833, 284.8919662247206, 58.511529312840544, 328476.1887768046,      0.0, 328476.1887768046,   1.0
0.021883203952093082, 0.02015099063228795, 5.523264949941555, 51.85392812441738, 46.86639779250308, 0.2876000397841833, 284.8919662247206, 58.511529312840544, 347976.2268164457,      0.0, 347976.2268164457,   1.0
0.021883203952093082, 0.02015099063228795, 4.523264949941555, 52.85392812441738, 46.86639779250308, 0.2876000397841833, 284.8919662247206, 58.511529312840544,  347430.350467838,      0.0,  347430.350467838,   1.0
0.021883203952093082, 0.02015099063228795, 4.523264949941555, 51.85392812441738, 47.86639779250308, 0.2876000397841833, 284.8919662247206, 58.511529312840544, 347333.1810626304,      0.0, 347333.1810626304,   1.0
0.021883203952093082, 0.02015099063228795, 4.523264949941555, 51.85392812441738, 46.86639779250308,         0.59999942, 284.8919662247206, 58.511529312840544, 328192.3728171688,      0.0, 328192.3728171688,   1.0
0.021883203952093082, 0.02015099063228795, 4.523264949941555, 51.85392812441738, 46.86639779250308, 0.2876000397841833, 285.8919662247206, 58.511529312840544,347415.09907186765,      0.0,347415.09907186765,   1.0
0.021883203952093082, 0.02015099063228795, 4.523264949941555, 51.85392812441738, 46.86639779250308, 0.2876000397841833, 284.8919662247206, 59.511529312840544, 347162.4927254006,      0.0, 347162.4927254006,   1.0
 0.02188320394427108, 0.02015099062441723, 4.523264949939425, 51.85392812441665,46.866397792503044,0.28760003979170956, 284.8919662247174,  58.51152931283916,347332.28479911515,      0.0,347332.28479911515,   1.0
-0.29999939999999997, 0.02015099062441723, 4.523264949939425, 51.85392812441665,46.866397792503044,0.28760003979170956, 284.8919662247174,  58.51152931283916, 326224.4315100898,      0.0, 326224.4315100898,   1.0
 0.02188320394427108,-0.29999939999999997, 4.523264949939425, 51.85392812441665,46.866397792503044,0.28760003979170956, 284.8919662247174,  58.51152931283916, 328476.1887768046,      0.0, 328476.1887768046,   1.0
 0.02188320394427108, 0.02015099062441723, 5.523264949939425, 51.85392812441665,46.866397792503044,0.28760003979170956, 284.8919662247174,  58.51152931283916, 347976.2268164457,      0.0, 347976.2268164457,   1.0
 0.02188320394427108, 0.02015099062441723, 4.523264949939425, 52.85392812441665,46.866397792503044,0.28760003979170956, 284.8919662247174,  58.51152931283916,  347430.350467838,      0.0,  347430.350467838,   1.0
 0.02188320394427108, 0.02015099062441723, 4.523264949939425, 51.85392812441665,47.866397792503044,0.28760003979170956, 284.8919662247174,  58.51152931283916, 347333.1810626304,      0.0, 347333.1810626304,   1.0
 0.02188320394427108, 0.02015099062441723, 4.523264949939425, 51.85392812441665,46.866397792503044,         0.59999942, 284.8919662247174,  58.51152931283916, 328192.3728171688,      0.0, 328192.3728171688,   1.0
 0.02188320394427108, 0.02015099062441723, 4.523264949939425, 51.85392812441665,46.866397792503044,0.28760003979170956, 285.8919662247174,  58.51152931283916,347415.09907186765,      0.0,347415.09907186765,   1.0
 0.02188320394427108, 0.02015099062441723, 4.523264949939425, 51.85392812441665,46.866397792503044,0.28760003979170956, 284.8919662247174,  59.51152931283916, 347162.4927254006,      0.0, 347162.4927254006,   1.0
0.021883203942620284,0.020150990622756156, 4.523264949938976, 51.85392812441649, 46.86639779250304, 0.2876000397932979, 284.8919662247167,  58.51152931283887,347332.28479911515,      0.0,347332.28479911515,   1.0
-0.29999939999999997,0.020150990622756156, 4.523264949938976, 51.85392812441649, 46.86639779250304, 0.2876000397932979, 284.8919662247167,  58.51152931283887, 326224.4315100898,      0.0, 326224.4315100898,   1.0
0.021883203942620284,-0.29999939999999997, 4.523264949938976, 51.85392812441649, 46.86639779250304, 0.2876000397932979, 284.8919662247167,  58.51152931283887, 328476.1887768046,      0.0, 328476.1887768046,   1.0
0.021883203942620284,0.020150990622756156, 5.523264949938976, 51.85392812441649, 46.86639779250304, 0.2876000397932979, 284.8919662247167,  58.51152931283887, 347976.2268164457,      0.0, 347976.2268164457,   1.0
0.021883203942620284,0.020150990622756156, 4.523264949938976, 52.85392812441649, 46.86639779250304, 0.2876000397932979, 284.8919662247167,  58.51152931283887,  347430.350467838,      0.0,  347430.350467838,   1.0
0.021883203942620284,0.020150990622756156, 4.523264949938976, 51.85392812441649, 47.86639779250304, 0.2876000397932979, 284.8919662247167,  58.51152931283887, 347333.1810626304,      0.0, 347333.1810626304,   1.0
0.021883203942620284,0.020150990622756156, 4.523264949938976, 51.85392812441649, 46.86639779250304,         0.59999942, 284.8919662247167,  58.51152931283887, 328192.3728171688,      0.0, 328192.3728171688,   1.0
0.021883203942620284,0.020150990622756156, 4.523264949938976, 51.85392812441649, 46.86639779250304, 0.2876000397932979, 285.8919662247167,  58.51152931283887,347415.09907186765,      0.0,347415.09907186765,   1.0
0.021883203942620284,0.020150990622756156, 4.523264949938976, 51.85392812441649, 46.86639779250304, 0.2876000397932979, 284.8919662247167,  59.51152931283887, 347162.4927254006,      0.0, 347162.4927254006,   1.0
 0.02188320394227198, 0.02015099062240568,4.5232649499388815,51.853928124416456, 46.86639779250304,  0.287600039793633, 284.8919662247166,   58.5115293128388,347332.28479911515,      0.0,347332.28479911515,   1.0
-0.29999939999999997, 0.02015099062240568,4.5232649499388815,51.853928124416456, 46.86639779250304,  0.287600039793633, 284.8919662247166,   58.5115293128388, 326224.4315100898,      0.0, 326224.4315100898,   1.0
 0.02188320394227198,-0.29999939999999997,4.5232649499388815,51.853928124416456, 46.86639779250304,  0.287600039793633, 284.8919662247166,   58.5115293128388, 328476.1887768046,      0.0, 328476.1887768046,   1.0
 0.02188320394227198, 0.02015099062240568,5.5232649499388815,51.853928124416456, 46.86639779250304,  0.287600039793633, 284.8919662247166,   58.5115293128388, 347976.2268164457,      0.0, 347976.2268164457,   1.0
 0.02188320394227198, 0.02015099062240568,4.5232649499388815,52.853928124416456, 46.86639779250304,  0.287600039793633, 284.8919662247166,   58.5115293128388,  347430.350467838,      0.0,  347430.350467838,   1.0
 0.02188320394227198, 0.02015099062240568,4.5232649499388815,51.853928124416456, 47.86639779250304,  0.287600039793633, 284.8919662247166,   58.5115293128388, 347333.1810626304,      0.0, 347333.1810626304,   1.0
 0.02188320394227198, 0.02015099062240568,4.5232649499388815,51.853928124416456, 46.86639779250304,         0.59999942, 284.8919662247166,   58.5115293128388, 328192.3728171688,      0.0, 328192.3728171688,   1.0
 0.02188320394227198, 0.02015099062240568,4.5232649499388815,51.853928124416456, 46.86639779250304,  0.287600039793633, 285.8919662247166,   58.5115293128388,347415.09907186765,      0.0,347415.09907186765,   1.0
 0.02188320394227198, 0.02015099062240568,4.5232649499388815,51.853928124416456, 46.86639779250304,  0.287600039793633, 284.8919662247166,   59.5115293128388, 347162.4927254006,      0.0, 347162.4927254006,   1.0
 0.02188320394250186,0.020150990622636995, 4.523264949938944, 51.85392812441648, 46.86639779250304,0.28760003979341187,284.89196622471667, 58.511529312838846,347332.28479911515,      0.0,347332.28479911515,   1.0
-0.29999939999999997,0.020150990622636995, 4.523264949938944, 51.85392812441648, 46.86639779250304,0.28760003979341187,284.89196622471667, 58.511529312838846, 326224.4315100898,      0.0, 326224.4315100898,   1.0
 0.02188320394250186,-0.29999939999999997, 4.523264949938944, 51.85392812441648, 46.86639779250304,0.28760003979341187,284.89196622471667, 58.511529312838846, 328476.1887768046,      0.0, 328476.1887768046,   1.0
 0.02188320394250186,0.020150990622636995, 5.523264949938944, 51.85392812441648, 46.86639779250304,0.28760003979341187,284.89196622471667, 58.511529312838846, 347976.2268164457,      0.0, 347976.2268164457,   1.0
 0.02188320394250186,0.020150990622636995, 4.523264949938944, 52.85392812441648, 46.86639779250304,0.28760003979341187,284.89196622471667, 58.511529312838846,  347430.350467838,      0.0,  347430.350467838,   1.0
 0.02188320394250186,0.020150990622636995, 4.523264949938944, 51.85392812441648, 47.86639779250304,0.28760003979341187,284.89196622471667, 58.511529312838846, 347333.1810626304,      0.0, 347333.1810626304,   1.0
 0.02188320394250186,0.020150990622636995, 4.523264949938944, 51.85392812441648, 46.86639779250304,         0.59999942,284.89196622471667, 58.511529312838846, 328192.3728171688,      0.0, 328192.3728171688,   1.0
 0.02188320394250186,0.020150990622636995, 4.523264949938944, 51.85392812441648, 46.86639779250304,0.28760003979341187,285.89196622471667, 58.511529312838846,347415.09907186765,      0.0,347415.09907186765,   1.0
 0.02188320394250186,0.020150990622636995, 4.523264949938944, 51.85392812441648, 46.86639779250304,0.28760003979341187,284.89196622471667, 59.511529312838846, 347162.4927254006,      0.0, 347162.4927254006,   1.0
 0.02188320394232047, 0.02015099062245447, 4.523264949938894, 51.85392812441646, 46.86639779250304, 0.2876000397935864, 284.8919662247166,  58.51152931283882,347332.28479911515,      0.0,347332.28479911515,   1.0
-0.29999939999999997, 0.02015099062245447, 4.523264949938894, 51.85392812441646, 46.86639779250304, 0.2876000397935864, 284.8919662247166,  58.51152931283882, 326224.4315100898,      0.0, 326224.4315100898,   1.0
 0.02188320394232047,-0.29999939999999997, 4.523264949938894, 51.85392812441646, 46.86639779250304, 0.2876000397935864, 284.8919662247166,  58.51152931283882, 328476.1887768046,      0.0, 328476.1887768046,   1.0
 0.02188320394232047, 0.02015099062245447, 5.523264949938894, 51.85392812441646, 46.86639779250304, 0.2876000397935864, 284.8919662247166,  58.51152931283882, 347976.2268164457,      0.0, 347976.2268164457,   1.0
 0.02188320394232047, 0.02015099062245447, 4.523264949938894, 52.85392812441646, 46.86639779250304, 0.2876000397935864, 284.8919662247166,  58.51152931283882,  347430.350467838,      0.0,  347430.350467838,   1.0
 0.02188320394232047, 0.02015099062245447, 4.523264949938894, 51.85392812441646, 47.86639779250304, 0.2876000397935864, 284.8919662247166,  58.51152931283882, 347333.1810626304,      0.0, 347333.1810626304,   1.0
 0.02188320394232047, 0.02015099062245447, 4.523264949938894, 51.85392812441646, 46.86639779250304,         0.59999942, 284.8919662247166,  58.51152931283882, 328192.3728171688,      0.0, 328192.3728171688,   1.0
 0.02188320394232047, 0.02015099062245447, 4.523264949938894, 51.85392812441646, 46.86639779250304, 0.2876000397935864, 285.8919662247166,  58.51152931283882,347415.09907186765,      0.0,347415.09907186765,   1.0
 0.02188320394232047, 0.02015099062245447, 4.523264949938894, 51.85392812441646, 46.86639779250304, 0.2876000397935864, 284.8919662247166,  59.51152931283882, 347162.4927254006,      0.0, 347162.4927254006,   1.0
0.021883203942440185,0.020150990622574937, 4.523264949938927, 51.85392812441647, 46.86639779250304, 0.2876000397934712,284.89196622471667,  58.51152931283884,347332.28479911515,      0.0,347332.28479911515,   1.0
-0.29999939999999997,0.020150990622574937, 4.523264949938927, 51.85392812441647, 46.86639779250304, 0.2876000397934712,284.89196622471667,  58.51152931283884, 326224.4315100898,      0.0, 326224.4315100898,   1.0
0.021883203942440185,-0.29999939999999997, 4.523264949938927, 51.85392812441647, 46.86639779250304, 0.2876000397934712,284.89196622471667,  58.51152931283884, 328476.1887768046,      0.0, 328476.1887768046,   1.0
0.021883203942440185,0.020150990622574937, 5.523264949938927, 51.85392812441647, 46.86639779250304, 0.2876000397934712,284.89196622471667,  58.51152931283884, 347976.2268164457,      0.0, 347976.2268164457,   1.0
0.021883203942440185,0.020150990622574937, 4.523264949938927, 52.85392812441647, 46.86639779250304, 0.2876000397934712,284.89196622471667,  58.51152931283884,  347430.350467838,      0.0,  347430.350467838,   1.0
0.021883203942440185,0.020150990622574937, 4.523264949938927, 51.85392812441647, 47.86639779250304, 0.2876000397934712,284.89196622471667,  58.51152931283884, 347333.1810626304,      0.0, 347333.1810626304,   1.0
0.021883203942440185,0.020150990622574937, 4.523264949938927, 51.85392812441647, 46.86639779250304,         0.59999942,284.89196622471667,  58.51152931283884, 328192.3728171688,      0.0, 328192.3728171688,   1.0
0.021883203942440185,0.020150990622574937, 4.523264949938927, 51.85392812441647, 46.86639779250304, 0.2876000397934712,285.89196622471667,  58.51152931283884,347415.09907186765,      0.0,347415.09907186765,   1.0
0.021883203942440185,0.020150990622574937, 4.523264949938927, 51.85392812441647, 46.86639779250304, 0.2876000397934712,284.89196622471667,  59.51152931283884, 347162.4927254006,      0.0, 347162.4927254006,   1.0
0.021883203942345674,0.020150990622479836, 4.523264949938901, 51.85392812441646, 46.86639779250304,0.28760003979356213, 284.8919662247166,  58.51152931283882,347332.28479911515,      0.0,347332.28479911515,   1.0
-0.29999939999999997,0.020150990622479836, 4.523264949938901, 51.85392812441646, 46.86639779250304,0.28760003979356213, 284.8919662247166,  58.51152931283882, 326224.4315100898,      0.0, 326224.4315100898,   1.0
0.021883203942345674,-0.29999939999999997, 4.523264949938901, 51.85392812441646, 46.86639779250304,0.28760003979356213, 284.8919662247166,  58.51152931283882, 328476.1887768046,      0.0, 328476.1887768046,   1.0
0.021883203942345674,0.020150990622479836, 5.523264949938901, 51.85392812441646, 46.86639779250304,0.28760003979356213, 284.8919662247166,  58.51152931283882, 347976.2268164457,      0.0, 347976.2268164457,   1.0
0.021883203942345674,0.020150990622479836, 4.523264949938901, 52.85392812441646, 46.86639779250304,0.28760003979356213, 284.8919662247166,  58.51152931283882,  347430.350467838,      0.0,  347430.350467838,   1.0
0.021883203942345674,0.020150990622479836, 4.523264949938901, 51.85392812441646, 47.86639779250304,0.28760003979356213, 284.8919662247166,  58.51152931283882, 347333.1810626304,      0.0, 347333.1810626304,   1.0
0.021883203942345674,0.020150990622479836, 4.523264949938901, 51.85392812441646, 46.86639779250304,         0.59999942, 284.8919662247166,  58.51152931283882, 328192.3728171688,      0.0, 328192.3728171688,   1.0
0.021883203942345674,0.020150990622479836, 4.523264949938901, 51.85392812441646, 46.86639779250304,0.28760003979356213, 285.8919662247166,  58.51152931283882,347415.09907186765,      0.0,347415.09907186765,   1.0
0.021883203942345674,0.020150990622479836, 4.523264949938901, 51.85392812441646, 46.86639779250304,0.28760003979356213, 284.8919662247166,  59.51152931283882, 347162.4927254006,      0.0, 347162.4927254006,   1.0
0.021883203942325704, 0.02015099062245974, 4.523264949938896, 51.85392812441646, 46.86639779250304,0.28760003979358134, 284.8919662247166,  58.51152931283882,347332.28479911515,      0.0,347332.28479911515,   1.0
-0.29999939999999997, 0.02015099062245974, 4.523264949938896, 51.85392812441646, 46.86639779250304,0.28760003979358134, 284.8919662247166,  58.51152931283882, 326224.4315100898,      0.0, 326224.4315100898,   1.0
0.021883203942325704,-0.29999939999999997, 4.523264949938896, 51.85392812441646, 46.86639779250304,0.28760003979358134, 284.8919662247166,  58.51152931283882, 328476.1887768046,      0.0, 328476.1887768046,   1.0
0.021883203942325704, 0.02015099062245974, 5.523264949938896, 51.85392812441646, 46.86639779250304,0.28760003979358134, 284.8919662247166,  58.51152931283882, 347976.2268164457,      0.0, 347976.2268164457,   1.0
0.021883203942325704, 0.02015099062245974, 4.523264949938896, 52.85392812441646, 46.86639779250304,0.28760003979358134, 284.8919662247166,  58.51152931283882,  347430.350467838,      0.0,  347430.350467838,   1.0
0.021883203942325704, 0.02015099062245974, 4.523264949938896, 51.85392812441646, 47.86639779250304,0.28760003979358134, 284.8919662247166,  58.51152931283882, 347333.1810626304,      0.0, 347333.1810626304,   1.0
0.021883203942325704, 0.02015099062245974, 4.523264949938896, 51.85392812441646, 46.86639779250304,         0.59999942, 284.8919662247166,  58.51152931283882, 328192.3728171688,      0.0, 328192.3728171688,   1.0
0.021883203942325704, 0.02015099062245974, 4.523264949938896, 51.85392812441646, 46.86639779250304,0.28760003979358134, 285.8919662247166,  58.51152931283882,347415.09907186765,      0.0,347415.09907186765,   1.0
0.021883203942325704, 0.02015099062245974, 4.523264949938896, 51.85392812441646, 46.86639779250304,0.28760003979358134, 284.8919662247166,  59.51152931283882, 347162.4927254006,      0.0, 347162.4927254006,   1.0
 0.29999939999999997, 0.29999939999999997,          59.99988,          79.99994,48.658924823113004,         0.02000058, 450.5205117440352,           5.000115,148977.51971251168,      0.0,148977.51971251168,   1.0
-0.29999939999999997, 0.29999939999999997,          59.99988,          79.99994,48.658924823113004,         0.02000058, 450.5205117440352,           5.000115, 239576.0928758713,      0.0, 239576.0928758713,   1.0
 0.29999939999999997,-0.29999939999999997,          59.99988,          79.99994,48.658924823113004,         0.02000058, 450.5205117440352,           5.000115, 278712.5761442001,      0.0, 278712.5761442001,   1.0
 0.29999939999999997, 0.29999939999999997,          58.99988,          79.99994,48.658924823113004,         0.02000058, 450.5205117440352,           5.000115,147302.36407018246,      0.0,147302.36407018246,   1.0
 0.29999939999999997, 0.29999939999999997,          59.99988,          78.99994,48.658924823113004,         0.02000058, 450.5205117440352,           5.000115,129539.79830202647,      0.0,129539.79830202647,   1.0
 0.29999939999999997, 0.29999939999999997,          59.99988,          79.99994,49.658924823113004,         0.02000058, 450.5205117440352,           5.000115, 158226.7329088343,      0.0, 158226.7329088343,   1.0
 0.29999939999999997, 0.29999939999999997,          59.99988,          79.99994,48.658924823113004,         0.59999942, 450.5205117440352,           5.000115, 208235.2106864907,      0.0, 208235.2106864907,   1.0
 0.29999939999999997, 0.29999939999999997,          59.99988,          79.99994,48.658924823113004,         0.02000058, 451.5205117440352,           5.000115, 148222.7063452077,      0.0, 148222.7063452077,   1.0
 0.29999939999999997, 0.29999939999999997,          59.99988,          79.99994,48.658924823113004,         0.02000058, 450.5205117440352,           6.000115,149183.50794763048,      0.0,149183.50794763048,   1.0
 0.03554273014684731, 0.03389559354516579, 7.247968824664201,53.236304239943046,46.954436785895936,0.27445703738962124, 293.0267224519012,  55.88334520700149, 344783.2752763543,      0.0, 344783.2752763543,   1.0
          -0.2999994, 0.03389559354516579, 7.247968824664201,53.236304239943046,46.954436785895936,0.27445703738962124, 293.0267224519012,  55.88334520700149, 325118.1287349738,      0.0, 325118.1287349738,   1.0
 0.03554273014684731,-0.29999939999999997, 7.247968824664201,53.236304239943046,46.954436785895936,0.27445703738962124, 293.0267224519012,  55.88334520700149,328252.61690486426,      0.0,328252.61690486426,   1.0
 0.03554273014684731, 0.03389559354516579, 8.247968824664202,53.236304239943046,46.954436785895936,0.27445703738962124, 293.0267224519012,  55.88334520700149,345625.92077038495,      0.0,345625.92077038495,   1.0
 0.03554273014684731, 0.03389559354516579, 7.247968824664201,54.236304239943046,46.954436785895936,0.27445703738962124, 293.0267224519012,  55.88334520700149, 344810.6170250658,      0.0, 344810.6170250658,   1.0
 0.03554273014684731, 0.03389559354516579, 7.247968824664201,53.236304239943046,47.954436785895936,0.27445703738962124, 293.0267224519012,  55.88334520700149,345129.60438171535,      0.0,345129.60438171535,   1.0
 0.03554273014684731, 0.03389559354516579, 7.247968824664201,53.236304239943046,46.954436785895936,         0.59999942, 293.0267224519012,  55.88334520700149, 327844.9910541021,      0.0, 327844.9910541021,   1.0
 0.03554273014684731, 0.03389559354516579, 7.247968824664201,53.236304239943046,46.954436785895936,0.27445703738962124, 294.0267224519012,  55.88334520700149, 344828.9293040474,      0.0, 344828.9293040474,   1.0
 0.03554273014684731, 0.03389559354516579, 7.247968824664201,53.236304239943046,46.954436785895936,0.27445703738962124, 293.0267224519012,  56.88334520700149, 344726.2087592691,      0.0, 344726.2087592691,   1.0
0.023714637215707574,0.021993830757993355, 4.888586064442765, 52.03927347070245, 46.87820182870838,0.28583786067006367,285.98265290032174,  58.15914931456734,346834.63782956573,      0.0,346834.63782956573,   1.0
          -0.2999994,0.021993830757993355, 4.888586064442765, 52.03927347070245, 46.87820182870838,0.28583786067006367,285.98265290032174,  58.15914931456734,  325996.956288771,      0.0,  325996.956288771,   1.0
0.023714637215707574,          -0.2999994, 4.888586064442765, 52.03927347070245, 46.87820182870838,0.28583786067006367,285.98265290032174,  58.15914931456734, 328649.5661672228,      0.0, 328649.5661672228,   1.0
0.023714637215707574,0.021993830757993355, 5.888586064442765, 52.03927347070245, 46.87820182870838,0.28583786067006367,285.98265290032174,  58.15914931456734,347604.26298767526,      0.0,347604.26298767526,   1.0
0.023714637215707574,0.021993830757993355, 4.888586064442765, 53.03927347070245, 46.87820182870838,0.28583786067006367,285.98265290032174,  58.15914931456734,347240.77487383934,      0.0,347240.77487383934,   1.0
0.023714637215707574,0.021993830757993355, 4.888586064442765, 52.03927347070245, 47.87820182870838,0.28583786067006367,285.98265290032174,  58.15914931456734, 346991.6868729667,      0.0, 346991.6868729667,   1.0
0.023714637215707574,0.021993830757993355, 4.888586064442765, 52.03927347070245, 46.87820182870838,         0.59999942,285.98265290032174,  58.15914931456734, 328082.6277194248,      0.0, 328082.6277194248,   1.0
0.023714637215707574,0.021993830757993355, 4.888586064442765, 52.03927347070245, 46.87820182870838,0.28583786067006367,286.98265290032174,  58.15914931456734,  346894.017377872,      0.0,  346894.017377872,   1.0
0.023714637215707574,0.021993830757993355, 4.888586064442765, 52.03927347070245, 46.87820182870838,0.28583786067006367,285.98265290032174,  59.15914931456734, 346735.6720725394,      0.0, 346735.6720725394,   1.0
0.022086177098546326,0.020355227972602773, 4.563752572813425,51.874469484288774, 46.86770600423049,0.28740474190109194, 285.0128442934704,  58.47247592141922,347315.56905037095,      0.0,347315.56905037095,   1.0
-0.29999939999999997,0.020355227972602773, 4.563752572813425,51.874469484288774, 46.86770600423049,0.28740474190109194, 285.0128442934704,  58.47247592141922, 326158.9129126468,      0.0, 326158.9129126468,   1.0
0.022086177098546326,-0.29999939999999997, 4.563752572813425,51.874469484288774, 46.86770600423049,0.28740474190109194, 285.0128442934704,  58.47247592141922,  328490.517680784,      0.0,  328490.517680784,   1.0
0.022086177098546326,0.020355227972602773, 5.563752572813425,51.874469484288774, 46.86770600423049,0.28740474190109194, 285.0128442934704,  58.47247592141922,347951.10095172713,      0.0,347951.10095172713,   1.0
0.022086177098546326,0.020355227972602773, 4.563752572813425,52.874469484288774, 46.86770600423049,0.28740474190109194, 285.0128442934704,  58.47247592141922, 347382.1465650641,      0.0, 347382.1465650641,   1.0
0.022086177098546326,0.020355227972602773, 4.563752572813425,51.874469484288774, 47.86770600423049,0.28740474190109194, 285.0128442934704,  58.47247592141922, 347239.4481567245,      0.0, 347239.4481567245,   1.0
0.022086177098546326,0.020355227972602773, 4.563752572813425,51.874469484288774, 46.86770600423049,         0.59999942, 285.0128442934704,  58.47247592141922,328170.63153729436,      0.0,328170.63153729436,   1.0
0.022086177098546326,0.020355227972602773, 4.563752572813425,51.874469484288774, 46.86770600423049,0.28740474190109194, 286.0128442934704,  58.47247592141922,347414.03588515247,      0.0,347414.03588515247,   1.0
0.022086177098546326,0.020355227972602773, 4.563752572813425,51.874469484288774, 46.86770600423049,0.28740474190109194, 285.0128442934704,  59.47247592141922,347161.05619442865,      0.0,347161.05619442865,   1.0
0.021916875295316506,0.020184871693428048, 4.529981468871283, 51.85733574439225,46.866614812624526,0.28756764169523763, 284.9120187686709,  58.50505071952503, 347297.2961537825,      0.0, 347297.2961537825,   1.0
-0.29999939999999997,0.020184871693428048, 4.529981468871283, 51.85733574439225,46.866614812624526,0.28756764169523763, 284.9120187686709,  58.50505071952503, 326214.0892033296,      0.0, 326214.0892033296,   1.0
0.021916875295316506,-0.29999939999999997, 4.529981468871283, 51.85733574439225,46.866614812624526,0.28756764169523763, 284.9120187686709,  58.50505071952503,  328499.911864134,      0.0,  328499.911864134,   1.0
0.021916875295316506,0.020184871693428048, 5.529981468871283, 51.85733574439225,46.866614812624526,0.28756764169523763, 284.9120187686709,  58.50505071952503,347949.03093128896,      0.0,347949.03093128896,   1.0
0.021916875295316506,0.020184871693428048, 4.529981468871283, 52.85733574439225,46.866614812624526,0.28756764169523763, 284.9120187686709,  58.50505071952503, 347409.9851470207,      0.0, 347409.9851470207,   1.0
0.021916875295316506,0.020184871693428048, 4.529981468871283, 51.85733574439225,47.866614812624526,0.28756764169523763, 284.9120187686709,  58.50505071952503, 347316.7933921094,      0.0, 347316.7933921094,   1.0
0.021916875295316506,0.020184871693428048, 4.529981468871283, 51.85733574439225,46.866614812624526,         0.59999942, 284.9120187686709,  58.50505071952503,328150.46182044345,      0.0,328150.46182044345,   1.0
0.021916875295316506,0.020184871693428048, 4.529981468871283, 51.85733574439225,46.866614812624526,0.28756764169523763, 285.9120187686709,  58.50505071952503, 347391.8958120996,      0.0, 347391.8958120996,   1.0
0.021916875295316506,0.020184871693428048, 4.529981468871283, 51.85733574439225,46.866614812624526,0.28756764169523763, 284.9120187686709,  59.50505071952503, 347136.8376637009,      0.0, 347136.8376637009,   1.0
0.021884853360555456, 0.02015265031389281, 4.523593964033099,51.854095049427926,46.866408423408636, 0.2875984527467516,  284.892948514747,  58.51121195372277, 347332.3189206405,      0.0, 347332.3189206405,   1.0
-0.29999939999999997, 0.02015265031389281, 4.523593964033099,51.854095049427926,46.866408423408636, 0.2875984527467516,  284.892948514747,  58.51121195372277, 326224.3977288747,      0.0, 326224.3977288747,   1.0
0.021884853360555456,-0.29999939999999997, 4.523593964033099,51.854095049427926,46.866408423408636, 0.2875984527467516,  284.892948514747,  58.51121195372277, 328475.8555539211,      0.0, 328475.8555539211,   1.0
0.021884853360555456, 0.02015265031389281, 5.523593964033099,51.854095049427926,46.866408423408636, 0.2875984527467516,  284.892948514747,  58.51121195372277,347976.01014547556,      0.0,347976.01014547556,   1.0
0.021884853360555456, 0.02015265031389281, 4.523593964033099,52.854095049427926,46.866408423408636, 0.2875984527467516,  284.892948514747,  58.51121195372277, 347430.0254658126,      0.0, 347430.0254658126,   1.0
0.021884853360555456, 0.02015265031389281, 4.523593964033099,51.854095049427926,47.866408423408636, 0.2875984527467516,  284.892948514747,  58.51121195372277, 347333.2276037492,      0.0, 347333.2276037492,   1.0
0.021884853360555456, 0.02015265031389281, 4.523593964033099,51.854095049427926,46.866408423408636,         0.59999942,  284.892948514747,  58.51121195372277,   328193.29342353,      0.0,   328193.29342353,   1.0
0.021884853360555456, 0.02015265031389281, 4.523593964033099,51.854095049427926,46.866408423408636, 0.2875984527467516,  285.892948514747,  58.51121195372277,347415.16825417127,      0.0,347415.16825417127,   1.0
0.021884853360555456, 0.02015265031389281, 4.523593964033099,51.854095049427926,46.866408423408636, 0.2875984527467516,  284.892948514747,  59.51121195372277,  347163.991814096,      0.0,  347163.991814096,   1.0
 0.02190598783749775,0.020173916424386068, 4.527809717226301, 51.85623390810438,46.866544640291124,0.28757811745275236, 284.9055348823368,  58.50714553915226,347301.68710315565,      0.0,347301.68710315565,   1.0
-0.29999939999999997,0.020173916424386068, 4.527809717226301, 51.85623390810438,46.866544640291124,0.28757811745275236, 284.9055348823368,  58.50714553915226, 326207.7710445564,      0.0, 326207.7710445564,   1.0
 0.02190598783749775,          -0.2999994, 4.527809717226301, 51.85623390810438,46.866544640291124,0.28757811745275236, 284.9055348823368,  58.50714553915226, 328479.5244252699,      0.0, 328479.5244252699,   1.0
 0.02190598783749775,0.020173916424386068, 5.527809717226301, 51.85623390810438,46.866544640291124,0.28757811745275236, 284.9055348823368,  58.50714553915226, 347952.6227984602,      0.0, 347952.6227984602,   1.0
 0.02190598783749775,0.020173916424386068, 4.527809717226301, 52.85623390810438,46.866544640291124,0.28757811745275236, 284.9055348823368,  58.50714553915226,347431.32004128327,      0.0,347431.32004128327,   1.0
 0.02190598783749775,0.020173916424386068, 4.527809717226301, 51.85623390810438,47.866544640291124,0.28757811745275236, 284.9055348823368,  58.50714553915226,347331.48173248745,      0.0,347331.48173248745,   1.0
 0.02190598783749775,0.020173916424386068, 4.527809717226301, 51.85623390810438,46.866544640291124,         0.59999942, 284.9055348823368,  58.50714553915226, 328156.0214177898,      0.0, 328156.0214177898,   1.0
 0.02190598783749775,0.020173916424386068, 4.527809717226301, 51.85623390810438,46.866544640291124,0.28757811745275236, 285.9055348823368,  58.50714553915226, 347389.1555990116,      0.0, 347389.1555990116,   1.0
 0.02190598783749775,0.020173916424386068, 4.527809717226301, 51.85623390810438,46.866544640291124,0.28757811745275236, 284.9055348823368,  59.50714553915226, 347137.1123010292,      0.0, 347137.1123010292,   1.0
0.021885650011024337,0.020153451926203443, 4.523752874129015, 51.85417567232539,46.866413558016106,  0.287597686220968,284.89342294975046,  58.51105867284986, 347332.3306674053,      0.0, 347332.3306674053,   1.0
-0.29999939999999997,0.020153451926203443, 4.523752874129015, 51.85417567232539,46.866413558016106,  0.287597686220968,284.89342294975046,  58.51105867284986,326224.40659637784,      0.0,326224.40659637784,   1.0
0.021885650011024337,-0.29999939999999997, 4.523752874129015, 51.85417567232539,46.866413558016106,  0.287597686220968,284.89342294975046,  58.51105867284986,328476.26430472586,      0.0,328476.26430472586,   1.0
0.021885650011024337,0.020153451926203443, 5.523752874129015, 51.85417567232539,46.866413558016106,  0.287597686220968,284.89342294975046,  58.51105867284986,347976.30273347977,      0.0,347976.30273347977,   1.0
0.021885650011024337,0.020153451926203443, 4.523752874129015, 52.85417567232539,46.866413558016106,  0.287597686220968,284.89342294975046,  58.51105867284986, 347431.0971363928,      0.0, 347431.0971363928,   1.0
0.021885650011024337,0.020153451926203443, 4.523752874129015, 51.85417567232539,47.866413558016106,  0.287597686220968,284.89342294975046,  58.51105867284986, 347333.2383308277,      0.0, 347333.2383308277,   1.0
0.021885650011024337,0.020153451926203443, 4.523752874129015, 51.85417567232539,46.866413558016106,         0.59999942,284.89342294975046,  58.51105867284986,328193.31164848816,      0.0,328193.31164848816,   1.0
0.021885650011024337,0.020153451926203443, 4.523752874129015, 51.85417567232539,46.866413558016106,  0.287597686220968,285.89342294975046,  58.51105867284986, 347415.2982084284,      0.0, 347415.2982084284,   1.0
0.021885650011024337,0.020153451926203443, 4.523752874129015, 51.85417567232539,46.866413558016106,  0.287597686220968,284.89342294975046,  59.51105867284986, 347163.5696075632,      0.0, 347163.5696075632,   1.0
 0.02188639325624504, 0.02015419980063772, 4.523901131330793, 51.85425089048638,46.866418348413674,0.28759697108095683,284.89386557994106,  58.51091566750352, 347332.4842462949,      0.0, 347332.4842462949,   1.0
-0.29999939999999997, 0.02015419980063772, 4.523901131330793, 51.85425089048638,46.866418348413674,0.28759697108095683,284.89386557994106,  58.51091566750352, 326224.4687780837,      0.0, 326224.4687780837,   1.0
 0.02188639325624504,-0.29999939999999997, 4.523901131330793, 51.85425089048638,46.866418348413674,0.28759697108095683,284.89386557994106,  58.51091566750352,328476.52548577584,      0.0,328476.52548577584,   1.0
 0.02188639325624504, 0.02015419980063772, 5.523901131330793, 51.85425089048638,46.866418348413674,0.28759697108095683,284.89386557994106,  58.51091566750352,347976.29157856625,      0.0,347976.29157856625,   1.0
 0.02188639325624504, 0.02015419980063772, 4.523901131330793, 52.85425089048638,46.866418348413674,0.28759697108095683,284.89386557994106,  58.51091566750352, 347431.0871586217,      0.0, 347431.0871586217,   1.0
 0.02188639325624504, 0.02015419980063772, 4.523901131330793, 51.85425089048638,47.866418348413674,0.28759697108095683,284.89386557994106,  58.51091566750352, 347333.4206805038,      0.0, 347333.4206805038,   1.0
 0.02188639325624504, 0.02015419980063772, 4.523901131330793, 51.85425089048638,46.866418348413674,         0.59999942,284.89386557994106,  58.51091566750352,328193.30140977126,      0.0,328193.30140977126,   1.0
 0.02188639325624504, 0.02015419980063772, 4.523901131330793, 51.85425089048638,46.866418348413674,0.28759697108095683,285.89386557994106,  58.51091566750352,347414.97852785897,      0.0,347414.97852785897,   1.0
 0.02188639325624504, 0.02015419980063772, 4.523901131330793, 51.85425089048638,46.866418348413674,0.28759697108095683,284.89386557994106,  59.51091566750352, 347163.4878830679,      0.0, 347163.4878830679,   1.0
0.021896190546871395,0.020164058112511894,4.5258554242785465, 51.85524239929538,  46.8664814943524, 0.2875875442668546, 284.8997002311389,  58.50903060332789, 347331.7955136383,      0.0, 347331.7955136383,   1.0
-0.29999939999999997,0.020164058112511894,4.5258554242785465, 51.85524239929538,  46.8664814943524, 0.2875875442668546, 284.8997002311389,  58.50903060332789,326215.38606904086,      0.0,326215.38606904086,   1.0
0.021896190546871395,-0.29999939999999997,4.5258554242785465, 51.85524239929538,  46.8664814943524, 0.2875875442668546, 284.8997002311389,  58.50903060332789,328479.81758279767,      0.0,328479.81758279767,   1.0
0.021896190546871395,0.020164058112511894,5.5258554242785465, 51.85524239929538,  46.8664814943524, 0.2875875442668546, 284.8997002311389,  58.50903060332789, 347977.8015590794,      0.0, 347977.8015590794,   1.0
0.021896190546871395,0.020164058112511894,4.5258554242785465, 52.85524239929538,  46.8664814943524, 0.2875875442668546, 284.8997002311389,  58.50903060332789,347430.72516111133,      0.0,347430.72516111133,   1.0
0.021896190546871395,0.020164058112511894,4.5258554242785465, 51.85524239929538,  47.8664814943524, 0.2875875442668546, 284.8997002311389,  58.50903060332789, 347333.2932488391,      0.0, 347333.2932488391,   1.0
0.021896190546871395,0.020164058112511894,4.5258554242785465, 51.85524239929538,  46.8664814943524,         0.59999942, 284.8997002311389,  58.50903060332789,328186.80021918577,      0.0,328186.80021918577,   1.0
0.021896190546871395,0.020164058112511894,4.5258554242785465, 51.85524239929538,  46.8664814943524, 0.2875875442668546, 285.8997002311389,  58.50903060332789, 347417.4585062185,      0.0, 347417.4585062185,   1.0
0.021896190546871395,0.020164058112511894,4.5258554242785465, 51.85524239929538,  46.8664814943524, 0.2875875442668546, 284.8997002311389,  59.50903060332789,347162.23618445435,      0.0,347162.23618445435,   1.0
0.021888068199846327,0.020155885176424037, 4.524235237012937,51.854420398710495,46.866429143835596, 0.2875953594739766, 284.8948630711927, 58.510593397163746, 347332.6015406729,      0.0, 347332.6015406729,   1.0
-0.29999939999999997,0.020155885176424037, 4.524235237012937,51.854420398710495,46.866429143835596, 0.2875953594739766, 284.8948630711927, 58.510593397163746,326224.94097678625,      0.0,326224.94097678625,   1.0
0.021888068199846327,-0.29999939999999997, 4.524235237012937,51.854420398710495,46.866429143835596, 0.2875953594739766, 284.8948630711927, 58.510593397163746,328478.73413642857,      0.0,328478.73413642857,   1.0
0.021888068199846327,0.020155885176424037, 5.524235237012937,51.854420398710495,46.866429143835596, 0.2875953594739766, 284.8948630711927, 58.510593397163746,347976.43962930806,      0.0,347976.43962930806,   1.0
0.021888068199846327,0.020155885176424037, 4.524235237012937,52.854420398710495,46.866429143835596, 0.2875953594739766, 284.8948630711927, 58.510593397163746, 347431.5130604787,      0.0, 347431.5130604787,   1.0
0.021888068199846327,0.020155885176424037, 4.524235237012937,51.854420398710495,47.866429143835596, 0.2875953594739766, 284.8948630711927, 58.510593397163746,347333.54637376254,      0.0,347333.54637376254,   1.0
0.021888068199846327,0.020155885176424037, 4.524235237012937,51.854420398710495,46.866429143835596,         0.59999942, 284.8948630711927, 58.510593397163746,328192.24343451357,      0.0,328192.24343451357,   1.0
0.021888068199846327,0.020155885176424037, 4.524235237012937,51.854420398710495,46.866429143835596, 0.2875953594739766, 285.8948630711927, 58.510593397163746, 347415.0014120929,      0.0, 347415.0014120929,   1.0
0.021888068199846327,0.020155885176424037, 4.524235237012937,51.854420398710495,46.866429143835596, 0.2875953594739766, 284.8948630711927, 59.510593397163746,347163.14847084513,      0.0,347163.14847084513,   1.0
0.021889358229673275,0.020157183241046803, 4.524492562868558, 51.85455095275712,46.866437458393925, 0.2875941182255714,284.89563133196623,  58.51034518680591,347332.07661089796,      0.0,347332.07661089796,   1.0
-0.29999939999999997,0.020157183241046803, 4.524492562868558, 51.85455095275712,46.866437458393925, 0.2875941182255714,284.89563133196623,  58.51034518680591, 326224.9353418823,      0.0, 326224.9353418823,   1.0
0.021889358229673275,-0.29999939999999997, 4.524492562868558, 51.85455095275712,46.866437458393925, 0.2875941182255714,284.89563133196623,  58.51034518680591,328478.52726569877,      0.0,328478.52726569877,   1.0
0.021889358229673275,0.020157183241046803, 5.524492562868558, 51.85455095275712,46.866437458393925, 0.2875941182255714,284.89563133196623,  58.51034518680591, 347976.3727866313,      0.0, 347976.3727866313,   1.0
0.021889358229673275,0.020157183241046803, 4.524492562868558, 52.85455095275712,46.866437458393925, 0.2875941182255714,284.89563133196623,  58.51034518680591, 347431.7218742949,      0.0, 347431.7218742949,   1.0
0.021889358229673275,0.020157183241046803, 4.524492562868558, 51.85455095275712,47.866437458393925, 0.2875941182255714,284.89563133196623,  58.51034518680591,347333.11522746953,      0.0,347333.11522746953,   1.0
0.021889358229673275,0.020157183241046803, 4.524492562868558, 51.85455095275712,46.866437458393925,         0.59999942,284.89563133196623,  58.51034518680591,328189.87366234686,      0.0,328189.87366234686,   1.0
0.021889358229673275,0.020157183241046803, 4.524492562868558, 51.85455095275712,46.866437458393925, 0.2875941182255714,285.89563133196623,  58.51034518680591, 347415.9904032442,      0.0, 347415.9904032442,   1.0
0.021889358229673275,0.020157183241046803, 4.524492562868558, 51.85455095275712,46.866437458393925, 0.2875941182255714,284.89563133196623,  59.51034518680591,347165.54824969504,      0.0,347165.54824969504,   1.0
0.021888186047766805, 0.02015600375834613,4.5242587444670574,51.854432325196676, 46.86642990339432,0.28759524608237874, 284.8949332540153,  58.51057072243646, 347332.4764397318,      0.0, 347332.4764397318,   1.0
-0.29999939999999997, 0.02015600375834613,4.5242587444670574,51.854432325196676, 46.86642990339432,0.28759524608237874, 284.8949332540153,  58.51057072243646, 326224.8631303408,      0.0, 326224.8631303408,   1.0
0.021888186047766805,-0.29999939999999997,4.5242587444670574,51.854432325196676, 46.86642990339432,0.28759524608237874, 284.8949332540153,  58.51057072243646,328478.72647281457,      0.0,328478.72647281457,   1.0
0.021888186047766805, 0.02015600375834613,5.5242587444670574,51.854432325196676, 46.86642990339432,0.28759524608237874, 284.8949332540153,  58.51057072243646, 347976.4381675908,      0.0, 347976.4381675908,   1.0
0.021888186047766805, 0.02015600375834613,4.5242587444670574,52.854432325196676, 46.86642990339432,0.28759524608237874, 284.8949332540153,  58.51057072243646, 347431.5535694431,      0.0, 347431.5535694431,   1.0
0.021888186047766805, 0.02015600375834613,4.5242587444670574,51.854432325196676, 47.86642990339432,0.28759524608237874, 284.8949332540153,  58.51057072243646,347333.38840153074,      0.0,347333.38840153074,   1.0
0.021888186047766805, 0.02015600375834613,4.5242587444670574,51.854432325196676, 46.86642990339432,         0.59999942, 284.8949332540153,  58.51057072243646, 328192.2376828261,      0.0, 328192.2376828261,   1.0
0.021888186047766805, 0.02015600375834613,4.5242587444670574,51.854432325196676, 46.86642990339432,0.28759524608237874, 285.8949332540153,  58.51057072243646, 347414.9972530599,      0.0, 347414.9972530599,   1.0
0.021888186047766805, 0.02015600375834613,4.5242587444670574,51.854432325196676, 46.86642990339432,0.28759524608237874, 284.8949332540153,  59.51057072243646, 347163.1617532063,      0.0, 347163.1617532063,   1.0
0.021888068199846327,0.020155885176424037, 4.524235237012937,51.854420398710495,46.866429143835596, 0.2875953594739766, 284.8948630711927, 58.510593397163746, 347332.6015406729,      0.0, 347332.6015406729,   1.0
-0.29999939999999997,0.020155885176424037, 4.524235237012937,51.854420398710495,46.866429143835596, 0.2875953594739766, 284.8948630711927, 58.510593397163746,326224.94097678625,      0.0,326224.94097678625,   1.0
0.021888068199846327,-0.29999939999999997, 4.524235237012937,51.854420398710495,46.866429143835596, 0.2875953594739766, 284.8948630711927, 58.510593397163746,328478.73413642857,      0.0,328478.73413642857,   1.0
0.021888068199846327,0.020155885176424037, 5.524235237012937,51.854420398710495,46.866429143835596, 0.2875953594739766, 284.8948630711927, 58.510593397163746,347976.43962930806,      0.0,347976.43962930806,   1.0
0.021888068199846327,0.020155885176424037, 4.524235237012937,52.854420398710495,46.866429143835596, 0.2875953594739766, 284.8948630711927, 58.510593397163746, 347431.5130604787,      0.0, 347431.5130604787,   1.0
0.021888068199846327,0.020155885176424037, 4.524235237012937,51.854420398710495,47.866429143835596, 0.2875953594739766, 284.8948630711927, 58.510593397163746,347333.54637376254,      0.0,347333.54637376254,   1.0
0.021888068199846327,0.020155885176424037, 4.524235237012937,51.854420398710495,46.866429143835596,         0.59999942, 284.8948630711927, 58.510593397163746,328192.24343451357,      0.0,328192.24343451357,   1.0
0.021888068199846327,0.020155885176424037, 4.524235237012937,51.854420398710495,46.866429143835596, 0.2875953594739766, 285.8948630711927, 58.510593397163746, 347415.0014120929,      0.0, 347415.0014120929,   1.0
0.021888068199846327,0.020155885176424037, 4.524235237012937,51.854420398710495,46.866429143835596, 0.2875953594739766, 284.8948630711927, 59.510593397163746,347163.14847084513,      0.0,347163.14847084513,   1.0
 0.29999939999999997, 0.29999939999999997, 3.600343621942307,51.399590332898924,46.837253444141076,         0.02000058, 282.0995212439284,  59.41516581696236,161676.18217121065,      0.0,161676.18217121065,   1.0
-0.29999939999999997, 0.29999939999999997, 3.600343621942307,51.399590332898924,46.837253444141076,         0.02000058, 282.0995212439284,  59.41516581696236, 338938.4190102275,      0.0, 338938.4190102275,   1.0
 0.29999939999999997,-0.29999939999999997, 3.600343621942307,51.399590332898924,46.837253444141076,         0.02000058, 282.0995212439284,  59.41516581696236,342152.99394800694,      0.0,342152.99394800694,   1.0
 0.29999939999999997, 0.29999939999999997, 4.600343621942307,51.399590332898924,46.837253444141076,         0.02000058, 282.0995212439284,  59.41516581696236, 162913.8866906663,      0.0, 162913.8866906663,   1.0
 0.29999939999999997, 0.29999939999999997, 3.600343621942307,52.399590332898924,46.837253444141076,         0.02000058, 282.0995212439284,  59.41516581696236,159590.04703677492,      0.0,159590.04703677492,   1.0
 0.29999939999999997, 0.29999939999999997, 3.600343621942307,51.399590332898924,47.837253444141076,         0.02000058, 282.0995212439284,  59.41516581696236,163856.28830057872,      0.0,163856.28830057872,   1.0
 0.29999939999999997, 0.29999939999999997, 3.600343621942307,51.399590332898924,46.837253444141076,         0.59999942, 282.0995212439284,  59.41516581696236,257124.10630642052,      0.0,257124.10630642052,   1.0
 0.29999939999999997, 0.29999939999999997, 3.600343621942307,51.399590332898924,46.837253444141076,         0.02000058, 283.0995212439284,  59.41516581696236,160814.58356415282,      0.0,160814.58356415282,   1.0
 0.29999939999999997, 0.29999939999999997, 3.600343621942307,51.399590332898924,46.837253444141076,         0.02000058, 282.0995212439284,  60.41516581696236,163300.64431253457,      0.0,163300.64431253457,   1.0
 0.03802174925354929, 0.03639005292459444, 4.470638813777471,51.828034982596954, 46.86473661505461,  0.272071760360901,284.73270084218444,   58.5630690831293, 341021.2083410225,      0.0, 341021.2083410225,   1.0
-0.29999939999999997, 0.03639005292459444, 4.470638813777471,51.828034982596954, 46.86473661505461,  0.272071760360901,284.73270084218444,   58.5630690831293,  328601.553446969,      0.0,  328601.553446969,   1.0
 0.03802174925354929,-0.29999939999999997, 4.470638813777471,51.828034982596954, 46.86473661505461,  0.272071760360901,284.73270084218444,   58.5630690831293,331913.58854568866,      0.0,331913.58854568866,   1.0
 0.03802174925354929, 0.03639005292459444, 5.470638813777471,51.828034982596954, 46.86473661505461,  0.272071760360901,284.73270084218444,   58.5630690831293,341821.37368226005,      0.0,341821.37368226005,   1.0
 0.03802174925354929, 0.03639005292459444, 4.470638813777471,52.828034982596954, 46.86473661505461,  0.272071760360901,284.73270084218444,   58.5630690831293,340909.56730083766,      0.0,340909.56730083766,   1.0
 0.03802174925354929, 0.03639005292459444, 4.470638813777471,51.828034982596954, 47.86473661505461,  0.272071760360901,284.73270084218444,   58.5630690831293, 341469.3080801044,      0.0, 341469.3080801044,   1.0
 0.03802174925354929, 0.03639005292459444, 4.470638813777471,51.828034982596954, 46.86473661505461,         0.59999942,284.73270084218444,   58.5630690831293,  325265.364004044,      0.0,  325265.364004044,   1.0
 0.03802174925354929, 0.03639005292459444, 4.470638813777471,51.828034982596954, 46.86473661505461,  0.272071760360901,285.73270084218444,   58.5630690831293, 341026.0456561135,      0.0, 341026.0456561135,   1.0
 0.03802174925354929, 0.03639005292459444, 4.470638813777471,51.828034982596954, 46.86473661505461,  0.272071760360901,284.73270084218444,   59.5630690831293, 340925.4507926495,      0.0, 340925.4507926495,   1.0
0.022826756510342723,0.021100419994307246, 4.521116894967617,51.852885244916955, 46.86633066928558, 0.2866921668934507,  284.885428163668,  58.51364653257885,346833.28801131534,      0.0,346833.28801131534,   1.0
-0.29999939999999997,0.021100419994307246, 4.521116894967617,51.852885244916955, 46.86633066928558, 0.2866921668934507,  284.885428163668,  58.51364653257885, 326390.7704248969,      0.0, 326390.7704248969,   1.0
0.022826756510342723,-0.29999939999999997, 4.521116894967617,51.852885244916955, 46.86633066928558, 0.2866921668934507,  284.885428163668,  58.51364653257885, 328867.5560666568,      0.0, 328867.5560666568,   1.0
0.022826756510342723,0.021100419994307246, 5.521116894967617,51.852885244916955, 46.86633066928558, 0.2866921668934507,  284.885428163668,  58.51364653257885,347515.15910328005,      0.0,347515.15910328005,   1.0
0.022826756510342723,0.021100419994307246, 4.521116894967617,52.852885244916955, 46.86633066928558, 0.2866921668934507,  284.885428163668,  58.51364653257885, 346976.9147109287,      0.0, 346976.9147109287,   1.0
0.022826756510342723,0.021100419994307246, 4.521116894967617,51.852885244916955, 47.86633066928558, 0.2866921668934507,  284.885428163668,  58.51364653257885,346965.70594129624,      0.0,346965.70594129624,   1.0
0.022826756510342723,0.021100419994307246, 4.521116894967617,51.852885244916955, 46.86633066928558,         0.59999942,  284.885428163668,  58.51364653257885,327968.51567689265,      0.0,327968.51567689265,   1.0
0.022826756510342723,0.021100419994307246, 4.521116894967617,51.852885244916955, 46.86633066928558, 0.2866921668934507,  285.885428163668,  58.51364653257885, 346932.5782192014,      0.0, 346932.5782192014,   1.0
0.022826756510342723,0.021100419994307246, 4.521116894967617,51.852885244916955, 46.86633066928558, 0.2866921668934507,  284.885428163668,  59.51364653257885, 346674.8767805818,      0.0, 346674.8767805818,   1.0
 0.02192959711708579, 0.02019767275153608, 4.524097277088139, 51.85435248130476, 46.86642478718026, 0.2875554009387434,284.89444565735107, 58.510728472253696,347297.29824698635,      0.0,347297.29824698635,   1.0
-0.29999939999999997, 0.02019767275153608, 4.524097277088139, 51.85435248130476, 46.86642478718026, 0.2875554009387434,284.89444565735107, 58.510728472253696, 326228.6901527307,      0.0, 326228.6901527307,   1.0
 0.02192959711708579,-0.29999939999999997, 4.524097277088139, 51.85435248130476, 46.86642478718026, 0.2875554009387434,284.89444565735107, 58.510728472253696,  328505.101778192,      0.0,  328505.101778192,   1.0
 0.02192959711708579, 0.02019767275153608, 5.524097277088139, 51.85435248130476, 46.86642478718026, 0.2875554009387434,284.89444565735107, 58.510728472253696, 347944.5140075505,      0.0, 347944.5140075505,   1.0
 0.02192959711708579, 0.02019767275153608, 4.524097277088139, 52.85435248130476, 46.86642478718026, 0.2875554009387434,284.89444565735107, 58.510728472253696, 347415.4517828699,      0.0, 347415.4517828699,   1.0
 0.02192959711708579, 0.02019767275153608, 4.524097277088139, 51.85435248130476, 47.86642478718026, 0.2875554009387434,284.89444565735107, 58.510728472253696, 347301.5253054953,      0.0, 347301.5253054953,   1.0
 0.02192959711708579, 0.02019767275153608, 4.524097277088139, 51.85435248130476, 46.86642478718026,         0.59999942,284.89444565735107, 58.510728472253696,328147.41027781693,      0.0,328147.41027781693,   1.0
 0.02192959711708579, 0.02019767275153608, 4.524097277088139, 51.85435248130476, 46.86642478718026, 0.2875554009387434,285.89444565735107, 58.510728472253696, 347379.3609156317,      0.0, 347379.3609156317,   1.0
 0.02192959711708579, 0.02019767275153608, 4.524097277088139, 51.85435248130476, 46.86642478718026, 0.2875554009387434,284.89444565735107, 59.510728472253696,347128.76391495275,      0.0,347128.76391495275,   1.0
0.021889315859139457,0.020157140606613205, 4.524231092262877, 51.85441835825801, 46.86642901294797, 0.2875941589938982,  284.894850530768, 58.510597455244294,347332.55887490395,      0.0,347332.55887490395,   1.0
-0.29999939999999997,0.020157140606613205, 4.524231092262877, 51.85441835825801, 46.86642901294797, 0.2875941589938982,  284.894850530768, 58.510597455244294,326226.53969216347,      0.0,326226.53969216347,   1.0
0.021889315859139457,-0.29999939999999997, 4.524231092262877, 51.85441835825801, 46.86642901294797, 0.2875941589938982,  284.894850530768, 58.510597455244294,328478.61972706474,      0.0,328478.61972706474,   1.0
0.021889315859139457,0.020157140606613205, 5.524231092262877, 51.85441835825801, 46.86642901294797, 0.2875941589938982,  284.894850530768, 58.510597455244294, 347976.4339058628,      0.0, 347976.4339058628,   1.0
0.021889315859139457,0.020157140606613205, 4.524231092262877, 52.85441835825801, 46.86642901294797, 0.2875941589938982,  284.894850530768, 58.510597455244294,347431.09699518065,      0.0,347431.09699518065,   1.0
0.021889315859139457,0.020157140606613205, 4.524231092262877, 51.85441835825801, 47.86642901294797, 0.2875941589938982,  284.894850530768, 58.510597455244294,347333.45931479614,      0.0,347333.45931479614,   1.0
0.021889315859139457,0.020157140606613205, 4.524231092262877, 51.85441835825801, 46.86642901294797,         0.59999942,  284.894850530768, 58.510597455244294,  328192.196308459,      0.0,  328192.196308459,   1.0
0.021889315859139457,0.020157140606613205, 4.524231092262877, 51.85441835825801, 46.86642901294797, 0.2875941589938982,  285.894850530768, 58.510597455244294, 347414.9951291974,      0.0, 347414.9951291974,   1.0
0.021889315859139457,0.020157140606613205, 4.524231092262877, 51.85441835825801, 46.86642901294797, 0.2875941589938982,  284.894850530768, 59.510597455244294,347163.13619279227,      0.0,347163.13619279227,   1.0
 0.02188827836309171, 0.02015609664864595, 4.524234538846275, 51.85442005500439,46.866429121788094,0.28759515725788226,  284.894860958808,  58.51059408073127, 347332.4764397318,      0.0, 347332.4764397318,   1.0
-0.29999939999999997, 0.02015609664864595, 4.524234538846275, 51.85442005500439,46.866429121788094,0.28759515725788226,  284.894860958808,  58.51059408073127, 326224.8631303408,      0.0, 326224.8631303408,   1.0
 0.02188827836309171,-0.29999939999999997, 4.524234538846275, 51.85442005500439,46.866429121788094,0.28759515725788226,  284.894860958808,  58.51059408073127,328478.72647281457,      0.0,328478.72647281457,   1.0
 0.02188827836309171, 0.02015609664864595, 5.524234538846275, 51.85442005500439,46.866429121788094,0.28759515725788226,  284.894860958808,  58.51059408073127,347976.43470514927,      0.0,347976.43470514927,   1.0
 0.02188827836309171, 0.02015609664864595, 4.524234538846275, 52.85442005500439,46.866429121788094,0.28759515725788226,  284.894860958808,  58.51059408073127, 347431.5535694431,      0.0, 347431.5535694431,   1.0
 0.02188827836309171, 0.02015609664864595, 4.524234538846275, 51.85442005500439,47.866429121788094,0.28759515725788226,  284.894860958808,  58.51059408073127,347333.38840153074,      0.0,347333.38840153074,   1.0
 0.02188827836309171, 0.02015609664864595, 4.524234538846275, 51.85442005500439,46.866429121788094,         0.59999942,  284.894860958808,  58.51059408073127,328192.23589238885,      0.0,328192.23589238885,   1.0
 0.02188827836309171, 0.02015609664864595, 4.524234538846275, 51.85442005500439,46.866429121788094,0.28759515725788226,  285.894860958808,  58.51059408073127, 347414.9972530599,      0.0, 347414.9972530599,   1.0
 0.02188827836309171, 0.02015609664864595, 4.524234538846275, 51.85442005500439,46.866429121788094,0.28759515725788226,  284.894860958808,  59.51059408073127, 347163.1450362031,      0.0, 347163.1450362031,   1.0
 0.02188807667809024, 0.02015589370747367, 4.524235208848035, 51.85442038484497,46.866429142946174, 0.2875953513163305, 284.8948629859765,   58.5105934247397, 347332.6015406729,      0.0, 347332.6015406729,   1.0
-0.29999939999999997, 0.02015589370747367, 4.524235208848035, 51.85442038484497,46.866429142946174, 0.2875953513163305, 284.8948629859765,   58.5105934247397,326224.94097678625,      0.0,326224.94097678625,   1.0
 0.02188807667809024,-0.29999939999999997, 4.524235208848035, 51.85442038484497,46.866429142946174, 0.2875953513163305, 284.8948629859765,   58.5105934247397,328478.73413642857,      0.0,328478.73413642857,   1.0
 0.02188807667809024, 0.02015589370747367, 5.524235208848035, 51.85442038484497,46.866429142946174, 0.2875953513163305, 284.8948629859765,   58.5105934247397,347976.43962930806,      0.0,347976.43962930806,   1.0
 0.02188807667809024, 0.02015589370747367, 4.524235208848035, 52.85442038484497,46.866429142946174, 0.2875953513163305, 284.8948629859765,   58.5105934247397, 347431.5130604787,      0.0, 347431.5130604787,   1.0
 0.02188807667809024, 0.02015589370747367, 4.524235208848035, 51.85442038484497,47.866429142946174, 0.2875953513163305, 284.8948629859765,   58.5105934247397,347333.54637376254,      0.0,347333.54637376254,   1.0
 0.02188807667809024, 0.02015589370747367, 4.524235208848035, 51.85442038484497,46.866429142946174,         0.59999942, 284.8948629859765,   58.5105934247397,328192.24343451357,      0.0,328192.24343451357,   1.0
 0.02188807667809024, 0.02015589370747367, 4.524235208848035, 51.85442038484497,46.866429142946174, 0.2875953513163305, 285.8948629859765,   58.5105934247397, 347415.0014120929,      0.0, 347415.0014120929,   1.0
 0.02188807667809024, 0.02015589370747367, 4.524235208848035, 51.85442038484497,46.866429142946174, 0.2875953513163305, 284.8948629859765,   59.5105934247397,347163.14847084513,      0.0,347163.14847084513,   1.0
0.021888069989063848,0.020155886976785484, 4.524235231069119,51.854420395784366, 46.86642914364789,0.28759535775241685,284.89486305320895, 58.510593402983275, 347332.6015406729,      0.0, 347332.6015406729,   1.0
-0.29999939999999997,0.020155886976785484, 4.524235231069119,51.854420395784366, 46.86642914364789,0.28759535775241685,284.89486305320895, 58.510593402983275,326224.94097678625,      0.0,326224.94097678625,   1.0
0.021888069989063848,-0.29999939999999997, 4.524235231069119,51.854420395784366, 46.86642914364789,0.28759535775241685,284.89486305320895, 58.510593402983275,328478.73413642857,      0.0,328478.73413642857,   1.0
0.021888069989063848,0.020155886976785484, 5.524235231069119,51.854420395784366, 46.86642914364789,0.28759535775241685,284.89486305320895, 58.510593402983275,347976.43962930806,      0.0,347976.43962930806,   1.0
0.021888069989063848,0.020155886976785484, 4.524235231069119,52.854420395784366, 46.86642914364789,0.28759535775241685,284.89486305320895, 58.510593402983275, 347431.5130604787,      0.0, 347431.5130604787,   1.0
0.021888069989063848,0.020155886976785484, 4.524235231069119,51.854420395784366, 47.86642914364789,0.28759535775241685,284.89486305320895, 58.510593402983275,347333.54637376254,      0.0,347333.54637376254,   1.0
0.021888069989063848,0.020155886976785484, 4.524235231069119,51.854420395784366, 46.86642914364789,         0.59999942,284.89486305320895, 58.510593402983275,328192.24343451357,      0.0,328192.24343451357,   1.0
0.021888069989063848,0.020155886976785484, 4.524235231069119,51.854420395784366, 46.86642914364789,0.28759535775241685,285.89486305320895, 58.510593402983275, 347415.0014120929,      0.0, 347415.0014120929,   1.0
0.021888069989063848,0.020155886976785484, 4.524235231069119,51.854420395784366, 46.86642914364789,0.28759535775241685,284.89486305320895, 59.510593402983275,347163.14847084513,      0.0,347163.14847084513,   1.0
 0.02188806857743624,0.020155885556365726, 4.524235235758575, 51.85442039809298, 46.86642914379598, 0.2875953591106649,284.89486306739747, 58.510593398391876, 347332.6015406729,      0.0, 347332.6015406729,   1.0
-0.29999939999999997,0.020155885556365726, 4.524235235758575, 51.85442039809298, 46.86642914379598, 0.2875953591106649,284.89486306739747, 58.510593398391876,326224.94097678625,      0.0,326224.94097678625,   1.0
 0.02188806857743624,-0.29999939999999997, 4.524235235758575, 51.85442039809298, 46.86642914379598, 0.2875953591106649,284.89486306739747, 58.510593398391876,328478.73413642857,      0.0,328478.73413642857,   1.0
 0.02188806857743624,0.020155885556365726, 5.524235235758575, 51.85442039809298, 46.86642914379598, 0.2875953591106649,284.89486306739747, 58.510593398391876,347976.43962930806,      0.0,347976.43962930806,   1.0
 0.02188806857743624,0.020155885556365726, 4.524235235758575, 52.85442039809298, 46.86642914379598, 0.2875953591106649,284.89486306739747, 58.510593398391876, 347431.5130604787,      0.0, 347431.5130604787,   1.0
 0.02188806857743624,0.020155885556365726, 4.524235235758575, 51.85442039809298, 47.86642914379598, 0.2875953591106649,284.89486306739747, 58.510593398391876,347333.54637376254,      0.0,347333.54637376254,   1.0
 0.02188806857743624,0.020155885556365726, 4.524235235758575, 51.85442039809298, 46.86642914379598,         0.59999942,284.89486306739747, 58.510593398391876,328192.24343451357,      0.0,328192.24343451357,   1.0
 0.02188806857743624,0.020155885556365726, 4.524235235758575, 51.85442039809298, 46.86642914379598, 0.2875953591106649,285.89486306739747, 58.510593398391876, 347415.0014120929,      0.0, 347415.0014120929,   1.0
 0.02188806857743624,0.020155885556365726, 4.524235235758575, 51.85442039809298, 46.86642914379598, 0.2875953591106649,284.89486306739747, 59.510593398391876,347163.14847084513,      0.0,347163.14847084513,   1.0
0.021888068279531547, 0.02015588525660557, 4.524235236748221,51.854420398580174, 46.86642914382724, 0.2875953593973046,284.89486307039175,  58.51059339742292, 347332.6015406729,      0.0, 347332.6015406729,   1.0
-0.29999939999999997, 0.02015588525660557, 4.524235236748221,51.854420398580174, 46.86642914382724, 0.2875953593973046,284.89486307039175,  58.51059339742292,326224.94097678625,      0.0,326224.94097678625,   1.0
0.021888068279531547,-0.29999939999999997, 4.524235236748221,51.854420398580174, 46.86642914382724, 0.2875953593973046,284.89486307039175,  58.51059339742292,328478.73413642857,      0.0,328478.73413642857,   1.0
0.021888068279531547, 0.02015588525660557, 5.524235236748221,51.854420398580174, 46.86642914382724, 0.2875953593973046,284.89486307039175,  58.51059339742292,347976.43962930806,      0.0,347976.43962930806,   1.0
0.021888068279531547, 0.02015588525660557, 4.524235236748221,52.854420398580174, 46.86642914382724, 0.2875953593973046,284.89486307039175,  58.51059339742292, 347431.5130604787,      0.0, 347431.5130604787,   1.0
0.021888068279531547, 0.02015588525660557, 4.524235236748221,51.854420398580174, 47.86642914382724, 0.2875953593973046,284.89486307039175,  58.51059339742292,347333.54637376254,      0.0,347333.54637376254,   1.0
0.021888068279531547, 0.02015588525660557, 4.524235236748221,51.854420398580174, 46.86642914382724,         0.59999942,284.89486307039175,  58.51059339742292,328192.24343451357,      0.0,328192.24343451357,   1.0
0.021888068279531547, 0.02015588525660557, 4.524235236748221,51.854420398580174, 46.86642914382724, 0.2875953593973046,285.89486307039175,  58.51059339742292, 347415.0014120929,      0.0, 347415.0014120929,   1.0
0.021888068279531547, 0.02015588525660557, 4.524235236748221,51.854420398580174, 46.86642914382724, 0.2875953593973046,284.89486307039175,  59.51059339742292,347163.14847084513,      0.0,347163.14847084513,   1.0
0.021888068216662764,0.020155885193345213, 4.524235236957073, 51.85442039868299,46.866429143833834,  0.287595359457796, 284.8948630710236,  58.51059339721844, 347332.6015406729,      0.0, 347332.6015406729,   1.0
-0.29999939999999997,0.020155885193345213, 4.524235236957073, 51.85442039868299,46.866429143833834,  0.287595359457796, 284.8948630710236,  58.51059339721844,326224.94097678625,      0.0,326224.94097678625,   1.0
0.021888068216662764,-0.29999939999999997, 4.524235236957073, 51.85442039868299,46.866429143833834,  0.287595359457796, 284.8948630710236,  58.51059339721844,328478.73413642857,      0.0,328478.73413642857,   1.0
0.021888068216662764,0.020155885193345213, 5.524235236957073, 51.85442039868299,46.866429143833834,  0.287595359457796, 284.8948630710236,  58.51059339721844,347976.43962930806,      0.0,347976.43962930806,   1.0
0.021888068216662764,0.020155885193345213, 4.524235236957073, 52.85442039868299,46.866429143833834,  0.287595359457796, 284.8948630710236,  58.51059339721844, 347431.5130604787,      0.0, 347431.5130604787,   1.0
0.021888068216662764,0.020155885193345213, 4.524235236957073, 51.85442039868299,47.866429143833834,  0.287595359457796, 284.8948630710236,  58.51059339721844,347333.54637376254,      0.0,347333.54637376254,   1.0
0.021888068216662764,0.020155885193345213, 4.524235236957073, 51.85442039868299,46.866429143833834,         0.59999942, 284.8948630710236,  58.51059339721844,328192.24343451357,      0.0,328192.24343451357,   1.0
0.021888068216662764,0.020155885193345213, 4.524235236957073, 51.85442039868299,46.866429143833834,  0.287595359457796, 285.8948630710236,  58.51059339721844, 347415.0014120929,      0.0, 347415.0014120929,   1.0
0.021888068216662764,0.020155885193345213, 4.524235236957073, 51.85442039868299,46.866429143833834,  0.287595359457796, 284.8948630710236,  59.51059339721844,347163.14847084513,      0.0,347163.14847084513,   1.0
 0.02188806820339521,0.020155885179995024, 4.524235237001148, 51.85442039870469, 46.86642914383523, 0.2875953594705619,  284.894863071157,  58.51059339717529, 347332.6015406729,      0.0, 347332.6015406729,   1.0
-0.29999939999999997,0.020155885179995024, 4.524235237001148, 51.85442039870469, 46.86642914383523, 0.2875953594705619,  284.894863071157,  58.51059339717529,326224.94097678625,      0.0,326224.94097678625,   1.0
 0.02188806820339521,-0.29999939999999997, 4.524235237001148, 51.85442039870469, 46.86642914383523, 0.2875953594705619,  284.894863071157,  58.51059339717529,328478.73413642857,      0.0,328478.73413642857,   1.0
 0.02188806820339521,0.020155885179995024, 5.524235237001148, 51.85442039870469, 46.86642914383523, 0.2875953594705619,  284.894863071157,  58.51059339717529,347976.43962930806,      0.0,347976.43962930806,   1.0
 0.02188806820339521,0.020155885179995024, 4.524235237001148, 52.85442039870469, 46.86642914383523, 0.2875953594705619,  284.894863071157,  58.51059339717529, 347431.5130604787,      0.0, 347431.5130604787,   1.0
 0.02188806820339521,0.020155885179995024, 4.524235237001148, 51.85442039870469, 47.86642914383523, 0.2875953594705619,  284.894863071157,  58.51059339717529,347333.54637376254,      0.0,347333.54637376254,   1.0
 0.02188806820339521,0.020155885179995024, 4.524235237001148, 51.85442039870469, 46.86642914383523,         0.59999942,  284.894863071157,  58.51059339717529,328192.24343451357,      0.0,328192.24343451357,   1.0
 0.02188806820339521,0.020155885179995024, 4.524235237001148, 51.85442039870469, 46.86642914383523, 0.2875953594705619,  285.894863071157,  58.51059339717529, 347415.0014120929,      0.0, 347415.0014120929,   1.0
 0.02188806820339521,0.020155885179995024, 4.524235237001148, 51.85442039870469, 46.86642914383523, 0.2875953594705619,  284.894863071157,  59.51059339717529,347163.14847084513,      0.0,347163.14847084513,   1.0
 0.02188806820059527,0.020155885177177642,4.5242352370104495, 51.85442039870927, 46.86642914383552,0.28759535947325593,284.89486307118517,  58.51059339716618, 347332.6015406729,      0.0, 347332.6015406729,   1.0
-0.29999939999999997,0.020155885177177642,4.5242352370104495, 51.85442039870927, 46.86642914383552,0.28759535947325593,284.89486307118517,  58.51059339716618,326224.94097678625,      0.0,326224.94097678625,   1.0
 0.02188806820059527,-0.29999939999999997,4.5242352370104495, 51.85442039870927, 46.86642914383552,0.28759535947325593,284.89486307118517,  58.51059339716618,328478.73413642857,      0.0,328478.73413642857,   1.0
 0.02188806820059527,0.020155885177177642,5.5242352370104495, 51.85442039870927, 46.86642914383552,0.28759535947325593,284.89486307118517,  58.51059339716618,347976.43962930806,      0.0,347976.43962930806,   1.0
 0.02188806820059527,0.020155885177177642,4.5242352370104495, 52.85442039870927, 46.86642914383552,0.28759535947325593,284.89486307118517,  58.51059339716618, 347431.5130604787,      0.0, 347431.5130604787,   1.0
 0.02188806820059527,0.020155885177177642,4.5242352370104495, 51.85442039870927, 47.86642914383552,0.28759535947325593,284.89486307118517,  58.51059339716618,347333.54637376254,      0.0,347333.54637376254,   1.0
 0.02188806820059527,0.020155885177177642,4.5242352370104495, 51.85442039870927, 46.86642914383552,         0.59999942,284.89486307118517,  58.51059339716618,328192.24343451357,      0.0,328192.24343451357,   1.0
 0.02188806820059527,0.020155885177177642,4.5242352370104495, 51.85442039870927, 46.86642914383552,0.28759535947325593,285.89486307118517,  58.51059339716618, 347415.0014120929,      0.0, 347415.0014120929,   1.0
 0.02188806820059527,0.020155885177177642,4.5242352370104495, 51.85442039870927, 46.86642914383552,0.28759535947325593,284.89486307118517,  59.51059339716618,347163.14847084513,      0.0,347163.14847084513,   1.0
 0.02188806820000441,0.020155885176583104, 4.524235237012412, 51.85442039871024, 46.86642914383558, 0.2875953594738245, 284.8948630711911,  58.51059339716426, 347332.6015406729,      0.0, 347332.6015406729,   1.0
-0.29999939999999997,0.020155885176583104, 4.524235237012412, 51.85442039871024, 46.86642914383558, 0.2875953594738245, 284.8948630711911,  58.51059339716426,326224.94097678625,      0.0,326224.94097678625,   1.0
 0.02188806820000441,-0.29999939999999997, 4.524235237012412, 51.85442039871024, 46.86642914383558, 0.2875953594738245, 284.8948630711911,  58.51059339716426,328478.73413642857,      0.0,328478.73413642857,   1.0
 0.02188806820000441,0.020155885176583104, 5.524235237012412, 51.85442039871024, 46.86642914383558, 0.2875953594738245, 284.8948630711911,  58.51059339716426,347976.43962930806,      0.0,347976.43962930806,   1.0
 0.02188806820000441,0.020155885176583104, 4.524235237012412, 52.85442039871024, 46.86642914383558, 0.2875953594738245, 284.8948630711911,  58.51059339716426, 347431.5130604787,      0.0, 347431.5130604787,   1.0
 0.02188806820000441,0.020155885176583104, 4.524235237012412, 51.85442039871024, 47.86642914383558, 0.2875953594738245, 284.8948630711911,  58.51059339716426,347333.54637376254,      0.0,347333.54637376254,   1.0
 0.02188806820000441,0.020155885176583104, 4.524235237012412, 51.85442039871024, 46.86642914383558,         0.59999942, 284.8948630711911,  58.51059339716426,328192.24343451357,      0.0,328192.24343451357,   1.0
 0.02188806820000441,0.020155885176583104, 4.524235237012412, 51.85442039871024, 46.86642914383558, 0.2875953594738245, 285.8948630711911,  58.51059339716426, 347415.0014120929,      0.0, 347415.0014120929,   1.0
 0.02188806820000441,0.020155885176583104, 4.524235237012412, 51.85442039871024, 46.86642914383558, 0.2875953594738245, 284.8948630711911,  59.51059339716426,347163.14847084513,      0.0,347163.14847084513,   1.0
 0.02188806820039438,  0.0201558851769755,4.5242352370111165,  51.8544203987096, 46.86642914383554, 0.2875953594734493,284.89486307118716,  58.51059339716553, 347332.6015406729,      0.0, 347332.6015406729,   1.0
          -0.2999994,  0.0201558851769755,4.5242352370111165,  51.8544203987096, 46.86642914383554, 0.2875953594734493,284.89486307118716,  58.51059339716553,326224.94097678625,      0.0,326224.94097678625,   1.0
 0.02188806820039438,-0.29999939999999997,4.5242352370111165,  51.8544203987096, 46.86642914383554, 0.2875953594734493,284.89486307118716,  58.51059339716553,328478.73413642857,      0.0,328478.73413642857,   1.0
 0.02188806820039438,  0.0201558851769755,5.5242352370111165,  51.8544203987096, 46.86642914383554, 0.2875953594734493,284.89486307118716,  58.51059339716553,347976.43962930806,      0.0,347976.43962930806,   1.0
 0.02188806820039438,  0.0201558851769755,4.5242352370111165,  52.8544203987096, 46.86642914383554, 0.2875953594734493,284.89486307118716,  58.51059339716553, 347431.5130604787,      0.0, 347431.5130604787,   1.0
 0.02188806820039438,  0.0201558851769755,4.5242352370111165,  51.8544203987096, 47.86642914383554, 0.2875953594734493,284.89486307118716,  58.51059339716553,347333.54637376254,      0.0,347333.54637376254,   1.0
 0.02188806820039438,  0.0201558851769755,4.5242352370111165,  51.8544203987096, 46.86642914383554,         0.59999942,284.89486307118716,  58.51059339716553,328192.24343451357,      0.0,328192.24343451357,   1.0
 0.02188806820039438,  0.0201558851769755,4.5242352370111165,  51.8544203987096, 46.86642914383554, 0.2875953594734493,285.89486307118716,  58.51059339716553, 347415.0014120929,      0.0, 347415.0014120929,   1.0
 0.02188806820039438,  0.0201558851769755,4.5242352370111165,  51.8544203987096, 46.86642914383554, 0.2875953594734493,284.89486307118716,  59.51059339716553,347163.14847084513,      0.0,347163.14847084513,   1.0
0.021888068200086635, 0.02015588517666584, 4.524235237012139,51.854420398710104, 46.86642914383557,0.28759535947374537, 284.8948630711903,  58.51059339716453, 347332.6015406729,      0.0, 347332.6015406729,   1.0
-0.29999939999999997, 0.02015588517666584, 4.524235237012139,51.854420398710104, 46.86642914383557,0.28759535947374537, 284.8948630711903,  58.51059339716453,326224.94097678625,      0.0,326224.94097678625,   1.0
0.021888068200086635,-0.29999939999999997, 4.524235237012139,51.854420398710104, 46.86642914383557,0.28759535947374537, 284.8948630711903,  58.51059339716453,328478.73413642857,      0.0,328478.73413642857,   1.0
0.021888068200086635, 0.02015588517666584, 5.524235237012139,51.854420398710104, 46.86642914383557,0.28759535947374537, 284.8948630711903,  58.51059339716453,347976.43962930806,      0.0,347976.43962930806,   1.0
0.021888068200086635, 0.02015588517666584, 4.524235237012139,52.854420398710104, 46.86642914383557,0.28759535947374537, 284.8948630711903,  58.51059339716453, 347431.5130604787,      0.0, 347431.5130604787,   1.0
0.021888068200086635, 0.02015588517666584, 4.524235237012139,51.854420398710104, 47.86642914383557,0.28759535947374537, 284.8948630711903,  58.51059339716453,347333.54637376254,      0.0,347333.54637376254,   1.0
0.021888068200086635, 0.02015588517666584, 4.524235237012139,51.854420398710104, 46.86642914383557,         0.59999942, 284.8948630711903,  58.51059339716453,328192.24343451357,      0.0,328192.24343451357,   1.0
0.021888068200086635, 0.02015588517666584, 4.524235237012139,51.854420398710104, 46.86642914383557,0.28759535947374537, 285.8948630711903,  58.51059339716453, 347415.0014120929,      0.0, 347415.0014120929,   1.0
0.021888068200086635, 0.02015588517666584, 4.524235237012139,51.854420398710104, 46.86642914383557,0.28759535947374537, 284.8948630711903,  59.51059339716453,347163.14847084513,      0.0,347163.14847084513,   1.0
0.021888068200021694,0.020155885176600497, 4.524235237012355, 51.85442039871021,46.866429143835575, 0.2875953594738078, 284.8948630711909, 58.510593397164314, 347332.6015406729,      0.0, 347332.6015406729,   1.0
-0.29999939999999997,0.020155885176600497, 4.524235237012355, 51.85442039871021,46.866429143835575, 0.2875953594738078, 284.8948630711909, 58.510593397164314,326224.94097678625,      0.0,326224.94097678625,   1.0
0.021888068200021694,-0.29999939999999997, 4.524235237012355, 51.85442039871021,46.866429143835575, 0.2875953594738078, 284.8948630711909, 58.510593397164314,328478.73413642857,      0.0,328478.73413642857,   1.0
0.021888068200021694,0.020155885176600497, 5.524235237012355, 51.85442039871021,46.866429143835575, 0.2875953594738078, 284.8948630711909, 58.510593397164314,347976.43962930806,      0.0,347976.43962930806,   1.0
0.021888068200021694,0.020155885176600497, 4.524235237012355, 52.85442039871021,46.866429143835575, 0.2875953594738078, 284.8948630711909, 58.510593397164314, 347431.5130604787,      0.0, 347431.5130604787,   1.0
0.021888068200021694,0.020155885176600497, 4.524235237012355, 51.85442039871021,47.866429143835575, 0.2875953594738078, 284.8948630711909, 58.510593397164314,347333.54637376254,      0.0,347333.54637376254,   1.0
0.021888068200021694,0.020155885176600497, 4.524235237012355, 51.85442039871021,46.866429143835575,         0.59999942, 284.8948630711909, 58.510593397164314,328192.24343451357,      0.0,328192.24343451357,   1.0
0.021888068200021694,0.020155885176600497, 4.524235237012355, 51.85442039871021,46.866429143835575, 0.2875953594738078, 285.8948630711909, 58.510593397164314, 347415.0014120929,      0.0, 347415.0014120929,   1.0
0.021888068200021694,0.020155885176600497, 4.524235237012355, 51.85442039871021,46.866429143835575, 0.2875953594738078, 284.8948630711909, 59.510593397164314,347163.14847084513,      0.0,347163.14847084513,   1.0
 0.02188806820000441,0.020155885176583104, 4.524235237012412, 51.85442039871024, 46.86642914383558, 0.2875953594738245, 284.8948630711911,  58.51059339716426, 347332.6015406729,      0.0, 347332.6015406729,   1.0
-0.29999939999999997,0.020155885176583104, 4.524235237012412, 51.85442039871024, 46.86642914383558, 0.2875953594738245, 284.8948630711911,  58.51059339716426,326224.94097678625,      0.0,326224.94097678625,   1.0
 0.02188806820000441,-0.29999939999999997, 4.524235237012412, 51.85442039871024, 46.86642914383558, 0.2875953594738245, 284.8948630711911,  58.51059339716426,328478.73413642857,      0.0,328478.73413642857,   1.0
 0.02188806820000441,0.020155885176583104, 5.524235237012412, 51.85442039871024, 46.86642914383558, 0.2875953594738245, 284.8948630711911,  58.51059339716426,347976.43962930806,      0.0,347976.43962930806,   1.0
 0.02188806820000441,0.020155885176583104, 4.524235237012412, 52.85442039871024, 46.86642914383558, 0.2875953594738245, 284.8948630711911,  58.51059339716426, 347431.5130604787,      0.0, 347431.5130604787,   1.0
 0.02188806820000441,0.020155885176583104, 4.524235237012412, 51.85442039871024, 47.86642914383558, 0.2875953594738245, 284.8948630711911,  58.51059339716426,347333.54637376254,      0.0,347333.54637376254,   1.0
 0.02188806820000441,0.020155885176583104, 4.524235237012412, 51.85442039871024, 46.86642914383558,         0.59999942, 284.8948630711911,  58.51059339716426,328192.24343451357,      0.0,328192.24343451357,   1.0
 0.02188806820000441,0.020155885176583104, 4.524235237012412, 51.85442039871024, 46.86642914383558, 0.2875953594738245, 285.8948630711911,  58.51059339716426, 347415.0014120929,      0.0, 347415.0014120929,   1.0
 0.02188806820000441,0.020155885176583104, 4.524235237012412, 51.85442039871024, 46.86642914383558, 0.2875953594738245, 284.8948630711911,  59.51059339716426,347163.14847084513,      0.0,347163.14847084513,   1.0
 0.02188806820000441,0.020155885176583104, 4.524235237012412, 51.85442039871024, 46.86642914383558, 0.2875953594738245, 284.8948630711911,  58.51059339716426, 347332.6015406729,      0.0, 347332.6015406729,   1.0
