            centre_ra,           centre_dec,              v_sys,       inclination,                phi,     turnover_radius,  maximum_velocity,velocity_dispersion,    log_likelihood,log_prior,     log_posterior,weight
                  0.0,                  0.0,                0.0,              50.0,               40.0,                0.31,             275.0,               62.5, 345431.2441918625,      0.0, 345431.2441918625,   1.0
                  0.0,                  0.0,                0.0,              50.0,               40.0,                0.31,             275.0,               62.5, 345431.2441918625,      0.0, 345431.2441918625,   1.0
  0.29999939999999997,                  0.0,                0.0,              50.0,               40.0,                0.31,             275.0,               62.5,288763.01969006285,      0.0,288763.01969006285,   1.0
                  0.0,  0.29999939999999997,                0.0,              50.0,               40.0,                0.31,             275.0,               62.5, 284545.5584660747,      0.0, 284545.5584660747,   1.0
                  0.0,                  0.0,                1.0,              50.0,               40.0,                0.31,             275.0,               62.5,346049.29216901714,      0.0,346049.29216901714,   1.0
                  0.0,                  0.0,                0.0,              51.0,               40.0,                0.31,             275.0,               62.5,345861.31870354805,      0.0,345861.31870354805,   1.0
                  0.0,                  0.0,                0.0,              50.0,               41.0,                0.31,             275.0,               62.5, 345710.7892501671,      0.0, 345710.7892501671,   1.0
                  0.0,                  0.0,                0.0,              50.0,               40.0, 0.02000057999999999,             275.0,               62.5, 324560.1272429809,      0.0, 324560.1272429809,   1.0
                  0.0,                  0.0,                0.0,              50.0,               40.0,                0.31,             276.0,               62.5, 345532.5410616186,      0.0, 345532.5410616186,   1.0
                  0.0,                  0.0,                0.0,              50.0,               40.0,                0.31,             275.0,               63.5,345233.97371412715,      0.0,345233.97371412715,   1.0
 -0.29999939999999997, -0.29999939999999997,           59.99988,          79.99994,          169.99974,          0.59999942, 477.5937396962259,           5.000115,219731.56587088748,      0.0,219731.56587088748,   1.0
  0.29999939999999997, -0.29999939999999997,           59.99988,          79.99994,          169.99974,          0.59999942, 477.5937396962259,           5.000115,203541.79694446642,      0.0,203541.79694446642,   1.0
 -0.29999939999999997,  0.29999939999999997,           59.99988,          79.99994,          169.99974,          0.59999942, 477.5937396962259,           5.000115,134506.42638109234,      0.0,134506.42638109234,   1.0
 -0.29999939999999997, -0.29999939999999997,           58.99988,          79.99994,          169.99974,          0.59999942, 477.5937396962259,           5.000115,219970.58999300338,      0.0,219970.58999300338,   1.0
 -0.29999939999999997, -0.29999939999999997,           59.99988,          78.99994,          169.99974,          0.59999942, 477.5937396962259,           5.000115,216972.62523547726,      0.0,216972.62523547726,   1.0
 -0.29999939999999997, -0.29999939999999997,           59.99988,          79.99994,          168.99974,          0.59999942, 477.5937396962259,           5.000115, 218960.9738342255,      0.0, 218960.9738342255,   1.0
 -0.29999939999999997, -0.29999939999999997,           59.99988,          79.99994,          169.99974,0.020000580000000046, 477.5937396962259,           5.000115,233718.84543569793,      0.0,233718.84543569793,   1.0
 -0.29999939999999997, -0.29999939999999997,           59.99988,          79.99994,          169.99974,          0.59999942, 478.5937396962259,           5.000115,   219804.02541564,      0.0,   219804.02541564,   1.0
 -0.29999939999999997, -0.29999939999999997,           59.99988,          79.99994,          169.99974,          0.59999942, 477.5937396962259,           6.000115,220083.75475270397,      0.0,220083.75475270397,   1.0
 -0.04040425162707677, -0.04040425162707677,  8.080850325415353, 54.04042516270768, 57.508509038399936, 0.34905744323950755, 302.2855493602881, 54.755851771476955, 350093.5390617715,      0.0, 350093.5390617715,   1.0
  0.29999939999999997, -0.04040425162707677,  8.080850325415353, 54.04042516270768, 57.508509038399936, 0.34905744323950755, 302.2855493602881, 54.755851771476955, 281145.5841969371,      0.0, 281145.5841969371,   1.0
 -0.04040425162707677,  0.29999939999999997,  8.080850325415353, 54.04042516270768, 57.508509038399936, 0.34905744323950755, 302.2855493602881, 54.755851771476955,319307.96396808897,      0.0,319307.96396808897,   1.0
 -0.04040425162707677, -0.04040425162707677,  9.080850325415353, 54.04042516270768, 57.508509038399936, 0.34905744323950755, 302.2855493602881, 54.755851771476955,349745.79733264487,      0.0,349745.79733264487,   1.0
 -0.04040425162707677, -0.04040425162707677,  8.080850325415353, 55.04042516270768, 57.508509038399936, 0.34905744323950755, 302.2855493602881, 54.755851771476955,350332.44349624886,      0.0,350332.44349624886,   1.0
 -0.04040425162707677, -0.04040425162707677,  8.080850325415353, 54.04042516270768, 58.508509038399936, 0.34905744323950755, 302.2855493602881, 54.755851771476955,  349448.327530865,      0.0,  349448.327530865,   1.0
 -0.04040425162707677, -0.04040425162707677,  8.080850325415353, 54.04042516270768, 57.508509038399936, 0.02000057999999999, 302.2855493602881, 54.755851771476955, 302636.5484209489,      0.0, 302636.5484209489,   1.0
 -0.04040425162707677, -0.04040425162707677,  8.080850325415353, 54.04042516270768, 57.508509038399936, 0.34905744323950755, 303.2855493602881, 54.755851771476955,350202.71898062667,      0.0,350202.71898062667,   1.0
 -0.04040425162707677, -0.04040425162707677,  8.080850325415353, 54.04042516270768, 57.508509038399936, 0.34905744323950755, 302.2855493602881, 55.755851771476955,349963.13672028173,      0.0,349963.13672028173,   1.0
 -0.29999939999999997, -0.15663139815593047, 13.163875418025938,  56.5826423886459,  68.52230814713413,          0.59999942, 319.4517768926434,  49.88363647729226, 264919.1456897215,      0.0, 264919.1456897215,   1.0
  0.29999939999999997, -0.15663139815593047, 13.163875418025938,  56.5826423886459,  68.52230814713413,          0.59999942, 319.4517768926434,  49.88363647729226, 301758.7076309326,      0.0, 301758.7076309326,   1.0
 -0.29999939999999997,  0.29999939999999997, 13.163875418025938,  56.5826423886459,  68.52230814713413,          0.59999942, 319.4517768926434,  49.88363647729226,306526.81019321457,      0.0,306526.81019321457,   1.0
 -0.29999939999999997, -0.15663139815593047, 14.163875418025938,  56.5826423886459,  68.52230814713413,          0.59999942, 319.4517768926434,  49.88363647729226,263590.17929753603,      0.0,263590.17929753603,   1.0
 -0.29999939999999997, -0.15663139815593047, 13.163875418025938,  57.5826423886459,  68.52230814713413,          0.59999942, 319.4517768926434,  49.88363647729226,264031.79706766125,      0.0,264031.79706766125,   1.0
 -0.29999939999999997, -0.15663139815593047, 13.163875418025938,  56.5826423886459,  69.52230814713413,          0.59999942, 319.4517768926434,  49.88363647729226,264278.86021717126,      0.0,264278.86021717126,   1.0
 -0.29999939999999997, -0.15663139815593047, 13.163875418025938,  56.5826423886459,  68.52230814713413,0.020000580000000046, 319.4517768926434,  49.88363647729226,119220.36741810862,      0.0,119220.36741810862,   1.0
 -0.29999939999999997, -0.15663139815593047, 13.163875418025938,  56.5826423886459,  68.52230814713413,          0.59999942, 320.4517768926434,  49.88363647729226, 264672.4733392404,      0.0, 264672.4733392404,   1.0
 -0.29999939999999997, -0.15663139815593047, 13.163875418025938,  56.5826423886459,  68.52230814713413,          0.59999942, 319.4517768926434,  50.88363647729226,266215.97500517196,      0.0,266215.97500517196,   1.0
 -0.07037382120336078, -0.05382236662799932,  8.667672055812837, 54.33391738129619,  58.78002285811989, 0.37802802716324874,  304.267344681263,  54.19336747173211, 343019.9544398781,      0.0, 343019.9544398781,   1.0
  0.29999939999999997, -0.05382236662799932,  8.667672055812837, 54.33391738129619,  58.78002285811989, 0.37802802716324874,  304.267344681263,  54.19336747173211, 286226.0906245834,      0.0, 286226.0906245834,   1.0
 -0.07037382120336078,  0.29999939999999997,  8.667672055812837, 54.33391738129619,  58.78002285811989, 0.37802802716324874,  304.267344681263,  54.19336747173211,323829.05305733066,      0.0,323829.05305733066,   1.0
 -0.07037382120336078, -0.05382236662799932,  9.667672055812837, 54.33391738129619,  58.78002285811989, 0.37802802716324874,  304.267344681263,  54.19336747173211, 342449.1403020147,      0.0, 342449.1403020147,   1.0
 -0.07037382120336078, -0.05382236662799932,  8.667672055812837, 55.33391738129619,  58.78002285811989, 0.37802802716324874,  304.267344681263,  54.19336747173211,343246.98451160995,      0.0,343246.98451160995,   1.0
 -0.07037382120336078, -0.05382236662799932,  8.667672055812837, 54.33391738129619,  59.78002285811989, 0.37802802716324874,  304.267344681263,  54.19336747173211,341998.57316320937,      0.0,341998.57316320937,   1.0
 -0.07037382120336078, -0.05382236662799932,  8.667672055812837, 54.33391738129619,  58.78002285811989, 0.02000057999999999,  304.267344681263,  54.19336747173211, 286112.8375162429,      0.0, 286112.8375162429,   1.0
 -0.07037382120336078, -0.05382236662799932,  8.667672055812837, 54.33391738129619,  58.78002285811989, 0.37802802716324874,  305.267344681263,  54.19336747173211, 343098.2994862397,      0.0, 343098.2994862397,   1.0
 -0.07037382120336078, -0.05382236662799932,  8.667672055812837, 54.33391738129619,  58.78002285811989, 0.37802802716324874,  304.267344681263,  55.19336747173211, 343043.9837934853,      0.0, 343043.9837934853,   1.0
-0.043972352860285994,-0.042001778497133054,  8.150715837983881, 54.07536760472098, 57.659892261193214, 0.35250660776494314,302.52149690403706, 54.688883811911445,349304.99877799675,      0.0,349304.99877799675,   1.0
  0.29999939999999997,-0.042001778497133054,  8.150715837983881, 54.07536760472098, 57.659892261193214, 0.35250660776494314,302.52149690403706, 54.688883811911445, 281716.4065678883,      0.0, 281716.4065678883,   1.0
-0.043972352860285994,  0.29999939999999997,  8.150715837983881, 54.07536760472098, 57.659892261193214, 0.35250660776494314,302.52149690403706, 54.688883811911445, 319938.1828833129,      0.0, 319938.1828833129,   1.0
-0.043972352860285994,-0.042001778497133054,  9.150715837983881, 54.07536760472098, 57.659892261193214, 0.35250660776494314,302.52149690403706, 54.688883811911445, 348895.8690567124,      0.0, 348895.8690567124,   1.0
-0.043972352860285994,-0.042001778497133054,  8.150715837983881, 55.07536760472098, 57.659892261193214, 0.35250660776494314,302.52149690403706, 54.688883811911445,349565.52504692954,      0.0,349565.52504692954,   1.0
-0.043972352860285994,-0.042001778497133054,  8.150715837983881, 54.07536760472098, 58.659892261193214, 0.35250660776494314,302.52149690403706, 54.688883811911445,348652.17195225466,      0.0,348652.17195225466,   1.0
-0.043972352860285994,-0.042001778497133054,  8.150715837983881, 54.07536760472098, 57.659892261193214, 0.02000057999999999,302.52149690403706, 54.688883811911445, 300055.3650675441,      0.0, 300055.3650675441,   1.0
-0.043972352860285994,-0.042001778497133054,  8.150715837983881, 54.07536760472098, 57.659892261193214, 0.35250660776494314,303.52149690403706, 54.688883811911445, 349419.7034015432,      0.0, 349419.7034015432,   1.0
-0.043972352860285994,-0.042001778497133054,  8.150715837983881, 54.07536760472098, 57.659892261193214, 0.35250660776494314,302.52149690403706, 55.688883811911445, 349191.2598934687,      0.0, 349191.2598934687,   1.0
-0.040823118574159684, -0.04059178868368139,   8.08905198563833,54.044527129847374,  57.52628023496264,   0.349462347955021,302.31324774126506, 54.747990261126716, 350009.6038719549,      0.0, 350009.6038719549,   1.0
            0.2999994, -0.04059178868368139,   8.08905198563833,54.044527129847374,  57.52628023496264,   0.349462347955021,302.31324774126506, 54.747990261126716, 281190.4798998253,      0.0, 281190.4798998253,   1.0
-0.040823118574159684,  0.29999939999999997,   8.08905198563833,54.044527129847374,  57.52628023496264,   0.349462347955021,302.31324774126506, 54.747990261126716,319371.11543535214,      0.0,319371.11543535214,   1.0
-0.040823118574159684, -0.04059178868368139,   9.08905198563833,54.044527129847374,  57.52628023496264,   0.349462347955021,302.31324774126506, 54.747990261126716,349643.85608594504,      0.0,349643.85608594504,   1.0
-0.040823118574159684, -0.04059178868368139,   8.08905198563833,55.044527129847374,  57.52628023496264,   0.349462347955021,302.31324774126506, 54.747990261126716,350238.51049895654,      0.0,350238.51049895654,   1.0
-0.040823118574159684, -0.04059178868368139,   8.08905198563833,54.044527129847374,  58.52628023496264,   0.349462347955021,302.31324774126506, 54.747990261126716,349351.90265856683,      0.0,349351.90265856683,   1.0
-0.040823118574159684, -0.04059178868368139,   8.08905198563833,54.044527129847374,  57.52628023496264, 0.02000057999999999,302.31324774126506, 54.747990261126716, 302619.0039184099,      0.0, 302619.0039184099,   1.0
-0.040823118574159684, -0.04059178868368139,   8.08905198563833,54.044527129847374,  57.52628023496264,   0.349462347955021,303.31324774126506, 54.747990261126716,   350114.28664314,      0.0,   350114.28664314,   1.0
-0.040823118574159684, -0.04059178868368139,   8.08905198563833,54.044527129847374,  57.52628023496264,   0.349462347955021,302.31324774126506, 55.747990261126716,  349877.664317978,      0.0,  349877.664317978,   1.0
-0.040455424436625906, -0.04042716295523925,  8.081852319006636, 54.04092629841361,  57.51068013846762, 0.34910691028873836,302.28893326055623,  54.75489133386133,350068.42035377095,      0.0,350068.42035377095,   1.0
  0.29999939999999997, -0.04042716295523925,  8.081852319006636, 54.04092629841361,  57.51068013846762, 0.34910691028873836,302.28893326055623,  54.75489133386133, 281160.3913544493,      0.0, 281160.3913544493,   1.0
-0.040455424436625906,  0.29999939999999997,  8.081852319006636, 54.04092629841361,  57.51068013846762, 0.34910691028873836,302.28893326055623,  54.75489133386133, 319313.3191361133,      0.0, 319313.3191361133,   1.0
-0.040455424436625906, -0.04042716295523925,  9.081852319006636, 54.04092629841361,  57.51068013846762, 0.34910691028873836,302.28893326055623,  54.75489133386133,349724.84351067984,      0.0,349724.84351067984,   1.0
-0.040455424436625906, -0.04042716295523925,  8.081852319006636, 55.04092629841361,  57.51068013846762, 0.34910691028873836,302.28893326055623,  54.75489133386133,350330.27942577563,      0.0,350330.27942577563,   1.0
-0.040455424436625906, -0.04042716295523925,  8.081852319006636, 54.04092629841361,  58.51068013846762, 0.34910691028873836,302.28893326055623,  54.75489133386133,349442.51425529027,      0.0,349442.51425529027,   1.0
-0.040455424436625906, -0.04042716295523925,  8.081852319006636, 54.04092629841361,  57.51068013846762, 0.02000057999999999,302.28893326055623,  54.75489133386133, 302666.3979604724,      0.0, 302666.3979604724,   1.0
-0.040455424436625906, -0.04042716295523925,  8.081852319006636, 54.04092629841361,  57.51068013846762, 0.34910691028873836,303.28893326055623,  54.75489133386133, 350177.2588417446,      0.0, 350177.2588417446,   1.0
-0.040455424436625906, -0.04042716295523925,  8.081852319006636, 54.04092629841361,  57.51068013846762, 0.34910691028873836,302.28893326055623,  55.75489133386133, 349943.4865293017,      0.0, 349943.4865293017,   1.0
 -0.04040815932359993, -0.04040600119912861,  8.080926840402656,  54.0404634308089, 57.508674829574204,  0.3490612206794799, 302.2858077642223, 54.755778429818285,350094.04355333577,      0.0,350094.04355333577,   1.0
  0.29999939999999997, -0.04040600119912861,  8.080926840402656,  54.0404634308089, 57.508674829574204,  0.3490612206794799, 302.2858077642223, 54.755778429818285, 281145.6723474465,      0.0, 281145.6723474465,   1.0
 -0.04040815932359993,  0.29999939999999997,  8.080926840402656,  54.0404634308089, 57.508674829574204,  0.3490612206794799, 302.2858077642223, 54.755778429818285, 319307.8973575203,      0.0, 319307.8973575203,   1.0
 -0.04040815932359993, -0.04040600119912861,  9.080926840402656,  54.0404634308089, 57.508674829574204,  0.3490612206794799, 302.2858077642223, 54.755778429818285,  349746.165509186,      0.0,  349746.165509186,   1.0
 -0.04040815932359993, -0.04040600119912861,  8.080926840402656,  55.0404634308089, 57.508674829574204,  0.3490612206794799, 302.2858077642223, 54.755778429818285,350332.53847388434,      0.0,350332.53847388434,   1.0
 -0.04040815932359993, -0.04040600119912861,  8.080926840402656,  54.0404634308089, 58.508674829574204,  0.3490612206794799, 302.2858077642223, 54.755778429818285, 349448.2672610117,      0.0, 349448.2672610117,   1.0
 -0.04040815932359993, -0.04040600119912861,  8.080926840402656,  54.0404634308089, 57.508674829574204, 0.02000057999999999, 302.2858077642223, 54.755778429818285,302628.57068246516,      0.0,302628.57068246516,   1.0
 -0.04040815932359993, -0.04040600119912861,  8.080926840402656,  54.0404634308089, 57.508674829574204,  0.3490612206794799, 303.2858077642223, 54.755778429818285,350203.24363090465,      0.0,350203.24363090465,   1.0
 -0.04040815932359993, -0.04040600119912861,  8.080926840402656,  54.0404634308089, 57.508674829574204,  0.3490612206794799, 302.2858077642223, 55.755778429818285, 349963.1350342615,      0.0, 349963.1350342615,   1.0
 -0.04041154643429875,  -0.0404075176920753,  8.080993162014526, 54.04049660080926,  57.50881853394245,  0.3490644948864888, 302.2860317434195,  54.75571485878218, 350089.0818128083,      0.0, 350089.0818128083,   1.0
  0.29999939999999997,  -0.0404075176920753,  8.080993162014526, 54.04049660080926,  57.50881853394245,  0.3490644948864888, 302.2860317434195,  54.75571485878218,  281146.021212275,      0.0,  281146.021212275,   1.0
 -0.04041154643429875,  0.29999939999999997,  8.080993162014526, 54.04049660080926,  57.50881853394245,  0.3490644948864888, 302.2860317434195,  54.75571485878218,319309.56503397075,      0.0,319309.56503397075,   1.0
 -0.04041154643429875,  -0.0404075176920753,  9.080993162014526, 54.04049660080926,  57.50881853394245,  0.3490644948864888, 302.2860317434195,  54.75571485878218,349745.38334295736,      0.0,349745.38334295736,   1.0
 -0.04041154643429875,  -0.0404075176920753,  8.080993162014526, 55.04049660080926,  57.50881853394245,  0.3490644948864888, 302.2860317434195,  54.75571485878218,350335.64086212736,      0.0,350335.64086212736,   1.0
 -0.04041154643429875,  -0.0404075176920753,  8.080993162014526, 54.04049660080926,  58.50881853394245,  0.3490644948864888, 302.2860317434195,  54.75571485878218,349443.37062973244,      0.0,349443.37062973244,   1.0
 -0.04041154643429875,  -0.0404075176920753,  8.080993162014526, 54.04049660080926,  57.50881853394245, 0.02000057999999999, 302.2860317434195,  54.75571485878218, 302627.6446424917,      0.0, 302627.6446424917,   1.0
 -0.04041154643429875,  -0.0404075176920753,  8.080993162014526, 54.04049660080926,  57.50881853394245,  0.3490644948864888, 303.2860317434195,  54.75571485878218,  350202.081975209,      0.0,  350202.081975209,   1.0
 -0.04041154643429875,  -0.0404075176920753,  8.080993162014526, 54.04049660080926,  57.50881853394245,  0.3490644948864888, 302.2860317434195,  55.75571485878218,349962.89876331313,      0.0,349962.89876331313,   1.0
 -0.04040827467985287,  -0.0404060528469664,   8.08092909914567, 54.04046456049355, 57.508679723774286, 0.34906133219052443,  302.285815392376,  54.75577626475278,350094.04355333577,      0.0,350094.04355333577,   1.0
  0.29999939999999997,  -0.0404060528469664,   8.08092909914567, 54.04046456049355, 57.508679723774286, 0.34906133219052443,  302.285815392376,  54.75577626475278, 281145.6723474465,      0.0, 281145.6723474465,   1.0
 -0.04040827467985287,  0.29999939999999997,   8.08092909914567, 54.04046456049355, 57.508679723774286, 0.34906133219052443,  302.285815392376,  54.75577626475278, 319307.8973575203,      0.0, 319307.8973575203,   1.0
 -0.04040827467985287,  -0.0404060528469664,   9.08092909914567, 54.04046456049355, 57.508679723774286, 0.34906133219052443,  302.285815392376,  54.75577626475278,  349746.165509186,      0.0,  349746.165509186,   1.0
 -0.04040827467985287,  -0.0404060528469664,   8.08092909914567, 55.04046456049355, 57.508679723774286, 0.34906133219052443,  302.285815392376,  54.75577626475278,350332.53847388434,      0.0,350332.53847388434,   1.0
 -0.04040827467985287,  -0.0404060528469664,   8.08092909914567, 54.04046456049355, 58.508679723774286, 0.34906133219052443,  302.285815392376,  54.75577626475278, 349448.2672610117,      0.0, 349448.2672610117,   1.0
 -0.04040827467985287,  -0.0404060528469664,   8.08092909914567, 54.04046456049355, 57.508679723774286, 0.02000057999999999,  302.285815392376,  54.75577626475278,302628.57068246516,      0.0,302628.57068246516,   1.0
 -0.04040827467985287,  -0.0404060528469664,   8.08092909914567, 54.04046456049355, 57.508679723774286, 0.34906133219052443,  303.285815392376,  54.75577626475278,350203.24363090465,      0.0,350203.24363090465,   1.0
 -0.04040827467985287,  -0.0404060528469664,   8.08092909914567, 54.04046456049355, 57.508679723774286, 0.34906133219052443,  302.285815392376,  55.75577626475278, 349963.1350342615,      0.0, 349963.1350342615,   1.0
 -0.04041043403778715, -0.04040701964473827,  8.080971380639115,54.040485707101915, 57.508771338485275,  0.3490634195698609, 302.2859581840647, 54.755735736812184, 350089.3991708683,      0.0, 350089.3991708683,   1.0
  0.29999939999999997, -0.04040701964473827,  8.080971380639115,54.040485707101915, 57.508771338485275,  0.3490634195698609, 302.2859581840647, 54.755735736812184,281145.94334903243,      0.0,281145.94334903243,   1.0
 -0.04041043403778715,  0.29999939999999997,  8.080971380639115,54.040485707101915, 57.508771338485275,  0.3490634195698609, 302.2859581840647, 54.755735736812184, 319309.8230445283,      0.0, 319309.8230445283,   1.0
 -0.04041043403778715, -0.04040701964473827,  9.080971380639115,54.040485707101915, 57.508771338485275,  0.3490634195698609, 302.2859581840647, 54.755735736812184,349745.38334295736,      0.0,349745.38334295736,   1.0
 -0.04041043403778715, -0.04040701964473827,  8.080971380639115,55.040485707101915, 57.508771338485275,  0.3490634195698609, 302.2859581840647, 54.755735736812184, 350335.7448918521,      0.0, 350335.7448918521,   1.0
 -0.04041043403778715, -0.04040701964473827,  8.080971380639115,54.040485707101915, 58.508771338485275,  0.3490634195698609, 302.2859581840647, 54.755735736812184, 349443.7473414655,      0.0, 349443.7473414655,   1.0
 -0.04041043403778715, -0.04040701964473827,  8.080971380639115,54.040485707101915, 57.508771338485275, 0.02000057999999999, 302.2859581840647, 54.755735736812184,302627.70090873307,      0.0,302627.70090873307,   1.0
 -0.04041043403778715, -0.04040701964473827,  8.080971380639115,54.040485707101915, 57.508771338485275,  0.3490634195698609, 303.2859581840647, 54.755735736812184,    350202.5701686,      0.0,    350202.5701686,   1.0
 -0.04041043403778715, -0.04040701964473827,  8.080971380639115,54.040485707101915, 57.508771338485275,  0.3490634195698609, 302.2859581840647, 55.755735736812184,349962.48664551193,      0.0,349962.48664551193,   1.0
-0.040408327610860086,   -0.040406076545483,  8.080930135565803,  54.0404650788473,  57.50868196946911, 0.34906138335716475, 302.2858188925404,  54.75577527131641,350094.04773045506,      0.0,350094.04773045506,   1.0
  0.29999939999999997,   -0.040406076545483,  8.080930135565803,  54.0404650788473,  57.50868196946911, 0.34906138335716475, 302.2858188925404,  54.75577527131641, 281145.6723474465,      0.0, 281145.6723474465,   1.0
-0.040408327610860086,  0.29999939999999997,  8.080930135565803,  54.0404650788473,  57.50868196946911, 0.34906138335716475, 302.2858188925404,  54.75577527131641, 319307.8973575203,      0.0, 319307.8973575203,   1.0
-0.040408327610860086,   -0.040406076545483,  9.080930135565803,  54.0404650788473,  57.50868196946911, 0.34906138335716475, 302.2858188925404,  54.75577527131641,349746.17171597347,      0.0,349746.17171597347,   1.0
-0.040408327610860086,   -0.040406076545483,  8.080930135565803,  55.0404650788473,  57.50868196946911, 0.34906138335716475, 302.2858188925404,  54.75577527131641,350332.53847388434,      0.0,350332.53847388434,   1.0
-0.040408327610860086,   -0.040406076545483,  8.080930135565803,  54.0404650788473,  58.50868196946911, 0.34906138335716475, 302.2858188925404,  54.75577527131641, 349448.2777843627,      0.0, 349448.2777843627,   1.0
-0.040408327610860086,   -0.040406076545483,  8.080930135565803,  54.0404650788473,  57.50868196946911, 0.02000057999999999, 302.2858188925404,  54.75577527131641,302628.60754756257,      0.0,302628.60754756257,   1.0
-0.040408327610860086,   -0.040406076545483,  8.080930135565803,  54.0404650788473,  57.50868196946911, 0.34906138335716475, 303.2858188925404,  54.75577527131641, 350203.2489919217,      0.0, 350203.2489919217,   1.0
-0.040408327610860086,   -0.040406076545483,  8.080930135565803,  54.0404650788473,  57.50868196946911, 0.34906138335716475, 302.2858188925404,  55.75577527131641, 349963.1374830627,      0.0, 349963.1374830627,   1.0
 -0.04040837808915577, -0.04040609914586018,  8.080931123960406, 54.04046557318162,  57.50868411110315, 0.34906143215285057,302.28582223051467,  54.75577432391378,350094.04773045506,      0.0,350094.04773045506,   1.0
  0.29999939999999997, -0.04040609914586018,  8.080931123960406, 54.04046557318162,  57.50868411110315, 0.34906143215285057,302.28582223051467,  54.75577432391378, 281145.6723474465,      0.0, 281145.6723474465,   1.0
 -0.04040837808915577,  0.29999939999999997,  8.080931123960406, 54.04046557318162,  57.50868411110315, 0.34906143215285057,302.28582223051467,  54.75577432391378, 319307.8973575203,      0.0, 319307.8973575203,   1.0
 -0.04040837808915577, -0.04040609914586018,  9.080931123960406, 54.04046557318162,  57.50868411110315, 0.34906143215285057,302.28582223051467,  54.75577432391378,349746.17171597347,      0.0,349746.17171597347,   1.0
 -0.04040837808915577, -0.04040609914586018,  8.080931123960406, 55.04046557318162,  57.50868411110315, 0.34906143215285057,302.28582223051467,  54.75577432391378,350332.53847388434,      0.0,350332.53847388434,   1.0
 -0.04040837808915577, -0.04040609914586018,  8.080931123960406, 54.04046557318162,  58.50868411110315, 0.34906143215285057,302.28582223051467,  54.75577432391378, 349448.2777843627,      0.0, 349448.2777843627,   1.0
 -0.04040837808915577, -0.04040609914586018,  8.080931123960406, 54.04046557318162,  57.50868411110315, 0.02000057999999999,302.28582223051467,  54.75577432391378,302628.60754756257,      0.0,302628.60754756257,   1.0
 -0.04040837808915577, -0.04040609914586018,  8.080931123960406, 54.04046557318162,  57.50868411110315, 0.34906143215285057,303.28582223051467,  54.75577432391378, 350203.2489919217,      0.0, 350203.2489919217,   1.0
 -0.04040837808915577, -0.04040609914586018,  8.080931123960406, 54.04046557318162,  57.50868411110315, 0.34906143215285057,302.28582223051467,  55.75577432391378, 349963.1374830627,      0.0, 349963.1374830627,   1.0
 -0.04040940606347146,-0.040406559395299226,   8.08095125229976, 54.04047564014177,  57.50872772479421,  0.3490624258613558, 302.2858902072897, 54.755755030362984, 350089.5342383635,      0.0, 350089.5342383635,   1.0
            0.2999994,-0.040406559395299226,   8.08095125229976, 54.04047564014177,  57.50872772479421,  0.3490624258613558, 302.2858902072897, 54.755755030362984, 281145.9992919426,      0.0, 281145.9992919426,   1.0
 -0.04040940606347146,  0.29999939999999997,   8.08095125229976, 54.04047564014177,  57.50872772479421,  0.3490624258613558, 302.2858902072897, 54.755755030362984, 319310.4455706593,      0.0, 319310.4455706593,   1.0
 -0.04040940606347146,-0.040406559395299226,   9.08095125229976, 54.04047564014177,  57.50872772479421,  0.3490624258613558, 302.2858902072897, 54.755755030362984, 349745.5054978102,      0.0, 349745.5054978102,   1.0
 -0.04040940606347146,-0.040406559395299226,   8.08095125229976, 55.04047564014177,  57.50872772479421,  0.3490624258613558, 302.2858902072897, 54.755755030362984,350332.53847388434,      0.0,350332.53847388434,   1.0
 -0.04040940606347146,-0.040406559395299226,   8.08095125229976, 54.04047564014177,  58.50872772479421,  0.3490624258613558, 302.2858902072897, 54.755755030362984, 349443.8383689895,      0.0, 349443.8383689895,   1.0
 -0.04040940606347146,-0.040406559395299226,   8.08095125229976, 54.04047564014177,  57.50872772479421, 0.02000057999999999, 302.2858902072897, 54.755755030362984,302627.78173827706,      0.0,302627.78173827706,   1.0
 -0.04040940606347146,-0.040406559395299226,   8.08095125229976, 54.04047564014177,  57.50872772479421,  0.3490624258613558, 303.2858902072897, 54.755755030362984, 350202.6572055622,      0.0, 350202.6572055622,   1.0
 -0.04040940606347146,-0.040406559395299226,   8.08095125229976, 54.04047564014177,  57.50872772479421,  0.3490624258613558, 302.2858902072897, 55.755755030362984,349962.58729907055,      0.0,349962.58729907055,   1.0
 -0.04040839124983473, -0.04040610503822054,   8.08093138165421,54.040465702064246, 57.508684669469034, 0.34906144487484025, 302.2858231007898,  54.75577407690739,350094.04773045506,      0.0,350094.04773045506,   1.0
  0.29999939999999997, -0.04040610503822054,   8.08093138165421,54.040465702064246, 57.508684669469034, 0.34906144487484025, 302.2858231007898,  54.75577407690739, 281145.6723474465,      0.0, 281145.6723474465,   1.0
 -0.04040839124983473,  0.29999939999999997,   8.08093138165421,54.040465702064246, 57.508684669469034, 0.34906144487484025, 302.2858231007898,  54.75577407690739, 319307.8973575203,      0.0, 319307.8973575203,   1.0
 -0.04040839124983473, -0.04040610503822054,   9.08093138165421,54.040465702064246, 57.508684669469034, 0.34906144487484025, 302.2858231007898,  54.75577407690739,349746.17171597347,      0.0,349746.17171597347,   1.0
 -0.04040839124983473, -0.04040610503822054,   8.08093138165421,55.040465702064246, 57.508684669469034, 0.34906144487484025, 302.2858231007898,  54.75577407690739,350332.53847388434,      0.0,350332.53847388434,   1.0
 -0.04040839124983473, -0.04040610503822054,   8.08093138165421,54.040465702064246, 58.508684669469034, 0.34906144487484025, 302.2858231007898,  54.75577407690739, 349448.2777843627,      0.0, 349448.2777843627,   1.0
 -0.04040839124983473, -0.04040610503822054,   8.08093138165421,54.040465702064246, 57.508684669469034, 0.02000057999999999, 302.2858231007898,  54.75577407690739,302628.60754756257,      0.0,302628.60754756257,   1.0
 -0.04040839124983473, -0.04040610503822054,   8.08093138165421,54.040465702064246, 57.508684669469034, 0.34906144487484025, 303.2858231007898,  54.75577407690739, 350203.2489919217,      0.0, 350203.2489919217,   1.0
 -0.04040839124983473, -0.04040610503822054,   8.08093138165421,54.040465702064246, 57.508684669469034, 0.34906144487484025, 302.2858231007898,  55.75577407690739, 349963.1374830627,      0.0, 349963.1374830627,   1.0
-0.040409061026834975,-0.040406404913892476,  8.080944496280273, 54.04047226119541,  57.50871308598365,  0.3490620923259405, 302.2858673910797,  54.75576150618808, 350093.5645154909,      0.0, 350093.5645154909,   1.0
            0.2999994,-0.040406404913892476,  8.080944496280273, 54.04047226119541,  57.50871308598365,  0.3490620923259405, 302.2858673910797,  54.75576150618808,281145.64876978484,      0.0,281145.64876978484,   1.0
-0.040409061026834975,  0.29999939999999997,  8.080944496280273, 54.04047226119541,  57.50871308598365,  0.3490620923259405, 302.2858673910797,  54.75576150618808, 319307.8973575203,      0.0, 319307.8973575203,   1.0
-0.040409061026834975,-0.040406404913892476,  9.080944496280273, 54.04047226119541,  57.50871308598365,  0.3490620923259405, 302.2858673910797,  54.75576150618808,   349745.60250412,      0.0,   349745.60250412,   1.0
-0.040409061026834975,-0.040406404913892476,  8.080944496280273, 55.04047226119541,  57.50871308598365,  0.3490620923259405, 302.2858673910797,  54.75576150618808,350332.53847388434,      0.0,350332.53847388434,   1.0
-0.040409061026834975,-0.040406404913892476,  8.080944496280273, 54.04047226119541,  58.50871308598365,  0.3490620923259405, 302.2858673910797,  54.75576150618808,349448.27205454186,      0.0,349448.27205454186,   1.0
-0.040409061026834975,-0.040406404913892476,  8.080944496280273, 54.04047226119541,  57.50871308598365, 0.02000057999999999, 302.2858673910797,  54.75576150618808,302628.02895208844,      0.0,302628.02895208844,   1.0
-0.040409061026834975,-0.040406404913892476,  8.080944496280273, 54.04047226119541,  57.50871308598365,  0.3490620923259405, 303.2858673910797,  54.75576150618808,350202.75260316837,      0.0,350202.75260316837,   1.0
-0.040409061026834975,-0.040406404913892476,  8.080944496280273, 54.04047226119541,  57.50871308598365,  0.3490620923259405, 302.2858673910797,  55.75576150618808,349962.66273323825,      0.0,349962.66273323825,   1.0
 -0.04040843075918898, -0.04040612272753228,  8.080932155270514, 54.04046608897965,  57.50868634572567,   0.349061483067216,302.28582571342173,  54.75577333537551,350094.04773045506,      0.0,350094.04773045506,   1.0
  0.29999939999999997, -0.04040612272753228,  8.080932155270514, 54.04046608897965,  57.50868634572567,   0.349061483067216,302.28582571342173,  54.75577333537551, 281145.6723474465,      0.0, 281145.6723474465,   1.0
 -0.04040843075918898,  0.29999939999999997,  8.080932155270514, 54.04046608897965,  57.50868634572567,   0.349061483067216,302.28582571342173,  54.75577333537551, 319307.8973575203,      0.0, 319307.8973575203,   1.0
 -0.04040843075918898, -0.04040612272753228,  9.080932155270514, 54.04046608897965,  57.50868634572567,   0.349061483067216,302.28582571342173,  54.75577333537551,349746.17171597347,      0.0,349746.17171597347,   1.0
 -0.04040843075918898, -0.04040612272753228,  8.080932155270514, 55.04046608897965,  57.50868634572567,   0.349061483067216,302.28582571342173,  54.75577333537551,350332.53847388434,      0.0,350332.53847388434,   1.0
 -0.04040843075918898, -0.04040612272753228,  8.080932155270514, 54.04046608897965,  58.50868634572567,   0.349061483067216,302.28582571342173,  54.75577333537551, 349448.2777843627,      0.0, 349448.2777843627,   1.0
 -0.04040843075918898, -0.04040612272753228,  8.080932155270514, 54.04046608897965,  57.50868634572567, 0.02000057999999999,302.28582571342173,  54.75577333537551,302628.60754756257,      0.0,302628.60754756257,   1.0
 -0.04040843075918898, -0.04040612272753228,  8.080932155270514, 54.04046608897965,  57.50868634572567,   0.349061483067216,303.28582571342173,  54.75577333537551, 350203.2489919217,      0.0, 350203.2489919217,   1.0
 -0.04040843075918898, -0.04040612272753228,  8.080932155270514, 54.04046608897965,  57.50868634572567,   0.349061483067216,302.28582571342173,  55.75577333537551, 349963.1374830627,      0.0, 349963.1374830627,   1.0
-0.040408846735835335,-0.040406308970530005,  8.080940300336955, 54.04047016264205,  57.50870399429594, 0.34906188517797415,  302.285853220676,  54.75576552811181, 350093.5645154909,      0.0, 350093.5645154909,   1.0
  0.29999939999999997,-0.040406308970530005,  8.080940300336955, 54.04047016264205,  57.50870399429594, 0.34906188517797415,  302.285853220676,  54.75576552811181,281145.64876978484,      0.0,281145.64876978484,   1.0
-0.040408846735835335,  0.29999939999999997,  8.080940300336955, 54.04047016264205,  57.50870399429594, 0.34906188517797415,  302.285853220676,  54.75576552811181, 319307.8973575203,      0.0, 319307.8973575203,   1.0
-0.040408846735835335,-0.040406308970530005,  9.080940300336955, 54.04047016264205,  57.50870399429594, 0.34906188517797415,  302.285853220676,  54.75576552811181,   349745.60250412,      0.0,   349745.60250412,   1.0
-0.040408846735835335,-0.040406308970530005,  8.080940300336955, 55.04047016264205,  57.50870399429594, 0.34906188517797415,  302.285853220676,  54.75576552811181,350332.53847388434,      0.0,350332.53847388434,   1.0
-0.040408846735835335,-0.040406308970530005,  8.080940300336955, 54.04047016264205,  58.50870399429594, 0.34906188517797415,  302.285853220676,  54.75576552811181,349448.27205454186,      0.0,349448.27205454186,   1.0
-0.040408846735835335,-0.040406308970530005,  8.080940300336955, 54.04047016264205,  57.50870399429594, 0.02000057999999999,  302.285853220676,  54.75576552811181, 302628.0894506173,      0.0, 302628.0894506173,   1.0
-0.040408846735835335,-0.040406308970530005,  8.080940300336955, 54.04047016264205,  57.50870399429594, 0.34906188517797415,  303.285853220676,  54.75576552811181,350202.75260316837,      0.0,350202.75260316837,   1.0
-0.040408846735835335,-0.040406308970530005,  8.080940300336955, 54.04047016264205,  57.50870399429594, 0.34906188517797415,  302.285853220676,  55.75576552811181,349962.66273323825,      0.0,349962.66273323825,   1.0
 -0.04040843075918898, -0.04040612272753228,  8.080932155270514, 54.04046608897965,  57.50868634572567,   0.349061483067216,302.28582571342173,  54.75577333537551,350094.04773045506,      0.0,350094.04773045506,   1.0
  0.29999939999999997, -0.04040612272753228,  8.080932155270514, 54.04046608897965,  57.50868634572567,   0.349061483067216,302.28582571342173,  54.75577333537551, 281145.6723474465,      0.0, 281145.6723474465,   1.0
 -0.04040843075918898,  0.29999939999999997,  8.080932155270514, 54.04046608897965,  57.50868634572567,   0.349061483067216,302.28582571342173,  54.75577333537551, 319307.8973575203,      0.0, 319307.8973575203,   1.0
 -0.04040843075918898, -0.04040612272753228,  9.080932155270514, 54.04046608897965,  57.50868634572567,   0.349061483067216,302.28582571342173,  54.75577333537551,349746.17171597347,      0.0,349746.17171597347,   1.0
 -0.04040843075918898, -0.04040612272753228,  8.080932155270514, 55.04046608897965,  57.50868634572567,   0.349061483067216,302.28582571342173,  54.75577333537551,350332.53847388434,      0.0,350332.53847388434,   1.0
 -0.04040843075918898, -0.04040612272753228,  8.080932155270514, 54.04046608897965,  58.50868634572567,   0.349061483067216,302.28582571342173,  54.75577333537551, 349448.2777843627,      0.0, 349448.2777843627,   1.0
 -0.04040843075918898, -0.04040612272753228,  8.080932155270514, 54.04046608897965,  57.50868634572567, 0.02000057999999999,302.28582571342173,  54.75577333537551,302628.60754756257,      0.0,302628.60754756257,   1.0
 -0.04040843075918898, -0.04040612272753228,  8.080932155270514, 54.04046608897965,  57.50868634572567,   0.349061483067216,303.28582571342173,  54.75577333537551, 350203.2489919217,      0.0, 350203.2489919217,   1.0
 -0.04040843075918898, -0.04040612272753228,  8.080932155270514, 54.04046608897965,  57.50868634572567,   0.349061483067216,302.28582571342173,  55.75577333537551, 349963.1374830627,      0.0, 349963.1374830627,   1.0
 -0.29999939999999997,  -0.1566595803361085, 13.160701104270744, 56.58105463382326,  68.51542966407007,          0.59999942, 319.4410581543906, 49.886677899351916, 264934.6037051558,      0.0, 264934.6037051558,   1.0
  0.29999939999999997,  -0.1566595803361085, 13.160701104270744, 56.58105463382326,  68.51542966407007,          0.59999942, 319.4410581543906, 49.886677899351916, 301768.7344835135,      0.0, 301768.7344835135,   1.0
 -0.29999939999999997,  0.29999939999999997, 13.160701104270744, 56.58105463382326,  68.51542966407007,          0.59999942, 319.4410581543906, 49.886677899351916, 306498.9545233613,      0.0, 306498.9545233613,   1.0
 -0.29999939999999997,  -0.1566595803361085, 14.160701104270744, 56.58105463382326,  68.51542966407007,          0.59999942, 319.4410581543906, 49.886677899351916, 263608.3017925578,      0.0, 263608.3017925578,   1.0
 -0.29999939999999997,  -0.1566595803361085, 13.160701104270744, 57.58105463382326,  68.51542966407007,          0.59999942, 319.4410581543906, 49.886677899351916,  264032.561122781,      0.0,  264032.561122781,   1.0
 -0.29999939999999997,  -0.1566595803361085, 13.160701104270744, 56.58105463382326,  69.51542966407007,          0.59999942, 319.4410581543906, 49.886677899351916,264285.41383339034,      0.0,264285.41383339034,   1.0
 -0.29999939999999997,  -0.1566595803361085, 13.160701104270744, 56.58105463382326,  68.51542966407007,0.020000580000000046, 319.4410581543906, 49.886677899351916,119267.33232107875,      0.0,119267.33232107875,   1.0
 -0.29999939999999997,  -0.1566595803361085, 13.160701104270744, 56.58105463382326,  68.51542966407007,          0.59999942, 320.4410581543906, 49.886677899351916, 264696.3970736889,      0.0, 264696.3970736889,   1.0
 -0.29999939999999997,  -0.1566595803361085, 13.160701104270744, 56.58105463382326,  68.51542966407007,          0.59999942, 319.4410581543906, 50.886677899351916, 266256.6040364405,      0.0, 266256.6040364405,   1.0
   -0.070387858542492, -0.05383190617111006,  8.667580322607746, 54.33387148374348,  58.77982404133462,  0.3780415965910756, 304.2670350504565, 54.193455256972456, 343020.0001144492,      0.0, 343020.0001144492,   1.0
            0.2999994, -0.05383190617111006,  8.667580322607746, 54.33387148374348,  58.77982404133462,  0.3780415965910756, 304.2670350504565, 54.193455256972456, 286228.3879776214,      0.0, 286228.3879776214,   1.0
   -0.070387858542492,  0.29999939999999997,  8.667580322607746, 54.33387148374348,  58.77982404133462,  0.3780415965910756, 304.2670350504565, 54.193455256972456, 323827.5489131621,      0.0, 323827.5489131621,   1.0
   -0.070387858542492, -0.05383190617111006,  9.667580322607746, 54.33387148374348,  58.77982404133462,  0.3780415965910756, 304.2670350504565, 54.193455256972456, 342450.0725007531,      0.0, 342450.0725007531,   1.0
   -0.070387858542492, -0.05383190617111006,  8.667580322607746, 55.33387148374348,  58.77982404133462,  0.3780415965910756, 304.2670350504565, 54.193455256972456, 343223.2781564469,      0.0, 343223.2781564469,   1.0
   -0.070387858542492, -0.05383190617111006,  8.667580322607746, 54.33387148374348,  59.77982404133462,  0.3780415965910756, 304.2670350504565, 54.193455256972456, 342003.8440989738,      0.0, 342003.8440989738,   1.0
   -0.070387858542492, -0.05383190617111006,  8.667580322607746, 54.33387148374348,  58.77982404133462, 0.02000057999999999, 304.2670350504565, 54.193455256972456, 286114.0296482523,      0.0, 286114.0296482523,   1.0
   -0.070387858542492, -0.05383190617111006,  8.667580322607746, 54.33387148374348,  58.77982404133462,  0.3780415965910756, 305.2670350504565, 54.193455256972456,343097.63441337895,      0.0,343097.63441337895,   1.0
   -0.070387858542492, -0.05383190617111006,  8.667580322607746, 54.33387148374348,  58.77982404133462,  0.3780415965910756, 304.2670350504565, 55.193455256972456, 343042.4630622831,      0.0, 343042.4630622831,   1.0
 -0.04397831329007197,-0.042004834688450364,  8.150788893680915,54.075404140526366,  57.66005055076325, 0.35251236951373627, 302.5217436453257,  54.68881376898883, 349304.4092641916,      0.0, 349304.4092641916,   1.0
  0.29999939999999997,-0.042004834688450364,  8.150788893680915,54.075404140526366,  57.66005055076325, 0.35251236951373627, 302.5217436453257,  54.68881376898883, 281715.8675266685,      0.0, 281715.8675266685,   1.0
 -0.04397831329007197,  0.29999939999999997,  8.150788893680915,54.075404140526366,  57.66005055076325, 0.35251236951373627, 302.5217436453257,  54.68881376898883,319935.95821673097,      0.0,319935.95821673097,   1.0
 -0.04397831329007197,-0.042004834688450364,  9.150788893680915,54.075404140526366,  57.66005055076325, 0.35251236951373627, 302.5217436453257,  54.68881376898883, 348896.7730105506,      0.0, 348896.7730105506,   1.0
 -0.04397831329007197,-0.042004834688450364,  8.150788893680915,55.075404140526366,  57.66005055076325, 0.35251236951373627, 302.5217436453257,  54.68881376898883, 349561.4796113471,      0.0, 349561.4796113471,   1.0
 -0.04397831329007197,-0.042004834688450364,  8.150788893680915,54.075404140526366,  58.66005055076325, 0.35251236951373627, 302.5217436453257,  54.68881376898883,  348651.605099325,      0.0,  348651.605099325,   1.0
 -0.04397831329007197,-0.042004834688450364,  8.150788893680915,54.075404140526366,  57.66005055076325, 0.02000057999999999, 302.5217436453257,  54.68881376898883,300055.72257714596,      0.0,300055.72257714596,   1.0
 -0.04397831329007197,-0.042004834688450364,  8.150788893680915,54.075404140526366,  57.66005055076325, 0.35251236951373627, 303.5217436453257,  54.68881376898883, 349419.9609670642,      0.0, 349419.9609670642,   1.0
 -0.04397831329007197,-0.042004834688450364,  8.150788893680915,54.075404140526366,  57.66005055076325, 0.35251236951373627, 302.5217436453257,  55.68881376898883,349191.18819764775,      0.0,349191.18819764775,   1.0
-0.040827347303856044, -0.04059372746936676,  8.089129664074637,54.044565979579616, 57.526448546361706,  0.3494664357270608, 302.3135100767035,   54.7479158022661,350009.59467567643,      0.0,350009.59467567643,   1.0
  0.29999939999999997, -0.04059372746936676,  8.089129664074637,54.044565979579616, 57.526448546361706,  0.3494664357270608, 302.3135100767035,   54.7479158022661,281190.63382117986,      0.0,281190.63382117986,   1.0
-0.040827347303856044,  0.29999939999999997,  8.089129664074637,54.044565979579616, 57.526448546361706,  0.3494664357270608, 302.3135100767035,   54.7479158022661, 319370.8620002107,      0.0, 319370.8620002107,   1.0
-0.040827347303856044, -0.04059372746936676,  9.089129664074637,54.044565979579616, 57.526448546361706,  0.3494664357270608, 302.3135100767035,   54.7479158022661,349643.85705004196,      0.0,349643.85705004196,   1.0
-0.040827347303856044, -0.04059372746936676,  8.089129664074637,55.044565979579616, 57.526448546361706,  0.3494664357270608, 302.3135100767035,   54.7479158022661, 350238.6618696643,      0.0, 350238.6618696643,   1.0
-0.040827347303856044, -0.04059372746936676,  8.089129664074637,54.044565979579616, 58.526448546361706,  0.3494664357270608, 302.3135100767035,   54.7479158022661, 349352.0831255483,      0.0, 349352.0831255483,   1.0
-0.040827347303856044, -0.04059372746936676,  8.089129664074637,54.044565979579616, 57.526448546361706, 0.02000057999999999, 302.3135100767035,   54.7479158022661,302615.48356105364,      0.0,302615.48356105364,   1.0
-0.040827347303856044, -0.04059372746936676,  8.089129664074637,54.044565979579616, 57.526448546361706,  0.3494664357270608, 303.3135100767035,   54.7479158022661,350113.69187911454,      0.0,350113.69187911454,   1.0
-0.040827347303856044, -0.04059372746936676,  8.089129664074637,54.044565979579616, 57.526448546361706,  0.3494664357270608, 302.3135100767035,   55.7479158022661,349877.66972783284,      0.0,349877.66972783284,   1.0
 -0.04045948364050456, -0.04042898590336299,   8.08193117631513,  54.0409657379691, 57.510851004850544, 0.34911083418582106,302.28919957518707,  54.75481574678089,350068.76835941867,      0.0,350068.76835941867,   1.0
  0.29999939999999997, -0.04042898590336299,   8.08193117631513,  54.0409657379691, 57.510851004850544, 0.34911083418582106,302.28919957518707,  54.75481574678089,281160.43855475564,      0.0,281160.43855475564,   1.0
 -0.04045948364050456,  0.29999939999999997,   8.08193117631513,  54.0409657379691, 57.510851004850544, 0.34911083418582106,302.28919957518707,  54.75481574678089,319313.18677992723,      0.0,319313.18677992723,   1.0
 -0.04045948364050456, -0.04042898590336299,   9.08193117631513,  54.0409657379691, 57.510851004850544, 0.34911083418582106,302.28919957518707,  54.75481574678089,349725.07317318965,      0.0,349725.07317318965,   1.0
 -0.04045948364050456, -0.04042898590336299,   8.08193117631513,  55.0409657379691, 57.510851004850544, 0.34911083418582106,302.28919957518707,  54.75481574678089, 350330.1626447529,      0.0, 350330.1626447529,   1.0
 -0.04045948364050456, -0.04042898590336299,   8.08193117631513,  54.0409657379691, 58.510851004850544, 0.34911083418582106,302.28919957518707,  54.75481574678089,349442.67610724695,      0.0,349442.67610724695,   1.0
 -0.04045948364050456, -0.04042898590336299,   8.08193117631513,  54.0409657379691, 57.510851004850544, 0.02000057999999999,302.28919957518707,  54.75481574678089,  302667.370681065,      0.0,  302667.370681065,   1.0
 -0.04045948364050456, -0.04042898590336299,   8.08193117631513,  54.0409657379691, 57.510851004850544, 0.34911083418582106,303.28919957518707,  54.75481574678089, 350177.8038569033,      0.0, 350177.8038569033,   1.0
 -0.04045948364050456, -0.04042898590336299,   8.08193117631513,  54.0409657379691, 57.510851004850544, 0.34911083418582106,302.28919957518707,  55.75481574678089,349943.67740001826,      0.0,349943.67740001826,   1.0
 -0.04041230814167302, -0.04040785914818497,  8.081008029278008, 54.04050403649975,  57.50885074803086, 0.34906523120361727, 302.2860819526814,  54.75570060809454, 350089.0818128083,      0.0, 350089.0818128083,   1.0
  0.29999939999999997, -0.04040785914818497,  8.081008029278008, 54.04050403649975,  57.50885074803086, 0.34906523120361727, 302.2860819526814,  54.75570060809454,  281146.021212275,      0.0,  281146.021212275,   1.0
 -0.04041230814167302,  0.29999939999999997,  8.081008029278008, 54.04050403649975,  57.50885074803086, 0.34906523120361727, 302.2860819526814,  54.75570060809454, 319309.5356180786,      0.0, 319309.5356180786,   1.0
 -0.04041230814167302, -0.04040785914818497,  9.081008029278008, 54.04050403649975,  57.50885074803086, 0.34906523120361727, 302.2860819526814,  54.75570060809454,349745.38334295736,      0.0,349745.38334295736,   1.0
 -0.04041230814167302, -0.04040785914818497,  8.081008029278008, 55.04050403649975,  57.50885074803086, 0.34906523120361727, 302.2860819526814,  54.75570060809454,350335.65040874085,      0.0,350335.65040874085,   1.0
 -0.04041230814167302, -0.04040785914818497,  8.081008029278008, 54.04050403649975,  58.50885074803086, 0.34906523120361727, 302.2860819526814,  54.75570060809454,349443.35848418623,      0.0,349443.35848418623,   1.0
 -0.04041230814167302, -0.04040785914818497,  8.081008029278008, 54.04050403649975,  57.50885074803086, 0.02000057999999999, 302.2860819526814,  54.75570060809454, 302627.6446424917,      0.0, 302627.6446424917,   1.0
 -0.04041230814167302, -0.04040785914818497,  8.081008029278008, 54.04050403649975,  57.50885074803086, 0.34906523120361727, 303.2860819526814,  54.75570060809454, 350201.9974004553,      0.0, 350201.9974004553,   1.0
 -0.04041230814167302, -0.04040785914818497,  8.081008029278008, 54.04050403649975,  57.50885074803086, 0.34906523120361727, 302.2860819526814,  55.75570060809454,349962.89876331313,      0.0,349962.89876331313,   1.0
 -0.04040857824606469,-0.040406188777053584,  8.080935041346457, 54.04046753241764, 57.508692599218186,  0.3490616256378625,302.28583546018467,  54.75577056899394, 350093.5645154909,      0.0, 350093.5645154909,   1.0
  0.29999939999999997,-0.040406188777053584,  8.080935041346457, 54.04046753241764, 57.508692599218186,  0.3490616256378625,302.28583546018467,  54.75577056899394, 281145.6500998158,      0.0, 281145.6500998158,   1.0
 -0.04040857824606469,  0.29999939999999997,  8.080935041346457, 54.04046753241764, 57.508692599218186,  0.3490616256378625,302.28583546018467,  54.75577056899394, 319307.8973575203,      0.0, 319307.8973575203,   1.0
 -0.04040857824606469,-0.040406188777053584,  9.080935041346457, 54.04046753241764, 57.508692599218186,  0.3490616256378625,302.28583546018467,  54.75577056899394,   349745.60250412,      0.0,   349745.60250412,   1.0
 -0.04040857824606469,-0.040406188777053584,  8.080935041346457, 55.04046753241764, 57.508692599218186,  0.3490616256378625,302.28583546018467,  54.75577056899394,350332.53847388434,      0.0,350332.53847388434,   1.0
 -0.04040857824606469,-0.040406188777053584,  8.080935041346457, 54.04046753241764, 58.508692599218186,  0.3490616256378625,302.28583546018467,  54.75577056899394, 349448.2777843627,      0.0, 349448.2777843627,   1.0
 -0.04040857824606469,-0.040406188777053584,  8.080935041346457, 54.04046753241764, 57.508692599218186, 0.02000057999999999,302.28583546018467,  54.75577056899394,302628.09046198084,      0.0,302628.09046198084,   1.0
 -0.04040857824606469,-0.040406188777053584,  8.080935041346457, 54.04046753241764, 57.508692599218186,  0.3490616256378625,303.28583546018467,  54.75577056899394,350202.76040579425,      0.0,350202.76040579425,   1.0
 -0.04040857824606469,-0.040406188777053584,  8.080935041346457, 54.04046753241764, 57.508692599218186,  0.3490616256378625,302.28583546018467,  55.75577056899394,349962.66273323825,      0.0,349962.66273323825,   1.0
 -0.04040843323619054, -0.04040612383681585,  8.080932203741366,  54.0404661132218,  57.50868645075136,  0.3490614854616509,302.28582587711594,  54.75577328891489,350094.04773045506,      0.0,350094.04773045506,   1.0
  0.29999939999999997, -0.04040612383681585,  8.080932203741366,  54.0404661132218,  57.50868645075136,  0.3490614854616509,302.28582587711594,  54.75577328891489, 281145.6723474465,      0.0, 281145.6723474465,   1.0
 -0.04040843323619054,  0.29999939999999997,  8.080932203741366,  54.0404661132218,  57.50868645075136,  0.3490614854616509,302.28582587711594,  54.75577328891489, 319307.8973575203,      0.0, 319307.8973575203,   1.0
 -0.04040843323619054, -0.04040612383681585,  9.080932203741366,  54.0404661132218,  57.50868645075136,  0.3490614854616509,302.28582587711594,  54.75577328891489,349746.17171597347,      0.0,349746.17171597347,   1.0
 -0.04040843323619054, -0.04040612383681585,  8.080932203741366,  55.0404661132218,  57.50868645075136,  0.3490614854616509,302.28582587711594,  54.75577328891489,350332.53847388434,      0.0,350332.53847388434,   1.0
 -0.04040843323619054, -0.04040612383681585,  8.080932203741366,  54.0404661132218,  58.50868645075136,  0.3490614854616509,302.28582587711594,  54.75577328891489, 349448.2777843627,      0.0, 349448.2777843627,   1.0
 -0.04040843323619054, -0.04040612383681585,  8.080932203741366,  54.0404661132218,  57.50868645075136, 0.02000057999999999,302.28582587711594,  54.75577328891489,302628.60754756257,      0.0,302628.60754756257,   1.0
 -0.04040843323619054, -0.04040612383681585,  8.080932203741366,  54.0404661132218,  57.50868645075136,  0.3490614854616509,303.28582587711594,  54.75577328891489, 350203.2489919217,      0.0, 350203.2489919217,   1.0
 -0.04040843323619054, -0.04040612383681585,  8.080932203741366,  54.0404661132218,  57.50868645075136,  0.3490614854616509,302.28582587711594,  55.75577328891489, 349963.1374830627,      0.0, 349963.1374830627,   1.0
 -0.04040843128192629, -0.04040612296163141,  8.080932165499624, 54.04046609409562,  57.50868636788991, 0.34906148357252875, 302.2858257479672,  54.75577332557063,350094.04773045506,      0.0,350094.04773045506,   1.0
  0.29999939999999997, -0.04040612296163141,  8.080932165499624, 54.04046609409562,  57.50868636788991, 0.34906148357252875, 302.2858257479672,  54.75577332557063, 281145.6723474465,      0.0, 281145.6723474465,   1.0
 -0.04040843128192629,  0.29999939999999997,  8.080932165499624, 54.04046609409562,  57.50868636788991, 0.34906148357252875, 302.2858257479672,  54.75577332557063, 319307.8973575203,      0.0, 319307.8973575203,   1.0
 -0.04040843128192629, -0.04040612296163141,  9.080932165499624, 54.04046609409562,  57.50868636788991, 0.34906148357252875, 302.2858257479672,  54.75577332557063,349746.17171597347,      0.0,349746.17171597347,   1.0
 -0.04040843128192629, -0.04040612296163141,  8.080932165499624, 55.04046609409562,  57.50868636788991, 0.34906148357252875, 302.2858257479672,  54.75577332557063,350332.53847388434,      0.0,350332.53847388434,   1.0
 -0.04040843128192629, -0.04040612296163141,  8.080932165499624, 54.04046609409562,  58.50868636788991, 0.34906148357252875, 302.2858257479672,  54.75577332557063, 349448.2777843627,      0.0, 349448.2777843627,   1.0
 -0.04040843128192629, -0.04040612296163141,  8.080932165499624, 54.04046609409562,  57.50868636788991, 0.02000057999999999, 302.2858257479672,  54.75577332557063,302628.60754756257,      0.0,302628.60754756257,   1.0
 -0.04040843128192629, -0.04040612296163141,  8.080932165499624, 54.04046609409562,  57.50868636788991, 0.34906148357252875, 303.2858257479672,  54.75577332557063, 350203.2489919217,      0.0, 350203.2489919217,   1.0
 -0.04040843128192629, -0.04040612296163141,  8.080932165499624, 54.04046609409562,  57.50868636788991, 0.34906148357252875, 302.2858257479672,  55.75577332557063, 349963.1374830627,      0.0, 349963.1374830627,   1.0
 -0.04040843086950553,  -0.0404061227769357,  8.080932157429228,54.040466090059304,  57.50868635040313,  0.3490614831738553,302.28582572071207,  54.75577333330632,350094.04773045506,      0.0,350094.04773045506,   1.0
  0.29999939999999997,  -0.0404061227769357,  8.080932157429228,54.040466090059304,  57.50868635040313,  0.3490614831738553,302.28582572071207,  54.75577333330632, 281145.6723474465,      0.0, 281145.6723474465,   1.0
 -0.04040843086950553,            0.2999994,  8.080932157429228,54.040466090059304,  57.50868635040313,  0.3490614831738553,302.28582572071207,  54.75577333330632, 319307.8973575203,      0.0, 319307.8973575203,   1.0
 -0.04040843086950553,  -0.0404061227769357,  9.080932157429228,54.040466090059304,  57.50868635040313,  0.3490614831738553,302.28582572071207,  54.75577333330632,349746.17171597347,      0.0,349746.17171597347,   1.0
 -0.04040843086950553,  -0.0404061227769357,  8.080932157429228,55.040466090059304,  57.50868635040313,  0.3490614831738553,302.28582572071207,  54.75577333330632,350332.53847388434,      0.0,350332.53847388434,   1.0
 -0.04040843086950553,  -0.0404061227769357,  8.080932157429228,54.040466090059304,  58.50868635040313,  0.3490614831738553,302.28582572071207,  54.75577333330632, 349448.2777843627,      0.0, 349448.2777843627,   1.0
 -0.04040843086950553,  -0.0404061227769357,  8.080932157429228,54.040466090059304,  57.50868635040313, 0.02000057999999999,302.28582572071207,  54.75577333330632,302628.60754756257,      0.0,302628.60754756257,   1.0
 -0.04040843086950553,  -0.0404061227769357,  8.080932157429228,54.040466090059304,  57.50868635040313,  0.3490614831738553,303.28582572071207,  54.75577333330632, 350203.2489919217,      0.0, 350203.2489919217,   1.0
 -0.04040843086950553,  -0.0404061227769357,  8.080932157429228,54.040466090059304,  57.50868635040313,  0.3490614831738553,302.28582572071207,  55.75577333330632, 349963.1374830627,      0.0, 349963.1374830627,   1.0
 -0.04040843078246977, -0.04040612273795819,   8.08093215572608,  54.0404660892075, 57.508686346712786,  0.3490614830897208,302.28582571496025,  54.75577333493884,350094.04773045506,      0.0,350094.04773045506,   1.0
  0.29999939999999997, -0.04040612273795819,   8.08093215572608,  54.0404660892075, 57.508686346712786,  0.3490614830897208,302.28582571496025,  54.75577333493884, 281145.6723474465,      0.0, 281145.6723474465,   1.0
 -0.04040843078246977,  0.29999939999999997,   8.08093215572608,  54.0404660892075, 57.508686346712786,  0.3490614830897208,302.28582571496025,  54.75577333493884, 319307.8973575203,      0.0, 319307.8973575203,   1.0
 -0.04040843078246977, -0.04040612273795819,   9.08093215572608,  54.0404660892075, 57.508686346712786,  0.3490614830897208,302.28582571496025,  54.75577333493884,349746.17171597347,      0.0,349746.17171597347,   1.0
 -0.04040843078246977, -0.04040612273795819,   8.08093215572608,  55.0404660892075, 57.508686346712786,  0.3490614830897208,302.28582571496025,  54.75577333493884,350332.53847388434,      0.0,350332.53847388434,   1.0
 -0.04040843078246977, -0.04040612273795819,   8.08093215572608,  54.0404660892075, 58.508686346712786,  0.3490614830897208,302.28582571496025,  54.75577333493884, 349448.2777843627,      0.0, 349448.2777843627,   1.0
 -0.04040843078246977, -0.04040612273795819,   8.08093215572608,  54.0404660892075, 57.508686346712786, 0.02000057999999999,302.28582571496025,  54.75577333493884,302628.60754756257,      0.0,302628.60754756257,   1.0
 -0.04040843078246977, -0.04040612273795819,   8.08093215572608,  54.0404660892075, 57.508686346712786,  0.3490614830897208,303.28582571496025,  54.75577333493884, 350203.2489919217,      0.0, 350203.2489919217,   1.0
 -0.04040843078246977, -0.04040612273795819,   8.08093215572608,  54.0404660892075, 57.508686346712786,  0.3490614830897208,302.28582571496025,  55.75577333493884, 349963.1374830627,      0.0, 349963.1374830627,   1.0
-0.040408430764102075, -0.04040612272973253,  8.080932155366655, 54.04046608902773,  57.50868634593399, 0.34906148307196533, 302.2858257137464,  54.75577333528335,350094.04773045506,      0.0,350094.04773045506,   1.0
  0.29999939999999997, -0.04040612272973253,  8.080932155366655, 54.04046608902773,  57.50868634593399, 0.34906148307196533, 302.2858257137464,  54.75577333528335, 281145.6723474465,      0.0, 281145.6723474465,   1.0
-0.040408430764102075,  0.29999939999999997,  8.080932155366655, 54.04046608902773,  57.50868634593399, 0.34906148307196533, 302.2858257137464,  54.75577333528335, 319307.8973575203,      0.0, 319307.8973575203,   1.0
-0.040408430764102075, -0.04040612272973253,  9.080932155366655, 54.04046608902773,  57.50868634593399, 0.34906148307196533, 302.2858257137464,  54.75577333528335,349746.17171597347,      0.0,349746.17171597347,   1.0
-0.040408430764102075, -0.04040612272973253,  8.080932155366655, 55.04046608902773,  57.50868634593399, 0.34906148307196533, 302.2858257137464,  54.75577333528335,350332.53847388434,      0.0,350332.53847388434,   1.0
-0.040408430764102075, -0.04040612272973253,  8.080932155366655, 54.04046608902773,  58.50868634593399, 0.34906148307196533, 302.2858257137464,  54.75577333528335, 349448.2777843627,      0.0, 349448.2777843627,   1.0
-0.040408430764102075, -0.04040612272973253,  8.080932155366655, 54.04046608902773,  57.50868634593399, 0.02000057999999999, 302.2858257137464,  54.75577333528335,302628.60754756257,      0.0,302628.60754756257,   1.0
-0.040408430764102075, -0.04040612272973253,  8.080932155366655, 54.04046608902773,  57.50868634593399, 0.34906148307196533, 303.2858257137464,  54.75577333528335, 350203.2489919217,      0.0, 350203.2489919217,   1.0
-0.040408430764102075, -0.04040612272973253,  8.080932155366655, 54.04046608902773,  57.50868634593399, 0.34906148307196533, 302.2858257137464,  55.75577333528335, 349963.1374830627,      0.0, 349963.1374830627,   1.0
-0.040408430760225836,-0.040406122727996624,  8.080932155290803,54.040466088989795,  57.50868634576963,  0.3490614830682183, 302.2858257134902,  54.75577333535606,350094.04773045506,      0.0,350094.04773045506,   1.0
  0.29999939999999997,-0.040406122727996624,  8.080932155290803,54.040466088989795,  57.50868634576963,  0.3490614830682183, 302.2858257134902,  54.75577333535606, 281145.6723474465,      0.0, 281145.6723474465,   1.0
-0.040408430760225836,            0.2999994,  8.080932155290803,54.040466088989795,  57.50868634576963,  0.3490614830682183, 302.2858257134902,  54.75577333535606, 319307.8973575203,      0.0, 319307.8973575203,   1.0
-0.040408430760225836,-0.040406122727996624,  9.080932155290803,54.040466088989795,  57.50868634576963,  0.3490614830682183, 302.2858257134902,  54.75577333535606,349746.17171597347,      0.0,349746.17171597347,   1.0
-0.040408430760225836,-0.040406122727996624,  8.080932155290803,55.040466088989795,  57.50868634576963,  0.3490614830682183, 302.2858257134902,  54.75577333535606,350332.53847388434,      0.0,350332.53847388434,   1.0
-0.040408430760225836,-0.040406122727996624,  8.080932155290803,54.040466088989795,  58.50868634576963,  0.3490614830682183, 302.2858257134902,  54.75577333535606, 349448.2777843627,      0.0, 349448.2777843627,   1.0
-0.040408430760225836,-0.040406122727996624,  8.080932155290803,54.040466088989795,  57.50868634576963, 0.02000057999999999, 302.2858257134902,  54.75577333535606,302628.60754756257,      0.0,302628.60754756257,   1.0
-0.040408430760225836,-0.040406122727996624,  8.080932155290803,54.040466088989795,  57.50868634576963,  0.3490614830682183, 303.2858257134902,  54.75577333535606, 350203.2489919217,      0.0, 350203.2489919217,   1.0
-0.040408430760225836,-0.040406122727996624,  8.080932155290803,54.040466088989795,  57.50868634576963,  0.3490614830682183, 302.2858257134902,  55.75577333535606, 349963.1374830627,      0.0, 349963.1374830627,   1.0
 -0.04040843075940781,-0.040406122727630285,  8.080932155274796, 54.04046608898179,  57.50868634573495, 0.34906148306742757,302.28582571343617,   54.7557733353714,350094.04773045506,      0.0,350094.04773045506,   1.0
  0.29999939999999997,-0.040406122727630285,  8.080932155274796, 54.04046608898179,  57.50868634573495, 0.34906148306742757,302.28582571343617,   54.7557733353714, 281145.6723474465,      0.0, 281145.6723474465,   1.0
 -0.04040843075940781,  0.29999939999999997,  8.080932155274796, 54.04046608898179,  57.50868634573495, 0.34906148306742757,302.28582571343617,   54.7557733353714, 319307.8973575203,      0.0, 319307.8973575203,   1.0
 -0.04040843075940781,-0.040406122727630285,  9.080932155274796, 54.04046608898179,  57.50868634573495, 0.34906148306742757,302.28582571343617,   54.7557733353714,349746.17171597347,      0.0,349746.17171597347,   1.0
 -0.04040843075940781,-0.040406122727630285,  8.080932155274796, 55.04046608898179,  57.50868634573495, 0.34906148306742757,302.28582571343617,   54.7557733353714,350332.53847388434,      0.0,350332.53847388434,   1.0
 -0.04040843075940781,-0.040406122727630285,  8.080932155274796, 54.04046608898179,  58.50868634573495, 0.34906148306742757,302.28582571343617,   54.7557733353714, 349448.2777843627,      0.0, 349448.2777843627,   1.0
 -0.04040843075940781,-0.040406122727630285,  8.080932155274796, 54.04046608898179,  57.50868634573495, 0.02000057999999999,302.28582571343617,   54.7557733353714,302628.60754756257,      0.0,302628.60754756257,   1.0
 -0.04040843075940781,-0.040406122727630285,  8.080932155274796, 54.04046608898179,  57.50868634573495, 0.34906148306742757,303.28582571343617,   54.7557733353714, 350203.2489919217,      0.0, 350203.2489919217,   1.0
 -0.04040843075940781,-0.040406122727630285,  8.080932155274796, 54.04046608898179,  57.50868634573495, 0.34906148306742757,302.28582571343617,   55.7557733353714, 349963.1374830627,      0.0, 349963.1374830627,   1.0
 -0.04040843075923518, -0.04040612272755297,  8.080932155271418,54.040466088980104,  57.50868634572763, 0.34906148306726065, 302.2858257134248,  54.75577333537464,350094.04773045506,      0.0,350094.04773045506,   1.0
  0.29999939999999997, -0.04040612272755297,  8.080932155271418,54.040466088980104,  57.50868634572763, 0.34906148306726065, 302.2858257134248,  54.75577333537464, 281145.6723474465,      0.0, 281145.6723474465,   1.0
 -0.04040843075923518,  0.29999939999999997,  8.080932155271418,54.040466088980104,  57.50868634572763, 0.34906148306726065, 302.2858257134248,  54.75577333537464, 319307.8973575203,      0.0, 319307.8973575203,   1.0
 -0.04040843075923518, -0.04040612272755297,  9.080932155271418,54.040466088980104,  57.50868634572763, 0.34906148306726065, 302.2858257134248,  54.75577333537464,349746.17171597347,      0.0,349746.17171597347,   1.0
 -0.04040843075923518, -0.04040612272755297,  8.080932155271418,55.040466088980104,  57.50868634572763, 0.34906148306726065, 302.2858257134248,  54.75577333537464,350332.53847388434,      0.0,350332.53847388434,   1.0
 -0.04040843075923518, -0.04040612272755297,  8.080932155271418,54.040466088980104,  58.50868634572763, 0.34906148306726065, 302.2858257134248,  54.75577333537464, 349448.2777843627,      0.0, 349448.2777843627,   1.0
 -0.04040843075923518, -0.04040612272755297,  8.080932155271418,54.040466088980104,  57.50868634572763, 0.02000057999999999, 302.2858257134248,  54.75577333537464,302628.60754756257,      0.0,302628.60754756257,   1.0
 -0.04040843075923518, -0.04040612272755297,  8.080932155271418,54.040466088980104,  57.50868634572763, 0.34906148306726065, 303.2858257134248,  54.75577333537464, 350203.2489919217,      0.0, 350203.2489919217,   1.0
 -0.04040843075923518, -0.04040612272755297,  8.080932155271418,54.040466088980104,  57.50868634572763, 0.34906148306726065, 302.2858257134248,  55.75577333537464, 349963.1374830627,      0.0, 349963.1374830627,   1.0
-0.040408430759349113,-0.040406122727603994,  8.080932155273647, 54.04046608898122, 57.508686345732464, 0.34906148306737084, 302.2858257134323,   54.7557733353725,350094.04773045506,      0.0,350094.04773045506,   1.0
  0.29999939999999997,-0.040406122727603994,  8.080932155273647, 54.04046608898122, 57.508686345732464, 0.34906148306737084, 302.2858257134323,   54.7557733353725, 281145.6723474465,      0.0, 281145.6723474465,   1.0
-0.040408430759349113,   0.2999993999999999,  8.080932155273647, 54.04046608898122, 57.508686345732464, 0.34906148306737084, 302.2858257134323,   54.7557733353725, 319307.8973575203,      0.0, 319307.8973575203,   1.0
-0.040408430759349113,-0.040406122727603994,  9.080932155273647, 54.04046608898122, 57.508686345732464, 0.34906148306737084, 302.2858257134323,   54.7557733353725,349746.17171597347,      0.0,349746.17171597347,   1.0
-0.040408430759349113,-0.040406122727603994,  8.080932155273647, 55.04046608898122, 57.508686345732464, 0.34906148306737084, 302.2858257134323,   54.7557733353725,350332.53847388434,      0.0,350332.53847388434,   1.0
-0.040408430759349113,-0.040406122727603994,  8.080932155273647, 54.04046608898122, 58.508686345732464, 0.34906148306737084, 302.2858257134323,   54.7557733353725, 349448.2777843627,      0.0, 349448.2777843627,   1.0
-0.040408430759349113,-0.040406122727603994,  8.080932155273647, 54.04046608898122, 57.508686345732464, 0.02000057999999999, 302.2858257134323,   54.7557733353725,302628.60754756257,      0.0,302628.60754756257,   1.0
-0.040408430759349113,-0.040406122727603994,  8.080932155273647, 54.04046608898122, 57.508686345732464, 0.34906148306737084, 303.2858257134323,   54.7557733353725, 350203.2489919217,      0.0, 350203.2489919217,   1.0
-0.040408430759349113,-0.040406122727603994,  8.080932155273647, 54.04046608898122, 57.508686345732464, 0.34906148306737084, 302.2858257134323,   55.7557733353725, 349963.1374830627,      0.0, 349963.1374830627,   1.0
-0.040408430759259206,-0.040406122727563734,  8.080932155271888, 54.04046608898034,  57.50868634572865,  0.3490614830672839, 302.2858257134264, 54.755773335374194,350094.04773045506,      0.0,350094.04773045506,   1.0
  0.29999939999999997,-0.040406122727563734,  8.080932155271888, 54.04046608898034,  57.50868634572865,  0.3490614830672839, 302.2858257134264, 54.755773335374194, 281145.6723474465,      0.0, 281145.6723474465,   1.0
-0.040408430759259206,  0.29999939999999997,  8.080932155271888, 54.04046608898034,  57.50868634572865,  0.3490614830672839, 302.2858257134264, 54.755773335374194, 319307.8973575203,      0.0, 319307.8973575203,   1.0
-0.040408430759259206,-0.040406122727563734,  9.080932155271888, 54.04046608898034,  57.50868634572865,  0.3490614830672839, 302.2858257134264, 54.755773335374194,349746.17171597347,      0.0,349746.17171597347,   1.0
-0.040408430759259206,-0.040406122727563734,  8.080932155271888, 55.04046608898034,  57.50868634572865,  0.3490614830672839, 302.2858257134264, 54.755773335374194,350332.53847388434,      0.0,350332.53847388434,   1.0
-0.040408430759259206,-0.040406122727563734,  8.080932155271888, 54.04046608898034,  58.50868634572865,  0.3490614830672839, 302.2858257134264, 54.755773335374194, 349448.2777843627,      0.0, 349448.2777843627,   1.0
-0.040408430759259206,-0.040406122727563734,  8.080932155271888, 54.04046608898034,  57.50868634572865, 0.02000057999999999, 302.2858257134264, 54.755773335374194,302628.60754756257,      0.0,302628.60754756257,   1.0
-0.040408430759259206,-0.040406122727563734,  8.080932155271888, 54.04046608898034,  57.50868634572865,  0.3490614830672839, 303.2858257134264, 54.755773335374194, 350203.2489919217,      0.0, 350203.2489919217,   1.0
-0.040408430759259206,-0.040406122727563734,  8.080932155271888, 54.04046608898034,  57.50868634572865,  0.3490614830672839, 302.2858257134264, 55.755773335374194, 349963.1374830627,      0.0, 349963.1374830627,   1.0
 -0.04040843075931855,  -0.0404061227275903,  8.080932155273048,54.040466088980914, 57.508686345731164, 0.34906148306734125, 302.2858257134303,  54.75577333537308,350094.04773045506,      0.0,350094.04773045506,   1.0
  0.29999939999999997,  -0.0404061227275903,  8.080932155273048,54.040466088980914, 57.508686345731164, 0.34906148306734125, 302.2858257134303,  54.75577333537308, 281145.6723474465,      0.0, 281145.6723474465,   1.0
 -0.04040843075931855,  0.29999939999999997,  8.080932155273048,54.040466088980914, 57.508686345731164, 0.34906148306734125, 302.2858257134303,  54.75577333537308, 319307.8973575203,      0.0, 319307.8973575203,   1.0
 -0.04040843075931855,  -0.0404061227275903,  9.080932155273048,54.040466088980914, 57.508686345731164, 0.34906148306734125, 302.2858257134303,  54.75577333537308,349746.17171597347,      0.0,349746.17171597347,   1.0
 -0.04040843075931855,  -0.0404061227275903,  8.080932155273048,55.040466088980914, 57.508686345731164, 0.34906148306734125, 302.2858257134303,  54.75577333537308,350332.53847388434,      0.0,350332.53847388434,   1.0
 -0.04040843075931855,  -0.0404061227275903,  8.080932155273048,54.040466088980914, 58.508686345731164, 0.34906148306734125, 302.2858257134303,  54.75577333537308, 349448.2777843627,      0.0, 349448.2777843627,   1.0
 -0.04040843075931855,  -0.0404061227275903,  8.080932155273048,54.040466088980914, 57.508686345731164, 0.02000057999999999, 302.2858257134303,  54.75577333537308,302628.60754756257,      0.0,302628.60754756257,   1.0
 -0.04040843075931855,  -0.0404061227275903,  8.080932155273048,54.040466088980914, 57.508686345731164, 0.34906148306734125, 303.2858257134303,  54.75577333537308, 350203.2489919217,      0.0, 350203.2489919217,   1.0
 -0.04040843075931855,  -0.0404061227275903,  8.080932155273048,54.040466088980914, 57.508686345731164, 0.34906148306734125, 302.2858257134303,  55.75577333537308, 349963.1374830627,      0.0, 349963.1374830627,   1.0
  -0.0404084307592717, -0.04040612272756933,  8.080932155272132, 54.04046608898046,  57.50868634572918,   0.349061483067296, 302.2858257134272,  54.75577333537396,350094.04773045506,      0.0,350094.04773045506,   1.0
  0.29999939999999997, -0.04040612272756933,  8.080932155272132, 54.04046608898046,  57.50868634572918,   0.349061483067296, 302.2858257134272,  54.75577333537396, 281145.6723474465,      0.0, 281145.6723474465,   1.0
  -0.0404084307592717,  0.29999939999999997,  8.080932155272132, 54.04046608898046,  57.50868634572918,   0.349061483067296, 302.2858257134272,  54.75577333537396, 319307.8973575203,      0.0, 319307.8973575203,   1.0
  -0.0404084307592717, -0.04040612272756933,  9.080932155272132, 54.04046608898046,  57.50868634572918,   0.349061483067296, 302.2858257134272,  54.75577333537396,349746.17171597347,      0.0,349746.17171597347,   1.0
  -0.0404084307592717, -0.04040612272756933,  8.080932155272132, 55.04046608898046,  57.50868634572918,   0.349061483067296, 302.2858257134272,  54.75577333537396,350332.53847388434,      0.0,350332.53847388434,   1.0
  -0.0404084307592717, -0.04040612272756933,  8.080932155272132, 54.04046608898046,  58.50868634572918,   0.349061483067296, 302.2858257134272,  54.75577333537396, 349448.2777843627,      0.0, 349448.2777843627,   1.0
  -0.0404084307592717, -0.04040612272756933,  8.080932155272132, 54.04046608898046,  57.50868634572918, 0.02000057999999999, 302.2858257134272,  54.75577333537396,302628.60754756257,      0.0,302628.60754756257,   1.0
  -0.0404084307592717, -0.04040612272756933,  8.080932155272132, 54.04046608898046,  57.50868634572918,   0.349061483067296, 303.2858257134272,  54.75577333537396, 350203.2489919217,      0.0, 350203.2489919217,   1.0
  -0.0404084307592717, -0.04040612272756933,  8.080932155272132, 54.04046608898046,  57.50868634572918,   0.349061483067296, 302.2858257134272,  55.75577333537396, 349963.1374830627,      0.0, 349963.1374830627,   1.0
  -0.0404084307592618, -0.04040612272756489,  8.080932155271938, 54.04046608898036,  57.50868634572876,  0.3490614830672864,302.28582571342656, 54.755773335374144,350094.04773045506,      0.0,350094.04773045506,   1.0
  0.29999939999999997, -0.04040612272756489,  8.080932155271938, 54.04046608898036,  57.50868634572876,  0.3490614830672864,302.28582571342656, 54.755773335374144, 281145.6723474465,      0.0, 281145.6723474465,   1.0
  -0.0404084307592618,  0.29999939999999997,  8.080932155271938, 54.04046608898036,  57.50868634572876,  0.3490614830672864,302.28582571342656, 54.755773335374144, 319307.8973575203,      0.0, 319307.8973575203,   1.0
  -0.0404084307592618, -0.04040612272756489,  9.080932155271938, 54.04046608898036,  57.50868634572876,  0.3490614830672864,302.28582571342656, 54.755773335374144,349746.17171597347,      0.0,349746.17171597347,   1.0
  -0.0404084307592618, -0.04040612272756489,  8.080932155271938, 55.04046608898036,  57.50868634572876,  0.3490614830672864,302.28582571342656, 54.755773335374144,350332.53847388434,      0.0,350332.53847388434,   1.0
  -0.0404084307592618, -0.04040612272756489,  8.080932155271938, 54.04046608898036,  58.50868634572876,  0.3490614830672864,302.28582571342656, 54.755773335374144, 349448.2777843627,      0.0, 349448.2777843627,   1.0
  -0.0404084307592618, -0.04040612272756489,  8.080932155271938, 54.04046608898036,  57.50868634572876, 0.02000057999999999,302.28582571342656, 54.755773335374144,302628.60754756257,      0.0,302628.60754756257,   1.0
  -0.0404084307592618, -0.04040612272756489,  8.080932155271938, 54.04046608898036,  57.50868634572876,  0.3490614830672864,303.28582571342656, 54.755773335374144, 350203.2489919217,      0.0, 350203.2489919217,   1.0
  -0.0404084307592618, -0.04040612272756489,  8.080932155271938, 54.04046608898036,  57.50868634572876,  0.3490614830672864,302.28582571342656, 55.755773335374144, 349963.1374830627,      0.0, 349963.1374830627,   1.0
 -0.29999939999999997, -0.29999939999999997,          -59.99988,          79.99994,          -89.99974,          0.59999942,         499.99955,           5.000115, 148996.6796332705,      0.0, 148996.6796332705,   1.0
  0.29999939999999997, -0.29999939999999997,          -59.99988,          79.99994,          -89.99974,          0.59999942,         499.99955,           5.000115,213915.43583527423,      0.0,213915.43583527423,   1.0
 -0.29999939999999997,  0.29999939999999997,          -59.99988,          79.99994,          -89.99974,          0.59999942,         499.99955,           5.000115,171047.60890412892,      0.0,171047.60890412892,   1.0
 -0.29999939999999997, -0.29999939999999997,          -58.99988,          79.99994,          -89.99974,          0.59999942,         499.99955,           5.000115, 149868.0158506488,      0.0, 149868.0158506488,   1.0
 -0.29999939999999997, -0.29999939999999997,          -59.99988,          78.99994,          -89.99974,          0.59999942,         499.99955,           5.000115,137179.22231249453,      0.0,137179.22231249453,   1.0
 -0.29999939999999997, -0.29999939999999997,          -59.99988,          79.99994,          -88.99974,          0.59999942,         499.99955,           5.000115, 155086.6808050993,      0.0, 155086.6808050993,   1.0
 -0.29999939999999997, -0.29999939999999997,          -59.99988,          79.99994,          -89.99974,0.020000580000000046,         499.99955,           5.000115,146274.43682804453,      0.0,146274.43682804453,   1.0
 -0.29999939999999997, -0.29999939999999997,          -59.99988,          79.99994,          -89.99974,          0.59999942,         498.99955,           5.000115,149025.14053273038,      0.0,149025.14053273038,   1.0
 -0.29999939999999997, -0.29999939999999997,          -59.99988,          79.99994,          -89.99974,          0.59999942,         499.99955,           6.000115,149423.16389683133,      0.0,149423.16389683133,   1.0
 -0.11639733660824168,  -0.1163957041963909,-11.848060136425016, 61.63946702758912, 14.329203044327851, 0.42251742538796694,360.16168181048505,  40.19102153464113,  340898.632139857,      0.0,  340898.632139857,   1.0
  0.29999939999999997,  -0.1163957041963909,-11.848060136425016, 61.63946702758912, 14.329203044327851, 0.42251742538796694,360.16168181048505,  40.19102153464113, 324784.7346508375,      0.0, 324784.7346508375,   1.0
 -0.11639733660824168,  0.29999939999999997,-11.848060136425016, 61.63946702758912, 14.329203044327851, 0.42251742538796694,360.16168181048505,  40.19102153464113,177841.58617092294,      0.0,177841.58617092294,   1.0
 -0.11639733660824168,  -0.1163957041963909,-10.848060136425016, 61.63946702758912, 14.329203044327851, 0.42251742538796694,360.16168181048505,  40.19102153464113, 341078.8359806494,      0.0, 341078.8359806494,   1.0
 -0.11639733660824168,  -0.1163957041963909,-11.848060136425016, 62.63946702758912, 14.329203044327851, 0.42251742538796694,360.16168181048505,  40.19102153464113,340695.72345768096,      0.0,340695.72345768096,   1.0
 -0.11639733660824168,  -0.1163957041963909,-11.848060136425016, 61.63946702758912, 15.329203044327851, 0.42251742538796694,360.16168181048505,  40.19102153464113,  341886.477247454,      0.0,  341886.477247454,   1.0
 -0.11639733660824168,  -0.1163957041963909,-11.848060136425016, 61.63946702758912, 14.329203044327851, 0.02000057999999999,360.16168181048505,  40.19102153464113,298497.80642298615,      0.0,298497.80642298615,   1.0
 -0.11639733660824168,  -0.1163957041963909,-11.848060136425016, 61.63946702758912, 14.329203044327851, 0.42251742538796694,361.16168181048505,  40.19102153464113, 341040.2829744266,      0.0, 341040.2829744266,   1.0
 -0.11639733660824168,  -0.1163957041963909,-11.848060136425016, 61.63946702758912, 14.329203044327851, 0.42251742538796694,360.16168181048505,  41.19102153464113,  341393.482794271,      0.0,  341393.482794271,   1.0
 -0.06164644532419984, -0.06164432612041372, 2.5110108117814587, 56.16429838805639, 45.440523434071345,  0.3695915638133932,318.46145373461695,  50.68509476166078,  356173.994575604,      0.0,  356173.994575604,   1.0
  0.29999939999999997, -0.06164432612041372, 2.5110108117814587, 56.16429838805639, 45.440523434071345,  0.3695915638133932,318.46145373461695,  50.68509476166078, 288406.9893579547,      0.0, 288406.9893579547,   1.0
 -0.06164644532419984,  0.29999939999999997, 2.5110108117814587, 56.16429838805639, 45.440523434071345,  0.3695915638133932,318.46145373461695,  50.68509476166078, 298362.6710460516,      0.0, 298362.6710460516,   1.0
 -0.06164644532419984, -0.06164432612041372, 3.5110108117814587, 56.16429838805639, 45.440523434071345,  0.3695915638133932,318.46145373461695,  50.68509476166078, 355875.2739232493,      0.0, 355875.2739232493,   1.0
 -0.06164644532419984, -0.06164432612041372, 2.5110108117814587, 57.16429838805639, 45.440523434071345,  0.3695915638133932,318.46145373461695,  50.68509476166078,  356372.852870951,      0.0,  356372.852870951,   1.0
 -0.06164644532419984, -0.06164432612041372, 2.5110108117814587, 56.16429838805639, 46.440523434071345,  0.3695915638133932,318.46145373461695,  50.68509476166078,355750.68949800555,      0.0,355750.68949800555,   1.0
 -0.06164644532419984, -0.06164432612041372, 2.5110108117814587, 56.16429838805639, 45.440523434071345, 0.02000057999999999,318.46145373461695,  50.68509476166078,291570.02519981936,      0.0,291570.02519981936,   1.0
 -0.06164644532419984, -0.06164432612041372, 2.5110108117814587, 56.16429838805639, 45.440523434071345,  0.3695915638133932,319.46145373461695,  50.68509476166078, 356269.3720540723,      0.0, 356269.3720540723,   1.0
 -0.06164644532419984, -0.06164432612041372, 2.5110108117814587, 56.16429838805639, 45.440523434071345,  0.3695915638133932,318.46145373461695,  51.68509476166078,356046.07949968777,      0.0,356046.07949968777,   1.0
 -0.09778203357166745, -0.09778023565055866, -6.965976014034815, 59.77790969014799, 24.907051976840638,  0.4045226324526119,345.98360426468986, 43.759006431827814, 351888.1160184098,      0.0, 351888.1160184098,   1.0
   0.2999993999999999, -0.09778023565055866, -6.965976014034815, 59.77790969014799, 24.907051976840638,  0.4045226324526119,345.98360426468986, 43.759006431827814, 314611.2292144343,      0.0, 314611.2292144343,   1.0
 -0.09778203357166745,  0.29999939999999997, -6.965976014034815, 59.77790969014799, 24.907051976840638,  0.4045226324526119,345.98360426468986, 43.759006431827814, 224804.1347975575,      0.0, 224804.1347975575,   1.0
 -0.09778203357166745, -0.09778023565055866, -5.965976014034815, 59.77790969014799, 24.907051976840638,  0.4045226324526119,345.98360426468986, 43.759006431827814, 351833.1616332692,      0.0, 351833.1616332692,   1.0
 -0.09778203357166745, -0.09778023565055866, -6.965976014034815, 60.77790969014799, 24.907051976840638,  0.4045226324526119,345.98360426468986, 43.759006431827814,352040.13998200843,      0.0,352040.13998200843,   1.0
 -0.09778203357166745, -0.09778023565055866, -6.965976014034815, 59.77790969014799, 25.907051976840638,  0.4045226324526119,345.98360426468986, 43.759006431827814, 352510.6883834791,      0.0, 352510.6883834791,   1.0
 -0.09778203357166745, -0.09778023565055866, -6.965976014034815, 59.77790969014799, 24.907051976840638, 0.02000057999999999,345.98360426468986, 43.759006431827814, 291880.9274103351,      0.0, 291880.9274103351,   1.0
 -0.09778203357166745, -0.09778023565055866, -6.965976014034815, 59.77790969014799, 24.907051976840638,  0.4045226324526119,346.98360426468986, 43.759006431827814, 351993.2069266041,      0.0, 351993.2069266041,   1.0
 -0.09778203357166745, -0.09778023565055866, -6.965976014034815, 59.77790969014799, 24.907051976840638,  0.4045226324526119,345.98360426468986, 44.759006431827814,352074.65753138927,      0.0,352074.65753138927,   1.0
  -0.2337211718747174, -0.29999939999999997, -33.68015421106442, 69.96422050696778, -32.97301952881166,          0.59999942, 423.5645207835075, 24.235596635115886,238840.33052972495,      0.0,238840.33052972495,   1.0
   0.2999993999999999, -0.29999939999999997, -33.68015421106442, 69.96422050696778, -32.97301952881166,          0.59999942, 423.5645207835075, 24.235596635115886, 232921.2605826981,      0.0, 232921.2605826981,   1.0
  -0.2337211718747174,  0.29999939999999997, -33.68015421106442, 69.96422050696778, -32.97301952881166,          0.59999942, 423.5645207835075, 24.235596635115886, 78886.31944141665,      0.0, 78886.31944141665,   1.0
  -0.2337211718747174, -0.29999939999999997, -32.68015421106442, 69.96422050696778, -32.97301952881166,          0.59999942, 423.5645207835075, 24.235596635115886, 239330.4884056003,      0.0, 239330.4884056003,   1.0
  -0.2337211718747174, -0.29999939999999997, -33.68015421106442, 70.96422050696778, -32.97301952881166,          0.59999942, 423.5645207835075, 24.235596635115886,240847.81855134925,      0.0,240847.81855134925,   1.0
  -0.2337211718747174, -0.29999939999999997, -33.68015421106442, 69.96422050696778,-31.973019528811662,          0.59999942, 423.5645207835075, 24.235596635115886,240140.22054962342,      0.0,240140.22054962342,   1.0
  -0.2337211718747174, -0.29999939999999997, -33.68015421106442, 69.96422050696778, -32.97301952881166,0.020000580000000046, 423.5645207835075, 24.235596635115886,250493.41726248473,      0.0,250493.41726248473,   1.0
  -0.2337211718747174, -0.29999939999999997, -33.68015421106442, 69.96422050696778, -32.97301952881166,          0.59999942, 424.5645207835075, 24.235596635115886,238952.60822596354,      0.0,238952.60822596354,   1.0
  -0.2337211718747174, -0.29999939999999997, -33.68015421106442, 69.96422050696778, -32.97301952881166,          0.59999942, 423.5645207835075, 25.235596635115886,240946.65866040465,      0.0,240946.65866040465,   1.0
 -0.11087316230986989, -0.11725422339887483, -9.538588657297016, 60.75886563804472, 19.333120312159366, 0.42334731990508256,353.45475479906685, 41.878874821109015, 345697.5101052945,      0.0, 345697.5101052945,   1.0
  0.29999939999999997, -0.11725422339887483, -9.538588657297016, 60.75886563804472, 19.333120312159366, 0.42334731990508256,353.45475479906685, 41.878874821109015, 323752.5315239094,      0.0, 323752.5315239094,   1.0
 -0.11087316230986989,  0.29999939999999997, -9.538588657297016, 60.75886563804472, 19.333120312159366, 0.42334731990508256,353.45475479906685, 41.878874821109015,201833.67855667026,      0.0,201833.67855667026,   1.0
 -0.11087316230986989, -0.11725422339887483, -8.538588657297016, 60.75886563804472, 19.333120312159366, 0.42334731990508256,353.45475479906685, 41.878874821109015, 345643.4197401179,      0.0, 345643.4197401179,   1.0
 -0.11087316230986989, -0.11725422339887483, -9.538588657297016, 61.75886563804472, 19.333120312159366, 0.42334731990508256,353.45475479906685, 41.878874821109015, 345688.3597833549,      0.0, 345688.3597833549,   1.0
 -0.11087316230986989, -0.11725422339887483, -9.538588657297016, 60.75886563804472, 20.333120312159366, 0.42334731990508256,353.45475479906685, 41.878874821109015, 346312.0521881664,      0.0, 346312.0521881664,   1.0
 -0.11087316230986989, -0.11725422339887483, -9.538588657297016, 60.75886563804472, 19.333120312159366, 0.02000057999999999,353.45475479906685, 41.878874821109015,293695.99965565035,      0.0,293695.99965565035,   1.0
 -0.11087316230986989, -0.11725422339887483, -9.538588657297016, 60.75886563804472, 19.333120312159366, 0.42334731990508256,354.45475479906685, 41.878874821109015,  345861.206215676,      0.0,  345861.206215676,   1.0
 -0.11087316230986989, -0.11725422339887483, -9.538588657297016, 60.75886563804472, 19.333120312159366, 0.42334731990508256,353.45475479906685, 42.878874821109015,346026.93139936525,      0.0,346026.93139936525,   1.0
 -0.09914230332501536, -0.09980373393255168, -7.233290409584063,  59.8798386171317, 24.327877269882926, 0.40647866340073774, 346.7599147187277,   43.5636461834093, 351435.2623498383,      0.0, 351435.2623498383,   1.0
   0.2999993999999999, -0.09980373393255168, -7.233290409584063,  59.8798386171317, 24.327877269882926, 0.40647866340073774, 346.7599147187277,   43.5636461834093, 315852.0454658515,      0.0, 315852.0454658515,   1.0
 -0.09914230332501536,   0.2999993999999999, -7.233290409584063,  59.8798386171317, 24.327877269882926, 0.40647866340073774, 346.7599147187277,   43.5636461834093,222515.99095247232,      0.0,222515.99095247232,   1.0
 -0.09914230332501536, -0.09980373393255168, -6.233290409584063,  59.8798386171317, 24.327877269882926, 0.40647866340073774, 346.7599147187277,   43.5636461834093,351326.90024406114,      0.0,351326.90024406114,   1.0
 -0.09914230332501536, -0.09980373393255168, -7.233290409584063,  60.8798386171317, 24.327877269882926, 0.40647866340073774, 346.7599147187277,   43.5636461834093, 351415.0579670187,      0.0, 351415.0579670187,   1.0
 -0.09914230332501536, -0.09980373393255168, -7.233290409584063,  59.8798386171317, 25.327877269882926, 0.40647866340073774, 346.7599147187277,   43.5636461834093, 351968.8034384209,      0.0, 351968.8034384209,   1.0
 -0.09914230332501536, -0.09980373393255168, -7.233290409584063,  59.8798386171317, 24.327877269882926, 0.02000057999999999, 346.7599147187277,   43.5636461834093, 291953.0471913303,      0.0, 291953.0471913303,   1.0
 -0.09914230332501536, -0.09980373393255168, -7.233290409584063,  59.8798386171317, 24.327877269882926, 0.40647866340073774, 347.7599147187277,   43.5636461834093,351527.03447716485,      0.0,351527.03447716485,   1.0
 -0.09914230332501536, -0.09980373393255168, -7.233290409584063,  59.8798386171317, 24.327877269882926, 0.40647866340073774, 346.7599147187277,   44.5636461834093, 351621.5800345292,      0.0, 351621.5800345292,   1.0
 -0.09794463986269544, -0.09802212410667302, -6.997930707059247,59.790094247456935, 24.837817583644856, 0.40475645588125747,346.07640421360196, 43.735653118757774, 351784.5003427454,      0.0, 351784.5003427454,   1.0
            0.2999994, -0.09802212410667302, -6.997930707059247,59.790094247456935, 24.837817583644856, 0.40475645588125747,346.07640421360196, 43.735653118757774,314822.20640369284,      0.0,314822.20640369284,   1.0
 -0.09794463986269544,            0.2999994, -6.997930707059247,59.790094247456935, 24.837817583644856, 0.40475645588125747,346.07640421360196, 43.735653118757774,224398.67598709022,      0.0,224398.67598709022,   1.0
 -0.09794463986269544, -0.09802212410667302, -5.997930707059247,59.790094247456935, 24.837817583644856, 0.40475645588125747,346.07640421360196, 43.735653118757774,351723.29259673646,      0.0,351723.29259673646,   1.0
 -0.09794463986269544, -0.09802212410667302, -6.997930707059247,60.790094247456935, 24.837817583644856, 0.40475645588125747,346.07640421360196, 43.735653118757774,351978.36454592826,      0.0,351978.36454592826,   1.0
 -0.09794463986269544, -0.09802212410667302, -6.997930707059247,59.790094247456935, 25.837817583644856, 0.40475645588125747,346.07640421360196, 43.735653118757774, 352443.2983903739,      0.0, 352443.2983903739,   1.0
 -0.09794463986269544, -0.09802212410667302, -6.997930707059247,59.790094247456935, 24.837817583644856, 0.02000057999999999,346.07640421360196, 43.735653118757774, 292026.3427135832,      0.0, 292026.3427135832,   1.0
 -0.09794463986269544, -0.09802212410667302, -6.997930707059247,59.790094247456935, 24.837817583644856, 0.40475645588125747,347.07640421360196, 43.735653118757774, 351897.0885055582,      0.0, 351897.0885055582,   1.0
 -0.09794463986269544, -0.09802212410667302, -6.997930707059247,59.790094247456935, 24.837817583644856, 0.40475645588125747,346.07640421360196, 44.735653118757774, 351971.2084890264,      0.0, 351971.2084890264,   1.0
 -0.09779626116188614, -0.09780140020581951, -6.968771959228824,59.778975804424945, 24.900994163399343, 0.40454309134079675, 345.9917239975556,  43.75696308303418, 351868.9593537176,      0.0, 351868.9593537176,   1.0
            0.2999994, -0.09780140020581951, -6.968771959228824,59.778975804424945, 24.900994163399343, 0.40454309134079675, 345.9917239975556,  43.75696308303418,314633.06681203237,      0.0,314633.06681203237,   1.0
 -0.09779626116188614,  0.29999939999999997, -6.968771959228824,59.778975804424945, 24.900994163399343, 0.40454309134079675, 345.9917239975556,  43.75696308303418,224771.13975975369,      0.0,224771.13975975369,   1.0
 -0.09779626116188614, -0.09780140020581951, -5.968771959228824,59.778975804424945, 24.900994163399343, 0.40454309134079675, 345.9917239975556,  43.75696308303418, 351813.3300522752,      0.0, 351813.3300522752,   1.0
 -0.09779626116188614, -0.09780140020581951, -6.968771959228824,60.778975804424945, 24.900994163399343, 0.40454309134079675, 345.9917239975556,  43.75696308303418, 352032.5177434692,      0.0, 352032.5177434692,   1.0
 -0.09779626116188614, -0.09780140020581951, -6.968771959228824,59.778975804424945, 25.900994163399343, 0.40454309134079675, 345.9917239975556,  43.75696308303418, 352509.4703349203,      0.0, 352509.4703349203,   1.0
 -0.09779626116188614, -0.09780140020581951, -6.968771959228824,59.778975804424945, 24.900994163399343, 0.02000057999999999, 345.9917239975556,  43.75696308303418, 291893.9744812425,      0.0, 291893.9744812425,   1.0
 -0.09779626116188614, -0.09780140020581951, -6.968771959228824,59.778975804424945, 24.900994163399343, 0.40454309134079675, 346.9917239975556,  43.75696308303418,351968.93571270956,      0.0,351968.93571270956,   1.0
 -0.09779626116188614, -0.09780140020581951, -6.968771959228824,59.778975804424945, 24.900994163399343, 0.40454309134079675, 345.9917239975556,  44.75696308303418,  352053.700296547,      0.0,  352053.700296547,   1.0
 -0.09778279224792805, -0.09778136423561035, -6.966125105849522, 59.77796653994339, 24.906728948191486, 0.40452372340846215,345.98403724374487,  43.75889747168783, 351888.5979746645,      0.0, 351888.5979746645,   1.0
   0.2999993999999999, -0.09778136423561035, -6.966125105849522, 59.77796653994339, 24.906728948191486, 0.40452372340846215,345.98403724374487,  43.75889747168783, 314610.8794141554,      0.0, 314610.8794141554,   1.0
 -0.09778279224792805,  0.29999939999999997, -6.966125105849522, 59.77796653994339, 24.906728948191486, 0.40452372340846215,345.98403724374487,  43.75889747168783, 224803.1892669868,      0.0, 224803.1892669868,   1.0
 -0.09778279224792805, -0.09778136423561035, -5.966125105849522, 59.77796653994339, 24.906728948191486, 0.40452372340846215,345.98403724374487,  43.75889747168783,  351834.700392979,      0.0,  351834.700392979,   1.0
 -0.09778279224792805, -0.09778136423561035, -6.966125105849522, 60.77796653994339, 24.906728948191486, 0.40452372340846215,345.98403724374487,  43.75889747168783,352039.88190577575,      0.0,352039.88190577575,   1.0
 -0.09778279224792805, -0.09778136423561035, -6.966125105849522, 59.77796653994339, 25.906728948191486, 0.40452372340846215,345.98403724374487,  43.75889747168783, 352510.6201933836,      0.0, 352510.6201933836,   1.0
 -0.09778279224792805, -0.09778136423561035, -6.966125105849522, 59.77796653994339, 24.906728948191486, 0.02000057999999999,345.98403724374487,  43.75889747168783, 291880.5072675882,      0.0, 291880.5072675882,   1.0
 -0.09778279224792805, -0.09778136423561035, -6.966125105849522, 59.77796653994339, 24.906728948191486, 0.40452372340846215,346.98403724374487,  43.75889747168783,351993.15192184964,      0.0,351993.15192184964,   1.0
 -0.09778279224792805, -0.09778136423561035, -6.966125105849522, 59.77796653994339, 24.906728948191486, 0.40452372340846215,345.98403724374487,  44.75889747168783,352074.65080457553,      0.0,352074.65080457553,   1.0
 -0.09778351997487138,  -0.0977824467813451, -6.966268115636737, 59.77802107061739, 24.906419097121056,   0.404524769860035,  345.984452559922, 43.758792956450264,351888.61670889973,      0.0,351888.61670889973,   1.0
  0.29999939999999997,  -0.0977824467813451, -6.966268115636737, 59.77802107061739, 24.906419097121056,   0.404524769860035,  345.984452559922, 43.758792956450264, 314611.0633167729,      0.0, 314611.0633167729,   1.0
 -0.09778351997487138,            0.2999994, -6.966268115636737, 59.77802107061739, 24.906419097121056,   0.404524769860035,  345.984452559922, 43.758792956450264,224802.02304096287,      0.0,224802.02304096287,   1.0
 -0.09778351997487138,  -0.0977824467813451, -5.966268115636737, 59.77802107061739, 24.906419097121056,   0.404524769860035,  345.984452559922, 43.758792956450264, 351834.6959942567,      0.0, 351834.6959942567,   1.0
 -0.09778351997487138,  -0.0977824467813451, -6.966268115636737, 60.77802107061739, 24.906419097121056,   0.404524769860035,  345.984452559922, 43.758792956450264, 352039.8851363326,      0.0, 352039.8851363326,   1.0
 -0.09778351997487138,  -0.0977824467813451, -6.966268115636737, 59.77802107061739, 25.906419097121056,   0.404524769860035,  345.984452559922, 43.758792956450264,  352510.226216617,      0.0,  352510.226216617,   1.0
 -0.09778351997487138,  -0.0977824467813451, -6.966268115636737, 59.77802107061739, 24.906419097121056, 0.02000057999999999,  345.984452559922, 43.758792956450264,291880.45128391124,      0.0,291880.45128391124,   1.0
 -0.09778351997487138,  -0.0977824467813451, -6.966268115636737, 59.77802107061739, 24.906419097121056,   0.404524769860035,  346.984452559922, 43.758792956450264,  351993.181854985,      0.0,  351993.181854985,   1.0
 -0.09778351997487138,  -0.0977824467813451, -6.966268115636737, 59.77802107061739, 24.906419097121056,   0.404524769860035,  345.984452559922, 44.758792956450264,352074.62022613635,      0.0,352074.62022613635,   1.0
 -0.09778989056837875,  -0.0977919234935823,  -6.96752003743278, 59.77849843752117,   24.9037066302602, 0.40453393060041587,345.98808827873876,  43.75787801974222, 351887.5603324661,      0.0, 351887.5603324661,   1.0
            0.2999994,  -0.0977919234935823,  -6.96752003743278, 59.77849843752117,   24.9037066302602, 0.40453393060041587,345.98808827873876,  43.75787801974222,314625.37281619787,      0.0,314625.37281619787,   1.0
 -0.09778989056837875,  0.29999939999999997,  -6.96752003743278, 59.77849843752117,   24.9037066302602, 0.40453393060041587,345.98808827873876,  43.75787801974222,224784.02064290392,      0.0,224784.02064290392,   1.0
 -0.09778989056837875,  -0.0977919234935823,  -5.96752003743278, 59.77849843752117,   24.9037066302602, 0.40453393060041587,345.98808827873876,  43.75787801974222,351834.52707481384,      0.0,351834.52707481384,   1.0
 -0.09778989056837875,  -0.0977919234935823,  -6.96752003743278, 60.77849843752117,   24.9037066302602, 0.40453393060041587,345.98808827873876,  43.75787801974222,352035.32156840723,      0.0,352035.32156840723,   1.0
 -0.09778989056837875,  -0.0977919234935823,  -6.96752003743278, 59.77849843752117,   25.9037066302602, 0.40453393060041587,345.98808827873876,  43.75787801974222, 352509.8243709288,      0.0, 352509.8243709288,   1.0
 -0.09778989056837875,  -0.0977919234935823,  -6.96752003743278, 59.77849843752117,   24.9037066302602, 0.02000057999999999,345.98808827873876,  43.75787801974222, 291874.6529547707,      0.0, 291874.6529547707,   1.0
 -0.09778989056837875,  -0.0977919234935823,  -6.96752003743278, 59.77849843752117,   24.9037066302602, 0.40453393060041587,346.98808827873876,  43.75787801974222, 351991.8502450111,      0.0, 351991.8502450111,   1.0
 -0.09778989056837875,  -0.0977919234935823,  -6.96752003743278, 59.77849843752117,   24.9037066302602, 0.40453393060041587,345.98808827873876,  44.75787801974222, 352075.6720478017,      0.0, 352075.6720478017,   1.0
 -0.09778449705410093, -0.09778390025639114, -6.966460127069036, 59.77809428597575,  24.90600307700809, 0.40452617487342085, 345.9850101822748,  43.75865262954779, 351887.6120374846,      0.0, 351887.6120374846,   1.0
  0.29999939999999997, -0.09778390025639114, -6.966460127069036, 59.77809428597575,  24.90600307700809, 0.40452617487342085, 345.9850101822748,  43.75865262954779, 314614.5698365987,      0.0, 314614.5698365987,   1.0
 -0.09778449705410093,   0.2999993999999999, -6.966460127069036, 59.77809428597575,  24.90600307700809, 0.40452617487342085, 345.9850101822748,  43.75865262954779,224796.19351791142,      0.0,224796.19351791142,   1.0
 -0.09778449705410093, -0.09778390025639114, -5.966460127069036, 59.77809428597575,  24.90600307700809, 0.40452617487342085, 345.9850101822748,  43.75865262954779, 351833.9747248621,      0.0, 351833.9747248621,   1.0
 -0.09778449705410093, -0.09778390025639114, -6.966460127069036, 60.77809428597575,  24.90600307700809, 0.40452617487342085, 345.9850101822748,  43.75865262954779, 352040.3999935673,      0.0, 352040.3999935673,   1.0
 -0.09778449705410093, -0.09778390025639114, -6.966460127069036, 59.77809428597575,  25.90600307700809, 0.40452617487342085, 345.9850101822748,  43.75865262954779, 352509.2346081474,      0.0, 352509.2346081474,   1.0
 -0.09778449705410093, -0.09778390025639114, -6.966460127069036, 59.77809428597575,  24.90600307700809, 0.02000057999999999, 345.9850101822748,  43.75865262954779, 291880.6963042901,      0.0, 291880.6963042901,   1.0
 -0.09778449705410093, -0.09778390025639114, -6.966460127069036, 59.77809428597575,  24.90600307700809, 0.40452617487342085, 346.9850101822748,  43.75865262954779, 351992.8503266704,      0.0, 351992.8503266704,   1.0
 -0.09778449705410093, -0.09778390025639114, -6.966460127069036, 59.77809428597575,  24.90600307700809, 0.40452617487342085, 345.9850101822748,  44.75865262954779, 352074.3227408017,      0.0, 352074.3227408017,   1.0
  -0.0977835829985263, -0.09778254053352708,  -6.96628050077592, 59.77802579316122, 24.906392262953215,  0.4045248604863385, 345.9844885277306, 43.758783905071404,351888.61670889973,      0.0,351888.61670889973,   1.0
  0.29999939999999997, -0.09778254053352708,  -6.96628050077592, 59.77802579316122, 24.906392262953215,  0.4045248604863385, 345.9844885277306, 43.758783905071404, 314611.0633167729,      0.0, 314611.0633167729,   1.0
  -0.0977835829985263,  0.29999939999999997,  -6.96628050077592, 59.77802579316122, 24.906392262953215,  0.4045248604863385, 345.9844885277306, 43.758783905071404, 224801.9297920923,      0.0, 224801.9297920923,   1.0
  -0.0977835829985263, -0.09778254053352708,  -5.96628050077592, 59.77802579316122, 24.906392262953215,  0.4045248604863385, 345.9844885277306, 43.758783905071404,351834.69690963294,      0.0,351834.69690963294,   1.0
  -0.0977835829985263, -0.09778254053352708,  -6.96628050077592, 60.77802579316122, 24.906392262953215,  0.4045248604863385, 345.9844885277306, 43.758783905071404, 352039.8853343036,      0.0, 352039.8853343036,   1.0
  -0.0977835829985263, -0.09778254053352708,  -6.96628050077592, 59.77802579316122, 25.906392262953215,  0.4045248604863385, 345.9844885277306, 43.758783905071404, 352510.2004615096,      0.0, 352510.2004615096,   1.0
  -0.0977835829985263, -0.09778254053352708,  -6.96628050077592, 59.77802579316122, 24.906392262953215, 0.02000057999999999, 345.9844885277306, 43.758783905071404,291880.45128391124,      0.0,291880.45128391124,   1.0
  -0.0977835829985263, -0.09778254053352708,  -6.96628050077592, 59.77802579316122, 24.906392262953215,  0.4045248604863385, 346.9844885277306, 43.758783905071404,  351993.181854985,      0.0,  351993.181854985,   1.0
  -0.0977835829985263, -0.09778254053352708,  -6.96628050077592, 59.77802579316122, 24.906392262953215,  0.4045248604863385, 345.9844885277306, 44.758783905071404,352074.62022613635,      0.0,352074.62022613635,   1.0
 -0.09778363929896648, -0.09778262428444759, -6.966291564697689, 59.77803001191521, 24.906368291391058, 0.40452494144484186, 345.9845206585783,  43.75877581927228,351888.61670889973,      0.0,351888.61670889973,   1.0
  0.29999939999999997, -0.09778262428444759, -6.966291564697689, 59.77803001191521, 24.906368291391058, 0.40452494144484186, 345.9845206585783,  43.75877581927228, 314611.0633167729,      0.0, 314611.0633167729,   1.0
 -0.09778363929896648,   0.2999993999999999, -6.966291564697689, 59.77803001191521, 24.906368291391058, 0.40452494144484186, 345.9845206585783,  43.75877581927228,224801.92444656437,      0.0,224801.92444656437,   1.0
 -0.09778363929896648, -0.09778262428444759, -5.966291564697689, 59.77803001191521, 24.906368291391058, 0.40452494144484186, 345.9845206585783,  43.75877581927228,351834.69651568774,      0.0,351834.69651568774,   1.0
 -0.09778363929896648, -0.09778262428444759, -6.966291564697689, 60.77803001191521, 24.906368291391058, 0.40452494144484186, 345.9845206585783,  43.75877581927228, 352039.8853343036,      0.0, 352039.8853343036,   1.0
 -0.09778363929896648, -0.09778262428444759, -6.966291564697689, 59.77803001191521, 25.906368291391058, 0.40452494144484186, 345.9845206585783,  43.75877581927228, 352510.2004615096,      0.0, 352510.2004615096,   1.0
 -0.09778363929896648, -0.09778262428444759, -6.966291564697689, 59.77803001191521, 24.906368291391058, 0.02000057999999999, 345.9845206585783,  43.75877581927228,291880.45128391124,      0.0,291880.45128391124,   1.0
 -0.09778363929896648, -0.09778262428444759, -6.966291564697689, 59.77803001191521, 24.906368291391058, 0.40452494144484186, 346.9845206585783,  43.75877581927228,  351993.181854985,      0.0,  351993.181854985,   1.0
 -0.09778363929896648, -0.09778262428444759, -6.966291564697689, 59.77803001191521, 24.906368291391058, 0.40452494144484186, 345.9845206585783,  44.75877581927228,352074.62022613635,      0.0,352074.62022613635,   1.0
  -0.0977840681765337, -0.09778326227041936, -6.966375845883362, 59.77806214894548, 24.906185684199574,  0.4045255581591313, 345.9847654204265, 43.758714224410035,351887.65950130194,      0.0,351887.65950130194,   1.0
   0.2999993999999999, -0.09778326227041936, -6.966375845883362, 59.77806214894548, 24.906185684199574,  0.4045255581591313, 345.9847654204265, 43.758714224410035, 314611.6299545396,      0.0, 314611.6299545396,   1.0
  -0.0977840681765337,            0.2999994, -6.966375845883362, 59.77806214894548, 24.906185684199574,  0.4045255581591313, 345.9847654204265, 43.758714224410035,   224798.49840568,      0.0,   224798.49840568,   1.0
  -0.0977840681765337, -0.09778326227041936, -5.966375845883362, 59.77806214894548, 24.906185684199574,  0.4045255581591313, 345.9847654204265, 43.758714224410035,351834.07588872756,      0.0,351834.07588872756,   1.0
  -0.0977840681765337, -0.09778326227041936, -6.966375845883362, 60.77806214894548, 24.906185684199574,  0.4045255581591313, 345.9847654204265, 43.758714224410035,352039.88719417696,      0.0,352039.88719417696,   1.0
  -0.0977840681765337, -0.09778326227041936, -6.966375845883362, 59.77806214894548, 25.906185684199574,  0.4045255581591313, 345.9847654204265, 43.758714224410035,352509.30690939614,      0.0,352509.30690939614,   1.0
  -0.0977840681765337, -0.09778326227041936, -6.966375845883362, 59.77806214894548, 24.906185684199574, 0.02000057999999999, 345.9847654204265, 43.758714224410035, 291880.9293080566,      0.0, 291880.9293080566,   1.0
  -0.0977840681765337, -0.09778326227041936, -6.966375845883362, 59.77806214894548, 24.906185684199574,  0.4045255581591313, 346.9847654204265, 43.758714224410035,  351992.948107887,      0.0,  351992.948107887,   1.0
  -0.0977840681765337, -0.09778326227041936, -6.966375845883362, 59.77806214894548, 24.906185684199574,  0.4045255581591313, 345.9847654204265, 44.758714224410035,352074.42146689346,      0.0,352074.42146689346,   1.0
  -0.0977836546658715, -0.09778264714381488, -6.966294584536155, 59.77803116340163, 24.906361748480954, 0.40452496354203377,345.98452942852185, 43.758773612296515,351888.61670889973,      0.0,351888.61670889973,   1.0
            0.2999994, -0.09778264714381488, -6.966294584536155, 59.77803116340163, 24.906361748480954, 0.40452496354203377,345.98452942852185, 43.758773612296515, 314611.0633167729,      0.0, 314611.0633167729,   1.0
  -0.0977836546658715,   0.2999993999999999, -6.966294584536155, 59.77803116340163, 24.906361748480954, 0.40452496354203377,345.98452942852185, 43.758773612296515,224801.92444656437,      0.0,224801.92444656437,   1.0
  -0.0977836546658715, -0.09778264714381488, -5.966294584536155, 59.77803116340163, 24.906361748480954, 0.40452496354203377,345.98452942852185, 43.758773612296515, 351834.6949915435,      0.0, 351834.6949915435,   1.0
  -0.0977836546658715, -0.09778264714381488, -6.966294584536155, 60.77803116340163, 24.906361748480954, 0.40452496354203377,345.98452942852185, 43.758773612296515, 352039.8853343036,      0.0, 352039.8853343036,   1.0
  -0.0977836546658715, -0.09778264714381488, -6.966294584536155, 59.77803116340163, 25.906361748480954, 0.40452496354203377,345.98452942852185, 43.758773612296515, 352510.2004615096,      0.0, 352510.2004615096,   1.0
  -0.0977836546658715, -0.09778264714381488, -6.966294584536155, 59.77803116340163, 24.906361748480954, 0.02000057999999999,345.98452942852185, 43.758773612296515,291880.45128391124,      0.0,291880.45128391124,   1.0
  -0.0977836546658715, -0.09778264714381488, -6.966294584536155, 59.77803116340163, 24.906361748480954, 0.40452496354203377,346.98452942852185, 43.758773612296515, 351993.1587837654,      0.0, 351993.1587837654,   1.0
  -0.0977836546658715, -0.09778264714381488, -6.966294584536155, 59.77803116340163, 24.906361748480954, 0.40452496354203377,345.98452942852185, 44.758773612296515,352074.62022613635,      0.0,352074.62022613635,   1.0
 -0.09778392758290856, -0.09778305312737383,-6.9663482170253115, 59.77805161386057, 24.906245546055242, 0.40452535598931816,345.98468518317895,  43.75873441629144,351887.95538839273,      0.0,351887.95538839273,   1.0
  0.29999939999999997, -0.09778305312737383,-6.9663482170253115, 59.77805161386057, 24.906245546055242, 0.40452535598931816,345.98468518317895,  43.75873441629144, 314610.8349741157,      0.0, 314610.8349741157,   1.0
 -0.09778392758290856,  0.29999939999999997,-6.9663482170253115, 59.77805161386057, 24.906245546055242, 0.40452535598931816,345.98468518317895,  43.75873441629144,224800.54136837588,      0.0,224800.54136837588,   1.0
 -0.09778392758290856, -0.09778305312737383,-5.9663482170253115, 59.77805161386057, 24.906245546055242, 0.40452535598931816,345.98468518317895,  43.75873441629144,351834.77492403926,      0.0,351834.77492403926,   1.0
 -0.09778392758290856, -0.09778305312737383,-6.9663482170253115, 60.77805161386057, 24.906245546055242, 0.40452535598931816,345.98468518317895,  43.75873441629144,352039.88719417696,      0.0,352039.88719417696,   1.0
 -0.09778392758290856, -0.09778305312737383,-6.9663482170253115, 59.77805161386057, 25.906245546055242, 0.40452535598931816,345.98468518317895,  43.75873441629144, 352509.3188041313,      0.0, 352509.3188041313,   1.0
 -0.09778392758290856, -0.09778305312737383,-6.9663482170253115, 59.77805161386057, 24.906245546055242, 0.02000057999999999,345.98468518317895,  43.75873441629144, 291881.1758284372,      0.0, 291881.1758284372,   1.0
 -0.09778392758290856, -0.09778305312737383,-6.9663482170253115, 59.77805161386057, 24.906245546055242, 0.40452535598931816,346.98468518317895,  43.75873441629144, 351993.2405621801,      0.0, 351993.2405621801,   1.0
 -0.09778392758290856, -0.09778305312737383,-6.9663482170253115, 59.77805161386057, 24.906245546055242, 0.40452535598931816,345.98468518317895,  44.75873441629144,352074.69300513464,      0.0,352074.69300513464,   1.0
 -0.09778366380003686, -0.09778266073153738,-6.9662963795432775,59.778031847850926, 24.906357859342393,  0.4045249766767154, 345.9845346414203,  43.75877230045906,351888.61670889973,      0.0,351888.61670889973,   1.0
   0.2999993999999999, -0.09778266073153738,-6.9662963795432775,59.778031847850926, 24.906357859342393,  0.4045249766767154, 345.9845346414203,  43.75877230045906, 314611.0633167729,      0.0, 314611.0633167729,   1.0
 -0.09778366380003686,   0.2999993999999999,-6.9662963795432775,59.778031847850926, 24.906357859342393,  0.4045249766767154, 345.9845346414203,  43.75877230045906,224801.92444656437,      0.0,224801.92444656437,   1.0
 -0.09778366380003686, -0.09778266073153738,-5.9662963795432775,59.778031847850926, 24.906357859342393,  0.4045249766767154, 345.9845346414203,  43.75877230045906, 351834.6949915435,      0.0, 351834.6949915435,   1.0
 -0.09778366380003686, -0.09778266073153738,-6.9662963795432775,60.778031847850926, 24.906357859342393,  0.4045249766767154, 345.9845346414203,  43.75877230045906, 352039.8853343036,      0.0, 352039.8853343036,   1.0
 -0.09778366380003686, -0.09778266073153738,-6.9662963795432775,59.778031847850926, 25.906357859342393,  0.4045249766767154, 345.9845346414203,  43.75877230045906, 352510.2004615096,      0.0, 352510.2004615096,   1.0
 -0.09778366380003686, -0.09778266073153738,-6.9662963795432775,59.778031847850926, 24.906357859342393, 0.02000057999999999, 345.9845346414203,  43.75877230045906,291880.45128391124,      0.0,291880.45128391124,   1.0
 -0.09778366380003686, -0.09778266073153738,-6.9662963795432775,59.778031847850926, 24.906357859342393,  0.4045249766767154, 346.9845346414203,  43.75877230045906, 351993.1587837654,      0.0, 351993.1587837654,   1.0
 -0.09778366380003686, -0.09778266073153738,-6.9662963795432775,59.778031847850926, 24.906357859342393,  0.4045249766767154, 345.9845346414203,  44.75877230045906,352074.62022613635,      0.0,352074.62022613635,   1.0
 -0.09778383789673219, -0.09778291971278943,  -6.96633059228142, 59.77804489341729, 24.906283732572874, 0.40452522702303323,  345.984633998981,  43.75874729690843, 351888.6995424268,      0.0, 351888.6995424268,   1.0
  0.29999939999999997, -0.09778291971278943,  -6.96633059228142, 59.77804489341729, 24.906283732572874, 0.40452522702303323,  345.984633998981,  43.75874729690843,314610.91367271345,      0.0,314610.91367271345,   1.0
 -0.09778383789673219,            0.2999994,  -6.96633059228142, 59.77804489341729, 24.906283732572874, 0.40452522702303323,  345.984633998981,  43.75874729690843,224801.92451509478,      0.0,224801.92451509478,   1.0
 -0.09778383789673219, -0.09778291971278943,  -5.96633059228142, 59.77804489341729, 24.906283732572874, 0.40452522702303323,  345.984633998981,  43.75874729690843, 351834.7872293157,      0.0, 351834.7872293157,   1.0
 -0.09778383789673219, -0.09778291971278943,  -6.96633059228142, 60.77804489341729, 24.906283732572874, 0.40452522702303323,  345.984633998981,  43.75874729690843,352039.88634398533,      0.0,352039.88634398533,   1.0
 -0.09778383789673219, -0.09778291971278943,  -6.96633059228142, 59.77804489341729, 25.906283732572874, 0.40452522702303323,  345.984633998981,  43.75874729690843, 352510.1967719593,      0.0, 352510.1967719593,   1.0
 -0.09778383789673219, -0.09778291971278943,  -6.96633059228142, 59.77804489341729, 24.906283732572874, 0.02000057999999999,  345.984633998981,  43.75874729690843, 291881.1758284372,      0.0, 291881.1758284372,   1.0
 -0.09778383789673219, -0.09778291971278943,  -6.96633059228142, 59.77804489341729, 24.906283732572874, 0.40452522702303323,  346.984633998981,  43.75874729690843, 351993.2393640097,      0.0, 351993.2393640097,   1.0
 -0.09778383789673219, -0.09778291971278943,  -6.96633059228142, 59.77804489341729, 24.906283732572874, 0.40452522702303323,  345.984633998981,  44.75874729690843,352074.69300513464,      0.0,352074.69300513464,   1.0
 -0.29999939999999997, -0.29999939999999997,-13.761065450339377, 62.36586850206592, 10.160510444687283,          0.59999942, 365.7352562728931,  38.78350944531947,287080.56672507146,      0.0,287080.56672507146,   1.0
  0.29999939999999997, -0.29999939999999997,-13.761065450339377, 62.36586850206592, 10.160510444687283,          0.59999942, 365.7352562728931,  38.78350944531947, 320269.9305191983,      0.0, 320269.9305191983,   1.0
 -0.29999939999999997,  0.29999939999999997,-13.761065450339377, 62.36586850206592, 10.160510444687283,          0.59999942, 365.7352562728931,  38.78350944531947,217491.23794141787,      0.0,217491.23794141787,   1.0
 -0.29999939999999997, -0.29999939999999997,-12.761065450339377, 62.36586850206592, 10.160510444687283,          0.59999942, 365.7352562728931,  38.78350944531947,286434.51744391926,      0.0,286434.51744391926,   1.0
 -0.29999939999999997, -0.29999939999999997,-13.761065450339377, 63.36586850206592, 10.160510444687283,          0.59999942, 365.7352562728931,  38.78350944531947,286948.12207386614,      0.0,286948.12207386614,   1.0
 -0.29999939999999997, -0.29999939999999997,-13.761065450339377, 62.36586850206592, 11.160510444687283,          0.59999942, 365.7352562728931,  38.78350944531947, 286611.3701849197,      0.0, 286611.3701849197,   1.0
 -0.29999939999999997, -0.29999939999999997,-13.761065450339377, 62.36586850206592, 10.160510444687283,0.020000580000000046, 365.7352562728931,  38.78350944531947, 260517.1291207392,      0.0, 260517.1291207392,   1.0
 -0.29999939999999997, -0.29999939999999997,-13.761065450339377, 62.36586850206592, 10.160510444687283,          0.59999942, 366.7352562728931,  38.78350944531947,287138.83207557845,      0.0,287138.83207557845,   1.0
 -0.29999939999999997, -0.29999939999999997,-13.761065450339377, 62.36586850206592, 10.160510444687283,          0.59999942, 365.7352562728931,  39.78350944531947, 288683.9821709825,      0.0, 288683.9821709825,   1.0
 -0.12635757918204465, -0.12635679074059133, -7.926449556010299,60.143713101721595, 22.822656208570827,  0.4321463901025924, 348.7754635731682, 43.055729399939665,344661.63931499026,      0.0,344661.63931499026,   1.0
  0.29999939999999997, -0.12635679074059133, -7.926449556010299,60.143713101721595, 22.822656208570827,  0.4321463901025924, 348.7754635731682, 43.055729399939665, 324389.4365334674,      0.0, 324389.4365334674,   1.0
 -0.12635757918204465,   0.2999993999999999, -7.926449556010299,60.143713101721595, 22.822656208570827,  0.4321463901025924, 348.7754635731682, 43.055729399939665,225660.41978486074,      0.0,225660.41978486074,   1.0
 -0.12635757918204465, -0.12635679074059133, -6.926449556010299,60.143713101721595, 22.822656208570827,  0.4321463901025924, 348.7754635731682, 43.055729399939665, 344370.8856488891,      0.0, 344370.8856488891,   1.0
 -0.12635757918204465, -0.12635679074059133, -7.926449556010299,61.143713101721595, 22.822656208570827,  0.4321463901025924, 348.7754635731682, 43.055729399939665, 344573.1173729063,      0.0, 344573.1173729063,   1.0
 -0.12635757918204465, -0.12635679074059133, -7.926449556010299,60.143713101721595, 23.822656208570827,  0.4321463901025924, 348.7754635731682, 43.055729399939665, 344968.8115799849,      0.0, 344968.8115799849,   1.0
 -0.12635757918204465, -0.12635679074059133, -7.926449556010299,60.143713101721595, 22.822656208570827, 0.02000057999999999, 348.7754635731682, 43.055729399939665, 289172.1904333297,      0.0, 289172.1904333297,   1.0
 -0.12635757918204465, -0.12635679074059133, -7.926449556010299,60.143713101721595, 22.822656208570827,  0.4321463901025924, 349.7754635731682, 43.055729399939665,344795.40165607136,      0.0,344795.40165607136,   1.0
 -0.12635757918204465, -0.12635679074059133, -7.926449556010299,60.143713101721595, 22.822656208570827,  0.4321463901025924, 348.7754635731682, 44.055729399939665, 345044.5798465362,      0.0, 345044.5798465362,   1.0
 -0.10162765797327133, -0.10162675724265333, -7.095488496799301,59.827235609690575,   24.6259882952755, 0.40824090359903503,346.36006424594603, 43.664175351304515,  351110.674274065,      0.0,  351110.674274065,   1.0
  0.29999939999999997, -0.10162675724265333, -7.095488496799301,59.827235609690575,   24.6259882952755, 0.40824090359903503,346.36006424594603, 43.664175351304515,316317.71595838736,      0.0,316317.71595838736,   1.0
 -0.10162765797327133,   0.2999993999999999, -7.095488496799301,59.827235609690575,   24.6259882952755, 0.40824090359903503,346.36006424594603, 43.664175351304515,225067.87138031778,      0.0,225067.87138031778,   1.0
 -0.10162765797327133, -0.10162675724265333, -6.095488496799301,59.827235609690575,   24.6259882952755, 0.40824090359903503,346.36006424594603, 43.664175351304515, 350974.4468334044,      0.0, 350974.4468334044,   1.0
 -0.10162765797327133, -0.10162675724265333, -7.095488496799301,60.827235609690575,   24.6259882952755, 0.40824090359903503,346.36006424594603, 43.664175351304515,351113.27245256834,      0.0,351113.27245256834,   1.0
 -0.10162765797327133, -0.10162675724265333, -7.095488496799301,59.827235609690575,   25.6259882952755, 0.40824090359903503,346.36006424594603, 43.664175351304515,351664.50793501583,      0.0,351664.50793501583,   1.0
 -0.10162765797327133, -0.10162675724265333, -7.095488496799301,59.827235609690575,   24.6259882952755, 0.02000057999999999,346.36006424594603, 43.664175351304515, 291434.5906536723,      0.0, 291434.5906536723,   1.0
 -0.10162765797327133, -0.10162675724265333, -7.095488496799301,59.827235609690575,   24.6259882952755, 0.40824090359903503,347.36006424594603, 43.664175351304515, 351228.1013815523,      0.0, 351228.1013815523,   1.0
 -0.10162765797327133, -0.10162675724265333, -7.095488496799301,59.827235609690575,   24.6259882952755, 0.40824090359903503,346.36006424594603, 44.664175351304515, 351284.0455520616,      0.0, 351284.0455520616,   1.0
 -0.09832450998640915, -0.09832359425745268,  -6.98449795515051,59.784964064146045,  24.86685735027796, 0.40504787443599943,346.03744205245715,  43.74544479823879,351776.30717119324,      0.0,351776.30717119324,   1.0
   0.2999993999999999, -0.09832359425745268,  -6.98449795515051,59.784964064146045,  24.86685735027796, 0.40504787443599943,346.03744205245715,  43.74544479823879, 314936.7366865347,      0.0, 314936.7366865347,   1.0
 -0.09832450998640915,  0.29999939999999997,  -6.98449795515051,59.784964064146045,  24.86685735027796, 0.40504787443599943,346.03744205245715,  43.74544479823879,224602.99254541798,      0.0,224602.99254541798,   1.0
 -0.09832450998640915, -0.09832359425745268,  -5.98449795515051,59.784964064146045,  24.86685735027796, 0.40504787443599943,346.03744205245715,  43.74544479823879, 351692.5279036555,      0.0, 351692.5279036555,   1.0
 -0.09832450998640915, -0.09832359425745268,  -6.98449795515051,60.784964064146045,  24.86685735027796, 0.40504787443599943,346.03744205245715,  43.74544479823879, 351898.6058391345,      0.0, 351898.6058391345,   1.0
 -0.09832450998640915, -0.09832359425745268,  -6.98449795515051,59.784964064146045,  25.86685735027796, 0.40504787443599943,346.03744205245715,  43.74544479823879, 352276.9235353308,      0.0, 352276.9235353308,   1.0
 -0.09832450998640915, -0.09832359425745268,  -6.98449795515051,59.784964064146045,  24.86685735027796, 0.02000057999999999,346.03744205245715,  43.74544479823879, 291758.0820718366,      0.0, 291758.0820718366,   1.0
 -0.09832450998640915, -0.09832359425745268,  -6.98449795515051,59.784964064146045,  24.86685735027796, 0.40504787443599943,347.03744205245715,  43.74544479823879,351885.33154956385,      0.0,351885.33154956385,   1.0
 -0.09832450998640915, -0.09832359425745268,  -6.98449795515051,59.784964064146045,  24.86685735027796, 0.40504787443599943,346.03744205245715,  44.74544479823879,351954.03894505923,      0.0,351954.03894505923,   1.0
 -0.09785861249044717,  -0.0978576946460274, -6.968843126594446, 59.77900181016954, 24.900831089882338, 0.40459750881583684, 345.9919373179778,  43.75690757010838, 351871.1703328447,      0.0, 351871.1703328447,   1.0
            0.2999994,  -0.0978576946460274, -6.968843126594446, 59.77900181016954, 24.900831089882338, 0.40459750881583684, 345.9919373179778,  43.75690757010838, 314632.5588522216,      0.0, 314632.5588522216,   1.0
 -0.09785861249044717,  0.29999939999999997, -6.968843126594446, 59.77900181016954, 24.900831089882338, 0.40459750881583684, 345.9919373179778,  43.75690757010838, 224797.9061702213,      0.0, 224797.9061702213,   1.0
 -0.09785861249044717,  -0.0978576946460274, -5.968843126594446, 59.77900181016954, 24.900831089882338, 0.40459750881583684, 345.9919373179778,  43.75690757010838, 351814.7195292751,      0.0, 351814.7195292751,   1.0
 -0.09785861249044717,  -0.0978576946460274, -6.968843126594446, 60.77900181016954, 24.900831089882338, 0.40459750881583684, 345.9919373179778,  43.75690757010838,352015.29657088465,      0.0,352015.29657088465,   1.0
 -0.09785861249044717,  -0.0978576946460274, -6.968843126594446, 59.77900181016954, 25.900831089882338, 0.40459750881583684, 345.9919373179778,  43.75690757010838,352494.89621418825,      0.0,352494.89621418825,   1.0
 -0.09785861249044717,  -0.0978576946460274, -6.968843126594446, 59.77900181016954, 24.900831089882338, 0.02000057999999999, 345.9919373179778,  43.75690757010838,291905.17316688254,      0.0,291905.17316688254,   1.0
 -0.09785861249044717,  -0.0978576946460274, -6.968843126594446, 59.77900181016954, 24.900831089882338, 0.40459750881583684, 346.9919373179778,  43.75690757010838, 351976.5237220364,      0.0, 351976.5237220364,   1.0
 -0.09785861249044717,  -0.0978576946460274, -6.968843126594446, 59.77900181016954, 24.900831089882338, 0.40459750881583684, 345.9919373179778,  44.75690757010838,352058.05577477283,      0.0,352058.05577477283,   1.0
 -0.09779379706662623,  -0.0977928789279043, -6.966665234769528,59.778172344414166, 24.905557499340052,  0.4045348541787156,345.98560672234953,  43.75850226512892, 351901.7001618308,      0.0, 351901.7001618308,   1.0
  0.29999939999999997,  -0.0977928789279043, -6.966665234769528,59.778172344414166, 24.905557499340052,  0.4045348541787156,345.98560672234953,  43.75850226512892, 314626.5719502887,      0.0, 314626.5719502887,   1.0
 -0.09779379706662623,  0.29999939999999997, -6.966665234769528,59.778172344414166, 24.905557499340052,  0.4045348541787156,345.98560672234953,  43.75850226512892,224797.94211348917,      0.0,224797.94211348917,   1.0
 -0.09779379706662623,  -0.0977928789279043, -5.966665234769528,59.778172344414166, 24.905557499340052,  0.4045348541787156,345.98560672234953,  43.75850226512892, 351846.0151322518,      0.0, 351846.0151322518,   1.0
 -0.09779379706662623,  -0.0977928789279043, -6.966665234769528,60.778172344414166, 24.905557499340052,  0.4045348541787156,345.98560672234953,  43.75850226512892,352036.65230937354,      0.0,352036.65230937354,   1.0
 -0.09779379706662623,  -0.0977928789279043, -6.966665234769528,59.778172344414166, 25.905557499340052,  0.4045348541787156,345.98560672234953,  43.75850226512892, 352509.9124256436,      0.0, 352509.9124256436,   1.0
 -0.09779379706662623,  -0.0977928789279043, -6.966665234769528,59.778172344414166, 24.905557499340052, 0.02000057999999999,345.98560672234953,  43.75850226512892, 291837.5718370429,      0.0, 291837.5718370429,   1.0
 -0.09779379706662623,  -0.0977928789279043, -6.966665234769528,59.778172344414166, 24.905557499340052,  0.4045348541787156,346.98560672234953,  43.75850226512892, 352006.9278390856,      0.0, 352006.9278390856,   1.0
 -0.09779379706662623,  -0.0977928789279043, -6.966665234769528,59.778172344414166, 24.905557499340052,  0.4045348541787156,345.98560672234953,  44.75850226512892,352089.44621555315,      0.0,352089.44621555315,   1.0
 -0.09780013437889709, -0.09779921626895047, -6.966878177612034,59.778253445226284, 24.905095375806983, 0.40454098022059337,345.98622569479454,  43.75834634421186, 351882.4536140669,      0.0, 351882.4536140669,   1.0
   0.2999993999999999, -0.09779921626895047, -6.966878177612034,59.778253445226284, 24.905095375806983, 0.40454098022059337,345.98622569479454,  43.75834634421186,314628.29137386754,      0.0,314628.29137386754,   1.0
 -0.09780013437889709,   0.2999993999999999, -6.966878177612034,59.778253445226284, 24.905095375806983, 0.40454098022059337,345.98622569479454,  43.75834634421186,224797.94619167794,      0.0,224797.94619167794,   1.0
 -0.09780013437889709, -0.09779921626895047, -5.966878177612034,59.778253445226284, 24.905095375806983, 0.40454098022059337,345.98622569479454,  43.75834634421186,351825.40866434027,      0.0,351825.40866434027,   1.0
 -0.09780013437889709, -0.09779921626895047, -6.966878177612034,60.778253445226284, 24.905095375806983, 0.40454098022059337,345.98622569479454,  43.75834634421186, 352039.0373175957,      0.0, 352039.0373175957,   1.0
 -0.09780013437889709, -0.09779921626895047, -6.966878177612034,59.778253445226284, 25.905095375806983, 0.40454098022059337,345.98622569479454,  43.75834634421186, 352509.5982638685,      0.0, 352509.5982638685,   1.0
 -0.09780013437889709, -0.09779921626895047, -6.966878177612034,59.778253445226284, 24.905095375806983, 0.02000057999999999,345.98622569479454,  43.75834634421186,  291865.718104957,      0.0,  291865.718104957,   1.0
 -0.09780013437889709, -0.09779921626895047, -6.966878177612034,59.778253445226284, 24.905095375806983, 0.40454098022059337,346.98622569479454,  43.75834634421186, 351986.3527836625,      0.0, 351986.3527836625,   1.0
 -0.09780013437889709, -0.09779921626895047, -6.966878177612034,59.778253445226284, 24.905095375806983, 0.40454098022059337,345.98622569479454,  44.75834634421186,352068.42207556113,      0.0,352068.42207556113,   1.0
  -0.0977939578837373, -0.09779303974574556, -6.966670638456657, 59.77817440244725, 24.905545772385725, 0.40453500963457995,345.98562242953835,  43.75849830844344, 351901.7001618308,      0.0, 351901.7001618308,   1.0
  0.29999939999999997, -0.09779303974574556, -6.966670638456657, 59.77817440244725, 24.905545772385725, 0.40453500963457995,345.98562242953835,  43.75849830844344, 314626.5719502887,      0.0, 314626.5719502887,   1.0
  -0.0977939578837373,  0.29999939999999997, -6.966670638456657, 59.77817440244725, 24.905545772385725, 0.40453500963457995,345.98562242953835,  43.75849830844344,224797.94054192814,      0.0,224797.94054192814,   1.0
  -0.0977939578837373, -0.09779303974574556, -5.966670638456657, 59.77817440244725, 24.905545772385725, 0.40453500963457995,345.98562242953835,  43.75849830844344, 351846.0151322518,      0.0, 351846.0151322518,   1.0
  -0.0977939578837373, -0.09779303974574556, -6.966670638456657, 60.77817440244725, 24.905545772385725, 0.40453500963457995,345.98562242953835,  43.75849830844344,352036.65230937354,      0.0,352036.65230937354,   1.0
  -0.0977939578837373, -0.09779303974574556, -6.966670638456657, 59.77817440244725, 25.905545772385725, 0.40453500963457995,345.98562242953835,  43.75849830844344, 352509.9124256436,      0.0, 352509.9124256436,   1.0
  -0.0977939578837373, -0.09779303974574556, -6.966670638456657, 59.77817440244725, 24.905545772385725, 0.02000057999999999,345.98562242953835,  43.75849830844344, 291837.5718370429,      0.0, 291837.5718370429,   1.0
  -0.0977939578837373, -0.09779303974574556, -6.966670638456657, 59.77817440244725, 24.905545772385725, 0.40453500963457995,346.98562242953835,  43.75849830844344, 352006.9278390856,      0.0, 352006.9278390856,   1.0
  -0.0977939578837373, -0.09779303974574556, -6.966670638456657, 59.77817440244725, 24.905545772385725, 0.40453500963457995,345.98562242953835,  44.75849830844344,352089.44621555315,      0.0,352089.44621555315,   1.0
 -0.09779803437054277,  -0.0977971162510608,-6.9668076142992055, 59.77822657068141, 24.905248510643755, 0.40453895022134884,345.98602058460745,   43.7583980120506,  351901.719071651,      0.0,  351901.719071651,   1.0
   0.2999993999999999,  -0.0977971162510608,-6.9668076142992055, 59.77822657068141, 24.905248510643755, 0.40453895022134884,345.98602058460745,   43.7583980120506,314626.65774726437,      0.0,314626.65774726437,   1.0
 -0.09779803437054277,  0.29999939999999997,-6.9668076142992055, 59.77822657068141, 24.905248510643755, 0.40453895022134884,345.98602058460745,   43.7583980120506,  224798.072987238,      0.0,  224798.072987238,   1.0
 -0.09779803437054277,  -0.0977971162510608,-5.9668076142992055, 59.77822657068141, 24.905248510643755, 0.40453895022134884,345.98602058460745,   43.7583980120506, 351846.1890437461,      0.0, 351846.1890437461,   1.0
 -0.09779803437054277,  -0.0977971162510608,-6.9668076142992055, 60.77822657068141, 24.905248510643755, 0.40453895022134884,345.98602058460745,   43.7583980120506, 352039.2860773229,      0.0, 352039.2860773229,   1.0
 -0.09779803437054277,  -0.0977971162510608,-6.9668076142992055, 59.77822657068141, 25.905248510643755, 0.40453895022134884,345.98602058460745,   43.7583980120506, 352509.8380415031,      0.0, 352509.8380415031,   1.0
 -0.09779803437054277,  -0.0977971162510608,-6.9668076142992055, 59.77822657068141, 24.905248510643755, 0.02000057999999999,345.98602058460745,   43.7583980120506,291838.04712558805,      0.0,291838.04712558805,   1.0
 -0.09779803437054277,  -0.0977971162510608,-6.9668076142992055, 59.77822657068141, 24.905248510643755, 0.40453895022134884,346.98602058460745,   43.7583980120506,352006.79074682656,      0.0,352006.79074682656,   1.0
 -0.09779803437054277,  -0.0977971162510608,-6.9668076142992055, 59.77822657068141, 24.905248510643755, 0.40453895022134884,345.98602058460745,   44.7583980120506,352086.94199224043,      0.0,352086.94199224043,   1.0
 -0.09779805363691994, -0.09779713551752546, -6.966808261677297, 59.77822681724001, 24.905247105719095,  0.4045389688454324,345.98602246637626,  43.75839753802769,  351901.719071651,      0.0,  351901.719071651,   1.0
  0.29999939999999997, -0.09779713551752546, -6.966808261677297, 59.77822681724001, 24.905247105719095,  0.4045389688454324,345.98602246637626,  43.75839753802769,314626.65774726437,      0.0,314626.65774726437,   1.0
 -0.09779805363691994,  0.29999939999999997, -6.966808261677297, 59.77822681724001, 24.905247105719095,  0.4045389688454324,345.98602246637626,  43.75839753802769,  224798.072987238,      0.0,  224798.072987238,   1.0
 -0.09779805363691994, -0.09779713551752546, -5.966808261677297, 59.77822681724001, 24.905247105719095,  0.4045389688454324,345.98602246637626,  43.75839753802769, 351846.1874412402,      0.0, 351846.1874412402,   1.0
 -0.09779805363691994, -0.09779713551752546, -6.966808261677297, 60.77822681724001, 24.905247105719095,  0.4045389688454324,345.98602246637626,  43.75839753802769, 352039.2860773229,      0.0, 352039.2860773229,   1.0
 -0.09779805363691994, -0.09779713551752546, -6.966808261677297, 59.77822681724001, 25.905247105719095,  0.4045389688454324,345.98602246637626,  43.75839753802769,352509.83033469244,      0.0,352509.83033469244,   1.0
 -0.09779805363691994, -0.09779713551752546, -6.966808261677297, 59.77822681724001, 24.905247105719095, 0.02000057999999999,345.98602246637626,  43.75839753802769,291838.04712558805,      0.0,291838.04712558805,   1.0
 -0.09779805363691994, -0.09779713551752546, -6.966808261677297, 59.77822681724001, 24.905247105719095,  0.4045389688454324,346.98602246637626,  43.75839753802769, 352006.7928725945,      0.0, 352006.7928725945,   1.0
 -0.09779805363691994, -0.09779713551752546, -6.966808261677297, 59.77822681724001, 24.905247105719095,  0.4045389688454324,345.98602246637626,  44.75839753802769,352086.94199224043,      0.0,352086.94199224043,   1.0
  -0.0977980725593565, -0.09779715444004794,-6.9668088974984865, 59.77822705939708,  24.90524572587495,  0.4045389871370415,345.98602431455197,  43.75839707246697,  351901.719071651,      0.0,  351901.719071651,   1.0
  0.29999939999999997, -0.09779715444004794,-6.9668088974984865, 59.77822705939708,  24.90524572587495,  0.4045389871370415,345.98602431455197,  43.75839707246697,314626.65774726437,      0.0,314626.65774726437,   1.0
  -0.0977980725593565,  0.29999939999999997,-6.9668088974984865, 59.77822705939708,  24.90524572587495,  0.4045389871370415,345.98602431455197,  43.75839707246697,  224798.072987238,      0.0,  224798.072987238,   1.0
  -0.0977980725593565, -0.09779715444004794,-5.9668088974984865, 59.77822705939708,  24.90524572587495,  0.4045389871370415,345.98602431455197,  43.75839707246697, 351846.1874412402,      0.0, 351846.1874412402,   1.0
  -0.0977980725593565, -0.09779715444004794,-6.9668088974984865, 60.77822705939708,  24.90524572587495,  0.4045389871370415,345.98602431455197,  43.75839707246697, 352039.2860773229,      0.0, 352039.2860773229,   1.0
  -0.0977980725593565, -0.09779715444004794,-6.9668088974984865, 59.77822705939708,  25.90524572587495,  0.4045389871370415,345.98602431455197,  43.75839707246697,352509.83033469244,      0.0,352509.83033469244,   1.0
  -0.0977980725593565, -0.09779715444004794,-6.9668088974984865, 59.77822705939708,  24.90524572587495, 0.02000057999999999,345.98602431455197,  43.75839707246697,291838.04712558805,      0.0,291838.04712558805,   1.0
  -0.0977980725593565, -0.09779715444004794,-6.9668088974984865, 59.77822705939708,  24.90524572587495,  0.4045389871370415,346.98602431455197,  43.75839707246697, 352006.7928725945,      0.0, 352006.7928725945,   1.0
  -0.0977980725593565, -0.09779715444004794,-6.9668088974984865, 59.77822705939708,  24.90524572587495,  0.4045389871370415,345.98602431455197,  44.75839707246697,352086.94199224043,      0.0,352086.94199224043,   1.0
  -0.0977991034691268,  -0.0977981853544992,  -6.96684353755526, 59.77824025231168, 24.905170550840968, 0.40453998367881744, 345.9861250046733,  43.75837170833941, 351901.7227254292,      0.0, 351901.7227254292,   1.0
  0.29999939999999997,  -0.0977981853544992,  -6.96684353755526, 59.77824025231168, 24.905170550840968, 0.40453998367881744, 345.9861250046733,  43.75837170833941, 314626.6025330893,      0.0, 314626.6025330893,   1.0
  -0.0977991034691268,  0.29999939999999997,  -6.96684353755526, 59.77824025231168, 24.905170550840968, 0.40453998367881744, 345.9861250046733,  43.75837170833941,224797.94619167794,      0.0,224797.94619167794,   1.0
  -0.0977991034691268,  -0.0977981853544992,  -5.96684353755526, 59.77824025231168, 24.905170550840968, 0.40453998367881744, 345.9861250046733,  43.75837170833941,351846.18324757717,      0.0,351846.18324757717,   1.0
  -0.0977991034691268,  -0.0977981853544992,  -6.96684353755526, 60.77824025231168, 24.905170550840968, 0.40453998367881744, 345.9861250046733,  43.75837170833941, 352039.2860773229,      0.0, 352039.2860773229,   1.0
  -0.0977991034691268,  -0.0977981853544992,  -6.96684353755526, 59.77824025231168, 25.905170550840968, 0.40453998367881744, 345.9861250046733,  43.75837170833941, 352509.5977344722,      0.0, 352509.5977344722,   1.0
  -0.0977991034691268,  -0.0977981853544992,  -6.96684353755526, 59.77824025231168, 24.905170550840968, 0.02000057999999999, 345.9861250046733,  43.75837170833941,291838.03619216196,      0.0,291838.03619216196,   1.0
  -0.0977991034691268,  -0.0977981853544992,  -6.96684353755526, 59.77824025231168, 24.905170550840968, 0.40453998367881744, 346.9861250046733,  43.75837170833941, 352006.7853016645,      0.0, 352006.7853016645,   1.0
  -0.0977991034691268,  -0.0977981853544992,  -6.96684353755526, 59.77824025231168, 24.905170550840968, 0.40453998367881744, 345.9861250046733,  44.75837170833941, 352086.9367397245,      0.0, 352086.9367397245,   1.0
 -0.29999939999999997, -0.29999939999999997,-13.795195499862105, 62.37875002172436, 10.085770661134495,          0.59999942, 365.8349385805924, 38.758264308237145, 287057.1597802085,      0.0, 287057.1597802085,   1.0
  0.29999939999999997, -0.29999939999999997,-13.795195499862105, 62.37875002172436, 10.085770661134495,          0.59999942, 365.8349385805924, 38.758264308237145,  320171.283712027,      0.0,  320171.283712027,   1.0
 -0.29999939999999997,  0.29999939999999997,-13.795195499862105, 62.37875002172436, 10.085770661134495,          0.59999942, 365.8349385805924, 38.758264308237145,217163.83080747703,      0.0,217163.83080747703,   1.0
 -0.29999939999999997, -0.29999939999999997,-12.795195499862105, 62.37875002172436, 10.085770661134495,          0.59999942, 365.8349385805924, 38.758264308237145,286407.63818535116,      0.0,286407.63818535116,   1.0
 -0.29999939999999997, -0.29999939999999997,-13.795195499862105, 63.37875002172436, 10.085770661134495,          0.59999942, 365.8349385805924, 38.758264308237145, 286940.6116959466,      0.0, 286940.6116959466,   1.0
 -0.29999939999999997, -0.29999939999999997,-13.795195499862105, 62.37875002172436, 11.085770661134495,          0.59999942, 365.8349385805924, 38.758264308237145, 286659.8871706944,      0.0, 286659.8871706944,   1.0
 -0.29999939999999997, -0.29999939999999997,-13.795195499862105, 62.37875002172436, 10.085770661134495,0.020000580000000046, 365.8349385805924, 38.758264308237145,260771.26286481158,      0.0,260771.26286481158,   1.0
 -0.29999939999999997, -0.29999939999999997,-13.795195499862105, 62.37875002172436, 10.085770661134495,          0.59999942, 366.8349385805924, 38.758264308237145, 287108.5230032862,      0.0, 287108.5230032862,   1.0
 -0.29999939999999997, -0.29999939999999997,-13.795195499862105, 62.37875002172436, 10.085770661134495,          0.59999942, 365.8349385805924, 39.758264308237145, 288638.7833484373,      0.0, 288638.7833484373,   1.0
 -0.12645827254023867,  -0.1264574845559956, -7.934670473135101, 60.14682749195154, 22.804720184257718, 0.43224372659206134,348.79942703188567, 43.049673819108726,344575.72170305596,      0.0,344575.72170305596,   1.0
  0.29999939999999997,  -0.1264574845559956, -7.934670473135101, 60.14682749195154, 22.804720184257718, 0.43224372659206134,348.79942703188567, 43.049673819108726,324390.08426987147,      0.0,324390.08426987147,   1.0
 -0.12645827254023867,  0.29999939999999997, -7.934670473135101, 60.14682749195154, 22.804720184257718, 0.43224372659206134,348.79942703188567, 43.049673819108726,225623.87343724194,      0.0,225623.87343724194,   1.0
 -0.12645827254023867,  -0.1264574845559956, -6.934670473135101, 60.14682749195154, 22.804720184257718, 0.43224372659206134,348.79942703188567, 43.049673819108726,344294.88660982624,      0.0,344294.88660982624,   1.0
 -0.12645827254023867,  -0.1264574845559956, -7.934670473135101, 61.14682749195154, 22.804720184257718, 0.43224372659206134,348.79942703188567, 43.049673819108726, 344536.0789091555,      0.0, 344536.0789091555,   1.0
 -0.12645827254023867,  -0.1264574845559956, -7.934670473135101, 60.14682749195154, 23.804720184257718, 0.43224372659206134,348.79942703188567, 43.049673819108726, 344953.2948016558,      0.0, 344953.2948016558,   1.0
 -0.12645827254023867,  -0.1264574845559956, -7.934670473135101, 60.14682749195154, 22.804720184257718, 0.02000057999999999,348.79942703188567, 43.049673819108726,289296.58173324575,      0.0,289296.58173324575,   1.0
 -0.12645827254023867,  -0.1264574845559956, -7.934670473135101, 60.14682749195154, 22.804720184257718, 0.43224372659206134,349.79942703188567, 43.049673819108726,344703.34935030964,      0.0,344703.34935030964,   1.0
 -0.12645827254023867,  -0.1264574845559956, -7.934670473135101, 60.14682749195154, 22.804720184257718, 0.43224372659206134,348.79942703188567, 44.049673819108726, 344962.7702595758,      0.0, 344962.7702595758,   1.0
 -0.10165437761812592, -0.10165347700883165, -7.097037059781521, 59.82782315728386, 24.622614836142784, 0.40826673247669537, 346.3645745874901, 43.663036611741816, 351110.4208790695,      0.0, 351110.4208790695,   1.0
  0.29999939999999997, -0.10165347700883165, -7.097037059781521, 59.82782315728386, 24.622614836142784, 0.40826673247669537, 346.3645745874901, 43.663036611741816,316343.51440823136,      0.0,316343.51440823136,   1.0
 -0.10165437761812592,  0.29999939999999997, -7.097037059781521, 59.82782315728386, 24.622614836142784, 0.40826673247669537, 346.3645745874901, 43.663036611741816,225064.71835453692,      0.0,225064.71835453692,   1.0
 -0.10165437761812592, -0.10165347700883165, -6.097037059781521, 59.82782315728386, 24.622614836142784, 0.40826673247669537, 346.3645745874901, 43.663036611741816,350973.94017527055,      0.0,350973.94017527055,   1.0
 -0.10165437761812592, -0.10165347700883165, -7.097037059781521, 60.82782315728386, 24.622614836142784, 0.40826673247669537, 346.3645745874901, 43.663036611741816,351104.19161038665,      0.0,351104.19161038665,   1.0
 -0.10165437761812592, -0.10165347700883165, -7.097037059781521, 59.82782315728386, 25.622614836142784, 0.40826673247669537, 346.3645745874901, 43.663036611741816,351652.92651197355,      0.0,351652.92651197355,   1.0
 -0.10165437761812592, -0.10165347700883165, -7.097037059781521, 59.82782315728386, 24.622614836142784, 0.02000057999999999, 346.3645745874901, 43.663036611741816, 291423.7463605223,      0.0, 291423.7463605223,   1.0
 -0.10165437761812592, -0.10165347700883165, -7.097037059781521, 59.82782315728386, 24.622614836142784, 0.40826673247669537, 347.3645745874901, 43.663036611741816, 351230.7031540558,      0.0, 351230.7031540558,   1.0
 -0.10165437761812592, -0.10165347700883165, -7.097037059781521, 59.82782315728386, 24.622614836142784, 0.40826673247669537, 346.3645745874901, 44.663036611741816,351286.47646432486,      0.0,351286.47646432486,   1.0
 -0.09833923337433723, -0.09833831771223404, -6.985083852537097, 59.78518689442522,  24.86558405569218,  0.4050621069824127, 346.0391463799098,  43.74501511301094,351776.54999016016,      0.0,351776.54999016016,   1.0
   0.2999993999999999, -0.09833831771223404, -6.985083852537097, 59.78518689442522,  24.86558405569218,  0.4050621069824127, 346.0391463799098,  43.74501511301094,314936.84881364147,      0.0,314936.84881364147,   1.0
 -0.09833923337433723,  0.29999939999999997, -6.985083852537097, 59.78518689442522,  24.86558405569218,  0.4050621069824127, 346.0391463799098,  43.74501511301094,224588.02302324085,      0.0,224588.02302324085,   1.0
 -0.09833923337433723, -0.09833831771223404, -5.985083852537097, 59.78518689442522,  24.86558405569218,  0.4050621069824127, 346.0391463799098,  43.74501511301094, 351693.0093110991,      0.0, 351693.0093110991,   1.0
 -0.09833923337433723, -0.09833831771223404, -6.985083852537097, 60.78518689442522,  24.86558405569218,  0.4050621069824127, 346.0391463799098,  43.74501511301094,351896.28261532733,      0.0,351896.28261532733,   1.0
 -0.09833923337433723, -0.09833831771223404, -6.985083852537097, 59.78518689442522,  25.86558405569218,  0.4050621069824127, 346.0391463799098,  43.74501511301094,352277.85368269286,      0.0,352277.85368269286,   1.0
 -0.09833923337433723, -0.09833831771223404, -6.985083852537097, 59.78518689442522,  24.86558405569218, 0.02000057999999999, 346.0391463799098,  43.74501511301094,291746.32909448585,      0.0,291746.32909448585,   1.0
 -0.09833923337433723, -0.09833831771223404, -6.985083852537097, 59.78518689442522,  24.86558405569218,  0.4050621069824127, 347.0391463799098,  43.74501511301094, 351883.6484325785,      0.0, 351883.6484325785,   1.0
 -0.09833923337433723, -0.09833831771223404, -6.985083852537097, 59.78518689442522,  24.86558405569218,  0.4050621069824127, 346.0391463799098,  44.74501511301094,351952.30442526913,      0.0,351952.30442526913,   1.0
 -0.09787112386701392, -0.09787020607940355, -6.969275683470355,59.779166510836106,  24.89989212595823,  0.4046096030939032,345.99319482344134,  43.75659075286797,  351871.028871035,      0.0,  351871.028871035,   1.0
  0.29999939999999997, -0.09787020607940355, -6.969275683470355,59.779166510836106,  24.89989212595823,  0.4046096030939032,345.99319482344134,  43.75659075286797,314627.44073840487,      0.0,314627.44073840487,   1.0
 -0.09787112386701392,  0.29999939999999997, -6.969275683470355,59.779166510836106,  24.89989212595823,  0.4046096030939032,345.99319482344134,  43.75659075286797, 224797.7765429356,      0.0, 224797.7765429356,   1.0
 -0.09787112386701392, -0.09787020607940355, -5.969275683470355,59.779166510836106,  24.89989212595823,  0.4046096030939032,345.99319482344134,  43.75659075286797, 351812.7453200115,      0.0, 351812.7453200115,   1.0
 -0.09787112386701392, -0.09787020607940355, -6.969275683470355,60.779166510836106,  24.89989212595823,  0.4046096030939032,345.99319482344134,  43.75659075286797, 352014.4479813116,      0.0, 352014.4479813116,   1.0
 -0.09787112386701392, -0.09787020607940355, -6.969275683470355,59.779166510836106,  25.89989212595823,  0.4046096030939032,345.99319482344134,  43.75659075286797, 352487.6772472774,      0.0, 352487.6772472774,   1.0
 -0.09787112386701392, -0.09787020607940355, -6.969275683470355,59.779166510836106,  24.89989212595823, 0.02000057999999999,345.99319482344134,  43.75659075286797, 291904.8494145209,      0.0, 291904.8494145209,   1.0
 -0.09787112386701392, -0.09787020607940355, -6.969275683470355,59.779166510836106,  24.89989212595823,  0.4046096030939032,346.99319482344134,  43.75659075286797,351977.14363922685,      0.0,351977.14363922685,   1.0
 -0.09787112386701392, -0.09787020607940355, -6.969275683470355,59.779166510836106,  24.89989212595823,  0.4046096030939032,345.99319482344134,  44.75659075286797,352057.96022437076,      0.0,352057.96022437076,   1.0
 -0.09780651643516479, -0.09780559835419665, -6.967093875176225, 59.77833559089888,  24.90462724942168,  0.4045471495148133,345.98685269193913, 43.758188396905254, 351881.9611665543,      0.0, 351881.9611665543,   1.0
  0.29999939999999997, -0.09780559835419665, -6.967093875176225, 59.77833559089888,  24.90462724942168,  0.4045471495148133,345.98685269193913, 43.758188396905254,314628.29983926995,      0.0,314628.29983926995,   1.0
 -0.09780651643516479,  0.29999939999999997, -6.967093875176225, 59.77833559089888,  24.90462724942168,  0.4045471495148133,345.98685269193913, 43.758188396905254,224797.92890473487,      0.0,224797.92890473487,   1.0
 -0.09780651643516479, -0.09780559835419665, -5.967093875176225, 59.77833559089888,  24.90462724942168,  0.4045471495148133,345.98685269193913, 43.758188396905254,351824.89070785284,      0.0,351824.89070785284,   1.0
 -0.09780651643516479, -0.09780559835419665, -6.967093875176225, 60.77833559089888,  24.90462724942168,  0.4045471495148133,345.98685269193913, 43.758188396905254, 352038.2168250362,      0.0, 352038.2168250362,   1.0
 -0.09780651643516479, -0.09780559835419665, -6.967093875176225, 59.77833559089888,  25.90462724942168,  0.4045471495148133,345.98685269193913, 43.758188396905254, 352507.8266935535,      0.0, 352507.8266935535,   1.0
 -0.09780651643516479, -0.09780559835419665, -6.967093875176225, 59.77833559089888,  24.90462724942168, 0.02000057999999999,345.98685269193913, 43.758188396905254,291857.63012161176,      0.0,291857.63012161176,   1.0
 -0.09780651643516479, -0.09780559835419665, -6.967093875176225, 59.77833559089888,  24.90462724942168,  0.4045471495148133,346.98685269193913, 43.758188396905254,351985.99628241145,      0.0,351985.99628241145,   1.0
 -0.09780651643516479, -0.09780559835419665, -6.967093875176225, 59.77833559089888,  24.90462724942168,  0.4045471495148133,345.98685269193913, 44.758188396905254, 352067.7444518936,      0.0, 352067.7444518936,   1.0
 -0.09779931406780662, -0.09779839595413527, -6.966850649522617,59.778242960833545, 24.905155115917747, 0.40454018725665564,345.98614567790673,   43.7583665005527, 351901.7227254292,      0.0, 351901.7227254292,   1.0
  0.29999939999999997, -0.09779839595413527, -6.966850649522617,59.778242960833545, 24.905155115917747, 0.40454018725665564,345.98614567790673,   43.7583665005527, 314626.5979966271,      0.0, 314626.5979966271,   1.0
 -0.09779931406780662,  0.29999939999999997, -6.966850649522617,59.778242960833545, 24.905155115917747, 0.40454018725665564,345.98614567790673,   43.7583665005527,224797.94619167794,      0.0,224797.94619167794,   1.0
 -0.09779931406780662, -0.09779839595413527, -5.966850649522617,59.778242960833545, 24.905155115917747, 0.40454018725665564,345.98614567790673,   43.7583665005527, 351846.1783121278,      0.0, 351846.1783121278,   1.0
 -0.09779931406780662, -0.09779839595413527, -6.966850649522617,60.778242960833545, 24.905155115917747, 0.40454018725665564,345.98614567790673,   43.7583665005527, 352039.2853135055,      0.0, 352039.2853135055,   1.0
 -0.09779931406780662, -0.09779839595413527, -6.966850649522617,59.778242960833545, 25.905155115917747, 0.40454018725665564,345.98614567790673,   43.7583665005527, 352509.5977344722,      0.0, 352509.5977344722,   1.0
 -0.09779931406780662, -0.09779839595413527, -6.966850649522617,59.778242960833545, 24.905155115917747, 0.02000057999999999,345.98614567790673,   43.7583665005527,291838.03619216196,      0.0,291838.03619216196,   1.0
 -0.09779931406780662, -0.09779839595413527, -6.966850649522617,59.778242960833545, 24.905155115917747, 0.40454018725665564,346.98614567790673,   43.7583665005527, 352006.7853016645,      0.0, 352006.7853016645,   1.0
 -0.09779931406780662, -0.09779839595413527, -6.966850649522617,59.778242960833545, 24.905155115917747, 0.40454018725665564,345.98614567790673,   44.7583665005527, 352086.9367397245,      0.0, 352086.9367397245,   1.0
 -0.09779914791310457, -0.09779822979867876, -6.966845038438928, 59.77824082390826,  24.90516729351103, 0.40454002664114236,345.98612936747713, 43.758370609307086, 351901.7227254292,      0.0, 351901.7227254292,   1.0
  0.29999939999999997, -0.09779822979867876, -6.966845038438928, 59.77824082390826,  24.90516729351103, 0.40454002664114236,345.98612936747713, 43.758370609307086, 314626.6025330893,      0.0, 314626.6025330893,   1.0
 -0.09779914791310457,  0.29999939999999997, -6.966845038438928, 59.77824082390826,  24.90516729351103, 0.40454002664114236,345.98612936747713, 43.758370609307086,224797.94619167794,      0.0,224797.94619167794,   1.0
 -0.09779914791310457, -0.09779822979867876, -5.966845038438928, 59.77824082390826,  24.90516729351103, 0.40454002664114236,345.98612936747713, 43.758370609307086,351846.18324757717,      0.0,351846.18324757717,   1.0
 -0.09779914791310457, -0.09779822979867876, -6.966845038438928, 60.77824082390826,  24.90516729351103, 0.40454002664114236,345.98612936747713, 43.758370609307086, 352039.2860773229,      0.0, 352039.2860773229,   1.0
 -0.09779914791310457, -0.09779822979867876, -6.966845038438928, 59.77824082390826,  25.90516729351103, 0.40454002664114236,345.98612936747713, 43.758370609307086, 352509.5977344722,      0.0, 352509.5977344722,   1.0
 -0.09779914791310457, -0.09779822979867876, -6.966845038438928, 59.77824082390826,  24.90516729351103, 0.02000057999999999,345.98612936747713, 43.758370609307086,291838.03619216196,      0.0,291838.03619216196,   1.0
 -0.09779914791310457, -0.09779822979867876, -6.966845038438928, 59.77824082390826,  24.90516729351103, 0.40454002664114236,346.98612936747713, 43.758370609307086, 352006.7853016645,      0.0, 352006.7853016645,   1.0
 -0.09779914791310457, -0.09779822979867876, -6.966845038438928, 59.77824082390826,  24.90516729351103, 0.40454002664114236,345.98612936747713, 44.758370609307086, 352086.9367397245,      0.0, 352086.9367397245,   1.0
  -0.0977991128484214, -0.09779819473383637, -6.966843854296262, 59.77824037293934, 24.905169863425964, 0.40453999274542946, 345.9861259253835, 43.758371476403646, 351901.7227254292,      0.0, 351901.7227254292,   1.0
  0.29999939999999997, -0.09779819473383637, -6.966843854296262, 59.77824037293934, 24.905169863425964, 0.40453999274542946, 345.9861259253835, 43.758371476403646, 314626.6025330893,      0.0, 314626.6025330893,   1.0
  -0.0977991128484214,  0.29999939999999997, -6.966843854296262, 59.77824037293934, 24.905169863425964, 0.40453999274542946, 345.9861259253835, 43.758371476403646,224797.94619167794,      0.0,224797.94619167794,   1.0
  -0.0977991128484214, -0.09779819473383637, -5.966843854296262, 59.77824037293934, 24.905169863425964, 0.40453999274542946, 345.9861259253835, 43.758371476403646,351846.18324757717,      0.0,351846.18324757717,   1.0
  -0.0977991128484214, -0.09779819473383637, -6.966843854296262, 60.77824037293934, 24.905169863425964, 0.40453999274542946, 345.9861259253835, 43.758371476403646, 352039.2860773229,      0.0, 352039.2860773229,   1.0
  -0.0977991128484214, -0.09779819473383637, -6.966843854296262, 59.77824037293934, 25.905169863425964, 0.40453999274542946, 345.9861259253835, 43.758371476403646, 352509.5977344722,      0.0, 352509.5977344722,   1.0
  -0.0977991128484214, -0.09779819473383637, -6.966843854296262, 59.77824037293934, 24.905169863425964, 0.02000057999999999, 345.9861259253835, 43.758371476403646,291838.03619216196,      0.0,291838.03619216196,   1.0
  -0.0977991128484214, -0.09779819473383637, -6.966843854296262, 59.77824037293934, 24.905169863425964, 0.40453999274542946, 346.9861259253835, 43.758371476403646, 352006.7853016645,      0.0, 352006.7853016645,   1.0
  -0.0977991128484214, -0.09779819473383637, -6.966843854296262, 59.77824037293934, 24.905169863425964, 0.40453999274542946, 345.9861259253835, 44.758371476403646, 352086.9367397245,      0.0, 352086.9367397245,   1.0
 -0.09779910544849876, -0.09779818733388015,  -6.96684360439912,59.778240277768504, 24.905170405771425,   0.404539985592202, 345.9861251989766,  43.75837165939254, 351901.7227254292,      0.0, 351901.7227254292,   1.0
   0.2999993999999999, -0.09779818733388015,  -6.96684360439912,59.778240277768504, 24.905170405771425,   0.404539985592202, 345.9861251989766,  43.75837165939254, 314626.6025330893,      0.0, 314626.6025330893,   1.0
 -0.09779910544849876,            0.2999994,  -6.96684360439912,59.778240277768504, 24.905170405771425,   0.404539985592202, 345.9861251989766,  43.75837165939254,224797.94619167794,      0.0,224797.94619167794,   1.0
 -0.09779910544849876, -0.09779818733388015,  -5.96684360439912,59.778240277768504, 24.905170405771425,   0.404539985592202, 345.9861251989766,  43.75837165939254,351846.18324757717,      0.0,351846.18324757717,   1.0
 -0.09779910544849876, -0.09779818733388015,  -6.96684360439912,60.778240277768504, 24.905170405771425,   0.404539985592202, 345.9861251989766,  43.75837165939254, 352039.2860773229,      0.0, 352039.2860773229,   1.0
 -0.09779910544849876, -0.09779818733388015,  -6.96684360439912,59.778240277768504, 25.905170405771425,   0.404539985592202, 345.9861251989766,  43.75837165939254, 352509.5977344722,      0.0, 352509.5977344722,   1.0
 -0.09779910544849876, -0.09779818733388015,  -6.96684360439912,59.778240277768504, 24.905170405771425, 0.02000057999999999, 345.9861251989766,  43.75837165939254,291838.03619216196,      0.0,291838.03619216196,   1.0
 -0.09779910544849876, -0.09779818733388015,  -6.96684360439912,59.778240277768504, 24.905170405771425,   0.404539985592202, 346.9861251989766,  43.75837165939254, 352006.7853016645,      0.0, 352006.7853016645,   1.0
 -0.09779910544849876, -0.09779818733388015,  -6.96684360439912,59.778240277768504, 24.905170405771425,   0.404539985592202, 345.9861251989766,  44.75837165939254, 352086.9367397245,      0.0, 352086.9367397245,   1.0
 -0.09779910388684622,  -0.0977981857722205, -6.966843551661743,   59.778240257684, 24.905170520226022,  0.4045399840826111,345.98612504567836,  43.75837169800984, 351901.7227254292,      0.0, 351901.7227254292,   1.0
  0.29999939999999997,  -0.0977981857722205, -6.966843551661743,   59.778240257684, 24.905170520226022,  0.4045399840826111,345.98612504567836,  43.75837169800984, 314626.6025330893,      0.0, 314626.6025330893,   1.0
 -0.09779910388684622,  0.29999939999999997, -6.966843551661743,   59.778240257684, 24.905170520226022,  0.4045399840826111,345.98612504567836,  43.75837169800984,224797.94619167794,      0.0,224797.94619167794,   1.0
 -0.09779910388684622,  -0.0977981857722205, -5.966843551661743,   59.778240257684, 24.905170520226022,  0.4045399840826111,345.98612504567836,  43.75837169800984,351846.18324757717,      0.0,351846.18324757717,   1.0
 -0.09779910388684622,  -0.0977981857722205, -6.966843551661743,   60.778240257684, 24.905170520226022,  0.4045399840826111,345.98612504567836,  43.75837169800984, 352039.2860773229,      0.0, 352039.2860773229,   1.0
 -0.09779910388684622,  -0.0977981857722205, -6.966843551661743,   59.778240257684, 25.905170520226022,  0.4045399840826111,345.98612504567836,  43.75837169800984, 352509.5977344722,      0.0, 352509.5977344722,   1.0
 -0.09779910388684622,  -0.0977981857722205, -6.966843551661743,   59.778240257684, 24.905170520226022, 0.02000057999999999,345.98612504567836,  43.75837169800984,291838.03619216196,      0.0,291838.03619216196,   1.0
 -0.09779910388684622,  -0.0977981857722205, -6.966843551661743,   59.778240257684, 24.905170520226022,  0.4045399840826111,346.98612504567836,  43.75837169800984, 352006.7853016645,      0.0, 352006.7853016645,   1.0
 -0.09779910388684622,  -0.0977981857722205, -6.966843551661743,   59.778240257684, 24.905170520226022,  0.4045399840826111,345.98612504567836,  44.75837169800984, 352086.9367397245,      0.0, 352086.9367397245,   1.0
 -0.09779910355728076, -0.09779818544265356,  -6.96684354053224, 59.77824025344544, 24.905170544380102, 0.40453998376403255,345.98612501332684, 43.758371706159494, 351901.7227254292,      0.0, 351901.7227254292,   1.0
  0.29999939999999997, -0.09779818544265356,  -6.96684354053224, 59.77824025344544, 24.905170544380102, 0.40453998376403255,345.98612501332684, 43.758371706159494, 314626.6025330893,      0.0, 314626.6025330893,   1.0
 -0.09779910355728076,  0.29999939999999997,  -6.96684354053224, 59.77824025344544, 24.905170544380102, 0.40453998376403255,345.98612501332684, 43.758371706159494,224797.94619167794,      0.0,224797.94619167794,   1.0
 -0.09779910355728076, -0.09779818544265356,  -5.96684354053224, 59.77824025344544, 24.905170544380102, 0.40453998376403255,345.98612501332684, 43.758371706159494,351846.18324757717,      0.0,351846.18324757717,   1.0
 -0.09779910355728076, -0.09779818544265356,  -6.96684354053224, 60.77824025344544, 24.905170544380102, 0.40453998376403255,345.98612501332684, 43.758371706159494, 352039.2860773229,      0.0, 352039.2860773229,   1.0
 -0.09779910355728076, -0.09779818544265356,  -6.96684354053224, 59.77824025344544, 25.905170544380102, 0.40453998376403255,345.98612501332684, 43.758371706159494, 352509.5977344722,      0.0, 352509.5977344722,   1.0
 -0.09779910355728076, -0.09779818544265356,  -6.96684354053224, 59.77824025344544, 24.905170544380102, 0.02000057999999999,345.98612501332684, 43.758371706159494,291838.03619216196,      0.0,291838.03619216196,   1.0
 -0.09779910355728076, -0.09779818544265356,  -6.96684354053224, 59.77824025344544, 24.905170544380102, 0.40453998376403255,346.98612501332684, 43.758371706159494, 352006.7853016645,      0.0, 352006.7853016645,   1.0
 -0.09779910355728076, -0.09779818544265356,  -6.96684354053224, 59.77824025344544, 24.905170544380102, 0.40453998376403255,345.98612501332684, 44.758371706159494, 352086.9367397245,      0.0, 352086.9367397245,   1.0
 -0.09779910348773051, -0.09779818537310299, -6.966843538183511,59.778240252550944,  24.90517054947749, 0.40453998369680094, 345.9861250064995,  43.75837170787937, 351901.7227254292,      0.0, 351901.7227254292,   1.0
  0.29999939999999997, -0.09779818537310299, -6.966843538183511,59.778240252550944,  24.90517054947749, 0.40453998369680094, 345.9861250064995,  43.75837170787937, 314626.6025330893,      0.0, 314626.6025330893,   1.0
 -0.09779910348773051,  0.29999939999999997, -6.966843538183511,59.778240252550944,  24.90517054947749, 0.40453998369680094, 345.9861250064995,  43.75837170787937,224797.94619167794,      0.0,224797.94619167794,   1.0
 -0.09779910348773051, -0.09779818537310299, -5.966843538183511,59.778240252550944,  24.90517054947749, 0.40453998369680094, 345.9861250064995,  43.75837170787937,351846.18324757717,      0.0,351846.18324757717,   1.0
 -0.09779910348773051, -0.09779818537310299, -6.966843538183511,60.778240252550944,  24.90517054947749, 0.40453998369680094, 345.9861250064995,  43.75837170787937, 352039.2860773229,      0.0, 352039.2860773229,   1.0
 -0.09779910348773051, -0.09779818537310299, -6.966843538183511,59.778240252550944,  25.90517054947749, 0.40453998369680094, 345.9861250064995,  43.75837170787937, 352509.5977344722,      0.0, 352509.5977344722,   1.0
 -0.09779910348773051, -0.09779818537310299, -6.966843538183511,59.778240252550944,  24.90517054947749, 0.02000057999999999, 345.9861250064995,  43.75837170787937,291838.03619216196,      0.0,291838.03619216196,   1.0
 -0.09779910348773051, -0.09779818537310299, -6.966843538183511,59.778240252550944,  24.90517054947749, 0.40453998369680094, 346.9861250064995,  43.75837170787937, 352006.7853016645,      0.0, 352006.7853016645,   1.0
 -0.09779910348773051, -0.09779818537310299, -6.966843538183511,59.778240252550944,  24.90517054947749, 0.40453998369680094, 345.9861250064995,  44.75837170787937, 352086.9367397245,      0.0, 352086.9367397245,   1.0
 -0.09779910347305286, -0.09779818535842529,-6.9668435376878435,59.778240252362174, 24.905170550553223,  0.4045399836826126, 345.9861250050587,  43.75837170824232, 351901.7227254292,      0.0, 351901.7227254292,   1.0
  0.29999939999999997, -0.09779818535842529,-6.9668435376878435,59.778240252362174, 24.905170550553223,  0.4045399836826126, 345.9861250050587,  43.75837170824232, 314626.6025330893,      0.0, 314626.6025330893,   1.0
 -0.09779910347305286,  0.29999939999999997,-6.9668435376878435,59.778240252362174, 24.905170550553223,  0.4045399836826126, 345.9861250050587,  43.75837170824232,224797.94619167794,      0.0,224797.94619167794,   1.0
 -0.09779910347305286, -0.09779818535842529,-5.9668435376878435,59.778240252362174, 24.905170550553223,  0.4045399836826126, 345.9861250050587,  43.75837170824232,351846.18324757717,      0.0,351846.18324757717,   1.0
 -0.09779910347305286, -0.09779818535842529,-6.9668435376878435,60.778240252362174, 24.905170550553223,  0.4045399836826126, 345.9861250050587,  43.75837170824232, 352039.2860773229,      0.0, 352039.2860773229,   1.0
 -0.09779910347305286, -0.09779818535842529,-6.9668435376878435,59.778240252362174, 25.905170550553223,  0.4045399836826126, 345.9861250050587,  43.75837170824232, 352509.5977344722,      0.0, 352509.5977344722,   1.0
 -0.09779910347305286, -0.09779818535842529,-6.9668435376878435,59.778240252362174, 24.905170550553223, 0.02000057999999999, 345.9861250050587,  43.75837170824232,291838.03619216196,      0.0,291838.03619216196,   1.0
 -0.09779910347305286, -0.09779818535842529,-6.9668435376878435,59.778240252362174, 24.905170550553223,  0.4045399836826126, 346.9861250050587,  43.75837170824232, 352006.7853016645,      0.0, 352006.7853016645,   1.0
 -0.09779910347305286, -0.09779818535842529,-6.9668435376878435,59.778240252362174, 24.905170550553223,  0.4045399836826126, 345.9861250050587,  44.75837170824232, 352086.9367397245,      0.0, 352086.9367397245,   1.0
 -0.09779910346995534, -0.09779818535532774, -6.966843537583239, 59.77824025232234, 24.905170550780245, 0.40453998367961835, 345.9861250047546, 43.758371708318926, 351901.7227254292,      0.0, 351901.7227254292,   1.0
  0.29999939999999997, -0.09779818535532774, -6.966843537583239, 59.77824025232234, 24.905170550780245, 0.40453998367961835, 345.9861250047546, 43.758371708318926, 314626.6025330893,      0.0, 314626.6025330893,   1.0
 -0.09779910346995534,  0.29999939999999997, -6.966843537583239, 59.77824025232234, 24.905170550780245, 0.40453998367961835, 345.9861250047546, 43.758371708318926,224797.94619167794,      0.0,224797.94619167794,   1.0
 -0.09779910346995534, -0.09779818535532774, -5.966843537583239, 59.77824025232234, 24.905170550780245, 0.40453998367961835, 345.9861250047546, 43.758371708318926,351846.18324757717,      0.0,351846.18324757717,   1.0
 -0.09779910346995534, -0.09779818535532774, -6.966843537583239, 60.77824025232234, 24.905170550780245, 0.40453998367961835, 345.9861250047546, 43.758371708318926, 352039.2860773229,      0.0, 352039.2860773229,   1.0
 -0.09779910346995534, -0.09779818535532774, -6.966843537583239, 59.77824025232234, 25.905170550780245, 0.40453998367961835, 345.9861250047546, 43.758371708318926, 352509.5977344722,      0.0, 352509.5977344722,   1.0
 -0.09779910346995534, -0.09779818535532774, -6.966843537583239, 59.77824025232234, 24.905170550780245, 0.02000057999999999, 345.9861250047546, 43.758371708318926,291838.03619216196,      0.0,291838.03619216196,   1.0
 -0.09779910346995534, -0.09779818535532774, -6.966843537583239, 59.77824025232234, 24.905170550780245, 0.40453998367961835, 346.9861250047546, 43.758371708318926, 352006.7853016645,      0.0, 352006.7853016645,   1.0
 -0.09779910346995534, -0.09779818535532774, -6.966843537583239, 59.77824025232234, 24.905170550780245, 0.40453998367961835, 345.9861250047546, 44.758371708318926, 352086.9367397245,      0.0, 352086.9367397245,   1.0
 -0.09779910346930164, -0.09779818535467404, -6.966843537561164, 59.77824025231393, 24.905170550828153, 0.40453998367898647,345.98612500469045,  43.75837170833509, 351901.7227254292,      0.0, 351901.7227254292,   1.0
  0.29999939999999997, -0.09779818535467404, -6.966843537561164, 59.77824025231393, 24.905170550828153, 0.40453998367898647,345.98612500469045,  43.75837170833509, 314626.6025330893,      0.0, 314626.6025330893,   1.0
 -0.09779910346930164,  0.29999939999999997, -6.966843537561164, 59.77824025231393, 24.905170550828153, 0.40453998367898647,345.98612500469045,  43.75837170833509,224797.94619167794,      0.0,224797.94619167794,   1.0
 -0.09779910346930164, -0.09779818535467404, -5.966843537561164, 59.77824025231393, 24.905170550828153, 0.40453998367898647,345.98612500469045,  43.75837170833509,351846.18324757717,      0.0,351846.18324757717,   1.0
 -0.09779910346930164, -0.09779818535467404, -6.966843537561164, 60.77824025231393, 24.905170550828153, 0.40453998367898647,345.98612500469045,  43.75837170833509, 352039.2860773229,      0.0, 352039.2860773229,   1.0
 -0.09779910346930164, -0.09779818535467404, -6.966843537561164, 59.77824025231393, 25.905170550828153, 0.40453998367898647,345.98612500469045,  43.75837170833509, 352509.5977344722,      0.0, 352509.5977344722,   1.0
 -0.09779910346930164, -0.09779818535467404, -6.966843537561164, 59.77824025231393, 24.905170550828153, 0.02000057999999999,345.98612500469045,  43.75837170833509,291838.03619216196,      0.0,291838.03619216196,   1.0
 -0.09779910346930164, -0.09779818535467404, -6.966843537561164, 59.77824025231393, 24.905170550828153, 0.40453998367898647,346.98612500469045,  43.75837170833509, 352006.7853016645,      0.0, 352006.7853016645,   1.0
 -0.09779910346930164, -0.09779818535467404, -6.966843537561164, 59.77824025231393, 24.905170550828153, 0.40453998367898647,345.98612500469045,  44.75837170833509, 352086.9367397245,      0.0, 352086.9367397245,   1.0
 -0.09779910346916369, -0.09779818535453609, -6.966843537556505, 59.77824025231216, 24.905170550838264,  0.4045399836788531, 345.9861250046769,   43.7583717083385, 351901.7227254292,      0.0, 351901.7227254292,   1.0
  0.29999939999999997, -0.09779818535453609, -6.966843537556505, 59.77824025231216, 24.905170550838264,  0.4045399836788531, 345.9861250046769,   43.7583717083385, 314626.6025330893,      0.0, 314626.6025330893,   1.0
 -0.09779910346916369,  0.29999939999999997, -6.966843537556505, 59.77824025231216, 24.905170550838264,  0.4045399836788531, 345.9861250046769,   43.7583717083385,224797.94619167794,      0.0,224797.94619167794,   1.0
 -0.09779910346916369, -0.09779818535453609, -5.966843537556505, 59.77824025231216, 24.905170550838264,  0.4045399836788531, 345.9861250046769,   43.7583717083385,351846.18324757717,      0.0,351846.18324757717,   1.0
 -0.09779910346916369, -0.09779818535453609, -6.966843537556505, 60.77824025231216, 24.905170550838264,  0.4045399836788531, 345.9861250046769,   43.7583717083385, 352039.2860773229,      0.0, 352039.2860773229,   1.0
 -0.09779910346916369, -0.09779818535453609, -6.966843537556505, 59.77824025231216, 25.905170550838264,  0.4045399836788531, 345.9861250046769,   43.7583717083385, 352509.5977344722,      0.0, 352509.5977344722,   1.0
 -0.09779910346916369, -0.09779818535453609, -6.966843537556505, 59.77824025231216, 24.905170550838264, 0.02000057999999999, 345.9861250046769,   43.7583717083385,291838.03619216196,      0.0,291838.03619216196,   1.0
 -0.09779910346916369, -0.09779818535453609, -6.966843537556505, 59.77824025231216, 24.905170550838264,  0.4045399836788531, 346.9861250046769,   43.7583717083385, 352006.7853016645,      0.0, 352006.7853016645,   1.0
 -0.09779910346916369, -0.09779818535453609, -6.966843537556505, 59.77824025231216, 24.905170550838264,  0.4045399836788531, 345.9861250046769,   44.7583717083385, 352086.9367397245,      0.0, 352086.9367397245,   1.0
 -0.09779910346925473, -0.09779818535462713,  -6.96684353755958, 59.77824025231333, 24.905170550831592,  0.4045399836789411,345.98612500468585,  43.75837170833625, 351901.7227254292,      0.0, 351901.7227254292,   1.0
  0.29999939999999997, -0.09779818535462713,  -6.96684353755958, 59.77824025231333, 24.905170550831592,  0.4045399836789411,345.98612500468585,  43.75837170833625, 314626.6025330893,      0.0, 314626.6025330893,   1.0
 -0.09779910346925473,  0.29999939999999997,  -6.96684353755958, 59.77824025231333, 24.905170550831592,  0.4045399836789411,345.98612500468585,  43.75837170833625,224797.94619167794,      0.0,224797.94619167794,   1.0
 -0.09779910346925473, -0.09779818535462713,  -5.96684353755958, 59.77824025231333, 24.905170550831592,  0.4045399836789411,345.98612500468585,  43.75837170833625,351846.18324757717,      0.0,351846.18324757717,   1.0
 -0.09779910346925473, -0.09779818535462713,  -6.96684353755958, 60.77824025231333, 24.905170550831592,  0.4045399836789411,345.98612500468585,  43.75837170833625, 352039.2860773229,      0.0, 352039.2860773229,   1.0
 -0.09779910346925473, -0.09779818535462713,  -6.96684353755958, 59.77824025231333, 25.905170550831592,  0.4045399836789411,345.98612500468585,  43.75837170833625, 352509.5977344722,      0.0, 352509.5977344722,   1.0
 -0.09779910346925473, -0.09779818535462713,  -6.96684353755958, 59.77824025231333, 24.905170550831592, 0.02000057999999999,345.98612500468585,  43.75837170833625,291838.03619216196,      0.0,291838.03619216196,   1.0
 -0.09779910346925473, -0.09779818535462713,  -6.96684353755958, 59.77824025231333, 24.905170550831592,  0.4045399836789411,346.98612500468585,  43.75837170833625, 352006.7853016645,      0.0, 352006.7853016645,   1.0
 -0.09779910346925473, -0.09779818535462713,  -6.96684353755958, 59.77824025231333, 24.905170550831592,  0.4045399836789411,345.98612500468585,  44.75837170833625, 352086.9367397245,      0.0, 352086.9367397245,   1.0
  -0.0977991034691829,  -0.0977981853545553, -6.966843537557154, 59.77824025231241, 24.905170550836857,  0.4045399836788717, 345.9861250046788, 43.758371708338025, 351901.7227254292,      0.0, 351901.7227254292,   1.0
  0.29999939999999997,  -0.0977981853545553, -6.966843537557154, 59.77824025231241, 24.905170550836857,  0.4045399836788717, 345.9861250046788, 43.758371708338025, 314626.6025330893,      0.0, 314626.6025330893,   1.0
  -0.0977991034691829,  0.29999939999999997, -6.966843537557154, 59.77824025231241, 24.905170550836857,  0.4045399836788717, 345.9861250046788, 43.758371708338025,224797.94619167794,      0.0,224797.94619167794,   1.0
  -0.0977991034691829,  -0.0977981853545553, -5.966843537557154, 59.77824025231241, 24.905170550836857,  0.4045399836788717, 345.9861250046788, 43.758371708338025,351846.18324757717,      0.0,351846.18324757717,   1.0
  -0.0977991034691829,  -0.0977981853545553, -6.966843537557154, 60.77824025231241, 24.905170550836857,  0.4045399836788717, 345.9861250046788, 43.758371708338025, 352039.2860773229,      0.0, 352039.2860773229,   1.0
  -0.0977991034691829,  -0.0977981853545553, -6.966843537557154, 59.77824025231241, 25.905170550836857,  0.4045399836788717, 345.9861250046788, 43.758371708338025, 352509.5977344722,      0.0, 352509.5977344722,   1.0
  -0.0977991034691829,  -0.0977981853545553, -6.966843537557154, 59.77824025231241, 24.905170550836857, 0.02000057999999999, 345.9861250046788, 43.758371708338025,291838.03619216196,      0.0,291838.03619216196,   1.0
  -0.0977991034691829,  -0.0977981853545553, -6.966843537557154, 59.77824025231241, 24.905170550836857,  0.4045399836788717, 346.9861250046788, 43.758371708338025, 352006.7853016645,      0.0, 352006.7853016645,   1.0
  -0.0977991034691829,  -0.0977981853545553, -6.966843537557154, 59.77824025231241, 24.905170550836857,  0.4045399836788717, 345.9861250046788, 44.758371708338025, 352086.9367397245,      0.0, 352086.9367397245,   1.0
 -0.09779910346916772, -0.09779818535454012, -6.966843537556642, 59.77824025231221,  24.90517055083797, 0.40453998367885696, 345.9861250046773,   43.7583717083384, 351901.7227254292,      0.0, 351901.7227254292,   1.0
  0.29999939999999997, -0.09779818535454012, -6.966843537556642, 59.77824025231221,  24.90517055083797, 0.40453998367885696, 345.9861250046773,   43.7583717083384, 314626.6025330893,      0.0, 314626.6025330893,   1.0
 -0.09779910346916772,  0.29999939999999997, -6.966843537556642, 59.77824025231221,  24.90517055083797, 0.40453998367885696, 345.9861250046773,   43.7583717083384,224797.94619167794,      0.0,224797.94619167794,   1.0
 -0.09779910346916772, -0.09779818535454012, -5.966843537556642, 59.77824025231221,  24.90517055083797, 0.40453998367885696, 345.9861250046773,   43.7583717083384,351846.18324757717,      0.0,351846.18324757717,   1.0
 -0.09779910346916772, -0.09779818535454012, -6.966843537556642, 60.77824025231221,  24.90517055083797, 0.40453998367885696, 345.9861250046773,   43.7583717083384, 352039.2860773229,      0.0, 352039.2860773229,   1.0
 -0.09779910346916772, -0.09779818535454012, -6.966843537556642, 59.77824025231221,  25.90517055083797, 0.40453998367885696, 345.9861250046773,   43.7583717083384, 352509.5977344722,      0.0, 352509.5977344722,   1.0
 -0.09779910346916772, -0.09779818535454012, -6.966843537556642, 59.77824025231221,  24.90517055083797, 0.02000057999999999, 345.9861250046773,   43.7583717083384,291838.03619216196,      0.0,291838.03619216196,   1.0
 -0.09779910346916772, -0.09779818535454012, -6.966843537556642, 59.77824025231221,  24.90517055083797, 0.40453998367885696, 346.9861250046773,   43.7583717083384, 352006.7853016645,      0.0, 352006.7853016645,   1.0
 -0.09779910346916772, -0.09779818535454012, -6.966843537556642, 59.77824025231221,  24.90517055083797, 0.40453998367885696, 345.9861250046773,   44.7583717083384, 352086.9367397245,      0.0, 352086.9367397245,   1.0
 -0.29999939999999997, -0.29999939999999997,          -59.99988,          79.99994,          169.99974,          0.59999942,         499.99955,         119.999885, 266416.1731426567,      0.0, 266416.1731426567,   1.0
  0.29999939999999997, -0.29999939999999997,          -59.99988,          79.99994,          169.99974,          0.59999942,         499.99955,         119.999885,229828.09006423957,      0.0,229828.09006423957,   1.0
 -0.29999939999999997,  0.29999939999999997,          -59.99988,          79.99994,          169.99974,          0.59999942,         499.99955,         119.999885,259581.44086082868,      0.0,259581.44086082868,   1.0
 -0.29999939999999997, -0.29999939999999997,          -58.99988,          79.99994,          169.99974,          0.59999942,         499.99955,         119.999885, 266544.1151141268,      0.0, 266544.1151141268,   1.0
 -0.29999939999999997, -0.29999939999999997,          -59.99988,          78.99994,          169.99974,          0.59999942,         499.99955,         119.999885,270421.48149228905,      0.0,270421.48149228905,   1.0
 -0.29999939999999997, -0.29999939999999997,          -59.99988,          79.99994,          168.99974,          0.59999942,         499.99955,         119.999885,266535.60048447875,      0.0,266535.60048447875,   1.0
 -0.29999939999999997, -0.29999939999999997,          -59.99988,          79.99994,          169.99974,0.020000580000000046,         499.99955,         119.999885,  259813.779250181,      0.0,  259813.779250181,   1.0
 -0.29999939999999997, -0.29999939999999997,          -59.99988,          79.99994,          169.99974,          0.59999942,         498.99955,         119.999885,266438.97805152717,      0.0,266438.97805152717,   1.0
 -0.29999939999999997, -0.29999939999999997,          -59.99988,          79.99994,          169.99974,          0.59999942,         499.99955,         118.999885, 266466.7543430656,      0.0, 266466.7543430656,   1.0
 -0.14307874133693207, -0.14307802881991522, -18.84277412345805,  64.3065780310202,  57.39686158176842,  0.4483101098671199, 380.4750561794305,  60.83148273522039, 334134.9413757438,      0.0, 334134.9413757438,   1.0
   0.2999993999999999, -0.14307802881991522, -18.84277412345805,  64.3065780310202,  57.39686158176842,  0.4483101098671199, 380.4750561794305,  60.83148273522039, 263694.5319865744,      0.0, 263694.5319865744,   1.0
 -0.14307874133693207,  0.29999939999999997, -18.84277412345805,  64.3065780310202,  57.39686158176842,  0.4483101098671199, 380.4750561794305,  60.83148273522039,319243.47174369823,      0.0,319243.47174369823,   1.0
 -0.14307874133693207, -0.14307802881991522, -17.84277412345805,  64.3065780310202,  57.39686158176842,  0.4483101098671199, 380.4750561794305,  60.83148273522039,  333300.817080022,      0.0,  333300.817080022,   1.0
 -0.14307874133693207, -0.14307802881991522, -18.84277412345805,  65.3065780310202,  57.39686158176842,  0.4483101098671199, 380.4750561794305,  60.83148273522039,  333985.165663784,      0.0,  333985.165663784,   1.0
 -0.14307874133693207, -0.14307802881991522, -18.84277412345805,  64.3065780310202,  58.39686158176842,  0.4483101098671199, 380.4750561794305,  60.83148273522039, 333498.0496313304,      0.0, 333498.0496313304,   1.0
 -0.14307874133693207, -0.14307802881991522, -18.84277412345805,  64.3065780310202,  57.39686158176842, 0.02000057999999999, 380.4750561794305,  60.83148273522039, 203153.8330758059,      0.0, 203153.8330758059,   1.0
 -0.14307874133693207, -0.14307802881991522, -18.84277412345805,  64.3065780310202,  57.39686158176842,  0.4483101098671199, 381.4750561794305,  60.83148273522039,334009.75326979614,      0.0,334009.75326979614,   1.0
 -0.14307874133693207, -0.14307802881991522, -18.84277412345805,  64.3065780310202,  57.39686158176842,  0.4483101098671199, 380.4750561794305,  61.83148273522039, 334150.6052302268,      0.0, 334150.6052302268,   1.0
 -0.10648137132988687,  -0.1064804926381348,  -9.24402629117252,60.646538750491615, 31.135378610436497,  0.4129328060988111,352.59929933183525,  47.03210202360047,353762.14853222866,      0.0,353762.14853222866,   1.0
  0.29999939999999997,  -0.1064804926381348,  -9.24402629117252,60.646538750491615, 31.135378610436497,  0.4129328060988111,352.59929933183525,  47.03210202360047, 306807.0393090051,      0.0, 306807.0393090051,   1.0
 -0.10648137132988687,  0.29999939999999997,  -9.24402629117252,60.646538750491615, 31.135378610436497,  0.4129328060988111,352.59929933183525,  47.03210202360047, 248493.3735034091,      0.0, 248493.3735034091,   1.0
 -0.10648137132988687,  -0.1064804926381348,  -8.24402629117252,60.646538750491615, 31.135378610436497,  0.4129328060988111,352.59929933183525,  47.03210202360047,353580.93030209956,      0.0,353580.93030209956,   1.0
 -0.10648137132988687,  -0.1064804926381348,  -9.24402629117252,61.646538750491615, 31.135378610436497,  0.4129328060988111,352.59929933183525,  47.03210202360047,  353772.612540793,      0.0,  353772.612540793,   1.0
 -0.10648137132988687,  -0.1064804926381348,  -9.24402629117252,60.646538750491615,   32.1353786104365,  0.4129328060988111,352.59929933183525,  47.03210202360047,353910.77832532953,      0.0,353910.77832532953,   1.0
 -0.10648137132988687,  -0.1064804926381348,  -9.24402629117252,60.646538750491615, 31.135378610436497, 0.02000057999999999,352.59929933183525,  47.03210202360047,  277692.251866884,      0.0,  277692.251866884,   1.0
 -0.10648137132988687,  -0.1064804926381348,  -9.24402629117252,60.646538750491615, 31.135378610436497,  0.4129328060988111,353.59929933183525,  47.03210202360047,353816.38898011897,      0.0,353816.38898011897,   1.0
 -0.10648137132988687,  -0.1064804926381348,  -9.24402629117252,60.646538750491615, 31.135378610436497,  0.4129328060988111,352.59929933183525,  48.03210202360047, 353769.2529044098,      0.0, 353769.2529044098,   1.0
 -0.23046627501583328, -0.22618491592976356,-15.106560206413864,62.881698286725246, 47.173664425562535,          0.59999942,369.62389956424965,   55.4596219322012, 310436.9072114369,      0.0, 310436.9072114369,   1.0
   0.2999993999999999, -0.22618491592976356,-15.106560206413864,62.881698286725246, 47.173664425562535,          0.59999942,369.62389956424965,   55.4596219322012,312657.90053147695,      0.0,312657.90053147695,   1.0
 -0.23046627501583328,            0.2999994,-15.106560206413864,62.881698286725246, 47.173664425562535,          0.59999942,369.62389956424965,   55.4596219322012, 312412.0357548078,      0.0, 312412.0357548078,   1.0
 -0.23046627501583328, -0.22618491592976356,-14.106560206413864,62.881698286725246, 47.173664425562535,          0.59999942,369.62389956424965,   55.4596219322012,309300.06387904694,      0.0,309300.06387904694,   1.0
 -0.23046627501583328, -0.22618491592976356,-15.106560206413864,63.881698286725246, 47.173664425562535,          0.59999942,369.62389956424965,   55.4596219322012, 310285.7413309818,      0.0, 310285.7413309818,   1.0
 -0.23046627501583328, -0.22618491592976356,-15.106560206413864,62.881698286725246, 48.173664425562535,          0.59999942,369.62389956424965,   55.4596219322012, 309940.2207169897,      0.0, 309940.2207169897,   1.0
 -0.23046627501583328, -0.22618491592976356,-15.106560206413864,62.881698286725246, 47.173664425562535,0.020000580000000046,369.62389956424965,   55.4596219322012, 145522.0232524551,      0.0, 145522.0232524551,   1.0
 -0.23046627501583328, -0.22618491592976356,-15.106560206413864,62.881698286725246, 47.173664425562535,          0.59999942,370.62389956424965,   55.4596219322012, 310260.2572251892,      0.0, 310260.2572251892,   1.0
 -0.23046627501583328, -0.22618491592976356,-15.106560206413864,62.881698286725246, 47.173664425562535,          0.59999942,369.62389956424965,   56.4596219322012,311086.50967694604,      0.0,311086.50967694604,   1.0
 -0.12380582437843952, -0.12320683269541197,-10.063200162673931,60.958858357881795,  33.37641377942146,  0.4390716881169952,354.97815255209446,  48.20968226628969, 349347.9029855674,      0.0, 349347.9029855674,   1.0
  0.29999939999999997, -0.12320683269541197,-10.063200162673931,60.958858357881795,  33.37641377942146,  0.4390716881169952,354.97815255209446,  48.20968226628969, 309033.9165058307,      0.0, 309033.9165058307,   1.0
 -0.12380582437843952,   0.2999993999999999,-10.063200162673931,60.958858357881795,  33.37641377942146,  0.4390716881169952,354.97815255209446,  48.20968226628969,262010.68369190366,      0.0,262010.68369190366,   1.0
 -0.12380582437843952, -0.12320683269541197, -9.063200162673931,60.958858357881795,  33.37641377942146,  0.4390716881169952,354.97815255209446,  48.20968226628969, 348852.0017136187,      0.0, 348852.0017136187,   1.0
 -0.12380582437843952, -0.12320683269541197,-10.063200162673931,61.958858357881795,  33.37641377942146,  0.4390716881169952,354.97815255209446,  48.20968226628969,349098.53337764234,      0.0,349098.53337764234,   1.0
 -0.12380582437843952, -0.12320683269541197,-10.063200162673931,60.958858357881795,  34.37641377942146,  0.4390716881169952,354.97815255209446,  48.20968226628969, 349205.7474261256,      0.0, 349205.7474261256,   1.0
 -0.12380582437843952, -0.12320683269541197,-10.063200162673931,60.958858357881795,  33.37641377942146, 0.02000057999999999,354.97815255209446,  48.20968226628969,  264968.991903984,      0.0,  264968.991903984,   1.0
 -0.12380582437843952, -0.12320683269541197,-10.063200162673931,60.958858357881795,  33.37641377942146,  0.4390716881169952,355.97815255209446,  48.20968226628969, 349371.8116542714,      0.0, 349371.8116542714,   1.0
 -0.12380582437843952, -0.12320683269541197,-10.063200162673931,60.958858357881795,  33.37641377942146,  0.4390716881169952,354.97815255209446,  49.20968226628969, 349408.8204193383,      0.0, 349408.8204193383,   1.0
 -0.10902850360643289, -0.10893968719446363, -9.364465545581115, 60.69245762310204,  31.46486739693953, 0.41677588211828215,352.94905085365855, 47.205236069216255, 353162.0969878772,      0.0, 353162.0969878772,   1.0
  0.29999939999999997, -0.10893968719446363, -9.364465545581115, 60.69245762310204,  31.46486739693953, 0.41677588211828215,352.94905085365855, 47.205236069216255, 307304.4869969308,      0.0, 307304.4869969308,   1.0
 -0.10902850360643289,  0.29999939999999997, -9.364465545581115, 60.69245762310204,  31.46486739693953, 0.41677588211828215,352.94905085365855, 47.205236069216255,250514.55204727684,      0.0,250514.55204727684,   1.0
 -0.10902850360643289, -0.10893968719446363, -8.364465545581115, 60.69245762310204,  31.46486739693953, 0.41677588211828215,352.94905085365855, 47.205236069216255, 352904.4134478832,      0.0, 352904.4134478832,   1.0
 -0.10902850360643289, -0.10893968719446363, -9.364465545581115, 61.69245762310204,  31.46486739693953, 0.41677588211828215,352.94905085365855, 47.205236069216255,353251.58001948136,      0.0,353251.58001948136,   1.0
 -0.10902850360643289, -0.10893968719446363, -9.364465545581115, 60.69245762310204, 32.464867396939525, 0.41677588211828215,352.94905085365855, 47.205236069216255,353271.59029918665,      0.0,353271.59029918665,   1.0
 -0.10902850360643289, -0.10893968719446363, -9.364465545581115, 60.69245762310204,  31.46486739693953, 0.02000057999999999,352.94905085365855, 47.205236069216255,275970.41173547774,      0.0,275970.41173547774,   1.0
 -0.10902850360643289, -0.10893968719446363, -9.364465545581115, 60.69245762310204,  31.46486739693953, 0.41677588211828215,353.94905085365855, 47.205236069216255, 353216.4709438952,      0.0, 353216.4709438952,   1.0
 -0.10902850360643289, -0.10893968719446363, -9.364465545581115, 60.69245762310204,  31.46486739693953, 0.41677588211828215,352.94905085365855, 48.205236069216255, 353175.0924961902,      0.0, 353175.0924961902,   1.0
 -0.10685362763900923,  -0.1068398970936404, -9.261628153758311,60.653249666212176,  31.18353248163126,  0.4134944609872745,352.65041454552977, 47.057405083593785, 353755.4116930907,      0.0, 353755.4116930907,   1.0
  0.29999939999999997,  -0.1068398970936404, -9.261628153758311,60.653249666212176,  31.18353248163126,  0.4134944609872745,352.65041454552977, 47.057405083593785,306854.45133586915,      0.0,306854.45133586915,   1.0
 -0.10685362763900923,  0.29999939999999997, -9.261628153758311,60.653249666212176,  31.18353248163126,  0.4134944609872745,352.65041454552977, 47.057405083593785,248697.32586589435,      0.0,248697.32586589435,   1.0
 -0.10685362763900923,  -0.1068398970936404, -8.261628153758311,60.653249666212176,  31.18353248163126,  0.4134944609872745,352.65041454552977, 47.057405083593785,353545.21285506105,      0.0,353545.21285506105,   1.0
 -0.10685362763900923,  -0.1068398970936404, -9.261628153758311,61.653249666212176,  31.18353248163126,  0.4134944609872745,352.65041454552977, 47.057405083593785,353695.60215839907,      0.0,353695.60215839907,   1.0
 -0.10685362763900923,  -0.1068398970936404, -9.261628153758311,60.653249666212176,  32.18353248163126,  0.4134944609872745,352.65041454552977, 47.057405083593785, 353876.9221370933,      0.0, 353876.9221370933,   1.0
 -0.10685362763900923,  -0.1068398970936404, -9.261628153758311,60.653249666212176,  31.18353248163126, 0.02000057999999999,352.65041454552977, 47.057405083593785, 277351.5502517695,      0.0, 277351.5502517695,   1.0
 -0.10685362763900923,  -0.1068398970936404, -9.261628153758311,60.653249666212176,  31.18353248163126,  0.4134944609872745,353.65041454552977, 47.057405083593785, 353805.7009347465,      0.0, 353805.7009347465,   1.0
 -0.10685362763900923,  -0.1068398970936404, -9.261628153758311,60.653249666212176,  31.18353248163126,  0.4134944609872745,352.65041454552977, 48.057405083593785, 353769.0575822641,      0.0, 353769.0575822641,   1.0
 -0.10655748990943444, -0.10655398328413797, -9.247625501567585,  60.6479109914976, 31.145225063499183,  0.4130476527011604,352.60975131710546, 47.037275966761946, 353757.1033109926,      0.0, 353757.1033109926,   1.0
  0.29999939999999997, -0.10655398328413797, -9.247625501567585,  60.6479109914976, 31.145225063499183,  0.4130476527011604,352.60975131710546, 47.037275966761946,306807.91119807377,      0.0,306807.91119807377,   1.0
 -0.10655748990943444,  0.29999939999999997, -9.247625501567585,  60.6479109914976, 31.145225063499183,  0.4130476527011604,352.60975131710546, 47.037275966761946,248512.71166841028,      0.0,248512.71166841028,   1.0
 -0.10655748990943444, -0.10655398328413797, -8.247625501567585,  60.6479109914976, 31.145225063499183,  0.4130476527011604,352.60975131710546, 47.037275966761946,353576.17057971377,      0.0,353576.17057971377,   1.0
 -0.10655748990943444, -0.10655398328413797, -9.247625501567585,  61.6479109914976, 31.145225063499183,  0.4130476527011604,352.60975131710546, 47.037275966761946, 353766.8844952544,      0.0, 353766.8844952544,   1.0
 -0.10655748990943444, -0.10655398328413797, -9.247625501567585,  60.6479109914976,  32.14522506349918,  0.4130476527011604,352.60975131710546, 47.037275966761946,353923.89589562133,      0.0,353923.89589562133,   1.0
 -0.10655748990943444, -0.10655398328413797, -9.247625501567585,  60.6479109914976, 31.145225063499183, 0.02000057999999999,352.60975131710546, 47.037275966761946,277678.16811652336,      0.0,277678.16811652336,   1.0
 -0.10655748990943444, -0.10655398328413797, -9.247625501567585,  60.6479109914976, 31.145225063499183,  0.4130476527011604,353.60975131710546, 47.037275966761946, 353812.3360650881,      0.0, 353812.3360650881,   1.0
 -0.10655748990943444, -0.10655398328413797, -9.247625501567585,  60.6479109914976, 31.145225063499183,  0.4130476527011604,352.60975131710546, 48.037275966761946,353768.69312024146,      0.0,353768.69312024146,   1.0
 -0.10649559886272167, -0.10649422897669071, -9.244699029476093,  60.6467952398282, 31.137219038031027, 0.41295427239279087, 352.6012529411184,  47.03306909953191, 353762.0534302078,      0.0, 353762.0534302078,   1.0
            0.2999994, -0.10649422897669071, -9.244699029476093,  60.6467952398282, 31.137219038031027, 0.41295427239279087, 352.6012529411184,  47.03306909953191, 306806.2536469094,      0.0, 306806.2536469094,   1.0
 -0.10649559886272167,  0.29999939999999997, -9.244699029476093,  60.6467952398282, 31.137219038031027, 0.41295427239279087, 352.6012529411184,  47.03306909953191,248496.62780440037,      0.0,248496.62780440037,   1.0
 -0.10649559886272167, -0.10649422897669071, -8.244699029476093,  60.6467952398282, 31.137219038031027, 0.41295427239279087, 352.6012529411184,  47.03306909953191,353581.34119494836,      0.0,353581.34119494836,   1.0
 -0.10649559886272167, -0.10649422897669071, -9.244699029476093,  61.6467952398282, 31.137219038031027, 0.41295427239279087, 352.6012529411184,  47.03306909953191, 353771.9657823052,      0.0, 353771.9657823052,   1.0
 -0.10649559886272167, -0.10649422897669071, -9.244699029476093,  60.6467952398282,  32.13721903803103, 0.41295427239279087, 352.6012529411184,  47.03306909953191, 353911.1225897339,      0.0, 353911.1225897339,   1.0
 -0.10649559886272167, -0.10649422897669071, -9.244699029476093,  60.6467952398282, 31.137219038031027, 0.02000057999999999, 352.6012529411184,  47.03306909953191,277690.02004988235,      0.0,277690.02004988235,   1.0
 -0.10649559886272167, -0.10649422897669071, -9.244699029476093,  60.6467952398282, 31.137219038031027, 0.41295427239279087, 353.6012529411184,  47.03306909953191, 353817.6728927518,      0.0, 353817.6728927518,   1.0
 -0.10649559886272167, -0.10649422897669071, -9.244699029476093,  60.6467952398282, 31.137219038031027, 0.41295427239279087, 352.6012529411184,  48.03306909953191,  353769.305576626,      0.0,  353769.305576626,   1.0
 -0.10648433861483227, -0.10648335747992256, -9.244166597033246,60.646592243739946, 31.135762448812255, 0.41293728309504785,   352.59970677531, 47.032303716324414, 353761.8814612381,      0.0, 353761.8814612381,   1.0
  0.29999939999999997, -0.10648335747992256, -9.244166597033246,60.646592243739946, 31.135762448812255, 0.41293728309504785,   352.59970677531, 47.032303716324414,306806.10747544206,      0.0,306806.10747544206,   1.0
 -0.10648433861483227,  0.29999939999999997, -9.244166597033246,60.646592243739946, 31.135762448812255, 0.41293728309504785,   352.59970677531, 47.032303716324414,248495.84479352363,      0.0,248495.84479352363,   1.0
 -0.10648433861483227, -0.10648335747992256, -8.244166597033246,60.646592243739946, 31.135762448812255, 0.41293728309504785,   352.59970677531, 47.032303716324414,  353580.970847714,      0.0,  353580.970847714,   1.0
 -0.10648433861483227, -0.10648335747992256, -9.244166597033246,61.646592243739946, 31.135762448812255, 0.41293728309504785,   352.59970677531, 47.032303716324414,353772.49742273526,      0.0,353772.49742273526,   1.0
 -0.10648433861483227, -0.10648335747992256, -9.244166597033246,60.646592243739946,  32.13576244881226, 0.41293728309504785,   352.59970677531, 47.032303716324414,353910.66891208227,      0.0,353910.66891208227,   1.0
 -0.10648433861483227, -0.10648335747992256, -9.244166597033246,60.646592243739946, 31.135762448812255, 0.02000057999999999,   352.59970677531, 47.032303716324414, 277692.1196970699,      0.0, 277692.1196970699,   1.0
 -0.10648433861483227, -0.10648335747992256, -9.244166597033246,60.646592243739946, 31.135762448812255, 0.41293728309504785,   353.59970677531, 47.032303716324414, 353816.3909355443,      0.0, 353816.3909355443,   1.0
 -0.10648433861483227, -0.10648335747992256, -9.244166597033246,60.646592243739946, 31.135762448812255, 0.41293728309504785,   352.59970677531, 48.032303716324414, 353769.2702699905,      0.0, 353769.2702699905,   1.0
 -0.10648190506714574, -0.10648100794853842,  -9.24405152854166,  60.6465483725334, 31.135447652960654, 0.41293361139380075, 352.5993726203018,  47.03213830286707, 353762.2037595301,      0.0, 353762.2037595301,   1.0
  0.29999939999999997, -0.10648100794853842,  -9.24405152854166,  60.6465483725334, 31.135447652960654, 0.41293361139380075, 352.5993726203018,  47.03213830286707, 306807.0595727717,      0.0, 306807.0595727717,   1.0
 -0.10648190506714574,  0.29999939999999997,  -9.24405152854166,  60.6465483725334, 31.135447652960654, 0.41293361139380075, 352.5993726203018,  47.03213830286707, 248495.2472252245,      0.0, 248495.2472252245,   1.0
 -0.10648190506714574, -0.10648100794853842,  -8.24405152854166,  60.6465483725334, 31.135447652960654, 0.41293361139380075, 352.5993726203018,  47.03213830286707, 353580.9456043812,      0.0, 353580.9456043812,   1.0
 -0.10648190506714574, -0.10648100794853842,  -9.24405152854166,  61.6465483725334, 31.135447652960654, 0.41293361139380075, 352.5993726203018,  47.03213830286707, 353772.6258520767,      0.0, 353772.6258520767,   1.0
 -0.10648190506714574, -0.10648100794853842,  -9.24405152854166,  60.6465483725334,  32.13544765296065, 0.41293361139380075, 352.5993726203018,  47.03213830286707,353910.86403843155,      0.0,353910.86403843155,   1.0
 -0.10648190506714574, -0.10648100794853842,  -9.24405152854166,  60.6465483725334, 31.135447652960654, 0.02000057999999999, 352.5993726203018,  47.03213830286707, 277692.2626999975,      0.0, 277692.2626999975,   1.0
 -0.10648190506714574, -0.10648100794853842,  -9.24405152854166,  60.6465483725334, 31.135447652960654, 0.41293361139380075, 353.5993726203018,  47.03213830286707,353816.39347387664,      0.0,353816.39347387664,   1.0
 -0.10648190506714574, -0.10648100794853842,  -9.24405152854166,  60.6465483725334, 31.135447652960654, 0.41293361139380075, 352.5993726203018,  48.03213830286707, 353769.2567136136,      0.0, 353769.2567136136,   1.0
 -0.10648351120861885, -0.10648255863925196, -9.244127473746106, 60.64657732752972,  31.13565541822271,  0.4129360347166238,352.59959316260716,  47.03224747574892, 353761.8759422263,      0.0, 353761.8759422263,   1.0
   0.2999993999999999, -0.10648255863925196, -9.244127473746106, 60.64657732752972,  31.13565541822271,  0.4129360347166238,352.59959316260716,  47.03224747574892,  306806.110619586,      0.0,  306806.110619586,   1.0
 -0.10648351120861885,            0.2999994, -9.244127473746106, 60.64657732752972,  31.13565541822271,  0.4129360347166238,352.59959316260716,  47.03224747574892, 248495.7871487394,      0.0, 248495.7871487394,   1.0
 -0.10648351120861885, -0.10648255863925196, -8.244127473746106, 60.64657732752972,  31.13565541822271,  0.4129360347166238,352.59959316260716,  47.03224747574892,353580.96768419555,      0.0,353580.96768419555,   1.0
 -0.10648351120861885, -0.10648255863925196, -9.244127473746106, 61.64657732752972,  31.13565541822271,  0.4129360347166238,352.59959316260716,  47.03224747574892,353772.58738966234,      0.0,353772.58738966234,   1.0
 -0.10648351120861885, -0.10648255863925196, -9.244127473746106, 60.64657732752972,  32.13565541822271,  0.4129360347166238,352.59959316260716,  47.03224747574892, 353910.6952035441,      0.0, 353910.6952035441,   1.0
 -0.10648351120861885, -0.10648255863925196, -9.244127473746106, 60.64657732752972,  31.13565541822271, 0.02000057999999999,352.59959316260716,  47.03224747574892, 277692.2255734838,      0.0, 277692.2255734838,   1.0
 -0.10648351120861885, -0.10648255863925196, -9.244127473746106, 60.64657732752972,  31.13565541822271,  0.4129360347166238,353.59959316260716,  47.03224747574892,353816.39347387664,      0.0,353816.39347387664,   1.0
 -0.10648351120861885, -0.10648255863925196, -9.244127473746106, 60.64657732752972,  31.13565541822271,  0.4129360347166238,352.59959316260716,  48.03224747574892, 353769.2574467482,      0.0, 353769.2574467482,   1.0
 -0.10648214890522172, -0.10648124336829837, -9.244063058243645, 60.64655276836696, 31.135479195064885, 0.41293397929313247, 352.5994061021664, 47.032154877064244, 353762.2037595301,      0.0, 353762.2037595301,   1.0
  0.29999939999999997, -0.10648124336829837, -9.244063058243645, 60.64655276836696, 31.135479195064885, 0.41293397929313247, 352.5994061021664, 47.032154877064244, 306807.0595727717,      0.0, 306807.0595727717,   1.0
 -0.10648214890522172,            0.2999994, -9.244063058243645, 60.64655276836696, 31.135479195064885, 0.41293397929313247, 352.5994061021664, 47.032154877064244, 248495.2472252245,      0.0, 248495.2472252245,   1.0
 -0.10648214890522172, -0.10648124336829837, -8.244063058243645, 60.64655276836696, 31.135479195064885, 0.41293397929313247, 352.5994061021664, 47.032154877064244,353580.96772225364,      0.0,353580.96772225364,   1.0
 -0.10648214890522172, -0.10648124336829837, -9.244063058243645, 61.64655276836696, 31.135479195064885, 0.41293397929313247, 352.5994061021664, 47.032154877064244, 353772.6149610146,      0.0, 353772.6149610146,   1.0
 -0.10648214890522172, -0.10648124336829837, -9.244063058243645, 60.64655276836696,  32.13547919506489, 0.41293397929313247, 352.5994061021664, 47.032154877064244,353910.86403843155,      0.0,353910.86403843155,   1.0
 -0.10648214890522172, -0.10648124336829837, -9.244063058243645, 60.64655276836696, 31.135479195064885, 0.02000057999999999, 352.5994061021664, 47.032154877064244, 277692.2626999975,      0.0, 277692.2626999975,   1.0
 -0.10648214890522172, -0.10648124336829837, -9.244063058243645, 60.64655276836696, 31.135479195064885, 0.41293397929313247, 353.5994061021664, 47.032154877064244,353816.39347387664,      0.0,353816.39347387664,   1.0
 -0.10648214890522172, -0.10648124336829837, -9.244063058243645, 60.64655276836696, 31.135479195064885, 0.41293397929313247, 352.5994061021664, 48.032154877064244, 353769.2567136136,      0.0, 353769.2567136136,   1.0
 -0.10648304802546382, -0.10648211144712773,  -9.24410557247527, 60.64656897741438, 31.135595502349048, 0.41293533587263676,352.59952956205734,  47.03221599219613,353761.86205630674,      0.0,353761.86205630674,   1.0
  0.29999939999999997, -0.10648211144712773,  -9.24410557247527, 60.64656897741438, 31.135595502349048, 0.41293533587263676,352.59952956205734,  47.03221599219613,306807.24426151137,      0.0,306807.24426151137,   1.0
 -0.10648304802546382,  0.29999939999999997,  -9.24410557247527, 60.64656897741438, 31.135595502349048, 0.41293533587263676,352.59952956205734,  47.03221599219613,248495.78858415066,      0.0,248495.78858415066,   1.0
 -0.10648304802546382, -0.10648211144712773,  -8.24410557247527, 60.64656897741438, 31.135595502349048, 0.41293533587263676,352.59952956205734,  47.03221599219613,353580.96768419555,      0.0,353580.96768419555,   1.0
 -0.10648304802546382, -0.10648211144712773,  -9.24410557247527, 61.64656897741438, 31.135595502349048, 0.41293533587263676,352.59952956205734,  47.03221599219613, 353772.5851676226,      0.0, 353772.5851676226,   1.0
 -0.10648304802546382, -0.10648211144712773,  -9.24410557247527, 60.64656897741438,  32.13559550234905, 0.41293533587263676,352.59952956205734,  47.03221599219613, 353910.6799990557,      0.0, 353910.6799990557,   1.0
 -0.10648304802546382, -0.10648211144712773,  -9.24410557247527, 60.64656897741438, 31.135595502349048, 0.02000057999999999,352.59952956205734,  47.03221599219613, 277692.2255734838,      0.0, 277692.2255734838,   1.0
 -0.10648304802546382, -0.10648211144712773,  -9.24410557247527, 60.64656897741438, 31.135595502349048, 0.41293533587263676,353.59952956205734,  47.03221599219613,353816.39347387664,      0.0,353816.39347387664,   1.0
 -0.10648304802546382, -0.10648211144712773,  -9.24410557247527, 60.64656897741438, 31.135595502349048, 0.41293533587263676,352.59952956205734,  48.03221599219613, 353769.2574467482,      0.0, 353769.2574467482,   1.0
 -0.10648225925237877, -0.10648134990580739, -9.244068275926859,60.646554757669634, 31.135493469215938,  0.4129341457833132,352.59942125414204,  47.03216237759725, 353762.1615861135,      0.0, 353762.1615861135,   1.0
  0.29999939999999997, -0.10648134990580739, -9.244068275926859,60.646554757669634, 31.135493469215938,  0.4129341457833132,352.59942125414204,  47.03216237759725, 306807.0600994872,      0.0, 306807.0600994872,   1.0
 -0.10648225925237877,  0.29999939999999997, -9.244068275926859,60.646554757669634, 31.135493469215938,  0.4129341457833132,352.59942125414204,  47.03216237759725,248495.23124116537,      0.0,248495.23124116537,   1.0
 -0.10648225925237877, -0.10648134990580739, -8.244068275926859,60.646554757669634, 31.135493469215938,  0.4129341457833132,352.59942125414204,  47.03216237759725,353580.96768419555,      0.0,353580.96768419555,   1.0
 -0.10648225925237877, -0.10648134990580739, -9.244068275926859,61.646554757669634, 31.135493469215938,  0.4129341457833132,352.59942125414204,  47.03216237759725,353772.61638512876,      0.0,353772.61638512876,   1.0
 -0.10648225925237877, -0.10648134990580739, -9.244068275926859,60.646554757669634,  32.13549346921594,  0.4129341457833132,352.59942125414204,  47.03216237759725, 353910.8240760965,      0.0, 353910.8240760965,   1.0
 -0.10648225925237877, -0.10648134990580739, -9.244068275926859,60.646554757669634, 31.135493469215938, 0.02000057999999999,352.59942125414204,  47.03216237759725, 277692.2432047893,      0.0, 277692.2432047893,   1.0
 -0.10648225925237877, -0.10648134990580739, -9.244068275926859,60.646554757669634, 31.135493469215938,  0.4129341457833132,353.59942125414204,  47.03216237759725,353816.39347387664,      0.0,353816.39347387664,   1.0
 -0.10648225925237877, -0.10648134990580739, -9.244068275926859,60.646554757669634, 31.135493469215938,  0.4129341457833132,352.59942125414204,  48.03216237759725, 353769.2574467482,      0.0, 353769.2574467482,   1.0
 -0.10648216241678958, -0.10648125641339008, -9.244063697128079,60.646553011949116,  31.13548094287757,   0.412933999679189, 352.5994079574652, 47.032155795474495, 353762.2037595301,      0.0, 353762.2037595301,   1.0
  0.29999939999999997, -0.10648125641339008, -9.244063697128079,60.646553011949116,  31.13548094287757,   0.412933999679189, 352.5994079574652, 47.032155795474495, 306807.0595727717,      0.0, 306807.0595727717,   1.0
 -0.10648216241678958,  0.29999939999999997, -9.244063697128079,60.646553011949116,  31.13548094287757,   0.412933999679189, 352.5994079574652, 47.032155795474495, 248495.2472252245,      0.0, 248495.2472252245,   1.0
 -0.10648216241678958, -0.10648125641339008, -8.244063697128079,60.646553011949116,  31.13548094287757,   0.412933999679189, 352.5994079574652, 47.032155795474495,353580.96772225364,      0.0,353580.96772225364,   1.0
 -0.10648216241678958, -0.10648125641339008, -9.244063697128079,61.646553011949116,  31.13548094287757,   0.412933999679189, 352.5994079574652, 47.032155795474495, 353772.6149610146,      0.0, 353772.6149610146,   1.0
 -0.10648216241678958, -0.10648125641339008, -9.244063697128079,60.646553011949116,  32.13548094287757,   0.412933999679189, 352.5994079574652, 47.032155795474495,353910.86403843155,      0.0,353910.86403843155,   1.0
 -0.10648216241678958, -0.10648125641339008, -9.244063697128079,60.646553011949116,  31.13548094287757, 0.02000057999999999, 352.5994079574652, 47.032155795474495, 277692.2626999975,      0.0, 277692.2626999975,   1.0
 -0.10648216241678958, -0.10648125641339008, -9.244063697128079,60.646553011949116,  31.13548094287757,   0.412933999679189, 353.5994079574652, 47.032155795474495,353816.39347387664,      0.0,353816.39347387664,   1.0
 -0.10648216241678958, -0.10648125641339008, -9.244063697128079,60.646553011949116,  31.13548094287757,   0.412933999679189, 352.5994079574652, 48.032155795474495, 353769.2567136136,      0.0, 353769.2567136136,   1.0
 -0.10648222632827845,  -0.1064813181183855, -9.244066719135272, 60.64655416412466, 31.135489210260893,   0.412934096107911, 352.5994167332719,  47.03216013967552, 353762.1615861135,      0.0, 353762.1615861135,   1.0
            0.2999994,  -0.1064813181183855, -9.244066719135272, 60.64655416412466, 31.135489210260893,   0.412934096107911, 352.5994167332719,  47.03216013967552,306807.05931723176,      0.0,306807.05931723176,   1.0
 -0.10648222632827845,  0.29999939999999997, -9.244066719135272, 60.64655416412466, 31.135489210260893,   0.412934096107911, 352.5994167332719,  47.03216013967552,248495.23124116537,      0.0,248495.23124116537,   1.0
 -0.10648222632827845,  -0.1064813181183855, -8.244066719135272, 60.64655416412466, 31.135489210260893,   0.412934096107911, 352.5994167332719,  47.03216013967552,353580.96768419555,      0.0,353580.96768419555,   1.0
 -0.10648222632827845,  -0.1064813181183855, -9.244066719135272, 61.64655416412466, 31.135489210260893,   0.412934096107911, 352.5994167332719,  47.03216013967552,353772.61638512876,      0.0,353772.61638512876,   1.0
 -0.10648222632827845,  -0.1064813181183855, -9.244066719135272, 60.64655416412466,  32.13548921026089,   0.412934096107911, 352.5994167332719,  47.03216013967552, 353910.8240760965,      0.0, 353910.8240760965,   1.0
 -0.10648222632827845,  -0.1064813181183855, -9.244066719135272, 60.64655416412466, 31.135489210260893, 0.02000057999999999, 352.5994167332719,  47.03216013967552, 277692.2432047893,      0.0, 277692.2432047893,   1.0
 -0.10648222632827845,  -0.1064813181183855, -9.244066719135272, 60.64655416412466, 31.135489210260893,   0.412934096107911, 353.5994167332719,  47.03216013967552,353816.39347387664,      0.0,353816.39347387664,   1.0
 -0.10648222632827845,  -0.1064813181183855, -9.244066719135272, 60.64655416412466, 31.135489210260893,   0.412934096107911, 352.5994167332719,  48.03216013967552, 353769.2574467482,      0.0, 353769.2574467482,   1.0
 -0.10648216241678958, -0.10648125641339008, -9.244063697128079,60.646553011949116,  31.13548094287757,   0.412933999679189, 352.5994079574652, 47.032155795474495, 353762.2037595301,      0.0, 353762.2037595301,   1.0
  0.29999939999999997, -0.10648125641339008, -9.244063697128079,60.646553011949116,  31.13548094287757,   0.412933999679189, 352.5994079574652, 47.032155795474495, 306807.0595727717,      0.0, 306807.0595727717,   1.0
 -0.10648216241678958,  0.29999939999999997, -9.244063697128079,60.646553011949116,  31.13548094287757,   0.412933999679189, 352.5994079574652, 47.032155795474495, 248495.2472252245,      0.0, 248495.2472252245,   1.0
 -0.10648216241678958, -0.10648125641339008, -8.244063697128079,60.646553011949116,  31.13548094287757,   0.412933999679189, 352.5994079574652, 47.032155795474495,353580.96772225364,      0.0,353580.96772225364,   1.0
 -0.10648216241678958, -0.10648125641339008, -9.244063697128079,61.646553011949116,  31.13548094287757,   0.412933999679189, 352.5994079574652, 47.032155795474495, 353772.6149610146,      0.0, 353772.6149610146,   1.0
 -0.10648216241678958, -0.10648125641339008, -9.244063697128079,60.646553011949116,  32.13548094287757,   0.412933999679189, 352.5994079574652, 47.032155795474495,353910.86403843155,      0.0,353910.86403843155,   1.0
 -0.10648216241678958, -0.10648125641339008, -9.244063697128079,60.646553011949116,  31.13548094287757, 0.02000057999999999, 352.5994079574652, 47.032155795474495, 277692.2626999975,      0.0, 277692.2626999975,   1.0
 -0.10648216241678958, -0.10648125641339008, -9.244063697128079,60.646553011949116,  31.13548094287757,   0.412933999679189, 353.5994079574652, 47.032155795474495,353816.39347387664,      0.0,353816.39347387664,   1.0
 -0.10648216241678958, -0.10648125641339008, -9.244063697128079,60.646553011949116,  31.13548094287757,   0.412933999679189, 352.5994079574652, 48.032155795474495, 353769.2567136136,      0.0, 353769.2567136136,   1.0
 -0.23555244840403028, -0.29999939999999997, -5.281269327705756, 59.13412383315161,  20.29266898280499,          0.59999942,341.08815953208546,  41.33310878767814, 285213.7765589338,      0.0, 285213.7765589338,   1.0
  0.29999939999999997, -0.29999939999999997, -5.281269327705756, 59.13412383315161,  20.29266898280499,          0.59999942,341.08815953208546,  41.33310878767814,323142.92940146435,      0.0,323142.92940146435,   1.0
 -0.23555244840403028,  0.29999939999999997, -5.281269327705756, 59.13412383315161,  20.29266898280499,          0.59999942,341.08815953208546,  41.33310878767814,258222.95704601446,      0.0,258222.95704601446,   1.0
 -0.23555244840403028, -0.29999939999999997, -4.281269327705756, 59.13412383315161,  20.29266898280499,          0.59999942,341.08815953208546,  41.33310878767814,284198.57419081527,      0.0,284198.57419081527,   1.0
 -0.23555244840403028, -0.29999939999999997, -5.281269327705756, 60.13412383315161,  20.29266898280499,          0.59999942,341.08815953208546,  41.33310878767814,285228.23036069225,      0.0,285228.23036069225,   1.0
 -0.23555244840403028, -0.29999939999999997, -5.281269327705756, 59.13412383315161,  21.29266898280499,          0.59999942,341.08815953208546,  41.33310878767814, 284686.6334006104,      0.0, 284686.6334006104,   1.0
 -0.23555244840403028, -0.29999939999999997, -5.281269327705756, 59.13412383315161,  20.29266898280499,0.020000580000000046,341.08815953208546,  41.33310878767814, 201525.5891625463,      0.0, 201525.5891625463,   1.0
 -0.23555244840403028, -0.29999939999999997, -5.281269327705756, 59.13412383315161,  20.29266898280499,          0.59999942,342.08815953208546,  41.33310878767814,285162.14831350057,      0.0,285162.14831350057,   1.0
 -0.23555244840403028, -0.29999939999999997, -5.281269327705756, 59.13412383315161,  20.29266898280499,          0.59999942,341.08815953208546,  42.33310878767814,286657.82154838054,      0.0,286657.82154838054,   1.0
 -0.12352259033744489, -0.13203037449198984,  -8.72087812191989, 60.44687544705287, 29.703965127679787, 0.43763120079749274, 351.0796422145673,  46.27974249593024, 346843.9800313213,      0.0, 346843.9800313213,   1.0
  0.29999939999999997, -0.13203037449198984,  -8.72087812191989, 60.44687544705287, 29.703965127679787, 0.43763120079749274, 351.0796422145673,  46.27974249593024,318509.81795007526,      0.0,318509.81795007526,   1.0
 -0.12352259033744489,  0.29999939999999997,  -8.72087812191989, 60.44687544705287, 29.703965127679787, 0.43763120079749274, 351.0796422145673,  46.27974249593024,251002.06738950618,      0.0,251002.06738950618,   1.0
 -0.12352259033744489, -0.13203037449198984,  -7.72087812191989, 60.44687544705287, 29.703965127679787, 0.43763120079749274, 351.0796422145673,  46.27974249593024,  346370.836604358,      0.0,  346370.836604358,   1.0
 -0.12352259033744489, -0.13203037449198984,  -8.72087812191989, 61.44687544705287, 29.703965127679787, 0.43763120079749274, 351.0796422145673,  46.27974249593024,  346885.769420185,      0.0,  346885.769420185,   1.0
 -0.12352259033744489, -0.13203037449198984,  -8.72087812191989, 60.44687544705287, 30.703965127679787, 0.43763120079749274, 351.0796422145673,  46.27974249593024, 346805.0812948189,      0.0, 346805.0812948189,   1.0
 -0.12352259033744489, -0.13203037449198984,  -8.72087812191989, 60.44687544705287, 29.703965127679787, 0.02000057999999999, 351.0796422145673,  46.27974249593024, 268704.0211666059,      0.0, 268704.0211666059,   1.0
 -0.12352259033744489, -0.13203037449198984,  -8.72087812191989, 60.44687544705287, 29.703965127679787, 0.43763120079749274, 352.0796422145673,  46.27974249593024,346924.31713343516,      0.0,346924.31713343516,   1.0
 -0.12352259033744489, -0.13203037449198984,  -8.72087812191989, 60.44687544705287, 29.703965127679787, 0.43763120079749274, 351.0796422145673,  47.27974249593024,347040.87186525855,      0.0,347040.87186525855,   1.0
 -0.10867646361772973, -0.10977122429118485, -9.176692927958467, 60.62084046984086, 30.951144206319107, 0.41611426594515905, 352.4037072502813,  46.93526730097888, 352959.4867318711,      0.0, 352959.4867318711,   1.0
   0.2999993999999999, -0.10977122429118485, -9.176692927958467, 60.62084046984086, 30.951144206319107, 0.41611426594515905, 352.4037072502813,  46.93526730097888, 308668.4158317168,      0.0, 308668.4158317168,   1.0
 -0.10867646361772973,  0.29999939999999997, -9.176692927958467, 60.62084046984086, 30.951144206319107, 0.41611426594515905, 352.4037072502813,  46.93526730097888, 248836.7707159624,      0.0, 248836.7707159624,   1.0
 -0.10867646361772973, -0.10977122429118485, -8.176692927958467, 60.62084046984086, 30.951144206319107, 0.41611426594515905, 352.4037072502813,  46.93526730097888, 352718.1500761156,      0.0, 352718.1500761156,   1.0
 -0.10867646361772973, -0.10977122429118485, -9.176692927958467, 61.62084046984086, 30.951144206319107, 0.41611426594515905, 352.4037072502813,  46.93526730097888, 353076.3597189458,      0.0, 353076.3597189458,   1.0
 -0.10867646361772973, -0.10977122429118485, -9.176692927958467, 60.62084046984086, 31.951144206319107, 0.41611426594515905, 352.4037072502813,  46.93526730097888,353071.84766128444,      0.0,353071.84766128444,   1.0
 -0.10867646361772973, -0.10977122429118485, -9.176692927958467, 60.62084046984086, 30.951144206319107, 0.02000057999999999, 352.4037072502813,  46.93526730097888, 276427.5942131137,      0.0, 276427.5942131137,   1.0
 -0.10867646361772973, -0.10977122429118485, -9.176692927958467, 60.62084046984086, 30.951144206319107, 0.41611426594515905, 353.4037072502813,  46.93526730097888, 353024.7122044915,      0.0, 353024.7122044915,   1.0
 -0.10867646361772973, -0.10977122429118485, -9.176692927958467, 60.62084046984086, 30.951144206319107, 0.41611426594515905, 352.4037072502813,  47.93526730097888, 352999.3362020265,      0.0, 352999.3362020265,   1.0
 -0.10676743013200282, -0.10690896507035175, -9.235305234349614,  60.6432102811807, 31.111516448101117,  0.4133474466987113,352.57396610218115,  47.01955991326681, 353695.3855713713,      0.0, 353695.3855713713,   1.0
   0.2999993999999999, -0.10690896507035175, -9.235305234349614,  60.6432102811807, 31.111516448101117,  0.4133474466987113,352.57396610218115,  47.01955991326681,307069.91068535345,      0.0,307069.91068535345,   1.0
 -0.10676743013200282,  0.29999939999999997, -9.235305234349614,  60.6432102811807, 31.111516448101117,  0.4133474466987113,352.57396610218115,  47.01955991326681, 248482.3023927595,      0.0, 248482.3023927595,   1.0
 -0.10676743013200282, -0.10690896507035175, -8.235305234349614,  60.6432102811807, 31.111516448101117,  0.4133474466987113,352.57396610218115,  47.01955991326681,  353482.671752623,      0.0,  353482.671752623,   1.0
 -0.10676743013200282, -0.10690896507035175, -9.235305234349614,  61.6432102811807, 31.111516448101117,  0.4133474466987113,352.57396610218115,  47.01955991326681,353657.41791615786,      0.0,353657.41791615786,   1.0
 -0.10676743013200282, -0.10690896507035175, -9.235305234349614,  60.6432102811807,  32.11151644810111,  0.4133474466987113,352.57396610218115,  47.01955991326681,353878.73958067497,      0.0,353878.73958067497,   1.0
 -0.10676743013200282, -0.10690896507035175, -9.235305234349614,  60.6432102811807, 31.111516448101117, 0.02000057999999999,352.57396610218115,  47.01955991326681,277733.28934702766,      0.0,277733.28934702766,   1.0
 -0.10676743013200282, -0.10690896507035175, -9.235305234349614,  60.6432102811807, 31.111516448101117,  0.4133474466987113,353.57396610218115,  47.01955991326681, 353747.7800711047,      0.0, 353747.7800711047,   1.0
 -0.10676743013200282, -0.10690896507035175, -9.235305234349614,  60.6432102811807, 31.111516448101117,  0.4133474466987113,352.57396610218115,  48.01955991326681, 353701.9088368309,      0.0, 353701.9088368309,   1.0
  -0.1065250141615288,  -0.1065455050514709, -9.242748036815764, 60.64605088065987,  31.13188109488146,  0.4129961059926585,352.59558618644036, 47.030263693773726,  353756.427589998,      0.0,  353756.427589998,   1.0
  0.29999939999999997,  -0.1065455050514709, -9.242748036815764, 60.64605088065987,  31.13188109488146,  0.4129961059926585,352.59558618644036, 47.030263693773726, 306816.6802251619,      0.0, 306816.6802251619,   1.0
  -0.1065250141615288,            0.2999994, -9.242748036815764, 60.64605088065987,  31.13188109488146,  0.4129961059926585,352.59558618644036, 47.030263693773726, 248489.0076790431,      0.0, 248489.0076790431,   1.0
  -0.1065250141615288,  -0.1065455050514709, -8.242748036815764, 60.64605088065987,  31.13188109488146,  0.4129961059926585,352.59558618644036, 47.030263693773726, 353568.2723403718,      0.0, 353568.2723403718,   1.0
  -0.1065250141615288,  -0.1065455050514709, -9.242748036815764, 61.64605088065987,  31.13188109488146,  0.4129961059926585,352.59558618644036, 47.030263693773726, 353754.9402547041,      0.0, 353754.9402547041,   1.0
  -0.1065250141615288,  -0.1065455050514709, -9.242748036815764, 60.64605088065987, 32.131881094881464,  0.4129961059926585,352.59558618644036, 47.030263693773726, 353916.8621576787,      0.0, 353916.8621576787,   1.0
  -0.1065250141615288,  -0.1065455050514709, -9.242748036815764, 60.64605088065987,  31.13188109488146, 0.02000057999999999,352.59558618644036, 47.030263693773726, 277693.1866139744,      0.0, 277693.1866139744,   1.0
  -0.1065250141615288,  -0.1065455050514709, -9.242748036815764, 60.64605088065987,  31.13188109488146,  0.4129961059926585,353.59558618644036, 47.030263693773726, 353809.9294671874,      0.0, 353809.9294671874,   1.0
  -0.1065250141615288,  -0.1065455050514709, -9.242748036815764, 60.64605088065987,  31.13188109488146,  0.4129961059926585,352.59558618644036, 48.030263693773726, 353762.5776140146,      0.0, 353762.5776140146,   1.0
 -0.10648948252474343, -0.10649223162500634, -9.243838950724511,60.646467235856065, 31.134866002316592,  0.4129446089302703, 352.5987551071169,  47.03183257902687, 353761.4680110179,      0.0, 353761.4680110179,   1.0
  0.29999939999999997, -0.10649223162500634, -9.243838950724511,60.646467235856065, 31.134866002316592,  0.4129446089302703, 352.5987551071169,  47.03183257902687, 306807.1978415751,      0.0, 306807.1978415751,   1.0
 -0.10648948252474343,            0.2999994, -9.243838950724511,60.646467235856065, 31.134866002316592,  0.4129446089302703, 352.5987551071169,  47.03183257902687,248494.06296220102,      0.0,248494.06296220102,   1.0
 -0.10648948252474343, -0.10649223162500634, -8.243838950724511,60.646467235856065, 31.134866002316592,  0.4129446089302703, 352.5987551071169,  47.03183257902687,353580.76066805713,      0.0,353580.76066805713,   1.0
 -0.10648948252474343, -0.10649223162500634, -9.243838950724511,61.646467235856065, 31.134866002316592,  0.4129446089302703, 352.5987551071169,  47.03183257902687,  353771.603334432,      0.0,  353771.603334432,   1.0
 -0.10648948252474343, -0.10649223162500634, -9.243838950724511,60.646467235856065,  32.13486600231659,  0.4129446089302703, 352.5987551071169,  47.03183257902687, 353909.9796888464,      0.0, 353909.9796888464,   1.0
 -0.10648948252474343, -0.10649223162500634, -9.243838950724511,60.646467235856065, 31.134866002316592, 0.02000057999999999, 352.5987551071169,  47.03183257902687,277692.60248312214,      0.0,277692.60248312214,   1.0
 -0.10648948252474343, -0.10649223162500634, -9.243838950724511,60.646467235856065, 31.134866002316592,  0.4129446089302703, 353.5987551071169,  47.03183257902687, 353816.4495411146,      0.0, 353816.4495411146,   1.0
 -0.10648948252474343, -0.10649223162500634, -9.243838950724511,60.646467235856065, 31.134866002316592,  0.4129446089302703, 352.5987551071169,  48.03183257902687, 353768.7569957086,      0.0, 353768.7569957086,   1.0
 -0.10648347577568153, -0.10648322556355264, -9.244023373585117, 60.64653762217683, 31.135370611491904,  0.4129359031694561,352.59929082438254,  47.03209780463636, 353761.9353553766,      0.0, 353761.9353553766,   1.0
  0.29999939999999997, -0.10648322556355264, -9.244023373585117, 60.64653762217683, 31.135370611491904,  0.4129359031694561,352.59929082438254,  47.03209780463636, 306806.1591918711,      0.0, 306806.1591918711,   1.0
 -0.10648347577568153,            0.2999994, -9.244023373585117, 60.64653762217683, 31.135370611491904,  0.4129359031694561,352.59929082438254,  47.03209780463636, 248494.3912064724,      0.0, 248494.3912064724,   1.0
 -0.10648347577568153, -0.10648322556355264, -8.244023373585117, 60.64653762217683, 31.135370611491904,  0.4129359031694561,352.59929082438254,  47.03209780463636,353581.00897029747,      0.0,353581.00897029747,   1.0
 -0.10648347577568153, -0.10648322556355264, -9.244023373585117, 61.64653762217683, 31.135370611491904,  0.4129359031694561,352.59929082438254,  47.03209780463636,353771.52955217025,      0.0,353771.52955217025,   1.0
 -0.10648347577568153, -0.10648322556355264, -9.244023373585117, 60.64653762217683,  32.13537061149191,  0.4129359031694561,352.59929082438254,  47.03209780463636,353910.51409296785,      0.0,353910.51409296785,   1.0
 -0.10648347577568153, -0.10648322556355264, -9.244023373585117, 60.64653762217683, 31.135370611491904, 0.02000057999999999,352.59929082438254,  47.03209780463636, 277692.2626999975,      0.0, 277692.2626999975,   1.0
 -0.10648347577568153, -0.10648322556355264, -9.244023373585117, 60.64653762217683, 31.135370611491904,  0.4129359031694561,353.59929082438254,  47.03209780463636, 353816.4039936184,      0.0, 353816.4039936184,   1.0
 -0.10648347577568153, -0.10648322556355264, -9.244023373585117, 60.64653762217683, 31.135370611491904,  0.4129359031694561,352.59929082438254,  48.03209780463636, 353769.3017415869,      0.0, 353769.3017415869,   1.0
  -0.1064823667717102, -0.10648156280757345, -9.244057422899099,60.646550617344175, 31.135463775626715, 0.41293429585687874, 352.5993897318896,  47.03214677226447, 353762.1117145176,      0.0, 353762.1117145176,   1.0
  0.29999939999999997, -0.10648156280757345, -9.244057422899099,60.646550617344175, 31.135463775626715, 0.41293429585687874, 352.5993897318896,  47.03214677226447, 306807.0390529731,      0.0, 306807.0390529731,   1.0
  -0.1064823667717102,   0.2999993999999999, -9.244057422899099,60.646550617344175, 31.135463775626715, 0.41293429585687874, 352.5993897318896,  47.03214677226447,248493.38332179913,      0.0,248493.38332179913,   1.0
  -0.1064823667717102, -0.10648156280757345, -8.244057422899099,60.646550617344175, 31.135463775626715, 0.41293429585687874, 352.5993897318896,  47.03214677226447,353580.96768419555,      0.0,353580.96768419555,   1.0
  -0.1064823667717102, -0.10648156280757345, -9.244057422899099,61.646550617344175, 31.135463775626715, 0.41293429585687874, 352.5993897318896,  47.03214677226447, 353772.6258520767,      0.0, 353772.6258520767,   1.0
  -0.1064823667717102, -0.10648156280757345, -9.244057422899099,60.646550617344175,  32.13546377562672, 0.41293429585687874, 352.5993897318896,  47.03214677226447,353910.66704414645,      0.0,353910.66704414645,   1.0
  -0.1064823667717102, -0.10648156280757345, -9.244057422899099,60.646550617344175, 31.135463775626715, 0.02000057999999999, 352.5993897318896,  47.03214677226447, 277692.2626999975,      0.0, 277692.2626999975,   1.0
  -0.1064823667717102, -0.10648156280757345, -9.244057422899099,60.646550617344175, 31.135463775626715, 0.41293429585687874, 353.5993897318896,  47.03214677226447,353816.39347387664,      0.0,353816.39347387664,   1.0
  -0.1064823667717102, -0.10648156280757345, -9.244057422899099,60.646550617344175, 31.135463775626715, 0.41293429585687874, 352.5993897318896,  48.03214677226447, 353769.2574467482,      0.0, 353769.2574467482,   1.0
 -0.10648218669812394, -0.10648129281897106, -9.244062951627793, 60.64655272742353,  31.13547890307468, 0.41293403487085206, 352.5994057919128,  47.03215472334186, 353762.1615861135,      0.0, 353762.1615861135,   1.0
  0.29999939999999997, -0.10648129281897106, -9.244062951627793, 60.64655272742353,  31.13547890307468, 0.41293403487085206, 352.5994057919128,  47.03215472334186,306807.05931723176,      0.0,306807.05931723176,   1.0
 -0.10648218669812394,  0.29999939999999997, -9.244062951627793, 60.64655272742353,  31.13547890307468, 0.41293403487085206, 352.5994057919128,  47.03215472334186,248495.23345625208,      0.0,248495.23345625208,   1.0
 -0.10648218669812394, -0.10648129281897106, -8.244062951627793, 60.64655272742353,  31.13547890307468, 0.41293403487085206, 352.5994057919128,  47.03215472334186,353580.96768419555,      0.0,353580.96768419555,   1.0
 -0.10648218669812394, -0.10648129281897106, -9.244062951627793, 61.64655272742353,  31.13547890307468, 0.41293403487085206, 352.5994057919128,  47.03215472334186, 353772.6149610146,      0.0, 353772.6149610146,   1.0
 -0.10648218669812394, -0.10648129281897106, -9.244062951627793, 60.64655272742353, 32.135478903074684, 0.41293403487085206, 352.5994057919128,  47.03215472334186, 353910.8240760965,      0.0, 353910.8240760965,   1.0
 -0.10648218669812394, -0.10648129281897106, -9.244062951627793, 60.64655272742353,  31.13547890307468, 0.02000057999999999, 352.5994057919128,  47.03215472334186, 277692.2626999975,      0.0, 277692.2626999975,   1.0
 -0.10648218669812394, -0.10648129281897106, -9.244062951627793, 60.64655272742353,  31.13547890307468, 0.41293403487085206, 353.5994057919128,  47.03215472334186,353816.39347387664,      0.0,353816.39347387664,   1.0
 -0.10648218669812394, -0.10648129281897106, -9.244062951627793, 60.64655272742353,  31.13547890307468, 0.41293403487085206, 352.5994057919128,  48.03215472334186, 353769.2574467482,      0.0, 353769.2574467482,   1.0
  -0.1064821637196986, -0.10648125836687249, -9.244063657125373, 60.64655299668179, 31.135480833424047,  0.4129340015675339, 352.5994078412641,  47.03215573794507, 353762.2037595301,      0.0, 353762.2037595301,   1.0
  0.29999939999999997, -0.10648125836687249, -9.244063657125373, 60.64655299668179, 31.135480833424047,  0.4129340015675339, 352.5994078412641,  47.03215573794507, 306807.0595727717,      0.0, 306807.0595727717,   1.0
  -0.1064821637196986,  0.29999939999999997, -9.244063657125373, 60.64655299668179, 31.135480833424047,  0.4129340015675339, 352.5994078412641,  47.03215573794507, 248495.2472252245,      0.0, 248495.2472252245,   1.0
  -0.1064821637196986, -0.10648125836687249, -8.244063657125373, 60.64655299668179, 31.135480833424047,  0.4129340015675339, 352.5994078412641,  47.03215573794507,353580.96772225364,      0.0,353580.96772225364,   1.0
  -0.1064821637196986, -0.10648125836687249, -9.244063657125373, 61.64655299668179, 31.135480833424047,  0.4129340015675339, 352.5994078412641,  47.03215573794507, 353772.6149610146,      0.0, 353772.6149610146,   1.0
  -0.1064821637196986, -0.10648125836687249, -9.244063657125373, 60.64655299668179,  32.13548083342405,  0.4129340015675339, 352.5994078412641,  47.03215573794507,353910.86403843155,      0.0,353910.86403843155,   1.0
  -0.1064821637196986, -0.10648125836687249, -9.244063657125373, 60.64655299668179, 31.135480833424047, 0.02000057999999999, 352.5994078412641,  47.03215573794507, 277692.2626999975,      0.0, 277692.2626999975,   1.0
  -0.1064821637196986, -0.10648125836687249, -9.244063657125373, 60.64655299668179, 31.135480833424047,  0.4129340015675339, 353.5994078412641,  47.03215573794507,353816.39347387664,      0.0,353816.39347387664,   1.0
  -0.1064821637196986, -0.10648125836687249, -9.244063657125373, 60.64655299668179, 31.135480833424047,  0.4129340015675339, 352.5994078412641,  48.03215573794507, 353769.2567136136,      0.0, 353769.2567136136,   1.0
 -0.10648216269175073, -0.10648125682564587, -9.244063688686055, 60.64655300872715,   31.1354809197789, 0.41293400007769837,352.59940793294254,  47.03215578333369, 353762.2037595301,      0.0, 353762.2037595301,   1.0
            0.2999994, -0.10648125682564587, -9.244063688686055, 60.64655300872715,   31.1354809197789, 0.41293400007769837,352.59940793294254,  47.03215578333369, 306807.0595727717,      0.0, 306807.0595727717,   1.0
 -0.10648216269175073,  0.29999939999999997, -9.244063688686055, 60.64655300872715,   31.1354809197789, 0.41293400007769837,352.59940793294254,  47.03215578333369, 248495.2472252245,      0.0, 248495.2472252245,   1.0
 -0.10648216269175073, -0.10648125682564587, -8.244063688686055, 60.64655300872715,   31.1354809197789, 0.41293400007769837,352.59940793294254,  47.03215578333369,353580.96772225364,      0.0,353580.96772225364,   1.0
 -0.10648216269175073, -0.10648125682564587, -9.244063688686055, 61.64655300872715,   31.1354809197789, 0.41293400007769837,352.59940793294254,  47.03215578333369, 353772.6149610146,      0.0, 353772.6149610146,   1.0
 -0.10648216269175073, -0.10648125682564587, -9.244063688686055, 60.64655300872715,   32.1354809197789, 0.41293400007769837,352.59940793294254,  47.03215578333369,353910.86403843155,      0.0,353910.86403843155,   1.0
 -0.10648216269175073, -0.10648125682564587, -9.244063688686055, 60.64655300872715,   31.1354809197789, 0.02000057999999999,352.59940793294254,  47.03215578333369, 277692.2626999975,      0.0, 277692.2626999975,   1.0
 -0.10648216269175073, -0.10648125682564587, -9.244063688686055, 60.64655300872715,   31.1354809197789, 0.41293400007769837,353.59940793294254,  47.03215578333369,353816.39347387664,      0.0,353816.39347387664,   1.0
 -0.10648216269175073, -0.10648125682564587, -9.244063688686055, 60.64655300872715,   31.1354809197789, 0.41293400007769837,352.59940793294254,  48.03215578333369, 353769.2567136136,      0.0, 353769.2567136136,   1.0
 -0.10648216247481637, -0.10648125650039103, -9.244063695346505, 60.64655301126916,  31.13548093800291, 0.41293399976328893,   352.59940795229,  47.03215579291234, 353762.2037595301,      0.0, 353762.2037595301,   1.0
            0.2999994, -0.10648125650039103, -9.244063695346505, 60.64655301126916,  31.13548093800291, 0.41293399976328893,   352.59940795229,  47.03215579291234, 306807.0595727717,      0.0, 306807.0595727717,   1.0
 -0.10648216247481637,  0.29999939999999997, -9.244063695346505, 60.64655301126916,  31.13548093800291, 0.41293399976328893,   352.59940795229,  47.03215579291234, 248495.2472252245,      0.0, 248495.2472252245,   1.0
 -0.10648216247481637, -0.10648125650039103, -8.244063695346505, 60.64655301126916,  31.13548093800291, 0.41293399976328893,   352.59940795229,  47.03215579291234,353580.96772225364,      0.0,353580.96772225364,   1.0
 -0.10648216247481637, -0.10648125650039103, -9.244063695346505, 61.64655301126916,  31.13548093800291, 0.41293399976328893,   352.59940795229,  47.03215579291234, 353772.6149610146,      0.0, 353772.6149610146,   1.0
 -0.10648216247481637, -0.10648125650039103, -9.244063695346505, 60.64655301126916, 32.135480938002914, 0.41293399976328893,   352.59940795229,  47.03215579291234,353910.86403843155,      0.0,353910.86403843155,   1.0
 -0.10648216247481637, -0.10648125650039103, -9.244063695346505, 60.64655301126916,  31.13548093800291, 0.02000057999999999,   352.59940795229,  47.03215579291234, 277692.2626999975,      0.0, 277692.2626999975,   1.0
 -0.10648216247481637, -0.10648125650039103, -9.244063695346505, 60.64655301126916,  31.13548093800291, 0.41293399976328893,   353.59940795229,  47.03215579291234,353816.39347387664,      0.0,353816.39347387664,   1.0
 -0.10648216247481637, -0.10648125650039103, -9.244063695346505, 60.64655301126916,  31.13548093800291, 0.41293399976328893,   352.59940795229,  48.03215579291234, 353769.2567136136,      0.0, 353769.2567136136,   1.0
 -0.10648216242903534, -0.10648125643175044, -9.244063696752102, 60.64655301180562,  31.13548094184884,  0.4129339996969371,352.59940795637306, 47.032155794933786, 353762.2037595301,      0.0, 353762.2037595301,   1.0
  0.29999939999999997, -0.10648125643175044, -9.244063696752102, 60.64655301180562,  31.13548094184884,  0.4129339996969371,352.59940795637306, 47.032155794933786, 306807.0595727717,      0.0, 306807.0595727717,   1.0
 -0.10648216242903534,  0.29999939999999997, -9.244063696752102, 60.64655301180562,  31.13548094184884,  0.4129339996969371,352.59940795637306, 47.032155794933786, 248495.2472252245,      0.0, 248495.2472252245,   1.0
 -0.10648216242903534, -0.10648125643175044, -8.244063696752102, 60.64655301180562,  31.13548094184884,  0.4129339996969371,352.59940795637306, 47.032155794933786,353580.96772225364,      0.0,353580.96772225364,   1.0
 -0.10648216242903534, -0.10648125643175044, -9.244063696752102, 61.64655301180562,  31.13548094184884,  0.4129339996969371,352.59940795637306, 47.032155794933786, 353772.6149610146,      0.0, 353772.6149610146,   1.0
 -0.10648216242903534, -0.10648125643175044, -9.244063696752102, 60.64655301180562,  32.13548094184884,  0.4129339996969371,352.59940795637306, 47.032155794933786,353910.86403843155,      0.0,353910.86403843155,   1.0
 -0.10648216242903534, -0.10648125643175044, -9.244063696752102, 60.64655301180562,  31.13548094184884, 0.02000057999999999,352.59940795637306, 47.032155794933786, 277692.2626999975,      0.0, 277692.2626999975,   1.0
 -0.10648216242903534, -0.10648125643175044, -9.244063696752102, 60.64655301180562,  31.13548094184884,  0.4129339996969371,353.59940795637306, 47.032155794933786,353816.39347387664,      0.0,353816.39347387664,   1.0
 -0.10648216242903534, -0.10648125643175044, -9.244063696752102, 60.64655301180562,  31.13548094184884,  0.4129339996969371,352.59940795637306, 48.032155794933786, 353769.2567136136,      0.0, 353769.2567136136,   1.0
 -0.10648216241937389, -0.10648125641726479, -9.244063697048734, 60.64655301191883,  31.13548094266047,  0.4129339996829345, 352.5994079572347,  47.03215579536039, 353762.2037595301,      0.0, 353762.2037595301,   1.0
   0.2999993999999999, -0.10648125641726479, -9.244063697048734, 60.64655301191883,  31.13548094266047,  0.4129339996829345, 352.5994079572347,  47.03215579536039, 306807.0595727717,      0.0, 306807.0595727717,   1.0
 -0.10648216241937389,  0.29999939999999997, -9.244063697048734, 60.64655301191883,  31.13548094266047,  0.4129339996829345, 352.5994079572347,  47.03215579536039, 248495.2472252245,      0.0, 248495.2472252245,   1.0
 -0.10648216241937389, -0.10648125641726479, -8.244063697048734, 60.64655301191883,  31.13548094266047,  0.4129339996829345, 352.5994079572347,  47.03215579536039,353580.96772225364,      0.0,353580.96772225364,   1.0
 -0.10648216241937389, -0.10648125641726479, -9.244063697048734, 61.64655301191883,  31.13548094266047,  0.4129339996829345, 352.5994079572347,  47.03215579536039, 353772.6149610146,      0.0, 353772.6149610146,   1.0
 -0.10648216241937389, -0.10648125641726479, -9.244063697048734, 60.64655301191883,  32.13548094266047,  0.4129339996829345, 352.5994079572347,  47.03215579536039,353910.86403843155,      0.0,353910.86403843155,   1.0
 -0.10648216241937389, -0.10648125641726479, -9.244063697048734, 60.64655301191883,  31.13548094266047, 0.02000057999999999, 352.5994079572347,  47.03215579536039, 277692.2626999975,      0.0, 277692.2626999975,   1.0
 -0.10648216241937389, -0.10648125641726479, -9.244063697048734, 60.64655301191883,  31.13548094266047,  0.4129339996829345, 353.5994079572347,  47.03215579536039,353816.39347387664,      0.0,353816.39347387664,   1.0
 -0.10648216241937389, -0.10648125641726479, -9.244063697048734, 60.64655301191883,  31.13548094266047,  0.4129339996829345, 352.5994079572347,  48.03215579536039, 353769.2567136136,      0.0, 353769.2567136136,   1.0
 -0.10648216241733496, -0.10648125641420778, -9.244063697111335, 60.64655301194273, 31.135480942831755,  0.4129339996799794,352.59940795741653, 47.032155795450414, 353762.2037595301,      0.0, 353762.2037595301,   1.0
   0.2999993999999999, -0.10648125641420778, -9.244063697111335, 60.64655301194273, 31.135480942831755,  0.4129339996799794,352.59940795741653, 47.032155795450414, 306807.0595727717,      0.0, 306807.0595727717,   1.0
 -0.10648216241733496,   0.2999993999999999, -9.244063697111335, 60.64655301194273, 31.135480942831755,  0.4129339996799794,352.59940795741653, 47.032155795450414, 248495.2472252245,      0.0, 248495.2472252245,   1.0
 -0.10648216241733496, -0.10648125641420778, -8.244063697111335, 60.64655301194273, 31.135480942831755,  0.4129339996799794,352.59940795741653, 47.032155795450414,353580.96772225364,      0.0,353580.96772225364,   1.0
 -0.10648216241733496, -0.10648125641420778, -9.244063697111335, 61.64655301194273, 31.135480942831755,  0.4129339996799794,352.59940795741653, 47.032155795450414, 353772.6149610146,      0.0, 353772.6149610146,   1.0
 -0.10648216241733496, -0.10648125641420778, -9.244063697111335, 60.64655301194273, 32.135480942831755,  0.4129339996799794,352.59940795741653, 47.032155795450414,353910.86403843155,      0.0,353910.86403843155,   1.0
 -0.10648216241733496, -0.10648125641420778, -9.244063697111335, 60.64655301194273, 31.135480942831755, 0.02000057999999999,352.59940795741653, 47.032155795450414, 277692.2626999975,      0.0, 277692.2626999975,   1.0
 -0.10648216241733496, -0.10648125641420778, -9.244063697111335, 60.64655301194273, 31.135480942831755,  0.4129339996799794,353.59940795741653, 47.032155795450414,353816.39347387664,      0.0,353816.39347387664,   1.0
 -0.10648216241733496, -0.10648125641420778, -9.244063697111335, 60.64655301194273, 31.135480942831755,  0.4129339996799794,352.59940795741653, 48.032155795450414, 353769.2567136136,      0.0, 353769.2567136136,   1.0
 -0.10648216241690468, -0.10648125641356265, -9.244063697124545,60.646553011947766,   31.1354809428679,  0.4129339996793558, 352.5994079574549, 47.032155795469414, 353762.2037595301,      0.0, 353762.2037595301,   1.0
  0.29999939999999997, -0.10648125641356265, -9.244063697124545,60.646553011947766,   31.1354809428679,  0.4129339996793558, 352.5994079574549, 47.032155795469414, 306807.0595727717,      0.0, 306807.0595727717,   1.0
 -0.10648216241690468,  0.29999939999999997, -9.244063697124545,60.646553011947766,   31.1354809428679,  0.4129339996793558, 352.5994079574549, 47.032155795469414, 248495.2472252245,      0.0, 248495.2472252245,   1.0
 -0.10648216241690468, -0.10648125641356265, -8.244063697124545,60.646553011947766,   31.1354809428679,  0.4129339996793558, 352.5994079574549, 47.032155795469414,353580.96772225364,      0.0,353580.96772225364,   1.0
 -0.10648216241690468, -0.10648125641356265, -9.244063697124545,61.646553011947766,   31.1354809428679,  0.4129339996793558, 352.5994079574549, 47.032155795469414, 353772.6149610146,      0.0, 353772.6149610146,   1.0
 -0.10648216241690468, -0.10648125641356265, -9.244063697124545,60.646553011947766,   32.1354809428679,  0.4129339996793558, 352.5994079574549, 47.032155795469414,353910.86403843155,      0.0,353910.86403843155,   1.0
 -0.10648216241690468, -0.10648125641356265, -9.244063697124545,60.646553011947766,   31.1354809428679, 0.02000057999999999, 352.5994079574549, 47.032155795469414, 277692.2626999975,      0.0, 277692.2626999975,   1.0
 -0.10648216241690468, -0.10648125641356265, -9.244063697124545,60.646553011947766,   31.1354809428679,  0.4129339996793558, 353.5994079574549, 47.032155795469414,353816.39347387664,      0.0,353816.39347387664,   1.0
 -0.10648216241690468, -0.10648125641356265, -9.244063697124545,60.646553011947766,   31.1354809428679,  0.4129339996793558, 352.5994079574549, 48.032155795469414, 353769.2567136136,      0.0, 353769.2567136136,   1.0
 -0.10648216241681385, -0.10648125641342648, -9.244063697127332, 60.64655301194883,  31.13548094287553,  0.4129339996792242,352.59940795746303,  47.03215579547342, 353762.2037595301,      0.0, 353762.2037595301,   1.0
  0.29999939999999997, -0.10648125641342648, -9.244063697127332, 60.64655301194883,  31.13548094287553,  0.4129339996792242,352.59940795746303,  47.03215579547342, 306807.0595727717,      0.0, 306807.0595727717,   1.0
 -0.10648216241681385,  0.29999939999999997, -9.244063697127332, 60.64655301194883,  31.13548094287553,  0.4129339996792242,352.59940795746303,  47.03215579547342, 248495.2472252245,      0.0, 248495.2472252245,   1.0
 -0.10648216241681385, -0.10648125641342648, -8.244063697127332, 60.64655301194883,  31.13548094287553,  0.4129339996792242,352.59940795746303,  47.03215579547342,353580.96772225364,      0.0,353580.96772225364,   1.0
 -0.10648216241681385, -0.10648125641342648, -9.244063697127332, 61.64655301194883,  31.13548094287553,  0.4129339996792242,352.59940795746303,  47.03215579547342, 353772.6149610146,      0.0, 353772.6149610146,   1.0
 -0.10648216241681385, -0.10648125641342648, -9.244063697127332, 60.64655301194883,  32.13548094287553,  0.4129339996792242,352.59940795746303,  47.03215579547342,353910.86403843155,      0.0,353910.86403843155,   1.0
 -0.10648216241681385, -0.10648125641342648, -9.244063697127332, 60.64655301194883,  31.13548094287553, 0.02000057999999999,352.59940795746303,  47.03215579547342, 277692.2626999975,      0.0, 277692.2626999975,   1.0
 -0.10648216241681385, -0.10648125641342648, -9.244063697127332, 60.64655301194883,  31.13548094287553,  0.4129339996792242,353.59940795746303,  47.03215579547342,353816.39347387664,      0.0,353816.39347387664,   1.0
 -0.10648216241681385, -0.10648125641342648, -9.244063697127332, 60.64655301194883,  31.13548094287553,  0.4129339996792242,352.59940795746303,  48.03215579547342, 353769.2567136136,      0.0, 353769.2567136136,   1.0
  -0.1064821624168738, -0.10648125641351636, -9.244063697125492, 60.64655301194813, 31.135480942870498, 0.41293399967931105, 352.5994079574577,  47.03215579547078, 353762.2037595301,      0.0, 353762.2037595301,   1.0
  0.29999939999999997, -0.10648125641351636, -9.244063697125492, 60.64655301194813, 31.135480942870498, 0.41293399967931105, 352.5994079574577,  47.03215579547078, 306807.0595727717,      0.0, 306807.0595727717,   1.0
  -0.1064821624168738,  0.29999939999999997, -9.244063697125492, 60.64655301194813, 31.135480942870498, 0.41293399967931105, 352.5994079574577,  47.03215579547078, 248495.2472252245,      0.0, 248495.2472252245,   1.0
  -0.1064821624168738, -0.10648125641351636, -8.244063697125492, 60.64655301194813, 31.135480942870498, 0.41293399967931105, 352.5994079574577,  47.03215579547078,353580.96772225364,      0.0,353580.96772225364,   1.0
  -0.1064821624168738, -0.10648125641351636, -9.244063697125492, 61.64655301194813, 31.135480942870498, 0.41293399967931105, 352.5994079574577,  47.03215579547078, 353772.6149610146,      0.0, 353772.6149610146,   1.0
  -0.1064821624168738, -0.10648125641351636, -9.244063697125492, 60.64655301194813,   32.1354809428705, 0.41293399967931105, 352.5994079574577,  47.03215579547078,353910.86403843155,      0.0,353910.86403843155,   1.0
  -0.1064821624168738, -0.10648125641351636, -9.244063697125492, 60.64655301194813, 31.135480942870498, 0.02000057999999999, 352.5994079574577,  47.03215579547078, 277692.2626999975,      0.0, 277692.2626999975,   1.0
  -0.1064821624168738, -0.10648125641351636, -9.244063697125492, 60.64655301194813, 31.135480942870498, 0.41293399967931105, 353.5994079574577,  47.03215579547078,353816.39347387664,      0.0,353816.39347387664,   1.0
  -0.1064821624168738, -0.10648125641351636, -9.244063697125492, 60.64655301194813, 31.135480942870498, 0.41293399967931105, 352.5994079574577,  48.03215579547078, 353769.2567136136,      0.0, 353769.2567136136,   1.0
 -0.10648216241682651, -0.10648125641344544, -9.244063697126945, 60.64655301194868,  31.13548094287447,  0.4129339996792425, 352.5994079574619,  47.03215579547287, 353762.2037595301,      0.0, 353762.2037595301,   1.0
  0.29999939999999997, -0.10648125641344544, -9.244063697126945, 60.64655301194868,  31.13548094287447,  0.4129339996792425, 352.5994079574619,  47.03215579547287, 306807.0595727717,      0.0, 306807.0595727717,   1.0
 -0.10648216241682651,            0.2999994, -9.244063697126945, 60.64655301194868,  31.13548094287447,  0.4129339996792425, 352.5994079574619,  47.03215579547287, 248495.2472252245,      0.0, 248495.2472252245,   1.0
 -0.10648216241682651, -0.10648125641344544, -8.244063697126945, 60.64655301194868,  31.13548094287447,  0.4129339996792425, 352.5994079574619,  47.03215579547287,353580.96772225364,      0.0,353580.96772225364,   1.0
 -0.10648216241682651, -0.10648125641344544, -9.244063697126945, 61.64655301194868,  31.13548094287447,  0.4129339996792425, 352.5994079574619,  47.03215579547287, 353772.6149610146,      0.0, 353772.6149610146,   1.0
 -0.10648216241682651, -0.10648125641344544, -9.244063697126945, 60.64655301194868, 32.135480942874466,  0.4129339996792425, 352.5994079574619,  47.03215579547287,353910.86403843155,      0.0,353910.86403843155,   1.0
 -0.10648216241682651, -0.10648125641344544, -9.244063697126945, 60.64655301194868,  31.13548094287447, 0.02000057999999999, 352.5994079574619,  47.03215579547287, 277692.2626999975,      0.0, 277692.2626999975,   1.0
 -0.10648216241682651, -0.10648125641344544, -9.244063697126945, 60.64655301194868,  31.13548094287447,  0.4129339996792425, 353.5994079574619,  47.03215579547287,353816.39347387664,      0.0,353816.39347387664,   1.0
 -0.10648216241682651, -0.10648125641344544, -9.244063697126945, 60.64655301194868,  31.13548094287447,  0.4129339996792425, 352.5994079574619,  48.03215579547287, 353769.2567136136,      0.0, 353769.2567136136,   1.0
 -0.10648216241685772, -0.10648125641349225, -9.244063697125986, 60.64655301194832, 31.135480942871848, 0.41293399967928773, 352.5994079574591,  47.03215579547149, 353762.2037595301,      0.0, 353762.2037595301,   1.0
  0.29999939999999997, -0.10648125641349225, -9.244063697125986, 60.64655301194832, 31.135480942871848, 0.41293399967928773, 352.5994079574591,  47.03215579547149, 306807.0595727717,      0.0, 306807.0595727717,   1.0
 -0.10648216241685772,  0.29999939999999997, -9.244063697125986, 60.64655301194832, 31.135480942871848, 0.41293399967928773, 352.5994079574591,  47.03215579547149, 248495.2472252245,      0.0, 248495.2472252245,   1.0
 -0.10648216241685772, -0.10648125641349225, -8.244063697125986, 60.64655301194832, 31.135480942871848, 0.41293399967928773, 352.5994079574591,  47.03215579547149,353580.96772225364,      0.0,353580.96772225364,   1.0
 -0.10648216241685772, -0.10648125641349225, -9.244063697125986, 61.64655301194832, 31.135480942871848, 0.41293399967928773, 352.5994079574591,  47.03215579547149, 353772.6149610146,      0.0, 353772.6149610146,   1.0
 -0.10648216241685772, -0.10648125641349225, -9.244063697125986, 60.64655301194832,  32.13548094287185, 0.41293399967928773, 352.5994079574591,  47.03215579547149,353910.86403843155,      0.0,353910.86403843155,   1.0
 -0.10648216241685772, -0.10648125641349225, -9.244063697125986, 60.64655301194832, 31.135480942871848, 0.02000057999999999, 352.5994079574591,  47.03215579547149, 277692.2626999975,      0.0, 277692.2626999975,   1.0
 -0.10648216241685772, -0.10648125641349225, -9.244063697125986, 60.64655301194832, 31.135480942871848, 0.41293399967928773, 353.5994079574591,  47.03215579547149,353816.39347387664,      0.0,353816.39347387664,   1.0
 -0.10648216241685772, -0.10648125641349225, -9.244063697125986, 60.64655301194832, 31.135480942871848, 0.41293399967928773, 352.5994079574591,  48.03215579547149, 353769.2567136136,      0.0, 353769.2567136136,   1.0
 -0.29999939999999997, -0.29999939999999997,          -59.99988,          79.99994,          169.99974,          0.59999942,460.97883686870017, 61.138063990832684,263505.98063020175,      0.0,263505.98063020175,   1.0
  0.29999939999999997, -0.29999939999999997,          -59.99988,          79.99994,          169.99974,          0.59999942,460.97883686870017, 61.138063990832684, 203010.4606424811,      0.0, 203010.4606424811,   1.0
 -0.29999939999999997,  0.29999939999999997,          -59.99988,          79.99994,          169.99974,          0.59999942,460.97883686870017, 61.138063990832684,251810.06824775072,      0.0,251810.06824775072,   1.0
 -0.29999939999999997, -0.29999939999999997,          -58.99988,          79.99994,          169.99974,          0.59999942,460.97883686870017, 61.138063990832684,263763.69639557885,      0.0,263763.69639557885,   1.0
 -0.29999939999999997, -0.29999939999999997,          -59.99988,          78.99994,          169.99974,          0.59999942,460.97883686870017, 61.138063990832684, 262431.5373850935,      0.0, 262431.5373850935,   1.0
 -0.29999939999999997, -0.29999939999999997,          -59.99988,          79.99994,          168.99974,          0.59999942,460.97883686870017, 61.138063990832684, 263582.4865499771,      0.0, 263582.4865499771,   1.0
 -0.29999939999999997, -0.29999939999999997,          -59.99988,          79.99994,          169.99974,0.020000580000000046,460.97883686870017, 61.138063990832684, 256527.3034840427,      0.0, 256527.3034840427,   1.0
 -0.29999939999999997, -0.29999939999999997,          -59.99988,          79.99994,          169.99974,          0.59999942,461.97883686870017, 61.138063990832684,263483.09936697455,      0.0,263483.09936697455,   1.0
 -0.29999939999999997, -0.29999939999999997,          -59.99988,          79.99994,          169.99974,          0.59999942,460.97883686870017, 62.138063990832684, 263819.3184526496,      0.0, 263819.3184526496,   1.0
 -0.13391614680494468, -0.13391536924117892, -16.43946545797806, 63.39018723864075, 50.821582101735494, 0.43945334175298284, 367.9638250909493, 49.031880833125506,341667.61334588664,      0.0,341667.61334588664,   1.0
  0.29999939999999997, -0.13391536924117892, -16.43946545797806, 63.39018723864075, 50.821582101735494, 0.43945334175298284, 367.9638250909493, 49.031880833125506, 265945.2039131707,      0.0, 265945.2039131707,   1.0
 -0.13391614680494468,  0.29999939999999997, -16.43946545797806, 63.39018723864075, 50.821582101735494, 0.43945334175298284, 367.9638250909493, 49.031880833125506, 300846.3528125514,      0.0, 300846.3528125514,   1.0
 -0.13391614680494468, -0.13391536924117892, -15.43946545797806, 63.39018723864075, 50.821582101735494, 0.43945334175298284, 367.9638250909493, 49.031880833125506, 340814.0750280171,      0.0, 340814.0750280171,   1.0
 -0.13391614680494468, -0.13391536924117892, -16.43946545797806, 64.39018723864075, 50.821582101735494, 0.43945334175298284, 367.9638250909493, 49.031880833125506,341567.98270180036,      0.0,341567.98270180036,   1.0
 -0.13391614680494468, -0.13391536924117892, -16.43946545797806, 63.39018723864075, 51.821582101735494, 0.43945334175298284, 367.9638250909493, 49.031880833125506, 340872.4985268734,      0.0, 340872.4985268734,   1.0
 -0.13391614680494468, -0.13391536924117892, -16.43946545797806, 63.39018723864075, 50.821582101735494, 0.02000057999999999, 367.9638250909493, 49.031880833125506,212851.72525852546,      0.0,212851.72525852546,   1.0
 -0.13391614680494468, -0.13391536924117892, -16.43946545797806, 63.39018723864075, 50.821582101735494, 0.43945334175298284, 368.9638250909493, 49.031880833125506, 341560.2735719554,      0.0, 341560.2735719554,   1.0
 -0.13391614680494468, -0.13391536924117892, -16.43946545797806, 63.39018723864075, 50.821582101735494, 0.43945334175298284, 367.9638250909493, 50.031880833125506,341839.86827052967,      0.0,341839.86827052967,   1.0
  -0.1104394936891393, -0.11043860621305877,-10.281994899626907, 61.04232015140494,  33.97518598332458,  0.4167593944970148,354.81571338155135, 47.320614603193796, 353363.9714178498,      0.0, 353363.9714178498,   1.0
  0.29999939999999997, -0.11043860621305877,-10.281994899626907, 61.04232015140494,  33.97518598332458,  0.4167593944970148,354.81571338155135, 47.320614603193796, 301942.0834758007,      0.0, 301942.0834758007,   1.0
  -0.1104394936891393,  0.29999939999999997,-10.281994899626907, 61.04232015140494,  33.97518598332458,  0.4167593944970148,354.81571338155135, 47.320614603193796,257034.78630307218,      0.0,257034.78630307218,   1.0
  -0.1104394936891393, -0.11043860621305877, -9.281994899626907, 61.04232015140494,  33.97518598332458,  0.4167593944970148,354.81571338155135, 47.320614603193796, 352962.8341322293,      0.0, 352962.8341322293,   1.0
  -0.1104394936891393, -0.11043860621305877,-10.281994899626907, 62.04232015140494,  33.97518598332458,  0.4167593944970148,354.81571338155135, 47.320614603193796,353387.55014049966,      0.0,353387.55014049966,   1.0
  -0.1104394936891393, -0.11043860621305877,-10.281994899626907, 61.04232015140494,  34.97518598332458,  0.4167593944970148,354.81571338155135, 47.320614603193796, 353243.6947245369,      0.0, 353243.6947245369,   1.0
  -0.1104394936891393, -0.11043860621305877,-10.281994899626907, 61.04232015140494,  33.97518598332458, 0.02000057999999999,354.81571338155135, 47.320614603193796, 268901.8503660214,      0.0, 268901.8503660214,   1.0
  -0.1104394936891393, -0.11043860621305877,-10.281994899626907, 61.04232015140494,  33.97518598332458,  0.4167593944970148,355.81571338155135, 47.320614603193796,  353408.969409856,      0.0,  353408.969409856,   1.0
  -0.1104394936891393, -0.11043860621305877,-10.281994899626907, 61.04232015140494,  33.97518598332458,  0.4167593944970148,354.81571338155135, 48.320614603193796, 353366.4365906811,      0.0, 353366.4365906811,   1.0
 -0.10723552045224746,  -0.1072346179758978,  -9.44165489125388, 60.72189529040896, 31.676076223717114, 0.41366224094242215, 353.0213265145318,  47.08706976292835,353715.36014424433,      0.0,353715.36014424433,   1.0
   0.2999993999999999,  -0.1072346179758978,  -9.44165489125388, 60.72189529040896, 31.676076223717114, 0.41366224094242215, 353.0213265145318,  47.08706976292835, 305777.7254303767,      0.0, 305777.7254303767,   1.0
 -0.10723552045224746,  0.29999939999999997,  -9.44165489125388, 60.72189529040896, 31.676076223717114, 0.41366224094242215, 353.0213265145318,  47.08706976292835, 250074.0876945303,      0.0, 250074.0876945303,   1.0
 -0.10723552045224746,  -0.1072346179758978,  -8.44165489125388, 60.72189529040896, 31.676076223717114, 0.41366224094242215, 353.0213265145318,  47.08706976292835, 353499.6511133794,      0.0, 353499.6511133794,   1.0
 -0.10723552045224746,  -0.1072346179758978,  -9.44165489125388, 61.72189529040896, 31.676076223717114, 0.41366224094242215, 353.0213265145318,  47.08706976292835, 353793.5269375589,      0.0, 353793.5269375589,   1.0
 -0.10723552045224746,  -0.1072346179758978,  -9.44165489125388, 60.72189529040896,  32.67607622371712, 0.41366224094242215, 353.0213265145318,  47.08706976292835, 353961.1294975013,      0.0, 353961.1294975013,   1.0
 -0.10723552045224746,  -0.1072346179758978,  -9.44165489125388, 60.72189529040896, 31.676076223717114, 0.02000057999999999, 353.0213265145318,  47.08706976292835, 275763.3117176462,      0.0, 275763.3117176462,   1.0
 -0.10723552045224746,  -0.1072346179758978,  -9.44165489125388, 60.72189529040896, 31.676076223717114, 0.41366224094242215, 354.0213265145318,  47.08706976292835,  353756.927624531,      0.0,  353756.927624531,   1.0
 -0.10723552045224746,  -0.1072346179758978,  -9.44165489125388, 60.72189529040896, 31.676076223717114, 0.41366224094242215, 353.0213265145318,  48.08706976292835, 353722.7006620484,      0.0, 353722.7006620484,   1.0
 -0.10661998516465938, -0.10661907980651444, -9.280211929505718, 60.66033647128634,   31.2343799040408, 0.41306722745043056, 352.6765956586315, 47.042202006618076,353788.65721007413,      0.0,353788.65721007413,   1.0
  0.29999939999999997, -0.10661907980651444, -9.280211929505718, 60.66033647128634,   31.2343799040408, 0.41306722745043056, 352.6765956586315, 47.042202006618076,306603.53013664985,      0.0,306603.53013664985,   1.0
 -0.10661998516465938,            0.2999994, -9.280211929505718, 60.66033647128634,   31.2343799040408, 0.41306722745043056, 352.6765956586315, 47.042202006618076,248761.24425549584,      0.0,248761.24425549584,   1.0
 -0.10661998516465938, -0.10661907980651444, -8.280211929505718, 60.66033647128634,   31.2343799040408, 0.41306722745043056, 352.6765956586315, 47.042202006618076, 353600.6455811006,      0.0, 353600.6455811006,   1.0
 -0.10661998516465938, -0.10661907980651444, -9.280211929505718, 61.66033647128634,   31.2343799040408, 0.41306722745043056, 352.6765956586315, 47.042202006618076, 353838.7980273468,      0.0, 353838.7980273468,   1.0
 -0.10661998516465938, -0.10661907980651444, -9.280211929505718, 60.66033647128634,   32.2343799040408, 0.41306722745043056, 352.6765956586315, 47.042202006618076, 353929.5833658342,      0.0, 353929.5833658342,   1.0
 -0.10661998516465938, -0.10661907980651444, -9.280211929505718, 60.66033647128634,   31.2343799040408, 0.02000057999999999, 352.6765956586315, 47.042202006618076,277361.73463579034,      0.0,277361.73463579034,   1.0
 -0.10661998516465938, -0.10661907980651444, -9.280211929505718, 60.66033647128634,   31.2343799040408, 0.41306722745043056, 353.6765956586315, 47.042202006618076, 353843.1853794572,      0.0, 353843.1853794572,   1.0
 -0.10661998516465938, -0.10661907980651444, -9.280211929505718, 60.66033647128634,   31.2343799040408, 0.41306722745043056, 352.6765956586315, 48.042202006618076,353810.68484954216,      0.0,353810.68484954216,   1.0
 -0.10672364611245679, -0.10672274123962866, -9.307400184618777, 60.67070345700465, 31.308765012513916,  0.4131674323676397, 352.7346510260137,  47.04975808705481, 353791.2838400984,      0.0, 353791.2838400984,   1.0
  0.29999939999999997, -0.10672274123962866, -9.307400184618777, 60.67070345700465, 31.308765012513916,  0.4131674323676397, 352.7346510260137,  47.04975808705481, 306487.6925330113,      0.0, 306487.6925330113,   1.0
 -0.10672364611245679,  0.29999939999999997, -9.307400184618777, 60.67070345700465, 31.308765012513916,  0.4131674323676397, 352.7346510260137,  47.04975808705481,248951.33302390345,      0.0,248951.33302390345,   1.0
 -0.10672364611245679, -0.10672274123962866, -8.307400184618777, 60.67070345700465, 31.308765012513916,  0.4131674323676397, 352.7346510260137,  47.04975808705481, 353594.0039116829,      0.0, 353594.0039116829,   1.0
 -0.10672364611245679, -0.10672274123962866, -9.307400184618777, 61.67070345700465, 31.308765012513916,  0.4131674323676397, 352.7346510260137,  47.04975808705481, 353814.6298051732,      0.0, 353814.6298051732,   1.0
 -0.10672364611245679, -0.10672274123962866, -9.307400184618777, 60.67070345700465, 32.308765012513916,  0.4131674323676397, 352.7346510260137,  47.04975808705481, 353913.5251540163,      0.0, 353913.5251540163,   1.0
 -0.10672364611245679, -0.10672274123962866, -9.307400184618777, 60.67070345700465, 31.308765012513916, 0.02000057999999999, 352.7346510260137,  47.04975808705481, 276995.9982124908,      0.0, 276995.9982124908,   1.0
 -0.10672364611245679, -0.10672274123962866, -9.307400184618777, 60.67070345700465, 31.308765012513916,  0.4131674323676397, 353.7346510260137,  47.04975808705481, 353841.9759582822,      0.0, 353841.9759582822,   1.0
 -0.10672364611245679, -0.10672274123962866, -9.307400184618777, 60.67070345700465, 31.308765012513916,  0.4131674323676397, 352.7346510260137,  48.04975808705481,  353808.322001867,      0.0,  353808.322001867,   1.0
 -0.10697958328235213, -0.10697867960776324, -9.374527537936327, 60.69629937370681, 31.492420618115517,  0.4134148366550309,352.87798877027274,  47.06841392499158,  353766.305319792,      0.0,  353766.305319792,   1.0
  0.29999939999999997, -0.10697867960776324, -9.374527537936327, 60.69629937370681, 31.492420618115517,  0.4134148366550309,352.87798877027274,  47.06841392499158, 306193.4639471971,      0.0, 306193.4639471971,   1.0
 -0.10697958328235213,  0.29999939999999997, -9.374527537936327, 60.69629937370681, 31.492420618115517,  0.4134148366550309,352.87798877027274,  47.06841392499158, 249522.1909326202,      0.0, 249522.1909326202,   1.0
 -0.10697958328235213, -0.10697867960776324, -8.374527537936327, 60.69629937370681, 31.492420618115517,  0.4134148366550309,352.87798877027274,  47.06841392499158,353540.88232580037,      0.0,353540.88232580037,   1.0
 -0.10697958328235213, -0.10697867960776324, -9.374527537936327, 61.69629937370681, 31.492420618115517,  0.4134148366550309,352.87798877027274,  47.06841392499158,353754.98461309803,      0.0,353754.98461309803,   1.0
 -0.10697958328235213, -0.10697867960776324, -9.374527537936327, 60.69629937370681,  32.49242061811552,  0.4134148366550309,352.87798877027274,  47.06841392499158, 353942.4649474948,      0.0, 353942.4649474948,   1.0
 -0.10697958328235213, -0.10697867960776324, -9.374527537936327, 60.69629937370681, 31.492420618115517, 0.02000057999999999,352.87798877027274,  47.06841392499158, 276417.9753521357,      0.0, 276417.9753521357,   1.0
 -0.10697958328235213, -0.10697867960776324, -9.374527537936327, 60.69629937370681, 31.492420618115517,  0.4134148366550309,353.87798877027274,  47.06841392499158, 353800.6015173508,      0.0, 353800.6015173508,   1.0
 -0.10697958328235213, -0.10697867960776324, -9.374527537936327, 60.69629937370681, 31.492420618115517,  0.4134148366550309,352.87798877027274,  48.06841392499158, 353767.5058631486,      0.0, 353767.5058631486,   1.0
 -0.10676884954543357, -0.10676794488423758, -9.319256167936244, 60.67522418881394,  31.34120212925635,  0.4132111287292422, 352.7599672320119,  47.05305306730386,353790.28027585323,      0.0,353790.28027585323,   1.0
  0.29999939999999997, -0.10676794488423758, -9.319256167936244, 60.67522418881394,  31.34120212925635,  0.4132111287292422, 352.7599672320119,  47.05305306730386, 306458.8049476428,      0.0, 306458.8049476428,   1.0
 -0.10676884954543357,  0.29999939999999997, -9.319256167936244, 60.67522418881394,  31.34120212925635,  0.4132111287292422, 352.7599672320119,  47.05305306730386, 249024.5038418339,      0.0, 249024.5038418339,   1.0
 -0.10676884954543357, -0.10676794488423758, -8.319256167936244, 60.67522418881394,  31.34120212925635,  0.4132111287292422, 352.7599672320119,  47.05305306730386,353597.93787710083,      0.0,353597.93787710083,   1.0
 -0.10676884954543357, -0.10676794488423758, -9.319256167936244, 61.67522418881394,  31.34120212925635,  0.4132111287292422, 352.7599672320119,  47.05305306730386, 353806.3591646197,      0.0, 353806.3591646197,   1.0
 -0.10676884954543357, -0.10676794488423758, -9.319256167936244, 60.67522418881394, 32.341202129256345,  0.4132111287292422, 352.7599672320119,  47.05305306730386, 353903.3214729901,      0.0, 353903.3214729901,   1.0
 -0.10676884954543357, -0.10676794488423758, -9.319256167936244, 60.67522418881394,  31.34120212925635, 0.02000057999999999, 352.7599672320119,  47.05305306730386,276950.50865885545,      0.0,276950.50865885545,   1.0
 -0.10676884954543357, -0.10676794488423758, -9.319256167936244, 60.67522418881394,  31.34120212925635,  0.4132111287292422, 353.7599672320119,  47.05305306730386,353841.03277045756,      0.0,353841.03277045756,   1.0
 -0.10676884954543357, -0.10676794488423758, -9.319256167936244, 60.67522418881394,  31.34120212925635,  0.4132111287292422, 352.7599672320119,  48.05305306730386,353811.66626311466,      0.0,353811.66626311466,   1.0
 -0.10673286086592743, -0.10673195603624068, -9.309817035645969,  60.6716250115501,  31.31537734291443, 0.41317633990348857, 352.7398117534568,  47.05042977123201,  353794.194339399,      0.0,  353794.194339399,   1.0
  0.29999939999999997, -0.10673195603624068, -9.309817035645969,  60.6716250115501,  31.31537734291443, 0.41317633990348857, 352.7398117534568,  47.05042977123201, 306479.0125394598,      0.0, 306479.0125394598,   1.0
 -0.10673286086592743,  0.29999939999999997, -9.309817035645969,  60.6716250115501,  31.31537734291443, 0.41317633990348857, 352.7398117534568,  47.05042977123201,   248980.71755683,      0.0,   248980.71755683,   1.0
 -0.10673286086592743, -0.10673195603624068, -8.309817035645969,  60.6716250115501,  31.31537734291443, 0.41317633990348857, 352.7398117534568,  47.05042977123201, 353596.5698728963,      0.0, 353596.5698728963,   1.0
 -0.10673286086592743, -0.10673195603624068, -9.309817035645969,  61.6716250115501,  31.31537734291443, 0.41317633990348857, 352.7398117534568,  47.05042977123201,353806.94396224956,      0.0,353806.94396224956,   1.0
 -0.10673286086592743, -0.10673195603624068, -9.309817035645969,  60.6716250115501,  32.31537734291443, 0.41317633990348857, 352.7398117534568,  47.05042977123201, 353914.6287391252,      0.0, 353914.6287391252,   1.0
 -0.10673286086592743, -0.10673195603624068, -9.309817035645969,  60.6716250115501,  31.31537734291443, 0.02000057999999999, 352.7398117534568,  47.05042977123201,276992.85928548296,      0.0,276992.85928548296,   1.0
 -0.10673286086592743, -0.10673195603624068, -9.309817035645969,  60.6716250115501,  31.31537734291443, 0.41317633990348857, 353.7398117534568,  47.05042977123201, 353843.4065494321,      0.0, 353843.4065494321,   1.0
 -0.10673286086592743, -0.10673195603624068, -9.309817035645969,  60.6716250115501,  31.31537734291443, 0.41317633990348857, 352.7398117534568,  48.05042977123201,353808.64678212075,      0.0,353808.64678212075,   1.0
 -0.10675661339440148, -0.10675570867591863, -9.316046862957549,60.674000468544236, 31.332421701900095, 0.41319930052848597,352.75311436930315,  47.05216114663943,353791.29711766314,      0.0,353791.29711766314,   1.0
            0.2999994, -0.10675570867591863, -9.316046862957549,60.674000468544236, 31.332421701900095, 0.41319930052848597,352.75311436930315,  47.05216114663943, 306462.7016864659,      0.0, 306462.7016864659,   1.0
 -0.10675661339440148,   0.2999993999999999, -9.316046862957549,60.674000468544236, 31.332421701900095, 0.41319930052848597,352.75311436930315,  47.05216114663943,248990.61954806934,      0.0,248990.61954806934,   1.0
 -0.10675661339440148, -0.10675570867591863, -8.316046862957549,60.674000468544236, 31.332421701900095, 0.41319930052848597,352.75311436930315,  47.05216114663943,353592.64297638903,      0.0,353592.64297638903,   1.0
 -0.10675661339440148, -0.10675570867591863, -9.316046862957549,61.674000468544236, 31.332421701900095, 0.41319930052848597,352.75311436930315,  47.05216114663943,353808.68168668804,      0.0,353808.68168668804,   1.0
 -0.10675661339440148, -0.10675570867591863, -9.316046862957549,60.674000468544236, 32.332421701900095, 0.41319930052848597,352.75311436930315,  47.05216114663943,353916.59288941335,      0.0,353916.59288941335,   1.0
 -0.10675661339440148, -0.10675570867591863, -9.316046862957549,60.674000468544236, 31.332421701900095, 0.02000057999999999,352.75311436930315,  47.05216114663943,276955.76555308583,      0.0,276955.76555308583,   1.0
 -0.10675661339440148, -0.10675570867591863, -9.316046862957549,60.674000468544236, 31.332421701900095, 0.41319930052848597,353.75311436930315,  47.05216114663943, 353838.9808459129,      0.0, 353838.9808459129,   1.0
 -0.10675661339440148, -0.10675570867591863, -9.316046862957549,60.674000468544236, 31.332421701900095, 0.41319930052848597,352.75311436930315,  48.05216114663943,353808.10057340056,      0.0,353808.10057340056,   1.0
 -0.10673286086592743, -0.10673195603624068, -9.309817035645969,  60.6716250115501,  31.31537734291443, 0.41317633990348857, 352.7398117534568,  47.05042977123201,  353794.194339399,      0.0,  353794.194339399,   1.0
  0.29999939999999997, -0.10673195603624068, -9.309817035645969,  60.6716250115501,  31.31537734291443, 0.41317633990348857, 352.7398117534568,  47.05042977123201, 306479.0125394598,      0.0, 306479.0125394598,   1.0
 -0.10673286086592743,  0.29999939999999997, -9.309817035645969,  60.6716250115501,  31.31537734291443, 0.41317633990348857, 352.7398117534568,  47.05042977123201,   248980.71755683,      0.0,   248980.71755683,   1.0
 -0.10673286086592743, -0.10673195603624068, -8.309817035645969,  60.6716250115501,  31.31537734291443, 0.41317633990348857, 352.7398117534568,  47.05042977123201, 353596.5698728963,      0.0, 353596.5698728963,   1.0
 -0.10673286086592743, -0.10673195603624068, -9.309817035645969,  61.6716250115501,  31.31537734291443, 0.41317633990348857, 352.7398117534568,  47.05042977123201,353806.94396224956,      0.0,353806.94396224956,   1.0
 -0.10673286086592743, -0.10673195603624068, -9.309817035645969,  60.6716250115501,  32.31537734291443, 0.41317633990348857, 352.7398117534568,  47.05042977123201, 353914.6287391252,      0.0, 353914.6287391252,   1.0
 -0.10673286086592743, -0.10673195603624068, -9.309817035645969,  60.6716250115501,  31.31537734291443, 0.02000057999999999, 352.7398117534568,  47.05042977123201,276992.85928548296,      0.0,276992.85928548296,   1.0
 -0.10673286086592743, -0.10673195603624068, -9.309817035645969,  60.6716250115501,  31.31537734291443, 0.41317633990348857, 353.7398117534568,  47.05042977123201, 353843.4065494321,      0.0, 353843.4065494321,   1.0
 -0.10673286086592743, -0.10673195603624068, -9.309817035645969,  60.6716250115501,  31.31537734291443, 0.41317633990348857, 352.7398117534568,  48.05042977123201,353808.64678212075,      0.0,353808.64678212075,   1.0
  -0.2535831260577753, -0.29999939999999997,-16.286849074950165, 63.33180806435976,  50.40115179017734,          0.59999942,367.63625176909517,   48.9895335198598, 281545.3837170309,      0.0, 281545.3837170309,   1.0
  0.29999939999999997, -0.29999939999999997,-16.286849074950165, 63.33180806435976,  50.40115179017734,          0.59999942,367.63625176909517,   48.9895335198598,313489.22067210125,      0.0,313489.22067210125,   1.0
  -0.2535831260577753,  0.29999939999999997,-16.286849074950165, 63.33180806435976,  50.40115179017734,          0.59999942,367.63625176909517,   48.9895335198598, 312517.8534143801,      0.0, 312517.8534143801,   1.0
  -0.2535831260577753, -0.29999939999999997,-15.286849074950165, 63.33180806435976,  50.40115179017734,          0.59999942,367.63625176909517,   48.9895335198598, 280189.3884777423,      0.0, 280189.3884777423,   1.0
  -0.2535831260577753, -0.29999939999999997,-16.286849074950165, 64.33180806435976,  50.40115179017734,          0.59999942,367.63625176909517,   48.9895335198598, 280989.2345459446,      0.0, 280989.2345459446,   1.0
  -0.2535831260577753, -0.29999939999999997,-16.286849074950165, 63.33180806435976,  51.40115179017734,          0.59999942,367.63625176909517,   48.9895335198598,281122.21822056733,      0.0,281122.21822056733,   1.0
  -0.2535831260577753, -0.29999939999999997,-16.286849074950165, 63.33180806435976,  50.40115179017734,0.020000580000000046,367.63625176909517,   48.9895335198598, 90745.33234362461,      0.0, 90745.33234362461,   1.0
  -0.2535831260577753, -0.29999939999999997,-16.286849074950165, 63.33180806435976,  50.40115179017734,          0.59999942,368.63625176909517,   48.9895335198598, 281234.0580471165,      0.0, 281234.0580471165,   1.0
  -0.2535831260577753, -0.29999939999999997,-16.286849074950165, 63.33180806435976,  50.40115179017734,          0.59999942,367.63625176909517,   49.9895335198598,282626.84995354584,      0.0,282626.84995354584,   1.0
 -0.12577422875414962, -0.13179201633999696,-10.214495237314477, 61.01655815887801, 33.790137958478766,  0.4374007905265846,354.67136151396994,   47.3018640318567,347340.40627388516,      0.0,347340.40627388516,   1.0
  0.29999939999999997, -0.13179201633999696,-10.214495237314477, 61.01655815887801, 33.790137958478766,  0.4374007905265846,354.67136151396994,   47.3018640318567, 310429.3095423345,      0.0, 310429.3095423345,   1.0
 -0.12577422875414962,            0.2999994,-10.214495237314477, 61.01655815887801, 33.790137958478766,  0.4374007905265846,354.67136151396994,   47.3018640318567, 262510.3885036566,      0.0, 262510.3885036566,   1.0
 -0.12577422875414962, -0.13179201633999696, -9.214495237314477, 61.01655815887801, 33.790137958478766,  0.4374007905265846,354.67136151396994,   47.3018640318567,346726.25715284934,      0.0,346726.25715284934,   1.0
 -0.12577422875414962, -0.13179201633999696,-10.214495237314477, 62.01655815887801, 33.790137958478766,  0.4374007905265846,354.67136151396994,   47.3018640318567, 347244.9165018038,      0.0, 347244.9165018038,   1.0
 -0.12577422875414962, -0.13179201633999696,-10.214495237314477, 61.01655815887801, 34.790137958478766,  0.4374007905265846,354.67136151396994,   47.3018640318567,347284.54969554883,      0.0,347284.54969554883,   1.0
 -0.12577422875414962, -0.13179201633999696,-10.214495237314477, 61.01655815887801, 33.790137958478766, 0.02000057999999999,354.67136151396994,   47.3018640318567,257360.81171000586,      0.0,257360.81171000586,   1.0
 -0.12577422875414962, -0.13179201633999696,-10.214495237314477, 61.01655815887801, 33.790137958478766,  0.4374007905265846,355.67136151396994,   47.3018640318567,347338.22883076465,      0.0,347338.22883076465,   1.0
 -0.12577422875414962, -0.13179201633999696,-10.214495237314477, 61.01655815887801, 33.790137958478766,  0.4374007905265846,354.67136151396994,   48.3018640318567, 347412.8394547261,      0.0, 347412.8394547261,   1.0
 -0.10931434521274695, -0.11012940908605623, -9.432466449817554, 60.71838843347195, 31.650886631359846,  0.4164605073257516,353.00167663108215, 47.084517322707676,353016.35702207783,      0.0,353016.35702207783,   1.0
  0.29999939999999997, -0.11012940908605623, -9.432466449817554, 60.71838843347195, 31.650886631359846,  0.4164605073257516,353.00167663108215, 47.084517322707676,307228.53458040045,      0.0,307228.53458040045,   1.0
 -0.10931434521274695,  0.29999939999999997, -9.432466449817554, 60.71838843347195, 31.650886631359846,  0.4164605073257516,353.00167663108215, 47.084517322707676,250879.32176513117,      0.0,250879.32176513117,   1.0
 -0.10931434521274695, -0.11012940908605623, -8.432466449817554, 60.71838843347195, 31.650886631359846,  0.4164605073257516,353.00167663108215, 47.084517322707676, 352766.1469137701,      0.0, 352766.1469137701,   1.0
 -0.10931434521274695, -0.11012940908605623, -9.432466449817554, 61.71838843347195, 31.650886631359846,  0.4164605073257516,353.00167663108215, 47.084517322707676,353085.46312699356,      0.0,353085.46312699356,   1.0
 -0.10931434521274695, -0.11012940908605623, -9.432466449817554, 60.71838843347195, 32.650886631359846,  0.4164605073257516,353.00167663108215, 47.084517322707676,353159.34368042485,      0.0,353159.34368042485,   1.0
 -0.10931434521274695, -0.11012940908605623, -9.432466449817554, 60.71838843347195, 31.650886631359846, 0.02000057999999999,353.00167663108215, 47.084517322707676, 274939.0829650957,      0.0, 274939.0829650957,   1.0
 -0.10931434521274695, -0.11012940908605623, -9.432466449817554, 60.71838843347195, 31.650886631359846,  0.4164605073257516,354.00167663108215, 47.084517322707676, 353055.2758236943,      0.0, 353055.2758236943,   1.0
 -0.10931434521274695, -0.11012940908605623, -9.432466449817554, 60.71838843347195, 31.650886631359846,  0.4164605073257516,353.00167663108215, 48.084517322707676, 353045.0114610304,      0.0, 353045.0114610304,   1.0
  -0.1070873756002058, -0.10719852759095978, -9.326660455412588, 60.67804702302462,  31.36145276707406,  0.4136273539654036, 352.7757736052583,  47.05511100792767,353672.50904739404,      0.0,353672.50904739404,   1.0
  0.29999939999999997, -0.10719852759095978, -9.326660455412588, 60.67804702302462,  31.36145276707406,  0.4136273539654036, 352.7757736052583,  47.05511100792767, 306665.8935825385,      0.0, 306665.8935825385,   1.0
  -0.1070873756002058,  0.29999939999999997, -9.326660455412588, 60.67804702302462,  31.36145276707406,  0.4136273539654036, 352.7757736052583,  47.05511100792767,249209.39440444615,      0.0,249209.39440444615,   1.0
  -0.1070873756002058, -0.10719852759095978, -8.326660455412588, 60.67804702302462,  31.36145276707406,  0.4136273539654036, 352.7757736052583,  47.05511100792767,353455.84650168504,      0.0,353455.84650168504,   1.0
  -0.1070873756002058, -0.10719852759095978, -9.326660455412588, 61.67804702302462,  31.36145276707406,  0.4136273539654036, 352.7757736052583,  47.05511100792767,353720.88317053404,      0.0,353720.88317053404,   1.0
  -0.1070873756002058, -0.10719852759095978, -9.326660455412588, 60.67804702302462, 32.361452767074056,  0.4136273539654036, 352.7757736052583,  47.05511100792767,353862.29332729155,      0.0,353862.29332729155,   1.0
  -0.1070873756002058, -0.10719852759095978, -9.326660455412588, 60.67804702302462,  31.36145276707406, 0.02000057999999999, 352.7757736052583,  47.05511100792767, 276725.6633446015,      0.0, 276725.6633446015,   1.0
  -0.1070873756002058, -0.10719852759095978, -9.326660455412588, 60.67804702302462,  31.36145276707406,  0.4136273539654036, 353.7757736052583,  47.05511100792767, 353719.3491314367,      0.0, 353719.3491314367,   1.0
  -0.1070873756002058, -0.10719852759095978, -9.326660455412588, 60.67804702302462,  31.36145276707406,  0.4136273539654036, 352.7757736052583,  48.05511100792767,353686.62103494385,      0.0,353686.62103494385,   1.0
 -0.10677905312190217, -0.10679274897543962, -9.312011685069873,60.672461781278464,  31.32138083890807, 0.41323510574586914, 352.7444974798967,  47.05103972298526,353784.07156358485,      0.0,353784.07156358485,   1.0
  0.29999939999999997, -0.10679274897543962, -9.312011685069873,60.672461781278464,  31.32138083890807, 0.41323510574586914, 352.7444974798967,  47.05103972298526,306491.48185784434,      0.0,306491.48185784434,   1.0
 -0.10677905312190217,  0.29999939999999997, -9.312011685069873,60.672461781278464,  31.32138083890807, 0.41323510574586914, 352.7444974798967,  47.05103972298526,248992.64044448014,      0.0,248992.64044448014,   1.0
 -0.10677905312190217, -0.10679274897543962, -8.312011685069873,60.672461781278464,  31.32138083890807, 0.41323510574586914, 352.7444974798967,  47.05103972298526,353578.78869531944,      0.0,353578.78869531944,   1.0
 -0.10677905312190217, -0.10679274897543962, -9.312011685069873,61.672461781278464,  31.32138083890807, 0.41323510574586914, 352.7444974798967,  47.05103972298526,353806.66998468863,      0.0,353806.66998468863,   1.0
 -0.10677905312190217, -0.10679274897543962, -9.312011685069873,60.672461781278464,  32.32138083890807, 0.41323510574586914, 352.7444974798967,  47.05103972298526, 353898.7906417191,      0.0, 353898.7906417191,   1.0
 -0.10677905312190217, -0.10679274897543962, -9.312011685069873,60.672461781278464,  31.32138083890807, 0.02000057999999999, 352.7444974798967,  47.05103972298526,276988.84359409637,      0.0,276988.84359409637,   1.0
 -0.10677905312190217, -0.10679274897543962, -9.312011685069873,60.672461781278464,  31.32138083890807, 0.41323510574586914, 353.7444974798967,  47.05103972298526,353838.52004793886,      0.0,353838.52004793886,   1.0
 -0.10677905312190217, -0.10679274897543962, -9.312011685069873,60.672461781278464,  31.32138083890807, 0.41323510574586914, 352.7444974798967,  48.05103972298526, 353804.0960824683,      0.0, 353804.0960824683,   1.0
 -0.10673984645804796, -0.10674114966985071, -9.310148929496993,  60.6717515550994, 31.316285243458015,  0.4131852269820005, 352.7405203695009, 47.050522013407054,353794.42381136096,      0.0,353794.42381136096,   1.0
  0.29999939999999997, -0.10674114966985071, -9.310148929496993,  60.6717515550994, 31.316285243458015,  0.4131852269820005, 352.7405203695009, 47.050522013407054, 306480.0878306839,      0.0, 306480.0878306839,   1.0
 -0.10673984645804796,  0.29999939999999997, -9.310148929496993,  60.6717515550994, 31.316285243458015,  0.4131852269820005, 352.7405203695009, 47.050522013407054,248978.97974036454,      0.0,248978.97974036454,   1.0
 -0.10673984645804796, -0.10674114966985071, -8.310148929496993,  60.6717515550994, 31.316285243458015,  0.4131852269820005, 352.7405203695009, 47.050522013407054, 353593.8961590132,      0.0, 353593.8961590132,   1.0
 -0.10673984645804796, -0.10674114966985071, -9.310148929496993,  61.6717515550994, 31.316285243458015,  0.4131852269820005, 352.7405203695009, 47.050522013407054,353807.14279387443,      0.0,353807.14279387443,   1.0
 -0.10673984645804796, -0.10674114966985071, -9.310148929496993,  60.6717515550994,  32.31628524345801,  0.4131852269820005, 352.7405203695009, 47.050522013407054, 353915.0631004387,      0.0, 353915.0631004387,   1.0
 -0.10673984645804796, -0.10674114966985071, -9.310148929496993,  60.6717515550994, 31.316285243458015, 0.02000057999999999, 352.7405203695009, 47.050522013407054, 276995.4250442013,      0.0, 276995.4250442013,   1.0
 -0.10673984645804796, -0.10674114966985071, -9.310148929496993,  60.6717515550994, 31.316285243458015,  0.4131852269820005, 353.7405203695009, 47.050522013407054,353843.54062053474,      0.0,353843.54062053474,   1.0
 -0.10673984645804796, -0.10674114966985071, -9.310148929496993,  60.6717515550994, 31.316285243458015,  0.4131852269820005, 352.7405203695009, 48.050522013407054, 353807.8373884344,      0.0, 353807.8373884344,   1.0
 -0.10674545553088471, -0.10674853168696011,  -9.31041542326765, 60.67185316309093,  31.31701424111342,  0.4131923628510606, 352.7410893519059,  47.05059607915116, 353783.2121740843,      0.0, 353783.2121740843,   1.0
  0.29999939999999997, -0.10674853168696011,  -9.31041542326765, 60.67185316309093,  31.31701424111342,  0.4131923628510606, 352.7410893519059,  47.05059607915116,306491.37864560087,      0.0,306491.37864560087,   1.0
 -0.10674545553088471,            0.2999994,  -9.31041542326765, 60.67185316309093,  31.31701424111342,  0.4131923628510606, 352.7410893519059,  47.05059607915116,  248981.817300205,      0.0,  248981.817300205,   1.0
 -0.10674545553088471, -0.10674853168696011,  -8.31041542326765, 60.67185316309093,  31.31701424111342,  0.4131923628510606, 352.7410893519059,  47.05059607915116,353581.53915721696,      0.0,353581.53915721696,   1.0
 -0.10674545553088471, -0.10674853168696011,  -9.31041542326765, 61.67185316309093,  31.31701424111342,  0.4131923628510606, 352.7410893519059,  47.05059607915116,353805.42310149124,      0.0,353805.42310149124,   1.0
 -0.10674545553088471, -0.10674853168696011,  -9.31041542326765, 60.67185316309093,  32.31701424111342,  0.4131923628510606, 352.7410893519059,  47.05059607915116,353910.17587518727,      0.0,353910.17587518727,   1.0
 -0.10674545553088471, -0.10674853168696011,  -9.31041542326765, 60.67185316309093,  31.31701424111342, 0.02000057999999999, 352.7410893519059,  47.05059607915116,276987.70612501894,      0.0,276987.70612501894,   1.0
 -0.10674545553088471, -0.10674853168696011,  -9.31041542326765, 60.67185316309093,  31.31701424111342,  0.4131923628510606, 353.7410893519059,  47.05059607915116,353833.54486187024,      0.0,353833.54486187024,   1.0
 -0.10674545553088471, -0.10674853168696011,  -9.31041542326765, 60.67185316309093,  31.31701424111342,  0.4131923628510606, 352.7410893519059,  48.05059607915116,353798.39860228135,      0.0,353798.39860228135,   1.0
 -0.10674011003933054, -0.10674149656524579, -9.310161452559523, 60.67175632985728, 31.316319500480983,  0.4131855623104182, 352.7405471070949,  47.05052549390096, 353794.4719999756,      0.0, 353794.4719999756,   1.0
  0.29999939999999997, -0.10674149656524579, -9.310161452559523, 60.67175632985728, 31.316319500480983,  0.4131855623104182, 352.7405471070949,  47.05052549390096, 306480.3398178102,      0.0, 306480.3398178102,   1.0
 -0.10674011003933054,  0.29999939999999997, -9.310161452559523, 60.67175632985728, 31.316319500480983,  0.4131855623104182, 352.7405471070949,  47.05052549390096,248980.37882885177,      0.0,248980.37882885177,   1.0
 -0.10674011003933054, -0.10674149656524579, -8.310161452559523, 60.67175632985728, 31.316319500480983,  0.4131855623104182, 352.7405471070949,  47.05052549390096, 353593.9586962842,      0.0, 353593.9586962842,   1.0
 -0.10674011003933054, -0.10674149656524579, -9.310161452559523, 61.67175632985728, 31.316319500480983,  0.4131855623104182, 352.7405471070949,  47.05052549390096,353807.14279387443,      0.0,353807.14279387443,   1.0
 -0.10674011003933054, -0.10674149656524579, -9.310161452559523, 60.67175632985728,  32.31631950048099,  0.4131855623104182, 352.7405471070949,  47.05052549390096, 353915.0631004387,      0.0, 353915.0631004387,   1.0
 -0.10674011003933054, -0.10674149656524579, -9.310161452559523, 60.67175632985728, 31.316319500480983, 0.02000057999999999, 352.7405471070949,  47.05052549390096,276995.88278931053,      0.0,276995.88278931053,   1.0
 -0.10674011003933054, -0.10674149656524579, -9.310161452559523, 60.67175632985728, 31.316319500480983,  0.4131855623104182, 353.7405471070949,  47.05052549390096, 353843.6062069988,      0.0, 353843.6062069988,   1.0
 -0.10674011003933054, -0.10674149656524579, -9.310161452559523, 60.67175632985728, 31.316319500480983,  0.4131855623104182, 352.7405471070949,  48.05052549390096,353807.88768583443,      0.0,353807.88768583443,   1.0
  -0.1067436380637563, -0.10674613974557724, -9.310329073226887, 60.67182023979149, 31.316778029298394,  0.4131900506672422,352.74090498867014,   47.0505720801661, 353792.8385295278,      0.0, 353792.8385295278,   1.0
  0.29999939999999997, -0.10674613974557724, -9.310329073226887, 60.67182023979149, 31.316778029298394,  0.4131900506672422,352.74090498867014,   47.0505720801661, 306485.5238805611,      0.0, 306485.5238805611,   1.0
  -0.1067436380637563,  0.29999939999999997, -9.310329073226887, 60.67182023979149, 31.316778029298394,  0.4131900506672422,352.74090498867014,   47.0505720801661, 248982.2770642315,      0.0, 248982.2770642315,   1.0
  -0.1067436380637563, -0.10674613974557724, -8.310329073226887, 60.67182023979149, 31.316778029298394,  0.4131900506672422,352.74090498867014,   47.0505720801661,353591.57492036175,      0.0,353591.57492036175,   1.0
  -0.1067436380637563, -0.10674613974557724, -9.310329073226887, 61.67182023979149, 31.316778029298394,  0.4131900506672422,352.74090498867014,   47.0505720801661,353806.58261481056,      0.0,353806.58261481056,   1.0
  -0.1067436380637563, -0.10674613974557724, -9.310329073226887, 60.67182023979149,  32.31677802929839,  0.4131900506672422,352.74090498867014,   47.0505720801661, 353909.6111012304,      0.0, 353909.6111012304,   1.0
  -0.1067436380637563, -0.10674613974557724, -9.310329073226887, 60.67182023979149, 31.316778029298394, 0.02000057999999999,352.74090498867014,   47.0505720801661, 276995.4938221221,      0.0, 276995.4938221221,   1.0
  -0.1067436380637563, -0.10674613974557724, -9.310329073226887, 60.67182023979149, 31.316778029298394,  0.4131900506672422,353.74090498867014,   47.0505720801661,353843.42247439944,      0.0,353843.42247439944,   1.0
  -0.1067436380637563, -0.10674613974557724, -9.310329073226887, 60.67182023979149, 31.316778029298394,  0.4131900506672422,352.74090498867014,   48.0505720801661, 353808.0148514646,      0.0, 353808.0148514646,   1.0
 -0.10674051788562582, -0.10674203332567257, -9.310180829825649, 60.67176371796653, 31.316372507279375, 0.41318608117295474,352.74058847888176,  47.05053087936131, 353794.4700826422,      0.0, 353794.4700826422,   1.0
  0.29999939999999997, -0.10674203332567257, -9.310180829825649, 60.67176371796653, 31.316372507279375, 0.41318608117295474,352.74058847888176,  47.05053087936131, 306480.3313925979,      0.0, 306480.3313925979,   1.0
 -0.10674051788562582,  0.29999939999999997, -9.310180829825649, 60.67176371796653, 31.316372507279375, 0.41318608117295474,352.74058847888176,  47.05053087936131,248980.45088877185,      0.0,248980.45088877185,   1.0
 -0.10674051788562582, -0.10674203332567257, -8.310180829825649, 60.67176371796653, 31.316372507279375, 0.41318608117295474,352.74058847888176,  47.05053087936131,353593.92737993295,      0.0,353593.92737993295,   1.0
 -0.10674051788562582, -0.10674203332567257, -9.310180829825649, 61.67176371796653, 31.316372507279375, 0.41318608117295474,352.74058847888176,  47.05053087936131, 353806.4792384783,      0.0, 353806.4792384783,   1.0
 -0.10674051788562582, -0.10674203332567257, -9.310180829825649, 60.67176371796653, 32.316372507279375, 0.41318608117295474,352.74058847888176,  47.05053087936131, 353915.0628273668,      0.0, 353915.0628273668,   1.0
 -0.10674051788562582, -0.10674203332567257, -9.310180829825649, 60.67176371796653, 31.316372507279375, 0.02000057999999999,352.74058847888176,  47.05053087936131,276995.89571766346,      0.0,276995.89571766346,   1.0
 -0.10674051788562582, -0.10674203332567257, -9.310180829825649, 60.67176371796653, 31.316372507279375, 0.41318608117295474,353.74058847888176,  47.05053087936131,353843.61193352385,      0.0,353843.61193352385,   1.0
 -0.10674051788562582, -0.10674203332567257, -9.310180829825649, 60.67176371796653, 31.316372507279375, 0.41318608117295474,352.74058847888176,  48.05053087936131, 353807.8857226616,      0.0, 353807.8857226616,   1.0
 -0.10674011003933054, -0.10674149656524579, -9.310161452559523, 60.67175632985728, 31.316319500480983,  0.4131855623104182, 352.7405471070949,  47.05052549390096, 353794.4719999756,      0.0, 353794.4719999756,   1.0
  0.29999939999999997, -0.10674149656524579, -9.310161452559523, 60.67175632985728, 31.316319500480983,  0.4131855623104182, 352.7405471070949,  47.05052549390096, 306480.3398178102,      0.0, 306480.3398178102,   1.0
 -0.10674011003933054,  0.29999939999999997, -9.310161452559523, 60.67175632985728, 31.316319500480983,  0.4131855623104182, 352.7405471070949,  47.05052549390096,248980.37882885177,      0.0,248980.37882885177,   1.0
 -0.10674011003933054, -0.10674149656524579, -8.310161452559523, 60.67175632985728, 31.316319500480983,  0.4131855623104182, 352.7405471070949,  47.05052549390096, 353593.9586962842,      0.0, 353593.9586962842,   1.0
 -0.10674011003933054, -0.10674149656524579, -9.310161452559523, 61.67175632985728, 31.316319500480983,  0.4131855623104182, 352.7405471070949,  47.05052549390096,353807.14279387443,      0.0,353807.14279387443,   1.0
 -0.10674011003933054, -0.10674149656524579, -9.310161452559523, 60.67175632985728,  32.31631950048099,  0.4131855623104182, 352.7405471070949,  47.05052549390096, 353915.0631004387,      0.0, 353915.0631004387,   1.0
 -0.10674011003933054, -0.10674149656524579, -9.310161452559523, 60.67175632985728, 31.316319500480983, 0.02000057999999999, 352.7405471070949,  47.05052549390096,276995.88278931053,      0.0,276995.88278931053,   1.0
 -0.10674011003933054, -0.10674149656524579, -9.310161452559523, 60.67175632985728, 31.316319500480983,  0.4131855623104182, 353.7405471070949,  47.05052549390096, 353843.6062069988,      0.0, 353843.6062069988,   1.0
 -0.10674011003933054, -0.10674149656524579, -9.310161452559523, 60.67175632985728, 31.316319500480983,  0.4131855623104182, 352.7405471070949,  48.05052549390096,353807.88768583443,      0.0,353807.88768583443,   1.0
 -0.25363540191164313, -0.29999939999999997,-16.292458107386526,63.333945731369276,   50.4164888708176,          0.59999942,367.64822237438096,  48.99109101701578,281505.19059426355,      0.0,281505.19059426355,   1.0
   0.2999993999999999, -0.29999939999999997,-16.292458107386526,63.333945731369276,   50.4164888708176,          0.59999942,367.64822237438096,  48.99109101701578, 313476.8106727682,      0.0, 313476.8106727682,   1.0
 -0.25363540191164313,  0.29999939999999997,-16.292458107386526,63.333945731369276,   50.4164888708176,          0.59999942,367.64822237438096,  48.99109101701578, 312556.0930863487,      0.0, 312556.0930863487,   1.0
 -0.25363540191164313, -0.29999939999999997,-15.292458107386526,63.333945731369276,   50.4164888708176,          0.59999942,367.64822237438096,  48.99109101701578, 280151.8703627374,      0.0, 280151.8703627374,   1.0
 -0.25363540191164313, -0.29999939999999997,-16.292458107386526, 64.33394573136928,   50.4164888708176,          0.59999942,367.64822237438096,  48.99109101701578,280991.35019177274,      0.0,280991.35019177274,   1.0
 -0.25363540191164313, -0.29999939999999997,-16.292458107386526,63.333945731369276,   51.4164888708176,          0.59999942,367.64822237438096,  48.99109101701578, 281106.1370282427,      0.0, 281106.1370282427,   1.0
 -0.25363540191164313, -0.29999939999999997,-16.292458107386526,63.333945731369276,   50.4164888708176,0.020000580000000046,367.64822237438096,  48.99109101701578, 90720.58918858384,      0.0, 90720.58918858384,   1.0
 -0.25363540191164313, -0.29999939999999997,-16.292458107386526,63.333945731369276,   50.4164888708176,          0.59999942,368.64822237438096,  48.99109101701578, 281193.0373584429,      0.0, 281193.0373584429,   1.0
 -0.25363540191164313, -0.29999939999999997,-16.292458107386526,63.333945731369276,   50.4164888708176,          0.59999942,367.64822237438096,  49.99109101701578, 282583.6987313961,      0.0, 282583.6987313961,   1.0
  -0.1257629141138623,  -0.1317682158428773,-10.214362394346601,61.016507388579285,  33.78977372145163,  0.4373777836399174,354.67107722961805, 47.301826929566396, 347340.5404403807,      0.0, 347340.5404403807,   1.0
  0.29999939999999997,  -0.1317682158428773,-10.214362394346601,61.016507388579285,  33.78977372145163,  0.4373777836399174,354.67107722961805, 47.301826929566396, 310408.9250722381,      0.0, 310408.9250722381,   1.0
  -0.1257629141138623,  0.29999939999999997,-10.214362394346601,61.016507388579285,  33.78977372145163,  0.4373777836399174,354.67107722961805, 47.301826929566396, 262509.8668670234,      0.0, 262509.8668670234,   1.0
  -0.1257629141138623,  -0.1317682158428773, -9.214362394346601,61.016507388579285,  33.78977372145163,  0.4373777836399174,354.67107722961805, 47.301826929566396, 346726.3871472718,      0.0, 346726.3871472718,   1.0
  -0.1257629141138623,  -0.1317682158428773,-10.214362394346601,62.016507388579285,  33.78977372145163,  0.4373777836399174,354.67107722961805, 47.301826929566396,347249.31936563074,      0.0,347249.31936563074,   1.0
  -0.1257629141138623,  -0.1317682158428773,-10.214362394346601,61.016507388579285,  34.78977372145163,  0.4373777836399174,354.67107722961805, 47.301826929566396,347284.76687616453,      0.0,347284.76687616453,   1.0
  -0.1257629141138623,  -0.1317682158428773,-10.214362394346601,61.016507388579285,  33.78977372145163, 0.02000057999999999,354.67107722961805, 47.301826929566396,257383.69498829235,      0.0,257383.69498829235,   1.0
  -0.1257629141138623,  -0.1317682158428773,-10.214362394346601,61.016507388579285,  33.78977372145163,  0.4373777836399174,355.67107722961805, 47.301826929566396,347335.05642685917,      0.0,347335.05642685917,   1.0
  -0.1257629141138623,  -0.1317682158428773,-10.214362394346601,61.016507388579285,  33.78977372145163,  0.4373777836399174,354.67107722961805, 48.301826929566396,347406.58867006487,      0.0,347406.58867006487,   1.0
  -0.1093183545217637,  -0.1101334781384222,  -9.43271179161782,60.718481960394215, 31.651557653215075, 0.41646444069849403, 353.0022003637371,  47.08458548513009,353016.77572056785,      0.0,353016.77572056785,   1.0
  0.29999939999999997,  -0.1101334781384222,  -9.43271179161782,60.718481960394215, 31.651557653215075, 0.41646444069849403, 353.0022003637371,  47.08458548513009, 307228.6606964886,      0.0, 307228.6606964886,   1.0
  -0.1093183545217637,   0.2999993999999999,  -9.43271179161782,60.718481960394215, 31.651557653215075, 0.41646444069849403, 353.0022003637371,  47.08458548513009,250884.61389400958,      0.0,250884.61389400958,   1.0
  -0.1093183545217637,  -0.1101334781384222,  -8.43271179161782,60.718481960394215, 31.651557653215075, 0.41646444069849403, 353.0022003637371,  47.08458548513009,352765.52650365623,      0.0,352765.52650365623,   1.0
  -0.1093183545217637,  -0.1101334781384222,  -9.43271179161782,61.718481960394215, 31.651557653215075, 0.41646444069849403, 353.0022003637371,  47.08458548513009,353085.38321414834,      0.0,353085.38321414834,   1.0
  -0.1093183545217637,  -0.1101334781384222,  -9.43271179161782,60.718481960394215,  32.65155765321508, 0.41646444069849403, 353.0022003637371,  47.08458548513009,353159.04456207436,      0.0,353159.04456207436,   1.0
  -0.1093183545217637,  -0.1101334781384222,  -9.43271179161782,60.718481960394215, 31.651557653215075, 0.02000057999999999, 353.0022003637371,  47.08458548513009, 274942.3437129505,      0.0, 274942.3437129505,   1.0
  -0.1093183545217637,  -0.1101334781384222,  -9.43271179161782,60.718481960394215, 31.651557653215075, 0.41646444069849403, 354.0022003637371,  47.08458548513009, 353055.5816563876,      0.0, 353055.5816563876,   1.0
  -0.1093183545217637,  -0.1101334781384222,  -9.43271179161782,60.718481960394215, 31.651557653215075, 0.41646444069849403, 353.0022003637371,  48.08458548513009, 353045.2999428658,      0.0, 353045.2999428658,   1.0
 -0.10709405866968552, -0.10720715730463468, -9.326985506660973,60.678170955407225, 31.362341933889233, 0.41363569592748495,352.77646759968104,   47.0552013449801, 353679.6744914605,      0.0, 353679.6744914605,   1.0
  0.29999939999999997, -0.10720715730463468, -9.326985506660973,60.678170955407225, 31.362341933889233, 0.41363569592748495,352.77646759968104,   47.0552013449801, 306669.4900001391,      0.0, 306669.4900001391,   1.0
 -0.10709405866968552,   0.2999993999999999, -9.326985506660973,60.678170955407225, 31.362341933889233, 0.41363569592748495,352.77646759968104,   47.0552013449801,249207.91051474694,      0.0,249207.91051474694,   1.0
 -0.10709405866968552, -0.10720715730463468, -8.326985506660973,60.678170955407225, 31.362341933889233, 0.41363569592748495,352.77646759968104,   47.0552013449801, 353462.0299629643,      0.0, 353462.0299629643,   1.0
 -0.10709405866968552, -0.10720715730463468, -9.326985506660973,61.678170955407225, 31.362341933889233, 0.41363569592748495,352.77646759968104,   47.0552013449801,353716.23681791156,      0.0,353716.23681791156,   1.0
 -0.10709405866968552, -0.10720715730463468, -9.326985506660973,60.678170955407225,  32.36234193388923, 0.41363569592748495,352.77646759968104,   47.0552013449801, 353862.8262811619,      0.0, 353862.8262811619,   1.0
 -0.10709405866968552, -0.10720715730463468, -9.326985506660973,60.678170955407225, 31.362341933889233, 0.02000057999999999,352.77646759968104,   47.0552013449801,276730.94374402816,      0.0,276730.94374402816,   1.0
 -0.10709405866968552, -0.10720715730463468, -9.326985506660973,60.678170955407225, 31.362341933889233, 0.41363569592748495,353.77646759968104,   47.0552013449801,353725.57051695755,      0.0,353725.57051695755,   1.0
 -0.10709405866968552, -0.10720715730463468, -9.326985506660973,60.678170955407225, 31.362341933889233, 0.41363569592748495,352.77646759968104,   48.0552013449801,  353692.332032995,      0.0,  353692.332032995,   1.0
 -0.10678721667191425, -0.10680347083913139, -9.312400547352263,60.672610045292316,   31.3224445753513, 0.41324547009673024,352.74532772581006,  47.05114779776065,  353788.126774677,      0.0,  353788.126774677,   1.0
  0.29999939999999997, -0.10680347083913139, -9.312400547352263,60.672610045292316,   31.3224445753513, 0.41324547009673024,352.74532772581006,  47.05114779776065,306491.14279528253,      0.0,306491.14279528253,   1.0
 -0.10678721667191425,  0.29999939999999997, -9.312400547352263,60.672610045292316,   31.3224445753513, 0.41324547009673024,352.74532772581006,  47.05114779776065, 248993.0053048411,      0.0, 248993.0053048411,   1.0
 -0.10678721667191425, -0.10680347083913139, -8.312400547352263,60.672610045292316,   31.3224445753513, 0.41324547009673024,352.74532772581006,  47.05114779776065,353583.80773987947,      0.0,353583.80773987947,   1.0
 -0.10678721667191425, -0.10680347083913139, -9.312400547352263,61.672610045292316,   31.3224445753513, 0.41324547009673024,352.74532772581006,  47.05114779776065, 353806.3368816513,      0.0, 353806.3368816513,   1.0
 -0.10678721667191425, -0.10680347083913139, -9.312400547352263,60.672610045292316,   32.3224445753513, 0.41324547009673024,352.74532772581006,  47.05114779776065, 353900.3890120501,      0.0, 353900.3890120501,   1.0
 -0.10678721667191425, -0.10680347083913139, -9.312400547352263,60.672610045292316,   31.3224445753513, 0.02000057999999999,352.74532772581006,  47.05114779776065,276976.91880480485,      0.0,276976.91880480485,   1.0
 -0.10678721667191425, -0.10680347083913139, -9.312400547352263,60.672610045292316,   31.3224445753513, 0.41324547009673024,353.74532772581006,  47.05114779776065, 353844.1897467783,      0.0, 353844.1897467783,   1.0
 -0.10678721667191425, -0.10680347083913139, -9.312400547352263,60.672610045292316,   31.3224445753513, 0.41324547009673024,352.74532772581006,  48.05114779776065,353807.61294262833,      0.0,353807.61294262833,   1.0
 -0.10674809984451665, -0.10675200808661206, -9.310541227767514, 60.67190112942448, 31.317358380831372,  0.4131957233326673,352.74135795283166,  47.05063104350901,353784.32807655825,      0.0,353784.32807655825,   1.0
  0.29999939999999997, -0.10675200808661206, -9.310541227767514, 60.67190112942448, 31.317358380831372,  0.4131957233326673,352.74135795283166,  47.05063104350901, 306491.0612460331,      0.0, 306491.0612460331,   1.0
 -0.10674809984451665,  0.29999939999999997, -9.310541227767514, 60.67190112942448, 31.317358380831372,  0.4131957233326673,352.74135795283166,  47.05063104350901,248984.39286250292,      0.0,248984.39286250292,   1.0
 -0.10674809984451665, -0.10675200808661206, -8.310541227767514, 60.67190112942448, 31.317358380831372,  0.4131957233326673,352.74135795283166,  47.05063104350901, 353581.4687153748,      0.0, 353581.4687153748,   1.0
 -0.10674809984451665, -0.10675200808661206, -9.310541227767514, 61.67190112942448, 31.317358380831372,  0.4131957233326673,352.74135795283166,  47.05063104350901, 353804.0373610035,      0.0, 353804.0373610035,   1.0
 -0.10674809984451665, -0.10675200808661206, -9.310541227767514, 60.67190112942448,  32.31735838083137,  0.4131957233326673,352.74135795283166,  47.05063104350901,353910.30724496435,      0.0,353910.30724496435,   1.0
 -0.10674809984451665, -0.10675200808661206, -9.310541227767514, 60.67190112942448, 31.317358380831372, 0.02000057999999999,352.74135795283166,  47.05063104350901,276990.11872154917,      0.0,276990.11872154917,   1.0
 -0.10674809984451665, -0.10675200808661206, -9.310541227767514, 60.67190112942448, 31.317358380831372,  0.4131957233326673,353.74135795283166,  47.05063104350901, 353834.9113112656,      0.0, 353834.9113112656,   1.0
 -0.10674809984451665, -0.10675200808661206, -9.310541227767514, 60.67190112942448, 31.317358380831372,  0.4131957233326673,352.74135795283166,  48.05063104350901, 353799.5183522593,      0.0, 353799.5183522593,   1.0
 -0.10674063204766006, -0.10674218332813691, -9.310186264906921, 60.67176579023565, 31.316387375001533,  0.4131862261736948, 352.7406000831336,  47.05053238991073, 353794.4705336823,      0.0, 353794.4705336823,   1.0
  0.29999939999999997, -0.10674218332813691, -9.310186264906921, 60.67176579023565, 31.316387375001533,  0.4131862261736948, 352.7406000831336,  47.05053238991073, 306480.3227971955,      0.0, 306480.3227971955,   1.0
 -0.10674063204766006,  0.29999939999999997, -9.310186264906921, 60.67176579023565, 31.316387375001533,  0.4131862261736948, 352.7406000831336,  47.05053238991073,  248980.430009077,      0.0,  248980.430009077,   1.0
 -0.10674063204766006, -0.10674218332813691, -8.310186264906921, 60.67176579023565, 31.316387375001533,  0.4131862261736948, 352.7406000831336,  47.05053238991073,353593.92737993295,      0.0,353593.92737993295,   1.0
 -0.10674063204766006, -0.10674218332813691, -9.310186264906921, 61.67176579023565, 31.316387375001533,  0.4131862261736948, 352.7406000831336,  47.05053238991073, 353806.4983936878,      0.0, 353806.4983936878,   1.0
 -0.10674063204766006, -0.10674218332813691, -9.310186264906921, 60.67176579023565,  32.31638737500153,  0.4131862261736948, 352.7406000831336,  47.05053238991073,353915.06329684885,      0.0,353915.06329684885,   1.0
 -0.10674063204766006, -0.10674218332813691, -9.310186264906921, 60.67176579023565, 31.316387375001533, 0.02000057999999999, 352.7406000831336,  47.05053238991073,276995.89571766346,      0.0,276995.89571766346,   1.0
 -0.10674063204766006, -0.10674218332813691, -9.310186264906921, 60.67176579023565, 31.316387375001533,  0.4131862261736948, 353.7406000831336,  47.05053238991073,353843.61193352385,      0.0,353843.61193352385,   1.0
 -0.10674063204766006, -0.10674218332813691, -9.310186264906921, 60.67176579023565, 31.316387375001533,  0.4131862261736948, 352.7406000831336,  48.05053238991073, 353807.8857226616,      0.0, 353807.8857226616,   1.0
 -0.10674021978018057, -0.10674164094214397, -9.310166668813634, 60.67175831869521,  31.31633376961647,  0.4131857018731726,   352.74055824415,   47.0505269436364, 353794.4719999756,      0.0, 353794.4719999756,   1.0
  0.29999939999999997, -0.10674164094214397, -9.310166668813634, 60.67175831869521,  31.31633376961647,  0.4131857018731726,   352.74055824415,   47.0505269436364, 306480.3398178102,      0.0, 306480.3398178102,   1.0
 -0.10674021978018057,   0.2999993999999999, -9.310166668813634, 60.67175831869521,  31.31633376961647,  0.4131857018731726,   352.74055824415,   47.0505269436364,248980.37882885177,      0.0,248980.37882885177,   1.0
 -0.10674021978018057, -0.10674164094214397, -8.310166668813634, 60.67175831869521,  31.31633376961647,  0.4131857018731726,   352.74055824415,   47.0505269436364, 353593.9291136501,      0.0, 353593.9291136501,   1.0
 -0.10674021978018057, -0.10674164094214397, -9.310166668813634, 61.67175831869521,  31.31633376961647,  0.4131857018731726,   352.74055824415,   47.0505269436364,353807.14279387443,      0.0,353807.14279387443,   1.0
 -0.10674021978018057, -0.10674164094214397, -9.310166668813634, 60.67175831869521,  32.31633376961647,  0.4131857018731726,   352.74055824415,   47.0505269436364, 353915.0631004387,      0.0, 353915.0631004387,   1.0
 -0.10674021978018057, -0.10674164094214397, -9.310166668813634, 60.67175831869521,  31.31633376961647, 0.02000057999999999,   352.74055824415,   47.0505269436364,276995.88278931053,      0.0,276995.88278931053,   1.0
 -0.10674021978018057, -0.10674164094214397, -9.310166668813634, 60.67175831869521,  31.31633376961647,  0.4131857018731726,   353.74055824415,   47.0505269436364, 353843.6062069988,      0.0, 353843.6062069988,   1.0
 -0.10674021978018057, -0.10674164094214397, -9.310166668813634, 60.67175831869521,  31.31633376961647,  0.4131857018731726,   352.74055824415,   48.0505269436364,353807.88768583443,      0.0,353807.88768583443,   1.0
 -0.10674013319862277, -0.10674152703399807, -9.310162553377982, 60.67175674957409, 31.316322511785145, 0.41318559176321185,352.74054945741676,  47.05052579984763, 353794.4719999756,      0.0, 353794.4719999756,   1.0
            0.2999994, -0.10674152703399807, -9.310162553377982, 60.67175674957409, 31.316322511785145, 0.41318559176321185,352.74054945741676,  47.05052579984763, 306480.3398178102,      0.0, 306480.3398178102,   1.0
 -0.10674013319862277,  0.29999939999999997, -9.310162553377982, 60.67175674957409, 31.316322511785145, 0.41318559176321185,352.74054945741676,  47.05052579984763,248980.37882885177,      0.0,248980.37882885177,   1.0
 -0.10674013319862277, -0.10674152703399807, -8.310162553377982, 60.67175674957409, 31.316322511785145, 0.41318559176321185,352.74054945741676,  47.05052579984763, 353593.9586962842,      0.0, 353593.9586962842,   1.0
 -0.10674013319862277, -0.10674152703399807, -9.310162553377982, 61.67175674957409, 31.316322511785145, 0.41318559176321185,352.74054945741676,  47.05052579984763,353807.14279387443,      0.0,353807.14279387443,   1.0
 -0.10674013319862277, -0.10674152703399807, -9.310162553377982, 60.67175674957409, 32.316322511785145, 0.41318559176321185,352.74054945741676,  47.05052579984763, 353915.0631004387,      0.0, 353915.0631004387,   1.0
 -0.10674013319862277, -0.10674152703399807, -9.310162553377982, 60.67175674957409, 31.316322511785145, 0.02000057999999999,352.74054945741676,  47.05052579984763,276995.88278931053,      0.0,276995.88278931053,   1.0
 -0.10674013319862277, -0.10674152703399807, -9.310162553377982, 60.67175674957409, 31.316322511785145, 0.41318559176321185,353.74054945741676,  47.05052579984763, 353843.6062069988,      0.0, 353843.6062069988,   1.0
 -0.10674013319862277, -0.10674152703399807, -9.310162553377982, 60.67175674957409, 31.316322511785145, 0.41318559176321185,352.74054945741676,  48.05052579984763,353807.88768583443,      0.0,353807.88768583443,   1.0
 -0.10674011492678283, -0.10674150299525978, -9.310161684872222, 60.67175641843278, 31.316320135975594,   0.413185568526028,352.74054760309826,  47.05052555846682, 353794.4719999756,      0.0, 353794.4719999756,   1.0
  0.29999939999999997, -0.10674150299525978, -9.310161684872222, 60.67175641843278, 31.316320135975594,   0.413185568526028,352.74054760309826,  47.05052555846682, 306480.3398178102,      0.0, 306480.3398178102,   1.0
 -0.10674011492678283,            0.2999994, -9.310161684872222, 60.67175641843278, 31.316320135975594,   0.413185568526028,352.74054760309826,  47.05052555846682,248980.37882885177,      0.0,248980.37882885177,   1.0
 -0.10674011492678283, -0.10674150299525978, -8.310161684872222, 60.67175641843278, 31.316320135975594,   0.413185568526028,352.74054760309826,  47.05052555846682, 353593.9586962842,      0.0, 353593.9586962842,   1.0
 -0.10674011492678283, -0.10674150299525978, -9.310161684872222, 61.67175641843278, 31.316320135975594,   0.413185568526028,352.74054760309826,  47.05052555846682,353807.14279387443,      0.0,353807.14279387443,   1.0
 -0.10674011492678283, -0.10674150299525978, -9.310161684872222, 60.67175641843278, 32.316320135975594,   0.413185568526028,352.74054760309826,  47.05052555846682, 353915.0631004387,      0.0, 353915.0631004387,   1.0
 -0.10674011492678283, -0.10674150299525978, -9.310161684872222, 60.67175641843278, 31.316320135975594, 0.02000057999999999,352.74054760309826,  47.05052555846682,276995.88278931053,      0.0,276995.88278931053,   1.0
 -0.10674011492678283, -0.10674150299525978, -9.310161684872222, 60.67175641843278, 31.316320135975594,   0.413185568526028,353.74054760309826,  47.05052555846682, 353843.6062069988,      0.0, 353843.6062069988,   1.0
 -0.10674011492678283, -0.10674150299525978, -9.310161684872222, 60.67175641843278, 31.316320135975594,   0.413185568526028,352.74054760309826,  48.05052555846682,353807.88768583443,      0.0,353807.88768583443,   1.0
 -0.10674011107076056, -0.10674149792221237, -9.310161501585943, 60.67175634854993, 31.316319634593437,  0.4131855636221377,352.74054721176964,  47.05052550752671, 353794.4719999756,      0.0, 353794.4719999756,   1.0
            0.2999994, -0.10674149792221237, -9.310161501585943, 60.67175634854993, 31.316319634593437,  0.4131855636221377,352.74054721176964,  47.05052550752671, 306480.3398178102,      0.0, 306480.3398178102,   1.0
 -0.10674011107076056,  0.29999939999999997, -9.310161501585943, 60.67175634854993, 31.316319634593437,  0.4131855636221377,352.74054721176964,  47.05052550752671,248980.37882885177,      0.0,248980.37882885177,   1.0
 -0.10674011107076056, -0.10674149792221237, -8.310161501585943, 60.67175634854993, 31.316319634593437,  0.4131855636221377,352.74054721176964,  47.05052550752671, 353593.9586962842,      0.0, 353593.9586962842,   1.0
 -0.10674011107076056, -0.10674149792221237, -9.310161501585943, 61.67175634854993, 31.316319634593437,  0.4131855636221377,352.74054721176964,  47.05052550752671,353807.14279387443,      0.0,353807.14279387443,   1.0
 -0.10674011107076056, -0.10674149792221237, -9.310161501585943, 60.67175634854993,  32.31631963459344,  0.4131855636221377,352.74054721176964,  47.05052550752671, 353915.0631004387,      0.0, 353915.0631004387,   1.0
 -0.10674011107076056, -0.10674149792221237, -9.310161501585943, 60.67175634854993, 31.316319634593437, 0.02000057999999999,352.74054721176964,  47.05052550752671,276995.88278931053,      0.0,276995.88278931053,   1.0
 -0.10674011107076056, -0.10674149792221237, -9.310161501585943, 60.67175634854993, 31.316319634593437,  0.4131855636221377,353.74054721176964,  47.05052550752671, 353843.6062069988,      0.0, 353843.6062069988,   1.0
 -0.10674011107076056, -0.10674149792221237, -9.310161501585943, 60.67175634854993, 31.316319634593437,  0.4131855636221377,352.74054721176964,  48.05052550752671,353807.88768583443,      0.0,353807.88768583443,   1.0
 -0.10674011025699974, -0.10674149685161503,  -9.31016146290588, 60.67175633380211, 31.316319528783584, 0.41318556258723865, 352.7405471291851,  47.05052549677649, 353794.4719999756,      0.0, 353794.4719999756,   1.0
  0.29999939999999997, -0.10674149685161503,  -9.31016146290588, 60.67175633380211, 31.316319528783584, 0.41318556258723865, 352.7405471291851,  47.05052549677649, 306480.3398178102,      0.0, 306480.3398178102,   1.0
 -0.10674011025699974,  0.29999939999999997,  -9.31016146290588, 60.67175633380211, 31.316319528783584, 0.41318556258723865, 352.7405471291851,  47.05052549677649,248980.37882885177,      0.0,248980.37882885177,   1.0
 -0.10674011025699974, -0.10674149685161503,  -8.31016146290588, 60.67175633380211, 31.316319528783584, 0.41318556258723865, 352.7405471291851,  47.05052549677649, 353593.9586962842,      0.0, 353593.9586962842,   1.0
 -0.10674011025699974, -0.10674149685161503,  -9.31016146290588, 61.67175633380211, 31.316319528783584, 0.41318556258723865, 352.7405471291851,  47.05052549677649,353807.14279387443,      0.0,353807.14279387443,   1.0
 -0.10674011025699974, -0.10674149685161503,  -9.31016146290588, 60.67175633380211,  32.31631952878358, 0.41318556258723865, 352.7405471291851,  47.05052549677649, 353915.0631004387,      0.0, 353915.0631004387,   1.0
 -0.10674011025699974, -0.10674149685161503,  -9.31016146290588, 60.67175633380211, 31.316319528783584, 0.02000057999999999, 352.7405471291851,  47.05052549677649,276995.88278931053,      0.0,276995.88278931053,   1.0
 -0.10674011025699974, -0.10674149685161503,  -9.31016146290588, 60.67175633380211, 31.316319528783584, 0.41318556258723865, 353.7405471291851,  47.05052549677649, 353843.6062069988,      0.0, 353843.6062069988,   1.0
 -0.10674011025699974, -0.10674149685161503,  -9.31016146290588, 60.67175633380211, 31.316319528783584, 0.41318556258723865, 352.7405471291851,  48.05052549677649,353807.88768583443,      0.0,353807.88768583443,   1.0
 -0.10674011008526665, -0.10674149662568011,  -9.31016145474298, 60.67175633068978, 31.316319506453862, 0.41318556236883736,352.74054711175677,   47.0505254945078, 353794.4719999756,      0.0, 353794.4719999756,   1.0
            0.2999994, -0.10674149662568011,  -9.31016145474298, 60.67175633068978, 31.316319506453862, 0.41318556236883736,352.74054711175677,   47.0505254945078, 306480.3398178102,      0.0, 306480.3398178102,   1.0
 -0.10674011008526665,  0.29999939999999997,  -9.31016145474298, 60.67175633068978, 31.316319506453862, 0.41318556236883736,352.74054711175677,   47.0505254945078,248980.37882885177,      0.0,248980.37882885177,   1.0
 -0.10674011008526665, -0.10674149662568011,  -8.31016145474298, 60.67175633068978, 31.316319506453862, 0.41318556236883736,352.74054711175677,   47.0505254945078, 353593.9586962842,      0.0, 353593.9586962842,   1.0
 -0.10674011008526665, -0.10674149662568011,  -9.31016145474298, 61.67175633068978, 31.316319506453862, 0.41318556236883736,352.74054711175677,   47.0505254945078,353807.14279387443,      0.0,353807.14279387443,   1.0
 -0.10674011008526665, -0.10674149662568011,  -9.31016145474298, 60.67175633068978, 32.316319506453866, 0.41318556236883736,352.74054711175677,   47.0505254945078, 353915.0631004387,      0.0, 353915.0631004387,   1.0
 -0.10674011008526665, -0.10674149662568011,  -9.31016145474298, 60.67175633068978, 31.316319506453862, 0.02000057999999999,352.74054711175677,   47.0505254945078,276995.88278931053,      0.0,276995.88278931053,   1.0
 -0.10674011008526665, -0.10674149662568011,  -9.31016145474298, 60.67175633068978, 31.316319506453862, 0.41318556236883736,353.74054711175677,   47.0505254945078, 353843.6062069988,      0.0, 353843.6062069988,   1.0
 -0.10674011008526665, -0.10674149662568011,  -9.31016145474298, 60.67175633068978, 31.316319506453862, 0.41318556236883736,352.74054711175677,   48.0505254945078,353807.88768583443,      0.0,353807.88768583443,   1.0
 -0.10674011004902471, -0.10674149657799961, -9.310161453020312, 60.67175633003297, 31.316319501741475,  0.4131855623227468, 352.7405471080787,  47.05052549402903, 353794.4719999756,      0.0, 353794.4719999756,   1.0
  0.29999939999999997, -0.10674149657799961, -9.310161453020312, 60.67175633003297, 31.316319501741475,  0.4131855623227468, 352.7405471080787,  47.05052549402903, 306480.3398178102,      0.0, 306480.3398178102,   1.0
 -0.10674011004902471,            0.2999994, -9.310161453020312, 60.67175633003297, 31.316319501741475,  0.4131855623227468, 352.7405471080787,  47.05052549402903,248980.37882885177,      0.0,248980.37882885177,   1.0
 -0.10674011004902471, -0.10674149657799961, -8.310161453020312, 60.67175633003297, 31.316319501741475,  0.4131855623227468, 352.7405471080787,  47.05052549402903, 353593.9586962842,      0.0, 353593.9586962842,   1.0
 -0.10674011004902471, -0.10674149657799961, -9.310161453020312, 61.67175633003297, 31.316319501741475,  0.4131855623227468, 352.7405471080787,  47.05052549402903,353807.14279387443,      0.0,353807.14279387443,   1.0
 -0.10674011004902471, -0.10674149657799961, -9.310161453020312, 60.67175633003297, 32.316319501741475,  0.4131855623227468, 352.7405471080787,  47.05052549402903, 353915.0631004387,      0.0, 353915.0631004387,   1.0
 -0.10674011004902471, -0.10674149657799961, -9.310161453020312, 60.67175633003297, 31.316319501741475, 0.02000057999999999, 352.7405471080787,  47.05052549402903,276995.88278931053,      0.0,276995.88278931053,   1.0
 -0.10674011004902471, -0.10674149657799961, -9.310161453020312, 60.67175633003297, 31.316319501741475,  0.4131855623227468, 353.7405471080787,  47.05052549402903, 353843.6062069988,      0.0, 353843.6062069988,   1.0
 -0.10674011004902471, -0.10674149657799961, -9.310161453020312, 60.67175633003297, 31.316319501741475,  0.4131855623227468, 352.7405471080787,  48.05052549402903,353807.88768583443,      0.0,353807.88768583443,   1.0
 -0.10674011004137637, -0.10674149656793731, -9.310161452656766, 60.67175632989436, 31.316319500746992,    0.41318556231302, 352.7405471073026,  47.05052549392799, 353794.4719999756,      0.0, 353794.4719999756,   1.0
   0.2999993999999999, -0.10674149656793731, -9.310161452656766, 60.67175632989436, 31.316319500746992,    0.41318556231302, 352.7405471073026,  47.05052549392799, 306480.3398178102,      0.0, 306480.3398178102,   1.0
 -0.10674011004137637,  0.29999939999999997, -9.310161452656766, 60.67175632989436, 31.316319500746992,    0.41318556231302, 352.7405471073026,  47.05052549392799,248980.37882885177,      0.0,248980.37882885177,   1.0
 -0.10674011004137637, -0.10674149656793731, -8.310161452656766, 60.67175632989436, 31.316319500746992,    0.41318556231302, 352.7405471073026,  47.05052549392799, 353593.9586962842,      0.0, 353593.9586962842,   1.0
 -0.10674011004137637, -0.10674149656793731, -9.310161452656766, 61.67175632989436, 31.316319500746992,    0.41318556231302, 352.7405471073026,  47.05052549392799,353807.14279387443,      0.0,353807.14279387443,   1.0
 -0.10674011004137637, -0.10674149656793731, -9.310161452656766, 60.67175632989436,  32.31631950074699,    0.41318556231302, 352.7405471073026,  47.05052549392799, 353915.0631004387,      0.0, 353915.0631004387,   1.0
 -0.10674011004137637, -0.10674149656793731, -9.310161452656766, 60.67175632989436, 31.316319500746992, 0.02000057999999999, 352.7405471073026,  47.05052549392799,276995.88278931053,      0.0,276995.88278931053,   1.0
 -0.10674011004137637, -0.10674149656793731, -9.310161452656766, 60.67175632989436, 31.316319500746992,    0.41318556231302, 353.7405471073026,  47.05052549392799, 353843.6062069988,      0.0, 353843.6062069988,   1.0
 -0.10674011004137637, -0.10674149656793731, -9.310161452656766, 60.67175632989436, 31.316319500746992,    0.41318556231302, 352.7405471073026,  48.05052549392799,353807.88768583443,      0.0,353807.88768583443,   1.0
 -0.10674011003976228, -0.10674149656581379, -9.310161452580045,60.671756329865104,  31.31631950053712, 0.41318556231096726,352.74054710713875,  47.05052549390667, 353794.4719999756,      0.0, 353794.4719999756,   1.0
            0.2999994, -0.10674149656581379, -9.310161452580045,60.671756329865104,  31.31631950053712, 0.41318556231096726,352.74054710713875,  47.05052549390667, 306480.3398178102,      0.0, 306480.3398178102,   1.0
 -0.10674011003976228,  0.29999939999999997, -9.310161452580045,60.671756329865104,  31.31631950053712, 0.41318556231096726,352.74054710713875,  47.05052549390667,248980.37882885177,      0.0,248980.37882885177,   1.0
 -0.10674011003976228, -0.10674149656581379, -8.310161452580045,60.671756329865104,  31.31631950053712, 0.41318556231096726,352.74054710713875,  47.05052549390667, 353593.9586962842,      0.0, 353593.9586962842,   1.0
 -0.10674011003976228, -0.10674149656581379, -9.310161452580045,61.671756329865104,  31.31631950053712, 0.41318556231096726,352.74054710713875,  47.05052549390667,353807.14279387443,      0.0,353807.14279387443,   1.0
 -0.10674011003976228, -0.10674149656581379, -9.310161452580045,60.671756329865104,  32.31631950053712, 0.41318556231096726,352.74054710713875,  47.05052549390667, 353915.0631004387,      0.0, 353915.0631004387,   1.0
 -0.10674011003976228, -0.10674149656581379, -9.310161452580045,60.671756329865104,  31.31631950053712, 0.02000057999999999,352.74054710713875,  47.05052549390667,276995.88278931053,      0.0,276995.88278931053,   1.0
 -0.10674011003976228, -0.10674149656581379, -9.310161452580045,60.671756329865104,  31.31631950053712, 0.41318556231096726,353.74054710713875,  47.05052549390667, 353843.6062069988,      0.0, 353843.6062069988,   1.0
 -0.10674011003976228, -0.10674149656581379, -9.310161452580045,60.671756329865104,  31.31631950053712, 0.41318556231096726,352.74054710713875,  48.05052549390667,353807.88768583443,      0.0,353807.88768583443,   1.0
 -0.10674011003942166, -0.10674149656536566, -9.310161452563854, 60.67175632985893,  31.31631950049283,  0.4131855623105341, 352.7405471071042, 47.050525493902164, 353794.4719999756,      0.0, 353794.4719999756,   1.0
            0.2999994, -0.10674149656536566, -9.310161452563854, 60.67175632985893,  31.31631950049283,  0.4131855623105341, 352.7405471071042, 47.050525493902164, 306480.3398178102,      0.0, 306480.3398178102,   1.0
 -0.10674011003942166,   0.2999993999999999, -9.310161452563854, 60.67175632985893,  31.31631950049283,  0.4131855623105341, 352.7405471071042, 47.050525493902164,248980.37882885177,      0.0,248980.37882885177,   1.0
 -0.10674011003942166, -0.10674149656536566, -8.310161452563854, 60.67175632985893,  31.31631950049283,  0.4131855623105341, 352.7405471071042, 47.050525493902164, 353593.9586962842,      0.0, 353593.9586962842,   1.0
 -0.10674011003942166, -0.10674149656536566, -9.310161452563854, 61.67175632985893,  31.31631950049283,  0.4131855623105341, 352.7405471071042, 47.050525493902164,353807.14279387443,      0.0,353807.14279387443,   1.0
 -0.10674011003942166, -0.10674149656536566, -9.310161452563854, 60.67175632985893,  32.31631950049283,  0.4131855623105341, 352.7405471071042, 47.050525493902164, 353915.0631004387,      0.0, 353915.0631004387,   1.0
 -0.10674011003942166, -0.10674149656536566, -9.310161452563854, 60.67175632985893,  31.31631950049283, 0.02000057999999999, 352.7405471071042, 47.050525493902164,276995.88278931053,      0.0,276995.88278931053,   1.0
 -0.10674011003942166, -0.10674149656536566, -9.310161452563854, 60.67175632985893,  31.31631950049283,  0.4131855623105341, 353.7405471071042, 47.050525493902164, 353843.6062069988,      0.0, 353843.6062069988,   1.0
 -0.10674011003942166, -0.10674149656536566, -9.310161452563854, 60.67175632985893,  31.31631950049283,  0.4131855623105341, 352.7405471071042, 48.050525493902164,353807.88768583443,      0.0,353807.88768583443,   1.0
 -0.10674011003934977, -0.10674149656527109, -9.310161452560438, 60.67175632985763, 31.316319500483484,  0.4131855623104427,352.74054710709686,  47.05052549390122, 353794.4719999756,      0.0, 353794.4719999756,   1.0
   0.2999993999999999, -0.10674149656527109, -9.310161452560438, 60.67175632985763, 31.316319500483484,  0.4131855623104427,352.74054710709686,  47.05052549390122, 306480.3398178102,      0.0, 306480.3398178102,   1.0
 -0.10674011003934977,  0.29999939999999997, -9.310161452560438, 60.67175632985763, 31.316319500483484,  0.4131855623104427,352.74054710709686,  47.05052549390122,248980.37882885177,      0.0,248980.37882885177,   1.0
 -0.10674011003934977, -0.10674149656527109, -8.310161452560438, 60.67175632985763, 31.316319500483484,  0.4131855623104427,352.74054710709686,  47.05052549390122, 353593.9586962842,      0.0, 353593.9586962842,   1.0
 -0.10674011003934977, -0.10674149656527109, -9.310161452560438, 61.67175632985763, 31.316319500483484,  0.4131855623104427,352.74054710709686,  47.05052549390122,353807.14279387443,      0.0,353807.14279387443,   1.0
 -0.10674011003934977, -0.10674149656527109, -9.310161452560438, 60.67175632985763,  32.31631950048349,  0.4131855623104427,352.74054710709686,  47.05052549390122, 353915.0631004387,      0.0, 353915.0631004387,   1.0
 -0.10674011003934977, -0.10674149656527109, -9.310161452560438, 60.67175632985763, 31.316319500483484, 0.02000057999999999,352.74054710709686,  47.05052549390122,276995.88278931053,      0.0,276995.88278931053,   1.0
 -0.10674011003934977, -0.10674149656527109, -9.310161452560438, 60.67175632985763, 31.316319500483484,  0.4131855623104427,353.74054710709686,  47.05052549390122, 353843.6062069988,      0.0, 353843.6062069988,   1.0
 -0.10674011003934977, -0.10674149656527109, -9.310161452560438, 60.67175632985763, 31.316319500483484,  0.4131855623104427,352.74054710709686,  48.05052549390122,353807.88768583443,      0.0,353807.88768583443,   1.0
 -0.10674011003939722, -0.10674149656533351, -9.310161452562692, 60.67175632985849,  31.31631950048965,   0.413185562310503, 352.7405471071017, 47.050525493901844, 353794.4719999756,      0.0, 353794.4719999756,   1.0
  0.29999939999999997, -0.10674149656533351, -9.310161452562692, 60.67175632985849,  31.31631950048965,   0.413185562310503, 352.7405471071017, 47.050525493901844, 306480.3398178102,      0.0, 306480.3398178102,   1.0
 -0.10674011003939722,  0.29999939999999997, -9.310161452562692, 60.67175632985849,  31.31631950048965,   0.413185562310503, 352.7405471071017, 47.050525493901844,248980.37882885177,      0.0,248980.37882885177,   1.0
 -0.10674011003939722, -0.10674149656533351, -8.310161452562692, 60.67175632985849,  31.31631950048965,   0.413185562310503, 352.7405471071017, 47.050525493901844, 353593.9586962842,      0.0, 353593.9586962842,   1.0
 -0.10674011003939722, -0.10674149656533351, -9.310161452562692, 61.67175632985849,  31.31631950048965,   0.413185562310503, 352.7405471071017, 47.050525493901844,353807.14279387443,      0.0,353807.14279387443,   1.0
 -0.10674011003939722, -0.10674149656533351, -9.310161452562692, 60.67175632985849, 32.316319500489655,   0.413185562310503, 352.7405471071017, 47.050525493901844, 353915.0631004387,      0.0, 353915.0631004387,   1.0
 -0.10674011003939722, -0.10674149656533351, -9.310161452562692, 60.67175632985849,  31.31631950048965, 0.02000057999999999, 352.7405471071017, 47.050525493901844,276995.88278931053,      0.0,276995.88278931053,   1.0
 -0.10674011003939722, -0.10674149656533351, -9.310161452562692, 60.67175632985849,  31.31631950048965,   0.413185562310503, 353.7405471071017, 47.050525493901844, 353843.6062069988,      0.0, 353843.6062069988,   1.0
 -0.10674011003939722, -0.10674149656533351, -9.310161452562692, 60.67175632985849,  31.31631950048965,   0.413185562310503, 352.7405471071017, 48.050525493901844,353807.88768583443,      0.0,353807.88768583443,   1.0
 -0.10674011003935978, -0.10674149656528426, -9.310161452560912,60.671756329857814, 31.316319500484784,  0.4131855623104554, 352.7405471070979,  47.05052549390135, 353794.4719999756,      0.0, 353794.4719999756,   1.0
  0.29999939999999997, -0.10674149656528426, -9.310161452560912,60.671756329857814, 31.316319500484784,  0.4131855623104554, 352.7405471070979,  47.05052549390135, 306480.3398178102,      0.0, 306480.3398178102,   1.0
 -0.10674011003935978,  0.29999939999999997, -9.310161452560912,60.671756329857814, 31.316319500484784,  0.4131855623104554, 352.7405471070979,  47.05052549390135,248980.37882885177,      0.0,248980.37882885177,   1.0
 -0.10674011003935978, -0.10674149656528426, -8.310161452560912,60.671756329857814, 31.316319500484784,  0.4131855623104554, 352.7405471070979,  47.05052549390135, 353593.9586962842,      0.0, 353593.9586962842,   1.0
 -0.10674011003935978, -0.10674149656528426, -9.310161452560912,61.671756329857814, 31.316319500484784,  0.4131855623104554, 352.7405471070979,  47.05052549390135,353807.14279387443,      0.0,353807.14279387443,   1.0
 -0.10674011003935978, -0.10674149656528426, -9.310161452560912,60.671756329857814,  32.31631950048478,  0.4131855623104554, 352.7405471070979,  47.05052549390135, 353915.0631004387,      0.0, 353915.0631004387,   1.0
 -0.10674011003935978, -0.10674149656528426, -9.310161452560912,60.671756329857814, 31.316319500484784, 0.02000057999999999, 352.7405471070979,  47.05052549390135,276995.88278931053,      0.0,276995.88278931053,   1.0
 -0.10674011003935978, -0.10674149656528426, -9.310161452560912,60.671756329857814, 31.316319500484784,  0.4131855623104554, 353.7405471070979,  47.05052549390135, 353843.6062069988,      0.0, 353843.6062069988,   1.0
 -0.10674011003935978, -0.10674149656528426, -9.310161452560912,60.671756329857814, 31.316319500484784,  0.4131855623104554, 352.7405471070979,  48.05052549390135,353807.88768583443,      0.0,353807.88768583443,   1.0
 -0.29999939999999997, -0.29999939999999997,          -59.99988,          79.99994,          169.99974,          0.59999942,451.00896131340886,  73.88189725518953,266380.59087234316,      0.0,266380.59087234316,   1.0
  0.29999939999999997, -0.29999939999999997,          -59.99988,          79.99994,          169.99974,          0.59999942,451.00896131340886,  73.88189725518953,212561.49896559268,      0.0,212561.49896559268,   1.0
 -0.29999939999999997,  0.29999939999999997,          -59.99988,          79.99994,          169.99974,          0.59999942,451.00896131340886,  73.88189725518953,257254.13075804667,      0.0,257254.13075804667,   1.0
 -0.29999939999999997, -0.29999939999999997,          -58.99988,          79.99994,          169.99974,          0.59999942,451.00896131340886,  73.88189725518953,  266543.767267431,      0.0,  266543.767267431,   1.0
 -0.29999939999999997, -0.29999939999999997,          -59.99988,          78.99994,          169.99974,          0.59999942,451.00896131340886,  73.88189725518953, 267209.3580661756,      0.0, 267209.3580661756,   1.0
 -0.29999939999999997, -0.29999939999999997,          -59.99988,          79.99994,          168.99974,          0.59999942,451.00896131340886,  73.88189725518953,266548.60697980423,      0.0,266548.60697980423,   1.0
 -0.29999939999999997, -0.29999939999999997,          -59.99988,          79.99994,          169.99974,0.020000580000000046,451.00896131340886,  73.88189725518953, 259082.1669156269,      0.0, 259082.1669156269,   1.0
 -0.29999939999999997, -0.29999939999999997,          -59.99988,          79.99994,          169.99974,          0.59999942,452.00896131340886,  73.88189725518953,266334.78478451085,      0.0,266334.78478451085,   1.0
 -0.29999939999999997, -0.29999939999999997,          -59.99988,          79.99994,          169.99974,          0.59999942,451.00896131340886,  74.88189725518953, 266503.9556653147,      0.0, 266503.9556653147,   1.0
    -0.13702689066204,  -0.1370280598974631,-17.254040299396088,63.700787735137624,  53.05020009960098, 0.44246224197884654, 368.1407584180952,   51.2554248832441, 339800.6360026095,      0.0, 339800.6360026095,   1.0
  0.29999939999999997,  -0.1370280598974631,-17.254040299396088,63.700787735137624,  53.05020009960098, 0.44246224197884654, 368.1407584180952,   51.2554248832441,264005.96228921536,      0.0,264005.96228921536,   1.0
    -0.13702689066204,   0.2999993999999999,-17.254040299396088,63.700787735137624,  53.05020009960098, 0.44246224197884654, 368.1407584180952,   51.2554248832441, 306966.1850133961,      0.0, 306966.1850133961,   1.0
    -0.13702689066204,  -0.1370280598974631,-16.254040299396088,63.700787735137624,  53.05020009960098, 0.44246224197884654, 368.1407584180952,   51.2554248832441,338905.00878112833,      0.0,338905.00878112833,   1.0
    -0.13702689066204,  -0.1370280598974631,-17.254040299396088, 64.70078773513762,  53.05020009960098, 0.44246224197884654, 368.1407584180952,   51.2554248832441,339671.52538380335,      0.0,339671.52538380335,   1.0
    -0.13702689066204,  -0.1370280598974631,-17.254040299396088,63.700787735137624,  54.05020009960098, 0.44246224197884654, 368.1407584180952,   51.2554248832441, 339034.2563624617,      0.0, 339034.2563624617,   1.0
    -0.13702689066204,  -0.1370280598974631,-17.254040299396088,63.700787735137624,  53.05020009960098, 0.02000057999999999, 368.1407584180952,   51.2554248832441,210394.52055012406,      0.0,210394.52055012406,   1.0
    -0.13702689066204,  -0.1370280598974631,-17.254040299396088,63.700787735137624,  53.05020009960098, 0.44246224197884654, 369.1407584180952,   51.2554248832441, 339704.9717593972,      0.0, 339704.9717593972,   1.0
    -0.13702689066204,  -0.1370280598974631,-17.254040299396088,63.700787735137624,  53.05020009960098, 0.44246224197884654, 368.1407584180952,   52.2554248832441,339894.92162511795,      0.0,339894.92162511795,   1.0
  -0.1109153770101146, -0.11091673358085481,-10.405286595845213, 61.08933173800257,  34.31250304811195,   0.417221579051734,354.86358535374507,  47.63020339874339,353225.31785749836,      0.0,353225.31785749836,   1.0
  0.29999939999999997, -0.11091673358085481,-10.405286595845213, 61.08933173800257,  34.31250304811195,   0.417221579051734,354.86358535374507,  47.63020339874339,301623.36886795517,      0.0,301623.36886795517,   1.0
  -0.1109153770101146,  0.29999939999999997,-10.405286595845213, 61.08933173800257,  34.31250304811195,   0.417221579051734,354.86358535374507,  47.63020339874339,258839.83872236326,      0.0,258839.83872236326,   1.0
  -0.1109153770101146, -0.11091673358085481, -9.405286595845213, 61.08933173800257,  34.31250304811195,   0.417221579051734,354.86358535374507,  47.63020339874339,352773.03930697346,      0.0,352773.03930697346,   1.0
  -0.1109153770101146, -0.11091673358085481,-10.405286595845213, 62.08933173800257,  34.31250304811195,   0.417221579051734,354.86358535374507,  47.63020339874339, 353244.4811480834,      0.0, 353244.4811480834,   1.0
  -0.1109153770101146, -0.11091673358085481,-10.405286595845213, 61.08933173800257,  35.31250304811195,   0.417221579051734,354.86358535374507,  47.63020339874339,353217.83119861723,      0.0,353217.83119861723,   1.0
  -0.1109153770101146, -0.11091673358085481,-10.405286595845213, 61.08933173800257,  34.31250304811195, 0.02000057999999999,354.86358535374507,  47.63020339874339,268363.99858351547,      0.0,268363.99858351547,   1.0
  -0.1109153770101146, -0.11091673358085481,-10.405286595845213, 61.08933173800257,  34.31250304811195,   0.417221579051734,355.86358535374507,  47.63020339874339, 353261.7752191612,      0.0, 353261.7752191612,   1.0
  -0.1109153770101146, -0.11091673358085481,-10.405286595845213, 61.08933173800257,  34.31250304811195,   0.417221579051734,354.86358535374507,  48.63020339874339,353210.65661537467,      0.0,353210.65661537467,   1.0
 -0.10745713229655093, -0.10745851367823771, -9.498228253478377, 60.74346692077354, 31.830856727777263,  0.4138786710036556,353.10513832639424,  47.15007408868528, 353711.0367519533,      0.0, 353711.0367519533,   1.0
   0.2999993999999999, -0.10745851367823771, -9.498228253478377, 60.74346692077354, 31.830856727777263,  0.4138786710036556,353.10513832639424,  47.15007408868528,305618.61417243164,      0.0,305618.61417243164,   1.0
 -0.10745713229655093,  0.29999939999999997, -9.498228253478377, 60.74346692077354, 31.830856727777263,  0.4138786710036556,353.10513832639424,  47.15007408868528,250748.13084955842,      0.0,250748.13084955842,   1.0
 -0.10745713229655093, -0.10745851367823771, -8.498228253478377, 60.74346692077354, 31.830856727777263,  0.4138786710036556,353.10513832639424,  47.15007408868528,353497.62614814076,      0.0,353497.62614814076,   1.0
 -0.10745713229655093, -0.10745851367823771, -9.498228253478377, 61.74346692077354, 31.830856727777263,  0.4138786710036556,353.10513832639424,  47.15007408868528,353867.49729336996,      0.0,353867.49729336996,   1.0
 -0.10745713229655093, -0.10745851367823771, -9.498228253478377, 60.74346692077354,  32.83085672777726,  0.4138786710036556,353.10513832639424,  47.15007408868528, 353791.8276827313,      0.0, 353791.8276827313,   1.0
 -0.10745713229655093, -0.10745851367823771, -9.498228253478377, 60.74346692077354, 31.830856727777263, 0.02000057999999999,353.10513832639424,  47.15007408868528,275654.45699335437,      0.0,275654.45699335437,   1.0
 -0.10745713229655093, -0.10745851367823771, -9.498228253478377, 60.74346692077354, 31.830856727777263,  0.4138786710036556,354.10513832639424,  47.15007408868528, 353757.0936886391,      0.0, 353757.0936886391,   1.0
 -0.10745713229655093, -0.10745851367823771, -9.498228253478377, 60.74346692077354, 31.830856727777263,  0.4138786710036556,353.10513832639424,  48.15007408868528,353734.44760275923,      0.0,353734.44760275923,   1.0
  -0.1068655492508223, -0.10686693487678227, -9.343062734182901,60.684301714452474, 31.406335038248816, 0.41330681797170665, 352.8043303922094,  47.06794098848165, 353773.4507771251,      0.0, 353773.4507771251,   1.0
  0.29999939999999997, -0.10686693487678227, -9.343062734182901,60.684301714452474, 31.406335038248816, 0.41330681797170665, 352.8043303922094,  47.06794098848165, 306299.8329222982,      0.0, 306299.8329222982,   1.0
  -0.1068655492508223,  0.29999939999999997, -9.343062734182901,60.684301714452474, 31.406335038248816, 0.41330681797170665, 352.8043303922094,  47.06794098848165,249242.69376992894,      0.0,249242.69376992894,   1.0
  -0.1068655492508223, -0.10686693487678227, -8.343062734182901,60.684301714452474, 31.406335038248816, 0.41330681797170665, 352.8043303922094,  47.06794098848165, 353580.8391849803,      0.0, 353580.8391849803,   1.0
  -0.1068655492508223, -0.10686693487678227, -9.343062734182901,61.684301714452474, 31.406335038248816, 0.41330681797170665, 352.8043303922094,  47.06794098848165, 353801.5315779081,      0.0, 353801.5315779081,   1.0
  -0.1068655492508223, -0.10686693487678227, -9.343062734182901,60.684301714452474,  32.40633503824881, 0.41330681797170665, 352.8043303922094,  47.06794098848165,353920.46688072185,      0.0,353920.46688072185,   1.0
  -0.1068655492508223, -0.10686693487678227, -9.343062734182901,60.684301714452474, 31.406335038248816, 0.02000057999999999, 352.8043303922094,  47.06794098848165,276760.43763883976,      0.0,276760.43763883976,   1.0
  -0.1068655492508223, -0.10686693487678227, -9.343062734182901,60.684301714452474, 31.406335038248816, 0.41330681797170665, 353.8043303922094,  47.06794098848165,353832.23174597113,      0.0,353832.23174597113,   1.0
  -0.1068655492508223, -0.10686693487678227, -9.343062734182901,60.684301714452474, 31.406335038248816, 0.41330681797170665, 352.8043303922094,  48.06794098848165, 353790.7840389071,      0.0, 353790.7840389071,   1.0
  -0.1067601933900383, -0.10676157977186689,  -9.31542908753362, 60.67376489923198,  31.33073137052257,  0.4132049758569639, 352.7507590820349,  47.05331378857576,353790.63124665053,      0.0,353790.63124665053,   1.0
  0.29999939999999997, -0.10676157977186689,  -9.31542908753362, 60.67376489923198,  31.33073137052257,  0.4132049758569639, 352.7507590820349,  47.05331378857576,306468.53598043224,      0.0,306468.53598043224,   1.0
  -0.1067601933900383,  0.29999939999999997,  -9.31542908753362, 60.67376489923198,  31.33073137052257,  0.4132049758569639, 352.7507590820349,  47.05331378857576,249011.19873314284,      0.0,249011.19873314284,   1.0
  -0.1067601933900383, -0.10676157977186689,  -8.31542908753362, 60.67376489923198,  31.33073137052257,  0.4132049758569639, 352.7507590820349,  47.05331378857576, 353593.3375619511,      0.0, 353593.3375619511,   1.0
  -0.1067601933900383, -0.10676157977186689,  -9.31542908753362, 61.67376489923198,  31.33073137052257,  0.4132049758569639, 352.7507590820349,  47.05331378857576,353807.18794978625,      0.0,353807.18794978625,   1.0
  -0.1067601933900383, -0.10676157977186689,  -9.31542908753362, 60.67376489923198,  32.33073137052257,  0.4132049758569639, 352.7507590820349,  47.05331378857576,353916.28670423845,      0.0,353916.28670423845,   1.0
  -0.1067601933900383, -0.10676157977186689,  -9.31542908753362, 60.67376489923198,  31.33073137052257, 0.02000057999999999, 352.7507590820349,  47.05331378857576,276959.98930722283,      0.0,276959.98930722283,   1.0
  -0.1067601933900383, -0.10676157977186689,  -9.31542908753362, 60.67376489923198,  31.33073137052257,  0.4132049758569639, 353.7507590820349,  47.05331378857576,353839.18106947344,      0.0,353839.18106947344,   1.0
  -0.1067601933900383, -0.10676157977186689,  -9.31542908753362, 60.67376489923198,  31.33073137052257,  0.4132049758569639, 352.7507590820349,  48.05331378857576, 353807.9500214667,      0.0, 353807.9500214667,   1.0
 -0.10674325061364762, -0.10674463711703103, -9.310985189561984, 60.67207042392874,  31.31857318561412,  0.4131885981427637, 352.7421440251934,  47.05096151908279,353783.66721996793,      0.0,353783.66721996793,   1.0
   0.2999993999999999, -0.10674463711703103, -9.310985189561984, 60.67207042392874,  31.31857318561412,  0.4131885981427637, 352.7421440251934,  47.05096151908279, 306479.8891586258,      0.0, 306479.8891586258,   1.0
 -0.10674325061364762,  0.29999939999999997, -9.310985189561984, 60.67207042392874,  31.31857318561412,  0.4131885981427637, 352.7421440251934,  47.05096151908279,248984.94856498117,      0.0,248984.94856498117,   1.0
 -0.10674325061364762, -0.10674463711703103, -8.310985189561984, 60.67207042392874,  31.31857318561412,  0.4131885981427637, 352.7421440251934,  47.05096151908279,353583.85994804226,      0.0,353583.85994804226,   1.0
 -0.10674325061364762, -0.10674463711703103, -9.310985189561984, 61.67207042392874,  31.31857318561412,  0.4131885981427637, 352.7421440251934,  47.05096151908279,353807.03610007826,      0.0,353807.03610007826,   1.0
 -0.10674325061364762, -0.10674463711703103, -9.310985189561984, 60.67207042392874,  32.31857318561412,  0.4131885981427637, 352.7421440251934,  47.05096151908279,  353910.395094535,      0.0,  353910.395094535,   1.0
 -0.10674325061364762, -0.10674463711703103, -9.310985189561984, 60.67207042392874,  31.31857318561412, 0.02000057999999999, 352.7421440251934,  47.05096151908279,276988.91209165065,      0.0,276988.91209165065,   1.0
 -0.10674325061364762, -0.10674463711703103, -9.310985189561984, 60.67207042392874,  31.31857318561412,  0.4131885981427637, 353.7421440251934,  47.05096151908279, 353833.7149515793,      0.0, 353833.7149515793,   1.0
 -0.10674325061364762, -0.10674463711703103, -9.310985189561984, 60.67207042392874,  31.31857318561412,  0.4131885981427637, 352.7421440251934,  48.05096151908279, 353798.1664405435,      0.0, 353798.1664405435,   1.0
  -0.1067402044666082, -0.10674159099184599, -9.310186219762844,60.671765773686694, 31.316387261766135, 0.41318565358843135, 352.7405951214431, 47.050538603818694,353794.46138090634,      0.0,353794.46138090634,   1.0
  0.29999939999999997, -0.10674159099184599, -9.310186219762844,60.671765773686694, 31.316387261766135, 0.41318565358843135, 352.7405951214431, 47.050538603818694, 306480.0878306839,      0.0, 306480.0878306839,   1.0
  -0.1067402044666082,  0.29999939999999997, -9.310186219762844,60.671765773686694, 31.316387261766135, 0.41318565358843135, 352.7405951214431, 47.050538603818694, 248980.4513935808,      0.0, 248980.4513935808,   1.0
  -0.1067402044666082, -0.10674159099184599, -8.310186219762844,60.671765773686694, 31.316387261766135, 0.41318565358843135, 352.7405951214431, 47.050538603818694, 353593.9306089628,      0.0, 353593.9306089628,   1.0
  -0.1067402044666082, -0.10674159099184599, -9.310186219762844,61.671765773686694, 31.316387261766135, 0.41318565358843135, 352.7405951214431, 47.050538603818694,353807.14279387443,      0.0,353807.14279387443,   1.0
  -0.1067402044666082, -0.10674159099184599, -9.310186219762844,60.671765773686694,  32.31638726176614, 0.41318565358843135, 352.7405951214431, 47.050538603818694, 353915.0631004387,      0.0, 353915.0631004387,   1.0
  -0.1067402044666082, -0.10674159099184599, -9.310186219762844,60.671765773686694, 31.316387261766135, 0.02000057999999999, 352.7405951214431, 47.050538603818694,276995.52210009965,      0.0,276995.52210009965,   1.0
  -0.1067402044666082, -0.10674159099184599, -9.310186219762844,60.671765773686694, 31.316387261766135, 0.41318565358843135, 353.7405951214431, 47.050538603818694,353843.58356620866,      0.0,353843.58356620866,   1.0
  -0.1067402044666082, -0.10674159099184599, -9.310186219762844,60.671765773686694, 31.316387261766135, 0.41318565358843135, 352.7405951214431, 48.050538603818694, 353807.8725949567,      0.0, 353807.8725949567,   1.0
 -0.10674012657066434, -0.10674151309646099, -9.310165788540774,60.671757983183525,  31.31633136341351,  0.4131855782904119,352.74055551294157,  47.05052778904736, 353794.4632984922,      0.0, 353794.4632984922,   1.0
  0.29999939999999997, -0.10674151309646099, -9.310165788540774,60.671757983183525,  31.31633136341351,  0.4131855782904119,352.74055551294157,  47.05052778904736, 306480.0878306839,      0.0, 306480.0878306839,   1.0
 -0.10674012657066434,            0.2999994, -9.310165788540774,60.671757983183525,  31.31633136341351,  0.4131855782904119,352.74055551294157,  47.05052778904736,248980.37882885177,      0.0,248980.37882885177,   1.0
 -0.10674012657066434, -0.10674151309646099, -8.310165788540774,60.671757983183525,  31.31633136341351,  0.4131855782904119,352.74055551294157,  47.05052778904736, 353593.9323431891,      0.0, 353593.9323431891,   1.0
 -0.10674012657066434, -0.10674151309646099, -9.310165788540774,61.671757983183525,  31.31633136341351,  0.4131855782904119,352.74055551294157,  47.05052778904736,353807.14279387443,      0.0,353807.14279387443,   1.0
 -0.10674012657066434, -0.10674151309646099, -9.310165788540774,60.671757983183525,  32.31633136341351,  0.4131855782904119,352.74055551294157,  47.05052778904736, 353915.0631004387,      0.0, 353915.0631004387,   1.0
 -0.10674012657066434, -0.10674151309646099, -9.310165788540774,60.671757983183525,  31.31633136341351, 0.02000057999999999,352.74055551294157,  47.05052778904736,  276995.509178419,      0.0,  276995.509178419,   1.0
 -0.10674012657066434, -0.10674151309646099, -9.310165788540774,60.671757983183525,  31.31633136341351,  0.4131855782904119,353.74055551294157,  47.05052778904736, 353843.5845196408,      0.0, 353843.5845196408,   1.0
 -0.10674012657066434, -0.10674151309646099, -9.310165788540774,60.671757983183525,  31.31633136341351,  0.4131855782904119,352.74055551294157,  48.05052778904736, 353807.8745584277,      0.0, 353807.8745584277,   1.0
 -0.10674011183543586, -0.10674149836133823, -9.310161923657567,60.671756509488766, 31.316320789371314,  0.4131855640466212, 352.7405480203779, 47.050525743265275, 353794.4719999756,      0.0, 353794.4719999756,   1.0
  0.29999939999999997, -0.10674149836133823, -9.310161923657567,60.671756509488766, 31.316320789371314,  0.4131855640466212, 352.7405480203779, 47.050525743265275, 306480.3398178102,      0.0, 306480.3398178102,   1.0
 -0.10674011183543586,  0.29999939999999997, -9.310161923657567,60.671756509488766, 31.316320789371314,  0.4131855640466212, 352.7405480203779, 47.050525743265275,248980.37882885177,      0.0,248980.37882885177,   1.0
 -0.10674011183543586, -0.10674149836133823, -8.310161923657567,60.671756509488766, 31.316320789371314,  0.4131855640466212, 352.7405480203779, 47.050525743265275, 353593.9586962842,      0.0, 353593.9586962842,   1.0
 -0.10674011183543586, -0.10674149836133823, -9.310161923657567,61.671756509488766, 31.316320789371314,  0.4131855640466212, 352.7405480203779, 47.050525743265275,353807.14279387443,      0.0,353807.14279387443,   1.0
 -0.10674011183543586, -0.10674149836133823, -9.310161923657567,60.671756509488766,  32.31632078937132,  0.4131855640466212, 352.7405480203779, 47.050525743265275, 353915.0631004387,      0.0, 353915.0631004387,   1.0
 -0.10674011183543586, -0.10674149836133823, -9.310161923657567,60.671756509488766, 31.316320789371314, 0.02000057999999999, 352.7405480203779, 47.050525743265275,276995.88278931053,      0.0,276995.88278931053,   1.0
 -0.10674011183543586, -0.10674149836133823, -9.310161923657567,60.671756509488766, 31.316320789371314,  0.4131855640466212, 353.7405480203779, 47.050525743265275, 353843.6062069988,      0.0, 353843.6062069988,   1.0
 -0.10674011183543586, -0.10674149836133823, -9.310161923657567,60.671756509488766, 31.316320789371314,  0.4131855640466212, 352.7405480203779, 48.050525743265275,353807.88768583443,      0.0,353807.88768583443,   1.0
 -0.10674011041837402, -0.10674149694428654, -9.310161551978325, 60.67175636776605, 31.316319772483666,  0.4131855626768201,352.74054729983084,  47.05052554652589, 353794.4719999756,      0.0, 353794.4719999756,   1.0
  0.29999939999999997, -0.10674149694428654, -9.310161551978325, 60.67175636776605, 31.316319772483666,  0.4131855626768201,352.74054729983084,  47.05052554652589, 306480.3398178102,      0.0, 306480.3398178102,   1.0
 -0.10674011041837402,  0.29999939999999997, -9.310161551978325, 60.67175636776605, 31.316319772483666,  0.4131855626768201,352.74054729983084,  47.05052554652589,248980.37882885177,      0.0,248980.37882885177,   1.0
 -0.10674011041837402, -0.10674149694428654, -8.310161551978325, 60.67175636776605, 31.316319772483666,  0.4131855626768201,352.74054729983084,  47.05052554652589, 353593.9586962842,      0.0, 353593.9586962842,   1.0
 -0.10674011041837402, -0.10674149694428654, -9.310161551978325, 61.67175636776605, 31.316319772483666,  0.4131855626768201,352.74054729983084,  47.05052554652589,353807.14279387443,      0.0,353807.14279387443,   1.0
 -0.10674011041837402, -0.10674149694428654, -9.310161551978325, 60.67175636776605, 32.316319772483666,  0.4131855626768201,352.74054729983084,  47.05052554652589, 353915.0631004387,      0.0, 353915.0631004387,   1.0
 -0.10674011041837402, -0.10674149694428654, -9.310161551978325, 60.67175636776605, 31.316319772483666, 0.02000057999999999,352.74054729983084,  47.05052554652589,276995.88278931053,      0.0,276995.88278931053,   1.0
 -0.10674011041837402, -0.10674149694428654, -9.310161551978325, 60.67175636776605, 31.316319772483666,  0.4131855626768201,353.74054729983084,  47.05052554652589, 353843.6062069988,      0.0, 353843.6062069988,   1.0
 -0.10674011041837402, -0.10674149694428654, -9.310161551978325, 60.67175636776605, 31.316319772483666,  0.4131855626768201,352.74054729983084,  48.05052554652589,353807.88768583443,      0.0,353807.88768583443,   1.0
 -0.10674011011932248, -0.10674149664523716, -9.310161473540504, 60.67175633785741, 31.316319557883435, 0.41318556238774234, 352.7405471477692,  47.05052550500674, 353794.4719999756,      0.0, 353794.4719999756,   1.0
  0.29999939999999997, -0.10674149664523716, -9.310161473540504, 60.67175633785741, 31.316319557883435, 0.41318556238774234, 352.7405471477692,  47.05052550500674, 306480.3398178102,      0.0, 306480.3398178102,   1.0
 -0.10674011011932248,            0.2999994, -9.310161473540504, 60.67175633785741, 31.316319557883435, 0.41318556238774234, 352.7405471477692,  47.05052550500674,248980.37882885177,      0.0,248980.37882885177,   1.0
 -0.10674011011932248, -0.10674149664523716, -8.310161473540504, 60.67175633785741, 31.316319557883435, 0.41318556238774234, 352.7405471477692,  47.05052550500674, 353593.9586962842,      0.0, 353593.9586962842,   1.0
 -0.10674011011932248, -0.10674149664523716, -9.310161473540504, 61.67175633785741, 31.316319557883435, 0.41318556238774234, 352.7405471477692,  47.05052550500674,353807.14279387443,      0.0,353807.14279387443,   1.0
 -0.10674011011932248, -0.10674149664523716, -9.310161473540504, 60.67175633785741,  32.31631955788343, 0.41318556238774234, 352.7405471477692,  47.05052550500674, 353915.0631004387,      0.0, 353915.0631004387,   1.0
 -0.10674011011932248, -0.10674149664523716, -9.310161473540504, 60.67175633785741, 31.316319557883435, 0.02000057999999999, 352.7405471477692,  47.05052550500674,276995.88278931053,      0.0,276995.88278931053,   1.0
 -0.10674011011932248, -0.10674149664523716, -9.310161473540504, 60.67175633785741, 31.316319557883435, 0.41318556238774234, 353.7405471477692,  47.05052550500674, 353843.6062069988,      0.0, 353843.6062069988,   1.0
 -0.10674011011932248, -0.10674149664523716, -9.310161473540504, 60.67175633785741, 31.316319557883435, 0.41318556238774234, 352.7405471477692,  48.05052550500674,353807.88768583443,      0.0,353807.88768583443,   1.0
 -0.10674011005621176, -0.10674149658212688, -9.310161456987274,  60.6717563315456,  31.31631951259499,  0.4131855623267364, 352.7405471156787,  47.05052549624469, 353794.4719999756,      0.0, 353794.4719999756,   1.0
  0.29999939999999997, -0.10674149658212688, -9.310161456987274,  60.6717563315456,  31.31631951259499,  0.4131855623267364, 352.7405471156787,  47.05052549624469, 306480.3398178102,      0.0, 306480.3398178102,   1.0
 -0.10674011005621176,  0.29999939999999997, -9.310161456987274,  60.6717563315456,  31.31631951259499,  0.4131855623267364, 352.7405471156787,  47.05052549624469,248980.37882885177,      0.0,248980.37882885177,   1.0
 -0.10674011005621176, -0.10674149658212688, -8.310161456987274,  60.6717563315456,  31.31631951259499,  0.4131855623267364, 352.7405471156787,  47.05052549624469, 353593.9586962842,      0.0, 353593.9586962842,   1.0
 -0.10674011005621176, -0.10674149658212688, -9.310161456987274,  61.6717563315456,  31.31631951259499,  0.4131855623267364, 352.7405471156787,  47.05052549624469,353807.14279387443,      0.0,353807.14279387443,   1.0
 -0.10674011005621176, -0.10674149658212688, -9.310161456987274,  60.6717563315456,  32.31631951259499,  0.4131855623267364, 352.7405471156787,  47.05052549624469, 353915.0631004387,      0.0, 353915.0631004387,   1.0
 -0.10674011005621176, -0.10674149658212688, -9.310161456987274,  60.6717563315456,  31.31631951259499, 0.02000057999999999, 352.7405471156787,  47.05052549624469,276995.88278931053,      0.0,276995.88278931053,   1.0
 -0.10674011005621176, -0.10674149658212688, -9.310161456987274,  60.6717563315456,  31.31631951259499,  0.4131855623267364, 353.7405471156787,  47.05052549624469, 353843.6062069988,      0.0, 353843.6062069988,   1.0
 -0.10674011005621176, -0.10674149658212688, -9.310161456987274,  60.6717563315456,  31.31631951259499,  0.4131855623267364, 352.7405471156787,  48.05052549624469,353807.88768583443,      0.0,353807.88768583443,   1.0
 -0.10674011004289308,  -0.1067414965688083, -9.310161453493938,60.671756330213576, 31.316319503037473, 0.41318556231386194, 352.7405471089064,  47.05052549439557, 353794.4719999756,      0.0, 353794.4719999756,   1.0
  0.29999939999999997,  -0.1067414965688083, -9.310161453493938,60.671756330213576, 31.316319503037473, 0.41318556231386194, 352.7405471089064,  47.05052549439557, 306480.3398178102,      0.0, 306480.3398178102,   1.0
 -0.10674011004289308,            0.2999994, -9.310161453493938,60.671756330213576, 31.316319503037473, 0.41318556231386194, 352.7405471089064,  47.05052549439557,248980.37882885177,      0.0,248980.37882885177,   1.0
 -0.10674011004289308,  -0.1067414965688083, -8.310161453493938,60.671756330213576, 31.316319503037473, 0.41318556231386194, 352.7405471089064,  47.05052549439557, 353593.9586962842,      0.0, 353593.9586962842,   1.0
 -0.10674011004289308,  -0.1067414965688083, -9.310161453493938,61.671756330213576, 31.316319503037473, 0.41318556231386194, 352.7405471089064,  47.05052549439557,353807.14279387443,      0.0,353807.14279387443,   1.0
 -0.10674011004289308,  -0.1067414965688083, -9.310161453493938,60.671756330213576,  32.31631950303748, 0.41318556231386194, 352.7405471089064,  47.05052549439557, 353915.0631004387,      0.0, 353915.0631004387,   1.0
 -0.10674011004289308,  -0.1067414965688083, -9.310161453493938,60.671756330213576, 31.316319503037473, 0.02000057999999999, 352.7405471089064,  47.05052549439557,276995.88278931053,      0.0,276995.88278931053,   1.0
 -0.10674011004289308,  -0.1067414965688083, -9.310161453493938,60.671756330213576, 31.316319503037473, 0.41318556231386194, 353.7405471089064,  47.05052549439557, 353843.6062069988,      0.0, 353843.6062069988,   1.0
 -0.10674011004289308,  -0.1067414965688083, -9.310161453493938,60.671756330213576, 31.316319503037473, 0.41318556231386194, 352.7405471089064,  48.05052549439557,353807.88768583443,      0.0,353807.88768583443,   1.0
 -0.10674011004008235,  -0.1067414965659976, -9.310161452756716, 60.67175632993247,  31.31631950102049, 0.41318556231114495, 352.7405471074772,  47.05052549400534, 353794.4719999756,      0.0, 353794.4719999756,   1.0
            0.2999994,  -0.1067414965659976, -9.310161452756716, 60.67175632993247,  31.31631950102049, 0.41318556231114495, 352.7405471074772,  47.05052549400534, 306480.3398178102,      0.0, 306480.3398178102,   1.0
 -0.10674011004008235,   0.2999993999999999, -9.310161452756716, 60.67175632993247,  31.31631950102049, 0.41318556231114495, 352.7405471074772,  47.05052549400534,248980.37882885177,      0.0,248980.37882885177,   1.0
 -0.10674011004008235,  -0.1067414965659976, -8.310161452756716, 60.67175632993247,  31.31631950102049, 0.41318556231114495, 352.7405471074772,  47.05052549400534, 353593.9586962842,      0.0, 353593.9586962842,   1.0
 -0.10674011004008235,  -0.1067414965659976, -9.310161452756716, 61.67175632993247,  31.31631950102049, 0.41318556231114495, 352.7405471074772,  47.05052549400534,353807.14279387443,      0.0,353807.14279387443,   1.0
 -0.10674011004008235,  -0.1067414965659976, -9.310161452756716, 60.67175632993247,  32.31631950102049, 0.41318556231114495, 352.7405471074772,  47.05052549400534, 353915.0631004387,      0.0, 353915.0631004387,   1.0
 -0.10674011004008235,  -0.1067414965659976, -9.310161452756716, 60.67175632993247,  31.31631950102049, 0.02000057999999999, 352.7405471074772,  47.05052549400534,276995.88278931053,      0.0,276995.88278931053,   1.0
 -0.10674011004008235,  -0.1067414965659976, -9.310161452756716, 60.67175632993247,  31.31631950102049, 0.41318556231114495, 353.7405471074772,  47.05052549400534, 353843.6062069988,      0.0, 353843.6062069988,   1.0
 -0.10674011004008235,  -0.1067414965659976, -9.310161452756716, 60.67175632993247,  31.31631950102049, 0.41318556231114495, 352.7405471074772,  48.05052549400534,353807.88768583443,      0.0,353807.88768583443,   1.0
  -0.1067401100394892, -0.10674149656540445, -9.310161452601141, 60.67175632987315, 31.316319500594847,  0.4131855623105716, 352.7405471071756,  47.05052549392299, 353794.4719999756,      0.0, 353794.4719999756,   1.0
  0.29999939999999997, -0.10674149656540445, -9.310161452601141, 60.67175632987315, 31.316319500594847,  0.4131855623105716, 352.7405471071756,  47.05052549392299, 306480.3398178102,      0.0, 306480.3398178102,   1.0
  -0.1067401100394892,  0.29999939999999997, -9.310161452601141, 60.67175632987315, 31.316319500594847,  0.4131855623105716, 352.7405471071756,  47.05052549392299,248980.37882885177,      0.0,248980.37882885177,   1.0
  -0.1067401100394892, -0.10674149656540445, -8.310161452601141, 60.67175632987315, 31.316319500594847,  0.4131855623105716, 352.7405471071756,  47.05052549392299, 353593.9586962842,      0.0, 353593.9586962842,   1.0
  -0.1067401100394892, -0.10674149656540445, -9.310161452601141, 61.67175632987315, 31.316319500594847,  0.4131855623105716, 352.7405471071756,  47.05052549392299,353807.14279387443,      0.0,353807.14279387443,   1.0
  -0.1067401100394892, -0.10674149656540445, -9.310161452601141, 60.67175632987315, 32.316319500594844,  0.4131855623105716, 352.7405471071756,  47.05052549392299, 353915.0631004387,      0.0, 353915.0631004387,   1.0
  -0.1067401100394892, -0.10674149656540445, -9.310161452601141, 60.67175632987315, 31.316319500594847, 0.02000057999999999, 352.7405471071756,  47.05052549392299,276995.88278931053,      0.0,276995.88278931053,   1.0
  -0.1067401100394892, -0.10674149656540445, -9.310161452601141, 60.67175632987315, 31.316319500594847,  0.4131855623105716, 353.7405471071756,  47.05052549392299, 353843.6062069988,      0.0, 353843.6062069988,   1.0
  -0.1067401100394892, -0.10674149656540445, -9.310161452601141, 60.67175632987315, 31.316319500594847,  0.4131855623105716, 352.7405471071756,  48.05052549392299,353807.88768583443,      0.0,353807.88768583443,   1.0
 -0.10674011003936403, -0.10674149656527927, -9.310161452568305, 60.67175632986063, 31.316319500505013, 0.41318556231045056,  352.740547107112,  47.05052549390561, 353794.4719999756,      0.0, 353794.4719999756,   1.0
  0.29999939999999997, -0.10674149656527927, -9.310161452568305, 60.67175632986063, 31.316319500505013, 0.41318556231045056,  352.740547107112,  47.05052549390561, 306480.3398178102,      0.0, 306480.3398178102,   1.0
 -0.10674011003936403,  0.29999939999999997, -9.310161452568305, 60.67175632986063, 31.316319500505013, 0.41318556231045056,  352.740547107112,  47.05052549390561,248980.37882885177,      0.0,248980.37882885177,   1.0
 -0.10674011003936403, -0.10674149656527927, -8.310161452568305, 60.67175632986063, 31.316319500505013, 0.41318556231045056,  352.740547107112,  47.05052549390561, 353593.9586962842,      0.0, 353593.9586962842,   1.0
 -0.10674011003936403, -0.10674149656527927, -9.310161452568305, 61.67175632986063, 31.316319500505013, 0.41318556231045056,  352.740547107112,  47.05052549390561,353807.14279387443,      0.0,353807.14279387443,   1.0
 -0.10674011003936403, -0.10674149656527927, -9.310161452568305, 60.67175632986063,  32.31631950050502, 0.41318556231045056,  352.740547107112,  47.05052549390561, 353915.0631004387,      0.0, 353915.0631004387,   1.0
 -0.10674011003936403, -0.10674149656527927, -9.310161452568305, 60.67175632986063, 31.316319500505013, 0.02000057999999999,  352.740547107112,  47.05052549390561,276995.88278931053,      0.0,276995.88278931053,   1.0
 -0.10674011003936403, -0.10674149656527927, -9.310161452568305, 60.67175632986063, 31.316319500505013, 0.41318556231045056,  353.740547107112,  47.05052549390561, 353843.6062069988,      0.0, 353843.6062069988,   1.0
 -0.10674011003936403, -0.10674149656527927, -9.310161452568305, 60.67175632986063, 31.316319500505013, 0.41318556231045056,  352.740547107112,  48.05052549390561,353807.88768583443,      0.0,353807.88768583443,   1.0
 -0.10674011003944664, -0.10674149656536189, -9.310161452589977, 60.67175632986889,   31.3163195005643, 0.41318556231053044,  352.740547107154, 47.050525493917085, 353794.4719999756,      0.0, 353794.4719999756,   1.0
            0.2999994, -0.10674149656536189, -9.310161452589977, 60.67175632986889,   31.3163195005643, 0.41318556231053044,  352.740547107154, 47.050525493917085, 306480.3398178102,      0.0, 306480.3398178102,   1.0
 -0.10674011003944664,   0.2999993999999999, -9.310161452589977, 60.67175632986889,   31.3163195005643, 0.41318556231053044,  352.740547107154, 47.050525493917085,248980.37882885177,      0.0,248980.37882885177,   1.0
 -0.10674011003944664, -0.10674149656536189, -8.310161452589977, 60.67175632986889,   31.3163195005643, 0.41318556231053044,  352.740547107154, 47.050525493917085, 353593.9586962842,      0.0, 353593.9586962842,   1.0
 -0.10674011003944664, -0.10674149656536189, -9.310161452589977, 61.67175632986889,   31.3163195005643, 0.41318556231053044,  352.740547107154, 47.050525493917085,353807.14279387443,      0.0,353807.14279387443,   1.0
 -0.10674011003944664, -0.10674149656536189, -9.310161452589977, 60.67175632986889, 32.316319500564305, 0.41318556231053044,  352.740547107154, 47.050525493917085, 353915.0631004387,      0.0, 353915.0631004387,   1.0
 -0.10674011003944664, -0.10674149656536189, -9.310161452589977, 60.67175632986889,   31.3163195005643, 0.02000057999999999,  352.740547107154, 47.050525493917085,276995.88278931053,      0.0,276995.88278931053,   1.0
 -0.10674011003944664, -0.10674149656536189, -9.310161452589977, 60.67175632986889,   31.3163195005643, 0.41318556231053044,  353.740547107154, 47.050525493917085, 353843.6062069988,      0.0, 353843.6062069988,   1.0
 -0.10674011003944664, -0.10674149656536189, -9.310161452589977, 60.67175632986889,   31.3163195005643, 0.41318556231053044,  352.740547107154, 48.050525493917085,353807.88768583443,      0.0,353807.88768583443,   1.0
 -0.10674011003938146,  -0.1067414965652967,  -9.31016145257288,60.671756329862376, 31.316319500517526, 0.41318556231046744,352.74054710712085,  47.05052549390803, 353794.4719999756,      0.0, 353794.4719999756,   1.0
  0.29999939999999997,  -0.1067414965652967,  -9.31016145257288,60.671756329862376, 31.316319500517526, 0.41318556231046744,352.74054710712085,  47.05052549390803, 306480.3398178102,      0.0, 306480.3398178102,   1.0
 -0.10674011003938146,  0.29999939999999997,  -9.31016145257288,60.671756329862376, 31.316319500517526, 0.41318556231046744,352.74054710712085,  47.05052549390803,248980.37882885177,      0.0,248980.37882885177,   1.0
 -0.10674011003938146,  -0.1067414965652967,  -8.31016145257288,60.671756329862376, 31.316319500517526, 0.41318556231046744,352.74054710712085,  47.05052549390803, 353593.9586962842,      0.0, 353593.9586962842,   1.0
 -0.10674011003938146,  -0.1067414965652967,  -9.31016145257288,61.671756329862376, 31.316319500517526, 0.41318556231046744,352.74054710712085,  47.05052549390803,353807.14279387443,      0.0,353807.14279387443,   1.0
 -0.10674011003938146,  -0.1067414965652967,  -9.31016145257288,60.671756329862376,  32.31631950051752, 0.41318556231046744,352.74054710712085,  47.05052549390803, 353915.0631004387,      0.0, 353915.0631004387,   1.0
 -0.10674011003938146,  -0.1067414965652967,  -9.31016145257288,60.671756329862376, 31.316319500517526, 0.02000057999999999,352.74054710712085,  47.05052549390803,276995.88278931053,      0.0,276995.88278931053,   1.0
 -0.10674011003938146,  -0.1067414965652967,  -9.31016145257288,60.671756329862376, 31.316319500517526, 0.41318556231046744,353.74054710712085,  47.05052549390803, 353843.6062069988,      0.0, 353843.6062069988,   1.0
 -0.10674011003938146,  -0.1067414965652967,  -9.31016145257288,60.671756329862376, 31.316319500517526, 0.41318556231046744,352.74054710712085,  48.05052549390803,353807.88768583443,      0.0,353807.88768583443,   1.0
 -0.10674011003936769, -0.10674149656528294, -9.310161452569266,   60.671756329861,  31.31631950050764,  0.4131855623104541, 352.7405471071138,  47.05052549390612, 353794.4719999756,      0.0, 353794.4719999756,   1.0
  0.29999939999999997, -0.10674149656528294, -9.310161452569266,   60.671756329861,  31.31631950050764,  0.4131855623104541, 352.7405471071138,  47.05052549390612, 306480.3398178102,      0.0, 306480.3398178102,   1.0
 -0.10674011003936769,  0.29999939999999997, -9.310161452569266,   60.671756329861,  31.31631950050764,  0.4131855623104541, 352.7405471071138,  47.05052549390612,248980.37882885177,      0.0,248980.37882885177,   1.0
 -0.10674011003936769, -0.10674149656528294, -8.310161452569266,   60.671756329861,  31.31631950050764,  0.4131855623104541, 352.7405471071138,  47.05052549390612, 353593.9586962842,      0.0, 353593.9586962842,   1.0
 -0.10674011003936769, -0.10674149656528294, -9.310161452569266,   61.671756329861,  31.31631950050764,  0.4131855623104541, 352.7405471071138,  47.05052549390612,353807.14279387443,      0.0,353807.14279387443,   1.0
 -0.10674011003936769, -0.10674149656528294, -9.310161452569266,   60.671756329861,  32.31631950050764,  0.4131855623104541, 352.7405471071138,  47.05052549390612, 353915.0631004387,      0.0, 353915.0631004387,   1.0
 -0.10674011003936769, -0.10674149656528294, -9.310161452569266,   60.671756329861,  31.31631950050764, 0.02000057999999999, 352.7405471071138,  47.05052549390612,276995.88278931053,      0.0,276995.88278931053,   1.0
 -0.10674011003936769, -0.10674149656528294, -9.310161452569266,   60.671756329861,  31.31631950050764,  0.4131855623104541, 353.7405471071138,  47.05052549390612, 353843.6062069988,      0.0, 353843.6062069988,   1.0
 -0.10674011003936769, -0.10674149656528294, -9.310161452569266,   60.671756329861,  31.31631950050764,  0.4131855623104541, 352.7405471071138,  48.05052549390612,353807.88768583443,      0.0,353807.88768583443,   1.0
 -0.10674011003933054, -0.10674149656524579, -9.310161452559523, 60.67175632985728, 31.316319500480983,  0.4131855623104182, 352.7405471070949,  47.05052549390096, 353794.4719999756,      0.0, 353794.4719999756,   1.0
