            centre_ra,          centre_dec,              v_sys,       inclination,                phi,     turnover_radius,  maximum_velocity,velocity_dispersion,    log_likelihood,log_prior,     log_posterior,weight
    -0.00486303994507,    0.00276899425532,  -0.91617167774335, 49.59153367885573,  38.25790837399884,    0.31004421807286, 274.6380150606149,  62.36922075771965,344331.73498749477,      0.0,344331.73498749477,   1.0
    -0.00486303994507,    0.00276899425532,  -0.91617167774335, 49.59153367885573,  38.25790837399884,    0.31004421807286, 274.6380150606149,  62.36922075771965,344331.73498749477,      0.0,344331.73498749477,   1.0
  0.29999939999999997,    0.00276899425532,  -0.91617167774335, 49.59153367885573,  38.25790837399884,    0.31004421807286, 274.6380150606149,  62.36922075771965, 288815.0468849304,      0.0, 288815.0468849304,   1.0
    -0.00486303994507,-0.29999939999999997,  -0.91617167774335, 49.59153367885573,  38.25790837399884,    0.31004421807286, 274.6380150606149,  62.36922075771965, 325592.3167854582,      0.0, 325592.3167854582,   1.0
    -0.00486303994507,    0.00276899425532,0.08382832225665005, 49.59153367885573,  38.25790837399884,    0.31004421807286, 274.6380150606149,  62.36922075771965, 344943.2876879728,      0.0, 344943.2876879728,   1.0
    -0.00486303994507,    0.00276899425532,  -0.91617167774335, 50.59153367885573,  38.25790837399884,    0.31004421807286, 274.6380150606149,  62.36922075771965,344563.95069751766,      0.0,344563.95069751766,   1.0
    -0.00486303994507,    0.00276899425532,  -0.91617167774335, 49.59153367885573,  39.25790837399884,    0.31004421807286, 274.6380150606149,  62.36922075771965,344663.43623752164,      0.0,344663.43623752164,   1.0
    -0.00486303994507,    0.00276899425532,  -0.91617167774335, 49.59153367885573,  38.25790837399884, 0.02000057999999999, 274.6380150606149,  62.36922075771965,324504.69952952466,      0.0,324504.69952952466,   1.0
    -0.00486303994507,    0.00276899425532,  -0.91617167774335, 49.59153367885573,  38.25790837399884,    0.31004421807286, 275.6380150606149,  62.36922075771965,  344392.234647022,      0.0,  344392.234647022,   1.0
    -0.00486303994507,    0.00276899425532,  -0.91617167774335, 49.59153367885573,  38.25790837399884,    0.31004421807286, 274.6380150606149,  63.36922075771965,344101.43557254714,      0.0,344101.43557254714,   1.0
 -0.29999939999999997, 0.29999939999999997,           59.99988,          79.99994,          169.99974,          0.59999942,395.63733413190215,           5.000115, 149530.2068942006,      0.0, 149530.2068942006,   1.0
  0.29999939999999997, 0.29999939999999997,           59.99988,          79.99994,          169.99974,          0.59999942,395.63733413190215,           5.000115,206533.48843130516,      0.0,206533.48843130516,   1.0
 -0.29999939999999997,-0.29999939999999997,           59.99988,          79.99994,          169.99974,          0.59999942,395.63733413190215,           5.000115,213679.39215403804,      0.0,213679.39215403804,   1.0
 -0.29999939999999997, 0.29999939999999997,           58.99988,          79.99994,          169.99974,          0.59999942,395.63733413190215,           5.000115,150215.50688024174,      0.0,150215.50688024174,   1.0
 -0.29999939999999997, 0.29999939999999997,           59.99988,          78.99994,          169.99974,          0.59999942,395.63733413190215,           5.000115,146664.68332899793,      0.0,146664.68332899793,   1.0
 -0.29999939999999997, 0.29999939999999997,           59.99988,          79.99994,          168.99974,          0.59999942,395.63733413190215,           5.000115, 150115.4532218086,      0.0, 150115.4532218086,   1.0
 -0.29999939999999997, 0.29999939999999997,           59.99988,          79.99994,          169.99974,0.020000580000000046,395.63733413190215,           5.000115, 142966.9936348884,      0.0, 142966.9936348884,   1.0
 -0.29999939999999997, 0.29999939999999997,           59.99988,          79.99994,          169.99974,          0.59999942,396.63733413190215,           5.000115, 149436.1100249144,      0.0, 149436.1100249144,   1.0
 -0.29999939999999997, 0.29999939999999997,           59.99988,          79.99994,          169.99974,          0.59999942,395.63733413190215,           6.000115,149970.32922869566,      0.0,149970.32922869566,   1.0
 -0.04330815437646737,0.041486883705532496,  7.018887821614459,  53.5525998805099, 55.418890475021044,  0.3478144233975889, 290.3996537382452,   54.8961942716846,348828.51597537886,      0.0,348828.51597537886,   1.0
   0.2999993999999999,0.041486883705532496,  7.018887821614459,  53.5525998805099, 55.418890475021044,  0.3478144233975889, 290.3996537382452,   54.8961942716846, 265234.0884254814,      0.0, 265234.0884254814,   1.0
 -0.04330815437646737,-0.29999939999999997,  7.018887821614459,  53.5525998805099, 55.418890475021044,  0.3478144233975889, 290.3996537382452,   54.8961942716846, 313873.4815071571,      0.0, 313873.4815071571,   1.0
 -0.04330815437646737,0.041486883705532496,   8.01888782161446,  53.5525998805099, 55.418890475021044,  0.3478144233975889, 290.3996537382452,   54.8961942716846, 348947.7474023706,      0.0, 348947.7474023706,   1.0
 -0.04330815437646737,0.041486883705532496,  7.018887821614459,  54.5525998805099, 55.418890475021044,  0.3478144233975889, 290.3996537382452,   54.8961942716846, 349233.9864644312,      0.0, 349233.9864644312,   1.0
 -0.04330815437646737,0.041486883705532496,  7.018887821614459,  53.5525998805099, 56.418890475021044,  0.3478144233975889, 290.3996537382452,   54.8961942716846,348535.03309062973,      0.0,348535.03309062973,   1.0
 -0.04330815437646737,0.041486883705532496,  7.018887821614459,  53.5525998805099, 55.418890475021044, 0.02000057999999999, 290.3996537382452,   54.8961942716846, 334063.0424528415,      0.0, 334063.0424528415,   1.0
 -0.04330815437646737,0.041486883705532496,  7.018887821614459,  53.5525998805099, 55.418890475021044,  0.3478144233975889, 291.3996537382452,   54.8961942716846, 348998.0308628711,      0.0, 348998.0308628711,   1.0
 -0.04330815437646737,0.041486883705532496,  7.018887821614459,  53.5525998805099, 55.418890475021044,  0.3478144233975889, 290.3996537382452,   55.8961942716846,348792.80777205195,      0.0,348792.80777205195,   1.0
 -0.29999939999999997, 0.29999939999999997, 54.166165890424445, 77.08954321899611, 157.38345001725136,   0.592105312261346,384.05236569560697, 10.493587693218771,117882.52437099349,      0.0,117882.52437099349,   1.0
  0.29999939999999997, 0.29999939999999997, 54.166165890424445, 77.08954321899611, 157.38345001725136,   0.592105312261346,384.05236569560697, 10.493587693218771,210864.83189608782,      0.0,210864.83189608782,   1.0
 -0.29999939999999997,-0.29999939999999997, 54.166165890424445, 77.08954321899611, 157.38345001725136,   0.592105312261346,384.05236569560697, 10.493587693218771,206853.67476357566,      0.0,206853.67476357566,   1.0
 -0.29999939999999997, 0.29999939999999997, 55.166165890424445, 77.08954321899611, 157.38345001725136,   0.592105312261346,384.05236569560697, 10.493587693218771,116895.68875970342,      0.0,116895.68875970342,   1.0
 -0.29999939999999997, 0.29999939999999997, 54.166165890424445, 78.08954321899611, 157.38345001725136,   0.592105312261346,384.05236569560697, 10.493587693218771, 124144.2049414895,      0.0, 124144.2049414895,   1.0
 -0.29999939999999997, 0.29999939999999997, 54.166165890424445, 77.08954321899611, 158.38345001725136,   0.592105312261346,384.05236569560697, 10.493587693218771,119863.07664310082,      0.0,119863.07664310082,   1.0
 -0.29999939999999997, 0.29999939999999997, 54.166165890424445, 77.08954321899611, 157.38345001725136,0.020000580000000046,384.05236569560697, 10.493587693218771, 95372.62395756354,      0.0, 95372.62395756354,   1.0
 -0.29999939999999997, 0.29999939999999997, 54.166165890424445, 77.08954321899611, 157.38345001725136,   0.592105312261346,385.05236569560697, 10.493587693218771,117668.13048934523,      0.0,117668.13048934523,   1.0
 -0.29999939999999997, 0.29999939999999997, 54.166165890424445, 77.08954321899611, 157.38345001725136,   0.592105312261346,384.05236569560697, 11.493587693218771, 119304.4530051233,      0.0, 119304.4530051233,   1.0
 -0.05656744809582307,0.054840254504570876,  9.454263467028282, 54.76839220027809,  60.68583302559792,  0.3604331811605926, 295.2372507994168,  52.60259364226407,345935.02790552564,      0.0,345935.02790552564,   1.0
  0.29999939999999997,0.054840254504570876,  9.454263467028282, 54.76839220027809,  60.68583302559792,  0.3604331811605926, 295.2372507994168,  52.60259364226407, 260383.0571857317,      0.0, 260383.0571857317,   1.0
 -0.05656744809582307,-0.29999939999999997,  9.454263467028282, 54.76839220027809,  60.68583302559792,  0.3604331811605926, 295.2372507994168,  52.60259364226407, 308048.0728074202,      0.0, 308048.0728074202,   1.0
 -0.05656744809582307,0.054840254504570876, 10.454263467028282, 54.76839220027809,  60.68583302559792,  0.3604331811605926, 295.2372507994168,  52.60259364226407,345797.95916212845,      0.0,345797.95916212845,   1.0
 -0.05656744809582307,0.054840254504570876,  9.454263467028282, 55.76839220027809,  60.68583302559792,  0.3604331811605926, 295.2372507994168,  52.60259364226407, 346223.6667783272,      0.0, 346223.6667783272,   1.0
 -0.05656744809582307,0.054840254504570876,  9.454263467028282, 54.76839220027809,  61.68583302559792,  0.3604331811605926, 295.2372507994168,  52.60259364226407, 345217.6365959056,      0.0, 345217.6365959056,   1.0
 -0.05656744809582307,0.054840254504570876,  9.454263467028282, 54.76839220027809,  60.68583302559792, 0.02000057999999999, 295.2372507994168,  52.60259364226407, 329770.0830192503,      0.0, 329770.0830192503,   1.0
 -0.05656744809582307,0.054840254504570876,  9.454263467028282, 54.76839220027809,  60.68583302559792,  0.3604331811605926, 296.2372507994168,  52.60259364226407, 346111.9625627829,      0.0, 346111.9625627829,   1.0
 -0.05656744809582307,0.054840254504570876,  9.454263467028282, 54.76839220027809,  60.68583302559792,  0.3604331811605926, 295.2372507994168,  53.60259364226407,346047.75294786826,      0.0,346047.75294786826,   1.0
 -0.04520794205577915,0.043400150720974064,  7.367827723209607,53.726798244207494,  56.17353644463421, 0.34962243527467546,291.09278321322415,  54.56756785241507,348557.19806344545,      0.0,348557.19806344545,   1.0
  0.29999939999999997,0.043400150720974064,  7.367827723209607,53.726798244207494,  56.17353644463421, 0.34962243527467546,291.09278321322415,  54.56756785241507, 264672.6603883448,      0.0, 264672.6603883448,   1.0
 -0.04520794205577915,-0.29999939999999997,  7.367827723209607,53.726798244207494,  56.17353644463421, 0.34962243527467546,291.09278321322415,  54.56756785241507,313077.23461370665,      0.0,313077.23461370665,   1.0
 -0.04520794205577915,0.043400150720974064,  8.367827723209608,53.726798244207494,  56.17353644463421, 0.34962243527467546,291.09278321322415,  54.56756785241507, 348681.8817388872,      0.0, 348681.8817388872,   1.0
 -0.04520794205577915,0.043400150720974064,  7.367827723209607,54.726798244207494,  56.17353644463421, 0.34962243527467546,291.09278321322415,  54.56756785241507, 348771.8199598681,      0.0, 348771.8199598681,   1.0
 -0.04520794205577915,0.043400150720974064,  7.367827723209607,53.726798244207494,  57.17353644463421, 0.34962243527467546,291.09278321322415,  54.56756785241507,  348075.190692251,      0.0,  348075.190692251,   1.0
 -0.04520794205577915,0.043400150720974064,  7.367827723209607,53.726798244207494,  56.17353644463421, 0.02000057999999999,291.09278321322415,  54.56756785241507, 333825.9113861277,      0.0, 333825.9113861277,   1.0
 -0.04520794205577915,0.043400150720974064,  7.367827723209607,53.726798244207494,  56.17353644463421, 0.34962243527467546,292.09278321322415,  54.56756785241507, 348705.7074938633,      0.0, 348705.7074938633,   1.0
 -0.04520794205577915,0.043400150720974064,  7.367827723209607,53.726798244207494,  56.17353644463421, 0.34962243527467546,291.09278321322415,  55.56756785241507, 348535.3372301592,      0.0, 348535.3372301592,   1.0
 -0.04360042935539576, 0.04178123242813561,  7.072570874461154, 53.57939962430944,  55.53498983563327,  0.3480925790246794,290.50628902433544,  54.84563636944465,348817.74796759203,      0.0,348817.74796759203,   1.0
  0.29999939999999997, 0.04178123242813561,  7.072570874461154, 53.57939962430944,  55.53498983563327,  0.3480925790246794,290.50628902433544,  54.84563636944465,265101.04586905346,      0.0,265101.04586905346,   1.0
 -0.04360042935539576,          -0.2999994,  7.072570874461154, 53.57939962430944,  55.53498983563327,  0.3480925790246794,290.50628902433544,  54.84563636944465,313786.15139394946,      0.0,313786.15139394946,   1.0
 -0.04360042935539576, 0.04178123242813561,  8.072570874461153, 53.57939962430944,  55.53498983563327,  0.3480925790246794,290.50628902433544,  54.84563636944465,348937.53641731763,      0.0,348937.53641731763,   1.0
 -0.04360042935539576, 0.04178123242813561,  7.072570874461154, 54.57939962430944,  55.53498983563327,  0.3480925790246794,290.50628902433544,  54.84563636944465,349217.23053796793,      0.0,349217.23053796793,   1.0
 -0.04360042935539576, 0.04178123242813561,  7.072570874461154, 53.57939962430944,  56.53498983563327,  0.3480925790246794,290.50628902433544,  54.84563636944465, 348442.0695282054,      0.0, 348442.0695282054,   1.0
 -0.04360042935539576, 0.04178123242813561,  7.072570874461154, 53.57939962430944,  55.53498983563327, 0.02000057999999999,290.50628902433544,  54.84563636944465, 333973.3351078556,      0.0, 333973.3351078556,   1.0
 -0.04360042935539576, 0.04178123242813561,  7.072570874461154, 53.57939962430944,  55.53498983563327,  0.3480925790246794,291.50628902433544,  54.84563636944465, 348989.9291822183,      0.0, 348989.9291822183,   1.0
 -0.04360042935539576, 0.04178123242813561,  7.072570874461154, 53.57939962430944,  55.53498983563327,  0.3480925790246794,290.50628902433544,  55.84563636944465, 348777.4468760709,      0.0, 348777.4468760709,   1.0
 -0.04336460553416589, 0.04154373539437343,  7.029256381020734,53.557776090150064,  55.44131436959679,  0.3478681474872362,290.42024970363843,  54.88642931635822, 348820.1046712677,      0.0, 348820.1046712677,   1.0
  0.29999939999999997, 0.04154373539437343,  7.029256381020734,53.557776090150064,  55.44131436959679,  0.3478681474872362,290.42024970363843,  54.88642931635822, 265206.1262600952,      0.0, 265206.1262600952,   1.0
 -0.04336460553416589,-0.29999939999999997,  7.029256381020734,53.557776090150064,  55.44131436959679,  0.3478681474872362,290.42024970363843,  54.88642931635822, 313879.6780647161,      0.0, 313879.6780647161,   1.0
 -0.04336460553416589, 0.04154373539437343,  8.029256381020733,53.557776090150064,  55.44131436959679,  0.3478681474872362,290.42024970363843,  54.88642931635822,348935.16205754504,      0.0,348935.16205754504,   1.0
 -0.04336460553416589, 0.04154373539437343,  7.029256381020734,54.557776090150064,  55.44131436959679,  0.3478681474872362,290.42024970363843,  54.88642931635822,349239.11715117627,      0.0,349239.11715117627,   1.0
 -0.04336460553416589, 0.04154373539437343,  7.029256381020734,53.557776090150064,  56.44131436959679,  0.3478681474872362,290.42024970363843,  54.88642931635822, 348531.5094371414,      0.0, 348531.5094371414,   1.0
 -0.04336460553416589, 0.04154373539437343,  7.029256381020734,53.557776090150064,  55.44131436959679, 0.02000057999999999,290.42024970363843,  54.88642931635822,334033.11279675463,      0.0,334033.11279675463,   1.0
 -0.04336460553416589, 0.04154373539437343,  7.029256381020734,53.557776090150064,  55.44131436959679,  0.3478681474872362,291.42024970363843,  54.88642931635822, 348994.5576122334,      0.0, 348994.5576122334,   1.0
 -0.04336460553416589, 0.04154373539437343,  7.029256381020734,53.557776090150064,  55.44131436959679,  0.3478681474872362,290.42024970363843,  55.88642931635822,348781.71332608897,      0.0,348781.71332608897,   1.0
 -0.04331611356380007, 0.04149489936473442,  7.020349710263855, 53.55332968701661,  55.42205207497636,  0.3478219980889011, 290.4025576139768,   54.8948174866565,348829.29105675494,      0.0,348829.29105675494,   1.0
  0.29999939999999997, 0.04149489936473442,  7.020349710263855, 53.55332968701661,  55.42205207497636,  0.3478219980889011, 290.4025576139768,   54.8948174866565, 265229.5927550562,      0.0, 265229.5927550562,   1.0
 -0.04331611356380007,-0.29999939999999997,  7.020349710263855, 53.55332968701661,  55.42205207497636,  0.3478219980889011, 290.4025576139768,   54.8948174866565, 313873.1174379074,      0.0, 313873.1174379074,   1.0
 -0.04331611356380007, 0.04149489936473442,  8.020349710263854, 53.55332968701661,  55.42205207497636,  0.3478219980889011, 290.4025576139768,   54.8948174866565,348948.79162140784,      0.0,348948.79162140784,   1.0
 -0.04331611356380007, 0.04149489936473442,  7.020349710263855, 54.55332968701661,  55.42205207497636,  0.3478219980889011, 290.4025576139768,   54.8948174866565,349228.67357680027,      0.0,349228.67357680027,   1.0
 -0.04331611356380007, 0.04149489936473442,  7.020349710263855, 53.55332968701661,  56.42205207497636,  0.3478219980889011, 290.4025576139768,   54.8948174866565,   348533.75229868,      0.0,   348533.75229868,   1.0
 -0.04331611356380007, 0.04149489936473442,  7.020349710263855, 53.55332968701661,  55.42205207497636, 0.02000057999999999, 290.4025576139768,   54.8948174866565, 334057.9734148621,      0.0, 334057.9734148621,   1.0
 -0.04331611356380007, 0.04149489936473442,  7.020349710263855, 53.55332968701661,  55.42205207497636,  0.3478219980889011, 291.4025576139768,   54.8948174866565,348999.53479398025,      0.0,348999.53479398025,   1.0
 -0.04331611356380007, 0.04149489936473442,  7.020349710263855, 53.55332968701661,  55.42205207497636,  0.3478219980889011, 290.4025576139768,   55.8948174866565, 348792.6851010107,      0.0, 348792.6851010107,   1.0
-0.043348118264241516, 0.04152713114429617,  7.026228112963396, 53.55626431308469, 55.434765189425846, 0.34785245669180226, 290.4142343931535,  54.88928129425964,348824.68959331315,      0.0,348824.68959331315,   1.0
  0.29999939999999997, 0.04152713114429617,  7.026228112963396, 53.55626431308469, 55.434765189425846, 0.34785245669180226, 290.4142343931535,  54.88928129425964,265226.15197336837,      0.0,265226.15197336837,   1.0
-0.043348118264241516,-0.29999939999999997,  7.026228112963396, 53.55626431308469, 55.434765189425846, 0.34785245669180226, 290.4142343931535,  54.88928129425964,313879.80604604987,      0.0,313879.80604604987,   1.0
-0.043348118264241516, 0.04152713114429617,  8.026228112963395, 53.55626431308469, 55.434765189425846, 0.34785245669180226, 290.4142343931535,  54.88928129425964,348946.76603163406,      0.0,348946.76603163406,   1.0
-0.043348118264241516, 0.04152713114429617,  7.026228112963396, 54.55626431308469, 55.434765189425846, 0.34785245669180226, 290.4142343931535,  54.88928129425964, 349229.7288604458,      0.0, 349229.7288604458,   1.0
-0.043348118264241516, 0.04152713114429617,  7.026228112963396, 53.55626431308469, 56.434765189425846, 0.34785245669180226, 290.4142343931535,  54.88928129425964,348539.05309387157,      0.0,348539.05309387157,   1.0
-0.043348118264241516, 0.04152713114429617,  7.026228112963396, 53.55626431308469, 55.434765189425846, 0.02000057999999999, 290.4142343931535,  54.88928129425964,334046.05275662313,      0.0,334046.05275662313,   1.0
-0.043348118264241516, 0.04152713114429617,  7.026228112963396, 53.55626431308469, 55.434765189425846, 0.34785245669180226, 291.4142343931535,  54.88928129425964,  349000.183228929,      0.0,  349000.183228929,   1.0
-0.043348118264241516, 0.04152713114429617,  7.026228112963396, 53.55626431308469, 55.434765189425846, 0.34785245669180226, 290.4142343931535,  55.88928129425964,348788.97139792424,      0.0,348788.97139792424,   1.0
 -0.04332066871465788, 0.04149948683520889,  7.021186368964922,53.553747365178474,  55.42386150151031,  0.3478263331874716,290.40421954144216,  54.89402953391213, 348824.0345471078,      0.0, 348824.0345471078,   1.0
  0.29999939999999997, 0.04149948683520889,  7.021186368964922,53.553747365178474,  55.42386150151031,  0.3478263331874716,290.40421954144216,  54.89402953391213, 265225.7266876244,      0.0, 265225.7266876244,   1.0
 -0.04332066871465788,-0.29999939999999997,  7.021186368964922,53.553747365178474,  55.42386150151031,  0.3478263331874716,290.40421954144216,  54.89402953391213,  313870.866008327,      0.0,  313870.866008327,   1.0
 -0.04332066871465788, 0.04149948683520889,  8.021186368964923,53.553747365178474,  55.42386150151031,  0.3478263331874716,290.40421954144216,  54.89402953391213,348943.82715305104,      0.0,348943.82715305104,   1.0
 -0.04332066871465788, 0.04149948683520889,  7.021186368964922,54.553747365178474,  55.42386150151031,  0.3478263331874716,290.40421954144216,  54.89402953391213,349229.06959170813,      0.0,349229.06959170813,   1.0
 -0.04332066871465788, 0.04149948683520889,  7.021186368964922,53.553747365178474,  56.42386150151031,  0.3478263331874716,290.40421954144216,  54.89402953391213, 348528.2456572723,      0.0, 348528.2456572723,   1.0
 -0.04332066871465788, 0.04149948683520889,  7.021186368964922,53.553747365178474,  55.42386150151031, 0.02000057999999999,290.40421954144216,  54.89402953391213,334052.71746325935,      0.0,334052.71746325935,   1.0
 -0.04332066871465788, 0.04149948683520889,  7.021186368964922,53.553747365178474,  55.42386150151031,  0.3478263331874716,291.40421954144216,  54.89402953391213,348995.70009924565,      0.0,348995.70009924565,   1.0
 -0.04332066871465788, 0.04149948683520889,  7.021186368964922,53.553747365178474,  55.42386150151031,  0.3478263331874716,290.40421954144216,  55.89402953391213, 348787.9744944971,      0.0, 348787.9744944971,   1.0
 -0.04331631777480665, 0.04149510502465491,  7.020387218333476, 53.55334841185812,  55.42213319299536,    0.34782219243479, 290.4026321194962, 54.894782162113344, 348829.2645609273,      0.0, 348829.2645609273,   1.0
  0.29999939999999997, 0.04149510502465491,  7.020387218333476, 53.55334841185812,  55.42213319299536,    0.34782219243479, 290.4026321194962, 54.894782162113344, 265229.5145485734,      0.0, 265229.5145485734,   1.0
 -0.04331631777480665,-0.29999939999999997,  7.020387218333476, 53.55334841185812,  55.42213319299536,    0.34782219243479, 290.4026321194962, 54.894782162113344, 313873.0929230914,      0.0, 313873.0929230914,   1.0
 -0.04331631777480665, 0.04149510502465491,  8.020387218333475, 53.55334841185812,  55.42213319299536,    0.34782219243479, 290.4026321194962, 54.894782162113344, 348948.7887730063,      0.0, 348948.7887730063,   1.0
 -0.04331631777480665, 0.04149510502465491,  7.020387218333476, 54.55334841185812,  55.42213319299536,    0.34782219243479, 290.4026321194962, 54.894782162113344,349228.72179564484,      0.0,349228.72179564484,   1.0
 -0.04331631777480665, 0.04149510502465491,  7.020387218333476, 53.55334841185812,  56.42213319299536,    0.34782219243479, 290.4026321194962, 54.894782162113344,  348533.736304314,      0.0,  348533.736304314,   1.0
 -0.04331631777480665, 0.04149510502465491,  7.020387218333476, 53.55334841185812,  55.42213319299536, 0.02000057999999999, 290.4026321194962, 54.894782162113344, 334057.9734148621,      0.0, 334057.9734148621,   1.0
 -0.04331631777480665, 0.04149510502465491,  7.020387218333476, 53.55334841185812,  55.42213319299536,    0.34782219243479, 291.4026321194962, 54.894782162113344,348999.61131785467,      0.0,348999.61131785467,   1.0
 -0.04331631777480665, 0.04149510502465491,  7.020387218333476, 53.55334841185812,  55.42213319299536,    0.34782219243479, 290.4026321194962, 55.894782162113344, 348792.6259366793,      0.0, 348792.6259366793,   1.0
 -0.04331611356380007, 0.04149489936473442,  7.020349710263855, 53.55332968701661,  55.42205207497636,  0.3478219980889011, 290.4025576139768,   54.8948174866565,348829.29105675494,      0.0,348829.29105675494,   1.0
  0.29999939999999997, 0.04149489936473442,  7.020349710263855, 53.55332968701661,  55.42205207497636,  0.3478219980889011, 290.4025576139768,   54.8948174866565, 265229.5927550562,      0.0, 265229.5927550562,   1.0
 -0.04331611356380007,-0.29999939999999997,  7.020349710263855, 53.55332968701661,  55.42205207497636,  0.3478219980889011, 290.4025576139768,   54.8948174866565, 313873.1174379074,      0.0, 313873.1174379074,   1.0
 -0.04331611356380007, 0.04149489936473442,  8.020349710263854, 53.55332968701661,  55.42205207497636,  0.3478219980889011, 290.4025576139768,   54.8948174866565,348948.79162140784,      0.0,348948.79162140784,   1.0
 -0.04331611356380007, 0.04149489936473442,  7.020349710263855, 54.55332968701661,  55.42205207497636,  0.3478219980889011, 290.4025576139768,   54.8948174866565,349228.67357680027,      0.0,349228.67357680027,   1.0
 -0.04331611356380007, 0.04149489936473442,  7.020349710263855, 53.55332968701661,  56.42205207497636,  0.3478219980889011, 290.4025576139768,   54.8948174866565,   348533.75229868,      0.0,   348533.75229868,   1.0
 -0.04331611356380007, 0.04149489936473442,  7.020349710263855, 53.55332968701661,  55.42205207497636, 0.02000057999999999, 290.4025576139768,   54.8948174866565, 334057.9734148621,      0.0, 334057.9734148621,   1.0
 -0.04331611356380007, 0.04149489936473442,  7.020349710263855, 53.55332968701661,  55.42205207497636,  0.3478219980889011, 291.4025576139768,   54.8948174866565,348999.53479398025,      0.0,348999.53479398025,   1.0
 -0.04331611356380007, 0.04149489936473442,  7.020349710263855, 53.55332968701661,  55.42205207497636,  0.3478219980889011, 290.4025576139768,   55.8948174866565, 348792.6851010107,      0.0, 348792.6851010107,   1.0
 -0.29999939999999997, 0.29999939999999997,  8.530750558212093, 54.30583572048556,  58.67640146266556,          0.59999942, 293.4006634687958,  53.47320383318543,313868.68183693045,      0.0,313868.68183693045,   1.0
  0.29999939999999997, 0.29999939999999997,  8.530750558212093, 54.30583572048556,  58.67640146266556,          0.59999942, 293.4006634687958,  53.47320383318543,258436.60885901604,      0.0,258436.60885901604,   1.0
 -0.29999939999999997,-0.29999939999999997,  8.530750558212093, 54.30583572048556,  58.67640146266556,          0.59999942, 293.4006634687958,  53.47320383318543, 269230.7380955296,      0.0, 269230.7380955296,   1.0
 -0.29999939999999997, 0.29999939999999997,  9.530750558212093, 54.30583572048556,  58.67640146266556,          0.59999942, 293.4006634687958,  53.47320383318543, 313727.3326020066,      0.0, 313727.3326020066,   1.0
 -0.29999939999999997, 0.29999939999999997,  8.530750558212093, 55.30583572048556,  58.67640146266556,          0.59999942, 293.4006634687958,  53.47320383318543, 313965.5441075986,      0.0, 313965.5441075986,   1.0
 -0.29999939999999997, 0.29999939999999997,  8.530750558212093, 54.30583572048556,  59.67640146266556,          0.59999942, 293.4006634687958,  53.47320383318543,313449.00011904247,      0.0,313449.00011904247,   1.0
 -0.29999939999999997, 0.29999939999999997,  8.530750558212093, 54.30583572048556,  58.67640146266556,0.020000580000000046, 293.4006634687958,  53.47320383318543, 333364.6640731469,      0.0, 333364.6640731469,   1.0
 -0.29999939999999997, 0.29999939999999997,  8.530750558212093, 54.30583572048556,  58.67640146266556,          0.59999942, 294.4006634687958,  53.47320383318543,314052.11711428326,      0.0,314052.11711428326,   1.0
 -0.29999939999999997, 0.29999939999999997,  8.530750558212093, 54.30583572048556,  58.67640146266556,          0.59999942, 293.4006634687958,  54.47320383318543, 314810.2568963876,      0.0, 314810.2568963876,   1.0
  -0.0886569686587985, 0.08715745600190673,  7.287148795365976, 53.68625328907633,  55.99690440005124, 0.39236693166775094, 290.9321467625738,  54.64370188206055, 342464.0008306448,      0.0, 342464.0008306448,   1.0
  0.29999939999999997, 0.08715745600190673,  7.287148795365976, 53.68625328907633,  55.99690440005124, 0.39236693166775094, 290.9321467625738,  54.64370188206055,261301.17127766798,      0.0,261301.17127766798,   1.0
  -0.0886569686587985,-0.29999939999999997,  7.287148795365976, 53.68625328907633,  55.99690440005124, 0.39236693166775094, 290.9321467625738,  54.64370188206055,  304027.982426082,      0.0,  304027.982426082,   1.0
  -0.0886569686587985, 0.08715745600190673,  8.287148795365976, 53.68625328907633,  55.99690440005124, 0.39236693166775094, 290.9321467625738,  54.64370188206055, 342474.7776417044,      0.0, 342474.7776417044,   1.0
  -0.0886569686587985, 0.08715745600190673,  7.287148795365976, 54.68625328907633,  55.99690440005124, 0.39236693166775094, 290.9321467625738,  54.64370188206055, 342920.3231061025,      0.0, 342920.3231061025,   1.0
  -0.0886569686587985, 0.08715745600190673,  7.287148795365976, 53.68625328907633,  56.99690440005124, 0.39236693166775094, 290.9321467625738,  54.64370188206055, 342415.4966613175,      0.0, 342415.4966613175,   1.0
  -0.0886569686587985, 0.08715745600190673,  7.287148795365976, 53.68625328907633,  55.99690440005124, 0.02000057999999999, 290.9321467625738,  54.64370188206055, 341879.3942422556,      0.0, 341879.3942422556,   1.0
  -0.0886569686587985, 0.08715745600190673,  7.287148795365976, 53.68625328907633,  55.99690440005124, 0.39236693166775094, 291.9321467625738,  54.64370188206055,342678.83159670956,      0.0,342678.83159670956,   1.0
  -0.0886569686587985, 0.08715745600190673,  7.287148795365976, 53.68625328907633,  55.99690440005124, 0.39236693166775094, 290.9321467625738,  55.64370188206055, 342612.0321558032,      0.0, 342612.0321558032,   1.0
 -0.05017539903714639,0.048402852705291516,  7.060711787355448, 53.57343872401564,  55.50901726772457, 0.35456087443272827,   290.48267527268,  54.85682804832044,347831.93182183267,      0.0,347831.93182183267,   1.0
  0.29999939999999997,0.048402852705291516,  7.060711787355448, 53.57343872401564,  55.50901726772457, 0.35456087443272827,   290.48267527268,  54.85682804832044,264532.00236517424,      0.0,264532.00236517424,   1.0
 -0.05017539903714639, -0.2999993999999999,  7.060711787355448, 53.57343872401564,  55.50901726772457, 0.35456087443272827,   290.48267527268,  54.85682804832044, 312407.3860695696,      0.0, 312407.3860695696,   1.0
 -0.05017539903714639,0.048402852705291516,  8.060711787355448, 53.57343872401564,  55.50901726772457, 0.35456087443272827,   290.48267527268,  54.85682804832044, 347982.4259135264,      0.0, 347982.4259135264,   1.0
 -0.05017539903714639,0.048402852705291516,  7.060711787355448, 54.57343872401564,  55.50901726772457, 0.35456087443272827,   290.48267527268,  54.85682804832044, 348277.2182369183,      0.0, 348277.2182369183,   1.0
 -0.05017539903714639,0.048402852705291516,  7.060711787355448, 53.57343872401564,  56.50901726772457, 0.35456087443272827,   290.48267527268,  54.85682804832044,347526.14062146505,      0.0,347526.14062146505,   1.0
 -0.05017539903714639,0.048402852705291516,  7.060711787355448, 53.57343872401564,  55.50901726772457, 0.02000057999999999,   290.48267527268,  54.85682804832044, 335410.1181925202,      0.0, 335410.1181925202,   1.0
 -0.05017539903714639,0.048402852705291516,  7.060711787355448, 53.57343872401564,  55.50901726772457, 0.35456087443272827,   291.48267527268,  54.85682804832044,348021.37265434134,      0.0,348021.37265434134,   1.0
 -0.05017539903714639,0.048402852705291516,  7.060711787355448, 53.57343872401564,  55.50901726772457, 0.35456087443272827,   290.48267527268,  55.85682804832044,347813.06211450923,      0.0,347813.06211450923,   1.0
 -0.04429617083583661, 0.04248191031982727,  7.026116658923716, 53.55620287373863,  55.43447769421879,  0.3487848512595099,290.41400485499565, 54.889389541508784, 348822.2846303096,      0.0, 348822.2846303096,   1.0
  0.29999939999999997, 0.04248191031982727,  7.026116658923716, 53.55620287373863,  55.43447769421879,  0.3487848512595099,290.41400485499565, 54.889389541508784,265113.26539232937,      0.0,265113.26539232937,   1.0
 -0.04429617083583661,-0.29999939999999997,  7.026116658923716, 53.55620287373863,  55.43447769421879,  0.3487848512595099,290.41400485499565, 54.889389541508784,313604.11677444243,      0.0,313604.11677444243,   1.0
 -0.04429617083583661, 0.04248191031982727,  8.026116658923716, 53.55620287373863,  55.43447769421879,  0.3487848512595099,290.41400485499565, 54.889389541508784, 348934.7268644827,      0.0, 348934.7268644827,   1.0
 -0.04429617083583661, 0.04248191031982727,  7.026116658923716, 54.55620287373863,  55.43447769421879,  0.3487848512595099,290.41400485499565, 54.889389541508784, 349051.0007832376,      0.0, 349051.0007832376,   1.0
 -0.04429617083583661, 0.04248191031982727,  7.026116658923716, 53.55620287373863,  56.43447769421879,  0.3487848512595099,290.41400485499565, 54.889389541508784, 348391.6266602041,      0.0, 348391.6266602041,   1.0
 -0.04429617083583661, 0.04248191031982727,  7.026116658923716, 53.55620287373863,  55.43447769421879, 0.02000057999999999,290.41400485499565, 54.889389541508784,334276.35952950537,      0.0,334276.35952950537,   1.0
 -0.04429617083583661, 0.04248191031982727,  7.026116658923716, 53.55620287373863,  55.43447769421879,  0.3487848512595099,291.41400485499565, 54.889389541508784, 348980.4075028222,      0.0, 348980.4075028222,   1.0
 -0.04429617083583661, 0.04248191031982727,  7.026116658923716, 53.55620287373863,  55.43447769421879,  0.3487848512595099,290.41400485499565, 55.889389541508784,348766.21911896777,      0.0,348766.21911896777,   1.0
-0.043518787914269816,0.041699011726264355,  7.021542306459178, 53.55392385765263, 55.424621674101836, 0.34802111465741076,290.40492488597647,  54.89369499587092,348809.84764809546,      0.0,348809.84764809546,   1.0
  0.29999939999999997,0.041699011726264355,  7.021542306459178, 53.55392385765263, 55.424621674101836, 0.34802111465741076,290.40492488597647,  54.89369499587092, 265175.8798571114,      0.0, 265175.8798571114,   1.0
-0.043518787914269816,-0.29999939999999997,  7.021542306459178, 53.55392385765263, 55.424621674101836, 0.34802111465741076,290.40492488597647,  54.89369499587092, 313872.6389891317,      0.0, 313872.6389891317,   1.0
-0.043518787914269816,0.041699011726264355,  8.021542306459178, 53.55392385765263, 55.424621674101836, 0.34802111465741076,290.40492488597647,  54.89369499587092, 348929.2935854717,      0.0, 348929.2935854717,   1.0
-0.043518787914269816,0.041699011726264355,  7.021542306459178, 54.55392385765263, 55.424621674101836, 0.34802111465741076,290.40492488597647,  54.89369499587092,349191.76082856907,      0.0,349191.76082856907,   1.0
-0.043518787914269816,0.041699011726264355,  7.021542306459178, 53.55392385765263, 56.424621674101836, 0.34802111465741076,290.40492488597647,  54.89369499587092, 348469.1464692421,      0.0, 348469.1464692421,   1.0
-0.043518787914269816,0.041699011726264355,  7.021542306459178, 53.55392385765263, 55.424621674101836, 0.02000057999999999,290.40492488597647,  54.89369499587092,334134.59333132976,      0.0,334134.59333132976,   1.0
-0.043518787914269816,0.041699011726264355,  7.021542306459178, 53.55392385765263, 55.424621674101836, 0.34802111465741076,291.40492488597647,  54.89369499587092, 348987.3407810419,      0.0, 348987.3407810419,   1.0
-0.043518787914269816,0.041699011726264355,  7.021542306459178, 53.55392385765263, 55.424621674101836, 0.34802111465741076,290.40492488597647,  55.89369499587092,348775.38634309283,      0.0,348775.38634309283,   1.0
 -0.04334840092951582, 0.04152741581513156,   7.02053969873265, 53.55342434233228,  55.42246142912756,  0.3478537186763984, 290.4029347360775,  54.89463866644357,348819.79431798914,      0.0,348819.79431798914,   1.0
  0.29999939999999997, 0.04152741581513156,   7.02053969873265, 53.55342434233228,  55.42246142912756,  0.3478537186763984, 290.4029347360775,  54.89463866644357, 265208.4205252817,      0.0, 265208.4205252817,   1.0
 -0.04334840092951582,          -0.2999994,   7.02053969873265, 53.55342434233228,  55.42246142912756,  0.3478537186763984, 290.4029347360775,  54.89463866644357, 313884.2397984461,      0.0, 313884.2397984461,   1.0
 -0.04334840092951582, 0.04152741581513156,   8.02053969873265, 53.55342434233228,  55.42246142912756,  0.3478537186763984, 290.4029347360775,  54.89463866644357, 348938.9814505512,      0.0, 348938.9814505512,   1.0
 -0.04334840092951582, 0.04152741581513156,   7.02053969873265, 54.55342434233228,  55.42246142912756,  0.3478537186763984, 290.4029347360775,  54.89463866644357, 349227.9068625587,      0.0, 349227.9068625587,   1.0
 -0.04334840092951582, 0.04152741581513156,   7.02053969873265, 53.55342434233228,  56.42246142912756,  0.3478537186763984, 290.4029347360775,  54.89463866644357,348539.24760040856,      0.0,348539.24760040856,   1.0
 -0.04334840092951582, 0.04152741581513156,   7.02053969873265, 53.55342434233228,  55.42246142912756, 0.02000057999999999, 290.4029347360775,  54.89463866644357,334067.70534951857,      0.0,334067.70534951857,   1.0
 -0.04334840092951582, 0.04152741581513156,   7.02053969873265, 53.55342434233228,  55.42246142912756,  0.3478537186763984, 291.4029347360775,  54.89463866644357, 348989.4926762417,      0.0, 348989.4926762417,   1.0
 -0.04334840092951582, 0.04152741581513156,   7.02053969873265, 53.55342434233228,  55.42246142912756,  0.3478537186763984, 290.4029347360775,  55.89463866644357, 348784.5414484916,      0.0, 348784.5414484916,   1.0
 -0.04331955107506901,0.041498361265765615,  7.020369937603187,  53.5533397646029,  55.42209565733362, 0.34782537525747964,290.40259776471197,  54.89479844835829, 348824.3975884208,      0.0, 348824.3975884208,   1.0
  0.29999939999999997,0.041498361265765615,  7.020369937603187,  53.5533397646029,  55.42209565733362, 0.34782537525747964,290.40259776471197,  54.89479844835829,265229.62456810573,      0.0,265229.62456810573,   1.0
 -0.04331955107506901,-0.29999939999999997,  7.020369937603187,  53.5533397646029,  55.42209565733362, 0.34782537525747964,290.40259776471197,  54.89479844835829, 313872.8964678598,      0.0, 313872.8964678598,   1.0
 -0.04331955107506901,0.041498361265765615,  8.020369937603187,  53.5533397646029,  55.42209565733362, 0.34782537525747964,290.40259776471197,  54.89479844835829, 348943.5835161818,      0.0, 348943.5835161818,   1.0
 -0.04331955107506901,0.041498361265765615,  7.020369937603187,  54.5533397646029,  55.42209565733362, 0.34782537525747964,290.40259776471197,  54.89479844835829, 349227.7909966612,      0.0, 349227.7909966612,   1.0
 -0.04331955107506901,0.041498361265765615,  7.020369937603187,  53.5533397646029,  56.42209565733362, 0.34782537525747964,290.40259776471197,  54.89479844835829, 348530.3365133893,      0.0, 348530.3365133893,   1.0
 -0.04331955107506901,0.041498361265765615,  7.020369937603187,  53.5533397646029,  55.42209565733362, 0.02000057999999999,290.40259776471197,  54.89479844835829, 334057.4325436553,      0.0, 334057.4325436553,   1.0
 -0.04331955107506901,0.041498361265765615,  7.020369937603187,  53.5533397646029,  55.42209565733362, 0.34782537525747964,291.40259776471197,  54.89479844835829,348993.99118925235,      0.0,348993.99118925235,   1.0
 -0.04331955107506901,0.041498361265765615,  7.020369937603187,  53.5533397646029,  55.42209565733362, 0.34782537525747964,290.40259776471197,  55.89479844835829,348787.93511993374,      0.0,348787.93511993374,   1.0
 -0.04331624184970827, 0.04149502856085426, 7.0203504651363176, 53.55333006310623,  55.42205370144442,  0.3478221241228554,290.40255911237875,  54.89481677615836,348829.29105675494,      0.0,348829.29105675494,   1.0
  0.29999939999999997, 0.04149502856085426, 7.0203504651363176, 53.55333006310623,  55.42205370144442,  0.3478221241228554,290.40255911237875,  54.89481677615836,265229.60139250726,      0.0,265229.60139250726,   1.0
 -0.04331624184970827,-0.29999939999999997, 7.0203504651363176, 53.55333006310623,  55.42205370144442,  0.3478221241228554,290.40255911237875,  54.89481677615836, 313873.1174379074,      0.0, 313873.1174379074,   1.0
 -0.04331624184970827, 0.04149502856085426,  8.020350465136318, 53.55333006310623,  55.42205370144442,  0.3478221241228554,290.40255911237875,  54.89481677615836,348948.79162140784,      0.0,348948.79162140784,   1.0
 -0.04331624184970827, 0.04149502856085426, 7.0203504651363176, 54.55333006310623,  55.42205370144442,  0.3478221241228554,290.40255911237875,  54.89481677615836, 349228.7366126853,      0.0, 349228.7366126853,   1.0
 -0.04331624184970827, 0.04149502856085426, 7.0203504651363176, 53.55333006310623,  56.42205370144442,  0.3478221241228554,290.40255911237875,  54.89481677615836,   348533.75229868,      0.0,   348533.75229868,   1.0
 -0.04331624184970827, 0.04149502856085426, 7.0203504651363176, 53.55333006310623,  55.42205370144442, 0.02000057999999999,290.40255911237875,  54.89481677615836, 334057.9734148621,      0.0, 334057.9734148621,   1.0
 -0.04331624184970827, 0.04149502856085426, 7.0203504651363176, 53.55333006310623,  55.42205370144442,  0.3478221241228554,291.40255911237875,  54.89481677615836,348999.53479398025,      0.0,348999.53479398025,   1.0
 -0.04331624184970827, 0.04149502856085426, 7.0203504651363176, 53.55333006310623,  55.42205370144442,  0.3478221241228554,290.40255911237875,  55.89481677615836, 348792.6851010107,      0.0, 348792.6851010107,   1.0
-0.043316140636787535, 0.04149492662980961,  7.020349869569371, 53.55332976638518,  55.42205241822021, 0.34782202468664447,290.40255793019406, 54.894817336715576,348829.29105675494,      0.0,348829.29105675494,   1.0
  0.29999939999999997, 0.04149492662980961,  7.020349869569371, 53.55332976638518,  55.42205241822021, 0.34782202468664447,290.40255793019406, 54.894817336715576,265229.60139250726,      0.0,265229.60139250726,   1.0
-0.043316140636787535,          -0.2999994,  7.020349869569371, 53.55332976638518,  55.42205241822021, 0.34782202468664447,290.40255793019406, 54.894817336715576, 313873.1174379074,      0.0, 313873.1174379074,   1.0
-0.043316140636787535, 0.04149492662980961,   8.02034986956937, 53.55332976638518,  55.42205241822021, 0.34782202468664447,290.40255793019406, 54.894817336715576,348948.79162140784,      0.0,348948.79162140784,   1.0
-0.043316140636787535, 0.04149492662980961,  7.020349869569371, 54.55332976638518,  55.42205241822021, 0.34782202468664447,290.40255793019406, 54.894817336715576,349228.67357680027,      0.0,349228.67357680027,   1.0
-0.043316140636787535, 0.04149492662980961,  7.020349869569371, 53.55332976638518,  56.42205241822021, 0.34782202468664447,290.40255793019406, 54.894817336715576,   348533.75229868,      0.0,   348533.75229868,   1.0
-0.043316140636787535, 0.04149492662980961,  7.020349869569371, 53.55332976638518,  55.42205241822021, 0.02000057999999999,290.40255793019406, 54.894817336715576, 334057.9734148621,      0.0, 334057.9734148621,   1.0
-0.043316140636787535, 0.04149492662980961,  7.020349869569371, 53.55332976638518,  55.42205241822021, 0.34782202468664447,291.40255793019406, 54.894817336715576,348999.53479398025,      0.0,348999.53479398025,   1.0
-0.043316140636787535, 0.04149492662980961,  7.020349869569371, 53.55332976638518,  55.42205241822021, 0.34782202468664447,290.40255793019406, 55.894817336715576, 348792.6851010107,      0.0, 348792.6851010107,   1.0
 -0.04331611927718442,0.041494905118656264,  7.020349743883109, 53.55332970376626,  55.42205214741328,  0.3478220037019916, 290.4025576807101, 54.894817455013516,348829.29105675494,      0.0,348829.29105675494,   1.0
  0.29999939999999997,0.041494905118656264,  7.020349743883109, 53.55332970376626,  55.42205214741328,  0.3478220037019916, 290.4025576807101, 54.894817455013516,265229.60139250726,      0.0,265229.60139250726,   1.0
 -0.04331611927718442,-0.29999939999999997,  7.020349743883109, 53.55332970376626,  55.42205214741328,  0.3478220037019916, 290.4025576807101, 54.894817455013516, 313873.1174379074,      0.0, 313873.1174379074,   1.0
 -0.04331611927718442,0.041494905118656264,   8.02034974388311, 53.55332970376626,  55.42205214741328,  0.3478220037019916, 290.4025576807101, 54.894817455013516,348948.79162140784,      0.0,348948.79162140784,   1.0
 -0.04331611927718442,0.041494905118656264,  7.020349743883109, 54.55332970376626,  55.42205214741328,  0.3478220037019916, 290.4025576807101, 54.894817455013516,349228.67357680027,      0.0,349228.67357680027,   1.0
 -0.04331611927718442,0.041494905118656264,  7.020349743883109, 53.55332970376626,  56.42205214741328,  0.3478220037019916, 290.4025576807101, 54.894817455013516,   348533.75229868,      0.0,   348533.75229868,   1.0
 -0.04331611927718442,0.041494905118656264,  7.020349743883109, 53.55332970376626,  55.42205214741328, 0.02000057999999999, 290.4025576807101, 54.894817455013516, 334057.9734148621,      0.0, 334057.9734148621,   1.0
 -0.04331611927718442,0.041494905118656264,  7.020349743883109, 53.55332970376626,  55.42205214741328,  0.3478220037019916, 291.4025576807101, 54.894817455013516,348999.53479398025,      0.0,348999.53479398025,   1.0
 -0.04331611927718442,0.041494905118656264,  7.020349743883109, 53.55332970376626,  55.42205214741328,  0.3478220037019916, 290.4025576807101, 55.894817455013516, 348792.6851010107,      0.0, 348792.6851010107,   1.0
 -0.04331611476953178, 0.04149490057902101,  7.020349717358739,53.553329690551394,  55.42205209026318, 0.34782199927346713,   290.40255762806,  54.89481747997868,348829.29105675494,      0.0,348829.29105675494,   1.0
  0.29999939999999997, 0.04149490057902101,  7.020349717358739,53.553329690551394,  55.42205209026318, 0.34782199927346713,   290.40255762806,  54.89481747997868, 265229.5927550562,      0.0, 265229.5927550562,   1.0
 -0.04331611476953178,-0.29999939999999997,  7.020349717358739,53.553329690551394,  55.42205209026318, 0.34782199927346713,   290.40255762806,  54.89481747997868, 313873.1174379074,      0.0, 313873.1174379074,   1.0
 -0.04331611476953178, 0.04149490057902101,  8.020349717358739,53.553329690551394,  55.42205209026318, 0.34782199927346713,   290.40255762806,  54.89481747997868,348948.79162140784,      0.0,348948.79162140784,   1.0
 -0.04331611476953178, 0.04149490057902101,  7.020349717358739,54.553329690551394,  55.42205209026318, 0.34782199927346713,   290.40255762806,  54.89481747997868,349228.67357680027,      0.0,349228.67357680027,   1.0
 -0.04331611476953178, 0.04149490057902101,  7.020349717358739,53.553329690551394,  56.42205209026318, 0.34782199927346713,   290.40255762806,  54.89481747997868,   348533.75229868,      0.0,   348533.75229868,   1.0
 -0.04331611476953178, 0.04149490057902101,  7.020349717358739,53.553329690551394,  55.42205209026318, 0.02000057999999999,   290.40255762806,  54.89481747997868, 334057.9734148621,      0.0, 334057.9734148621,   1.0
 -0.04331611476953178, 0.04149490057902101,  7.020349717358739,53.553329690551394,  55.42205209026318, 0.34782199927346713,   291.40255762806,  54.89481747997868,348999.53479398025,      0.0,348999.53479398025,   1.0
 -0.04331611476953178, 0.04149490057902101,  7.020349717358739,53.553329690551394,  55.42205209026318, 0.34782199927346713,   290.40255762806,  55.89481747997868, 348792.6851010107,      0.0, 348792.6851010107,   1.0
-0.043316113818253274,0.041494899620993016,  7.020349711761134, 53.55332968776258, 55.422052078202434, 0.34782199833888755,290.40255761694885,  54.89481748524724,348829.29105675494,      0.0,348829.29105675494,   1.0
  0.29999939999999997,0.041494899620993016,  7.020349711761134, 53.55332968776258, 55.422052078202434, 0.34782199833888755,290.40255761694885,  54.89481748524724, 265229.5927550562,      0.0, 265229.5927550562,   1.0
-0.043316113818253274,-0.29999939999999997,  7.020349711761134, 53.55332968776258, 55.422052078202434, 0.34782199833888755,290.40255761694885,  54.89481748524724, 313873.1174379074,      0.0, 313873.1174379074,   1.0
-0.043316113818253274,0.041494899620993016,  8.020349711761135, 53.55332968776258, 55.422052078202434, 0.34782199833888755,290.40255761694885,  54.89481748524724,348948.79162140784,      0.0,348948.79162140784,   1.0
-0.043316113818253274,0.041494899620993016,  7.020349711761134, 54.55332968776258, 55.422052078202434, 0.34782199833888755,290.40255761694885,  54.89481748524724,349228.67357680027,      0.0,349228.67357680027,   1.0
-0.043316113818253274,0.041494899620993016,  7.020349711761134, 53.55332968776258, 56.422052078202434, 0.34782199833888755,290.40255761694885,  54.89481748524724,   348533.75229868,      0.0,   348533.75229868,   1.0
-0.043316113818253274,0.041494899620993016,  7.020349711761134, 53.55332968776258, 55.422052078202434, 0.02000057999999999,290.40255761694885,  54.89481748524724, 334057.9734148621,      0.0, 334057.9734148621,   1.0
-0.043316113818253274,0.041494899620993016,  7.020349711761134, 53.55332968776258, 55.422052078202434, 0.34782199833888755,291.40255761694885,  54.89481748524724,348999.53479398025,      0.0,348999.53479398025,   1.0
-0.043316113818253274,0.041494899620993016,  7.020349711761134, 53.55332968776258, 55.422052078202434, 0.34782199833888755,290.40255761694885,  55.89481748524724, 348792.6851010107,      0.0, 348792.6851010107,   1.0
-0.043316113617498944,  0.0414948994188143,  7.020349710579835,53.553329687174035,  55.42205207565718,  0.3478219981416573,  290.402557614604, 54.894817486359095,348829.29105675494,      0.0,348829.29105675494,   1.0
  0.29999939999999997,  0.0414948994188143,  7.020349710579835,53.553329687174035,  55.42205207565718,  0.3478219981416573,  290.402557614604, 54.894817486359095, 265229.5927550562,      0.0, 265229.5927550562,   1.0
-0.043316113617498944,-0.29999939999999997,  7.020349710579835,53.553329687174035,  55.42205207565718,  0.3478219981416573,  290.402557614604, 54.894817486359095, 313873.1174379074,      0.0, 313873.1174379074,   1.0
-0.043316113617498944,  0.0414948994188143,  8.020349710579836,53.553329687174035,  55.42205207565718,  0.3478219981416573,  290.402557614604, 54.894817486359095,348948.79162140784,      0.0,348948.79162140784,   1.0
-0.043316113617498944,  0.0414948994188143,  7.020349710579835,54.553329687174035,  55.42205207565718,  0.3478219981416573,  290.402557614604, 54.894817486359095,349228.67357680027,      0.0,349228.67357680027,   1.0
-0.043316113617498944,  0.0414948994188143,  7.020349710579835,53.553329687174035,  56.42205207565718,  0.3478219981416573,  290.402557614604, 54.894817486359095,   348533.75229868,      0.0,   348533.75229868,   1.0
-0.043316113617498944,  0.0414948994188143,  7.020349710579835,53.553329687174035,  55.42205207565718, 0.02000057999999999,  290.402557614604, 54.894817486359095, 334057.9734148621,      0.0, 334057.9734148621,   1.0
-0.043316113617498944,  0.0414948994188143,  7.020349710579835,53.553329687174035,  55.42205207565718,  0.3478219981416573,  291.402557614604, 54.894817486359095,348999.53479398025,      0.0,348999.53479398025,   1.0
-0.043316113617498944,  0.0414948994188143,  7.020349710579835,53.553329687174035,  55.42205207565718,  0.3478219981416573,  290.402557614604, 55.894817486359095, 348792.6851010107,      0.0, 348792.6851010107,   1.0
 -0.04331611357513248, 0.04149489937614723,  7.020349710330539, 53.55332968704983, 55.422052075120035, 0.34782199810003456, 290.4025576141092,  54.89481748659374,348829.29105675494,      0.0,348829.29105675494,   1.0
  0.29999939999999997, 0.04149489937614723,  7.020349710330539, 53.55332968704983, 55.422052075120035, 0.34782199810003456, 290.4025576141092,  54.89481748659374, 265229.5927550562,      0.0, 265229.5927550562,   1.0
 -0.04331611357513248,-0.29999939999999997,  7.020349710330539, 53.55332968704983, 55.422052075120035, 0.34782199810003456, 290.4025576141092,  54.89481748659374, 313873.1174379074,      0.0, 313873.1174379074,   1.0
 -0.04331611357513248, 0.04149489937614723,  8.020349710330539, 53.55332968704983, 55.422052075120035, 0.34782199810003456, 290.4025576141092,  54.89481748659374,348948.79162140784,      0.0,348948.79162140784,   1.0
 -0.04331611357513248, 0.04149489937614723,  7.020349710330539, 54.55332968704983, 55.422052075120035, 0.34782199810003456, 290.4025576141092,  54.89481748659374,349228.67357680027,      0.0,349228.67357680027,   1.0
 -0.04331611357513248, 0.04149489937614723,  7.020349710330539, 53.55332968704983, 56.422052075120035, 0.34782199810003456, 290.4025576141092,  54.89481748659374,   348533.75229868,      0.0,   348533.75229868,   1.0
 -0.04331611357513248, 0.04149489937614723,  7.020349710330539, 53.55332968704983, 55.422052075120035, 0.02000057999999999, 290.4025576141092,  54.89481748659374, 334057.9734148621,      0.0, 334057.9734148621,   1.0
 -0.04331611357513248, 0.04149489937614723,  7.020349710330539, 53.55332968704983, 55.422052075120035, 0.34782199810003456, 291.4025576141092,  54.89481748659374,348999.53479398025,      0.0,348999.53479398025,   1.0
 -0.04331611357513248, 0.04149489937614723,  7.020349710330539, 53.55332968704983, 55.422052075120035, 0.34782199810003456, 290.4025576141092,  55.89481748659374, 348792.6851010107,      0.0, 348792.6851010107,   1.0
 -0.04331611356619163, 0.04149489936714294, 7.0203497102779275, 53.55332968702362, 55.422052075006675, 0.34782199809125064, 290.4025576140047, 54.894817486643255,348829.29105675494,      0.0,348829.29105675494,   1.0
  0.29999939999999997, 0.04149489936714294, 7.0203497102779275, 53.55332968702362, 55.422052075006675, 0.34782199809125064, 290.4025576140047, 54.894817486643255, 265229.5927550562,      0.0, 265229.5927550562,   1.0
 -0.04331611356619163,-0.29999939999999997, 7.0203497102779275, 53.55332968702362, 55.422052075006675, 0.34782199809125064, 290.4025576140047, 54.894817486643255, 313873.1174379074,      0.0, 313873.1174379074,   1.0
 -0.04331611356619163, 0.04149489936714294,  8.020349710277927, 53.55332968702362, 55.422052075006675, 0.34782199809125064, 290.4025576140047, 54.894817486643255,348948.79162140784,      0.0,348948.79162140784,   1.0
 -0.04331611356619163, 0.04149489936714294, 7.0203497102779275, 54.55332968702362, 55.422052075006675, 0.34782199809125064, 290.4025576140047, 54.894817486643255,349228.67357680027,      0.0,349228.67357680027,   1.0
 -0.04331611356619163, 0.04149489936714294, 7.0203497102779275, 53.55332968702362, 56.422052075006675, 0.34782199809125064, 290.4025576140047, 54.894817486643255,   348533.75229868,      0.0,   348533.75229868,   1.0
 -0.04331611356619163, 0.04149489936714294, 7.0203497102779275, 53.55332968702362, 55.422052075006675, 0.02000057999999999, 290.4025576140047, 54.894817486643255, 334057.9734148621,      0.0, 334057.9734148621,   1.0
 -0.04331611356619163, 0.04149489936714294, 7.0203497102779275, 53.55332968702362, 55.422052075006675, 0.34782199809125064, 291.4025576140047, 54.894817486643255,348999.53479398025,      0.0,348999.53479398025,   1.0
 -0.04331611356619163, 0.04149489936714294, 7.0203497102779275, 53.55332968702362, 55.422052075006675, 0.34782199809125064, 290.4025576140047, 55.894817486643255, 348792.6851010107,      0.0, 348792.6851010107,   1.0
 -0.04331611356430478,0.041494899365242706,  7.020349710266825,53.553329687018085,  55.42205207498276,  0.3478219980893969, 290.4025576139827,  54.89481748665371,348829.29105675494,      0.0,348829.29105675494,   1.0
  0.29999939999999997,0.041494899365242706,  7.020349710266825,53.553329687018085,  55.42205207498276,  0.3478219980893969, 290.4025576139827,  54.89481748665371, 265229.5927550562,      0.0, 265229.5927550562,   1.0
 -0.04331611356430478,-0.29999939999999997,  7.020349710266825,53.553329687018085,  55.42205207498276,  0.3478219980893969, 290.4025576139827,  54.89481748665371, 313873.1174379074,      0.0, 313873.1174379074,   1.0
 -0.04331611356430478,0.041494899365242706,  8.020349710266824,53.553329687018085,  55.42205207498276,  0.3478219980893969, 290.4025576139827,  54.89481748665371,348948.79162140784,      0.0,348948.79162140784,   1.0
 -0.04331611356430478,0.041494899365242706,  7.020349710266825,54.553329687018085,  55.42205207498276,  0.3478219980893969, 290.4025576139827,  54.89481748665371,349228.67357680027,      0.0,349228.67357680027,   1.0
 -0.04331611356430478,0.041494899365242706,  7.020349710266825,53.553329687018085,  56.42205207498276,  0.3478219980893969, 290.4025576139827,  54.89481748665371,   348533.75229868,      0.0,   348533.75229868,   1.0
 -0.04331611356430478,0.041494899365242706,  7.020349710266825,53.553329687018085,  55.42205207498276, 0.02000057999999999, 290.4025576139827,  54.89481748665371, 334057.9734148621,      0.0, 334057.9734148621,   1.0
 -0.04331611356430478,0.041494899365242706,  7.020349710266825,53.553329687018085,  55.42205207498276,  0.3478219980893969, 291.4025576139827,  54.89481748665371,348999.53479398025,      0.0,348999.53479398025,   1.0
 -0.04331611356430478,0.041494899365242706,  7.020349710266825,53.553329687018085,  55.42205207498276,  0.3478219980893969, 290.4025576139827,  55.89481748665371, 348792.6851010107,      0.0, 348792.6851010107,   1.0
  -0.0433161135639066,  0.0414948993648417,  7.020349710264482, 53.55332968701692,  55.42205207497771,  0.3478219980890057,290.40255761397805,  54.89481748665591,348829.29105675494,      0.0,348829.29105675494,   1.0
  0.29999939999999997,  0.0414948993648417,  7.020349710264482, 53.55332968701692,  55.42205207497771,  0.3478219980890057,290.40255761397805,  54.89481748665591, 265229.5927550562,      0.0, 265229.5927550562,   1.0
  -0.0433161135639066,-0.29999939999999997,  7.020349710264482, 53.55332968701692,  55.42205207497771,  0.3478219980890057,290.40255761397805,  54.89481748665591, 313873.1174379074,      0.0, 313873.1174379074,   1.0
  -0.0433161135639066,  0.0414948993648417,  8.020349710264483, 53.55332968701692,  55.42205207497771,  0.3478219980890057,290.40255761397805,  54.89481748665591,348948.79162140784,      0.0,348948.79162140784,   1.0
  -0.0433161135639066,  0.0414948993648417,  7.020349710264482, 54.55332968701692,  55.42205207497771,  0.3478219980890057,290.40255761397805,  54.89481748665591,349228.67357680027,      0.0,349228.67357680027,   1.0
  -0.0433161135639066,  0.0414948993648417,  7.020349710264482, 53.55332968701692,  56.42205207497771,  0.3478219980890057,290.40255761397805,  54.89481748665591,   348533.75229868,      0.0,   348533.75229868,   1.0
  -0.0433161135639066,  0.0414948993648417,  7.020349710264482, 53.55332968701692,  55.42205207497771, 0.02000057999999999,290.40255761397805,  54.89481748665591, 334057.9734148621,      0.0, 334057.9734148621,   1.0
  -0.0433161135639066,  0.0414948993648417,  7.020349710264482, 53.55332968701692,  55.42205207497771,  0.3478219980890057,291.40255761397805,  54.89481748665591,348999.53479398025,      0.0,348999.53479398025,   1.0
  -0.0433161135639066,  0.0414948993648417,  7.020349710264482, 53.55332968701692,  55.42205207497771,  0.3478219980890057,290.40255761397805,  55.89481748665591, 348792.6851010107,      0.0, 348792.6851010107,   1.0
 -0.04331611356382254,0.041494899364757046,  7.020349710263988, 53.55332968701667,  55.42205207497664, 0.34782199808892317, 290.4025576139771,  54.89481748665637,348829.29105675494,      0.0,348829.29105675494,   1.0
  0.29999939999999997,0.041494899364757046,  7.020349710263988, 53.55332968701667,  55.42205207497664, 0.34782199808892317, 290.4025576139771,  54.89481748665637, 265229.5927550562,      0.0, 265229.5927550562,   1.0
 -0.04331611356382254,-0.29999939999999997,  7.020349710263988, 53.55332968701667,  55.42205207497664, 0.34782199808892317, 290.4025576139771,  54.89481748665637, 313873.1174379074,      0.0, 313873.1174379074,   1.0
 -0.04331611356382254,0.041494899364757046,  8.020349710263988, 53.55332968701667,  55.42205207497664, 0.34782199808892317, 290.4025576139771,  54.89481748665637,348948.79162140784,      0.0,348948.79162140784,   1.0
 -0.04331611356382254,0.041494899364757046,  7.020349710263988, 54.55332968701667,  55.42205207497664, 0.34782199808892317, 290.4025576139771,  54.89481748665637,349228.67357680027,      0.0,349228.67357680027,   1.0
 -0.04331611356382254,0.041494899364757046,  7.020349710263988, 53.55332968701667,  56.42205207497664, 0.34782199808892317, 290.4025576139771,  54.89481748665637,   348533.75229868,      0.0,   348533.75229868,   1.0
 -0.04331611356382254,0.041494899364757046,  7.020349710263988, 53.55332968701667,  55.42205207497664, 0.02000057999999999, 290.4025576139771,  54.89481748665637, 334057.9734148621,      0.0, 334057.9734148621,   1.0
 -0.04331611356382254,0.041494899364757046,  7.020349710263988, 53.55332968701667,  55.42205207497664, 0.34782199808892317, 291.4025576139771,  54.89481748665637,348999.53479398025,      0.0,348999.53479398025,   1.0
 -0.04331611356382254,0.041494899364757046,  7.020349710263988, 53.55332968701667,  55.42205207497664, 0.34782199808892317, 290.4025576139771,  55.89481748665637, 348792.6851010107,      0.0, 348792.6851010107,   1.0
-0.043316113563878024, 0.04149489936481292, 7.0203497102643135,53.553329687016834, 55.422052074977344,  0.3478219980889777, 290.4025576139777, 54.894817486656066,348829.29105675494,      0.0,348829.29105675494,   1.0
  0.29999939999999997, 0.04149489936481292, 7.0203497102643135,53.553329687016834, 55.422052074977344,  0.3478219980889777, 290.4025576139777, 54.894817486656066, 265229.5927550562,      0.0, 265229.5927550562,   1.0
-0.043316113563878024,-0.29999939999999997, 7.0203497102643135,53.553329687016834, 55.422052074977344,  0.3478219980889777, 290.4025576139777, 54.894817486656066, 313873.1174379074,      0.0, 313873.1174379074,   1.0
-0.043316113563878024, 0.04149489936481292,  8.020349710264313,53.553329687016834, 55.422052074977344,  0.3478219980889777, 290.4025576139777, 54.894817486656066,348948.79162140784,      0.0,348948.79162140784,   1.0
-0.043316113563878024, 0.04149489936481292, 7.0203497102643135,54.553329687016834, 55.422052074977344,  0.3478219980889777, 290.4025576139777, 54.894817486656066,349228.67357680027,      0.0,349228.67357680027,   1.0
-0.043316113563878024, 0.04149489936481292, 7.0203497102643135,53.553329687016834, 56.422052074977344,  0.3478219980889777, 290.4025576139777, 54.894817486656066,   348533.75229868,      0.0,   348533.75229868,   1.0
-0.043316113563878024, 0.04149489936481292, 7.0203497102643135,53.553329687016834, 55.422052074977344, 0.02000057999999999, 290.4025576139777, 54.894817486656066, 334057.9734148621,      0.0, 334057.9734148621,   1.0
-0.043316113563878024, 0.04149489936481292, 7.0203497102643135,53.553329687016834, 55.422052074977344,  0.3478219980889777, 291.4025576139777, 54.894817486656066,348999.53479398025,      0.0,348999.53479398025,   1.0
-0.043316113563878024, 0.04149489936481292, 7.0203497102643135,53.553329687016834, 55.422052074977344,  0.3478219980889777, 290.4025576139777, 55.894817486656066, 348792.6851010107,      0.0, 348792.6851010107,   1.0
-0.043316113563834226,0.041494899364768814,  7.020349710264056,53.553329687016706,  55.42205207497679,  0.3478219980889346, 290.4025576139772,  54.89481748665631,348829.29105675494,      0.0,348829.29105675494,   1.0
  0.29999939999999997,0.041494899364768814,  7.020349710264056,53.553329687016706,  55.42205207497679,  0.3478219980889346, 290.4025576139772,  54.89481748665631, 265229.5927550562,      0.0, 265229.5927550562,   1.0
-0.043316113563834226,-0.29999939999999997,  7.020349710264056,53.553329687016706,  55.42205207497679,  0.3478219980889346, 290.4025576139772,  54.89481748665631, 313873.1174379074,      0.0, 313873.1174379074,   1.0
-0.043316113563834226,0.041494899364768814,  8.020349710264057,53.553329687016706,  55.42205207497679,  0.3478219980889346, 290.4025576139772,  54.89481748665631,348948.79162140784,      0.0,348948.79162140784,   1.0
-0.043316113563834226,0.041494899364768814,  7.020349710264056,54.553329687016706,  55.42205207497679,  0.3478219980889346, 290.4025576139772,  54.89481748665631,349228.67357680027,      0.0,349228.67357680027,   1.0
-0.043316113563834226,0.041494899364768814,  7.020349710264056,53.553329687016706,  56.42205207497679,  0.3478219980889346, 290.4025576139772,  54.89481748665631,   348533.75229868,      0.0,   348533.75229868,   1.0
-0.043316113563834226,0.041494899364768814,  7.020349710264056,53.553329687016706,  55.42205207497679, 0.02000057999999999, 290.4025576139772,  54.89481748665631, 334057.9734148621,      0.0, 334057.9734148621,   1.0
-0.043316113563834226,0.041494899364768814,  7.020349710264056,53.553329687016706,  55.42205207497679,  0.3478219980889346, 291.4025576139772,  54.89481748665631,348999.53479398025,      0.0,348999.53479398025,   1.0
-0.043316113563834226,0.041494899364768814,  7.020349710264056,53.553329687016706,  55.42205207497679,  0.3478219980889346, 290.4025576139772,  55.89481748665631, 348792.6851010107,      0.0, 348792.6851010107,   1.0
 -0.29999939999999997, 0.29999939999999997,           59.99988,          79.99994,          -89.99974,          0.59999942,         499.99955,           5.000115,215485.58540442638,      0.0,215485.58540442638,   1.0
  0.29999939999999997, 0.29999939999999997,           59.99988,          79.99994,          -89.99974,          0.59999942,         499.99955,           5.000115,235847.90889371434,      0.0,235847.90889371434,   1.0
 -0.29999939999999997,-0.29999939999999997,           59.99988,          79.99994,          -89.99974,          0.59999942,         499.99955,           5.000115, 228745.8897994933,      0.0, 228745.8897994933,   1.0
 -0.29999939999999997, 0.29999939999999997,           58.99988,          79.99994,          -89.99974,          0.59999942,         499.99955,           5.000115,215253.85359184406,      0.0,215253.85359184406,   1.0
 -0.29999939999999997, 0.29999939999999997,           59.99988,          78.99994,          -89.99974,          0.59999942,         499.99955,           5.000115, 208437.7414728873,      0.0, 208437.7414728873,   1.0
 -0.29999939999999997, 0.29999939999999997,           59.99988,          79.99994,          -88.99974,          0.59999942,         499.99955,           5.000115,213891.01556181491,      0.0,213891.01556181491,   1.0
 -0.29999939999999997, 0.29999939999999997,           59.99988,          79.99994,          -89.99974,0.020000580000000046,         499.99955,           5.000115,210059.57394177385,      0.0,210059.57394177385,   1.0
 -0.29999939999999997, 0.29999939999999997,           59.99988,          79.99994,          -89.99974,          0.59999942,         498.99955,           5.000115,215512.59225882575,      0.0,215512.59225882575,   1.0
 -0.29999939999999997, 0.29999939999999997,           59.99988,          79.99994,          -89.99974,          0.59999942,         499.99955,           6.000115,215659.25385830793,      0.0,215659.25385830793,   1.0
 -0.06680195783659962, 0.06514737993731227, 11.867837115097592, 55.97312483604173, 42.116341329398715, 0.37089556763193493, 309.5801300674479,  50.32958369637409,350910.77836827724,      0.0,350910.77836827724,   1.0
            0.2999994, 0.06514737993731227, 11.867837115097592, 55.97312483604173, 42.116341329398715, 0.37089556763193493, 309.5801300674479,  50.32958369637409, 263437.0862468025,      0.0, 263437.0862468025,   1.0
 -0.06680195783659962,-0.29999939999999997, 11.867837115097592, 55.97312483604173, 42.116341329398715, 0.37089556763193493, 309.5801300674479,  50.32958369637409, 287255.8691636925,      0.0, 287255.8691636925,   1.0
 -0.06680195783659962, 0.06514737993731227, 12.867837115097592, 55.97312483604173, 42.116341329398715, 0.37089556763193493, 309.5801300674479,  50.32958369637409, 351185.6344402914,      0.0, 351185.6344402914,   1.0
 -0.06680195783659962, 0.06514737993731227, 11.867837115097592, 56.97312483604173, 42.116341329398715, 0.37089556763193493, 309.5801300674479,  50.32958369637409, 350977.7425723747,      0.0, 350977.7425723747,   1.0
 -0.06680195783659962, 0.06514737993731227, 11.867837115097592, 55.97312483604173, 43.116341329398715, 0.37089556763193493, 309.5801300674479,  50.32958369637409,351246.51846605993,      0.0,351246.51846605993,   1.0
 -0.06680195783659962, 0.06514737993731227, 11.867837115097592, 55.97312483604173, 42.116341329398715, 0.02000057999999999, 309.5801300674479,  50.32958369637409,329690.58252499555,      0.0,329690.58252499555,   1.0
 -0.06680195783659962, 0.06514737993731227, 11.867837115097592, 55.97312483604173, 42.116341329398715, 0.37089556763193493, 310.5801300674479,  50.32958369637409,351067.70859983144,      0.0,351067.70859983144,   1.0
 -0.06680195783659962, 0.06514737993731227, 11.867837115097592, 55.97312483604173, 42.116341329398715, 0.37089556763193493, 309.5801300674479,  51.32958369637409,   350950.37418329,      0.0,   350950.37418329,   1.0
 -0.29999939999999997, 0.29999939999999997,  34.00054638039116, 67.02077424463866,  -18.6320789784211,  0.5772953422654259,397.13918080253063, 29.486298650050323, 178884.8609656739,      0.0, 178884.8609656739,   1.0
  0.29999939999999997, 0.29999939999999997,  34.00054638039116, 67.02077424463866,  -18.6320789784211,  0.5772953422654259,397.13918080253063, 29.486298650050323,237274.74057160225,      0.0,237274.74057160225,   1.0
 -0.29999939999999997,-0.29999939999999997,  34.00054638039116, 67.02077424463866,  -18.6320789784211,  0.5772953422654259,397.13918080253063, 29.486298650050323,251218.10625406404,      0.0,251218.10625406404,   1.0
 -0.29999939999999997, 0.29999939999999997,  35.00054638039116, 67.02077424463866,  -18.6320789784211,  0.5772953422654259,397.13918080253063, 29.486298650050323, 180516.1543773097,      0.0, 180516.1543773097,   1.0
 -0.29999939999999997, 0.29999939999999997,  34.00054638039116, 68.02077424463866,  -18.6320789784211,  0.5772953422654259,397.13918080253063, 29.486298650050323, 180367.9553533591,      0.0, 180367.9553533591,   1.0
 -0.29999939999999997, 0.29999939999999997,  34.00054638039116, 67.02077424463866,  -17.6320789784211,  0.5772953422654259,397.13918080253063, 29.486298650050323, 181255.6881239664,      0.0, 181255.6881239664,   1.0
 -0.29999939999999997, 0.29999939999999997,  34.00054638039116, 67.02077424463866,  -18.6320789784211,0.020000580000000046,397.13918080253063, 29.486298650050323, 59516.18148974475,      0.0, 59516.18148974475,   1.0
 -0.29999939999999997, 0.29999939999999997,  34.00054638039116, 67.02077424463866,  -18.6320789784211,  0.5772953422654259,398.13918080253063, 29.486298650050323,178379.11493614124,      0.0,178379.11493614124,   1.0
 -0.29999939999999997, 0.29999939999999997,  34.00054638039116, 67.02077424463866,  -18.6320789784211,  0.5772953422654259,397.13918080253063, 30.486298650050323,   181407.97234999,      0.0,   181407.97234999,   1.0
 -0.09230870187277086,  0.0908350989214654, 14.288675632105308, 57.18149814859715,   35.4717812818336, 0.39347122786156563, 319.1571917814653,  48.04978023190463, 345701.9740249008,      0.0, 345701.9740249008,   1.0
  0.29999939999999997,  0.0908350989214654, 14.288675632105308, 57.18149814859715,   35.4717812818336, 0.39347122786156563, 319.1571917814653,  48.04978023190463,260258.70984013373,      0.0,260258.70984013373,   1.0
 -0.09230870187277086,-0.29999939999999997, 14.288675632105308, 57.18149814859715,   35.4717812818336, 0.39347122786156563, 319.1571917814653,  48.04978023190463, 269290.9612523573,      0.0, 269290.9612523573,   1.0
 -0.09230870187277086,  0.0908350989214654, 15.288675632105308, 57.18149814859715,   35.4717812818336, 0.39347122786156563, 319.1571917814653,  48.04978023190463, 346202.7790783084,      0.0, 346202.7790783084,   1.0
 -0.09230870187277086,  0.0908350989214654, 14.288675632105308, 58.18149814859715,   35.4717812818336, 0.39347122786156563, 319.1571917814653,  48.04978023190463, 345884.8279363902,      0.0, 345884.8279363902,   1.0
 -0.09230870187277086,  0.0908350989214654, 14.288675632105308, 57.18149814859715,   36.4717812818336, 0.39347122786156563, 319.1571917814653,  48.04978023190463, 346406.0906167468,      0.0, 346406.0906167468,   1.0
 -0.09230870187277086,  0.0908350989214654, 14.288675632105308, 57.18149814859715,   35.4717812818336, 0.02000057999999999, 319.1571917814653,  48.04978023190463, 325354.6094543809,      0.0, 325354.6094543809,   1.0
 -0.09230870187277086,  0.0908350989214654, 14.288675632105308, 57.18149814859715,   35.4717812818336, 0.39347122786156563, 320.1571917814653,  48.04978023190463, 345843.3507215275,      0.0, 345843.3507215275,   1.0
 -0.09230870187277086,  0.0908350989214654, 14.288675632105308, 57.18149814859715,   35.4717812818336, 0.39347122786156563, 319.1571917814653,  49.04978023190463, 345924.5803357113,      0.0, 345924.5803357113,   1.0
 -0.07039771050891015, 0.06876864512317234, 12.209109076521539, 56.14347239438192,  41.17964025483277,  0.3740781177247556, 310.9302336009379,  50.00819381658058, 350333.6528623509,      0.0, 350333.6528623509,   1.0
  0.29999939999999997, 0.06876864512317234, 12.209109076521539, 56.14347239438192,  41.17964025483277,  0.3740781177247556, 310.9302336009379,  50.00819381658058, 262984.6273589444,      0.0, 262984.6273589444,   1.0
 -0.07039771050891015,-0.29999939999999997, 12.209109076521539, 56.14347239438192,  41.17964025483277,  0.3740781177247556, 310.9302336009379,  50.00819381658058, 285188.5119578692,      0.0, 285188.5119578692,   1.0
 -0.07039771050891015, 0.06876864512317234, 13.209109076521539, 56.14347239438192,  41.17964025483277,  0.3740781177247556, 310.9302336009379,  50.00819381658058,350670.20654557215,      0.0,350670.20654557215,   1.0
 -0.07039771050891015, 0.06876864512317234, 12.209109076521539, 57.14347239438192,  41.17964025483277,  0.3740781177247556, 310.9302336009379,  50.00819381658058,350505.41199526866,      0.0,350505.41199526866,   1.0
 -0.07039771050891015, 0.06876864512317234, 12.209109076521539, 56.14347239438192,  42.17964025483277,  0.3740781177247556, 310.9302336009379,  50.00819381658058,350637.27737436036,      0.0,350637.27737436036,   1.0
 -0.07039771050891015, 0.06876864512317234, 12.209109076521539, 56.14347239438192,  41.17964025483277, 0.02000057999999999, 310.9302336009379,  50.00819381658058,329774.05624340835,      0.0,329774.05624340835,   1.0
 -0.07039771050891015, 0.06876864512317234, 12.209109076521539, 56.14347239438192,  41.17964025483277,  0.3740781177247556, 311.9302336009379,  50.00819381658058, 350496.6490552626,      0.0, 350496.6490552626,   1.0
 -0.07039771050891015, 0.06876864512317234, 12.209109076521539, 56.14347239438192,  41.17964025483277,  0.3740781177247556, 310.9302336009379,  51.00819381658058,350413.05908550136,      0.0,350413.05908550136,   1.0
 -0.06731818318757932, 0.06566726800023623, 11.916831930403507, 55.99758083624715, 41.981863548236376, 0.37135247142604966,309.77395810122835, 50.283443258302434, 350722.3552649016,      0.0, 350722.3552649016,   1.0
  0.29999939999999997, 0.06566726800023623, 11.916831930403507, 55.99758083624715, 41.981863548236376, 0.37135247142604966,309.77395810122835, 50.283443258302434, 263348.2775115598,      0.0, 263348.2775115598,   1.0
 -0.06731818318757932, -0.2999993999999999, 11.916831930403507, 55.99758083624715, 41.981863548236376, 0.37135247142604966,309.77395810122835, 50.283443258302434, 287058.3638490265,      0.0, 287058.3638490265,   1.0
 -0.06731818318757932, 0.06566726800023623, 12.916831930403507, 55.99758083624715, 41.981863548236376, 0.37135247142604966,309.77395810122835, 50.283443258302434,351029.71077976446,      0.0,351029.71077976446,   1.0
 -0.06731818318757932, 0.06566726800023623, 11.916831930403507, 56.99758083624715, 41.981863548236376, 0.37135247142604966,309.77395810122835, 50.283443258302434,350869.03016632353,      0.0,350869.03016632353,   1.0
 -0.06731818318757932, 0.06566726800023623, 11.916831930403507, 55.99758083624715, 42.981863548236376, 0.37135247142604966,309.77395810122835, 50.283443258302434,351104.07690556627,      0.0,351104.07690556627,   1.0
 -0.06731818318757932, 0.06566726800023623, 11.916831930403507, 55.99758083624715, 41.981863548236376, 0.02000057999999999,309.77395810122835, 50.283443258302434,  329697.476079936,      0.0,  329697.476079936,   1.0
 -0.06731818318757932, 0.06566726800023623, 11.916831930403507, 55.99758083624715, 41.981863548236376, 0.37135247142604966,310.77395810122835, 50.283443258302434,350877.82345058804,      0.0,350877.82345058804,   1.0
 -0.06731818318757932, 0.06566726800023623, 11.916831930403507, 55.99758083624715, 41.981863548236376, 0.37135247142604966,309.77395810122835, 51.283443258302434,350777.79979276605,      0.0,350777.79979276605,   1.0
 -0.06685595006324699,  0.0652017552485429, 11.872961503443733,55.975682699392436,  42.10227624168891,  0.3709433553919918, 309.6004026230491,  50.32475784854378, 350880.9420273105,      0.0, 350880.9420273105,   1.0
            0.2999994,  0.0652017552485429, 11.872961503443733,55.975682699392436,  42.10227624168891,  0.3709433553919918, 309.6004026230491,  50.32475784854378,263432.24551203335,      0.0,263432.24551203335,   1.0
 -0.06685595006324699,-0.29999939999999997, 11.872961503443733,55.975682699392436,  42.10227624168891,  0.3709433553919918, 309.6004026230491,  50.32475784854378, 287247.4714356158,      0.0, 287247.4714356158,   1.0
 -0.06685595006324699,  0.0652017552485429, 12.872961503443733,55.975682699392436,  42.10227624168891,  0.3709433553919918, 309.6004026230491,  50.32475784854378,  351158.119995167,      0.0,  351158.119995167,   1.0
 -0.06685595006324699,  0.0652017552485429, 11.872961503443733,56.975682699392436,  42.10227624168891,  0.3709433553919918, 309.6004026230491,  50.32475784854378, 350981.8942470018,      0.0, 350981.8942470018,   1.0
 -0.06685595006324699,  0.0652017552485429, 11.872961503443733,55.975682699392436,  43.10227624168891,  0.3709433553919918, 309.6004026230491,  50.32475784854378, 351210.7467515299,      0.0, 351210.7467515299,   1.0
 -0.06685595006324699,  0.0652017552485429, 11.872961503443733,55.975682699392436,  42.10227624168891, 0.02000057999999999, 309.6004026230491,  50.32475784854378, 329746.6433589277,      0.0, 329746.6433589277,   1.0
 -0.06685595006324699,  0.0652017552485429, 11.872961503443733,55.975682699392436,  42.10227624168891,  0.3709433553919918, 310.6004026230491,  50.32475784854378, 351034.3734737991,      0.0, 351034.3734737991,   1.0
 -0.06685595006324699,  0.0652017552485429, 11.872961503443733,55.975682699392436,  42.10227624168891,  0.3709433553919918, 309.6004026230491,  51.32475784854378,350919.16150094493,      0.0,350919.16150094493,   1.0
 -0.06680643812919128,  0.0651518920183877, 11.868262338515287, 55.97333708837752,  42.11517420382935,  0.3708995330758636,309.58181229072915,  50.32918324594585, 350884.8441519163,      0.0, 350884.8441519163,   1.0
  0.29999939999999997,  0.0651518920183877, 11.868262338515287, 55.97333708837752,  42.11517420382935,  0.3708995330758636,309.58181229072915,  50.32918324594585, 263436.3197971373,      0.0, 263436.3197971373,   1.0
 -0.06680643812919128,          -0.2999994, 11.868262338515287, 55.97333708837752,  42.11517420382935,  0.3708995330758636,309.58181229072915,  50.32918324594585,287253.65928524587,      0.0,287253.65928524587,   1.0
 -0.06680643812919128,  0.0651518920183877, 12.868262338515287, 55.97333708837752,  42.11517420382935,  0.3708995330758636,309.58181229072915,  50.32918324594585,351157.57994456927,      0.0,351157.57994456927,   1.0
 -0.06680643812919128,  0.0651518920183877, 11.868262338515287, 56.97333708837752,  42.11517420382935,  0.3708995330758636,309.58181229072915,  50.32918324594585,  350977.827825121,      0.0,  350977.827825121,   1.0
 -0.06680643812919128,  0.0651518920183877, 11.868262338515287, 55.97333708837752,  43.11517420382935,  0.3708995330758636,309.58181229072915,  50.32918324594585,351246.74226620403,      0.0,351246.74226620403,   1.0
 -0.06680643812919128,  0.0651518920183877, 11.868262338515287, 55.97333708837752,  42.11517420382935, 0.02000057999999999,309.58181229072915,  50.32918324594585, 329697.5981642217,      0.0, 329697.5981642217,   1.0
 -0.06680643812919128,  0.0651518920183877, 11.868262338515287, 55.97333708837752,  42.11517420382935,  0.3708995330758636,310.58181229072915,  50.32918324594585, 351041.0656891029,      0.0, 351041.0656891029,   1.0
 -0.06680643812919128,  0.0651518920183877, 11.868262338515287, 55.97333708837752,  42.11517420382935,  0.3708995330758636,309.58181229072915,  51.32918324594585, 350926.4411258283,      0.0, 350926.4411258283,   1.0
  -0.0668020140576122, 0.06514743655722308, 11.867842451019438, 55.97312749949305,  42.11632668370762, 0.37089561739236204,309.58015117684965,  50.32957867131643,350910.77836827724,      0.0,350910.77836827724,   1.0
  0.29999939999999997, 0.06514743655722308, 11.867842451019438, 55.97312749949305,  42.11632668370762, 0.37089561739236204,309.58015117684965,  50.32957867131643, 263437.0862468025,      0.0, 263437.0862468025,   1.0
  -0.0668020140576122, -0.2999993999999999, 11.867842451019438, 55.97312749949305,  42.11632668370762, 0.37089561739236204,309.58015117684965,  50.32957867131643, 287255.8691636925,      0.0, 287255.8691636925,   1.0
  -0.0668020140576122, 0.06514743655722308, 12.867842451019438, 55.97312749949305,  42.11632668370762, 0.37089561739236204,309.58015117684965,  50.32957867131643, 351185.6344402914,      0.0, 351185.6344402914,   1.0
  -0.0668020140576122, 0.06514743655722308, 11.867842451019438, 56.97312749949305,  42.11632668370762, 0.37089561739236204,309.58015117684965,  50.32957867131643, 350977.7425723747,      0.0, 350977.7425723747,   1.0
  -0.0668020140576122, 0.06514743655722308, 11.867842451019438, 55.97312749949305,  43.11632668370762, 0.37089561739236204,309.58015117684965,  50.32957867131643,351246.51846605993,      0.0,351246.51846605993,   1.0
  -0.0668020140576122, 0.06514743655722308, 11.867842451019438, 55.97312749949305,  42.11632668370762, 0.02000057999999999,309.58015117684965,  50.32957867131643, 329690.5822037608,      0.0, 329690.5822037608,   1.0
  -0.0668020140576122, 0.06514743655722308, 11.867842451019438, 55.97312749949305,  42.11632668370762, 0.37089561739236204,310.58015117684965,  50.32957867131643,351067.70859983144,      0.0,351067.70859983144,   1.0
  -0.0668020140576122, 0.06514743655722308, 11.867842451019438, 55.97312749949305,  42.11632668370762, 0.37089561739236204,309.58015117684965,  51.32957867131643,   350950.37418329,      0.0,   350950.37418329,   1.0
 -0.06680196970127673, 0.06514739188617141, 11.867838241171045, 55.97312539812676, 42.116338238625566,  0.3708955781331937, 309.5801345222989,  50.32958263590428,350910.77836827724,      0.0,350910.77836827724,   1.0
  0.29999939999999997, 0.06514739188617141, 11.867838241171045, 55.97312539812676, 42.116338238625566,  0.3708955781331937, 309.5801345222989,  50.32958263590428, 263437.0862468025,      0.0, 263437.0862468025,   1.0
 -0.06680196970127673,-0.29999939999999997, 11.867838241171045, 55.97312539812676, 42.116338238625566,  0.3708955781331937, 309.5801345222989,  50.32958263590428, 287255.8691636925,      0.0, 287255.8691636925,   1.0
 -0.06680196970127673, 0.06514739188617141, 12.867838241171045, 55.97312539812676, 42.116338238625566,  0.3708955781331937, 309.5801345222989,  50.32958263590428, 351185.6344402914,      0.0, 351185.6344402914,   1.0
 -0.06680196970127673, 0.06514739188617141, 11.867838241171045, 56.97312539812676, 42.116338238625566,  0.3708955781331937, 309.5801345222989,  50.32958263590428, 350977.7425723747,      0.0, 350977.7425723747,   1.0
 -0.06680196970127673, 0.06514739188617141, 11.867838241171045, 55.97312539812676, 43.116338238625566,  0.3708955781331937, 309.5801345222989,  50.32958263590428,351246.51846605993,      0.0,351246.51846605993,   1.0
 -0.06680196970127673, 0.06514739188617141, 11.867838241171045, 55.97312539812676, 42.116338238625566, 0.02000057999999999, 309.5801345222989,  50.32958263590428, 329690.5822037608,      0.0, 329690.5822037608,   1.0
 -0.06680196970127673, 0.06514739188617141, 11.867838241171045, 55.97312539812676, 42.116338238625566,  0.3708955781331937, 310.5801345222989,  50.32958263590428,351067.70859983144,      0.0,351067.70859983144,   1.0
 -0.06680196970127673, 0.06514739188617141, 11.867838241171045, 55.97312539812676, 42.116338238625566,  0.3708955781331937, 309.5801345222989,  51.32958263590428,   350950.37418329,      0.0,   350950.37418329,   1.0
 -0.06680196034047763, 0.06514738245895574,  11.86783735274001,  55.9731249546621,  42.11634067713327, 0.37089556984808214,309.58013100758336, 50.329583472576424,350910.77836827724,      0.0,350910.77836827724,   1.0
  0.29999939999999997, 0.06514738245895574,  11.86783735274001,  55.9731249546621,  42.11634067713327, 0.37089556984808214,309.58013100758336, 50.329583472576424, 263437.0862468025,      0.0, 263437.0862468025,   1.0
 -0.06680196034047763,-0.29999939999999997,  11.86783735274001,  55.9731249546621,  42.11634067713327, 0.37089556984808214,309.58013100758336, 50.329583472576424, 287255.8691636925,      0.0, 287255.8691636925,   1.0
 -0.06680196034047763, 0.06514738245895574,  12.86783735274001,  55.9731249546621,  42.11634067713327, 0.37089556984808214,309.58013100758336, 50.329583472576424, 351185.6344402914,      0.0, 351185.6344402914,   1.0
 -0.06680196034047763, 0.06514738245895574,  11.86783735274001,  56.9731249546621,  42.11634067713327, 0.37089556984808214,309.58013100758336, 50.329583472576424, 350977.7425723747,      0.0, 350977.7425723747,   1.0
 -0.06680196034047763, 0.06514738245895574,  11.86783735274001,  55.9731249546621,  43.11634067713327, 0.37089556984808214,309.58013100758336, 50.329583472576424,351246.51846605993,      0.0,351246.51846605993,   1.0
 -0.06680196034047763, 0.06514738245895574,  11.86783735274001,  55.9731249546621,  42.11634067713327, 0.02000057999999999,309.58013100758336, 50.329583472576424,329690.58252499555,      0.0,329690.58252499555,   1.0
 -0.06680196034047763, 0.06514738245895574,  11.86783735274001,  55.9731249546621,  42.11634067713327, 0.37089556984808214,310.58013100758336, 50.329583472576424,351067.70859983144,      0.0,351067.70859983144,   1.0
 -0.06680196034047763, 0.06514738245895574,  11.86783735274001,  55.9731249546621,  42.11634067713327, 0.37089556984808214,309.58013100758336, 51.329583472576424,   350950.37418329,      0.0,   350950.37418329,   1.0
 -0.06680195836500885, 0.06514738046947066, 11.867837165248776,55.973124861074936,  42.11634119174701,  0.3708955680996225,309.58013026585064,  50.32958364914465,350910.77836827724,      0.0,350910.77836827724,   1.0
  0.29999939999999997, 0.06514738046947066, 11.867837165248776,55.973124861074936,  42.11634119174701,  0.3708955680996225,309.58013026585064,  50.32958364914465, 263437.0862468025,      0.0, 263437.0862468025,   1.0
 -0.06680195836500885,-0.29999939999999997, 11.867837165248776,55.973124861074936,  42.11634119174701,  0.3708955680996225,309.58013026585064,  50.32958364914465, 287255.8691636925,      0.0, 287255.8691636925,   1.0
 -0.06680195836500885, 0.06514738046947066, 12.867837165248776,55.973124861074936,  42.11634119174701,  0.3708955680996225,309.58013026585064,  50.32958364914465, 351185.6344402914,      0.0, 351185.6344402914,   1.0
 -0.06680195836500885, 0.06514738046947066, 11.867837165248776,56.973124861074936,  42.11634119174701,  0.3708955680996225,309.58013026585064,  50.32958364914465, 350977.7425723747,      0.0, 350977.7425723747,   1.0
 -0.06680195836500885, 0.06514738046947066, 11.867837165248776,55.973124861074936,  43.11634119174701,  0.3708955680996225,309.58013026585064,  50.32958364914465,351246.51846605993,      0.0,351246.51846605993,   1.0
 -0.06680195836500885, 0.06514738046947066, 11.867837165248776,55.973124861074936,  42.11634119174701, 0.02000057999999999,309.58013026585064,  50.32958364914465,329690.58252499555,      0.0,329690.58252499555,   1.0
 -0.06680195836500885, 0.06514738046947066, 11.867837165248776,55.973124861074936,  42.11634119174701,  0.3708955680996225,310.58013026585064,  50.32958364914465,351067.70859983144,      0.0,351067.70859983144,   1.0
 -0.06680195836500885, 0.06514738046947066, 11.867837165248776,55.973124861074936,  42.11634119174701,  0.3708955680996225,309.58013026585064,  51.32958364914465,   350950.37418329,      0.0,   350950.37418329,   1.0
 -0.06680195794811317, 0.06514738004961702, 11.867837125681314, 55.97312484132464, 42.116341300349205,   0.370895567730634, 309.5801301093181,  50.32958368640696,350910.77836827724,      0.0,350910.77836827724,   1.0
  0.29999939999999997, 0.06514738004961702, 11.867837125681314, 55.97312484132464, 42.116341300349205,   0.370895567730634, 309.5801301093181,  50.32958368640696, 263437.0862468025,      0.0, 263437.0862468025,   1.0
 -0.06680195794811317,-0.29999939999999997, 11.867837125681314, 55.97312484132464, 42.116341300349205,   0.370895567730634, 309.5801301093181,  50.32958368640696, 287255.8691636925,      0.0, 287255.8691636925,   1.0
 -0.06680195794811317, 0.06514738004961702, 12.867837125681314, 55.97312484132464, 42.116341300349205,   0.370895567730634, 309.5801301093181,  50.32958368640696, 351185.6344402914,      0.0, 351185.6344402914,   1.0
 -0.06680195794811317, 0.06514738004961702, 11.867837125681314, 56.97312484132464, 42.116341300349205,   0.370895567730634, 309.5801301093181,  50.32958368640696, 350977.7425723747,      0.0, 350977.7425723747,   1.0
 -0.06680195794811317, 0.06514738004961702, 11.867837125681314, 55.97312484132464, 43.116341300349205,   0.370895567730634, 309.5801301093181,  50.32958368640696,351246.51846605993,      0.0,351246.51846605993,   1.0
 -0.06680195794811317, 0.06514738004961702, 11.867837125681314, 55.97312484132464, 42.116341300349205, 0.02000057999999999, 309.5801301093181,  50.32958368640696,329690.58252499555,      0.0,329690.58252499555,   1.0
 -0.06680195794811317, 0.06514738004961702, 11.867837125681314, 55.97312484132464, 42.116341300349205,   0.370895567730634, 310.5801301093181,  50.32958368640696,351067.70859983144,      0.0,351067.70859983144,   1.0
 -0.06680195794811317, 0.06514738004961702, 11.867837125681314, 55.97312484132464, 42.116341300349205,   0.370895567730634, 309.5801301093181,  51.32958368640696,   350950.37418329,      0.0,   350950.37418329,   1.0
 -0.06680195786013304, 0.06514737996101268, 11.867837117331142, 55.97312483715662,  42.11634132326821, 0.37089556765276405,309.58013007628404,  50.32958369427066,350910.77836827724,      0.0,350910.77836827724,   1.0
  0.29999939999999997, 0.06514737996101268, 11.867837117331142, 55.97312483715662,  42.11634132326821, 0.37089556765276405,309.58013007628404,  50.32958369427066, 263437.0862468025,      0.0, 263437.0862468025,   1.0
 -0.06680195786013304,-0.29999939999999997, 11.867837117331142, 55.97312483715662,  42.11634132326821, 0.37089556765276405,309.58013007628404,  50.32958369427066, 287255.8691636925,      0.0, 287255.8691636925,   1.0
 -0.06680195786013304, 0.06514737996101268, 12.867837117331142, 55.97312483715662,  42.11634132326821, 0.37089556765276405,309.58013007628404,  50.32958369427066, 351185.6344402914,      0.0, 351185.6344402914,   1.0
 -0.06680195786013304, 0.06514737996101268, 11.867837117331142, 56.97312483715662,  42.11634132326821, 0.37089556765276405,309.58013007628404,  50.32958369427066, 350977.7425723747,      0.0, 350977.7425723747,   1.0
 -0.06680195786013304, 0.06514737996101268, 11.867837117331142, 55.97312483715662,  43.11634132326821, 0.37089556765276405,309.58013007628404,  50.32958369427066,351246.51846605993,      0.0,351246.51846605993,   1.0
 -0.06680195786013304, 0.06514737996101268, 11.867837117331142, 55.97312483715662,  42.11634132326821, 0.02000057999999999,309.58013007628404,  50.32958369427066,329690.58252499555,      0.0,329690.58252499555,   1.0
 -0.06680195786013304, 0.06514737996101268, 11.867837117331142, 55.97312483715662,  42.11634132326821, 0.37089556765276405,310.58013007628404,  50.32958369427066,351067.70859983144,      0.0,351067.70859983144,   1.0
 -0.06680195786013304, 0.06514737996101268, 11.867837117331142, 55.97312483715662,  42.11634132326821, 0.37089556765276405,309.58013007628404,  51.32958369427066,   350950.37418329,      0.0,   350950.37418329,   1.0
 -0.06680195784156602, 0.06514737994231391, 11.867837115568951, 55.97312483627701,  42.11634132810496, 0.37089556763633064,309.58013006931264,  50.32958369593019,350910.77836827724,      0.0,350910.77836827724,   1.0
  0.29999939999999997, 0.06514737994231391, 11.867837115568951, 55.97312483627701,  42.11634132810496, 0.37089556763633064,309.58013006931264,  50.32958369593019, 263437.0862468025,      0.0, 263437.0862468025,   1.0
 -0.06680195784156602,-0.29999939999999997, 11.867837115568951, 55.97312483627701,  42.11634132810496, 0.37089556763633064,309.58013006931264,  50.32958369593019, 287255.8691636925,      0.0, 287255.8691636925,   1.0
 -0.06680195784156602, 0.06514737994231391, 12.867837115568951, 55.97312483627701,  42.11634132810496, 0.37089556763633064,309.58013006931264,  50.32958369593019, 351185.6344402914,      0.0, 351185.6344402914,   1.0
 -0.06680195784156602, 0.06514737994231391, 11.867837115568951, 56.97312483627701,  42.11634132810496, 0.37089556763633064,309.58013006931264,  50.32958369593019, 350977.7425723747,      0.0, 350977.7425723747,   1.0
 -0.06680195784156602, 0.06514737994231391, 11.867837115568951, 55.97312483627701,  43.11634132810496, 0.37089556763633064,309.58013006931264,  50.32958369593019,351246.51846605993,      0.0,351246.51846605993,   1.0
 -0.06680195784156602, 0.06514737994231391, 11.867837115568951, 55.97312483627701,  42.11634132810496, 0.02000057999999999,309.58013006931264,  50.32958369593019,329690.58252499555,      0.0,329690.58252499555,   1.0
 -0.06680195784156602, 0.06514737994231391, 11.867837115568951, 55.97312483627701,  42.11634132810496, 0.37089556763633064,310.58013006931264,  50.32958369593019,351067.70859983144,      0.0,351067.70859983144,   1.0
 -0.06680195784156602, 0.06514737994231391, 11.867837115568951, 55.97312483627701,  42.11634132810496, 0.37089556763633064,309.58013006931264,  51.32958369593019,   350950.37418329,      0.0,   350950.37418329,   1.0
  -0.0668019578376477, 0.06514737993836779, 11.867837115197064, 55.97312483609138,  42.11634132912569,  0.3708955676328626, 309.5801300678414,  50.32958369628041,350910.77836827724,      0.0,350910.77836827724,   1.0
  0.29999939999999997, 0.06514737993836779, 11.867837115197064, 55.97312483609138,  42.11634132912569,  0.3708955676328626, 309.5801300678414,  50.32958369628041, 263437.0862468025,      0.0, 263437.0862468025,   1.0
  -0.0668019578376477,-0.29999939999999997, 11.867837115197064, 55.97312483609138,  42.11634132912569,  0.3708955676328626, 309.5801300678414,  50.32958369628041, 287255.8691636925,      0.0, 287255.8691636925,   1.0
  -0.0668019578376477, 0.06514737993836779, 12.867837115197064, 55.97312483609138,  42.11634132912569,  0.3708955676328626, 309.5801300678414,  50.32958369628041, 351185.6344402914,      0.0, 351185.6344402914,   1.0
  -0.0668019578376477, 0.06514737993836779, 11.867837115197064, 56.97312483609138,  42.11634132912569,  0.3708955676328626, 309.5801300678414,  50.32958369628041, 350977.7425723747,      0.0, 350977.7425723747,   1.0
  -0.0668019578376477, 0.06514737993836779, 11.867837115197064, 55.97312483609138,  43.11634132912569,  0.3708955676328626, 309.5801300678414,  50.32958369628041,351246.51846605993,      0.0,351246.51846605993,   1.0
  -0.0668019578376477, 0.06514737993836779, 11.867837115197064, 55.97312483609138,  42.11634132912569, 0.02000057999999999, 309.5801300678414,  50.32958369628041,329690.58252499555,      0.0,329690.58252499555,   1.0
  -0.0668019578376477, 0.06514737993836779, 11.867837115197064, 55.97312483609138,  42.11634132912569,  0.3708955676328626, 310.5801300678414,  50.32958369628041,351067.70859983144,      0.0,351067.70859983144,   1.0
  -0.0668019578376477, 0.06514737993836779, 11.867837115197064, 55.97312483609138,  42.11634132912569,  0.3708955676328626, 309.5801300678414,  51.32958369628041,   350950.37418329,      0.0,   350950.37418329,   1.0
 -0.06680195783682082, 0.06514737993753504, 11.867837115118585, 55.97312483605221,  42.11634132934109,  0.3708955676321307,309.58013006753094,  50.32958369635432,350910.77836827724,      0.0,350910.77836827724,   1.0
  0.29999939999999997, 0.06514737993753504, 11.867837115118585, 55.97312483605221,  42.11634132934109,  0.3708955676321307,309.58013006753094,  50.32958369635432, 263437.0862468025,      0.0, 263437.0862468025,   1.0
 -0.06680195783682082,-0.29999939999999997, 11.867837115118585, 55.97312483605221,  42.11634132934109,  0.3708955676321307,309.58013006753094,  50.32958369635432, 287255.8691636925,      0.0, 287255.8691636925,   1.0
 -0.06680195783682082, 0.06514737993753504, 12.867837115118585, 55.97312483605221,  42.11634132934109,  0.3708955676321307,309.58013006753094,  50.32958369635432, 351185.6344402914,      0.0, 351185.6344402914,   1.0
 -0.06680195783682082, 0.06514737993753504, 11.867837115118585, 56.97312483605221,  42.11634132934109,  0.3708955676321307,309.58013006753094,  50.32958369635432, 350977.7425723747,      0.0, 350977.7425723747,   1.0
 -0.06680195783682082, 0.06514737993753504, 11.867837115118585, 55.97312483605221,  43.11634132934109,  0.3708955676321307,309.58013006753094,  50.32958369635432,351246.51846605993,      0.0,351246.51846605993,   1.0
 -0.06680195783682082, 0.06514737993753504, 11.867837115118585, 55.97312483605221,  42.11634132934109, 0.02000057999999999,309.58013006753094,  50.32958369635432,329690.58252499555,      0.0,329690.58252499555,   1.0
 -0.06680195783682082, 0.06514737993753504, 11.867837115118585, 55.97312483605221,  42.11634132934109,  0.3708955676321307,310.58013006753094,  50.32958369635432,351067.70859983144,      0.0,351067.70859983144,   1.0
 -0.06680195783682082, 0.06514737993753504, 11.867837115118585, 55.97312483605221,  42.11634132934109,  0.3708955676321307,309.58013006753094,  51.32958369635432,   350950.37418329,      0.0,   350950.37418329,   1.0
 -0.06680195783664629, 0.06514737993735928, 11.867837115102022, 55.97312483604394,  42.11634132938656, 0.37089556763197623, 309.5801300674654, 50.329583696369916,350910.77836827724,      0.0,350910.77836827724,   1.0
  0.29999939999999997, 0.06514737993735928, 11.867837115102022, 55.97312483604394,  42.11634132938656, 0.37089556763197623, 309.5801300674654, 50.329583696369916, 263437.0862468025,      0.0, 263437.0862468025,   1.0
 -0.06680195783664629, -0.2999993999999999, 11.867837115102022, 55.97312483604394,  42.11634132938656, 0.37089556763197623, 309.5801300674654, 50.329583696369916, 287255.8691636925,      0.0, 287255.8691636925,   1.0
 -0.06680195783664629, 0.06514737993735928, 12.867837115102022, 55.97312483604394,  42.11634132938656, 0.37089556763197623, 309.5801300674654, 50.329583696369916, 351185.6344402914,      0.0, 351185.6344402914,   1.0
 -0.06680195783664629, 0.06514737993735928, 11.867837115102022, 56.97312483604394,  42.11634132938656, 0.37089556763197623, 309.5801300674654, 50.329583696369916, 350977.7425723747,      0.0, 350977.7425723747,   1.0
 -0.06680195783664629, 0.06514737993735928, 11.867837115102022, 55.97312483604394,  43.11634132938656, 0.37089556763197623, 309.5801300674654, 50.329583696369916,351246.51846605993,      0.0,351246.51846605993,   1.0
 -0.06680195783664629, 0.06514737993735928, 11.867837115102022, 55.97312483604394,  42.11634132938656, 0.02000057999999999, 309.5801300674654, 50.329583696369916,329690.58252499555,      0.0,329690.58252499555,   1.0
 -0.06680195783664629, 0.06514737993735928, 11.867837115102022, 55.97312483604394,  42.11634132938656, 0.37089556763197623, 310.5801300674654, 50.329583696369916,351067.70859983144,      0.0,351067.70859983144,   1.0
 -0.06680195783664629, 0.06514737993735928, 11.867837115102022, 55.97312483604394,  42.11634132938656, 0.37089556763197623, 309.5801300674654, 51.329583696369916,   350950.37418329,      0.0,   350950.37418329,   1.0
 -0.06680195783676147, 0.06514737993747528, 11.867837115112954,55.973124836049394,  42.11634132935655,  0.3708955676320782,309.58013006750866,  50.32958369635962,350910.77836827724,      0.0,350910.77836827724,   1.0
  0.29999939999999997, 0.06514737993747528, 11.867837115112954,55.973124836049394,  42.11634132935655,  0.3708955676320782,309.58013006750866,  50.32958369635962, 263437.0862468025,      0.0, 263437.0862468025,   1.0
 -0.06680195783676147,-0.29999939999999997, 11.867837115112954,55.973124836049394,  42.11634132935655,  0.3708955676320782,309.58013006750866,  50.32958369635962, 287255.8691636925,      0.0, 287255.8691636925,   1.0
 -0.06680195783676147, 0.06514737993747528, 12.867837115112954,55.973124836049394,  42.11634132935655,  0.3708955676320782,309.58013006750866,  50.32958369635962, 351185.6344402914,      0.0, 351185.6344402914,   1.0
 -0.06680195783676147, 0.06514737993747528, 11.867837115112954,56.973124836049394,  42.11634132935655,  0.3708955676320782,309.58013006750866,  50.32958369635962, 350977.7425723747,      0.0, 350977.7425723747,   1.0
 -0.06680195783676147, 0.06514737993747528, 11.867837115112954,55.973124836049394,  43.11634132935655,  0.3708955676320782,309.58013006750866,  50.32958369635962,351246.51846605993,      0.0,351246.51846605993,   1.0
 -0.06680195783676147, 0.06514737993747528, 11.867837115112954,55.973124836049394,  42.11634132935655, 0.02000057999999999,309.58013006750866,  50.32958369635962,329690.58252499555,      0.0,329690.58252499555,   1.0
 -0.06680195783676147, 0.06514737993747528, 11.867837115112954,55.973124836049394,  42.11634132935655,  0.3708955676320782,310.58013006750866,  50.32958369635962,351067.70859983144,      0.0,351067.70859983144,   1.0
 -0.06680195783676147, 0.06514737993747528, 11.867837115112954,55.973124836049394,  42.11634132935655,  0.3708955676320782,309.58013006750866,  51.32958369635962,   350950.37418329,      0.0,   350950.37418329,   1.0
 -0.06680195783667059, 0.06514737993738376, 11.867837115104328, 55.97312483604509,  42.11634132938023, 0.37089556763199777,309.58013006747456,  50.32958369636774,350910.77836827724,      0.0,350910.77836827724,   1.0
  0.29999939999999997, 0.06514737993738376, 11.867837115104328, 55.97312483604509,  42.11634132938023, 0.37089556763199777,309.58013006747456,  50.32958369636774, 263437.0862468025,      0.0, 263437.0862468025,   1.0
 -0.06680195783667059,          -0.2999994, 11.867837115104328, 55.97312483604509,  42.11634132938023, 0.37089556763199777,309.58013006747456,  50.32958369636774, 287255.8691636925,      0.0, 287255.8691636925,   1.0
 -0.06680195783667059, 0.06514737993738376, 12.867837115104328, 55.97312483604509,  42.11634132938023, 0.37089556763199777,309.58013006747456,  50.32958369636774, 351185.6344402914,      0.0, 351185.6344402914,   1.0
 -0.06680195783667059, 0.06514737993738376, 11.867837115104328, 56.97312483604509,  42.11634132938023, 0.37089556763199777,309.58013006747456,  50.32958369636774, 350977.7425723747,      0.0, 350977.7425723747,   1.0
 -0.06680195783667059, 0.06514737993738376, 11.867837115104328, 55.97312483604509,  43.11634132938023, 0.37089556763199777,309.58013006747456,  50.32958369636774,351246.51846605993,      0.0,351246.51846605993,   1.0
 -0.06680195783667059, 0.06514737993738376, 11.867837115104328, 55.97312483604509,  42.11634132938023, 0.02000057999999999,309.58013006747456,  50.32958369636774,329690.58252499555,      0.0,329690.58252499555,   1.0
 -0.06680195783667059, 0.06514737993738376, 11.867837115104328, 55.97312483604509,  42.11634132938023, 0.37089556763199777,310.58013006747456,  50.32958369636774,351067.70859983144,      0.0,351067.70859983144,   1.0
 -0.06680195783667059, 0.06514737993738376, 11.867837115104328, 55.97312483604509,  42.11634132938023, 0.37089556763199777,309.58013006747456,  51.32958369636774,   350950.37418329,      0.0,   350950.37418329,   1.0
  -0.0668019578366514, 0.06514737993736441, 11.867837115102505, 55.97312483604418,  42.11634132938523,  0.3708955676319807,309.58013006746734,  50.32958369636946,350910.77836827724,      0.0,350910.77836827724,   1.0
  0.29999939999999997, 0.06514737993736441, 11.867837115102505, 55.97312483604418,  42.11634132938523,  0.3708955676319807,309.58013006746734,  50.32958369636946, 263437.0862468025,      0.0, 263437.0862468025,   1.0
  -0.0668019578366514,-0.29999939999999997, 11.867837115102505, 55.97312483604418,  42.11634132938523,  0.3708955676319807,309.58013006746734,  50.32958369636946, 287255.8691636925,      0.0, 287255.8691636925,   1.0
  -0.0668019578366514, 0.06514737993736441, 12.867837115102505, 55.97312483604418,  42.11634132938523,  0.3708955676319807,309.58013006746734,  50.32958369636946, 351185.6344402914,      0.0, 351185.6344402914,   1.0
  -0.0668019578366514, 0.06514737993736441, 11.867837115102505, 56.97312483604418,  42.11634132938523,  0.3708955676319807,309.58013006746734,  50.32958369636946, 350977.7425723747,      0.0, 350977.7425723747,   1.0
  -0.0668019578366514, 0.06514737993736441, 11.867837115102505, 55.97312483604418,  43.11634132938523,  0.3708955676319807,309.58013006746734,  50.32958369636946,351246.51846605993,      0.0,351246.51846605993,   1.0
  -0.0668019578366514, 0.06514737993736441, 11.867837115102505, 55.97312483604418,  42.11634132938523, 0.02000057999999999,309.58013006746734,  50.32958369636946,329690.58252499555,      0.0,329690.58252499555,   1.0
  -0.0668019578366514, 0.06514737993736441, 11.867837115102505, 55.97312483604418,  42.11634132938523,  0.3708955676319807,310.58013006746734,  50.32958369636946,351067.70859983144,      0.0,351067.70859983144,   1.0
  -0.0668019578366514, 0.06514737993736441, 11.867837115102505, 55.97312483604418,  42.11634132938523,  0.3708955676319807,309.58013006746734,  51.32958369636946,   350950.37418329,      0.0,   350950.37418329,   1.0
 -0.06680195783666407, 0.06514737993737718, 11.867837115103708, 55.97312483604478, 42.116341329381925,   0.370895567631992, 309.5801300674721, 50.329583696368324,350910.77836827724,      0.0,350910.77836827724,   1.0
   0.2999993999999999, 0.06514737993737718, 11.867837115103708, 55.97312483604478, 42.116341329381925,   0.370895567631992, 309.5801300674721, 50.329583696368324, 263437.0862468025,      0.0, 263437.0862468025,   1.0
 -0.06680195783666407,-0.29999939999999997, 11.867837115103708, 55.97312483604478, 42.116341329381925,   0.370895567631992, 309.5801300674721, 50.329583696368324, 287255.8691636925,      0.0, 287255.8691636925,   1.0
 -0.06680195783666407, 0.06514737993737718, 12.867837115103708, 55.97312483604478, 42.116341329381925,   0.370895567631992, 309.5801300674721, 50.329583696368324, 351185.6344402914,      0.0, 351185.6344402914,   1.0
 -0.06680195783666407, 0.06514737993737718, 11.867837115103708, 56.97312483604478, 42.116341329381925,   0.370895567631992, 309.5801300674721, 50.329583696368324, 350977.7425723747,      0.0, 350977.7425723747,   1.0
 -0.06680195783666407, 0.06514737993737718, 11.867837115103708, 55.97312483604478, 43.116341329381925,   0.370895567631992, 309.5801300674721, 50.329583696368324,351246.51846605993,      0.0,351246.51846605993,   1.0
 -0.06680195783666407, 0.06514737993737718, 11.867837115103708, 55.97312483604478, 42.116341329381925, 0.02000057999999999, 309.5801300674721, 50.329583696368324,329690.58252499555,      0.0,329690.58252499555,   1.0
 -0.06680195783666407, 0.06514737993737718, 11.867837115103708, 55.97312483604478, 42.116341329381925,   0.370895567631992, 310.5801300674721, 50.329583696368324,351067.70859983144,      0.0,351067.70859983144,   1.0
 -0.06680195783666407, 0.06514737993737718, 11.867837115103708, 55.97312483604478, 42.116341329381925,   0.370895567631992, 309.5801300674721, 51.329583696368324,   350950.37418329,      0.0,   350950.37418329,   1.0
 -0.29999939999999997, 0.29999939999999997,           59.99988,          79.99994,          169.99974,          0.59999942,         499.99955,         119.999885, 219138.7296348854,      0.0, 219138.7296348854,   1.0
  0.29999939999999997, 0.29999939999999997,           59.99988,          79.99994,          169.99974,          0.59999942,         499.99955,         119.999885,267799.82521958556,      0.0,267799.82521958556,   1.0
 -0.29999939999999997,-0.29999939999999997,           59.99988,          79.99994,          169.99974,          0.59999942,         499.99955,         119.999885,264045.52611211553,      0.0,264045.52611211553,   1.0
 -0.29999939999999997, 0.29999939999999997,           58.99988,          79.99994,          169.99974,          0.59999942,         499.99955,         119.999885,219469.19802412798,      0.0,219469.19802412798,   1.0
 -0.29999939999999997, 0.29999939999999997,           59.99988,          78.99994,          169.99974,          0.59999942,         499.99955,         119.999885,220494.53484764765,      0.0,220494.53484764765,   1.0
 -0.29999939999999997, 0.29999939999999997,           59.99988,          79.99994,          168.99974,          0.59999942,         499.99955,         119.999885,218905.97571998936,      0.0,218905.97571998936,   1.0
 -0.29999939999999997, 0.29999939999999997,           59.99988,          79.99994,          169.99974,0.020000580000000046,         499.99955,         119.999885,189575.63523311866,      0.0,189575.63523311866,   1.0
 -0.29999939999999997, 0.29999939999999997,           59.99988,          79.99994,          169.99974,          0.59999942,         498.99955,         119.999885,219217.23052628222,      0.0,219217.23052628222,   1.0
 -0.29999939999999997, 0.29999939999999997,           59.99988,          79.99994,          169.99974,          0.59999942,         499.99955,         118.999885,218667.72747653036,      0.0,218667.72747653036,   1.0
  -0.1015878806102015, 0.10018011510513926, 19.047665123488535, 59.55719046315706,  61.19263131316366,  0.4050708520676276,337.98488088682643,  60.72226081271801,341965.75735628227,      0.0,341965.75735628227,   1.0
  0.29999939999999997, 0.10018011510513926, 19.047665123488535, 59.55719046315706,  61.19263131316366,  0.4050708520676276,337.98488088682643,  60.72226081271801, 264409.6471993738,      0.0, 264409.6471993738,   1.0
  -0.1015878806102015,-0.29999939999999997, 19.047665123488535, 59.55719046315706,  61.19263131316366,  0.4050708520676276,337.98488088682643,  60.72226081271801, 284885.9634612198,      0.0, 284885.9634612198,   1.0
  -0.1015878806102015, 0.10018011510513926, 20.047665123488535, 59.55719046315706,  61.19263131316366,  0.4050708520676276,337.98488088682643,  60.72226081271801,341391.02337646915,      0.0,341391.02337646915,   1.0
  -0.1015878806102015, 0.10018011510513926, 19.047665123488535, 60.55719046315706,  61.19263131316366,  0.4050708520676276,337.98488088682643,  60.72226081271801, 341804.0013358048,      0.0, 341804.0013358048,   1.0
  -0.1015878806102015, 0.10018011510513926, 19.047665123488535, 59.55719046315706,  62.19263131316366,  0.4050708520676276,337.98488088682643,  60.72226081271801, 340981.3115649475,      0.0, 340981.3115649475,   1.0
  -0.1015878806102015, 0.10018011510513926, 19.047665123488535, 59.55719046315706,  61.19263131316366, 0.02000057999999999,337.98488088682643,  60.72226081271801, 314593.0226304596,      0.0, 314593.0226304596,   1.0
  -0.1015878806102015, 0.10018011510513926, 19.047665123488535, 59.55719046315706,  61.19263131316366,  0.4050708520676276,338.98488088682643,  60.72226081271801,  342015.987874404,      0.0,  342015.987874404,   1.0
  -0.1015878806102015, 0.10018011510513926, 19.047665123488535, 59.55719046315706,  61.19263131316366,  0.4050708520676276,337.98488088682643,  61.72226081271801, 341879.6950979805,      0.0, 341879.6950979805,   1.0
 -0.07490533519190297, 0.07330825221604739, 13.540377357218746,56.808032578225514,  46.56016124137039,  0.3788566968453132, 316.1970140314248,  52.75055682834084, 351611.7641549796,      0.0, 351611.7641549796,   1.0
  0.29999939999999997, 0.07330825221604739, 13.540377357218746,56.808032578225514,  46.56016124137039,  0.3788566968453132, 316.1970140314248,  52.75055682834084,261582.62455338106,      0.0,261582.62455338106,   1.0
 -0.07490533519190297, -0.2999993999999999, 13.540377357218746,56.808032578225514,  46.56016124137039,  0.3788566968453132, 316.1970140314248,  52.75055682834084, 286392.9375478914,      0.0, 286392.9375478914,   1.0
 -0.07490533519190297, 0.07330825221604739, 14.540377357218746,56.808032578225514,  46.56016124137039,  0.3788566968453132, 316.1970140314248,  52.75055682834084,351769.72370628174,      0.0,351769.72370628174,   1.0
 -0.07490533519190297, 0.07330825221604739, 13.540377357218746,57.808032578225514,  46.56016124137039,  0.3788566968453132, 316.1970140314248,  52.75055682834084, 351775.2681689998,      0.0, 351775.2681689998,   1.0
 -0.07490533519190297, 0.07330825221604739, 13.540377357218746,56.808032578225514,  47.56016124137039,  0.3788566968453132, 316.1970140314248,  52.75055682834084, 351575.1373451218,      0.0, 351575.1373451218,   1.0
 -0.07490533519190297, 0.07330825221604739, 13.540377357218746,56.808032578225514,  46.56016124137039, 0.02000057999999999, 316.1970140314248,  52.75055682834084, 332006.6026878397,      0.0, 332006.6026878397,   1.0
 -0.07490533519190297, 0.07330825221604739, 13.540377357218746,56.808032578225514,  46.56016124137039,  0.3788566968453132, 317.1970140314248,  52.75055682834084, 351733.1982172722,      0.0, 351733.1982172722,   1.0
 -0.07490533519190297, 0.07330825221604739, 13.540377357218746,56.808032578225514,  46.56016124137039,  0.3788566968453132, 316.1970140314248,  53.75055682834084, 351576.2253644819,      0.0, 351576.2253644819,   1.0
 -0.29999939999999997, 0.29999939999999997, 13.725351173682515, 56.90982780415508,  47.02267740036069,          0.59999942,316.91098280809666,  53.00524652250503, 319776.1254061008,      0.0, 319776.1254061008,   1.0
  0.29999939999999997, 0.29999939999999997, 13.725351173682515, 56.90982780415508,  47.02267740036069,          0.59999942,316.91098280809666,  53.00524652250503,245579.15882812708,      0.0,245579.15882812708,   1.0
 -0.29999939999999997,-0.29999939999999997, 13.725351173682515, 56.90982780415508,  47.02267740036069,          0.59999942,316.91098280809666,  53.00524652250503,257260.27886592428,      0.0,257260.27886592428,   1.0
 -0.29999939999999997, 0.29999939999999997, 14.725351173682515, 56.90982780415508,  47.02267740036069,          0.59999942,316.91098280809666,  53.00524652250503, 319868.5233041351,      0.0, 319868.5233041351,   1.0
 -0.29999939999999997, 0.29999939999999997, 13.725351173682515, 57.90982780415508,  47.02267740036069,          0.59999942,316.91098280809666,  53.00524652250503, 319625.3351612403,      0.0, 319625.3351612403,   1.0
 -0.29999939999999997, 0.29999939999999997, 13.725351173682515, 56.90982780415508,  48.02267740036069,          0.59999942,316.91098280809666,  53.00524652250503, 319692.4856204783,      0.0, 319692.4856204783,   1.0
 -0.29999939999999997, 0.29999939999999997, 13.725351173682515, 56.90982780415508,  47.02267740036069,0.020000580000000046,316.91098280809666,  53.00524652250503,341422.21933130105,      0.0,341422.21933130105,   1.0
 -0.29999939999999997, 0.29999939999999997, 13.725351173682515, 56.90982780415508,  47.02267740036069,          0.59999942,317.91098280809666,  53.00524652250503,319954.51298577734,      0.0,319954.51298577734,   1.0
 -0.29999939999999997, 0.29999939999999997, 13.725351173682515, 56.90982780415508,  47.02267740036069,          0.59999942,316.91098280809666,  54.00524652250503, 320535.3085173378,      0.0, 320535.3085173378,   1.0
 -0.11556730638397392,  0.1142587274253653, 13.573791832197239, 56.82642131072171,  46.64371217261669, 0.41880488048986275, 316.3259884575334,  52.79656508278261, 345575.5558152466,      0.0, 345575.5558152466,   1.0
   0.2999993999999999,  0.1142587274253653, 13.573791832197239, 56.82642131072171,  46.64371217261669, 0.41880488048986275, 316.3259884575334,  52.79656508278261,255752.81912996422,      0.0,255752.81912996422,   1.0
 -0.11556730638397392,-0.29999939999999997, 13.573791832197239, 56.82642131072171,  46.64371217261669, 0.41880488048986275, 316.3259884575334,  52.79656508278261, 278516.6097178527,      0.0, 278516.6097178527,   1.0
 -0.11556730638397392,  0.1142587274253653, 14.573791832197239, 56.82642131072171,  46.64371217261669, 0.41880488048986275, 316.3259884575334,  52.79656508278261,345641.32748142304,      0.0,345641.32748142304,   1.0
 -0.11556730638397392,  0.1142587274253653, 13.573791832197239, 57.82642131072171,  46.64371217261669, 0.41880488048986275, 316.3259884575334,  52.79656508278261, 345707.4930243942,      0.0, 345707.4930243942,   1.0
 -0.11556730638397392,  0.1142587274253653, 13.573791832197239, 56.82642131072171,  47.64371217261669, 0.41880488048986275, 316.3259884575334,  52.79656508278261,345650.80349301227,      0.0,345650.80349301227,   1.0
 -0.11556730638397392,  0.1142587274253653, 13.573791832197239, 56.82642131072171,  46.64371217261669, 0.02000057999999999, 316.3259884575334,  52.79656508278261, 342590.6849648761,      0.0, 342590.6849648761,   1.0
 -0.11556730638397392,  0.1142587274253653, 13.573791832197239, 56.82642131072171,  46.64371217261669, 0.41880488048986275, 317.3259884575334,  52.79656508278261,345755.42733754765,      0.0,345755.42733754765,   1.0
 -0.11556730638397392,  0.1142587274253653, 13.573791832197239, 56.82642131072171,  46.64371217261669, 0.41880488048986275, 316.3259884575334,  53.79656508278261, 345695.2720689236,      0.0, 345695.2720689236,   1.0
 -0.08126933288198308, 0.07971740361721215, 13.545607050599175, 56.81091059539238,  46.57323778237092,  0.3851089797766037,316.21719979531605,  52.75775757184658,350708.56885385606,      0.0,350708.56885385606,   1.0
  0.29999939999999997, 0.07971740361721215, 13.545607050599175, 56.81091059539238,  46.57323778237092,  0.3851089797766037,316.21719979531605,  52.75775757184658,260774.16380867714,      0.0,260774.16380867714,   1.0
 -0.08126933288198308,-0.29999939999999997, 13.545607050599175, 56.81091059539238,  46.57323778237092,  0.3851089797766037,316.21719979531605,  52.75775757184658, 285252.5260401286,      0.0, 285252.5260401286,   1.0
 -0.08126933288198308, 0.07971740361721215, 14.545607050599175, 56.81091059539238,  46.57323778237092,  0.3851089797766037,316.21719979531605,  52.75775757184658,350869.38677764847,      0.0,350869.38677764847,   1.0
 -0.08126933288198308, 0.07971740361721215, 13.545607050599175, 57.81091059539238,  46.57323778237092,  0.3851089797766037,316.21719979531605,  52.75775757184658,350719.82750855223,      0.0,350719.82750855223,   1.0
 -0.08126933288198308, 0.07971740361721215, 13.545607050599175, 56.81091059539238,  47.57323778237092,  0.3851089797766037,316.21719979531605,  52.75775757184658,350633.71071163507,      0.0,350633.71071163507,   1.0
 -0.08126933288198308, 0.07971740361721215, 13.545607050599175, 56.81091059539238,  46.57323778237092, 0.02000057999999999,316.21719979531605,  52.75775757184658, 334189.6526243583,      0.0, 334189.6526243583,   1.0
 -0.08126933288198308, 0.07971740361721215, 13.545607050599175, 56.81091059539238,  46.57323778237092,  0.3851089797766037,317.21719979531605,  52.75775757184658,350873.72513299563,      0.0,350873.72513299563,   1.0
 -0.08126933288198308, 0.07971740361721215, 13.545607050599175, 56.81091059539238,  46.57323778237092,  0.3851089797766037,316.21719979531605,  53.75775757184658,  350698.044882732,      0.0,  350698.044882732,   1.0
 -0.07587395096448225, 0.07428374049218137, 13.541173329144057,56.808470619368414, 46.562151522398246, 0.37980830936260185,316.20008635329526,   52.7516527988414,  351453.979046854,      0.0,  351453.979046854,   1.0
  0.29999939999999997, 0.07428374049218137, 13.541173329144057,56.808470619368414, 46.562151522398246, 0.37980830936260185,316.20008635329526,   52.7516527988414,261451.39802218345,      0.0,261451.39802218345,   1.0
 -0.07587395096448225,          -0.2999994, 13.541173329144057,56.808470619368414, 46.562151522398246, 0.37980830936260185,316.20008635329526,   52.7516527988414,286348.87907154823,      0.0,286348.87907154823,   1.0
 -0.07587395096448225, 0.07428374049218137, 14.541173329144057,56.808470619368414, 46.562151522398246, 0.37980830936260185,316.20008635329526,   52.7516527988414, 351627.3410183032,      0.0, 351627.3410183032,   1.0
 -0.07587395096448225, 0.07428374049218137, 13.541173329144057,57.808470619368414, 46.562151522398246, 0.37980830936260185,316.20008635329526,   52.7516527988414, 351666.7342241076,      0.0, 351666.7342241076,   1.0
 -0.07587395096448225, 0.07428374049218137, 13.541173329144057,56.808470619368414, 47.562151522398246, 0.37980830936260185,316.20008635329526,   52.7516527988414, 351489.2205897325,      0.0, 351489.2205897325,   1.0
 -0.07587395096448225, 0.07428374049218137, 13.541173329144057,56.808470619368414, 46.562151522398246, 0.02000057999999999,316.20008635329526,   52.7516527988414,332218.93578611256,      0.0,332218.93578611256,   1.0
 -0.07587395096448225, 0.07428374049218137, 13.541173329144057,56.808470619368414, 46.562151522398246, 0.37980830936260185,317.20008635329526,   52.7516527988414, 351594.5661216855,      0.0, 351594.5661216855,   1.0
 -0.07587395096448225, 0.07428374049218137, 13.541173329144057,56.808470619368414, 46.562151522398246, 0.37980830936260185,316.20008635329526,   53.7516527988414,351441.38040853816,      0.0,351441.38040853816,   1.0
  -0.0750457156746491, 0.07344962872363019, 13.540492716607154, 56.80809606307559,  46.56044969074257, 0.37899461306384485,316.19745929985794,  52.75071566621268,351612.35535036324,      0.0,351612.35535036324,   1.0
   0.2999993999999999, 0.07344962872363019, 13.540492716607154, 56.80809606307559,  46.56044969074257, 0.37899461306384485,316.19745929985794,  52.75071566621268,261556.96184600162,      0.0,261556.96184600162,   1.0
  -0.0750457156746491,-0.29999939999999997, 13.540492716607154, 56.80809606307559,  46.56044969074257, 0.37899461306384485,316.19745929985794,  52.75071566621268, 286405.9887180398,      0.0, 286405.9887180398,   1.0
  -0.0750457156746491, 0.07344962872363019, 14.540492716607154, 56.80809606307559,  46.56044969074257, 0.37899461306384485,316.19745929985794,  52.75071566621268,351765.56905708817,      0.0,351765.56905708817,   1.0
  -0.0750457156746491, 0.07344962872363019, 13.540492716607154, 57.80809606307559,  46.56044969074257, 0.37899461306384485,316.19745929985794,  52.75071566621268,351763.10016525566,      0.0,351763.10016525566,   1.0
  -0.0750457156746491, 0.07344962872363019, 13.540492716607154, 56.80809606307559,  47.56044969074257, 0.37899461306384485,316.19745929985794,  52.75071566621268, 351574.3837771414,      0.0, 351574.3837771414,   1.0
  -0.0750457156746491, 0.07344962872363019, 13.540492716607154, 56.80809606307559,  46.56044969074257, 0.02000057999999999,316.19745929985794,  52.75071566621268,332067.31567805464,      0.0,332067.31567805464,   1.0
  -0.0750457156746491, 0.07344962872363019, 13.540492716607154, 56.80809606307559,  46.56044969074257, 0.37899461306384485,317.19745929985794,  52.75071566621268,351738.65757529775,      0.0,351738.65757529775,   1.0
  -0.0750457156746491, 0.07344962872363019, 13.540492716607154, 56.80809606307559,  46.56044969074257, 0.37899461306384485,316.19745929985794,  53.75071566621268,351571.30468336295,      0.0,351571.30468336295,   1.0
 -0.07559235096593898, 0.07400014249087396,  13.54094192088151, 56.80834327022885, 46.561572899635316, 0.37953165262102445, 316.1991931551266,  52.75133417374764, 351499.8895706969,      0.0, 351499.8895706969,   1.0
  0.29999939999999997, 0.07400014249087396,  13.54094192088151, 56.80834327022885, 46.561572899635316, 0.37953165262102445, 316.1991931551266,  52.75133417374764,261468.82507652295,      0.0,261468.82507652295,   1.0
 -0.07559235096593898,-0.29999939999999997,  13.54094192088151, 56.80834327022885, 46.561572899635316, 0.37953165262102445, 316.1991931551266,  52.75133417374764, 286361.9893450447,      0.0, 286361.9893450447,   1.0
 -0.07559235096593898, 0.07400014249087396,  14.54094192088151, 56.80834327022885, 46.561572899635316, 0.37953165262102445, 316.1991931551266,  52.75133417374764, 351663.6262939432,      0.0, 351663.6262939432,   1.0
 -0.07559235096593898, 0.07400014249087396,  13.54094192088151, 57.80834327022885, 46.561572899635316, 0.37953165262102445, 316.1991931551266,  52.75133417374764, 351709.7189226605,      0.0, 351709.7189226605,   1.0
 -0.07559235096593898, 0.07400014249087396,  13.54094192088151, 56.80834327022885, 47.561572899635316, 0.37953165262102445, 316.1991931551266,  52.75133417374764,351549.99259997933,      0.0,351549.99259997933,   1.0
 -0.07559235096593898, 0.07400014249087396,  13.54094192088151, 56.80834327022885, 46.561572899635316, 0.02000057999999999, 316.1991931551266,  52.75133417374764,332079.59199727874,      0.0,332079.59199727874,   1.0
 -0.07559235096593898, 0.07400014249087396,  13.54094192088151, 56.80834327022885, 46.561572899635316, 0.37953165262102445, 317.1991931551266,  52.75133417374764, 351632.8345583634,      0.0, 351632.8345583634,   1.0
 -0.07559235096593898, 0.07400014249087396,  13.54094192088151, 56.80834327022885, 46.561572899635316, 0.37953165262102445, 316.1991931551266,  53.75133417374764, 351476.7420952616,      0.0, 351476.7420952616,   1.0
 -0.07511890953697699, 0.07352334190960866, 13.540552864563823, 56.80812916384063, 46.560600087173924,  0.3790665220679636, 316.1976914611652, 52.750798483689124,351606.23035898205,      0.0,351606.23035898205,   1.0
  0.29999939999999997, 0.07352334190960866, 13.540552864563823, 56.80812916384063, 46.560600087173924,  0.3790665220679636, 316.1976914611652, 52.750798483689124,261563.75076422511,      0.0,261563.75076422511,   1.0
 -0.07511890953697699,          -0.2999994, 13.540552864563823, 56.80812916384063, 46.560600087173924,  0.3790665220679636, 316.1976914611652, 52.750798483689124, 286397.5058526447,      0.0, 286397.5058526447,   1.0
 -0.07511890953697699, 0.07352334190960866, 14.540552864563823, 56.80812916384063, 46.560600087173924,  0.3790665220679636, 316.1976914611652, 52.750798483689124, 351760.9363988697,      0.0, 351760.9363988697,   1.0
 -0.07511890953697699, 0.07352334190960866, 13.540552864563823, 57.80812916384063, 46.560600087173924,  0.3790665220679636, 316.1976914611652, 52.750798483689124,351758.23311802675,      0.0,351758.23311802675,   1.0
 -0.07511890953697699, 0.07352334190960866, 13.540552864563823, 56.80812916384063, 47.560600087173924,  0.3790665220679636, 316.1976914611652, 52.750798483689124, 351576.0748961552,      0.0, 351576.0748961552,   1.0
 -0.07511890953697699, 0.07352334190960866, 13.540552864563823, 56.80812916384063, 46.560600087173924, 0.02000057999999999, 316.1976914611652, 52.750798483689124,332043.68085771916,      0.0,332043.68085771916,   1.0
 -0.07511890953697699, 0.07352334190960866, 13.540552864563823, 56.80812916384063, 46.560600087173924,  0.3790665220679636, 317.1976914611652, 52.750798483689124, 351723.8698091996,      0.0, 351723.8698091996,   1.0
 -0.07511890953697699, 0.07352334190960866, 13.540552864563823, 56.80812916384063, 46.560600087173924,  0.3790665220679636, 316.1976914611652, 53.750798483689124,351563.43414636806,      0.0,351563.43414636806,   1.0
 -0.07505820081514641,  0.0734622024484505, 13.540502976424929,56.808101709282646,  46.56047534481405, 0.37900687903794283,316.19749890108193, 52.750729792913965, 351612.9062983683,      0.0, 351612.9062983683,   1.0
  0.29999939999999997,  0.0734622024484505, 13.540502976424929,56.808101709282646,  46.56047534481405, 0.37900687903794283,316.19749890108193, 52.750729792913965,261570.63019030535,      0.0,261570.63019030535,   1.0
 -0.07505820081514641,          -0.2999994, 13.540502976424929,56.808101709282646,  46.56047534481405, 0.37900687903794283,316.19749890108193, 52.750729792913965, 286396.9383858412,      0.0, 286396.9383858412,   1.0
 -0.07505820081514641,  0.0734622024484505, 14.540502976424929,56.808101709282646,  46.56047534481405, 0.37900687903794283,316.19749890108193, 52.750729792913965,  351766.975583837,      0.0,  351766.975583837,   1.0
 -0.07505820081514641,  0.0734622024484505, 13.540502976424929,57.808101709282646,  46.56047534481405, 0.37900687903794283,316.19749890108193, 52.750729792913965, 351774.8587689773,      0.0, 351774.8587689773,   1.0
 -0.07505820081514641,  0.0734622024484505, 13.540502976424929,56.808101709282646,  47.56047534481405, 0.37900687903794283,316.19749890108193, 52.750729792913965, 351571.8274747015,      0.0, 351571.8274747015,   1.0
 -0.07505820081514641,  0.0734622024484505, 13.540502976424929,56.808101709282646,  46.56047534481405, 0.02000057999999999,316.19749890108193, 52.750729792913965,332065.35906873475,      0.0,332065.35906873475,   1.0
 -0.07505820081514641,  0.0734622024484505, 13.540502976424929,56.808101709282646,  46.56047534481405, 0.37900687903794283,317.19749890108193, 52.750729792913965,351740.29371002933,      0.0,351740.29371002933,   1.0
 -0.07505820081514641,  0.0734622024484505, 13.540502976424929,56.808101709282646,  46.56047534481405, 0.37900687903794283,316.19749890108193, 53.750729792913965, 351572.3135287625,      0.0, 351572.3135287625,   1.0
 -0.07509826857155459, 0.07350255449281488, 13.540535902596599, 56.80811982929092, 46.560557674771566, 0.37904624343775656,316.19762599073687,  52.75077512882557, 351608.0558971146,      0.0, 351608.0558971146,   1.0
  0.29999939999999997, 0.07350255449281488, 13.540535902596599, 56.80811982929092, 46.560557674771566, 0.37904624343775656,316.19762599073687,  52.75077512882557,261557.60195758444,      0.0,261557.60195758444,   1.0
 -0.07509826857155459,-0.29999939999999997, 13.540535902596599, 56.80811982929092, 46.560557674771566, 0.37904624343775656,316.19762599073687,  52.75077512882557, 286388.0049949612,      0.0, 286388.0049949612,   1.0
 -0.07509826857155459, 0.07350255449281488, 14.540535902596599, 56.80811982929092, 46.560557674771566, 0.37904624343775656,316.19762599073687,  52.75077512882557, 351765.0045292557,      0.0, 351765.0045292557,   1.0
 -0.07509826857155459, 0.07350255449281488, 13.540535902596599, 57.80811982929092, 46.560557674771566, 0.37904624343775656,316.19762599073687,  52.75077512882557,351757.94350826094,      0.0,351757.94350826094,   1.0
 -0.07509826857155459, 0.07350255449281488, 13.540535902596599, 56.80811982929092, 47.560557674771566, 0.37904624343775656,316.19762599073687,  52.75077512882557, 351576.8169733108,      0.0, 351576.8169733108,   1.0
 -0.07509826857155459, 0.07350255449281488, 13.540535902596599, 56.80811982929092, 46.560557674771566, 0.02000057999999999,316.19762599073687,  52.75077512882557, 332052.2300389505,      0.0, 332052.2300389505,   1.0
 -0.07509826857155459, 0.07350255449281488, 13.540535902596599, 56.80811982929092, 46.560557674771566, 0.37904624343775656,317.19762599073687,  52.75077512882557,351733.59232252714,      0.0,351733.59232252714,   1.0
 -0.07509826857155459, 0.07350255449281488, 13.540535902596599, 56.80811982929092, 46.560557674771566, 0.37904624343775656,316.19762599073687,  53.75077512882557,351568.73452403967,      0.0,351568.73452403967,   1.0
 -0.07506450160977449, 0.07346854794835253, 13.540508154180415, 56.80810455871723,   46.5604882914874,    0.37901306922729,316.19751888637404,   52.7507369221444,351612.94832293404,      0.0,351612.94832293404,   1.0
   0.2999993999999999, 0.07346854794835253, 13.540508154180415, 56.80810455871723,   46.5604882914874,    0.37901306922729,316.19751888637404,   52.7507369221444, 261570.8440504779,      0.0, 261570.8440504779,   1.0
 -0.07506450160977449, -0.2999993999999999, 13.540508154180415, 56.80810455871723,   46.5604882914874,    0.37901306922729,316.19751888637404,   52.7507369221444, 286394.1090950363,      0.0, 286394.1090950363,   1.0
 -0.07506450160977449, 0.07346854794835253, 14.540508154180415, 56.80810455871723,   46.5604882914874,    0.37901306922729,316.19751888637404,   52.7507369221444, 351766.2332406711,      0.0, 351766.2332406711,   1.0
 -0.07506450160977449, 0.07346854794835253, 13.540508154180415, 57.80810455871723,   46.5604882914874,    0.37901306922729,316.19751888637404,   52.7507369221444, 351775.6002549059,      0.0, 351775.6002549059,   1.0
 -0.07506450160977449, 0.07346854794835253, 13.540508154180415, 56.80810455871723,   47.5604882914874,    0.37901306922729,316.19751888637404,   52.7507369221444, 351570.4196927919,      0.0, 351570.4196927919,   1.0
 -0.07506450160977449, 0.07346854794835253, 13.540508154180415, 56.80810455871723,   46.5604882914874, 0.02000057999999999,316.19751888637404,   52.7507369221444, 332066.1232934724,      0.0, 332066.1232934724,   1.0
 -0.07506450160977449, 0.07346854794835253, 13.540508154180415, 56.80810455871723,   46.5604882914874,    0.37901306922729,317.19751888637404,   52.7507369221444, 351739.9715987849,      0.0, 351739.9715987849,   1.0
 -0.07506450160977449, 0.07346854794835253, 13.540508154180415, 56.80810455871723,   46.5604882914874,    0.37901306922729,316.19751888637404,   53.7507369221444,351571.19929133717,      0.0,351571.19929133717,   1.0
 -0.07508678780454936, 0.07349099226769769, 13.540526468135097,56.808114637295866,  46.56053408445495,  0.3790349642061979, 316.1975895752535, 52.750762138553974, 351612.9760584088,      0.0, 351612.9760584088,   1.0
  0.29999939999999997, 0.07349099226769769, 13.540526468135097,56.808114637295866,  46.56053408445495,  0.3790349642061979, 316.1975895752535, 52.750762138553974, 261557.9677510938,      0.0, 261557.9677510938,   1.0
 -0.07508678780454936,-0.29999939999999997, 13.540526468135097,56.808114637295866,  46.56053408445495,  0.3790349642061979, 316.1975895752535, 52.750762138553974,286387.17788942927,      0.0,286387.17788942927,   1.0
 -0.07508678780454936, 0.07349099226769769, 14.540526468135097,56.808114637295866,  46.56053408445495,  0.3790349642061979, 316.1975895752535, 52.750762138553974, 351767.7154651228,      0.0, 351767.7154651228,   1.0
 -0.07508678780454936, 0.07349099226769769, 13.540526468135097,57.808114637295866,  46.56053408445495,  0.3790349642061979, 316.1975895752535, 52.750762138553974, 351760.6817004855,      0.0, 351760.6817004855,   1.0
 -0.07508678780454936, 0.07349099226769769, 13.540526468135097,56.808114637295866,  47.56053408445495,  0.3790349642061979, 316.1975895752535, 52.750762138553974, 351563.0005786203,      0.0, 351563.0005786203,   1.0
 -0.07508678780454936, 0.07349099226769769, 13.540526468135097,56.808114637295866,  46.56053408445495, 0.02000057999999999, 316.1975895752535, 52.750762138553974, 332068.0864391392,      0.0, 332068.0864391392,   1.0
 -0.07508678780454936, 0.07349099226769769, 13.540526468135097,56.808114637295866,  46.56053408445495,  0.3790349642061979, 317.1975895752535, 52.750762138553974, 351739.2314446375,      0.0, 351739.2314446375,   1.0
 -0.07508678780454936, 0.07349099226769769, 13.540526468135097,56.808114637295866,  46.56053408445495,  0.3790349642061979, 316.1975895752535, 53.750762138553974,351572.61905486765,      0.0,351572.61905486765,   1.0
 -0.29999939999999997, 0.29999939999999997,  11.14566623280964, 55.62230195791317,  40.16249813252924,          0.59999942, 306.7022357428067, 49.268312203384816,312593.02359466115,      0.0,312593.02359466115,   1.0
  0.29999939999999997, 0.29999939999999997,  11.14566623280964, 55.62230195791317,  40.16249813252924,          0.59999942, 306.7022357428067, 49.268312203384816, 236104.3970339846,      0.0, 236104.3970339846,   1.0
 -0.29999939999999997,-0.29999939999999997,  11.14566623280964, 55.62230195791317,  40.16249813252924,          0.59999942, 306.7022357428067, 49.268312203384816, 263291.6272010703,      0.0, 263291.6272010703,   1.0
 -0.29999939999999997, 0.29999939999999997,  12.14566623280964, 55.62230195791317,  40.16249813252924,          0.59999942, 306.7022357428067, 49.268312203384816, 312871.7025910219,      0.0, 312871.7025910219,   1.0
 -0.29999939999999997, 0.29999939999999997,  11.14566623280964, 56.62230195791317,  40.16249813252924,          0.59999942, 306.7022357428067, 49.268312203384816,312535.07080877724,      0.0,312535.07080877724,   1.0
 -0.29999939999999997, 0.29999939999999997,  11.14566623280964, 55.62230195791317,  41.16249813252924,          0.59999942, 306.7022357428067, 49.268312203384816, 312821.1881741213,      0.0, 312821.1881741213,   1.0
 -0.29999939999999997, 0.29999939999999997,  11.14566623280964, 55.62230195791317,  40.16249813252924,0.020000580000000046, 306.7022357428067, 49.268312203384816, 334671.1299626768,      0.0, 334671.1299626768,   1.0
 -0.29999939999999997, 0.29999939999999997,  11.14566623280964, 55.62230195791317,  40.16249813252924,          0.59999942, 307.7022357428067, 49.268312203384816, 312784.8045739181,      0.0, 312784.8045739181,   1.0
 -0.29999939999999997, 0.29999939999999997,  11.14566623280964, 55.62230195791317,  40.16249813252924,          0.59999942, 306.7022357428067, 50.268312203384816,313489.09924339683,      0.0,313489.09924339683,   1.0
 -0.11391802582716418, 0.11259774492562813, 13.127053044297021, 56.60338367999709, 45.455911028854246, 0.41718455170025237,  314.558213547482,  52.14951598781842,345565.94482368464,      0.0,345565.94482368464,   1.0
            0.2999994, 0.11259774492562813, 13.127053044297021, 56.60338367999709, 45.455911028854246, 0.41718455170025237,  314.558213547482,  52.14951598781842,255820.26080378206,      0.0,255820.26080378206,   1.0
 -0.11391802582716418,-0.29999939999999997, 13.127053044297021, 56.60338367999709, 45.455911028854246, 0.41718455170025237,  314.558213547482,  52.14951598781842, 279021.3140581466,      0.0, 279021.3140581466,   1.0
 -0.11391802582716418, 0.11259774492562813, 14.127053044297021, 56.60338367999709, 45.455911028854246, 0.41718455170025237,  314.558213547482,  52.14951598781842, 345648.4501072771,      0.0, 345648.4501072771,   1.0
 -0.11391802582716418, 0.11259774492562813, 13.127053044297021, 57.60338367999709, 45.455911028854246, 0.41718455170025237,  314.558213547482,  52.14951598781842,345680.72745302366,      0.0,345680.72745302366,   1.0
 -0.11391802582716418, 0.11259774492562813, 13.127053044297021, 56.60338367999709, 46.455911028854246, 0.41718455170025237,  314.558213547482,  52.14951598781842, 345592.7186628665,      0.0, 345592.7186628665,   1.0
 -0.11391802582716418, 0.11259774492562813, 13.127053044297021, 56.60338367999709, 45.455911028854246, 0.02000057999999999,  314.558213547482,  52.14951598781842,342406.99177268933,      0.0,342406.99177268933,   1.0
 -0.11391802582716418, 0.11259774492562813, 13.127053044297021, 56.60338367999709, 45.455911028854246, 0.41718455170025237,  315.558213547482,  52.14951598781842,345721.22451922693,      0.0,345721.22451922693,   1.0
 -0.11391802582716418, 0.11259774492562813, 13.127053044297021, 56.60338367999709, 45.455911028854246, 0.41718455170025237,  314.558213547482,  53.14951598781842,345676.31186042685,      0.0,345676.31186042685,   1.0
 -0.08106918398774224, 0.07951583463047841, 13.476826159863183, 56.77657349259138,  46.39035427334916,  0.3849123443320105, 315.9450249548403, 52.658133294857954, 350724.5677330125,      0.0, 350724.5677330125,   1.0
            0.2999994, 0.07951583463047841, 13.476826159863183, 56.77657349259138,  46.39035427334916,  0.3849123443320105, 315.9450249548403, 52.658133294857954,260720.28335382993,      0.0,260720.28335382993,   1.0
 -0.08106918398774224,-0.29999939999999997, 13.476826159863183, 56.77657349259138,  46.39035427334916,  0.3849123443320105, 315.9450249548403, 52.658133294857954, 285380.4149465154,      0.0, 285380.4149465154,   1.0
 -0.08106918398774224, 0.07951583463047841, 14.476826159863183, 56.77657349259138,  46.39035427334916,  0.3849123443320105, 315.9450249548403, 52.658133294857954, 350875.7030720768,      0.0, 350875.7030720768,   1.0
 -0.08106918398774224, 0.07951583463047841, 13.476826159863183, 57.77657349259138,  46.39035427334916,  0.3849123443320105, 315.9450249548403, 52.658133294857954,350658.26216353674,      0.0,350658.26216353674,   1.0
 -0.08106918398774224, 0.07951583463047841, 13.476826159863183, 56.77657349259138,  47.39035427334916,  0.3849123443320105, 315.9450249548403, 52.658133294857954,  350687.593631085,      0.0,  350687.593631085,   1.0
 -0.08106918398774224, 0.07951583463047841, 13.476826159863183, 56.77657349259138,  46.39035427334916, 0.02000057999999999, 315.9450249548403, 52.658133294857954, 334305.5316326595,      0.0, 334305.5316326595,   1.0
 -0.08106918398774224, 0.07951583463047841, 13.476826159863183, 56.77657349259138,  46.39035427334916,  0.3849123443320105, 316.9450249548403, 52.658133294857954, 350861.7883774638,      0.0, 350861.7883774638,   1.0
 -0.08106918398774224, 0.07951583463047841, 13.476826159863183, 56.77657349259138,  46.39035427334916,  0.3849123443320105, 315.9450249548403, 53.658133294857954,350695.20498031005,      0.0,350695.20498031005,   1.0
 -0.07598175031297683, 0.07439230469649048, 13.530996944189692, 56.80339610292953,  46.53507529737916,   0.379914216381966, 316.1598060752473,  52.73690492486094, 351405.3686864178,      0.0, 351405.3686864178,   1.0
  0.29999939999999997, 0.07439230469649048, 13.530996944189692, 56.80339610292953,  46.53507529737916,   0.379914216381966, 316.1598060752473,  52.73690492486094,261404.94750677395,      0.0,261404.94750677395,   1.0
 -0.07598175031297683,-0.29999939999999997, 13.530996944189692, 56.80339610292953,  46.53507529737916,   0.379914216381966, 316.1598060752473,  52.73690492486094,286327.61923804565,      0.0,286327.61923804565,   1.0
 -0.07598175031297683, 0.07439230469649048, 14.530996944189692, 56.80339610292953,  46.53507529737916,   0.379914216381966, 316.1598060752473,  52.73690492486094,351578.25481112965,      0.0,351578.25481112965,   1.0
 -0.07598175031297683, 0.07439230469649048, 13.530996944189692, 57.80339610292953,  46.53507529737916,   0.379914216381966, 316.1598060752473,  52.73690492486094,351641.26690417517,      0.0,351641.26690417517,   1.0
 -0.07598175031297683, 0.07439230469649048, 13.530996944189692, 56.80339610292953,  47.53507529737916,   0.379914216381966, 316.1598060752473,  52.73690492486094, 351452.3197368243,      0.0, 351452.3197368243,   1.0
 -0.07598175031297683, 0.07439230469649048, 13.530996944189692, 56.80339610292953,  46.53507529737916, 0.02000057999999999, 316.1598060752473,  52.73690492486094, 332229.2593745893,      0.0, 332229.2593745893,   1.0
 -0.07598175031297683, 0.07439230469649048, 13.530996944189692, 56.80339610292953,  46.53507529737916,   0.379914216381966, 317.1598060752473,  52.73690492486094,  351548.109909971,      0.0,  351548.109909971,   1.0
 -0.07598175031297683, 0.07439230469649048, 13.530996944189692, 56.80339610292953,  46.53507529737916,   0.379914216381966, 316.1598060752473,  53.73690492486094,351395.10923734045,      0.0,351395.10923734045,   1.0
 -0.07520114773726692, 0.07360616360475777, 13.539308768279556, 56.80751169441549,   46.5572809144622,   0.379147316644111,316.19276153108643, 52.748991438652396, 351599.1911551465,      0.0, 351599.1911551465,   1.0
  0.29999939999999997, 0.07360616360475777, 13.539308768279556, 56.80751169441549,   46.5572809144622,   0.379147316644111,316.19276153108643, 52.748991438652396,261540.53625008505,      0.0,261540.53625008505,   1.0
 -0.07520114773726692, -0.2999993999999999, 13.539308768279556, 56.80751169441549,   46.5572809144622,   0.379147316644111,316.19276153108643, 52.748991438652396, 286421.1227770158,      0.0, 286421.1227770158,   1.0
 -0.07520114773726692, 0.07360616360475777, 14.539308768279556, 56.80751169441549,   46.5572809144622,   0.379147316644111,316.19276153108643, 52.748991438652396,351758.11897316884,      0.0,351758.11897316884,   1.0
 -0.07520114773726692, 0.07360616360475777, 13.539308768279556, 57.80751169441549,   46.5572809144622,   0.379147316644111,316.19276153108643, 52.748991438652396,351738.18947399606,      0.0,351738.18947399606,   1.0
 -0.07520114773726692, 0.07360616360475777, 13.539308768279556, 56.80751169441549,   47.5572809144622,   0.379147316644111,316.19276153108643, 52.748991438652396,351572.83407665126,      0.0,351572.83407665126,   1.0
 -0.07520114773726692, 0.07360616360475777, 13.539308768279556, 56.80751169441549,   46.5572809144622, 0.02000057999999999,316.19276153108643, 52.748991438652396,332040.67483276397,      0.0,332040.67483276397,   1.0
 -0.07520114773726692, 0.07360616360475777, 13.539308768279556, 56.80751169441549,   46.5572809144622,   0.379147316644111,317.19276153108643, 52.748991438652396, 351722.1653077041,      0.0, 351722.1653077041,   1.0
 -0.07520114773726692, 0.07360616360475777, 13.539308768279556, 56.80751169441549,   46.5572809144622,   0.379147316644111,316.19276153108643, 53.748991438652396, 351567.0507424076,      0.0, 351567.0507424076,   1.0
 -0.07510474101294438, 0.07350907285734337, 13.540335303111215, 56.80801998212316,  46.56002337377651,  0.3790526022607474,316.19683162724664, 52.750484158814196, 351604.3377595711,      0.0, 351604.3377595711,   1.0
  0.29999939999999997, 0.07350907285734337, 13.540335303111215, 56.80801998212316,  46.56002337377651,  0.3790526022607474,316.19683162724664, 52.750484158814196,261559.73113995767,      0.0,261559.73113995767,   1.0
 -0.07510474101294438,-0.29999939999999997, 13.540335303111215, 56.80801998212316,  46.56002337377651,  0.3790526022607474,316.19683162724664, 52.750484158814196, 286398.4809362691,      0.0, 286398.4809362691,   1.0
 -0.07510474101294438, 0.07350907285734337, 14.540335303111215, 56.80801998212316,  46.56002337377651,  0.3790526022607474,316.19683162724664, 52.750484158814196, 351761.1141360538,      0.0, 351761.1141360538,   1.0
 -0.07510474101294438, 0.07350907285734337, 13.540335303111215, 57.80801998212316,  46.56002337377651,  0.3790526022607474,316.19683162724664, 52.750484158814196,351757.82634105056,      0.0,351757.82634105056,   1.0
 -0.07510474101294438, 0.07350907285734337, 13.540335303111215, 56.80801998212316,  47.56002337377651,  0.3790526022607474,316.19683162724664, 52.750484158814196, 351575.7776086615,      0.0, 351575.7776086615,   1.0
 -0.07510474101294438, 0.07350907285734337, 13.540335303111215, 56.80801998212316,  46.56002337377651, 0.02000057999999999,316.19683162724664, 52.750484158814196, 332043.6560267464,      0.0, 332043.6560267464,   1.0
 -0.07510474101294438, 0.07350907285734337, 13.540335303111215, 56.80801998212316,  46.56002337377651,  0.3790526022607474,317.19683162724664, 52.750484158814196, 351729.2626164393,      0.0, 351729.2626164393,   1.0
 -0.07510474101294438, 0.07350907285734337, 13.540335303111215, 56.80801998212316,  46.56002337377651,  0.3790526022607474,316.19683162724664, 53.750484158814196,351563.57986937347,      0.0,351563.57986937347,   1.0
  -0.0750884017436654, 0.07349261765800276, 13.540509282977833, 56.80810612808222,  46.56048817311015, 0.37903654981393675,316.19752143802094, 52.750737149016416, 351612.4529250651,      0.0, 351612.4529250651,   1.0
            0.2999994, 0.07349261765800276, 13.540509282977833, 56.80810612808222,  46.56048817311015, 0.37903654981393675,316.19752143802094, 52.750737149016416, 261567.3798973332,      0.0, 261567.3798973332,   1.0
  -0.0750884017436654,-0.29999939999999997, 13.540509282977833, 56.80810612808222,  46.56048817311015, 0.37903654981393675,316.19752143802094, 52.750737149016416, 286388.0078919653,      0.0, 286388.0078919653,   1.0
  -0.0750884017436654, 0.07349261765800276, 14.540509282977833, 56.80810612808222,  46.56048817311015, 0.37903654981393675,316.19752143802094, 52.750737149016416,  351767.695319135,      0.0,  351767.695319135,   1.0
  -0.0750884017436654, 0.07349261765800276, 13.540509282977833, 57.80810612808222,  46.56048817311015, 0.37903654981393675,316.19752143802094, 52.750737149016416, 351758.9700067468,      0.0, 351758.9700067468,   1.0
  -0.0750884017436654, 0.07349261765800276, 13.540509282977833, 56.80810612808222,  47.56048817311015, 0.37903654981393675,316.19752143802094, 52.750737149016416,351562.53880034783,      0.0,351562.53880034783,   1.0
  -0.0750884017436654, 0.07349261765800276, 13.540509282977833, 56.80810612808222,  46.56048817311015, 0.02000057999999999,316.19752143802094, 52.750737149016416,332081.06505031476,      0.0,332081.06505031476,   1.0
  -0.0750884017436654, 0.07349261765800276, 13.540509282977833, 56.80810612808222,  46.56048817311015, 0.37903654981393675,317.19752143802094, 52.750737149016416, 351737.7591151424,      0.0, 351737.7591151424,   1.0
  -0.0750884017436654, 0.07349261765800276, 13.540509282977833, 56.80810612808222,  46.56048817311015, 0.37903654981393675,316.19752143802094, 53.750737149016416,351572.32432679663,      0.0,351572.32432679663,   1.0
 -0.07508696575335838,  0.0734911714790856, 13.540524573343504, 56.80811369909168, 46.560529022387215, 0.37903513903126157, 316.1975820626161,  52.75075938327132,351612.82079461165,      0.0,351612.82079461165,   1.0
  0.29999939999999997,  0.0734911714790856, 13.540524573343504, 56.80811369909168, 46.560529022387215, 0.37903513903126157, 316.1975820626161,  52.75075938327132,261558.02501820168,      0.0,261558.02501820168,   1.0
 -0.07508696575335838,          -0.2999994, 13.540524573343504, 56.80811369909168, 46.560529022387215, 0.37903513903126157, 316.1975820626161,  52.75075938327132, 286387.1661606509,      0.0, 286387.1661606509,   1.0
 -0.07508696575335838,  0.0734911714790856, 14.540524573343504, 56.80811369909168, 46.560529022387215, 0.37903513903126157, 316.1975820626161,  52.75075938327132, 351767.7154651228,      0.0, 351767.7154651228,   1.0
 -0.07508696575335838,  0.0734911714790856, 13.540524573343504, 57.80811369909168, 46.560529022387215, 0.37903513903126157, 316.1975820626161,  52.75075938327132, 351758.5175093895,      0.0, 351758.5175093895,   1.0
 -0.07508696575335838,  0.0734911714790856, 13.540524573343504, 56.80811369909168, 47.560529022387215, 0.37903513903126157, 316.1975820626161,  52.75075938327132,351562.85423372214,      0.0,351562.85423372214,   1.0
 -0.07508696575335838,  0.0734911714790856, 13.540524573343504, 56.80811369909168, 46.560529022387215, 0.02000057999999999, 316.1975820626161,  52.75075938327132, 332068.0864391392,      0.0, 332068.0864391392,   1.0
 -0.07508696575335838,  0.0734911714790856, 13.540524573343504, 56.80811369909168, 46.560529022387215, 0.37903513903126157, 317.1975820626161,  52.75075938327132, 351738.0245941871,      0.0, 351738.0245941871,   1.0
 -0.07508696575335838,  0.0734911714790856, 13.540524573343504, 56.80811369909168, 46.560529022387215, 0.37903513903126157, 316.1975820626161,  53.75075938327132,351572.61905486765,      0.0,351572.61905486765,   1.0
 -0.07508679877319761, 0.07349100331417048, 13.540526351341382,56.808114579465574,  46.56053377243241, 0.37903497498230054,316.19758911217946, 52.750761968720155, 351612.9760584088,      0.0, 351612.9760584088,   1.0
  0.29999939999999997, 0.07349100331417048, 13.540526351341382,56.808114579465574,  46.56053377243241, 0.37903497498230054,316.19758911217946, 52.750761968720155, 261557.9677510938,      0.0, 261557.9677510938,   1.0
 -0.07508679877319761,-0.29999939999999997, 13.540526351341382,56.808114579465574,  46.56053377243241, 0.37903497498230054,316.19758911217946, 52.750761968720155,286387.17788942927,      0.0,286387.17788942927,   1.0
 -0.07508679877319761, 0.07349100331417048, 14.540526351341382,56.808114579465574,  46.56053377243241, 0.37903497498230054,316.19758911217946, 52.750761968720155, 351767.7154651228,      0.0, 351767.7154651228,   1.0
 -0.07508679877319761, 0.07349100331417048, 13.540526351341382,57.808114579465574,  46.56053377243241, 0.37903497498230054,316.19758911217946, 52.750761968720155, 351760.6817004855,      0.0, 351760.6817004855,   1.0
 -0.07508679877319761, 0.07349100331417048, 13.540526351341382,56.808114579465574,  47.56053377243241, 0.37903497498230054,316.19758911217946, 52.750761968720155, 351563.0005786203,      0.0, 351563.0005786203,   1.0
 -0.07508679877319761, 0.07349100331417048, 13.540526351341382,56.808114579465574,  46.56053377243241, 0.02000057999999999,316.19758911217946, 52.750761968720155, 332068.0864391392,      0.0, 332068.0864391392,   1.0
 -0.07508679877319761, 0.07349100331417048, 13.540526351341382,56.808114579465574,  46.56053377243241, 0.37903497498230054,317.19758911217946, 52.750761968720155, 351739.2314446375,      0.0, 351739.2314446375,   1.0
 -0.07508679877319761, 0.07349100331417048, 13.540526351341382,56.808114579465574,  46.56053377243241, 0.37903497498230054,316.19758911217946, 53.750761968720155,351572.61905486765,      0.0,351572.61905486765,   1.0
 -0.07508679011933272, 0.07349099459890485, 13.540526443487378, 56.80811462509157,  46.56053401860685,  0.3790349664803472, 316.1975894775281,  52.75076210271287, 351612.9760584088,      0.0, 351612.9760584088,   1.0
  0.29999939999999997, 0.07349099459890485, 13.540526443487378, 56.80811462509157,  46.56053401860685,  0.3790349664803472, 316.1975894775281,  52.75076210271287, 261557.9677510938,      0.0, 261557.9677510938,   1.0
 -0.07508679011933272,-0.29999939999999997, 13.540526443487378, 56.80811462509157,  46.56053401860685,  0.3790349664803472, 316.1975894775281,  52.75076210271287,286387.17788942927,      0.0,286387.17788942927,   1.0
 -0.07508679011933272, 0.07349099459890485, 14.540526443487378, 56.80811462509157,  46.56053401860685,  0.3790349664803472, 316.1975894775281,  52.75076210271287, 351767.7154651228,      0.0, 351767.7154651228,   1.0
 -0.07508679011933272, 0.07349099459890485, 13.540526443487378, 57.80811462509157,  46.56053401860685,  0.3790349664803472, 316.1975894775281,  52.75076210271287, 351760.6817004855,      0.0, 351760.6817004855,   1.0
 -0.07508679011933272, 0.07349099459890485, 13.540526443487378, 56.80811462509157,  47.56053401860685,  0.3790349664803472, 316.1975894775281,  52.75076210271287, 351563.0005786203,      0.0, 351563.0005786203,   1.0
 -0.07508679011933272, 0.07349099459890485, 13.540526443487378, 56.80811462509157,  46.56053401860685, 0.02000057999999999, 316.1975894775281,  52.75076210271287, 332068.0864391392,      0.0, 332068.0864391392,   1.0
 -0.07508679011933272, 0.07349099459890485, 13.540526443487378, 56.80811462509157,  46.56053401860685,  0.3790349664803472, 317.1975894775281,  52.75076210271287, 351739.2314446375,      0.0, 351739.2314446375,   1.0
 -0.07508679011933272, 0.07349099459890485, 13.540526443487378, 56.80811462509157,  46.56053401860685,  0.3790349664803472, 316.1975894775281,  53.75076210271287,351572.61905486765,      0.0,351572.61905486765,   1.0
 -0.07508678829305275,  0.0734909927596671, 13.540526462933533, 56.80811463472032,  46.56053407055861,   0.379034964686126, 316.1975895546299, 52.750762130990196, 351612.9760584088,      0.0, 351612.9760584088,   1.0
  0.29999939999999997,  0.0734909927596671, 13.540526462933533, 56.80811463472032,  46.56053407055861,   0.379034964686126, 316.1975895546299, 52.750762130990196, 261557.9677510938,      0.0, 261557.9677510938,   1.0
 -0.07508678829305275,-0.29999939999999997, 13.540526462933533, 56.80811463472032,  46.56053407055861,   0.379034964686126, 316.1975895546299, 52.750762130990196,286387.17788942927,      0.0,286387.17788942927,   1.0
 -0.07508678829305275,  0.0734909927596671, 14.540526462933533, 56.80811463472032,  46.56053407055861,   0.379034964686126, 316.1975895546299, 52.750762130990196, 351767.7154651228,      0.0, 351767.7154651228,   1.0
 -0.07508678829305275,  0.0734909927596671, 13.540526462933533, 57.80811463472032,  46.56053407055861,   0.379034964686126, 316.1975895546299, 52.750762130990196, 351760.6817004855,      0.0, 351760.6817004855,   1.0
 -0.07508678829305275,  0.0734909927596671, 13.540526462933533, 56.80811463472032,  47.56053407055861,   0.379034964686126, 316.1975895546299, 52.750762130990196, 351563.0005786203,      0.0, 351563.0005786203,   1.0
 -0.07508678829305275,  0.0734909927596671, 13.540526462933533, 56.80811463472032,  46.56053407055861, 0.02000057999999999, 316.1975895546299, 52.750762130990196, 332068.0864391392,      0.0, 332068.0864391392,   1.0
 -0.07508678829305275,  0.0734909927596671, 13.540526462933533, 56.80811463472032,  46.56053407055861,   0.379034964686126, 317.1975895546299, 52.750762130990196, 351739.2314446375,      0.0, 351739.2314446375,   1.0
 -0.07508678829305275,  0.0734909927596671, 13.540526462933533, 56.80811463472032,  46.56053407055861,   0.379034964686126, 316.1975895546299, 53.750762130990196,351572.61905486765,      0.0,351572.61905486765,   1.0
 -0.07508678790764133, 0.07349099237152111, 13.540526467037378, 56.80811463675233,  46.56053408152232,  0.3790349643074802, 316.1975895709012,  52.75076213695774, 351612.9760584088,      0.0, 351612.9760584088,   1.0
  0.29999939999999997, 0.07349099237152111, 13.540526467037378, 56.80811463675233,  46.56053408152232,  0.3790349643074802, 316.1975895709012,  52.75076213695774, 261557.9677510938,      0.0, 261557.9677510938,   1.0
 -0.07508678790764133,-0.29999939999999997, 13.540526467037378, 56.80811463675233,  46.56053408152232,  0.3790349643074802, 316.1975895709012,  52.75076213695774,286387.17788942927,      0.0,286387.17788942927,   1.0
 -0.07508678790764133, 0.07349099237152111, 14.540526467037378, 56.80811463675233,  46.56053408152232,  0.3790349643074802, 316.1975895709012,  52.75076213695774, 351767.7154651228,      0.0, 351767.7154651228,   1.0
 -0.07508678790764133, 0.07349099237152111, 13.540526467037378, 57.80811463675233,  46.56053408152232,  0.3790349643074802, 316.1975895709012,  52.75076213695774, 351760.6817004855,      0.0, 351760.6817004855,   1.0
 -0.07508678790764133, 0.07349099237152111, 13.540526467037378, 56.80811463675233,  47.56053408152232,  0.3790349643074802, 316.1975895709012,  52.75076213695774, 351563.0005786203,      0.0, 351563.0005786203,   1.0
 -0.07508678790764133, 0.07349099237152111, 13.540526467037378, 56.80811463675233,  46.56053408152232, 0.02000057999999999, 316.1975895709012,  52.75076213695774, 332068.0864391392,      0.0, 332068.0864391392,   1.0
 -0.07508678790764133, 0.07349099237152111, 13.540526467037378, 56.80811463675233,  46.56053408152232,  0.3790349643074802, 317.1975895709012,  52.75076213695774, 351739.2314446375,      0.0, 351739.2314446375,   1.0
 -0.07508678790764133, 0.07349099237152111, 13.540526467037378, 56.80811463675233,  46.56053408152232,  0.3790349643074802, 316.1975895709012,  53.75076213695774,351572.61905486765,      0.0,351572.61905486765,   1.0
 -0.07508678782630553, 0.07349099228960822, 13.540526467903439, 56.80811463718116,  46.56053408383606, 0.37903496422757216,316.19758957433504,  52.75076213821711, 351612.9760584088,      0.0, 351612.9760584088,   1.0
  0.29999939999999997, 0.07349099228960822, 13.540526467903439, 56.80811463718116,  46.56053408383606, 0.37903496422757216,316.19758957433504,  52.75076213821711, 261557.9677510938,      0.0, 261557.9677510938,   1.0
 -0.07508678782630553,-0.29999939999999997, 13.540526467903439, 56.80811463718116,  46.56053408383606, 0.37903496422757216,316.19758957433504,  52.75076213821711,286387.17788942927,      0.0,286387.17788942927,   1.0
 -0.07508678782630553, 0.07349099228960822, 14.540526467903439, 56.80811463718116,  46.56053408383606, 0.37903496422757216,316.19758957433504,  52.75076213821711, 351767.7154651228,      0.0, 351767.7154651228,   1.0
 -0.07508678782630553, 0.07349099228960822, 13.540526467903439, 57.80811463718116,  46.56053408383606, 0.37903496422757216,316.19758957433504,  52.75076213821711, 351760.6817004855,      0.0, 351760.6817004855,   1.0
 -0.07508678782630553, 0.07349099228960822, 13.540526467903439, 56.80811463718116,  47.56053408383606, 0.37903496422757216,316.19758957433504,  52.75076213821711, 351563.0005786203,      0.0, 351563.0005786203,   1.0
 -0.07508678782630553, 0.07349099228960822, 13.540526467903439, 56.80811463718116,  46.56053408383606, 0.02000057999999999,316.19758957433504,  52.75076213821711, 332068.0864391392,      0.0, 332068.0864391392,   1.0
 -0.07508678782630553, 0.07349099228960822, 13.540526467903439, 56.80811463718116,  46.56053408383606, 0.37903496422757216,317.19758957433504,  52.75076213821711, 351739.2314446375,      0.0, 351739.2314446375,   1.0
 -0.07508678782630553, 0.07349099228960822, 13.540526467903439, 56.80811463718116,  46.56053408383606, 0.37903496422757216,316.19758957433504,  53.75076213821711,351572.61905486765,      0.0,351572.61905486765,   1.0
 -0.07508678780914071, 0.07349099227232161, 13.540526468086208, 56.80811463727166,  46.56053408432434,  0.3790349642107087, 316.1975895750597, 52.750762138482884, 351612.9760584088,      0.0, 351612.9760584088,   1.0
            0.2999994, 0.07349099227232161, 13.540526468086208, 56.80811463727166,  46.56053408432434,  0.3790349642107087, 316.1975895750597, 52.750762138482884, 261557.9677510938,      0.0, 261557.9677510938,   1.0
 -0.07508678780914071,          -0.2999994, 13.540526468086208, 56.80811463727166,  46.56053408432434,  0.3790349642107087, 316.1975895750597, 52.750762138482884,286387.17788942927,      0.0,286387.17788942927,   1.0
 -0.07508678780914071, 0.07349099227232161, 14.540526468086208, 56.80811463727166,  46.56053408432434,  0.3790349642107087, 316.1975895750597, 52.750762138482884, 351767.7154651228,      0.0, 351767.7154651228,   1.0
 -0.07508678780914071, 0.07349099227232161, 13.540526468086208, 57.80811463727166,  46.56053408432434,  0.3790349642107087, 316.1975895750597, 52.750762138482884, 351760.6817004855,      0.0, 351760.6817004855,   1.0
 -0.07508678780914071, 0.07349099227232161, 13.540526468086208, 56.80811463727166,  47.56053408432434,  0.3790349642107087, 316.1975895750597, 52.750762138482884, 351563.0005786203,      0.0, 351563.0005786203,   1.0
 -0.07508678780914071, 0.07349099227232161, 13.540526468086208, 56.80811463727166,  46.56053408432434, 0.02000057999999999, 316.1975895750597, 52.750762138482884, 332068.0864391392,      0.0, 332068.0864391392,   1.0
 -0.07508678780914071, 0.07349099227232161, 13.540526468086208, 56.80811463727166,  46.56053408432434,  0.3790349642107087, 317.1975895750597, 52.750762138482884, 351739.2314446375,      0.0, 351739.2314446375,   1.0
 -0.07508678780914071, 0.07349099227232161, 13.540526468086208, 56.80811463727166,  46.56053408432434,  0.3790349642107087, 316.1975895750597, 53.750762138482884,351572.61905486765,      0.0,351572.61905486765,   1.0
 -0.07508678780551829, 0.07349099226867349,  13.54052646812478, 56.80811463729076,  46.56053408442739,  0.3790349642071498, 316.1975895752126, 52.750762138538974, 351612.9760584088,      0.0, 351612.9760584088,   1.0
  0.29999939999999997, 0.07349099226867349,  13.54052646812478, 56.80811463729076,  46.56053408442739,  0.3790349642071498, 316.1975895752126, 52.750762138538974, 261557.9677510938,      0.0, 261557.9677510938,   1.0
 -0.07508678780551829,-0.29999939999999997,  13.54052646812478, 56.80811463729076,  46.56053408442739,  0.3790349642071498, 316.1975895752126, 52.750762138538974,286387.17788942927,      0.0,286387.17788942927,   1.0
 -0.07508678780551829, 0.07349099226867349,  14.54052646812478, 56.80811463729076,  46.56053408442739,  0.3790349642071498, 316.1975895752126, 52.750762138538974, 351767.7154651228,      0.0, 351767.7154651228,   1.0
 -0.07508678780551829, 0.07349099226867349,  13.54052646812478, 57.80811463729076,  46.56053408442739,  0.3790349642071498, 316.1975895752126, 52.750762138538974, 351760.6817004855,      0.0, 351760.6817004855,   1.0
 -0.07508678780551829, 0.07349099226867349,  13.54052646812478, 56.80811463729076,  47.56053408442739,  0.3790349642071498, 316.1975895752126, 52.750762138538974, 351563.0005786203,      0.0, 351563.0005786203,   1.0
 -0.07508678780551829, 0.07349099226867349,  13.54052646812478, 56.80811463729076,  46.56053408442739, 0.02000057999999999, 316.1975895752126, 52.750762138538974, 332068.0864391392,      0.0, 332068.0864391392,   1.0
 -0.07508678780551829, 0.07349099226867349,  13.54052646812478, 56.80811463729076,  46.56053408442739,  0.3790349642071498, 317.1975895752126, 52.750762138538974, 351739.2314446375,      0.0, 351739.2314446375,   1.0
 -0.07508678780551829, 0.07349099226867349,  13.54052646812478, 56.80811463729076,  46.56053408442739,  0.3790349642071498, 316.1975895752126, 53.750762138538974,351572.61905486765,      0.0,351572.61905486765,   1.0
 -0.07508678780475384, 0.07349099226790361, 13.540526468132919,56.808114637294786,  46.56053408444913,  0.3790349642063988, 316.1975895752449, 52.750762138550805, 351612.9760584088,      0.0, 351612.9760584088,   1.0
   0.2999993999999999, 0.07349099226790361, 13.540526468132919,56.808114637294786,  46.56053408444913,  0.3790349642063988, 316.1975895752449, 52.750762138550805, 261557.9677510938,      0.0, 261557.9677510938,   1.0
 -0.07508678780475384,-0.29999939999999997, 13.540526468132919,56.808114637294786,  46.56053408444913,  0.3790349642063988, 316.1975895752449, 52.750762138550805,286387.17788942927,      0.0,286387.17788942927,   1.0
 -0.07508678780475384, 0.07349099226790361, 14.540526468132919,56.808114637294786,  46.56053408444913,  0.3790349642063988, 316.1975895752449, 52.750762138550805, 351767.7154651228,      0.0, 351767.7154651228,   1.0
 -0.07508678780475384, 0.07349099226790361, 13.540526468132919,57.808114637294786,  46.56053408444913,  0.3790349642063988, 316.1975895752449, 52.750762138550805, 351760.6817004855,      0.0, 351760.6817004855,   1.0
 -0.07508678780475384, 0.07349099226790361, 13.540526468132919,56.808114637294786,  47.56053408444913,  0.3790349642063988, 316.1975895752449, 52.750762138550805, 351563.0005786203,      0.0, 351563.0005786203,   1.0
 -0.07508678780475384, 0.07349099226790361, 13.540526468132919,56.808114637294786,  46.56053408444913, 0.02000057999999999, 316.1975895752449, 52.750762138550805, 332068.0864391392,      0.0, 332068.0864391392,   1.0
 -0.07508678780475384, 0.07349099226790361, 13.540526468132919,56.808114637294786,  46.56053408444913,  0.3790349642063988, 317.1975895752449, 52.750762138550805, 351739.2314446375,      0.0, 351739.2314446375,   1.0
 -0.07508678780475384, 0.07349099226790361, 13.540526468132919,56.808114637294786,  46.56053408444913,  0.3790349642063988, 316.1975895752449, 53.750762138550805,351572.61905486765,      0.0,351572.61905486765,   1.0
 -0.07508678780459249, 0.07349099226774113, 13.540526468134637, 56.80811463729564,  46.56053408445372,  0.3790349642062403, 316.1975895752517, 52.750762138553306, 351612.9760584088,      0.0, 351612.9760584088,   1.0
  0.29999939999999997, 0.07349099226774113, 13.540526468134637, 56.80811463729564,  46.56053408445372,  0.3790349642062403, 316.1975895752517, 52.750762138553306, 261557.9677510938,      0.0, 261557.9677510938,   1.0
 -0.07508678780459249,-0.29999939999999997, 13.540526468134637, 56.80811463729564,  46.56053408445372,  0.3790349642062403, 316.1975895752517, 52.750762138553306,286387.17788942927,      0.0,286387.17788942927,   1.0
 -0.07508678780459249, 0.07349099226774113, 14.540526468134637, 56.80811463729564,  46.56053408445372,  0.3790349642062403, 316.1975895752517, 52.750762138553306, 351767.7154651228,      0.0, 351767.7154651228,   1.0
 -0.07508678780459249, 0.07349099226774113, 13.540526468134637, 57.80811463729564,  46.56053408445372,  0.3790349642062403, 316.1975895752517, 52.750762138553306, 351760.6817004855,      0.0, 351760.6817004855,   1.0
 -0.07508678780459249, 0.07349099226774113, 13.540526468134637, 56.80811463729564,  47.56053408445372,  0.3790349642062403, 316.1975895752517, 52.750762138553306, 351563.0005786203,      0.0, 351563.0005786203,   1.0
 -0.07508678780459249, 0.07349099226774113, 13.540526468134637, 56.80811463729564,  46.56053408445372, 0.02000057999999999, 316.1975895752517, 52.750762138553306, 332068.0864391392,      0.0, 332068.0864391392,   1.0
 -0.07508678780459249, 0.07349099226774113, 13.540526468134637, 56.80811463729564,  46.56053408445372,  0.3790349642062403, 317.1975895752517, 52.750762138553306, 351739.2314446375,      0.0, 351739.2314446375,   1.0
 -0.07508678780459249, 0.07349099226774113, 13.540526468134637, 56.80811463729564,  46.56053408445372,  0.3790349642062403, 316.1975895752517, 53.750762138553306,351572.61905486765,      0.0,351572.61905486765,   1.0
 -0.07508678780469898, 0.07349099226784836, 13.540526468133503, 56.80811463729508, 46.560534084450694,  0.3790349642063449, 316.1975895752472,  52.75076213855166, 351612.9760584088,      0.0, 351612.9760584088,   1.0
  0.29999939999999997, 0.07349099226784836, 13.540526468133503, 56.80811463729508, 46.560534084450694,  0.3790349642063449, 316.1975895752472,  52.75076213855166, 261557.9677510938,      0.0, 261557.9677510938,   1.0
 -0.07508678780469898, -0.2999993999999999, 13.540526468133503, 56.80811463729508, 46.560534084450694,  0.3790349642063449, 316.1975895752472,  52.75076213855166,286387.17788942927,      0.0,286387.17788942927,   1.0
 -0.07508678780469898, 0.07349099226784836, 14.540526468133503, 56.80811463729508, 46.560534084450694,  0.3790349642063449, 316.1975895752472,  52.75076213855166, 351767.7154651228,      0.0, 351767.7154651228,   1.0
 -0.07508678780469898, 0.07349099226784836, 13.540526468133503, 57.80811463729508, 46.560534084450694,  0.3790349642063449, 316.1975895752472,  52.75076213855166, 351760.6817004855,      0.0, 351760.6817004855,   1.0
 -0.07508678780469898, 0.07349099226784836, 13.540526468133503, 56.80811463729508, 47.560534084450694,  0.3790349642063449, 316.1975895752472,  52.75076213855166, 351563.0005786203,      0.0, 351563.0005786203,   1.0
 -0.07508678780469898, 0.07349099226784836, 13.540526468133503, 56.80811463729508, 46.560534084450694, 0.02000057999999999, 316.1975895752472,  52.75076213855166, 332068.0864391392,      0.0, 332068.0864391392,   1.0
 -0.07508678780469898, 0.07349099226784836, 13.540526468133503, 56.80811463729508, 46.560534084450694,  0.3790349642063449, 317.1975895752472,  52.75076213855166, 351739.2314446375,      0.0, 351739.2314446375,   1.0
 -0.07508678780469898, 0.07349099226784836, 13.540526468133503, 56.80811463729508, 46.560534084450694,  0.3790349642063449, 316.1975895752472,  53.75076213855166,351572.61905486765,      0.0,351572.61905486765,   1.0
 -0.07508678780461496, 0.07349099226776376, 13.540526468134399, 56.80811463729552,  46.56053408445308, 0.37903496420626237,316.19758957525073,  52.75076213855296, 351612.9760584088,      0.0, 351612.9760584088,   1.0
  0.29999939999999997, 0.07349099226776376, 13.540526468134399, 56.80811463729552,  46.56053408445308, 0.37903496420626237,316.19758957525073,  52.75076213855296, 261557.9677510938,      0.0, 261557.9677510938,   1.0
 -0.07508678780461496, -0.2999993999999999, 13.540526468134399, 56.80811463729552,  46.56053408445308, 0.37903496420626237,316.19758957525073,  52.75076213855296,286387.17788942927,      0.0,286387.17788942927,   1.0
 -0.07508678780461496, 0.07349099226776376, 14.540526468134399, 56.80811463729552,  46.56053408445308, 0.37903496420626237,316.19758957525073,  52.75076213855296, 351767.7154651228,      0.0, 351767.7154651228,   1.0
 -0.07508678780461496, 0.07349099226776376, 13.540526468134399, 57.80811463729552,  46.56053408445308, 0.37903496420626237,316.19758957525073,  52.75076213855296, 351760.6817004855,      0.0, 351760.6817004855,   1.0
 -0.07508678780461496, 0.07349099226776376, 13.540526468134399, 56.80811463729552,  47.56053408445308, 0.37903496420626237,316.19758957525073,  52.75076213855296, 351563.0005786203,      0.0, 351563.0005786203,   1.0
 -0.07508678780461496, 0.07349099226776376, 13.540526468134399, 56.80811463729552,  46.56053408445308, 0.02000057999999999,316.19758957525073,  52.75076213855296, 332068.0864391392,      0.0, 332068.0864391392,   1.0
 -0.07508678780461496, 0.07349099226776376, 13.540526468134399, 56.80811463729552,  46.56053408445308, 0.37903496420626237,317.19758957525073,  52.75076213855296, 351739.2314446375,      0.0, 351739.2314446375,   1.0
 -0.07508678780461496, 0.07349099226776376, 13.540526468134399, 56.80811463729552,  46.56053408445308, 0.37903496420626237,316.19758957525073,  53.75076213855296,351572.61905486765,      0.0,351572.61905486765,   1.0
 -0.07508678780459721, 0.07349099226774587, 13.540526468134587, 56.80811463729561, 46.560534084453586, 0.37903496420624494,316.19758957525147, 52.750762138553235, 351612.9760584088,      0.0, 351612.9760584088,   1.0
  0.29999939999999997, 0.07349099226774587, 13.540526468134587, 56.80811463729561, 46.560534084453586, 0.37903496420624494,316.19758957525147, 52.750762138553235, 261557.9677510938,      0.0, 261557.9677510938,   1.0
 -0.07508678780459721,-0.29999939999999997, 13.540526468134587, 56.80811463729561, 46.560534084453586, 0.37903496420624494,316.19758957525147, 52.750762138553235,286387.17788942927,      0.0,286387.17788942927,   1.0
 -0.07508678780459721, 0.07349099226774587, 14.540526468134587, 56.80811463729561, 46.560534084453586, 0.37903496420624494,316.19758957525147, 52.750762138553235, 351767.7154651228,      0.0, 351767.7154651228,   1.0
 -0.07508678780459721, 0.07349099226774587, 13.540526468134587, 57.80811463729561, 46.560534084453586, 0.37903496420624494,316.19758957525147, 52.750762138553235, 351760.6817004855,      0.0, 351760.6817004855,   1.0
 -0.07508678780459721, 0.07349099226774587, 13.540526468134587, 56.80811463729561, 47.560534084453586, 0.37903496420624494,316.19758957525147, 52.750762138553235, 351563.0005786203,      0.0, 351563.0005786203,   1.0
 -0.07508678780459721, 0.07349099226774587, 13.540526468134587, 56.80811463729561, 46.560534084453586, 0.02000057999999999,316.19758957525147, 52.750762138553235, 332068.0864391392,      0.0, 332068.0864391392,   1.0
 -0.07508678780459721, 0.07349099226774587, 13.540526468134587, 56.80811463729561, 46.560534084453586, 0.37903496420624494,317.19758957525147, 52.750762138553235, 351739.2314446375,      0.0, 351739.2314446375,   1.0
 -0.07508678780459721, 0.07349099226774587, 13.540526468134587, 56.80811463729561, 46.560534084453586, 0.37903496420624494,316.19758957525147, 53.750762138553235,351572.61905486765,      0.0,351572.61905486765,   1.0
 -0.29999939999999997, 0.29999939999999997,           59.99988,          79.99994,-53.390425447890536,          0.59999942,         499.99955,           5.000115,174160.68884325813,      0.0,174160.68884325813,   1.0
  0.29999939999999997, 0.29999939999999997,           59.99988,          79.99994,-53.390425447890536,          0.59999942,         499.99955,           5.000115,247635.95802375933,      0.0,247635.95802375933,   1.0
 -0.29999939999999997,-0.29999939999999997,           59.99988,          79.99994,-53.390425447890536,          0.59999942,         499.99955,           5.000115,233994.63928579268,      0.0,233994.63928579268,   1.0
 -0.29999939999999997, 0.29999939999999997,           58.99988,          79.99994,-53.390425447890536,          0.59999942,         499.99955,           5.000115,173596.63760204724,      0.0,173596.63760204724,   1.0
 -0.29999939999999997, 0.29999939999999997,           59.99988,          78.99994,-53.390425447890536,          0.59999942,         499.99955,           5.000115,168739.39047338022,      0.0,168739.39047338022,   1.0
 -0.29999939999999997, 0.29999939999999997,           59.99988,          79.99994,-52.390425447890536,          0.59999942,         499.99955,           5.000115, 173629.1953246172,      0.0, 173629.1953246172,   1.0
 -0.29999939999999997, 0.29999939999999997,           59.99988,          79.99994,-53.390425447890536,0.020000580000000046,         499.99955,           5.000115,146722.97981408262,      0.0,146722.97981408262,   1.0
 -0.29999939999999997, 0.29999939999999997,           59.99988,          79.99994,-53.390425447890536,          0.59999942,         498.99955,           5.000115,174265.63762234518,      0.0,174265.63762234518,   1.0
 -0.29999939999999997, 0.29999939999999997,           59.99988,          79.99994,-53.390425447890536,          0.59999942,         499.99955,           6.000115, 174629.6413449021,      0.0, 174629.6413449021,   1.0
   -0.094004071326957,   0.092542497327616, 17.448198672245653, 58.75876707739639,  38.15371055707111, 0.39762017033502706,331.65707743317637, 48.734479896838316, 350326.7069837243,      0.0, 350326.7069837243,   1.0
  0.29999939999999997,   0.092542497327616, 17.448198672245653, 58.75876707739639,  38.15371055707111, 0.39762017033502706,331.65707743317637, 48.734479896838316,257376.40349400957,      0.0,257376.40349400957,   1.0
   -0.094004071326957,-0.29999939999999997, 17.448198672245653, 58.75876707739639,  38.15371055707111, 0.39762017033502706,331.65707743317637, 48.734479896838316,260218.11542975678,      0.0,260218.11542975678,   1.0
   -0.094004071326957,   0.092542497327616, 18.448198672245653, 58.75876707739639,  38.15371055707111, 0.39762017033502706,331.65707743317637, 48.734479896838316, 350643.9630345073,      0.0, 350643.9630345073,   1.0
   -0.094004071326957,   0.092542497327616, 17.448198672245653, 59.75876707739639,  38.15371055707111, 0.39762017033502706,331.65707743317637, 48.734479896838316,350192.77925360145,      0.0,350192.77925360145,   1.0
   -0.094004071326957,   0.092542497327616, 17.448198672245653, 58.75876707739639,  39.15371055707111, 0.39762017033502706,331.65707743317637, 48.734479896838316,  350657.853179381,      0.0,  350657.853179381,   1.0
   -0.094004071326957,   0.092542497327616, 17.448198672245653, 58.75876707739639,  38.15371055707111, 0.02000057999999999,331.65707743317637, 48.734479896838316,328452.96354086744,      0.0,328452.96354086744,   1.0
   -0.094004071326957,   0.092542497327616, 17.448198672245653, 58.75876707739639,  38.15371055707111, 0.39762017033502706,332.65707743317637, 48.734479896838316,350436.67369887605,      0.0,350436.67369887605,   1.0
   -0.094004071326957,   0.092542497327616, 17.448198672245653, 58.75876707739639,  38.15371055707111, 0.39762017033502706,331.65707743317637, 49.734479896838316, 350371.3872644562,      0.0, 350371.3872644562,   1.0
 -0.07887340311361885, 0.07730447429513837, 14.322713370043257,57.198570824285355,  44.87776569798285,  0.3827551085898393, 319.2920684058871,  51.94683509458858, 351591.9967319798,      0.0, 351591.9967319798,   1.0
  0.29999939999999997, 0.07730447429513837, 14.322713370043257,57.198570824285355,  44.87776569798285,  0.3827551085898393, 319.2920684058871,  51.94683509458858,260734.26569658946,      0.0,260734.26569658946,   1.0
 -0.07887340311361885,-0.29999939999999997, 14.322713370043257,57.198570824285355,  44.87776569798285,  0.3827551085898393, 319.2920684058871,  51.94683509458858,281648.45807974954,      0.0,281648.45807974954,   1.0
 -0.07887340311361885, 0.07730447429513837, 15.322713370043257,57.198570824285355,  44.87776569798285,  0.3827551085898393, 319.2920684058871,  51.94683509458858,351791.64446193737,      0.0,351791.64446193737,   1.0
 -0.07887340311361885, 0.07730447429513837, 14.322713370043257,58.198570824285355,  44.87776569798285,  0.3827551085898393, 319.2920684058871,  51.94683509458858,  351624.520493574,      0.0,  351624.520493574,   1.0
 -0.07887340311361885, 0.07730447429513837, 14.322713370043257,57.198570824285355,  45.87776569798285,  0.3827551085898393, 319.2920684058871,  51.94683509458858,351663.74241782277,      0.0,351663.74241782277,   1.0
 -0.07887340311361885, 0.07730447429513837, 14.322713370043257,57.198570824285355,  44.87776569798285, 0.02000057999999999, 319.2920684058871,  51.94683509458858, 332274.5101484115,      0.0, 332274.5101484115,   1.0
 -0.07887340311361885, 0.07730447429513837, 14.322713370043257,57.198570824285355,  44.87776569798285,  0.3827551085898393, 320.2920684058871,  51.94683509458858,351748.00374293386,      0.0,351748.00374293386,   1.0
 -0.07887340311361885, 0.07730447429513837, 14.322713370043257,57.198570824285355,  44.87776569798285,  0.3827551085898393, 319.2920684058871,  52.94683509458858, 351583.7202581358,      0.0, 351583.7202581358,   1.0
 -0.07589216687114708, 0.07430208564398844, 13.706890596927089,56.891161161370206,   46.2026243625059, 0.37982620550396845, 316.8557574293402,  52.57977407680639,351681.30009630247,      0.0,351681.30009630247,   1.0
  0.29999939999999997, 0.07430208564398844, 13.706890596927089,56.891161161370206,   46.2026243625059, 0.37982620550396845, 316.8557574293402,  52.57977407680639,261215.30385372997,      0.0,261215.30385372997,   1.0
 -0.07589216687114708,-0.29999939999999997, 13.706890596927089,56.891161161370206,   46.2026243625059, 0.37982620550396845, 316.8557574293402,  52.57977407680639,285530.29690905655,      0.0,285530.29690905655,   1.0
 -0.07589216687114708, 0.07430208564398844, 14.706890596927089,56.891161161370206,   46.2026243625059, 0.37982620550396845, 316.8557574293402,  52.57977407680639,351857.01832495275,      0.0,351857.01832495275,   1.0
 -0.07589216687114708, 0.07430208564398844, 13.706890596927089,57.891161161370206,   46.2026243625059, 0.37982620550396845, 316.8557574293402,  52.57977407680639, 351808.0642689278,      0.0, 351808.0642689278,   1.0
 -0.07589216687114708, 0.07430208564398844, 13.706890596927089,56.891161161370206,   47.2026243625059, 0.37982620550396845, 316.8557574293402,  52.57977407680639, 351526.5187636517,      0.0, 351526.5187636517,   1.0
 -0.07589216687114708, 0.07430208564398844, 13.706890596927089,56.891161161370206,   46.2026243625059, 0.02000057999999999, 316.8557574293402,  52.57977407680639, 331884.3992339341,      0.0, 331884.3992339341,   1.0
 -0.07589216687114708, 0.07430208564398844, 13.706890596927089,56.891161161370206,   46.2026243625059, 0.37982620550396845, 317.8557574293402,  52.57977407680639, 351836.2747409583,      0.0, 351836.2747409583,   1.0
 -0.07589216687114708, 0.07430208564398844, 13.706890596927089,56.891161161370206,   46.2026243625059, 0.37982620550396845, 316.8557574293402,  53.57977407680639, 351644.7163109357,      0.0, 351644.7163109357,   1.0
 -0.07652242343215514, 0.07493681398893652, 13.837080327497665, 56.95614995836971,    45.922538922168, 0.38044539842807445,  317.370812544983,  52.44596584632218, 351777.7141543003,      0.0, 351777.7141543003,   1.0
  0.29999939999999997, 0.07493681398893652, 13.837080327497665, 56.95614995836971,    45.922538922168, 0.38044539842807445,  317.370812544983,  52.44596584632218,261180.64177512302,      0.0,261180.64177512302,   1.0
 -0.07652242343215514,-0.29999939999999997, 13.837080327497665, 56.95614995836971,    45.922538922168, 0.38044539842807445,  317.370812544983,  52.44596584632218,284735.22784985846,      0.0,284735.22784985846,   1.0
 -0.07652242343215514, 0.07493681398893652, 14.837080327497665, 56.95614995836971,    45.922538922168, 0.38044539842807445,  317.370812544983,  52.44596584632218, 351968.1096291141,      0.0, 351968.1096291141,   1.0
 -0.07652242343215514, 0.07493681398893652, 13.837080327497665, 57.95614995836971,    45.922538922168, 0.38044539842807445,  317.370812544983,  52.44596584632218,351713.62464442407,      0.0,351713.62464442407,   1.0
 -0.07652242343215514, 0.07493681398893652, 13.837080327497665, 56.95614995836971,    46.922538922168, 0.38044539842807445,  317.370812544983,  52.44596584632218, 351680.4526303144,      0.0, 351680.4526303144,   1.0
 -0.07652242343215514, 0.07493681398893652, 13.837080327497665, 56.95614995836971,    45.922538922168, 0.02000057999999999,  317.370812544983,  52.44596584632218,331924.01535671053,      0.0,331924.01535671053,   1.0
 -0.07652242343215514, 0.07493681398893652, 13.837080327497665, 56.95614995836971,    45.922538922168, 0.38044539842807445,  318.370812544983,  52.44596584632218, 351932.5753068746,      0.0, 351932.5753068746,   1.0
 -0.07652242343215514, 0.07493681398893652, 13.837080327497665, 56.95614995836971,    45.922538922168, 0.38044539842807445,  317.370812544983,  53.44596584632218, 351771.0407801628,      0.0, 351771.0407801628,   1.0
 -0.07807407002192118, 0.07649946979102974, 14.157598135577755, 57.11614772987404,   45.2329885942058, 0.38196980713483925, 318.6388414131797, 52.116539550178004, 351664.0148263277,      0.0, 351664.0148263277,   1.0
  0.29999939999999997, 0.07649946979102974, 14.157598135577755, 57.11614772987404,   45.2329885942058, 0.38196980713483925, 318.6388414131797, 52.116539550178004,260896.58891291358,      0.0,260896.58891291358,   1.0
 -0.07807407002192118,-0.29999939999999997, 14.157598135577755, 57.11614772987404,   45.2329885942058, 0.38196980713483925, 318.6388414131797, 52.116539550178004, 282659.4939003456,      0.0, 282659.4939003456,   1.0
 -0.07807407002192118, 0.07649946979102974, 15.157598135577755, 57.11614772987404,   45.2329885942058, 0.38196980713483925, 318.6388414131797, 52.116539550178004,351865.83224690973,      0.0,351865.83224690973,   1.0
 -0.07807407002192118, 0.07649946979102974, 14.157598135577755, 58.11614772987404,   45.2329885942058, 0.38196980713483925, 318.6388414131797, 52.116539550178004, 351721.2947968638,      0.0, 351721.2947968638,   1.0
 -0.07807407002192118, 0.07649946979102974, 14.157598135577755, 57.11614772987404,   46.2329885942058, 0.38196980713483925, 318.6388414131797, 52.116539550178004, 351853.0000173058,      0.0, 351853.0000173058,   1.0
 -0.07807407002192118, 0.07649946979102974, 14.157598135577755, 57.11614772987404,   45.2329885942058, 0.02000057999999999, 318.6388414131797, 52.116539550178004,  332177.690084024,      0.0,  332177.690084024,   1.0
 -0.07807407002192118, 0.07649946979102974, 14.157598135577755, 57.11614772987404,   45.2329885942058, 0.38196980713483925, 319.6388414131797, 52.116539550178004, 351787.2242949973,      0.0, 351787.2242949973,   1.0
 -0.07807407002192118, 0.07649946979102974, 14.157598135577755, 57.11614772987404,   45.2329885942058, 0.38196980713483925, 318.6388414131797, 53.116539550178004,351624.13970771496,      0.0,351624.13970771496,   1.0
 -0.29999939999999997, 0.29999939999999997,  18.75387560469582,  59.4094379178959,  35.34998966023737,          0.59999942,336.81834183749777,  47.39358044745678, 316101.0165354607,      0.0, 316101.0165354607,   1.0
  0.29999939999999997, 0.29999939999999997,  18.75387560469582,  59.4094379178959,  35.34998966023737,          0.59999942,336.81834183749777,  47.39358044745678,225386.32691912795,      0.0,225386.32691912795,   1.0
 -0.29999939999999997,-0.29999939999999997,  18.75387560469582,  59.4094379178959,  35.34998966023737,          0.59999942,336.81834183749777,  47.39358044745678,242235.56865127623,      0.0,242235.56865127623,   1.0
 -0.29999939999999997, 0.29999939999999997,  19.75387560469582,  59.4094379178959,  35.34998966023737,          0.59999942,336.81834183749777,  47.39358044745678,316556.21196504345,      0.0,316556.21196504345,   1.0
 -0.29999939999999997, 0.29999939999999997,  18.75387560469582,  60.4094379178959,  35.34998966023737,          0.59999942,336.81834183749777,  47.39358044745678,315892.09594136884,      0.0,315892.09594136884,   1.0
 -0.29999939999999997, 0.29999939999999997,  18.75387560469582,  59.4094379178959,  36.34998966023737,          0.59999942,336.81834183749777,  47.39358044745678, 316796.5037123982,      0.0, 316796.5037123982,   1.0
 -0.29999939999999997, 0.29999939999999997,  18.75387560469582,  59.4094379178959,  35.34998966023737,0.020000580000000046,336.81834183749777,  47.39358044745678,331438.10645814514,      0.0,331438.10645814514,   1.0
 -0.29999939999999997, 0.29999939999999997,  18.75387560469582,  59.4094379178959,  35.34998966023737,          0.59999942,337.81834183749777,  47.39358044745678, 316259.0387704765,      0.0, 316259.0387704765,   1.0
 -0.29999939999999997, 0.29999939999999997,  18.75387560469582,  59.4094379178959,  35.34998966023737,          0.59999942,336.81834183749777,  48.39358044745678, 317051.8165737296,      0.0, 317051.8165737296,   1.0
 -0.11640847192324452, 0.11510586118580511, 14.951538817196088,57.512280554156305,  43.52584298283048, 0.41963128005813555, 321.7790880704672,   51.3007164423556, 346338.8066118024,      0.0, 346338.8066118024,   1.0
   0.2999993999999999, 0.11510586118580511, 14.951538817196088,57.512280554156305,  43.52584298283048, 0.41963128005813555, 321.7790880704672,   51.3007164423556,254172.78596118765,      0.0,254172.78596118765,   1.0
 -0.11640847192324452,-0.29999939999999997, 14.951538817196088,57.512280554156305,  43.52584298283048, 0.41963128005813555, 321.7790880704672,   51.3007164423556, 270981.1474599391,      0.0, 270981.1474599391,   1.0
 -0.11640847192324452, 0.11510586118580511, 15.951538817196088,57.512280554156305,  43.52584298283048, 0.41963128005813555, 321.7790880704672,   51.3007164423556,346554.72920148197,      0.0,346554.72920148197,   1.0
 -0.11640847192324452, 0.11510586118580511, 14.951538817196088,58.512280554156305,  43.52584298283048, 0.41963128005813555, 321.7790880704672,   51.3007164423556, 346387.4094117589,      0.0, 346387.4094117589,   1.0
 -0.11640847192324452, 0.11510586118580511, 14.951538817196088,57.512280554156305,  44.52584298283048, 0.41963128005813555, 321.7790880704672,   51.3007164423556, 346508.7872020843,      0.0, 346508.7872020843,   1.0
 -0.11640847192324452, 0.11510586118580511, 14.951538817196088,57.512280554156305,  43.52584298283048, 0.02000057999999999, 321.7790880704672,   51.3007164423556,340498.99213673937,      0.0,340498.99213673937,   1.0
 -0.11640847192324452, 0.11510586118580511, 14.951538817196088,57.512280554156305,  43.52584298283048, 0.41963128005813555, 322.7790880704672,   51.3007164423556, 346517.7552490298,      0.0, 346517.7552490298,   1.0
 -0.11640847192324452, 0.11510586118580511, 14.951538817196088,57.512280554156305,  43.52584298283048, 0.41963128005813555, 321.7790880704672,   52.3007164423556,346455.87147575716,      0.0,346455.87147575716,   1.0
 -0.08414062904101414, 0.08260907214020641,   14.2832421462785,57.178837195177145, 44.962826570229204, 0.38792987268701007,319.13579690840254,  51.98743256566095, 350687.4440438426,      0.0, 350687.4440438426,   1.0
  0.29999939999999997, 0.08260907214020641,   14.2832421462785,57.178837195177145, 44.962826570229204, 0.38792987268701007,319.13579690840254,  51.98743256566095, 260085.1033859938,      0.0, 260085.1033859938,   1.0
 -0.08414062904101414,-0.29999939999999997,   14.2832421462785,57.178837195177145, 44.962826570229204, 0.38792987268701007,319.13579690840254,  51.98743256566095, 280829.6714982859,      0.0, 280829.6714982859,   1.0
 -0.08414062904101414, 0.08260907214020641,   15.2832421462785,57.178837195177145, 44.962826570229204, 0.38792987268701007,319.13579690840254,  51.98743256566095,350915.87954144774,      0.0,350915.87954144774,   1.0
 -0.08414062904101414, 0.08260907214020641,   14.2832421462785,58.178837195177145, 44.962826570229204, 0.38792987268701007,319.13579690840254,  51.98743256566095,350815.07011930674,      0.0,350815.07011930674,   1.0
 -0.08414062904101414, 0.08260907214020641,   14.2832421462785,57.178837195177145, 45.962826570229204, 0.38792987268701007,319.13579690840254,  51.98743256566095,350738.55525335565,      0.0,350738.55525335565,   1.0
 -0.08414062904101414, 0.08260907214020641,   14.2832421462785,57.178837195177145, 44.962826570229204, 0.02000057999999999,319.13579690840254,  51.98743256566095, 334356.5265480178,      0.0, 334356.5265480178,   1.0
 -0.08414062904101414, 0.08260907214020641,   14.2832421462785,57.178837195177145, 44.962826570229204, 0.38792987268701007,320.13579690840254,  51.98743256566095, 350829.7260115978,      0.0, 350829.7260115978,   1.0
 -0.08414062904101414, 0.08260907214020641,   14.2832421462785,57.178837195177145, 44.962826570229204, 0.38792987268701007,319.13579690840254,  52.98743256566095,  350673.957841262,      0.0,  350673.957841262,   1.0
 -0.07896649927300992, 0.07739823098856623, 14.176081165252494, 57.12536974723108,   45.1932460495489,   0.382846570522523,318.71194671373485,  52.09754709512395, 351544.0078307924,      0.0, 351544.0078307924,   1.0
  0.29999939999999997, 0.07739823098856623, 14.176081165252494, 57.12536974723108,   45.1932460495489,   0.382846570522523,318.71194671373485,  52.09754709512395, 260709.6815269288,      0.0, 260709.6815269288,   1.0
 -0.07896649927300992,-0.29999939999999997, 14.176081165252494, 57.12536974723108,   45.1932460495489,   0.382846570522523,318.71194671373485,  52.09754709512395, 282379.3695901061,      0.0, 282379.3695901061,   1.0
 -0.07896649927300992, 0.07739823098856623, 15.176081165252494, 57.12536974723108,   45.1932460495489,   0.382846570522523,318.71194671373485,  52.09754709512395,351726.15613666794,      0.0,351726.15613666794,   1.0
 -0.07896649927300992, 0.07739823098856623, 14.176081165252494, 58.12536974723108,   45.1932460495489,   0.382846570522523,318.71194671373485,  52.09754709512395,351536.49175627914,      0.0,351536.49175627914,   1.0
 -0.07896649927300992, 0.07739823098856623, 14.176081165252494, 57.12536974723108,   46.1932460495489,   0.382846570522523,318.71194671373485,  52.09754709512395,351547.58175902563,      0.0,351547.58175902563,   1.0
 -0.07896649927300992, 0.07739823098856623, 14.176081165252494, 57.12536974723108,   45.1932460495489, 0.02000057999999999,318.71194671373485,  52.09754709512395,332555.15884499834,      0.0,332555.15884499834,   1.0
 -0.07896649927300992, 0.07739823098856623, 14.176081165252494, 57.12536974723108,   45.1932460495489,   0.382846570522523,319.71194671373485,  52.09754709512395, 351677.7739232088,      0.0, 351677.7739232088,   1.0
 -0.07896649927300992, 0.07739823098856623, 14.176081165252494, 57.12536974723108,   45.1932460495489,   0.382846570522523,318.71194671373485,  53.09754709512395, 351527.4040190218,      0.0, 351527.4040190218,   1.0
 -0.07821128899116289, 0.07663766235359977, 14.160440066495346,57.117565697421064,  45.22687782295283,  0.3821046173376425,318.65008200617467,  52.11361929055775,  351636.433858183,      0.0,  351636.433858183,   1.0
   0.2999993999999999, 0.07663766235359977, 14.160440066495346,57.117565697421064,  45.22687782295283,  0.3821046173376425,318.65008200617467,  52.11361929055775, 260858.4470436534,      0.0, 260858.4470436534,   1.0
 -0.07821128899116289,-0.29999939999999997, 14.160440066495346,57.117565697421064,  45.22687782295283,  0.3821046173376425,318.65008200617467,  52.11361929055775,282579.76357201044,      0.0,282579.76357201044,   1.0
 -0.07821128899116289, 0.07663766235359977, 15.160440066495346,57.117565697421064,  45.22687782295283,  0.3821046173376425,318.65008200617467,  52.11361929055775, 351843.0331904095,      0.0, 351843.0331904095,   1.0
 -0.07821128899116289, 0.07663766235359977, 14.160440066495346,58.117565697421064,  45.22687782295283,  0.3821046173376425,318.65008200617467,  52.11361929055775,  351647.858294397,      0.0,  351647.858294397,   1.0
 -0.07821128899116289, 0.07663766235359977, 14.160440066495346,57.117565697421064,  46.22687782295283,  0.3821046173376425,318.65008200617467,  52.11361929055775, 351795.2628369099,      0.0, 351795.2628369099,   1.0
 -0.07821128899116289, 0.07663766235359977, 14.160440066495346,57.117565697421064,  45.22687782295283, 0.02000057999999999,318.65008200617467,  52.11361929055775, 332153.6727174388,      0.0, 332153.6727174388,   1.0
 -0.07821128899116289, 0.07663766235359977, 14.160440066495346,57.117565697421064,  45.22687782295283,  0.3821046173376425,319.65008200617467,  52.11361929055775, 351776.1811904982,      0.0, 351776.1811904982,   1.0
 -0.07821128899116289, 0.07663766235359977, 14.160440066495346,57.117565697421064,  45.22687782295283,  0.3821046173376425,318.65008200617467,  53.11361929055775,351618.71092805825,      0.0,351618.71092805825,   1.0
 -0.07809277351046984, 0.07651830598420202, 14.157985502008701, 57.11634100446227,  45.23215567190078,  0.3819881822989897, 318.6403735504893,   52.1161415072349, 351658.6978625554,      0.0, 351658.6978625554,   1.0
  0.29999939999999997, 0.07651830598420202, 14.157985502008701, 57.11634100446227,  45.23215567190078,  0.3819881822989897, 318.6403735504893,   52.1161415072349,260895.94144518895,      0.0,260895.94144518895,   1.0
 -0.07809277351046984,-0.29999939999999997, 14.157985502008701, 57.11634100446227,  45.23215567190078,  0.3819881822989897, 318.6403735504893,   52.1161415072349,282662.24815950094,      0.0,282662.24815950094,   1.0
 -0.07809277351046984, 0.07651830598420202, 15.157985502008701, 57.11634100446227,  45.23215567190078,  0.3819881822989897, 318.6403735504893,   52.1161415072349,351867.29328406247,      0.0,351867.29328406247,   1.0
 -0.07809277351046984, 0.07651830598420202, 14.157985502008701, 58.11634100446227,  45.23215567190078,  0.3819881822989897, 318.6403735504893,   52.1161415072349, 351678.1653919166,      0.0, 351678.1653919166,   1.0
 -0.07809277351046984, 0.07651830598420202, 14.157985502008701, 57.11634100446227,  46.23215567190078,  0.3819881822989897, 318.6403735504893,   52.1161415072349, 351844.9443381277,      0.0, 351844.9443381277,   1.0
 -0.07809277351046984, 0.07651830598420202, 14.157985502008701, 57.11634100446227,  45.23215567190078, 0.02000057999999999, 318.6403735504893,   52.1161415072349, 332177.8107993184,      0.0, 332177.8107993184,   1.0
 -0.07809277351046984, 0.07651830598420202, 14.157985502008701, 57.11634100446227,  45.23215567190078,  0.3819881822989897, 319.6403735504893,   52.1161415072349, 351788.4324913636,      0.0, 351788.4324913636,   1.0
 -0.07809277351046984, 0.07651830598420202, 14.157985502008701, 57.11634100446227,  45.23215567190078,  0.3819881822989897, 318.6403735504893,   53.1161415072349, 351626.6646296255,      0.0, 351626.6646296255,   1.0
  -0.0780763011045614, 0.07650171670360358, 14.157644343348954,57.116170785015726,  45.23288923742054, 0.38197199905265394,318.63902417721033,  52.11649206883793, 351664.0170655672,      0.0, 351664.0170655672,   1.0
   0.2999993999999999, 0.07650171670360358, 14.157644343348954,57.116170785015726,  45.23288923742054, 0.38197199905265394,318.63902417721033,  52.11649206883793, 260896.6576922314,      0.0, 260896.6576922314,   1.0
  -0.0780763011045614,-0.29999939999999997, 14.157644343348954,57.116170785015726,  45.23288923742054, 0.38197199905265394,318.63902417721033,  52.11649206883793, 282659.4746413728,      0.0, 282659.4746413728,   1.0
  -0.0780763011045614, 0.07650171670360358, 15.157644343348954,57.116170785015726,  45.23288923742054, 0.38197199905265394,318.63902417721033,  52.11649206883793,351865.88420307107,      0.0,351865.88420307107,   1.0
  -0.0780763011045614, 0.07650171670360358, 14.157644343348954,58.116170785015726,  45.23288923742054, 0.38197199905265394,318.63902417721033,  52.11649206883793,351721.25673395855,      0.0,351721.25673395855,   1.0
  -0.0780763011045614, 0.07650171670360358, 14.157644343348954,57.116170785015726,  46.23288923742054, 0.38197199905265394,318.63902417721033,  52.11649206883793, 351852.8705876322,      0.0, 351852.8705876322,   1.0
  -0.0780763011045614, 0.07650171670360358, 14.157644343348954,57.116170785015726,  45.23288923742054, 0.02000057999999999,318.63902417721033,  52.11649206883793, 332177.4103731597,      0.0, 332177.4103731597,   1.0
  -0.0780763011045614, 0.07650171670360358, 14.157644343348954,57.116170785015726,  45.23288923742054, 0.38197199905265394,319.63902417721033,  52.11649206883793, 351787.2313230043,      0.0, 351787.2313230043,   1.0
  -0.0780763011045614, 0.07650171670360358, 14.157644343348954,57.116170785015726,  45.23288923742054, 0.38197199905265394,318.63902417721033,  53.11649206883793, 351624.1799682712,      0.0, 351624.1799682712,   1.0
 -0.07807815827201459,  0.0765035870479947,  14.15768280699311,57.116189976263065,  45.23280653219729,   0.381973823619056, 318.6391763111578,  52.11645254506689, 351664.0746955497,      0.0, 351664.0746955497,   1.0
  0.29999939999999997,  0.0765035870479947,  14.15768280699311,57.116189976263065,  45.23280653219729,   0.381973823619056, 318.6391763111578,  52.11645254506689,260897.06401103825,      0.0,260897.06401103825,   1.0
 -0.07807815827201459,-0.29999939999999997,  14.15768280699311,57.116189976263065,  45.23280653219729,   0.381973823619056, 318.6391763111578,  52.11645254506689, 282659.6450919841,      0.0, 282659.6450919841,   1.0
 -0.07807815827201459,  0.0765035870479947,  15.15768280699311,57.116189976263065,  45.23280653219729,   0.381973823619056, 318.6391763111578,  52.11645254506689, 351865.9003634476,      0.0, 351865.9003634476,   1.0
 -0.07807815827201459,  0.0765035870479947,  14.15768280699311,58.116189976263065,  45.23280653219729,   0.381973823619056, 318.6391763111578,  52.11645254506689, 351710.1895203034,      0.0, 351710.1895203034,   1.0
 -0.07807815827201459,  0.0765035870479947,  14.15768280699311,57.116189976263065,  46.23280653219729,   0.381973823619056, 318.6391763111578,  52.11645254506689,351853.07250148203,      0.0,351853.07250148203,   1.0
 -0.07807815827201459,  0.0765035870479947,  14.15768280699311,57.116189976263065,  45.23280653219729, 0.02000057999999999, 318.6391763111578,  52.11645254506689, 332177.3975993313,      0.0, 332177.3975993313,   1.0
 -0.07807815827201459,  0.0765035870479947,  14.15768280699311,57.116189976263065,  45.23280653219729,   0.381973823619056, 319.6391763111578,  52.11645254506689, 351786.5261981594,      0.0, 351786.5261981594,   1.0
 -0.07807815827201459,  0.0765035870479947,  14.15768280699311,57.116189976263065,  45.23280653219729,   0.381973823619056, 318.6391763111578,  53.11645254506689,351624.18600302964,      0.0,351624.18600302964,   1.0
 -0.07808546589124221, 0.07651094651609835, 14.157834154500906,57.116265490362665, 45.232481102049036,  0.3819810029590229, 318.6397749308236, 52.116297026150896, 351657.9427106279,      0.0, 351657.9427106279,   1.0
  0.29999939999999997, 0.07651094651609835, 14.157834154500906,57.116265490362665, 45.232481102049036,  0.3819810029590229, 318.6397749308236, 52.116297026150896,260897.14030905554,      0.0,260897.14030905554,   1.0
 -0.07808546589124221,-0.29999939999999997, 14.157834154500906,57.116265490362665, 45.232481102049036,  0.3819810029590229, 318.6397749308236, 52.116297026150896,282659.56502599735,      0.0,282659.56502599735,   1.0
 -0.07808546589124221, 0.07651094651609835, 15.157834154500906,57.116265490362665, 45.232481102049036,  0.3819810029590229, 318.6397749308236, 52.116297026150896,351867.24450995895,      0.0,351867.24450995895,   1.0
 -0.07808546589124221, 0.07651094651609835, 14.157834154500906,58.116265490362665, 45.232481102049036,  0.3819810029590229, 318.6397749308236, 52.116297026150896, 351681.3081564983,      0.0, 351681.3081564983,   1.0
 -0.07808546589124221, 0.07651094651609835, 14.157834154500906,57.116265490362665, 46.232481102049036,  0.3819810029590229, 318.6397749308236, 52.116297026150896,351845.94831704925,      0.0,351845.94831704925,   1.0
 -0.07808546589124221, 0.07651094651609835, 14.157834154500906,57.116265490362665, 45.232481102049036, 0.02000057999999999, 318.6397749308236, 52.116297026150896,332177.30964079004,      0.0,332177.30964079004,   1.0
 -0.07808546589124221, 0.07651094651609835, 14.157834154500906,57.116265490362665, 45.232481102049036,  0.3819810029590229, 319.6397749308236, 52.116297026150896,351788.39539820864,      0.0,351788.39539820864,   1.0
 -0.07808546589124221, 0.07651094651609835, 14.157834154500906,57.116265490362665, 45.232481102049036,  0.3819810029590229, 318.6397749308236, 53.116297026150896, 351626.2810081998,      0.0, 351626.2810081998,   1.0
 -0.07807863527575276,  0.0765040674361604, 14.157692686178757,57.116194905434476, 45.232785289793654,  0.3819742922493849, 318.6392153859658,  52.11644239359321, 351664.0746955497,      0.0, 351664.0746955497,   1.0
  0.29999939999999997,  0.0765040674361604, 14.157692686178757,57.116194905434476, 45.232785289793654,  0.3819742922493849, 318.6392153859658,  52.11644239359321,260897.06401103825,      0.0,260897.06401103825,   1.0
 -0.07807863527575276,-0.29999939999999997, 14.157692686178757,57.116194905434476, 45.232785289793654,  0.3819742922493849, 318.6392153859658,  52.11644239359321, 282659.6450919841,      0.0, 282659.6450919841,   1.0
 -0.07807863527575276,  0.0765040674361604, 15.157692686178757,57.116194905434476, 45.232785289793654,  0.3819742922493849, 318.6392153859658,  52.11644239359321, 351865.9003634476,      0.0, 351865.9003634476,   1.0
 -0.07807863527575276,  0.0765040674361604, 14.157692686178757,58.116194905434476, 45.232785289793654,  0.3819742922493849, 318.6392153859658,  52.11644239359321, 351710.1895203034,      0.0, 351710.1895203034,   1.0
 -0.07807863527575276,  0.0765040674361604, 14.157692686178757,57.116194905434476, 46.232785289793654,  0.3819742922493849, 318.6392153859658,  52.11644239359321,351853.07250148203,      0.0,351853.07250148203,   1.0
 -0.07807863527575276,  0.0765040674361604, 14.157692686178757,57.116194905434476, 45.232785289793654, 0.02000057999999999, 318.6392153859658,  52.11644239359321, 332177.3975993313,      0.0, 332177.3975993313,   1.0
 -0.07807863527575276,  0.0765040674361604, 14.157692686178757,57.116194905434476, 45.232785289793654,  0.3819742922493849, 319.6392153859658,  52.11644239359321, 351786.5256710106,      0.0, 351786.5256710106,   1.0
 -0.07807863527575276,  0.0765040674361604, 14.157692686178757,57.116194905434476, 45.232785289793654,  0.3819742922493849, 318.6392153859658,  53.11644239359321, 351624.1928548911,      0.0, 351624.1928548911,   1.0
  -0.0780831434819758, 0.07650860762891945, 14.157786055271375, 57.11624149148708,  45.23258452588221, 0.38197872131774596,318.63958468557195, 52.116346451081284, 351660.6379683809,      0.0, 351660.6379683809,   1.0
  0.29999939999999997, 0.07650860762891945, 14.157786055271375, 57.11624149148708,  45.23258452588221, 0.38197872131774596,318.63958468557195, 52.116346451081284, 260897.0042998626,      0.0, 260897.0042998626,   1.0
  -0.0780831434819758,          -0.2999994, 14.157786055271375, 57.11624149148708,  45.23258452588221, 0.38197872131774596,318.63958468557195, 52.116346451081284,282659.68354067963,      0.0,282659.68354067963,   1.0
  -0.0780831434819758, 0.07650860762891945, 15.157786055271375, 57.11624149148708,  45.23258452588221, 0.38197872131774596,318.63958468557195, 52.116346451081284,351867.23106164427,      0.0,351867.23106164427,   1.0
  -0.0780831434819758, 0.07650860762891945, 14.157786055271375, 58.11624149148708,  45.23258452588221, 0.38197872131774596,318.63958468557195, 52.116346451081284,351682.83766928676,      0.0,351682.83766928676,   1.0
  -0.0780831434819758, 0.07650860762891945, 14.157786055271375, 57.11624149148708,  46.23258452588221, 0.38197872131774596,318.63958468557195, 52.116346451081284,  351849.075731526,      0.0,  351849.075731526,   1.0
  -0.0780831434819758, 0.07650860762891945, 14.157786055271375, 57.11624149148708,  45.23258452588221, 0.02000057999999999,318.63958468557195, 52.116346451081284,332177.27696220507,      0.0,332177.27696220507,   1.0
  -0.0780831434819758, 0.07650860762891945, 14.157786055271375, 57.11624149148708,  45.23258452588221, 0.38197872131774596,319.63958468557195, 52.116346451081284,351788.39564226795,      0.0,351788.39564226795,   1.0
  -0.0780831434819758, 0.07650860762891945, 14.157786055271375, 57.11624149148708,  45.23258452588221, 0.38197872131774596,318.63958468557195, 53.116346451081284, 351625.3580447978,      0.0, 351625.3580447978,   1.0
 -0.07807894914497282, 0.07650438353233917,  14.15769918669866, 57.11619814883712,  45.23277131225821, 0.38197460060888827, 318.6392410972518,  52.11643571390734, 351664.0746955497,      0.0, 351664.0746955497,   1.0
  0.29999939999999997, 0.07650438353233917,  14.15769918669866, 57.11619814883712,  45.23277131225821, 0.38197460060888827, 318.6392410972518,  52.11643571390734,260897.06401103825,      0.0,260897.06401103825,   1.0
 -0.07807894914497282,-0.29999939999999997,  14.15769918669866, 57.11619814883712,  45.23277131225821, 0.38197460060888827, 318.6392410972518,  52.11643571390734, 282659.6450919841,      0.0, 282659.6450919841,   1.0
 -0.07807894914497282, 0.07650438353233917,  15.15769918669866, 57.11619814883712,  45.23277131225821, 0.38197460060888827, 318.6392410972518,  52.11643571390734, 351865.9003634476,      0.0, 351865.9003634476,   1.0
 -0.07807894914497282, 0.07650438353233917,  14.15769918669866, 58.11619814883712,  45.23277131225821, 0.38197460060888827, 318.6392410972518,  52.11643571390734, 351686.0197374122,      0.0, 351686.0197374122,   1.0
 -0.07807894914497282, 0.07650438353233917,  14.15769918669866, 57.11619814883712,  46.23277131225821, 0.38197460060888827, 318.6392410972518,  52.11643571390734,351853.07250148203,      0.0,351853.07250148203,   1.0
 -0.07807894914497282, 0.07650438353233917,  14.15769918669866, 57.11619814883712,  45.23277131225821, 0.02000057999999999, 318.6392410972518,  52.11643571390734, 332177.3557048365,      0.0, 332177.3557048365,   1.0
 -0.07807894914497282, 0.07650438353233917,  14.15769918669866, 57.11619814883712,  45.23277131225821, 0.38197460060888827, 319.6392410972518,  52.11643571390734, 351786.5256710106,      0.0, 351786.5256710106,   1.0
 -0.07807894914497282, 0.07650438353233917,  14.15769918669866, 57.11619814883712,  45.23277131225821, 0.38197460060888827, 318.6392410972518,  53.11643571390734, 351624.1928548911,      0.0, 351624.1928548911,   1.0
 -0.07808171740739478, 0.07650717143608216, 14.157756519956651,57.116226754986094, 45.232648033250044,  0.3819773202767343, 318.6394678655431,  52.11637680044215, 351664.0407876042,      0.0, 351664.0407876042,   1.0
  0.29999939999999997, 0.07650717143608216, 14.157756519956651,57.116226754986094, 45.232648033250044,  0.3819773202767343, 318.6394678655431,  52.11637680044215, 260897.1654966207,      0.0, 260897.1654966207,   1.0
 -0.07808171740739478,-0.29999939999999997, 14.157756519956651,57.116226754986094, 45.232648033250044,  0.3819773202767343, 318.6394678655431,  52.11637680044215,282659.63627185015,      0.0,282659.63627185015,   1.0
 -0.07808171740739478, 0.07650717143608216, 15.157756519956651,57.116226754986094, 45.232648033250044,  0.3819773202767343, 318.6394678655431,  52.11637680044215, 351865.8610842584,      0.0, 351865.8610842584,   1.0
 -0.07808171740739478, 0.07650717143608216, 14.157756519956651,58.116226754986094, 45.232648033250044,  0.3819773202767343, 318.6394678655431,  52.11637680044215, 351682.8460053541,      0.0, 351682.8460053541,   1.0
 -0.07808171740739478, 0.07650717143608216, 14.157756519956651,57.116226754986094, 46.232648033250044,  0.3819773202767343, 318.6394678655431,  52.11637680044215, 351853.0732941968,      0.0, 351853.0732941968,   1.0
 -0.07808171740739478, 0.07650717143608216, 14.157756519956651,57.116226754986094, 45.232648033250044, 0.02000057999999999, 318.6394678655431,  52.11637680044215,332177.33181372704,      0.0,332177.33181372704,   1.0
 -0.07808171740739478, 0.07650717143608216, 14.157756519956651,57.116226754986094, 45.232648033250044,  0.3819773202767343, 319.6394678655431,  52.11637680044215,351786.95021873387,      0.0,351786.95021873387,   1.0
 -0.07808171740739478, 0.07650717143608216, 14.157756519956651,57.116226754986094, 45.232648033250044,  0.3819773202767343, 318.6394678655431,  53.11637680044215, 351624.0987366753,      0.0, 351624.0987366753,   1.0
 -0.07807951467611556, 0.07650495307602734, 14.157710899368185, 57.11620399281636,  45.23274612746438,  0.3819751562125957,318.63928742397644,  52.11642367841568,351664.06699119945,      0.0,351664.06699119945,   1.0
  0.29999939999999997, 0.07650495307602734, 14.157710899368185, 57.11620399281636,  45.23274612746438,  0.3819751562125957,318.63928742397644,  52.11642367841568,260897.04638594744,      0.0,260897.04638594744,   1.0
 -0.07807951467611556,-0.29999939999999997, 14.157710899368185, 57.11620399281636,  45.23274612746438,  0.3819751562125957,318.63928742397644,  52.11642367841568,282659.63627185015,      0.0,282659.63627185015,   1.0
 -0.07807951467611556, 0.07650495307602734, 15.157710899368185, 57.11620399281636,  45.23274612746438,  0.3819751562125957,318.63928742397644,  52.11642367841568,351865.89408690936,      0.0,351865.89408690936,   1.0
 -0.07807951467611556, 0.07650495307602734, 14.157710899368185, 58.11620399281636,  45.23274612746438,  0.3819751562125957,318.63928742397644,  52.11642367841568, 351686.0197374122,      0.0, 351686.0197374122,   1.0
 -0.07807951467611556, 0.07650495307602734, 14.157710899368185, 57.11620399281636,  46.23274612746438,  0.3819751562125957,318.63928742397644,  52.11642367841568,351853.07250148203,      0.0,351853.07250148203,   1.0
 -0.07807951467611556, 0.07650495307602734, 14.157710899368185, 57.11620399281636,  45.23274612746438, 0.02000057999999999,318.63928742397644,  52.11642367841568, 332177.2929706642,      0.0, 332177.2929706642,   1.0
 -0.07807951467611556, 0.07650495307602734, 14.157710899368185, 57.11620399281636,  45.23274612746438,  0.3819751562125957,319.63928742397644,  52.11642367841568,351786.63256162376,      0.0,351786.63256162376,   1.0
 -0.07807951467611556, 0.07650495307602734, 14.157710899368185, 57.11620399281636,  45.23274612746438,  0.3819751562125957,318.63928742397644,  53.11642367841568,351624.19151760876,      0.0,351624.19151760876,   1.0
 -0.07807906424879678, 0.07650449945284551, 14.157701570604601, 57.11619933827535,  45.23276618634054,   0.381974713692159,318.63925052623415,  52.11643326429669, 351664.0671617006,      0.0, 351664.0671617006,   1.0
  0.29999939999999997, 0.07650449945284551, 14.157701570604601, 57.11619933827535,  45.23276618634054,   0.381974713692159,318.63925052623415,  52.11643326429669,260897.06401103825,      0.0,260897.06401103825,   1.0
 -0.07807906424879678, -0.2999993999999999, 14.157701570604601, 57.11619933827535,  45.23276618634054,   0.381974713692159,318.63925052623415,  52.11643326429669, 282659.6348462405,      0.0, 282659.6348462405,   1.0
 -0.07807906424879678, 0.07650449945284551, 15.157701570604601, 57.11619933827535,  45.23276618634054,   0.381974713692159,318.63925052623415,  52.11643326429669, 351865.8929648838,      0.0, 351865.8929648838,   1.0
 -0.07807906424879678, 0.07650449945284551, 14.157701570604601, 58.11619933827535,  45.23276618634054,   0.381974713692159,318.63925052623415,  52.11643326429669, 351686.0197374122,      0.0, 351686.0197374122,   1.0
 -0.07807906424879678, 0.07650449945284551, 14.157701570604601, 57.11619933827535,  46.23276618634054,   0.381974713692159,318.63925052623415,  52.11643326429669,351853.07250148203,      0.0,351853.07250148203,   1.0
 -0.07807906424879678, 0.07650449945284551, 14.157701570604601, 57.11619933827535,  45.23276618634054, 0.02000057999999999,318.63925052623415,  52.11643326429669,332177.31619188236,      0.0,332177.31619188236,   1.0
 -0.07807906424879678, 0.07650449945284551, 14.157701570604601, 57.11619933827535,  45.23276618634054,   0.381974713692159,319.63925052623415,  52.11643326429669, 351786.6323619537,      0.0, 351786.6323619537,   1.0
 -0.07807906424879678, 0.07650449945284551, 14.157701570604601, 57.11619933827535,  45.23276618634054,   0.381974713692159,318.63925052623415,  53.11643326429669,351624.18537704897,      0.0,351624.18537704897,   1.0
 -0.07807894914497282, 0.07650438353233917,  14.15769918669866, 57.11619814883712,  45.23277131225821, 0.38197460060888827, 318.6392410972518,  52.11643571390734, 351664.0746955497,      0.0, 351664.0746955497,   1.0
  0.29999939999999997, 0.07650438353233917,  14.15769918669866, 57.11619814883712,  45.23277131225821, 0.38197460060888827, 318.6392410972518,  52.11643571390734,260897.06401103825,      0.0,260897.06401103825,   1.0
 -0.07807894914497282,-0.29999939999999997,  14.15769918669866, 57.11619814883712,  45.23277131225821, 0.38197460060888827, 318.6392410972518,  52.11643571390734, 282659.6450919841,      0.0, 282659.6450919841,   1.0
 -0.07807894914497282, 0.07650438353233917,  15.15769918669866, 57.11619814883712,  45.23277131225821, 0.38197460060888827, 318.6392410972518,  52.11643571390734, 351865.9003634476,      0.0, 351865.9003634476,   1.0
 -0.07807894914497282, 0.07650438353233917,  14.15769918669866, 58.11619814883712,  45.23277131225821, 0.38197460060888827, 318.6392410972518,  52.11643571390734, 351686.0197374122,      0.0, 351686.0197374122,   1.0
 -0.07807894914497282, 0.07650438353233917,  14.15769918669866, 57.11619814883712,  46.23277131225821, 0.38197460060888827, 318.6392410972518,  52.11643571390734,351853.07250148203,      0.0,351853.07250148203,   1.0
 -0.07807894914497282, 0.07650438353233917,  14.15769918669866, 57.11619814883712,  45.23277131225821, 0.02000057999999999, 318.6392410972518,  52.11643571390734, 332177.3557048365,      0.0, 332177.3557048365,   1.0
 -0.07807894914497282, 0.07650438353233917,  14.15769918669866, 57.11619814883712,  45.23277131225821, 0.38197460060888827, 319.6392410972518,  52.11643571390734, 351786.5256710106,      0.0, 351786.5256710106,   1.0
 -0.07807894914497282, 0.07650438353233917,  14.15769918669866, 57.11619814883712,  45.23277131225821, 0.38197460060888827, 318.6392410972518,  53.11643571390734, 351624.1928548911,      0.0, 351624.1928548911,   1.0
 -0.29999939999999997, 0.29999939999999997, 14.134369572964843,  57.0913257869685,  45.28486913801965,          0.59999942,318.54367527312127,  52.14114079891513,319466.54081546294,      0.0,319466.54081546294,   1.0
  0.29999939999999997, 0.29999939999999997, 14.134369572964843,  57.0913257869685,  45.28486913801965,          0.59999942,318.54367527312127,  52.14114079891513,242674.53946717252,      0.0,242674.53946717252,   1.0
 -0.29999939999999997,-0.29999939999999997, 14.134369572964843,  57.0913257869685,  45.28486913801965,          0.59999942,318.54367527312127,  52.14114079891513,255817.81326515012,      0.0,255817.81326515012,   1.0
 -0.29999939999999997, 0.29999939999999997, 15.134369572964843,  57.0913257869685,  45.28486913801965,          0.59999942,318.54367527312127,  52.14114079891513, 319581.2329168471,      0.0, 319581.2329168471,   1.0
 -0.29999939999999997, 0.29999939999999997, 14.134369572964843,  58.0913257869685,  45.28486913801965,          0.59999942,318.54367527312127,  52.14114079891513, 318886.1123947708,      0.0, 318886.1123947708,   1.0
 -0.29999939999999997, 0.29999939999999997, 14.134369572964843,  57.0913257869685,  46.28486913801965,          0.59999942,318.54367527312127,  52.14114079891513,319535.41473957757,      0.0,319535.41473957757,   1.0
 -0.29999939999999997, 0.29999939999999997, 14.134369572964843,  57.0913257869685,  45.28486913801965,0.020000580000000046,318.54367527312127,  52.14114079891513,341209.96942588873,      0.0,341209.96942588873,   1.0
 -0.29999939999999997, 0.29999939999999997, 14.134369572964843,  57.0913257869685,  45.28486913801965,          0.59999942,319.54367527312127,  52.14114079891513,319631.44368819403,      0.0,319631.44368819403,   1.0
 -0.29999939999999997, 0.29999939999999997, 14.134369572964843,  57.0913257869685,  45.28486913801965,          0.59999942,318.54367527312127,  53.14114079891513,  320264.846045519,      0.0,  320264.846045519,   1.0
 -0.11798012951355585, 0.11668866997010059, 14.153504534417015, 57.11172611125208,  45.24213847393488, 0.42117534848874694,318.62205841232566,  52.12087767520077,345783.58180012315,      0.0,345783.58180012315,   1.0
  0.29999939999999997, 0.11668866997010059, 14.153504534417015, 57.11172611125208,  45.24213847393488, 0.42117534848874694,318.62205841232566,  52.12087767520077,    254637.5838652,      0.0,    254637.5838652,   1.0
 -0.11798012951355585,-0.29999939999999997, 14.153504534417015, 57.11172611125208,  45.24213847393488, 0.42117534848874694,318.62205841232566,  52.12087767520077, 275064.4970930523,      0.0, 275064.4970930523,   1.0
 -0.11798012951355585, 0.11668866997010059, 15.153504534417015, 57.11172611125208,  45.24213847393488, 0.42117534848874694,318.62205841232566,  52.12087767520077, 345877.9174717013,      0.0, 345877.9174717013,   1.0
 -0.11798012951355585, 0.11668866997010059, 14.153504534417015, 58.11172611125208,  45.24213847393488, 0.42117534848874694,318.62205841232566,  52.12087767520077, 345738.0811426086,      0.0, 345738.0811426086,   1.0
 -0.11798012951355585, 0.11668866997010059, 14.153504534417015, 57.11172611125208,  46.24213847393488, 0.42117534848874694,318.62205841232566,  52.12087767520077, 345632.1167534337,      0.0, 345632.1167534337,   1.0
 -0.11798012951355585, 0.11668866997010059, 14.153504534417015, 57.11172611125208,  45.24213847393488, 0.02000057999999999,318.62205841232566,  52.12087767520077, 342136.7894309129,      0.0, 342136.7894309129,   1.0
 -0.11798012951355585, 0.11668866997010059, 14.153504534417015, 57.11172611125208,  45.24213847393488, 0.42117534848874694,319.62205841232566,  52.12087767520077,345938.79354192025,      0.0,345938.79354192025,   1.0
 -0.11798012951355585, 0.11668866997010059, 14.153504534417015, 57.11172611125208,  45.24213847393488, 0.42117534848874694,318.62205841232566,  53.12087767520077, 345861.0531123723,      0.0, 345861.0531123723,   1.0
 -0.08435004910626807, 0.08281997807858323, 14.157039930919305, 57.11549529758141,   45.2342435094886,  0.3881356165548147, 318.6365405672479,  52.11713383819936, 350516.5676635269,      0.0, 350516.5676635269,   1.0
  0.29999939999999997, 0.08281997807858323, 14.157039930919305, 57.11549529758141,   45.2342435094886,  0.3881356165548147, 318.6365405672479,  52.11713383819936,260096.20415519326,      0.0,260096.20415519326,   1.0
 -0.08435004910626807,-0.29999939999999997, 14.157039930919305, 57.11549529758141,   45.2342435094886,  0.3881356165548147, 318.6365405672479,  52.11713383819936, 281675.8684248047,      0.0, 281675.8684248047,   1.0
 -0.08435004910626807, 0.08281997807858323, 15.157039930919305, 57.11549529758141,   45.2342435094886,  0.3881356165548147, 318.6365405672479,  52.11713383819936, 350765.4752438719,      0.0, 350765.4752438719,   1.0
 -0.08435004910626807, 0.08281997807858323, 14.157039930919305, 58.11549529758141,   45.2342435094886,  0.3881356165548147, 318.6365405672479,  52.11713383819936, 350652.3023603609,      0.0, 350652.3023603609,   1.0
 -0.08435004910626807, 0.08281997807858323, 14.157039930919305, 57.11549529758141,   46.2342435094886,  0.3881356165548147, 318.6365405672479,  52.11713383819936, 350490.4471813162,      0.0, 350490.4471813162,   1.0
 -0.08435004910626807, 0.08281997807858323, 14.157039930919305, 57.11549529758141,   45.2342435094886, 0.02000057999999999, 318.6365405672479,  52.11713383819936,334568.51306368434,      0.0,334568.51306368434,   1.0
 -0.08435004910626807, 0.08281997807858323, 14.157039930919305, 57.11549529758141,   45.2342435094886,  0.3881356165548147, 319.6365405672479,  52.11713383819936,  350677.849148608,      0.0,  350677.849148608,   1.0
 -0.08435004910626807, 0.08281997807858323, 14.157039930919305, 57.11549529758141,   45.2342435094886,  0.3881356165548147, 318.6365405672479,  53.11713383819936,350522.04277157184,      0.0,350522.04277157184,   1.0
 -0.07896690311178639, 0.07739863769265162,  14.15760583963227,57.116098628886164,  45.23297976745406,  0.3828469672722411,318.63885871675325,  52.11653456454571,351529.49344504153,      0.0,351529.49344504153,   1.0
  0.29999939999999997, 0.07739863769265162,  14.15760583963227,57.116098628886164,  45.23297976745406,  0.3828469672722411,318.63885871675325,  52.11653456454571, 260808.8027725056,      0.0, 260808.8027725056,   1.0
 -0.07896690311178639, -0.2999993999999999,  14.15760583963227,57.116098628886164,  45.23297976745406,  0.3828469672722411,318.63885871675325,  52.11653456454571, 282481.4624359306,      0.0, 282481.4624359306,   1.0
 -0.07896690311178639, 0.07739863769265162,  15.15760583963227,57.116098628886164,  45.23297976745406,  0.3828469672722411,318.63885871675325,  52.11653456454571, 351721.6251989517,      0.0, 351721.6251989517,   1.0
 -0.07896690311178639, 0.07739863769265162,  14.15760583963227,58.116098628886164,  45.23297976745406,  0.3828469672722411,318.63885871675325,  52.11653456454571,351511.64386643114,      0.0,351511.64386643114,   1.0
 -0.07896690311178639, 0.07739863769265162,  14.15760583963227,57.116098628886164,  46.23297976745406,  0.3828469672722411,318.63885871675325,  52.11653456454571, 351564.7791512124,      0.0, 351564.7791512124,   1.0
 -0.07896690311178639, 0.07739863769265162,  14.15760583963227,57.116098628886164,  45.23297976745406, 0.02000057999999999,318.63885871675325,  52.11653456454571,332560.99843231705,      0.0,332560.99843231705,   1.0
 -0.07896690311178639, 0.07739863769265162,  14.15760583963227,57.116098628886164,  45.23297976745406,  0.3828469672722411,319.63885871675325,  52.11653456454571,  351661.025664075,      0.0,  351661.025664075,   1.0
 -0.07896690311178639, 0.07739863769265162,  14.15760583963227,57.116098628886164,  45.23297976745406,  0.3828469672722411,318.63885871675325,  53.11653456454571,351516.53570083686,      0.0,351516.53570083686,   1.0
 -0.07821108917457167,  0.0766374611192738, 14.157685295343278, 57.11618333886976,  45.23280233332099, 0.38210442102866765, 318.6391841936596, 52.116450424271584, 351624.9885628888,      0.0, 351624.9885628888,   1.0
            0.2999994,  0.0766374611192738, 14.157685295343278, 57.11618333886976,  45.23280233332099, 0.38210442102866765, 318.6391841936596, 52.116450424271584,260871.98549094872,      0.0,260871.98549094872,   1.0
 -0.07821108917457167, -0.2999993999999999, 14.157685295343278, 57.11618333886976,  45.23280233332099, 0.38210442102866765, 318.6391841936596, 52.116450424271584, 282608.9706567904,      0.0, 282608.9706567904,   1.0
 -0.07821108917457167,  0.0766374611192738, 15.157685295343278, 57.11618333886976,  45.23280233332099, 0.38210442102866765, 318.6391841936596, 52.116450424271584, 351831.5285133624,      0.0, 351831.5285133624,   1.0
 -0.07821108917457167,  0.0766374611192738, 14.157685295343278, 58.11618333886976,  45.23280233332099, 0.38210442102866765, 318.6391841936596, 52.116450424271584, 351628.4234127653,      0.0, 351628.4234127653,   1.0
 -0.07821108917457167,  0.0766374611192738, 14.157685295343278, 57.11618333886976,  46.23280233332099, 0.38210442102866765, 318.6391841936596, 52.116450424271584, 351778.4515721911,      0.0, 351778.4515721911,   1.0
 -0.07821108917457167,  0.0766374611192738, 14.157685295343278, 57.11618333886976,  45.23280233332099, 0.02000057999999999, 318.6391841936596, 52.116450424271584, 332154.2599961315,      0.0, 332154.2599961315,   1.0
 -0.07821108917457167,  0.0766374611192738, 14.157685295343278, 57.11618333886976,  45.23280233332099, 0.38210442102866765, 319.6391841936596, 52.116450424271584, 351761.4360220515,      0.0, 351761.4360220515,   1.0
 -0.07821108917457167,  0.0766374611192738, 14.157685295343278, 57.11618333886976,  45.23280233332099, 0.38210442102866765, 318.6391841936596, 53.116450424271584, 351603.8109342265,      0.0, 351603.8109342265,   1.0
 -0.07809434292879644, 0.07651988653783462, 14.157697568411434,57.116196423535285, 45.232774926087686,  0.3819897241674651, 318.6392344682114,  52.11643742760582, 351658.7090318611,      0.0, 351658.7090318611,   1.0
   0.2999993999999999, 0.07651988653783462, 14.157697568411434,57.116196423535285, 45.232774926087686,  0.3819897241674651, 318.6392344682114,  52.11643742760582,260896.06820771837,      0.0,260896.06820771837,   1.0
 -0.07809434292879644,          -0.2999994, 14.157697568411434,57.116196423535285, 45.232774926087686,  0.3819897241674651, 318.6392344682114,  52.11643742760582, 282662.0254700793,      0.0, 282662.0254700793,   1.0
 -0.07809434292879644, 0.07651988653783462, 15.157697568411434,57.116196423535285, 45.232774926087686,  0.3819897241674651, 318.6392344682114,  52.11643742760582,351864.37152098864,      0.0,351864.37152098864,   1.0
 -0.07809434292879644, 0.07651988653783462, 14.157697568411434,58.116196423535285, 45.232774926087686,  0.3819897241674651, 318.6392344682114,  52.11643742760582, 351679.6185588825,      0.0, 351679.6185588825,   1.0
 -0.07809434292879644, 0.07651988653783462, 14.157697568411434,57.116196423535285, 46.232774926087686,  0.3819897241674651, 318.6392344682114,  52.11643742760582, 351844.9740689578,      0.0, 351844.9740689578,   1.0
 -0.07809434292879644, 0.07651988653783462, 14.157697568411434,57.116196423535285, 45.232774926087686, 0.02000057999999999, 318.6392344682114,  52.11643742760582,332177.84102748084,      0.0,332177.84102748084,   1.0
 -0.07809434292879644, 0.07651988653783462, 14.157697568411434,57.116196423535285, 45.232774926087686,  0.3819897241674651, 319.6392344682114,  52.11643742760582,351787.79714850255,      0.0,351787.79714850255,   1.0
 -0.07809434292879644, 0.07651988653783462, 14.157697568411434,57.116196423535285, 45.232774926087686,  0.3819897241674651, 318.6392344682114,  53.11643742760582, 351626.0517043528,      0.0, 351626.0517043528,   1.0
 -0.07808061182710654, 0.07650605801150241, 14.157699011907503, 57.11619796248732, 45.232771702587826,  0.3819762341040011,318.63924038124935,  52.11643589900387, 351664.0537467622,      0.0, 351664.0537467622,   1.0
   0.2999993999999999, 0.07650605801150241, 14.157699011907503, 57.11619796248732, 45.232771702587826,  0.3819762341040011,318.63924038124935,  52.11643589900387, 260897.0441967419,      0.0, 260897.0441967419,   1.0
 -0.07808061182710654,-0.29999939999999997, 14.157699011907503, 57.11619796248732, 45.232771702587826,  0.3819762341040011,318.63924038124935,  52.11643589900387, 282659.6364374261,      0.0, 282659.6364374261,   1.0
 -0.07808061182710654, 0.07650605801150241, 15.157699011907503, 57.11619796248732, 45.232771702587826,  0.3819762341040011,318.63924038124935,  52.11643589900387,351865.89827664685,      0.0,351865.89827664685,   1.0
 -0.07808061182710654, 0.07650605801150241, 14.157699011907503, 58.11619796248732, 45.232771702587826,  0.3819762341040011,318.63924038124935,  52.11643589900387,351682.83807666105,      0.0,351682.83807666105,   1.0
 -0.07808061182710654, 0.07650605801150241, 14.157699011907503, 57.11619796248732, 46.232771702587826,  0.3819762341040011,318.63924038124935,  52.11643589900387,351853.06090394803,      0.0,351853.06090394803,   1.0
 -0.07808061182710654, 0.07650605801150241, 14.157699011907503, 57.11619796248732, 45.232771702587826, 0.02000057999999999,318.63924038124935,  52.11643589900387, 332177.2929706642,      0.0, 332177.2929706642,   1.0
 -0.07808061182710654, 0.07650605801150241, 14.157699011907503, 57.11619796248732, 45.232771702587826,  0.3819762341040011,319.63924038124935,  52.11643589900387, 351786.8769782775,      0.0, 351786.8769782775,   1.0
 -0.07808061182710654, 0.07650605801150241, 14.157699011907503, 57.11619796248732, 45.232771702587826,  0.3819762341040011,318.63924038124935,  53.11643589900387, 351624.1409335296,      0.0, 351624.1409335296,   1.0
 -0.07807928832720883, 0.07650472512113429, 14.157699151041781, 57.11619811082231,  45.23277139188429,  0.3819749338370584, 318.6392409511894,  52.11643575166649, 351664.0671617006,      0.0, 351664.0671617006,   1.0
  0.29999939999999997, 0.07650472512113429, 14.157699151041781, 57.11619811082231,  45.23277139188429,  0.3819749338370584, 318.6392409511894,  52.11643575166649,260897.06825415813,      0.0,260897.06825415813,   1.0
 -0.07807928832720883,          -0.2999994, 14.157699151041781, 57.11619811082231,  45.23277139188429,  0.3819749338370584, 318.6392409511894,  52.11643575166649,282659.63627185015,      0.0,282659.63627185015,   1.0
 -0.07807928832720883, 0.07650472512113429, 15.157699151041781, 57.11619811082231,  45.23277139188429,  0.3819749338370584, 318.6392409511894,  52.11643575166649, 351865.8929648838,      0.0, 351865.8929648838,   1.0
 -0.07807928832720883, 0.07650472512113429, 14.157699151041781, 58.11619811082231,  45.23277139188429,  0.3819749338370584, 318.6392409511894,  52.11643575166649,351686.02023074694,      0.0,351686.02023074694,   1.0
 -0.07807928832720883, 0.07650472512113429, 14.157699151041781, 57.11619811082231,  46.23277139188429,  0.3819749338370584, 318.6392409511894,  52.11643575166649,351853.07250148203,      0.0,351853.07250148203,   1.0
 -0.07807928832720883, 0.07650472512113429, 14.157699151041781, 57.11619811082231,  45.23277139188429, 0.02000057999999999, 318.6392409511894,  52.11643575166649,332177.31619188236,      0.0,332177.31619188236,   1.0
 -0.07807928832720883, 0.07650472512113429, 14.157699151041781, 57.11619811082231,  45.23277139188429,  0.3819749338370584, 319.6392409511894,  52.11643575166649, 351786.6323619537,      0.0, 351786.6323619537,   1.0
 -0.07807928832720883, 0.07650472512113429, 14.157699151041781, 57.11619811082231,  45.23277139188429,  0.3819749338370584, 318.6392409511894,  53.11643575166649,351624.19246912305,      0.0,351624.19246912305,   1.0
 -0.07807901656314896, 0.07650445142885942, 14.157699179611255, 57.11619814128104, 45.232771328085235,  0.3819746668435936, 318.6392410682194,  52.11643572141261, 351664.0746955497,      0.0, 351664.0746955497,   1.0
  0.29999939999999997, 0.07650445142885942, 14.157699179611255, 57.11619814128104, 45.232771328085235,  0.3819746668435936, 318.6392410682194,  52.11643572141261,260897.06401103825,      0.0,260897.06401103825,   1.0
 -0.07807901656314896,-0.29999939999999997, 14.157699179611255, 57.11619814128104, 45.232771328085235,  0.3819746668435936, 318.6392410682194,  52.11643572141261, 282659.6450919841,      0.0, 282659.6450919841,   1.0
 -0.07807901656314896, 0.07650445142885942, 15.157699179611255, 57.11619814128104, 45.232771328085235,  0.3819746668435936, 318.6392410682194,  52.11643572141261, 351865.9003634476,      0.0, 351865.9003634476,   1.0
 -0.07807901656314896, 0.07650445142885942, 14.157699179611255, 58.11619814128104, 45.232771328085235,  0.3819746668435936, 318.6392410682194,  52.11643572141261, 351686.0197374122,      0.0, 351686.0197374122,   1.0
 -0.07807901656314896, 0.07650445142885942, 14.157699179611255, 57.11619814128104, 46.232771328085235,  0.3819746668435936, 318.6392410682194,  52.11643572141261,351853.07250148203,      0.0,351853.07250148203,   1.0
 -0.07807901656314896, 0.07650445142885942, 14.157699179611255, 57.11619814128104, 45.232771328085235, 0.02000057999999999, 318.6392410682194,  52.11643572141261, 332177.3557048365,      0.0, 332177.3557048365,   1.0
 -0.07807901656314896, 0.07650445142885942, 14.157699179611255, 57.11619814128104, 45.232771328085235,  0.3819746668435936, 319.6392410682194,  52.11643572141261, 351786.6383084213,      0.0, 351786.6383084213,   1.0
 -0.07807901656314896, 0.07650445142885942, 14.157699179611255, 57.11619814128104, 45.232771328085235,  0.3819746668435936, 318.6392410682194,  53.11643572141261, 351624.1928548911,      0.0, 351624.1928548911,   1.0
 -0.07807896337265917, 0.07650439786097352,  14.15769918520296,57.116198147242514, 45.232771315598285, 0.38197461458681925, 318.6392410911249,  52.11643571549123, 351664.0746955497,      0.0, 351664.0746955497,   1.0
  0.29999939999999997, 0.07650439786097352,  14.15769918520296,57.116198147242514, 45.232771315598285, 0.38197461458681925, 318.6392410911249,  52.11643571549123,260897.06401103825,      0.0,260897.06401103825,   1.0
 -0.07807896337265917,-0.29999939999999997,  14.15769918520296,57.116198147242514, 45.232771315598285, 0.38197461458681925, 318.6392410911249,  52.11643571549123, 282659.6450919841,      0.0, 282659.6450919841,   1.0
 -0.07807896337265917, 0.07650439786097352,  15.15769918520296,57.116198147242514, 45.232771315598285, 0.38197461458681925, 318.6392410911249,  52.11643571549123, 351865.9003634476,      0.0, 351865.9003634476,   1.0
 -0.07807896337265917, 0.07650439786097352,  14.15769918520296,58.116198147242514, 45.232771315598285, 0.38197461458681925, 318.6392410911249,  52.11643571549123, 351686.0197374122,      0.0, 351686.0197374122,   1.0
 -0.07807896337265917, 0.07650439786097352,  14.15769918520296,57.116198147242514, 46.232771315598285, 0.38197461458681925, 318.6392410911249,  52.11643571549123,351853.07250148203,      0.0,351853.07250148203,   1.0
 -0.07807896337265917, 0.07650439786097352,  14.15769918520296,57.116198147242514, 45.232771315598285, 0.02000057999999999, 318.6392410911249,  52.11643571549123, 332177.3557048365,      0.0, 332177.3557048365,   1.0
 -0.07807896337265917, 0.07650439786097352,  14.15769918520296,57.116198147242514, 45.232771315598285, 0.38197461458681925, 319.6392410911249,  52.11643571549123, 351786.5256710106,      0.0, 351786.5256710106,   1.0
 -0.07807896337265917, 0.07650439786097352,  14.15769918520296,57.116198147242514, 45.232771315598285, 0.38197461458681925, 318.6392410911249,  53.11643571549123, 351624.1928548911,      0.0, 351624.1928548911,   1.0
 -0.07807895214753166,  0.0765043865562017, 14.157699186383013,  57.1161981485006,  45.23277131296309, 0.38197460355873963,318.63924109595877,   52.1164357142416, 351664.0746955497,      0.0, 351664.0746955497,   1.0
   0.2999993999999999,  0.0765043865562017, 14.157699186383013,  57.1161981485006,  45.23277131296309, 0.38197460355873963,318.63924109595877,   52.1164357142416,260897.06401103825,      0.0,260897.06401103825,   1.0
 -0.07807895214753166, -0.2999993999999999, 14.157699186383013,  57.1161981485006,  45.23277131296309, 0.38197460355873963,318.63924109595877,   52.1164357142416, 282659.6450919841,      0.0, 282659.6450919841,   1.0
 -0.07807895214753166,  0.0765043865562017, 15.157699186383013,  57.1161981485006,  45.23277131296309, 0.38197460355873963,318.63924109595877,   52.1164357142416, 351865.9003634476,      0.0, 351865.9003634476,   1.0
 -0.07807895214753166,  0.0765043865562017, 14.157699186383013,  58.1161981485006,  45.23277131296309, 0.38197460355873963,318.63924109595877,   52.1164357142416, 351686.0197374122,      0.0, 351686.0197374122,   1.0
 -0.07807895214753166,  0.0765043865562017, 14.157699186383013,  57.1161981485006,  46.23277131296309, 0.38197460355873963,318.63924109595877,   52.1164357142416,351853.07250148203,      0.0,351853.07250148203,   1.0
 -0.07807895214753166,  0.0765043865562017, 14.157699186383013,  57.1161981485006,  45.23277131296309, 0.02000057999999999,318.63924109595877,   52.1164357142416, 332177.3557048365,      0.0, 332177.3557048365,   1.0
 -0.07807895214753166,  0.0765043865562017, 14.157699186383013,  57.1161981485006,  45.23277131296309, 0.38197460355873963,319.63924109595877,   52.1164357142416, 351786.5256710106,      0.0, 351786.5256710106,   1.0
 -0.07807895214753166,  0.0765043865562017, 14.157699186383013,  57.1161981485006,  45.23277131296309, 0.38197460355873963,318.63924109595877,   53.1164357142416, 351624.1928548911,      0.0, 351624.1928548911,   1.0
 -0.07807894977862184, 0.07650438417048405, 14.157699186632046,  57.1161981487661,  45.23277131240696, 0.38197460123141413,318.63924109697894, 52.116435713977886, 351664.0746955497,      0.0, 351664.0746955497,   1.0
  0.29999939999999997, 0.07650438417048405, 14.157699186632046,  57.1161981487661,  45.23277131240696, 0.38197460123141413,318.63924109697894, 52.116435713977886,260897.06401103825,      0.0,260897.06401103825,   1.0
 -0.07807894977862184,-0.29999939999999997, 14.157699186632046,  57.1161981487661,  45.23277131240696, 0.38197460123141413,318.63924109697894, 52.116435713977886, 282659.6450919841,      0.0, 282659.6450919841,   1.0
 -0.07807894977862184, 0.07650438417048405, 15.157699186632046,  57.1161981487661,  45.23277131240696, 0.38197460123141413,318.63924109697894, 52.116435713977886, 351865.9003634476,      0.0, 351865.9003634476,   1.0
 -0.07807894977862184, 0.07650438417048405, 14.157699186632046,  58.1161981487661,  45.23277131240696, 0.38197460123141413,318.63924109697894, 52.116435713977886, 351686.0197374122,      0.0, 351686.0197374122,   1.0
 -0.07807894977862184, 0.07650438417048405, 14.157699186632046,  57.1161981487661,  46.23277131240696, 0.38197460123141413,318.63924109697894, 52.116435713977886,351853.07250148203,      0.0,351853.07250148203,   1.0
 -0.07807894977862184, 0.07650438417048405, 14.157699186632046,  57.1161981487661,  45.23277131240696, 0.02000057999999999,318.63924109697894, 52.116435713977886, 332177.3557048365,      0.0, 332177.3557048365,   1.0
 -0.07807894977862184, 0.07650438417048405, 14.157699186632046,  57.1161981487661,  45.23277131240696, 0.38197460123141413,319.63924109697894, 52.116435713977886, 351786.5256710106,      0.0, 351786.5256710106,   1.0
 -0.07807894977862184, 0.07650438417048405, 14.157699186632046,  57.1161981487661,  45.23277131240696, 0.38197460123141413,318.63924109697894, 53.116435713977886, 351624.1928548911,      0.0, 351624.1928548911,   1.0
  -0.0780789492786958, 0.07650438366701093, 14.157699186684601,57.116198148822136,   45.2327713122896, 0.38197460074026385, 318.6392410971942,  52.11643571392223, 351664.0746955497,      0.0, 351664.0746955497,   1.0
  0.29999939999999997, 0.07650438366701093, 14.157699186684601,57.116198148822136,   45.2327713122896, 0.38197460074026385, 318.6392410971942,  52.11643571392223,260897.06401103825,      0.0,260897.06401103825,   1.0
  -0.0780789492786958, -0.2999993999999999, 14.157699186684601,57.116198148822136,   45.2327713122896, 0.38197460074026385, 318.6392410971942,  52.11643571392223, 282659.6450919841,      0.0, 282659.6450919841,   1.0
  -0.0780789492786958, 0.07650438366701093, 15.157699186684601,57.116198148822136,   45.2327713122896, 0.38197460074026385, 318.6392410971942,  52.11643571392223, 351865.9003634476,      0.0, 351865.9003634476,   1.0
  -0.0780789492786958, 0.07650438366701093, 14.157699186684601,58.116198148822136,   45.2327713122896, 0.38197460074026385, 318.6392410971942,  52.11643571392223, 351686.0197374122,      0.0, 351686.0197374122,   1.0
  -0.0780789492786958, 0.07650438366701093, 14.157699186684601,57.116198148822136,   46.2327713122896, 0.38197460074026385, 318.6392410971942,  52.11643571392223,351853.07250148203,      0.0,351853.07250148203,   1.0
  -0.0780789492786958, 0.07650438366701093, 14.157699186684601,57.116198148822136,   45.2327713122896, 0.02000057999999999, 318.6392410971942,  52.11643571392223, 332177.3557048365,      0.0, 332177.3557048365,   1.0
  -0.0780789492786958, 0.07650438366701093, 14.157699186684601,57.116198148822136,   45.2327713122896, 0.38197460074026385, 319.6392410971942,  52.11643571392223, 351786.5256710106,      0.0, 351786.5256710106,   1.0
  -0.0780789492786958, 0.07650438366701093, 14.157699186684601,57.116198148822136,   45.2327713122896, 0.38197460074026385, 318.6392410971942,  53.11643571392223, 351624.1928548911,      0.0, 351624.1928548911,   1.0
 -0.07807894917319323, 0.07650438356075981, 14.157699186695693, 57.11619814883396,  45.23277131226483,  0.3819746006366133, 318.6392410972396, 52.116435713910484, 351664.0746955497,      0.0, 351664.0746955497,   1.0
  0.29999939999999997, 0.07650438356075981, 14.157699186695693, 57.11619814883396,  45.23277131226483,  0.3819746006366133, 318.6392410972396, 52.116435713910484,260897.06401103825,      0.0,260897.06401103825,   1.0
 -0.07807894917319323, -0.2999993999999999, 14.157699186695693, 57.11619814883396,  45.23277131226483,  0.3819746006366133, 318.6392410972396, 52.116435713910484, 282659.6450919841,      0.0, 282659.6450919841,   1.0
 -0.07807894917319323, 0.07650438356075981, 15.157699186695693, 57.11619814883396,  45.23277131226483,  0.3819746006366133, 318.6392410972396, 52.116435713910484, 351865.9003634476,      0.0, 351865.9003634476,   1.0
 -0.07807894917319323, 0.07650438356075981, 14.157699186695693, 58.11619814883396,  45.23277131226483,  0.3819746006366133, 318.6392410972396, 52.116435713910484, 351686.0197374122,      0.0, 351686.0197374122,   1.0
 -0.07807894917319323, 0.07650438356075981, 14.157699186695693, 57.11619814883396,  46.23277131226483,  0.3819746006366133, 318.6392410972396, 52.116435713910484,351853.07250148203,      0.0,351853.07250148203,   1.0
 -0.07807894917319323, 0.07650438356075981, 14.157699186695693, 57.11619814883396,  45.23277131226483, 0.02000057999999999, 318.6392410972396, 52.116435713910484, 332177.3557048365,      0.0, 332177.3557048365,   1.0
 -0.07807894917319323, 0.07650438356075981, 14.157699186695693, 57.11619814883396,  45.23277131226483,  0.3819746006366133, 319.6392410972396, 52.116435713910484, 351786.5256710106,      0.0, 351786.5256710106,   1.0
 -0.07807894917319323, 0.07650438356075981, 14.157699186695693, 57.11619814883396,  45.23277131226483,  0.3819746006366133, 318.6392410972396, 53.116435713910484, 351624.1928548911,      0.0, 351624.1928548911,   1.0
 -0.07807894915092833, 0.07650438353833694, 14.157699186698034, 57.11619814883645,  45.23277131225961, 0.38197460061473926, 318.6392410972492, 52.116435713908004, 351664.0746955497,      0.0, 351664.0746955497,   1.0
  0.29999939999999997, 0.07650438353833694, 14.157699186698034, 57.11619814883645,  45.23277131225961, 0.38197460061473926, 318.6392410972492, 52.116435713908004,260897.06401103825,      0.0,260897.06401103825,   1.0
 -0.07807894915092833,-0.29999939999999997, 14.157699186698034, 57.11619814883645,  45.23277131225961, 0.38197460061473926, 318.6392410972492, 52.116435713908004, 282659.6450919841,      0.0, 282659.6450919841,   1.0
 -0.07807894915092833, 0.07650438353833694, 15.157699186698034, 57.11619814883645,  45.23277131225961, 0.38197460061473926, 318.6392410972492, 52.116435713908004, 351865.9003634476,      0.0, 351865.9003634476,   1.0
 -0.07807894915092833, 0.07650438353833694, 14.157699186698034, 58.11619814883645,  45.23277131225961, 0.38197460061473926, 318.6392410972492, 52.116435713908004, 351686.0197374122,      0.0, 351686.0197374122,   1.0
 -0.07807894915092833, 0.07650438353833694, 14.157699186698034, 57.11619814883645,  46.23277131225961, 0.38197460061473926, 318.6392410972492, 52.116435713908004,351853.07250148203,      0.0,351853.07250148203,   1.0
 -0.07807894915092833, 0.07650438353833694, 14.157699186698034, 57.11619814883645,  45.23277131225961, 0.02000057999999999, 318.6392410972492, 52.116435713908004, 332177.3557048365,      0.0, 332177.3557048365,   1.0
 -0.07807894915092833, 0.07650438353833694, 14.157699186698034, 57.11619814883645,  45.23277131225961, 0.38197460061473926, 319.6392410972492, 52.116435713908004, 351786.5256710106,      0.0, 351786.5256710106,   1.0
 -0.07807894915092833, 0.07650438353833694, 14.157699186698034, 57.11619814883645,  45.23277131225961, 0.38197460061473926, 318.6392410972492, 53.116435713908004, 351624.1928548911,      0.0, 351624.1928548911,   1.0
 -0.07807894914622965,  0.0765043835336049, 14.157699186698528, 57.11619814883698,  45.23277131225851,   0.381974600610123, 318.6392410972512, 52.116435713907485, 351664.0746955497,      0.0, 351664.0746955497,   1.0
  0.29999939999999997,  0.0765043835336049, 14.157699186698528, 57.11619814883698,  45.23277131225851,   0.381974600610123, 318.6392410972512, 52.116435713907485,260897.06401103825,      0.0,260897.06401103825,   1.0
 -0.07807894914622965,-0.29999939999999997, 14.157699186698528, 57.11619814883698,  45.23277131225851,   0.381974600610123, 318.6392410972512, 52.116435713907485, 282659.6450919841,      0.0, 282659.6450919841,   1.0
 -0.07807894914622965,  0.0765043835336049, 15.157699186698528, 57.11619814883698,  45.23277131225851,   0.381974600610123, 318.6392410972512, 52.116435713907485, 351865.9003634476,      0.0, 351865.9003634476,   1.0
 -0.07807894914622965,  0.0765043835336049, 14.157699186698528, 58.11619814883698,  45.23277131225851,   0.381974600610123, 318.6392410972512, 52.116435713907485, 351686.0197374122,      0.0, 351686.0197374122,   1.0
 -0.07807894914622965,  0.0765043835336049, 14.157699186698528, 57.11619814883698,  46.23277131225851,   0.381974600610123, 318.6392410972512, 52.116435713907485,351853.07250148203,      0.0,351853.07250148203,   1.0
 -0.07807894914622965,  0.0765043835336049, 14.157699186698528, 57.11619814883698,  45.23277131225851, 0.02000057999999999, 318.6392410972512, 52.116435713907485, 332177.3557048365,      0.0, 332177.3557048365,   1.0
 -0.07807894914622965,  0.0765043835336049, 14.157699186698528, 57.11619814883698,  45.23277131225851,   0.381974600610123, 319.6392410972512, 52.116435713907485, 351786.5256710106,      0.0, 351786.5256710106,   1.0
 -0.07807894914622965,  0.0765043835336049, 14.157699186698528, 57.11619814883698,  45.23277131225851,   0.381974600610123, 318.6392410972512, 53.116435713907485, 351624.1928548911,      0.0, 351624.1928548911,   1.0
 -0.07807894914523807,  0.0765043835326063,  14.15769918669863, 57.11619814883709,  45.23277131225827, 0.38197460060914884,318.63924109725167,  52.11643571390737, 351664.0746955497,      0.0, 351664.0746955497,   1.0
  0.29999939999999997,  0.0765043835326063,  14.15769918669863, 57.11619814883709,  45.23277131225827, 0.38197460060914884,318.63924109725167,  52.11643571390737,260897.06401103825,      0.0,260897.06401103825,   1.0
 -0.07807894914523807,-0.29999939999999997,  14.15769918669863, 57.11619814883709,  45.23277131225827, 0.38197460060914884,318.63924109725167,  52.11643571390737, 282659.6450919841,      0.0, 282659.6450919841,   1.0
 -0.07807894914523807,  0.0765043835326063,  15.15769918669863, 57.11619814883709,  45.23277131225827, 0.38197460060914884,318.63924109725167,  52.11643571390737, 351865.9003634476,      0.0, 351865.9003634476,   1.0
 -0.07807894914523807,  0.0765043835326063,  14.15769918669863, 58.11619814883709,  45.23277131225827, 0.38197460060914884,318.63924109725167,  52.11643571390737, 351686.0197374122,      0.0, 351686.0197374122,   1.0
 -0.07807894914523807,  0.0765043835326063,  14.15769918669863, 57.11619814883709,  46.23277131225827, 0.38197460060914884,318.63924109725167,  52.11643571390737,351853.07250148203,      0.0,351853.07250148203,   1.0
 -0.07807894914523807,  0.0765043835326063,  14.15769918669863, 57.11619814883709,  45.23277131225827, 0.02000057999999999,318.63924109725167,  52.11643571390737, 332177.3557048365,      0.0, 332177.3557048365,   1.0
 -0.07807894914523807,  0.0765043835326063,  14.15769918669863, 57.11619814883709,  45.23277131225827, 0.38197460060914884,319.63924109725167,  52.11643571390737, 351786.5256710106,      0.0, 351786.5256710106,   1.0
 -0.07807894914523807,  0.0765043835326063,  14.15769918669863, 57.11619814883709,  45.23277131225827, 0.38197460060914884,318.63924109725167,  53.11643571390737, 351624.1928548911,      0.0, 351624.1928548911,   1.0
  -0.0780789491450288, 0.07650438353239555, 14.157699186698654,57.116198148837114,  45.23277131225822,  0.3819746006089433, 318.6392410972518,  52.11643571390735, 351664.0746955497,      0.0, 351664.0746955497,   1.0
            0.2999994, 0.07650438353239555, 14.157699186698654,57.116198148837114,  45.23277131225822,  0.3819746006089433, 318.6392410972518,  52.11643571390735,260897.06401103825,      0.0,260897.06401103825,   1.0
  -0.0780789491450288,          -0.2999994, 14.157699186698654,57.116198148837114,  45.23277131225822,  0.3819746006089433, 318.6392410972518,  52.11643571390735, 282659.6450919841,      0.0, 282659.6450919841,   1.0
  -0.0780789491450288, 0.07650438353239555, 15.157699186698654,57.116198148837114,  45.23277131225822,  0.3819746006089433, 318.6392410972518,  52.11643571390735, 351865.9003634476,      0.0, 351865.9003634476,   1.0
  -0.0780789491450288, 0.07650438353239555, 14.157699186698654,58.116198148837114,  45.23277131225822,  0.3819746006089433, 318.6392410972518,  52.11643571390735, 351686.0197374122,      0.0, 351686.0197374122,   1.0
  -0.0780789491450288, 0.07650438353239555, 14.157699186698654,57.116198148837114,  46.23277131225822,  0.3819746006089433, 318.6392410972518,  52.11643571390735,351853.07250148203,      0.0,351853.07250148203,   1.0
  -0.0780789491450288, 0.07650438353239555, 14.157699186698654,57.116198148837114,  45.23277131225822, 0.02000057999999999, 318.6392410972518,  52.11643571390735, 332177.3557048365,      0.0, 332177.3557048365,   1.0
  -0.0780789491450288, 0.07650438353239555, 14.157699186698654,57.116198148837114,  45.23277131225822,  0.3819746006089433, 319.6392410972518,  52.11643571390735, 351786.5256710106,      0.0, 351786.5256710106,   1.0
  -0.0780789491450288, 0.07650438353239555, 14.157699186698654,57.116198148837114,  45.23277131225822,  0.3819746006089433, 318.6392410972518,  53.11643571390735, 351624.1928548911,      0.0, 351624.1928548911,   1.0
 -0.07807894914516691, 0.07650438353253464,  14.15769918669864,  57.1161981488371,  45.23277131225825, 0.38197460060907895, 318.6392410972517, 52.116435713907364, 351664.0746955497,      0.0, 351664.0746955497,   1.0
            0.2999994, 0.07650438353253464,  14.15769918669864,  57.1161981488371,  45.23277131225825, 0.38197460060907895, 318.6392410972517, 52.116435713907364,260897.06401103825,      0.0,260897.06401103825,   1.0
 -0.07807894914516691,-0.29999939999999997,  14.15769918669864,  57.1161981488371,  45.23277131225825, 0.38197460060907895, 318.6392410972517, 52.116435713907364, 282659.6450919841,      0.0, 282659.6450919841,   1.0
 -0.07807894914516691, 0.07650438353253464,  15.15769918669864,  57.1161981488371,  45.23277131225825, 0.38197460060907895, 318.6392410972517, 52.116435713907364, 351865.9003634476,      0.0, 351865.9003634476,   1.0
 -0.07807894914516691, 0.07650438353253464,  14.15769918669864,  58.1161981488371,  45.23277131225825, 0.38197460060907895, 318.6392410972517, 52.116435713907364, 351686.0197374122,      0.0, 351686.0197374122,   1.0
 -0.07807894914516691, 0.07650438353253464,  14.15769918669864,  57.1161981488371,  46.23277131225825, 0.38197460060907895, 318.6392410972517, 52.116435713907364,351853.07250148203,      0.0,351853.07250148203,   1.0
 -0.07807894914516691, 0.07650438353253464,  14.15769918669864,  57.1161981488371,  45.23277131225825, 0.02000057999999999, 318.6392410972517, 52.116435713907364, 332177.3557048365,      0.0, 332177.3557048365,   1.0
 -0.07807894914516691, 0.07650438353253464,  14.15769918669864,  57.1161981488371,  45.23277131225825, 0.38197460060907895, 319.6392410972517, 52.116435713907364, 351786.5256710106,      0.0, 351786.5256710106,   1.0
 -0.07807894914516691, 0.07650438353253464,  14.15769918669864,  57.1161981488371,  45.23277131225825, 0.38197460060907895, 318.6392410972517, 53.116435713907364, 351624.1928548911,      0.0, 351624.1928548911,   1.0
 -0.07807894914505792, 0.07650438353242488,  14.15769918669865,57.116198148837114,  45.23277131225823, 0.38197460060897187, 318.6392410972517,  52.11643571390735, 351664.0746955497,      0.0, 351664.0746955497,   1.0
  0.29999939999999997, 0.07650438353242488,  14.15769918669865,57.116198148837114,  45.23277131225823, 0.38197460060897187, 318.6392410972517,  52.11643571390735,260897.06401103825,      0.0,260897.06401103825,   1.0
 -0.07807894914505792,-0.29999939999999997,  14.15769918669865,57.116198148837114,  45.23277131225823, 0.38197460060897187, 318.6392410972517,  52.11643571390735, 282659.6450919841,      0.0, 282659.6450919841,   1.0
 -0.07807894914505792, 0.07650438353242488,  15.15769918669865,57.116198148837114,  45.23277131225823, 0.38197460060897187, 318.6392410972517,  52.11643571390735, 351865.9003634476,      0.0, 351865.9003634476,   1.0
 -0.07807894914505792, 0.07650438353242488,  14.15769918669865,58.116198148837114,  45.23277131225823, 0.38197460060897187, 318.6392410972517,  52.11643571390735, 351686.0197374122,      0.0, 351686.0197374122,   1.0
 -0.07807894914505792, 0.07650438353242488,  14.15769918669865,57.116198148837114,  46.23277131225823, 0.38197460060897187, 318.6392410972517,  52.11643571390735,351853.07250148203,      0.0,351853.07250148203,   1.0
 -0.07807894914505792, 0.07650438353242488,  14.15769918669865,57.116198148837114,  45.23277131225823, 0.02000057999999999, 318.6392410972517,  52.11643571390735, 332177.3557048365,      0.0, 332177.3557048365,   1.0
 -0.07807894914505792, 0.07650438353242488,  14.15769918669865,57.116198148837114,  45.23277131225823, 0.38197460060897187, 319.6392410972517,  52.11643571390735, 351786.5256710106,      0.0, 351786.5256710106,   1.0
 -0.07807894914505792, 0.07650438353242488,  14.15769918669865,57.116198148837114,  45.23277131225823, 0.38197460060897187, 318.6392410972517,  53.11643571390735, 351624.1928548911,      0.0, 351624.1928548911,   1.0
 -0.29999939999999997, 0.29999939999999997,           59.99988,          79.99994,          169.99974,          0.59999942,         499.99955,           5.000115,128974.33960888023,      0.0,128974.33960888023,   1.0
  0.29999939999999997, 0.29999939999999997,           59.99988,          79.99994,          169.99974,          0.59999942,         499.99955,           5.000115,204484.87647460177,      0.0,204484.87647460177,   1.0
 -0.29999939999999997,-0.29999939999999997,           59.99988,          79.99994,          169.99974,          0.59999942,         499.99955,           5.000115,220988.77528569777,      0.0,220988.77528569777,   1.0
 -0.29999939999999997, 0.29999939999999997,           58.99988,          79.99994,          169.99974,          0.59999942,         499.99955,           5.000115,129672.98914713698,      0.0,129672.98914713698,   1.0
 -0.29999939999999997, 0.29999939999999997,           59.99988,          78.99994,          169.99974,          0.59999942,         499.99955,           5.000115,122680.03343220294,      0.0,122680.03343220294,   1.0
 -0.29999939999999997, 0.29999939999999997,           59.99988,          79.99994,          168.99974,          0.59999942,         499.99955,           5.000115,127408.17409469816,      0.0,127408.17409469816,   1.0
 -0.29999939999999997, 0.29999939999999997,           59.99988,          79.99994,          169.99974,0.020000580000000046,         499.99955,           5.000115,148338.81208437143,      0.0,148338.81208437143,   1.0
 -0.29999939999999997, 0.29999939999999997,           59.99988,          79.99994,          169.99974,          0.59999942,         498.99955,           5.000115,128955.35317367298,      0.0,128955.35317367298,   1.0
 -0.29999939999999997, 0.29999939999999997,           59.99988,          79.99994,          169.99974,          0.59999942,         499.99955,           6.000115,129143.55236867338,      0.0,129143.55236867338,   1.0
 -0.09401745943652555,  0.0925559804282359, 17.450122520667716,58.759727411682135,  54.19363817609894,   0.397633323427315,  331.664688453674, 48.732502598661064,348501.58079546393,      0.0,348501.58079546393,   1.0
  0.29999939999999997,  0.0925559804282359, 17.450122520667716,58.759727411682135,  54.19363817609894,   0.397633323427315,  331.664688453674, 48.732502598661064,248789.27642790278,      0.0,248789.27642790278,   1.0
 -0.09401745943652555,          -0.2999994, 17.450122520667716,58.759727411682135,  54.19363817609894,   0.397633323427315,  331.664688453674, 48.732502598661064,272861.52844670916,      0.0,272861.52844670916,   1.0
 -0.09401745943652555,  0.0925559804282359, 18.450122520667716,58.759727411682135,  54.19363817609894,   0.397633323427315,  331.664688453674, 48.732502598661064, 348151.8538992101,      0.0, 348151.8538992101,   1.0
 -0.09401745943652555,  0.0925559804282359, 17.450122520667716,59.759727411682135,  54.19363817609894,   0.397633323427315,  331.664688453674, 48.732502598661064,348393.08540014224,      0.0,348393.08540014224,   1.0
 -0.09401745943652555,  0.0925559804282359, 17.450122520667716,58.759727411682135,  55.19363817609894,   0.397633323427315,  331.664688453674, 48.732502598661064,347589.29266846855,      0.0,347589.29266846855,   1.0
 -0.09401745943652555,  0.0925559804282359, 17.450122520667716,58.759727411682135,  54.19363817609894, 0.02000057999999999,  331.664688453674, 48.732502598661064, 326791.4401233198,      0.0, 326791.4401233198,   1.0
 -0.09401745943652555,  0.0925559804282359, 17.450122520667716,58.759727411682135,  54.19363817609894,   0.397633323427315,  332.664688453674, 48.732502598661064,348608.36397544446,      0.0,348608.36397544446,   1.0
 -0.09401745943652555,  0.0925559804282359, 17.450122520667716,58.759727411682135,  54.19363817609894,   0.397633323427315,  331.664688453674, 49.732502598661064, 348578.9445383931,      0.0, 348578.9445383931,   1.0
 -0.08156981391871287, 0.08002001662107637, 14.878808275725868,57.476165191134506,  47.19538725973072, 0.38540418611523114, 321.4920845880791,  51.37528408225414, 351591.2842859657,      0.0, 351591.2842859657,   1.0
  0.29999939999999997, 0.08002001662107637, 14.878808275725868,57.476165191134506,  47.19538725973072, 0.38540418611523114, 321.4920845880791,  51.37528408225414,257977.14822404907,      0.0,257977.14822404907,   1.0
 -0.08156981391871287,-0.29999939999999997, 14.878808275725868,57.476165191134506,  47.19538725973072, 0.38540418611523114, 321.4920845880791,  51.37528408225414,280478.24041947327,      0.0,280478.24041947327,   1.0
 -0.08156981391871287, 0.08002001662107637, 15.878808275725868,57.476165191134506,  47.19538725973072, 0.38540418611523114, 321.4920845880791,  51.37528408225414, 351697.6941137712,      0.0, 351697.6941137712,   1.0
 -0.08156981391871287, 0.08002001662107637, 14.878808275725868,58.476165191134506,  47.19538725973072, 0.38540418611523114, 321.4920845880791,  51.37528408225414,351591.73075648176,      0.0,351591.73075648176,   1.0
 -0.08156981391871287, 0.08002001662107637, 14.878808275725868,57.476165191134506,  48.19538725973072, 0.38540418611523114, 321.4920845880791,  51.37528408225414, 351570.3883494005,      0.0, 351570.3883494005,   1.0
 -0.08156981391871287, 0.08002001662107637, 14.878808275725868,57.476165191134506,  47.19538725973072, 0.02000057999999999, 321.4920845880791,  51.37528408225414,332233.11061751685,      0.0,332233.11061751685,   1.0
 -0.08156981391871287, 0.08002001662107637, 14.878808275725868,57.476165191134506,  47.19538725973072, 0.38540418611523114, 322.4920845880791,  51.37528408225414, 351733.0638732558,      0.0, 351733.0638732558,   1.0
 -0.08156981391871287, 0.08002001662107637, 14.878808275725868,57.476165191134506,  47.19538725973072, 0.38540418611523114, 321.4920845880791,  52.37528408225414, 351615.2319946888,      0.0, 351615.2319946888,   1.0
 -0.07883968673337446, 0.07727051869109686,  14.31484500153735, 57.19464302637043, 45.660469266664855, 0.38272198407299113, 319.2609395639541,  51.95492218031385, 351641.9609524442,      0.0, 351641.9609524442,   1.0
   0.2999993999999999, 0.07727051869109686,  14.31484500153735, 57.19464302637043, 45.660469266664855, 0.38272198407299113, 319.2609395639541,  51.95492218031385, 260184.9183730788,      0.0, 260184.9183730788,   1.0
 -0.07883968673337446,-0.29999939999999997,  14.31484500153735, 57.19464302637043, 45.660469266664855, 0.38272198407299113, 319.2609395639541,  51.95492218031385, 282180.5547768624,      0.0, 282180.5547768624,   1.0
 -0.07883968673337446, 0.07727051869109686,  15.31484500153735, 57.19464302637043, 45.660469266664855, 0.38272198407299113, 319.2609395639541,  51.95492218031385, 351811.9336329225,      0.0, 351811.9336329225,   1.0
 -0.07883968673337446, 0.07727051869109686,  14.31484500153735, 58.19464302637043, 45.660469266664855, 0.38272198407299113, 319.2609395639541,  51.95492218031385,351762.24807826465,      0.0,351762.24807826465,   1.0
 -0.07883968673337446, 0.07727051869109686,  14.31484500153735, 57.19464302637043, 46.660469266664855, 0.38272198407299113, 319.2609395639541,  51.95492218031385, 351786.5438377028,      0.0, 351786.5438377028,   1.0
 -0.07883968673337446, 0.07727051869109686,  14.31484500153735, 57.19464302637043, 45.660469266664855, 0.02000057999999999, 319.2609395639541,  51.95492218031385, 332279.7437159077,      0.0, 332279.7437159077,   1.0
 -0.07883968673337446, 0.07727051869109686,  14.31484500153735, 57.19464302637043, 45.660469266664855, 0.38272198407299113, 320.2609395639541,  51.95492218031385, 351798.4308814058,      0.0, 351798.4308814058,   1.0
 -0.07883968673337446, 0.07727051869109686,  14.31484500153735, 57.19464302637043, 45.660469266664855, 0.38272198407299113, 319.2609395639541,  52.95492218031385, 351629.2766219543,      0.0, 351629.2766219543,   1.0
 -0.07823134127566177, 0.07665785691267273, 14.189178879456362, 57.13191234807112, 45.318448428200746,  0.3821243176207368, 318.7637806959666,  52.08408107297113,  351683.991246619,      0.0,  351683.991246619,   1.0
  0.29999939999999997, 0.07665785691267273, 14.189178879456362, 57.13191234807112, 45.318448428200746,  0.3821243176207368, 318.7637806959666,  52.08408107297113,260780.69801147806,      0.0,260780.69801147806,   1.0
 -0.07823134127566177,-0.29999939999999997, 14.189178879456362, 57.13191234807112, 45.318448428200746,  0.3821243176207368, 318.7637806959666,  52.08408107297113, 282555.8261720865,      0.0, 282555.8261720865,   1.0
 -0.07823134127566177, 0.07665785691267273, 15.189178879456362, 57.13191234807112, 45.318448428200746,  0.3821243176207368, 318.7637806959666,  52.08408107297113,351877.37027341797,      0.0,351877.37027341797,   1.0
 -0.07823134127566177, 0.07665785691267273, 14.189178879456362, 58.13191234807112, 45.318448428200746,  0.3821243176207368, 318.7637806959666,  52.08408107297113, 351697.8518824206,      0.0, 351697.8518824206,   1.0
 -0.07823134127566177, 0.07665785691267273, 14.189178879456362, 57.13191234807112, 46.318448428200746,  0.3821243176207368, 318.7637806959666,  52.08408107297113, 351763.3203222067,      0.0, 351763.3203222067,   1.0
 -0.07823134127566177, 0.07665785691267273, 14.189178879456362, 57.13191234807112, 45.318448428200746, 0.02000057999999999, 318.7637806959666,  52.08408107297113,  332072.046912316,      0.0,  332072.046912316,   1.0
 -0.07823134127566177, 0.07665785691267273, 14.189178879456362, 57.13191234807112, 45.318448428200746,  0.3821243176207368, 319.7637806959666,  52.08408107297113,351814.38985928334,      0.0,351814.38985928334,   1.0
 -0.07823134127566177, 0.07665785691267273, 14.189178879456362, 57.13191234807112, 45.318448428200746,  0.3821243176207368, 318.7637806959666,  53.08408107297113, 351654.5552474031,      0.0, 351654.5552474031,   1.0
 -0.07863284927775215, 0.07706221368643265, 14.272118520029814,57.173314595748664,  45.54418218158706, 0.38251877747922464, 319.0919055488383, 51.998836203817326, 351635.6670847392,      0.0, 351635.6670847392,   1.0
  0.29999939999999997, 0.07706221368643265, 14.272118520029814,57.173314595748664,  45.54418218158706, 0.38251877747922464, 319.0919055488383, 51.998836203817326,260345.70465461485,      0.0,260345.70465461485,   1.0
 -0.07863284927775215,          -0.2999994, 14.272118520029814,57.173314595748664,  45.54418218158706, 0.38251877747922464, 319.0919055488383, 51.998836203817326,282324.86899096146,      0.0,282324.86899096146,   1.0
 -0.07863284927775215, 0.07706221368643265, 15.272118520029814,57.173314595748664,  45.54418218158706, 0.38251877747922464, 319.0919055488383, 51.998836203817326,351825.74612335337,      0.0,351825.74612335337,   1.0
 -0.07863284927775215, 0.07706221368643265, 14.272118520029814,58.173314595748664,  45.54418218158706, 0.38251877747922464, 319.0919055488383, 51.998836203817326,351741.57265826623,      0.0,351741.57265826623,   1.0
 -0.07863284927775215, 0.07706221368643265, 14.272118520029814,57.173314595748664,  46.54418218158706, 0.38251877747922464, 319.0919055488383, 51.998836203817326, 351758.5459133621,      0.0, 351758.5459133621,   1.0
 -0.07863284927775215, 0.07706221368643265, 14.272118520029814,57.173314595748664,  45.54418218158706, 0.02000057999999999, 319.0919055488383, 51.998836203817326, 332100.3383552263,      0.0, 332100.3383552263,   1.0
 -0.07863284927775215, 0.07706221368643265, 14.272118520029814,57.173314595748664,  45.54418218158706, 0.38251877747922464, 320.0919055488383, 51.998836203817326,351800.56676582026,      0.0,351800.56676582026,   1.0
 -0.07863284927775215, 0.07706221368643265, 14.272118520029814,57.173314595748664,  45.54418218158706, 0.38251877747922464, 319.0919055488383, 52.998836203817326, 351632.4072391315,      0.0, 351632.4072391315,   1.0
 -0.07829805956564373, 0.07672504858095189,  14.20296089864893, 57.13879212917654,  45.35595844030196, 0.38218986472586997, 318.8183049619095,  52.06991599563751,351671.74973554694,      0.0,351671.74973554694,   1.0
  0.29999939999999997, 0.07672504858095189,  14.20296089864893, 57.13879212917654,  45.35595844030196, 0.38218986472586997, 318.8183049619095,  52.06991599563751,260712.07810647908,      0.0,260712.07810647908,   1.0
 -0.07829805956564373,          -0.2999994,  14.20296089864893, 57.13879212917654,  45.35595844030196, 0.38218986472586997, 318.8183049619095,  52.06991599563751, 282483.9381127334,      0.0, 282483.9381127334,   1.0
 -0.07829805956564373, 0.07672504858095189,  15.20296089864893, 57.13879212917654,  45.35595844030196, 0.38218986472586997, 318.8183049619095,  52.06991599563751,351870.85398877057,      0.0,351870.85398877057,   1.0
 -0.07829805956564373, 0.07672504858095189,  14.20296089864893, 58.13879212917654,  45.35595844030196, 0.38218986472586997, 318.8183049619095,  52.06991599563751, 351672.7030481129,      0.0, 351672.7030481129,   1.0
 -0.07829805956564373, 0.07672504858095189,  14.20296089864893, 57.13879212917654,  46.35595844030196, 0.38218986472586997, 318.8183049619095,  52.06991599563751, 351741.4306888147,      0.0, 351741.4306888147,   1.0
 -0.07829805956564373, 0.07672504858095189,  14.20296089864893, 57.13879212917654,  45.35595844030196, 0.02000057999999999, 318.8183049619095,  52.06991599563751,332078.29121050716,      0.0,332078.29121050716,   1.0
 -0.07829805956564373, 0.07672504858095189,  14.20296089864893, 57.13879212917654,  45.35595844030196, 0.38218986472586997, 319.8183049619095,  52.06991599563751, 351804.4323364749,      0.0, 351804.4323364749,   1.0
 -0.07829805956564373, 0.07672504858095189,  14.20296089864893, 57.13879212917654,  45.35595844030196, 0.38218986472586997, 318.8183049619095,  53.06991599563751,351651.89083269646,      0.0,351651.89083269646,   1.0
 -0.07824172300809719, 0.07666831230537167,  14.19132343735369, 57.13298287980492,  45.32428519214343,  0.3821345171103759, 318.7722649712742,  52.08187690912274, 351679.9940080658,      0.0, 351679.9940080658,   1.0
  0.29999939999999997, 0.07666831230537167,  14.19132343735369, 57.13298287980492,  45.32428519214343,  0.3821345171103759, 318.7722649712742,  52.08187690912274,260771.38887316143,      0.0,260771.38887316143,   1.0
 -0.07824172300809719,-0.29999939999999997,  14.19132343735369, 57.13298287980492,  45.32428519214343,  0.3821345171103759, 318.7722649712742,  52.08187690912274,  282544.217801564,      0.0,  282544.217801564,   1.0
 -0.07824172300809719, 0.07666831230537167,  15.19132343735369, 57.13298287980492,  45.32428519214343,  0.3821345171103759, 318.7722649712742,  52.08187690912274,  351873.619926439,      0.0,  351873.619926439,   1.0
 -0.07824172300809719, 0.07666831230537167,  14.19132343735369, 58.13298287980492,  45.32428519214343,  0.3821345171103759, 318.7722649712742,  52.08187690912274,351686.96965007024,      0.0,351686.96965007024,   1.0
 -0.07824172300809719, 0.07666831230537167,  14.19132343735369, 57.13298287980492,  46.32428519214343,  0.3821345171103759, 318.7722649712742,  52.08187690912274,351753.82637207245,      0.0,351753.82637207245,   1.0
 -0.07824172300809719, 0.07666831230537167,  14.19132343735369, 57.13298287980492,  45.32428519214343, 0.02000057999999999, 318.7722649712742,  52.08187690912274,332080.35675609147,      0.0,332080.35675609147,   1.0
 -0.07824172300809719, 0.07666831230537167,  14.19132343735369, 57.13298287980492,  45.32428519214343,  0.3821345171103759, 319.7722649712742,  52.08187690912274, 351818.4589930513,      0.0, 351818.4589930513,   1.0
 -0.07824172300809719, 0.07666831230537167,  14.19132343735369, 57.13298287980492,  45.32428519214343,  0.3821345171103759, 318.7722649712742,  53.08187690912274, 351653.2982662675,      0.0, 351653.2982662675,   1.0
 -0.07823134127566177, 0.07665785691267273, 14.189178879456362, 57.13191234807112, 45.318448428200746,  0.3821243176207368, 318.7637806959666,  52.08408107297113,  351683.991246619,      0.0,  351683.991246619,   1.0
  0.29999939999999997, 0.07665785691267273, 14.189178879456362, 57.13191234807112, 45.318448428200746,  0.3821243176207368, 318.7637806959666,  52.08408107297113,260780.69801147806,      0.0,260780.69801147806,   1.0
 -0.07823134127566177,-0.29999939999999997, 14.189178879456362, 57.13191234807112, 45.318448428200746,  0.3821243176207368, 318.7637806959666,  52.08408107297113, 282555.8261720865,      0.0, 282555.8261720865,   1.0
 -0.07823134127566177, 0.07665785691267273, 15.189178879456362, 57.13191234807112, 45.318448428200746,  0.3821243176207368, 318.7637806959666,  52.08408107297113,351877.37027341797,      0.0,351877.37027341797,   1.0
 -0.07823134127566177, 0.07665785691267273, 14.189178879456362, 58.13191234807112, 45.318448428200746,  0.3821243176207368, 318.7637806959666,  52.08408107297113, 351697.8518824206,      0.0, 351697.8518824206,   1.0
 -0.07823134127566177, 0.07665785691267273, 14.189178879456362, 57.13191234807112, 46.318448428200746,  0.3821243176207368, 318.7637806959666,  52.08408107297113, 351763.3203222067,      0.0, 351763.3203222067,   1.0
 -0.07823134127566177, 0.07665785691267273, 14.189178879456362, 57.13191234807112, 45.318448428200746, 0.02000057999999999, 318.7637806959666,  52.08408107297113,  332072.046912316,      0.0,  332072.046912316,   1.0
 -0.07823134127566177, 0.07665785691267273, 14.189178879456362, 57.13191234807112, 45.318448428200746,  0.3821243176207368, 319.7637806959666,  52.08408107297113,351814.38985928334,      0.0,351814.38985928334,   1.0
 -0.07823134127566177, 0.07665785691267273, 14.189178879456362, 57.13191234807112, 45.318448428200746,  0.3821243176207368, 318.7637806959666,  53.08408107297113, 351654.5552474031,      0.0, 351654.5552474031,   1.0
 -0.29999939999999997, 0.29999939999999997, 14.951196315099383,57.508829548136404,  47.36509617452594,          0.59999942,321.76105075992496,  51.30719260780299,   319211.04065779,      0.0,   319211.04065779,   1.0
  0.29999939999999997, 0.29999939999999997, 14.951196315099383,57.508829548136404,  47.36509617452594,          0.59999942,321.76105075992496,  51.30719260780299, 242434.3857293001,      0.0, 242434.3857293001,   1.0
 -0.29999939999999997,-0.29999939999999997, 14.951196315099383,57.508829548136404,  47.36509617452594,          0.59999942,321.76105075992496,  51.30719260780299, 250628.9243095187,      0.0, 250628.9243095187,   1.0
 -0.29999939999999997, 0.29999939999999997, 15.951196315099383,57.508829548136404,  47.36509617452594,          0.59999942,321.76105075992496,  51.30719260780299,319333.74068936706,      0.0,319333.74068936706,   1.0
 -0.29999939999999997, 0.29999939999999997, 14.951196315099383,58.508829548136404,  47.36509617452594,          0.59999942,321.76105075992496,  51.30719260780299,  318948.698047671,      0.0,  318948.698047671,   1.0
 -0.29999939999999997, 0.29999939999999997, 14.951196315099383,57.508829548136404,  48.36509617452594,          0.59999942,321.76105075992496,  51.30719260780299,319140.89022194396,      0.0,319140.89022194396,   1.0
 -0.29999939999999997, 0.29999939999999997, 14.951196315099383,57.508829548136404,  47.36509617452594,0.020000580000000046,321.76105075992496,  51.30719260780299,341350.61387734464,      0.0,341350.61387734464,   1.0
 -0.29999939999999997, 0.29999939999999997, 14.951196315099383,57.508829548136404,  47.36509617452594,          0.59999942,322.76105075992496,  51.30719260780299,  319389.020868402,      0.0,  319389.020868402,   1.0
 -0.29999939999999997, 0.29999939999999997, 14.951196315099383,57.508829548136404,  47.36509617452594,          0.59999942,321.76105075992496,  52.30719260780299, 320070.3033909581,      0.0, 320070.3033909581,   1.0
 -0.11797681332306435, 0.11668533025063962, 14.325748333426422,57.199463789543586,  45.68525048824656, 0.42117209051125915,319.30095414750343,   51.9448464196405, 345809.0045857685,      0.0, 345809.0045857685,   1.0
  0.29999939999999997, 0.11668533025063962, 14.325748333426422,57.199463789543586,  45.68525048824656, 0.42117209051125915,319.30095414750343,   51.9448464196405,254166.15958182653,      0.0,254166.15958182653,   1.0
 -0.11797681332306435, -0.2999993999999999, 14.325748333426422,57.199463789543586,  45.68525048824656, 0.42117209051125915,319.30095414750343,   51.9448464196405,274398.45366657356,      0.0,274398.45366657356,   1.0
 -0.11797681332306435, 0.11668533025063962, 15.325748333426422,57.199463789543586,  45.68525048824656, 0.42117209051125915,319.30095414750343,   51.9448464196405,345905.00160772726,      0.0,345905.00160772726,   1.0
 -0.11797681332306435, 0.11668533025063962, 14.325748333426422,58.199463789543586,  45.68525048824656, 0.42117209051125915,319.30095414750343,   51.9448464196405, 345717.1483062727,      0.0, 345717.1483062727,   1.0
 -0.11797681332306435, 0.11668533025063962, 14.325748333426422,57.199463789543586,  46.68525048824656, 0.42117209051125915,319.30095414750343,   51.9448464196405, 345747.2660710711,      0.0, 345747.2660710711,   1.0
 -0.11797681332306435, 0.11668533025063962, 14.325748333426422,57.199463789543586,  45.68525048824656, 0.02000057999999999,319.30095414750343,   51.9448464196405, 342146.4350149655,      0.0, 342146.4350149655,   1.0
 -0.11797681332306435, 0.11668533025063962, 14.325748333426422,57.199463789543586,  45.68525048824656, 0.42117209051125915,320.30095414750343,   51.9448464196405,  345998.114753957,      0.0,  345998.114753957,   1.0
 -0.11797681332306435, 0.11668533025063962, 14.325748333426422,57.199463789543586,  45.68525048824656, 0.42117209051125915,319.30095414750343,   52.9448464196405,345898.75292506616,      0.0,345898.75292506616,   1.0
  -0.0844833593011711, 0.08295423413335584,  14.21066144448758, 57.14253828375585,  45.37614690234304,  0.3882665865986063,318.84827882691917,  52.06217926837411, 350574.3362100073,      0.0, 350574.3362100073,   1.0
   0.2999993999999999, 0.08295423413335584,  14.21066144448758, 57.14253828375585,  45.37614690234304,  0.3882665865986063,318.84827882691917,  52.06217926837411, 259913.9417269958,      0.0, 259913.9417269958,   1.0
  -0.0844833593011711,-0.29999939999999997,  14.21066144448758, 57.14253828375585,  45.37614690234304,  0.3882665865986063,318.84827882691917,  52.06217926837411,  281534.278872192,      0.0,  281534.278872192,   1.0
  -0.0844833593011711, 0.08295423413335584,  15.21066144448758, 57.14253828375585,  45.37614690234304,  0.3882665865986063,318.84827882691917,  52.06217926837411, 350800.7886927132,      0.0, 350800.7886927132,   1.0
  -0.0844833593011711, 0.08295423413335584,  14.21066144448758, 58.14253828375585,  45.37614690234304,  0.3882665865986063,318.84827882691917,  52.06217926837411, 350652.0070263088,      0.0, 350652.0070263088,   1.0
  -0.0844833593011711, 0.08295423413335584,  14.21066144448758, 57.14253828375585,  46.37614690234304,  0.3882665865986063,318.84827882691917,  52.06217926837411, 350553.6099843197,      0.0, 350553.6099843197,   1.0
  -0.0844833593011711, 0.08295423413335584,  14.21066144448758, 57.14253828375585,  45.37614690234304, 0.02000057999999999,318.84827882691917,  52.06217926837411, 334491.0500341373,      0.0, 334491.0500341373,   1.0
  -0.0844833593011711, 0.08295423413335584,  14.21066144448758, 57.14253828375585,  45.37614690234304,  0.3882665865986063,319.84827882691917,  52.06217926837411, 350740.0667332238,      0.0, 350740.0667332238,   1.0
  -0.0844833593011711, 0.08295423413335584,  14.21066144448758, 57.14253828375585,  45.37614690234304,  0.3882665865986063,318.84827882691917,  53.06217926837411, 350568.5157345551,      0.0, 350568.5157345551,   1.0
 -0.07912788774803448, 0.07756076454392055, 14.192259503635254, 57.13343611929425,  45.32672245480184,  0.3830051259552624,318.77589782373536,  52.08094032936324, 351534.8037055031,      0.0, 351534.8037055031,   1.0
  0.29999939999999997, 0.07756076454392055, 14.192259503635254, 57.13343611929425,  45.32672245480184,  0.3830051259552624,318.77589782373536,  52.08094032936324,260485.68191502473,      0.0,260485.68191502473,   1.0
 -0.07912788774803448, -0.2999993999999999, 14.192259503635254, 57.13343611929425,  45.32672245480184,  0.3830051259552624,318.77589782373536,  52.08094032936324, 282300.8162020163,      0.0, 282300.8162020163,   1.0
 -0.07912788774803448, 0.07756076454392055, 15.192259503635254, 57.13343611929425,  45.32672245480184,  0.3830051259552624,318.77589782373536,  52.08094032936324, 351717.7607227491,      0.0, 351717.7607227491,   1.0
 -0.07912788774803448, 0.07756076454392055, 14.192259503635254, 58.13343611929425,  45.32672245480184,  0.3830051259552624,318.77589782373536,  52.08094032936324, 351578.4000731299,      0.0, 351578.4000731299,   1.0
 -0.07912788774803448, 0.07756076454392055, 14.192259503635254, 57.13343611929425,  46.32672245480184,  0.3830051259552624,318.77589782373536,  52.08094032936324,  351657.710364767,      0.0,  351657.710364767,   1.0
 -0.07912788774803448, 0.07756076454392055, 14.192259503635254, 57.13343611929425,  45.32672245480184, 0.02000057999999999,318.77589782373536,  52.08094032936324,332590.87110157206,      0.0,332590.87110157206,   1.0
 -0.07912788774803448, 0.07756076454392055, 14.192259503635254, 57.13343611929425,  45.32672245480184,  0.3830051259552624,319.77589782373536,  52.08094032936324,351668.86454576283,      0.0,351668.86454576283,   1.0
 -0.07912788774803448, 0.07756076454392055, 14.192259503635254, 57.13343611929425,  45.32672245480184,  0.3830051259552624,318.77589782373536,  53.08094032936324, 351513.1286712275,      0.0, 351513.1286712275,   1.0
 -0.07836134624240987, 0.07678878428810071,  14.18962558964516,57.132133304634216,  45.31964821492268,  0.3822520404569423,318.76553775691235,  52.08362564508101, 351634.6297115142,      0.0, 351634.6297115142,   1.0
  0.29999939999999997, 0.07678878428810071,  14.18962558964516,57.132133304634216,  45.31964821492268,  0.3822520404569423,318.76553775691235,  52.08362564508101, 260751.4442192312,      0.0, 260751.4442192312,   1.0
 -0.07836134624240987,-0.29999939999999997,  14.18962558964516,57.132133304634216,  45.31964821492268,  0.3822520404569423,318.76553775691235,  52.08362564508101,282502.07596107794,      0.0,282502.07596107794,   1.0
 -0.07836134624240987, 0.07678878428810071,  15.18962558964516,57.132133304634216,  45.31964821492268,  0.3822520404569423,318.76553775691235,  52.08362564508101,    351830.4687976,      0.0,    351830.4687976,   1.0
 -0.07836134624240987, 0.07678878428810071,  14.18962558964516,58.132133304634216,  45.31964821492268,  0.3822520404569423,318.76553775691235,  52.08362564508101, 351667.1888091275,      0.0, 351667.1888091275,   1.0
 -0.07836134624240987, 0.07678878428810071,  14.18962558964516,57.132133304634216,  46.31964821492268,  0.3822520404569423,318.76553775691235,  52.08362564508101,351755.91834570584,      0.0,351755.91834570584,   1.0
 -0.07836134624240987, 0.07678878428810071,  14.18962558964516,57.132133304634216,  45.31964821492268, 0.02000057999999999,318.76553775691235,  52.08362564508101, 332176.7916142895,      0.0, 332176.7916142895,   1.0
 -0.07836134624240987, 0.07678878428810071,  14.18962558964516,57.132133304634216,  45.31964821492268,  0.3822520404569423,319.76553775691235,  52.08362564508101, 351760.0487064277,      0.0, 351760.0487064277,   1.0
 -0.07836134624240987, 0.07678878428810071,  14.18962558964516,57.132133304634216,  45.31964821492268,  0.3822520404569423,318.76553775691235,  53.08362564508101, 351607.6131662659,      0.0, 351607.6131662659,   1.0
 -0.07824486578754916, 0.07667147738341053, 14.189225351044408, 57.13193533434417,  45.31857324289198, 0.38213760472091274, 318.7639634843034, 52.084033694474236, 351684.7238662478,      0.0, 351684.7238662478,   1.0
   0.2999993999999999, 0.07667147738341053, 14.189225351044408, 57.13193533434417,  45.31857324289198, 0.38213760472091274, 318.7639634843034, 52.084033694474236,260780.52925431076,      0.0,260780.52925431076,   1.0
 -0.07824486578754916,-0.29999939999999997, 14.189225351044408, 57.13193533434417,  45.31857324289198, 0.38213760472091274, 318.7639634843034, 52.084033694474236, 282527.3807661248,      0.0, 282527.3807661248,   1.0
 -0.07824486578754916, 0.07667147738341053, 15.189225351044408, 57.13193533434417,  45.31857324289198, 0.38213760472091274, 318.7639634843034, 52.084033694474236, 351877.9284334192,      0.0, 351877.9284334192,   1.0
 -0.07824486578754916, 0.07667147738341053, 14.189225351044408, 58.13193533434417,  45.31857324289198, 0.38213760472091274, 318.7639634843034, 52.084033694474236, 351690.6823986739,      0.0, 351690.6823986739,   1.0
 -0.07824486578754916, 0.07667147738341053, 14.189225351044408, 57.13193533434417,  46.31857324289198, 0.38213760472091274, 318.7639634843034, 52.084033694474236, 351768.1979895626,      0.0, 351768.1979895626,   1.0
 -0.07824486578754916, 0.07667147738341053, 14.189225351044408, 57.13193533434417,  45.31857324289198, 0.02000057999999999, 318.7639634843034, 52.084033694474236,332065.52274779417,      0.0,332065.52274779417,   1.0
 -0.07824486578754916, 0.07667147738341053, 14.189225351044408, 57.13193533434417,  45.31857324289198, 0.38213760472091274, 319.7639634843034, 52.084033694474236,351814.87426683505,      0.0,351814.87426683505,   1.0
 -0.07824486578754916, 0.07667147738341053, 14.189225351044408, 57.13193533434417,  45.31857324289198, 0.38213760472091274, 318.7639634843034, 53.084033694474236,351655.35931223596,      0.0,351655.35931223596,   1.0
 -0.07825623366200554, 0.07668292591498588, 14.189264412208544,57.131954655194235,  45.31867815445936, 0.38214877304165856, 318.7641171249584,  52.08399387101819, 351672.4851911564,      0.0, 351672.4851911564,   1.0
            0.2999994, 0.07668292591498588, 14.189264412208544,57.131954655194235,  45.31867815445936, 0.38214877304165856, 318.7641171249584,  52.08399387101819,260777.74486149423,      0.0,260777.74486149423,   1.0
 -0.07825623366200554,-0.29999939999999997, 14.189264412208544,57.131954655194235,  45.31867815445936, 0.38214877304165856, 318.7641171249584,  52.08399387101819,282527.33229683235,      0.0,282527.33229683235,   1.0
 -0.07825623366200554, 0.07668292591498588, 15.189264412208544,57.131954655194235,  45.31867815445936, 0.38214877304165856, 318.7641171249584,  52.08399387101819, 351864.8641326529,      0.0, 351864.8641326529,   1.0
 -0.07825623366200554, 0.07668292591498588, 14.189264412208544,58.131954655194235,  45.31867815445936, 0.38214877304165856, 318.7641171249584,  52.08399387101819,351687.12457195483,      0.0,351687.12457195483,   1.0
 -0.07825623366200554, 0.07668292591498588, 14.189264412208544,57.131954655194235,  46.31867815445936, 0.38214877304165856, 318.7641171249584,  52.08399387101819, 351761.4594326796,      0.0, 351761.4594326796,   1.0
 -0.07825623366200554, 0.07668292591498588, 14.189264412208544,57.131954655194235,  45.31867815445936, 0.02000057999999999, 318.7641171249584,  52.08399387101819,332133.06791627174,      0.0,332133.06791627174,   1.0
 -0.07825623366200554, 0.07668292591498588, 14.189264412208544,57.131954655194235,  45.31867815445936, 0.38214877304165856, 319.7641171249584,  52.08399387101819, 351800.8330050272,      0.0, 351800.8330050272,   1.0
 -0.07825623366200554, 0.07668292591498588, 14.189264412208544,57.131954655194235,  45.31867815445936, 0.38214877304165856, 318.7641171249584,  53.08399387101819,351639.08077894605,      0.0,351639.08077894605,   1.0
 -0.07824548530516681, 0.07667210129661738, 14.189227479769478,57.131936387276895,  45.31857896028132,  0.3821382133634068, 318.7639718572928,  52.08403152420637, 351684.7204971034,      0.0, 351684.7204971034,   1.0
   0.2999993999999999, 0.07667210129661738, 14.189227479769478,57.131936387276895,  45.31857896028132,  0.3821382133634068, 318.7639718572928,  52.08403152420637,260778.84755057318,      0.0,260778.84755057318,   1.0
 -0.07824548530516681,-0.29999939999999997, 14.189227479769478,57.131936387276895,  45.31857896028132,  0.3821382133634068, 318.7639718572928,  52.08403152420637, 282527.0703884444,      0.0, 282527.0703884444,   1.0
 -0.07824548530516681, 0.07667210129661738, 15.189227479769478,57.131936387276895,  45.31857896028132,  0.3821382133634068, 318.7639718572928,  52.08403152420637, 351877.9284334192,      0.0, 351877.9284334192,   1.0
 -0.07824548530516681, 0.07667210129661738, 14.189227479769478,58.131936387276895,  45.31857896028132,  0.3821382133634068, 318.7639718572928,  52.08403152420637,351690.48546315834,      0.0,351690.48546315834,   1.0
 -0.07824548530516681, 0.07667210129661738, 14.189227479769478,57.131936387276895,  46.31857896028132,  0.3821382133634068, 318.7639718572928,  52.08403152420637,351768.20393253095,      0.0,351768.20393253095,   1.0
 -0.07824548530516681, 0.07667210129661738, 14.189227479769478,57.131936387276895,  45.31857896028132, 0.02000057999999999, 318.7639718572928,  52.08403152420637,332065.52274779417,      0.0,332065.52274779417,   1.0
 -0.07824548530516681, 0.07667210129661738, 14.189227479769478,57.131936387276895,  45.31857896028132,  0.3821382133634068, 319.7639718572928,  52.08403152420637,351814.87426683505,      0.0,351814.87426683505,   1.0
 -0.07824548530516681, 0.07667210129661738, 14.189227479769478,57.131936387276895,  45.31857896028132,  0.3821382133634068, 318.7639718572928,  53.08403152420637,351655.35931223596,      0.0,351655.35931223596,   1.0
 -0.07824486578754916, 0.07667147738341053, 14.189225351044408, 57.13193533434417,  45.31857324289198, 0.38213760472091274, 318.7639634843034, 52.084033694474236, 351684.7238662478,      0.0, 351684.7238662478,   1.0
   0.2999993999999999, 0.07667147738341053, 14.189225351044408, 57.13193533434417,  45.31857324289198, 0.38213760472091274, 318.7639634843034, 52.084033694474236,260780.52925431076,      0.0,260780.52925431076,   1.0
 -0.07824486578754916,-0.29999939999999997, 14.189225351044408, 57.13193533434417,  45.31857324289198, 0.38213760472091274, 318.7639634843034, 52.084033694474236, 282527.3807661248,      0.0, 282527.3807661248,   1.0
 -0.07824486578754916, 0.07667147738341053, 15.189225351044408, 57.13193533434417,  45.31857324289198, 0.38213760472091274, 318.7639634843034, 52.084033694474236, 351877.9284334192,      0.0, 351877.9284334192,   1.0
 -0.07824486578754916, 0.07667147738341053, 14.189225351044408, 58.13193533434417,  45.31857324289198, 0.38213760472091274, 318.7639634843034, 52.084033694474236, 351690.6823986739,      0.0, 351690.6823986739,   1.0
 -0.07824486578754916, 0.07667147738341053, 14.189225351044408, 57.13193533434417,  46.31857324289198, 0.38213760472091274, 318.7639634843034, 52.084033694474236, 351768.1979895626,      0.0, 351768.1979895626,   1.0
 -0.07824486578754916, 0.07667147738341053, 14.189225351044408, 57.13193533434417,  45.31857324289198, 0.02000057999999999, 318.7639634843034, 52.084033694474236,332065.52274779417,      0.0,332065.52274779417,   1.0
 -0.07824486578754916, 0.07667147738341053, 14.189225351044408, 57.13193533434417,  45.31857324289198, 0.38213760472091274, 319.7639634843034, 52.084033694474236,351814.87426683505,      0.0,351814.87426683505,   1.0
 -0.07824486578754916, 0.07667147738341053, 14.189225351044408, 57.13193533434417,  45.31857324289198, 0.38213760472091274, 318.7639634843034, 53.084033694474236,351655.35931223596,      0.0,351655.35931223596,   1.0
 -0.29999939999999997, 0.29999939999999997,  14.95182729052917, 57.50886079312345,  47.36691227804246,          0.59999942, 321.7635930391249, 51.306541938372014, 319243.4122213041,      0.0, 319243.4122213041,   1.0
  0.29999939999999997, 0.29999939999999997,  14.95182729052917, 57.50886079312345,  47.36691227804246,          0.59999942, 321.7635930391249, 51.306541938372014,242438.18672562798,      0.0,242438.18672562798,   1.0
 -0.29999939999999997,-0.29999939999999997,  14.95182729052917, 57.50886079312345,  47.36691227804246,          0.59999942, 321.7635930391249, 51.306541938372014, 250630.3298697658,      0.0, 250630.3298697658,   1.0
 -0.29999939999999997, 0.29999939999999997,  15.95182729052917, 57.50886079312345,  47.36691227804246,          0.59999942, 321.7635930391249, 51.306541938372014,319364.21147639834,      0.0,319364.21147639834,   1.0
 -0.29999939999999997, 0.29999939999999997,  14.95182729052917, 58.50886079312345,  47.36691227804246,          0.59999942, 321.7635930391249, 51.306541938372014, 318956.3753524014,      0.0, 318956.3753524014,   1.0
 -0.29999939999999997, 0.29999939999999997,  14.95182729052917, 57.50886079312345,  48.36691227804246,          0.59999942, 321.7635930391249, 51.306541938372014,319141.10349833476,      0.0,319141.10349833476,   1.0
 -0.29999939999999997, 0.29999939999999997,  14.95182729052917, 57.50886079312345,  47.36691227804246,0.020000580000000046, 321.7635930391249, 51.306541938372014,341357.60564834217,      0.0,341357.60564834217,   1.0
 -0.29999939999999997, 0.29999939999999997,  14.95182729052917, 57.50886079312345,  47.36691227804246,          0.59999942, 322.7635930391249, 51.306541938372014, 319422.2476028402,      0.0, 319422.2476028402,   1.0
 -0.29999939999999997, 0.29999939999999997,  14.95182729052917, 57.50886079312345,  47.36691227804246,          0.59999942, 321.7635930391249, 52.306541938372014,320100.20645582635,      0.0,320100.20645582635,   1.0
 -0.11800910460666086,  0.1167178506467156, 14.325972433818995, 57.19952427457997,  45.68587415453061,   0.421203814947862, 319.3018464476006,  51.94461662244305, 345823.4150482243,      0.0, 345823.4150482243,   1.0
  0.29999939999999997,  0.1167178506467156, 14.325972433818995, 57.19952427457997,  45.68587415453061,   0.421203814947862, 319.3018464476006,  51.94461662244305, 254163.9855374454,      0.0, 254163.9855374454,   1.0
 -0.11800910460666086,-0.29999939999999997, 14.325972433818995, 57.19952427457997,  45.68587415453061,   0.421203814947862, 319.3018464476006,  51.94461662244305,  274387.416936578,      0.0,  274387.416936578,   1.0
 -0.11800910460666086,  0.1167178506467156, 15.325972433818995, 57.19952427457997,  45.68587415453061,   0.421203814947862, 319.3018464476006,  51.94461662244305, 345909.9338647432,      0.0, 345909.9338647432,   1.0
 -0.11800910460666086,  0.1167178506467156, 14.325972433818995, 58.19952427457997,  45.68587415453061,   0.421203814947862, 319.3018464476006,  51.94461662244305,345689.27237118734,      0.0,345689.27237118734,   1.0
 -0.11800910460666086,  0.1167178506467156, 14.325972433818995, 57.19952427457997,  46.68587415453061,   0.421203814947862, 319.3018464476006,  51.94461662244305, 345737.0484508837,      0.0, 345737.0484508837,   1.0
 -0.11800910460666086,  0.1167178506467156, 14.325972433818995, 57.19952427457997,  45.68587415453061, 0.02000057999999999, 319.3018464476006,  51.94461662244305,342148.47434556304,      0.0,342148.47434556304,   1.0
 -0.11800910460666086,  0.1167178506467156, 14.325972433818995, 57.19952427457997,  45.68587415453061,   0.421203814947862, 320.3018464476006,  51.94461662244305,346006.63698868314,      0.0,346006.63698868314,   1.0
 -0.11800910460666086,  0.1167178506467156, 14.325972433818995, 57.19952427457997,  45.68587415453061,   0.421203814947862, 319.3018464476006,  52.94461662244305, 345914.0921611533,      0.0, 345914.0921611533,   1.0
 -0.08450701002663391,  0.0829780526649802, 14.210760528933868, 57.14257936288069,  45.37641645468566,  0.3882898221549853, 318.8486702660737, 52.062078041848224,350572.06296564813,      0.0,350572.06296564813,   1.0
  0.29999939999999997,  0.0829780526649802, 14.210760528933868, 57.14257936288069,  45.37641645468566,  0.3882898221549853, 318.8486702660737, 52.062078041848224,259907.68825445304,      0.0,259907.68825445304,   1.0
 -0.08450701002663391,-0.29999939999999997, 14.210760528933868, 57.14257936288069,  45.37641645468566,  0.3882898221549853, 318.8486702660737, 52.062078041848224, 281535.5414828365,      0.0, 281535.5414828365,   1.0
 -0.08450701002663391,  0.0829780526649802, 15.210760528933868, 57.14257936288069,  45.37641645468566,  0.3882898221549853, 318.8486702660737, 52.062078041848224, 350798.4769453262,      0.0, 350798.4769453262,   1.0
 -0.08450701002663391,  0.0829780526649802, 14.210760528933868, 58.14257936288069,  45.37641645468566,  0.3882898221549853, 318.8486702660737, 52.062078041848224,350650.62856634933,      0.0,350650.62856634933,   1.0
 -0.08450701002663391,  0.0829780526649802, 14.210760528933868, 57.14257936288069,  46.37641645468566,  0.3882898221549853, 318.8486702660737, 52.062078041848224, 350550.5758502117,      0.0, 350550.5758502117,   1.0
 -0.08450701002663391,  0.0829780526649802, 14.210760528933868, 57.14257936288069,  45.37641645468566, 0.02000057999999999, 318.8486702660737, 52.062078041848224, 334496.6646784352,      0.0, 334496.6646784352,   1.0
 -0.08450701002663391,  0.0829780526649802, 14.210760528933868, 57.14257936288069,  45.37641645468566,  0.3882898221549853, 319.8486702660737, 52.062078041848224, 350737.9721745358,      0.0, 350737.9721745358,   1.0
 -0.08450701002663391,  0.0829780526649802, 14.210760528933868, 57.14257936288069,  45.37641645468566,  0.3882898221549853, 318.8486702660737, 53.062078041848224, 350565.7101451496,      0.0, 350565.7101451496,   1.0
 -0.07914268620367046, 0.07757566799726755,   14.1923129072609, 57.13346139726527,  45.32686637931612, 0.38301966463614956, 318.7761081228096,  52.08088585366695,351505.17452741036,      0.0,351505.17452741036,   1.0
   0.2999993999999999, 0.07757566799726755,   14.1923129072609, 57.13346139726527,  45.32686637931612, 0.38301966463614956, 318.7761081228096,  52.08088585366695,260497.51595501852,      0.0,260497.51595501852,   1.0
 -0.07914268620367046,-0.29999939999999997,   14.1923129072609, 57.13346139726527,  45.32686637931612, 0.38301966463614956, 318.7761081228096,  52.08088585366695, 282292.0886057531,      0.0, 282292.0886057531,   1.0
 -0.07914268620367046, 0.07757566799726755,   15.1923129072609, 57.13346139726527,  45.32686637931612, 0.38301966463614956, 318.7761081228096,  52.08088585366695,351689.25420340843,      0.0,351689.25420340843,   1.0
 -0.07914268620367046, 0.07757566799726755,   14.1923129072609, 58.13346139726527,  45.32686637931612, 0.38301966463614956, 318.7761081228096,  52.08088585366695, 351576.1679382741,      0.0, 351576.1679382741,   1.0
 -0.07914268620367046, 0.07757566799726755,   14.1923129072609, 57.13346139726527,  46.32686637931612, 0.38301966463614956, 318.7761081228096,  52.08088585366695, 351638.2299598497,      0.0, 351638.2299598497,   1.0
 -0.07914268620367046, 0.07757566799726755,   14.1923129072609, 57.13346139726527,  45.32686637931612, 0.02000057999999999, 318.7761081228096,  52.08088585366695,332603.72987643705,      0.0,332603.72987643705,   1.0
 -0.07914268620367046, 0.07757566799726755,   14.1923129072609, 57.13346139726527,  45.32686637931612, 0.38301966463614956, 319.7761081228096,  52.08088585366695,351644.18235501647,      0.0,351644.18235501647,   1.0
 -0.07914268620367046, 0.07757566799726755,   14.1923129072609, 57.13346139726527,  45.32686637931612, 0.38301966463614956, 318.7761081228096,  53.08088585366695,351487.30528264074,      0.0,351487.30528264074,   1.0
 -0.07836744052656401, 0.07679492181229979,  14.18964687899213, 57.13214367975592, 45.319705461556815,  0.3822580277609375,318.76562152846077,  52.08360393618574,351633.59293574444,      0.0,351633.59293574444,   1.0
  0.29999939999999997, 0.07679492181229979,  14.18964687899213, 57.13214367975592, 45.319705461556815,  0.3822580277609375,318.76562152846077,  52.08360393618574,260746.91494550515,      0.0,260746.91494550515,   1.0
 -0.07836744052656401,-0.29999939999999997,  14.18964687899213, 57.13214367975592, 45.319705461556815,  0.3822580277609375,318.76562152846077,  52.08360393618574,282502.97110775625,      0.0,282502.97110775625,   1.0
 -0.07836744052656401, 0.07679492181229979,  15.18964687899213, 57.13214367975592, 45.319705461556815,  0.3822580277609375,318.76562152846077,  52.08360393618574, 351830.0586941458,      0.0, 351830.0586941458,   1.0
 -0.07836744052656401, 0.07679492181229979,  14.18964687899213, 58.13214367975592, 45.319705461556815,  0.3822580277609375,318.76562152846077,  52.08360393618574,351669.36433109024,      0.0,351669.36433109024,   1.0
 -0.07836744052656401, 0.07679492181229979,  14.18964687899213, 57.13214367975592, 46.319705461556815,  0.3822580277609375,318.76562152846077,  52.08360393618574, 351761.7794233912,      0.0, 351761.7794233912,   1.0
 -0.07836744052656401, 0.07679492181229979,  14.18964687899213, 57.13214367975592, 45.319705461556815, 0.02000057999999999,318.76562152846077,  52.08360393618574,332174.22899685946,      0.0,332174.22899685946,   1.0
 -0.07836744052656401, 0.07679492181229979,  14.18964687899213, 57.13214367975592, 45.319705461556815,  0.3822580277609375,319.76562152846077,  52.08360393618574, 351758.5698074945,      0.0, 351758.5698074945,   1.0
 -0.07836744052656401, 0.07679492181229979,  14.18964687899213, 57.13214367975592, 45.319705461556815,  0.3822580277609375,318.76562152846077,  53.08360393618574,  351607.090764503,      0.0,  351607.090764503,   1.0
 -0.07825702141280097, 0.07668371925501524, 14.189267153587142,57.131955995768934,  45.31868552398598, 0.38214954696413506, 318.7641279110327,   52.0839910757361, 351672.4851911564,      0.0, 351672.4851911564,   1.0
   0.2999993999999999, 0.07668371925501524, 14.189267153587142,57.131955995768934,  45.31868552398598, 0.38214954696413506, 318.7641279110327,   52.0839910757361,260777.74486149423,      0.0,260777.74486149423,   1.0
 -0.07825702141280097, -0.2999993999999999, 14.189267153587142,57.131955995768934,  45.31868552398598, 0.38214954696413506, 318.7641279110327,   52.0839910757361,282527.33229683235,      0.0,282527.33229683235,   1.0
 -0.07825702141280097, 0.07668371925501524, 15.189267153587142,57.131955995768934,  45.31868552398598, 0.38214954696413506, 318.7641279110327,   52.0839910757361,351864.86754875095,      0.0,351864.86754875095,   1.0
 -0.07825702141280097, 0.07668371925501524, 14.189267153587142,58.131955995768934,  45.31868552398598, 0.38214954696413506, 318.7641279110327,   52.0839910757361,351687.10840219003,      0.0,351687.10840219003,   1.0
 -0.07825702141280097, 0.07668371925501524, 14.189267153587142,57.131955995768934,  46.31868552398598, 0.38214954696413506, 318.7641279110327,   52.0839910757361,  351761.315405724,      0.0,  351761.315405724,   1.0
 -0.07825702141280097, 0.07668371925501524, 14.189267153587142,57.131955995768934,  45.31868552398598, 0.02000057999999999, 318.7641279110327,   52.0839910757361,332133.06791627174,      0.0,332133.06791627174,   1.0
 -0.07825702141280097, 0.07668371925501524, 14.189267153587142,57.131955995768934,  45.31868552398598, 0.38214954696413506, 319.7641279110327,   52.0839910757361, 351800.8330050272,      0.0, 351800.8330050272,   1.0
 -0.07825702141280097, 0.07668371925501524, 14.189267153587142,57.131955995768934,  45.31868552398598, 0.38214954696413506, 318.7641279110327,   53.0839910757361,351639.08077894605,      0.0,351639.08077894605,   1.0
 -0.07824556128870595, 0.07667217781927343, 14.189227742835552, 57.13193651651658,  45.31857966721233,  0.3821382880131173, 318.7639728922095,  52.08403125598333, 351684.7204971034,      0.0, 351684.7204971034,   1.0
  0.29999939999999997, 0.07667217781927343, 14.189227742835552, 57.13193651651658,  45.31857966721233,  0.3821382880131173, 318.7639728922095,  52.08403125598333,260778.84755057318,      0.0,260778.84755057318,   1.0
 -0.07824556128870595,-0.29999939999999997, 14.189227742835552, 57.13193651651658,  45.31857966721233,  0.3821382880131173, 318.7639728922095,  52.08403125598333, 282527.0703884444,      0.0, 282527.0703884444,   1.0
 -0.07824556128870595, 0.07667217781927343, 15.189227742835552, 57.13193651651658,  45.31857966721233,  0.3821382880131173, 318.7639728922095,  52.08403125598333, 351877.9284334192,      0.0, 351877.9284334192,   1.0
 -0.07824556128870595, 0.07667217781927343, 14.189227742835552, 58.13193651651658,  45.31857966721233,  0.3821382880131173, 318.7639728922095,  52.08403125598333,351690.48546315834,      0.0,351690.48546315834,   1.0
 -0.07824556128870595, 0.07667217781927343, 14.189227742835552, 57.13193651651658,  46.31857966721233,  0.3821382880131173, 318.7639728922095,  52.08403125598333,351768.20393253095,      0.0,351768.20393253095,   1.0
 -0.07824556128870595, 0.07667217781927343, 14.189227742835552, 57.13193651651658,  45.31857966721233, 0.02000057999999999, 318.7639728922095,  52.08403125598333,332065.52274779417,      0.0,332065.52274779417,   1.0
 -0.07824556128870595, 0.07667217781927343, 14.189227742835552, 57.13193651651658,  45.31857966721233,  0.3821382880131173, 319.7639728922095,  52.08403125598333,351814.87426683505,      0.0,351814.87426683505,   1.0
 -0.07824556128870595, 0.07667217781927343, 14.189227742835552, 57.13193651651658,  45.31857966721233,  0.3821382880131173, 318.7639728922095,  53.08403125598333,351655.35931223596,      0.0,351655.35931223596,   1.0
  -0.0782450107749177, 0.07667162339949059, 14.189225849648185, 57.13193558078527, 45.318574582135334, 0.38213774716314697,318.76396544551875,  52.08403318613521,351684.70499364124,      0.0,351684.70499364124,   1.0
  0.29999939999999997, 0.07667162339949059, 14.189225849648185, 57.13193558078527, 45.318574582135334, 0.38213774716314697,318.76396544551875,  52.08403318613521,260780.53070827998,      0.0,260780.53070827998,   1.0
  -0.0782450107749177,-0.29999939999999997, 14.189225849648185, 57.13193558078527, 45.318574582135334, 0.38213774716314697,318.76396544551875,  52.08403318613521,282527.37857505097,      0.0,282527.37857505097,   1.0
  -0.0782450107749177, 0.07667162339949059, 15.189225849648185, 57.13193558078527, 45.318574582135334, 0.38213774716314697,318.76396544551875,  52.08403318613521, 351877.9284334192,      0.0, 351877.9284334192,   1.0
  -0.0782450107749177, 0.07667162339949059, 14.189225849648185, 58.13193558078527, 45.318574582135334, 0.38213774716314697,318.76396544551875,  52.08403318613521, 351690.6823986739,      0.0, 351690.6823986739,   1.0
  -0.0782450107749177, 0.07667162339949059, 14.189225849648185, 57.13193558078527, 46.318574582135334, 0.38213774716314697,318.76396544551875,  52.08403318613521,351768.18301149004,      0.0,351768.18301149004,   1.0
  -0.0782450107749177, 0.07667162339949059, 14.189225849648185, 57.13193558078527, 45.318574582135334, 0.02000057999999999,318.76396544551875,  52.08403318613521,332065.52274779417,      0.0,332065.52274779417,   1.0
  -0.0782450107749177, 0.07667162339949059, 14.189225849648185, 57.13193558078527, 45.318574582135334, 0.38213774716314697,319.76396544551875,  52.08403318613521,351814.87426683505,      0.0,351814.87426683505,   1.0
  -0.0782450107749177, 0.07667162339949059, 14.189225849648185, 57.13193558078527, 45.318574582135334, 0.38213774716314697,318.76396544551875,  53.08403318613521,351655.35931223596,      0.0,351655.35931223596,   1.0
 -0.07824488831093347, 0.07667150006660231, 14.189225428501118, 57.13193537262811,  45.31857345093971,  0.3821376268489175, 318.7639637889728, 52.084033615505184, 351684.7238662478,      0.0, 351684.7238662478,   1.0
  0.29999939999999997, 0.07667150006660231, 14.189225428501118, 57.13193537262811,  45.31857345093971,  0.3821376268489175, 318.7639637889728, 52.084033615505184,260780.52925431076,      0.0,260780.52925431076,   1.0
 -0.07824488831093347,          -0.2999994, 14.189225428501118, 57.13193537262811,  45.31857345093971,  0.3821376268489175, 318.7639637889728, 52.084033615505184, 282527.3807661248,      0.0, 282527.3807661248,   1.0
 -0.07824488831093347, 0.07667150006660231, 15.189225428501118, 57.13193537262811,  45.31857345093971,  0.3821376268489175, 318.7639637889728, 52.084033615505184, 351877.9284334192,      0.0, 351877.9284334192,   1.0
 -0.07824488831093347, 0.07667150006660231, 14.189225428501118, 58.13193537262811,  45.31857345093971,  0.3821376268489175, 318.7639637889728, 52.084033615505184, 351690.6823986739,      0.0, 351690.6823986739,   1.0
 -0.07824488831093347, 0.07667150006660231, 14.189225428501118, 57.13193537262811,  46.31857345093971,  0.3821376268489175, 318.7639637889728, 52.084033615505184, 351768.1979895626,      0.0, 351768.1979895626,   1.0
 -0.07824488831093347, 0.07667150006660231, 14.189225428501118, 57.13193537262811,  45.31857345093971, 0.02000057999999999, 318.7639637889728, 52.084033615505184,332065.52274779417,      0.0,332065.52274779417,   1.0
 -0.07824488831093347, 0.07667150006660231, 14.189225428501118, 57.13193537262811,  45.31857345093971,  0.3821376268489175, 319.7639637889728, 52.084033615505184,351814.87426683505,      0.0,351814.87426683505,   1.0
 -0.07824488831093347, 0.07667150006660231, 14.189225428501118, 57.13193537262811,  45.31857345093971,  0.3821376268489175, 318.7639637889728, 53.084033615505184,351655.35931223596,      0.0,351655.35931223596,   1.0
 -0.07824487054080176,  0.0766714821703883,  14.18922536739059,57.131935342423475,  45.31857328679761,  0.3821376093907259,318.76396354859975,   52.0840336778089, 351684.7238662478,      0.0, 351684.7238662478,   1.0
  0.29999939999999997,  0.0766714821703883,  14.18922536739059,57.131935342423475,  45.31857328679761,  0.3821376093907259,318.76396354859975,   52.0840336778089,260780.52925431076,      0.0,260780.52925431076,   1.0
 -0.07824487054080176, -0.2999993999999999,  14.18922536739059,57.131935342423475,  45.31857328679761,  0.3821376093907259,318.76396354859975,   52.0840336778089, 282527.3807661248,      0.0, 282527.3807661248,   1.0
 -0.07824487054080176,  0.0766714821703883,  15.18922536739059,57.131935342423475,  45.31857328679761,  0.3821376093907259,318.76396354859975,   52.0840336778089, 351877.9284334192,      0.0, 351877.9284334192,   1.0
 -0.07824487054080176,  0.0766714821703883,  14.18922536739059,58.131935342423475,  45.31857328679761,  0.3821376093907259,318.76396354859975,   52.0840336778089, 351690.6823986739,      0.0, 351690.6823986739,   1.0
 -0.07824487054080176,  0.0766714821703883,  14.18922536739059,57.131935342423475,  46.31857328679761,  0.3821376093907259,318.76396354859975,   52.0840336778089, 351768.1979895626,      0.0, 351768.1979895626,   1.0
 -0.07824487054080176,  0.0766714821703883,  14.18922536739059,57.131935342423475,  45.31857328679761, 0.02000057999999999,318.76396354859975,   52.0840336778089,332065.52274779417,      0.0,332065.52274779417,   1.0
 -0.07824487054080176,  0.0766714821703883,  14.18922536739059,57.131935342423475,  45.31857328679761,  0.3821376093907259,319.76396354859975,   52.0840336778089,351814.87426683505,      0.0,351814.87426683505,   1.0
 -0.07824487054080176,  0.0766714821703883,  14.18922536739059,57.131935342423475,  45.31857328679761,  0.3821376093907259,318.76396354859975,   53.0840336778089,351655.35931223596,      0.0,351655.35931223596,   1.0
 -0.07824486679065819, 0.07667147839363679, 14.189225354494047,57.131935336049196,  45.31857325215766, 0.38213760570641303, 318.7639634978723,  52.08403369095724, 351684.7238662478,      0.0, 351684.7238662478,   1.0
  0.29999939999999997, 0.07667147839363679, 14.189225354494047,57.131935336049196,  45.31857325215766, 0.38213760570641303, 318.7639634978723,  52.08403369095724,260780.52925431076,      0.0,260780.52925431076,   1.0
 -0.07824486679065819,-0.29999939999999997, 14.189225354494047,57.131935336049196,  45.31857325215766, 0.38213760570641303, 318.7639634978723,  52.08403369095724, 282527.3807661248,      0.0, 282527.3807661248,   1.0
 -0.07824486679065819, 0.07667147839363679, 15.189225354494047,57.131935336049196,  45.31857325215766, 0.38213760570641303, 318.7639634978723,  52.08403369095724, 351877.9284334192,      0.0, 351877.9284334192,   1.0
 -0.07824486679065819, 0.07667147839363679, 14.189225354494047,58.131935336049196,  45.31857325215766, 0.38213760570641303, 318.7639634978723,  52.08403369095724, 351690.6823986739,      0.0, 351690.6823986739,   1.0
 -0.07824486679065819, 0.07667147839363679, 14.189225354494047,57.131935336049196,  46.31857325215766, 0.38213760570641303, 318.7639634978723,  52.08403369095724, 351768.1979895626,      0.0, 351768.1979895626,   1.0
 -0.07824486679065819, 0.07667147839363679, 14.189225354494047,57.131935336049196,  45.31857325215766, 0.02000057999999999, 318.7639634978723,  52.08403369095724,332065.52274779417,      0.0,332065.52274779417,   1.0
 -0.07824486679065819, 0.07667147839363679, 14.189225354494047,57.131935336049196,  45.31857325215766, 0.38213760570641303, 319.7639634978723,  52.08403369095724,351814.87426683505,      0.0,351814.87426683505,   1.0
 -0.07824486679065819, 0.07667147839363679, 14.189225354494047,57.131935336049196,  45.31857325215766, 0.38213760570641303, 318.7639634978723,  53.08403369095724,351655.35931223596,      0.0,351655.35931223596,   1.0
 -0.07824486599924163, 0.07667147759660499, 14.189225351772407,57.131935334703996,  45.31857324484738,  0.3821376049288891,318.76396348716696, 52.084033693732025, 351684.7238662478,      0.0, 351684.7238662478,   1.0
  0.29999939999999997, 0.07667147759660499, 14.189225351772407,57.131935334703996,  45.31857324484738,  0.3821376049288891,318.76396348716696, 52.084033693732025,260780.52925431076,      0.0,260780.52925431076,   1.0
 -0.07824486599924163,-0.29999939999999997, 14.189225351772407,57.131935334703996,  45.31857324484738,  0.3821376049288891,318.76396348716696, 52.084033693732025, 282527.3807661248,      0.0, 282527.3807661248,   1.0
 -0.07824486599924163, 0.07667147759660499, 15.189225351772407,57.131935334703996,  45.31857324484738,  0.3821376049288891,318.76396348716696, 52.084033693732025, 351877.9284334192,      0.0, 351877.9284334192,   1.0
 -0.07824486599924163, 0.07667147759660499, 14.189225351772407,58.131935334703996,  45.31857324484738,  0.3821376049288891,318.76396348716696, 52.084033693732025, 351690.6823986739,      0.0, 351690.6823986739,   1.0
 -0.07824486599924163, 0.07667147759660499, 14.189225351772407,57.131935334703996,  46.31857324484738,  0.3821376049288891,318.76396348716696, 52.084033693732025, 351768.1979895626,      0.0, 351768.1979895626,   1.0
 -0.07824486599924163, 0.07667147759660499, 14.189225351772407,57.131935334703996,  45.31857324484738, 0.02000057999999999,318.76396348716696, 52.084033693732025,332065.52274779417,      0.0,332065.52274779417,   1.0
 -0.07824486599924163, 0.07667147759660499, 14.189225351772407,57.131935334703996,  45.31857324484738,  0.3821376049288891,319.76396348716696, 52.084033693732025,351814.87426683505,      0.0,351814.87426683505,   1.0
 -0.07824486599924163, 0.07667147759660499, 14.189225351772407,57.131935334703996,  45.31857324484738,  0.3821376049288891,318.76396348716696, 53.084033693732025,351655.35931223596,      0.0,351655.35931223596,   1.0
 -0.07824486583222397, 0.07667147742840232, 14.189225351198042,57.131935334420106,  45.31857324330464,  0.3821376047648033, 318.7639634849077, 52.084033694317604, 351684.7238662478,      0.0, 351684.7238662478,   1.0
  0.29999939999999997, 0.07667147742840232, 14.189225351198042,57.131935334420106,  45.31857324330464,  0.3821376047648033, 318.7639634849077, 52.084033694317604,260780.52925431076,      0.0,260780.52925431076,   1.0
 -0.07824486583222397,-0.29999939999999997, 14.189225351198042,57.131935334420106,  45.31857324330464,  0.3821376047648033, 318.7639634849077, 52.084033694317604, 282527.3807661248,      0.0, 282527.3807661248,   1.0
 -0.07824486583222397, 0.07667147742840232, 15.189225351198042,57.131935334420106,  45.31857324330464,  0.3821376047648033, 318.7639634849077, 52.084033694317604, 351877.9284334192,      0.0, 351877.9284334192,   1.0
 -0.07824486583222397, 0.07667147742840232, 14.189225351198042,58.131935334420106,  45.31857324330464,  0.3821376047648033, 318.7639634849077, 52.084033694317604, 351690.6823986739,      0.0, 351690.6823986739,   1.0
 -0.07824486583222397, 0.07667147742840232, 14.189225351198042,57.131935334420106,  46.31857324330464,  0.3821376047648033, 318.7639634849077, 52.084033694317604, 351768.1979895626,      0.0, 351768.1979895626,   1.0
 -0.07824486583222397, 0.07667147742840232, 14.189225351198042,57.131935334420106,  45.31857324330464, 0.02000057999999999, 318.7639634849077, 52.084033694317604,332065.52274779417,      0.0,332065.52274779417,   1.0
 -0.07824486583222397, 0.07667147742840232, 14.189225351198042,57.131935334420106,  45.31857324330464,  0.3821376047648033, 319.7639634849077, 52.084033694317604,351814.87426683505,      0.0,351814.87426683505,   1.0
 -0.07824486583222397, 0.07667147742840232, 14.189225351198042,57.131935334420106,  45.31857324330464,  0.3821376047648033, 318.7639634849077, 53.084033694317604,351655.35931223596,      0.0,351655.35931223596,   1.0
 -0.07824486579697716, 0.07667147739290542,  14.18922535107683, 57.13193533436019,  45.31857324297906,  0.3821376047301752,  318.763963484431,  52.08403369444118, 351684.7238662478,      0.0, 351684.7238662478,   1.0
  0.29999939999999997, 0.07667147739290542,  14.18922535107683, 57.13193533436019,  45.31857324297906,  0.3821376047301752,  318.763963484431,  52.08403369444118,260780.52925431076,      0.0,260780.52925431076,   1.0
 -0.07824486579697716,-0.29999939999999997,  14.18922535107683, 57.13193533436019,  45.31857324297906,  0.3821376047301752,  318.763963484431,  52.08403369444118, 282527.3807661248,      0.0, 282527.3807661248,   1.0
 -0.07824486579697716, 0.07667147739290542,  15.18922535107683, 57.13193533436019,  45.31857324297906,  0.3821376047301752,  318.763963484431,  52.08403369444118, 351877.9284334192,      0.0, 351877.9284334192,   1.0
 -0.07824486579697716, 0.07667147739290542,  14.18922535107683, 58.13193533436019,  45.31857324297906,  0.3821376047301752,  318.763963484431,  52.08403369444118, 351690.6823986739,      0.0, 351690.6823986739,   1.0
 -0.07824486579697716, 0.07667147739290542,  14.18922535107683, 57.13193533436019,  46.31857324297906,  0.3821376047301752,  318.763963484431,  52.08403369444118, 351768.1979895626,      0.0, 351768.1979895626,   1.0
 -0.07824486579697716, 0.07667147739290542,  14.18922535107683, 57.13193533436019,  45.31857324297906, 0.02000057999999999,  318.763963484431,  52.08403369444118,332065.52274779417,      0.0,332065.52274779417,   1.0
 -0.07824486579697716, 0.07667147739290542,  14.18922535107683, 57.13193533436019,  45.31857324297906,  0.3821376047301752,  319.763963484431,  52.08403369444118,351814.87426683505,      0.0,351814.87426683505,   1.0
 -0.07824486579697716, 0.07667147739290542,  14.18922535107683, 57.13193533436019,  45.31857324297906,  0.3821376047301752,  318.763963484431,  53.08403369444118,351655.35931223596,      0.0,351655.35931223596,   1.0
 -0.07824486578953882,  0.0766714773854143,  14.18922535105125, 57.13193533434755,  45.31857324291036, 0.38213760472286745, 318.7639634843303,  52.08403369446726, 351684.7238662478,      0.0, 351684.7238662478,   1.0
  0.29999939999999997,  0.0766714773854143,  14.18922535105125, 57.13193533434755,  45.31857324291036, 0.38213760472286745, 318.7639634843303,  52.08403369446726,260780.52925431076,      0.0,260780.52925431076,   1.0
 -0.07824486578953882,-0.29999939999999997,  14.18922535105125, 57.13193533434755,  45.31857324291036, 0.38213760472286745, 318.7639634843303,  52.08403369446726, 282527.3807661248,      0.0, 282527.3807661248,   1.0
 -0.07824486578953882,  0.0766714773854143,  15.18922535105125, 57.13193533434755,  45.31857324291036, 0.38213760472286745, 318.7639634843303,  52.08403369446726, 351877.9284334192,      0.0, 351877.9284334192,   1.0
 -0.07824486578953882,  0.0766714773854143,  14.18922535105125, 58.13193533434755,  45.31857324291036, 0.38213760472286745, 318.7639634843303,  52.08403369446726, 351690.6823986739,      0.0, 351690.6823986739,   1.0
 -0.07824486578953882,  0.0766714773854143,  14.18922535105125, 57.13193533434755,  46.31857324291036, 0.38213760472286745, 318.7639634843303,  52.08403369446726, 351768.1979895626,      0.0, 351768.1979895626,   1.0
 -0.07824486578953882,  0.0766714773854143,  14.18922535105125, 57.13193533434755,  45.31857324291036, 0.02000057999999999, 318.7639634843303,  52.08403369446726,332065.52274779417,      0.0,332065.52274779417,   1.0
 -0.07824486578953882,  0.0766714773854143,  14.18922535105125, 57.13193533434755,  45.31857324291036, 0.38213760472286745, 319.7639634843303,  52.08403369446726,351814.87426683505,      0.0,351814.87426683505,   1.0
 -0.07824486578953882,  0.0766714773854143,  14.18922535105125, 57.13193533434755,  45.31857324291036, 0.38213760472286745, 318.7639634843303,  53.08403369446726,351655.35931223596,      0.0,351655.35931223596,   1.0
 -0.07824486578796906, 0.07667147738383341, 14.189225351045852, 57.13193533434488,  45.31857324289586,  0.3821376047213253, 318.7639634843091, 52.084033694472765, 351684.7238662478,      0.0, 351684.7238662478,   1.0
  0.29999939999999997, 0.07667147738383341, 14.189225351045852, 57.13193533434488,  45.31857324289586,  0.3821376047213253, 318.7639634843091, 52.084033694472765,260780.52925431076,      0.0,260780.52925431076,   1.0
 -0.07824486578796906,-0.29999939999999997, 14.189225351045852, 57.13193533434488,  45.31857324289586,  0.3821376047213253, 318.7639634843091, 52.084033694472765, 282527.3807661248,      0.0, 282527.3807661248,   1.0
 -0.07824486578796906, 0.07667147738383341, 15.189225351045852, 57.13193533434488,  45.31857324289586,  0.3821376047213253, 318.7639634843091, 52.084033694472765, 351877.9284334192,      0.0, 351877.9284334192,   1.0
 -0.07824486578796906, 0.07667147738383341, 14.189225351045852, 58.13193533434488,  45.31857324289586,  0.3821376047213253, 318.7639634843091, 52.084033694472765, 351690.6823986739,      0.0, 351690.6823986739,   1.0
 -0.07824486578796906, 0.07667147738383341, 14.189225351045852, 57.13193533434488,  46.31857324289586,  0.3821376047213253, 318.7639634843091, 52.084033694472765, 351768.1979895626,      0.0, 351768.1979895626,   1.0
 -0.07824486578796906, 0.07667147738383341, 14.189225351045852, 57.13193533434488,  45.31857324289586, 0.02000057999999999, 318.7639634843091, 52.084033694472765,332065.52274779417,      0.0,332065.52274779417,   1.0
 -0.07824486578796906, 0.07667147738383341, 14.189225351045852, 57.13193533434488,  45.31857324289586,  0.3821376047213253, 319.7639634843091, 52.084033694472765,351814.87426683505,      0.0,351814.87426683505,   1.0
 -0.07824486578796906, 0.07667147738383341, 14.189225351045852, 57.13193533434488,  45.31857324289586,  0.3821376047213253, 318.7639634843091, 53.084033694472765,351655.35931223596,      0.0,351655.35931223596,   1.0
  -0.0782448657876378, 0.07667147738349979, 14.189225351044714, 57.13193533434432, 45.318573242892796, 0.38213760472099984, 318.7639634843046,  52.08403369447392, 351684.7238662478,      0.0, 351684.7238662478,   1.0
  0.29999939999999997, 0.07667147738349979, 14.189225351044714, 57.13193533434432, 45.318573242892796, 0.38213760472099984, 318.7639634843046,  52.08403369447392,260780.52925431076,      0.0,260780.52925431076,   1.0
  -0.0782448657876378,-0.29999939999999997, 14.189225351044714, 57.13193533434432, 45.318573242892796, 0.38213760472099984, 318.7639634843046,  52.08403369447392, 282527.3807661248,      0.0, 282527.3807661248,   1.0
  -0.0782448657876378, 0.07667147738349979, 15.189225351044714, 57.13193533434432, 45.318573242892796, 0.38213760472099984, 318.7639634843046,  52.08403369447392, 351877.9284334192,      0.0, 351877.9284334192,   1.0
  -0.0782448657876378, 0.07667147738349979, 14.189225351044714, 58.13193533434432, 45.318573242892796, 0.38213760472099984, 318.7639634843046,  52.08403369447392, 351690.6823986739,      0.0, 351690.6823986739,   1.0
  -0.0782448657876378, 0.07667147738349979, 14.189225351044714, 57.13193533434432, 46.318573242892796, 0.38213760472099984, 318.7639634843046,  52.08403369447392, 351768.1979895626,      0.0, 351768.1979895626,   1.0
  -0.0782448657876378, 0.07667147738349979, 14.189225351044714, 57.13193533434432, 45.318573242892796, 0.02000057999999999, 318.7639634843046,  52.08403369447392,332065.52274779417,      0.0,332065.52274779417,   1.0
  -0.0782448657876378, 0.07667147738349979, 14.189225351044714, 57.13193533434432, 45.318573242892796, 0.38213760472099984, 319.7639634843046,  52.08403369447392,351814.87426683505,      0.0,351814.87426683505,   1.0
  -0.0782448657876378, 0.07667147738349979, 14.189225351044714, 57.13193533434432, 45.318573242892796, 0.38213760472099984, 318.7639634843046,  53.08403369447392,351655.35931223596,      0.0,351655.35931223596,   1.0
 -0.07824486578756785, 0.07667147738342936, 14.189225351044472,  57.1319353343442,  45.31857324289215,  0.3821376047209311,318.76396348430364,  52.08403369447417, 351684.7238662478,      0.0, 351684.7238662478,   1.0
  0.29999939999999997, 0.07667147738342936, 14.189225351044472,  57.1319353343442,  45.31857324289215,  0.3821376047209311,318.76396348430364,  52.08403369447417,260780.52925431076,      0.0,260780.52925431076,   1.0
 -0.07824486578756785, -0.2999993999999999, 14.189225351044472,  57.1319353343442,  45.31857324289215,  0.3821376047209311,318.76396348430364,  52.08403369447417, 282527.3807661248,      0.0, 282527.3807661248,   1.0
 -0.07824486578756785, 0.07667147738342936, 15.189225351044472,  57.1319353343442,  45.31857324289215,  0.3821376047209311,318.76396348430364,  52.08403369447417, 351877.9284334192,      0.0, 351877.9284334192,   1.0
 -0.07824486578756785, 0.07667147738342936, 14.189225351044472,  58.1319353343442,  45.31857324289215,  0.3821376047209311,318.76396348430364,  52.08403369447417, 351690.6823986739,      0.0, 351690.6823986739,   1.0
 -0.07824486578756785, 0.07667147738342936, 14.189225351044472,  57.1319353343442,  46.31857324289215,  0.3821376047209311,318.76396348430364,  52.08403369447417, 351768.1979895626,      0.0, 351768.1979895626,   1.0
 -0.07824486578756785, 0.07667147738342936, 14.189225351044472,  57.1319353343442,  45.31857324289215, 0.02000057999999999,318.76396348430364,  52.08403369447417,332065.52274779417,      0.0,332065.52274779417,   1.0
 -0.07824486578756785, 0.07667147738342936, 14.189225351044472,  57.1319353343442,  45.31857324289215,  0.3821376047209311,319.76396348430364,  52.08403369447417,351814.87426683505,      0.0,351814.87426683505,   1.0
 -0.07824486578756785, 0.07667147738342936, 14.189225351044472,  57.1319353343442,  45.31857324289215,  0.3821376047209311,318.76396348430364,  53.08403369447417,351655.35931223596,      0.0,351655.35931223596,   1.0
 -0.07824486578761401, 0.07667147738347584, 14.189225351044632,57.131935334344284, 45.318573242892576, 0.38213760472097646,318.76396348430427,  52.08403369447401, 351684.7238662478,      0.0, 351684.7238662478,   1.0
  0.29999939999999997, 0.07667147738347584, 14.189225351044632,57.131935334344284, 45.318573242892576, 0.38213760472097646,318.76396348430427,  52.08403369447401,260780.52925431076,      0.0,260780.52925431076,   1.0
 -0.07824486578761401,-0.29999939999999997, 14.189225351044632,57.131935334344284, 45.318573242892576, 0.38213760472097646,318.76396348430427,  52.08403369447401, 282527.3807661248,      0.0, 282527.3807661248,   1.0
 -0.07824486578761401, 0.07667147738347584, 15.189225351044632,57.131935334344284, 45.318573242892576, 0.38213760472097646,318.76396348430427,  52.08403369447401, 351877.9284334192,      0.0, 351877.9284334192,   1.0
 -0.07824486578761401, 0.07667147738347584, 14.189225351044632,58.131935334344284, 45.318573242892576, 0.38213760472097646,318.76396348430427,  52.08403369447401, 351690.6823986739,      0.0, 351690.6823986739,   1.0
 -0.07824486578761401, 0.07667147738347584, 14.189225351044632,57.131935334344284, 46.318573242892576, 0.38213760472097646,318.76396348430427,  52.08403369447401, 351768.1979895626,      0.0, 351768.1979895626,   1.0
 -0.07824486578761401, 0.07667147738347584, 14.189225351044632,57.131935334344284, 45.318573242892576, 0.02000057999999999,318.76396348430427,  52.08403369447401,332065.52274779417,      0.0,332065.52274779417,   1.0
 -0.07824486578761401, 0.07667147738347584, 14.189225351044632,57.131935334344284, 45.318573242892576, 0.38213760472097646,319.76396348430427,  52.08403369447401,351814.87426683505,      0.0,351814.87426683505,   1.0
 -0.07824486578761401, 0.07667147738347584, 14.189225351044632,57.131935334344284, 45.318573242892576, 0.38213760472097646,318.76396348430427,  53.08403369447401,351655.35931223596,      0.0,351655.35931223596,   1.0
 -0.07824486578757758, 0.07667147738343914, 14.189225351044506, 57.13193533434422,  45.31857324289224, 0.38213760472094066, 318.7639634843038,  52.08403369447414, 351684.7238662478,      0.0, 351684.7238662478,   1.0
   0.2999993999999999, 0.07667147738343914, 14.189225351044506, 57.13193533434422,  45.31857324289224, 0.38213760472094066, 318.7639634843038,  52.08403369447414,260780.52925431076,      0.0,260780.52925431076,   1.0
 -0.07824486578757758,-0.29999939999999997, 14.189225351044506, 57.13193533434422,  45.31857324289224, 0.38213760472094066, 318.7639634843038,  52.08403369447414, 282527.3807661248,      0.0, 282527.3807661248,   1.0
 -0.07824486578757758, 0.07667147738343914, 15.189225351044506, 57.13193533434422,  45.31857324289224, 0.38213760472094066, 318.7639634843038,  52.08403369447414, 351877.9284334192,      0.0, 351877.9284334192,   1.0
 -0.07824486578757758, 0.07667147738343914, 14.189225351044506, 58.13193533434422,  45.31857324289224, 0.38213760472094066, 318.7639634843038,  52.08403369447414, 351690.6823986739,      0.0, 351690.6823986739,   1.0
 -0.07824486578757758, 0.07667147738343914, 14.189225351044506, 57.13193533434422,  46.31857324289224, 0.38213760472094066, 318.7639634843038,  52.08403369447414, 351768.1979895626,      0.0, 351768.1979895626,   1.0
 -0.07824486578757758, 0.07667147738343914, 14.189225351044506, 57.13193533434422,  45.31857324289224, 0.02000057999999999, 318.7639634843038,  52.08403369447414,332065.52274779417,      0.0,332065.52274779417,   1.0
 -0.07824486578757758, 0.07667147738343914, 14.189225351044506, 57.13193533434422,  45.31857324289224, 0.38213760472094066, 319.7639634843038,  52.08403369447414,351814.87426683505,      0.0,351814.87426683505,   1.0
 -0.07824486578757758, 0.07667147738343914, 14.189225351044506, 57.13193533434422,  45.31857324289224, 0.38213760472094066, 318.7639634843038,  53.08403369447414,351655.35931223596,      0.0,351655.35931223596,   1.0
 -0.29999939999999997, 0.29999939999999997,           59.99988, 69.04899845417809,          169.99974,          0.59999942,         499.99955,           5.000115, 57964.03027565009,      0.0, 57964.03027565009,   1.0
  0.29999939999999997, 0.29999939999999997,           59.99988, 69.04899845417809,          169.99974,          0.59999942,         499.99955,           5.000115,118030.78838116187,      0.0,118030.78838116187,   1.0
 -0.29999939999999997,-0.29999939999999997,           59.99988, 69.04899845417809,          169.99974,          0.59999942,         499.99955,           5.000115, 177889.5336273376,      0.0, 177889.5336273376,   1.0
 -0.29999939999999997, 0.29999939999999997,           58.99988, 69.04899845417809,          169.99974,          0.59999942,         499.99955,           5.000115, 59841.67048286466,      0.0, 59841.67048286466,   1.0
 -0.29999939999999997, 0.29999939999999997,           59.99988, 70.04899845417809,          169.99974,          0.59999942,         499.99955,           5.000115, 61847.64992791624,      0.0, 61847.64992791624,   1.0
 -0.29999939999999997, 0.29999939999999997,           59.99988, 69.04899845417809,          168.99974,          0.59999942,         499.99955,           5.000115, 55079.40167139511,      0.0, 55079.40167139511,   1.0
 -0.29999939999999997, 0.29999939999999997,           59.99988, 69.04899845417809,          169.99974,0.020000580000000046,         499.99955,           5.000115, 87285.77541836508,      0.0, 87285.77541836508,   1.0
 -0.29999939999999997, 0.29999939999999997,           59.99988, 69.04899845417809,          169.99974,          0.59999942,         498.99955,           5.000115, 58545.05177634768,      0.0, 58545.05177634768,   1.0
 -0.29999939999999997, 0.29999939999999997,           59.99988, 69.04899845417809,          169.99974,          0.59999942,         499.99955,           6.000115, 58860.94042449433,      0.0, 58860.94042449433,   1.0
  -0.0921631634669248, 0.09068852789438824,  17.06450513080477, 57.87990304808143,  53.14411602198465,  0.3958115781023022,   330.13911237215,   49.1288382184107,349238.57555486454,      0.0,349238.57555486454,   1.0
            0.2999994, 0.09068852789438824,  17.06450513080477, 57.87990304808143,  53.14411602198465,  0.3958115781023022,   330.13911237215,   49.1288382184107,250287.32486390552,      0.0,250287.32486390552,   1.0
  -0.0921631634669248,-0.29999939999999997,  17.06450513080477, 57.87990304808143,  53.14411602198465,  0.3958115781023022,   330.13911237215,   49.1288382184107,274487.08610094024,      0.0,274487.08610094024,   1.0
  -0.0921631634669248, 0.09068852789438824,  18.06450513080477, 57.87990304808143,  53.14411602198465,  0.3958115781023022,   330.13911237215,   49.1288382184107, 349032.6346653485,      0.0, 349032.6346653485,   1.0
  -0.0921631634669248, 0.09068852789438824,  17.06450513080477, 58.87990304808143,  53.14411602198465,  0.3958115781023022,   330.13911237215,   49.1288382184107, 349448.6162766128,      0.0, 349448.6162766128,   1.0
  -0.0921631634669248, 0.09068852789438824,  17.06450513080477, 57.87990304808143,  54.14411602198465,  0.3958115781023022,   330.13911237215,   49.1288382184107, 348705.0823983087,      0.0, 348705.0823983087,   1.0
  -0.0921631634669248, 0.09068852789438824,  17.06450513080477, 57.87990304808143,  53.14411602198465, 0.02000057999999999,   330.13911237215,   49.1288382184107, 328544.0317905973,      0.0, 328544.0317905973,   1.0
  -0.0921631634669248, 0.09068852789438824,  17.06450513080477, 57.87990304808143,  53.14411602198465,  0.3958115781023022,   331.13911237215,   49.1288382184107, 349366.0493888487,      0.0, 349366.0493888487,   1.0
  -0.0921631634669248, 0.09068852789438824,  17.06450513080477, 57.87990304808143,  53.14411602198465,  0.3958115781023022,   330.13911237215,   50.1288382184107,349341.46026778367,      0.0,349341.46026778367,   1.0
 -0.08091891560652123, 0.07936450006799818,  14.74163783363956, 57.27563846353359,  46.82205389360397,  0.3847647137889503, 320.9494114122781,  51.51626742665654,  351652.264129444,      0.0,  351652.264129444,   1.0
            0.2999994, 0.07936450006799818,  14.74163783363956, 57.27563846353359,  46.82205389360397,  0.3847647137889503, 320.9494114122781,  51.51626742665654,258830.58097834315,      0.0,258830.58097834315,   1.0
 -0.08091891560652123,-0.29999939999999997,  14.74163783363956, 57.27563846353359,  46.82205389360397,  0.3847647137889503, 320.9494114122781,  51.51626742665654,280927.32356832613,      0.0,280927.32356832613,   1.0
 -0.08091891560652123, 0.07936450006799818,  15.74163783363956, 57.27563846353359,  46.82205389360397,  0.3847647137889503, 320.9494114122781,  51.51626742665654,351807.87180236337,      0.0,351807.87180236337,   1.0
 -0.08091891560652123, 0.07936450006799818,  14.74163783363956, 58.27563846353359,  46.82205389360397,  0.3847647137889503, 320.9494114122781,  51.51626742665654,  351620.697642337,      0.0,  351620.697642337,   1.0
 -0.08091891560652123, 0.07936450006799818,  14.74163783363956, 57.27563846353359,  47.82205389360397,  0.3847647137889503, 320.9494114122781,  51.51626742665654, 351525.0023216965,      0.0, 351525.0023216965,   1.0
 -0.08091891560652123, 0.07936450006799818,  14.74163783363956, 57.27563846353359,  46.82205389360397, 0.02000057999999999, 320.9494114122781,  51.51626742665654,332297.09719295305,      0.0,332297.09719295305,   1.0
 -0.08091891560652123, 0.07936450006799818,  14.74163783363956, 57.27563846353359,  46.82205389360397,  0.3847647137889503, 321.9494114122781,  51.51626742665654,351810.44696624187,      0.0,351810.44696624187,   1.0
 -0.08091891560652123, 0.07936450006799818,  14.74163783363956, 57.27563846353359,  46.82205389360397,  0.3847647137889503, 320.9494114122781,  52.51626742665654, 351659.7373907189,      0.0, 351659.7373907189,   1.0
 -0.07883230966185738, 0.07726308927792722, 14.310581103913911, 57.16350450046902,  45.64886271324343, 0.38271473649991283,319.24406972196573, 51.959304972629944, 351646.7424214116,      0.0, 351646.7424214116,   1.0
  0.29999939999999997, 0.07726308927792722, 14.310581103913911, 57.16350450046902,  45.64886271324343, 0.38271473649991283,319.24406972196573, 51.959304972629944,260246.03184601484,      0.0,260246.03184601484,   1.0
 -0.07883230966185738, -0.2999993999999999, 14.310581103913911, 57.16350450046902,  45.64886271324343, 0.38271473649991283,319.24406972196573, 51.959304972629944, 282213.4160703715,      0.0, 282213.4160703715,   1.0
 -0.07883230966185738, 0.07726308927792722, 15.310581103913911, 57.16350450046902,  45.64886271324343, 0.38271473649991283,319.24406972196573, 51.959304972629944, 351821.3540874944,      0.0, 351821.3540874944,   1.0
 -0.07883230966185738, 0.07726308927792722, 14.310581103913911, 58.16350450046902,  45.64886271324343, 0.38271473649991283,319.24406972196573, 51.959304972629944,351766.53107904684,      0.0,351766.53107904684,   1.0
 -0.07883230966185738, 0.07726308927792722, 14.310581103913911, 57.16350450046902,  46.64886271324343, 0.38271473649991283,319.24406972196573, 51.959304972629944, 351791.6460507794,      0.0, 351791.6460507794,   1.0
 -0.07883230966185738, 0.07726308927792722, 14.310581103913911, 57.16350450046902,  45.64886271324343, 0.02000057999999999,319.24406972196573, 51.959304972629944, 332251.9821910801,      0.0, 332251.9821910801,   1.0
 -0.07883230966185738, 0.07726308927792722, 14.310581103913911, 57.16350450046902,  45.64886271324343, 0.38271473649991283,320.24406972196573, 51.959304972629944, 351802.9147411218,      0.0, 351802.9147411218,   1.0
 -0.07883230966185738, 0.07726308927792722, 14.310581103913911, 57.16350450046902,  45.64886271324343, 0.38271473649991283,319.24406972196573, 52.959304972629944, 351636.3852063849,      0.0, 351636.3852063849,   1.0
 -0.07835181274275282, 0.07677918314654464, 14.211318743849167, 57.13768265139526,  45.37870401407674,   0.382242674310051, 318.8513691115265, 52.061326236602795, 351664.0055784525,      0.0, 351664.0055784525,   1.0
  0.29999939999999997, 0.07677918314654464, 14.211318743849167, 57.13768265139526,  45.37870401407674,   0.382242674310051, 318.8513691115265, 52.061326236602795,260620.96742660739,      0.0,260620.96742660739,   1.0
 -0.07835181274275282,-0.29999939999999997, 14.211318743849167, 57.13768265139526,  45.37870401407674,   0.382242674310051, 318.8513691115265, 52.061326236602795, 282479.4078783799,      0.0, 282479.4078783799,   1.0
 -0.07835181274275282, 0.07677918314654464, 15.211318743849167, 57.13768265139526,  45.37870401407674,   0.382242674310051, 318.8513691115265, 52.061326236602795,351866.39540073706,      0.0,351866.39540073706,   1.0
 -0.07835181274275282, 0.07677918314654464, 14.211318743849167, 58.13768265139526,  45.37870401407674,   0.382242674310051, 318.8513691115265, 52.061326236602795, 351682.7940291076,      0.0, 351682.7940291076,   1.0
 -0.07835181274275282, 0.07677918314654464, 14.211318743849167, 57.13768265139526,  46.37870401407674,   0.382242674310051, 318.8513691115265, 52.061326236602795, 351766.0865640591,      0.0, 351766.0865640591,   1.0
 -0.07835181274275282, 0.07677918314654464, 14.211318743849167, 57.13768265139526,  45.37870401407674, 0.02000057999999999, 318.8513691115265, 52.061326236602795, 332104.8606195257,      0.0, 332104.8606195257,   1.0
 -0.07835181274275282, 0.07677918314654464, 14.211318743849167, 57.13768265139526,  45.37870401407674,   0.382242674310051, 319.8513691115265, 52.061326236602795, 351805.3271653573,      0.0, 351805.3271653573,   1.0
 -0.07835181274275282, 0.07677918314654464, 14.211318743849167, 57.13768265139526,  45.37870401407674,   0.382242674310051, 318.8513691115265, 53.061326236602795,351655.89503671677,      0.0,351655.89503671677,   1.0
 -0.07826111303076641,  0.0766878399037479, 14.192581750726005, 57.13280845932279,   45.3277082319379,  0.3821535667571036, 318.7772420342289,  52.08058400682132, 351683.3876652498,      0.0, 351683.3876652498,   1.0
   0.2999993999999999,  0.0766878399037479, 14.192581750726005, 57.13280845932279,   45.3277082319379,  0.3821535667571036, 318.7772420342289,  52.08058400682132, 260780.5983215514,      0.0, 260780.5983215514,   1.0
 -0.07826111303076641,-0.29999939999999997, 14.192581750726005, 57.13280845932279,   45.3277082319379,  0.3821535667571036, 318.7772420342289,  52.08058400682132, 282514.1880478843,      0.0, 282514.1880478843,   1.0
 -0.07826111303076641,  0.0766878399037479, 15.192581750726005, 57.13280845932279,   45.3277082319379,  0.3821535667571036, 318.7772420342289,  52.08058400682132, 351876.9963105065,      0.0, 351876.9963105065,   1.0
 -0.07826111303076641,  0.0766878399037479, 14.192581750726005, 58.13280845932279,   45.3277082319379,  0.3821535667571036, 318.7772420342289,  52.08058400682132, 351682.4504151112,      0.0, 351682.4504151112,   1.0
 -0.07826111303076641,  0.0766878399037479, 14.192581750726005, 57.13280845932279,   46.3277082319379,  0.3821535667571036, 318.7772420342289,  52.08058400682132,351746.80495660903,      0.0,351746.80495660903,   1.0
 -0.07826111303076641,  0.0766878399037479, 14.192581750726005, 57.13280845932279,   45.3277082319379, 0.02000057999999999, 318.7772420342289,  52.08058400682132,332072.68718279037,      0.0,332072.68718279037,   1.0
 -0.07826111303076641,  0.0766878399037479, 14.192581750726005, 57.13280845932279,   45.3277082319379,  0.3821535667571036, 319.7772420342289,  52.08058400682132, 351821.7946120517,      0.0, 351821.7946120517,   1.0
 -0.07826111303076641,  0.0766878399037479, 14.192581750726005, 57.13280845932279,   45.3277082319379,  0.3821535667571036, 318.7772420342289,  53.08058400682132, 351655.7968492153,      0.0, 351655.7968492153,   1.0
 -0.07824782453899165, 0.07667445712772798,  14.18983657796252, 57.13209433730581,  45.32023679661955, 0.38214051153390083,318.76638161322666, 52.083405479079005, 351674.9285139521,      0.0, 351674.9285139521,   1.0
  0.29999939999999997, 0.07667445712772798,  14.18983657796252, 57.13209433730581,  45.32023679661955, 0.38214051153390083,318.76638161322666, 52.083405479079005,260778.78367158008,      0.0,260778.78367158008,   1.0
 -0.07824782453899165,-0.29999939999999997,  14.18983657796252, 57.13209433730581,  45.32023679661955, 0.38214051153390083,318.76638161322666, 52.083405479079005, 282521.8469134241,      0.0, 282521.8469134241,   1.0
 -0.07824782453899165, 0.07667445712772798,  15.18983657796252, 57.13209433730581,  45.32023679661955, 0.38214051153390083,318.76638161322666, 52.083405479079005, 351867.8110116023,      0.0, 351867.8110116023,   1.0
 -0.07824782453899165, 0.07667445712772798,  14.18983657796252, 58.13209433730581,  45.32023679661955, 0.38214051153390083,318.76638161322666, 52.083405479079005,351686.08139092504,      0.0,351686.08139092504,   1.0
 -0.07824782453899165, 0.07667445712772798,  14.18983657796252, 57.13209433730581,  46.32023679661955, 0.38214051153390083,318.76638161322666, 52.083405479079005, 351757.1140013654,      0.0, 351757.1140013654,   1.0
 -0.07824782453899165, 0.07667445712772798,  14.18983657796252, 57.13209433730581,  45.32023679661955, 0.02000057999999999,318.76638161322666, 52.083405479079005, 332093.9116238229,      0.0, 332093.9116238229,   1.0
 -0.07824782453899165, 0.07667445712772798,  14.18983657796252, 57.13209433730581,  45.32023679661955, 0.38214051153390083,319.76638161322666, 52.083405479079005,351805.07804237236,      0.0,351805.07804237236,   1.0
 -0.07824782453899165, 0.07667445712772798,  14.18983657796252, 57.13209433730581,  45.32023679661955, 0.38214051153390083,318.76638161322666, 53.083405479079005, 351646.1776675847,      0.0, 351646.1776675847,   1.0
 -0.07824495216102986, 0.07667156436972665,  14.18924319431291,57.131939976045075,  45.31862180625683, 0.38213768957817784, 318.7640340756376, 52.084015355268875, 351684.7238662478,      0.0, 351684.7238662478,   1.0
   0.2999993999999999, 0.07667156436972665,  14.18924319431291,57.131939976045075,  45.31862180625683, 0.38213768957817784, 318.7640340756376, 52.084015355268875,260780.53415640263,      0.0,260780.53415640263,   1.0
 -0.07824495216102986,-0.29999939999999997,  14.18924319431291,57.131939976045075,  45.31862180625683, 0.38213768957817784, 318.7640340756376, 52.084015355268875,282527.38119500095,      0.0,282527.38119500095,   1.0
 -0.07824495216102986, 0.07667156436972665,  15.18924319431291,57.131939976045075,  45.31862180625683, 0.38213768957817784, 318.7640340756376, 52.084015355268875,351877.94910681737,      0.0,351877.94910681737,   1.0
 -0.07824495216102986, 0.07667156436972665,  14.18924319431291,58.131939976045075,  45.31862180625683, 0.38213768957817784, 318.7640340756376, 52.084015355268875, 351690.6816374288,      0.0, 351690.6816374288,   1.0
 -0.07824495216102986, 0.07667156436972665,  14.18924319431291,57.131939976045075,  46.31862180625683, 0.38213768957817784, 318.7640340756376, 52.084015355268875, 351766.9778353972,      0.0, 351766.9778353972,   1.0
 -0.07824495216102986, 0.07667156436972665,  14.18924319431291,57.131939976045075,  45.31862180625683, 0.02000057999999999, 318.7640340756376, 52.084015355268875,332065.49619580875,      0.0,332065.49619580875,   1.0
 -0.07824495216102986, 0.07667156436972665,  14.18924319431291,57.131939976045075,  45.31862180625683, 0.38213768957817784, 319.7640340756376, 52.084015355268875,351814.87426683505,      0.0,351814.87426683505,   1.0
 -0.07824495216102986, 0.07667156436972665,  14.18924319431291,57.131939976045075,  45.31862180625683, 0.38213768957817784, 318.7640340756376, 53.084015355268875, 351655.3594877229,      0.0, 351655.3594877229,   1.0
 -0.07824488402271859, 0.07667149574796177, 14.189229118115293, 57.13193631430008,  45.31858349558967,  0.3821376226359787,318.76397838754605,  52.08402982270116, 351684.7238662478,      0.0, 351684.7238662478,   1.0
            0.2999994, 0.07667149574796177, 14.189229118115293, 57.13193631430008,  45.31858349558967,  0.3821376226359787,318.76397838754605,  52.08402982270116,260780.53415640263,      0.0,260780.53415640263,   1.0
 -0.07824488402271859,-0.29999939999999997, 14.189229118115293, 57.13193631430008,  45.31858349558967,  0.3821376226359787,318.76397838754605,  52.08402982270116,282527.38119500095,      0.0,282527.38119500095,   1.0
 -0.07824488402271859, 0.07667149574796177, 15.189229118115293, 57.13193631430008,  45.31858349558967,  0.3821376226359787,318.76397838754605,  52.08402982270116, 351877.9284334192,      0.0, 351877.9284334192,   1.0
 -0.07824488402271859, 0.07667149574796177, 14.189229118115293, 58.13193631430008,  45.31858349558967,  0.3821376226359787,318.76397838754605,  52.08402982270116, 351690.6823986739,      0.0, 351690.6823986739,   1.0
 -0.07824488402271859, 0.07667149574796177, 14.189229118115293, 57.13193631430008,  46.31858349558967,  0.3821376226359787,318.76397838754605,  52.08402982270116, 351768.1979895626,      0.0, 351768.1979895626,   1.0
 -0.07824488402271859, 0.07667149574796177, 14.189229118115293, 57.13193631430008,  45.31858349558967, 0.02000057999999999,318.76397838754605,  52.08402982270116,332065.52274779417,      0.0,332065.52274779417,   1.0
 -0.07824488402271859, 0.07667149574796177, 14.189229118115293, 57.13193631430008,  45.31858349558967,  0.3821376226359787,319.76397838754605,  52.08402982270116,351814.87426683505,      0.0,351814.87426683505,   1.0
 -0.07824488402271859, 0.07667149574796177, 14.189229118115293, 57.13193631430008,  45.31858349558967,  0.3821376226359787,318.76397838754605,  53.08402982270116,351655.35931223596,      0.0,351655.35931223596,   1.0
 -0.07824486963583256, 0.07667148125899818, 14.189226146033256,57.131935541150476,  45.31857540658376,  0.3821376085016427, 318.7639666294292,  52.08403287738942, 351684.7238662478,      0.0, 351684.7238662478,   1.0
  0.29999939999999997, 0.07667148125899818, 14.189226146033256,57.131935541150476,  45.31857540658376,  0.3821376085016427, 318.7639666294292,  52.08403287738942,260780.52925431076,      0.0,260780.52925431076,   1.0
 -0.07824486963583256,-0.29999939999999997, 14.189226146033256,57.131935541150476,  45.31857540658376,  0.3821376085016427, 318.7639666294292,  52.08403287738942,282527.38119500095,      0.0,282527.38119500095,   1.0
 -0.07824486963583256, 0.07667148125899818, 15.189226146033256,57.131935541150476,  45.31857540658376,  0.3821376085016427, 318.7639666294292,  52.08403287738942, 351877.9284334192,      0.0, 351877.9284334192,   1.0
 -0.07824486963583256, 0.07667148125899818, 14.189226146033256,58.131935541150476,  45.31857540658376,  0.3821376085016427, 318.7639666294292,  52.08403287738942, 351690.6823986739,      0.0, 351690.6823986739,   1.0
 -0.07824486963583256, 0.07667148125899818, 14.189226146033256,57.131935541150476,  46.31857540658376,  0.3821376085016427, 318.7639666294292,  52.08403287738942, 351768.1979895626,      0.0, 351768.1979895626,   1.0
 -0.07824486963583256, 0.07667148125899818, 14.189226146033256,57.131935541150476,  45.31857540658376, 0.02000057999999999, 318.7639666294292,  52.08403287738942,332065.52274779417,      0.0,332065.52274779417,   1.0
 -0.07824486963583256, 0.07667148125899818, 14.189226146033256,57.131935541150476,  45.31857540658376,  0.3821376085016427, 319.7639666294292,  52.08403287738942,351814.87426683505,      0.0,351814.87426683505,   1.0
 -0.07824486963583256, 0.07667148125899818, 14.189226146033256,57.131935541150476,  45.31857540658376,  0.3821376085016427, 318.7639666294292,  53.08403287738942,351655.35931223596,      0.0,351655.35931223596,   1.0
 -0.07824486659967679, 0.07667147820130034,  14.18922551881594,57.131935377987816, 45.318573699509564,  0.3821376055187841,318.76396414803924, 52.084033522039654, 351684.7238662478,      0.0, 351684.7238662478,   1.0
  0.29999939999999997, 0.07667147820130034,  14.18922551881594,57.131935377987816, 45.318573699509564,  0.3821376055187841,318.76396414803924, 52.084033522039654,260780.52925431076,      0.0,260780.52925431076,   1.0
 -0.07824486659967679,-0.29999939999999997,  14.18922551881594,57.131935377987816, 45.318573699509564,  0.3821376055187841,318.76396414803924, 52.084033522039654, 282527.3807661248,      0.0, 282527.3807661248,   1.0
 -0.07824486659967679, 0.07667147820130034,  15.18922551881594,57.131935377987816, 45.318573699509564,  0.3821376055187841,318.76396414803924, 52.084033522039654, 351877.9284334192,      0.0, 351877.9284334192,   1.0
 -0.07824486659967679, 0.07667147820130034,  14.18922551881594,58.131935377987816, 45.318573699509564,  0.3821376055187841,318.76396414803924, 52.084033522039654, 351690.6823986739,      0.0, 351690.6823986739,   1.0
 -0.07824486659967679, 0.07667147820130034,  14.18922551881594,57.131935377987816, 46.318573699509564,  0.3821376055187841,318.76396414803924, 52.084033522039654, 351768.1979895626,      0.0, 351768.1979895626,   1.0
 -0.07824486659967679, 0.07667147820130034,  14.18922551881594,57.131935377987816, 45.318573699509564, 0.02000057999999999,318.76396414803924, 52.084033522039654,332065.52274779417,      0.0,332065.52274779417,   1.0
 -0.07824486659967679, 0.07667147820130034,  14.18922551881594,57.131935377987816, 45.318573699509564,  0.3821376055187841,319.76396414803924, 52.084033522039654,351814.87426683505,      0.0,351814.87426683505,   1.0
 -0.07824486659967679, 0.07667147820130034,  14.18922551881594,57.131935377987816, 45.318573699509564,  0.3821376055187841,318.76396414803924, 53.084033522039654,351655.35931223596,      0.0,351655.35931223596,   1.0
 -0.07824486595893759, 0.07667147755601499, 14.189225386450296, 57.13193534355457, 45.318573339254876,  0.3821376048892926, 318.7639636243758,  52.08403365808427, 351684.7238662478,      0.0, 351684.7238662478,   1.0
  0.29999939999999997, 0.07667147755601499, 14.189225386450296, 57.13193534355457, 45.318573339254876,  0.3821376048892926, 318.7639636243758,  52.08403365808427,260780.52925431076,      0.0,260780.52925431076,   1.0
 -0.07824486595893759,-0.29999939999999997, 14.189225386450296, 57.13193534355457, 45.318573339254876,  0.3821376048892926, 318.7639636243758,  52.08403365808427, 282527.3807661248,      0.0, 282527.3807661248,   1.0
 -0.07824486595893759, 0.07667147755601499, 15.189225386450296, 57.13193534355457, 45.318573339254876,  0.3821376048892926, 318.7639636243758,  52.08403365808427, 351877.9284334192,      0.0, 351877.9284334192,   1.0
 -0.07824486595893759, 0.07667147755601499, 14.189225386450296, 58.13193534355457, 45.318573339254876,  0.3821376048892926, 318.7639636243758,  52.08403365808427, 351690.6823986739,      0.0, 351690.6823986739,   1.0
 -0.07824486595893759, 0.07667147755601499, 14.189225386450296, 57.13193534355457, 46.318573339254876,  0.3821376048892926, 318.7639636243758,  52.08403365808427, 351768.1979895626,      0.0, 351768.1979895626,   1.0
 -0.07824486595893759, 0.07667147755601499, 14.189225386450296, 57.13193534355457, 45.318573339254876, 0.02000057999999999, 318.7639636243758,  52.08403365808427,332065.52274779417,      0.0,332065.52274779417,   1.0
 -0.07824486595893759, 0.07667147755601499, 14.189225386450296, 57.13193534355457, 45.318573339254876,  0.3821376048892926, 319.7639636243758,  52.08403365808427,351814.87426683505,      0.0,351814.87426683505,   1.0
 -0.07824486595893759, 0.07667147755601499, 14.189225386450296, 57.13193534355457, 45.318573339254876,  0.3821376048892926, 318.7639636243758,  53.08403365808427,351655.35931223596,      0.0,351655.35931223596,   1.0
 -0.07824486582371835, 0.07667147741983635, 14.189225358516337,57.131935336287896,  45.31857326322805,   0.382137604756447,318.76396351386376,  52.08403368679463, 351684.7238662478,      0.0, 351684.7238662478,   1.0
  0.29999939999999997, 0.07667147741983635, 14.189225358516337,57.131935336287896,  45.31857326322805,   0.382137604756447,318.76396351386376,  52.08403368679463,260780.52925431076,      0.0,260780.52925431076,   1.0
 -0.07824486582371835, -0.2999993999999999, 14.189225358516337,57.131935336287896,  45.31857326322805,   0.382137604756447,318.76396351386376,  52.08403368679463, 282527.3807661248,      0.0, 282527.3807661248,   1.0
 -0.07824486582371835, 0.07667147741983635, 15.189225358516337,57.131935336287896,  45.31857326322805,   0.382137604756447,318.76396351386376,  52.08403368679463, 351877.9284334192,      0.0, 351877.9284334192,   1.0
 -0.07824486582371835, 0.07667147741983635, 14.189225358516337,58.131935336287896,  45.31857326322805,   0.382137604756447,318.76396351386376,  52.08403368679463, 351690.6823986739,      0.0, 351690.6823986739,   1.0
 -0.07824486582371835, 0.07667147741983635, 14.189225358516337,57.131935336287896,  46.31857326322805,   0.382137604756447,318.76396351386376,  52.08403368679463, 351768.1979895626,      0.0, 351768.1979895626,   1.0
 -0.07824486582371835, 0.07667147741983635, 14.189225358516337,57.131935336287896,  45.31857326322805, 0.02000057999999999,318.76396351386376,  52.08403368679463,332065.52274779417,      0.0,332065.52274779417,   1.0
 -0.07824486582371835, 0.07667147741983635, 14.189225358516337,57.131935336287896,  45.31857326322805,   0.382137604756447,319.76396351386376,  52.08403368679463,351814.87426683505,      0.0,351814.87426683505,   1.0
 -0.07824486582371835, 0.07667147741983635, 14.189225358516337,57.131935336287896,  45.31857326322805,   0.382137604756447,318.76396351386376,  53.08403368679463,351655.35931223596,      0.0,351655.35931223596,   1.0
 -0.07824486579518218, 0.07667147739109771, 14.189225352621259, 57.13193533475437, 45.318573247183636,  0.3821376047284118,318.76396349054176,  52.08403369285356, 351684.7238662478,      0.0, 351684.7238662478,   1.0
  0.29999939999999997, 0.07667147739109771, 14.189225352621259, 57.13193533475437, 45.318573247183636,  0.3821376047284118,318.76396349054176,  52.08403369285356,260780.52925431076,      0.0,260780.52925431076,   1.0
 -0.07824486579518218,-0.29999939999999997, 14.189225352621259, 57.13193533475437, 45.318573247183636,  0.3821376047284118,318.76396349054176,  52.08403369285356, 282527.3807661248,      0.0, 282527.3807661248,   1.0
 -0.07824486579518218, 0.07667147739109771, 15.189225352621259, 57.13193533475437, 45.318573247183636,  0.3821376047284118,318.76396349054176,  52.08403369285356, 351877.9284334192,      0.0, 351877.9284334192,   1.0
 -0.07824486579518218, 0.07667147739109771, 14.189225352621259, 58.13193533475437, 45.318573247183636,  0.3821376047284118,318.76396349054176,  52.08403369285356, 351690.6823986739,      0.0, 351690.6823986739,   1.0
 -0.07824486579518218, 0.07667147739109771, 14.189225352621259, 57.13193533475437, 46.318573247183636,  0.3821376047284118,318.76396349054176,  52.08403369285356, 351768.1979895626,      0.0, 351768.1979895626,   1.0
 -0.07824486579518218, 0.07667147739109771, 14.189225352621259, 57.13193533475437, 45.318573247183636, 0.02000057999999999,318.76396349054176,  52.08403369285356,332065.52274779417,      0.0,332065.52274779417,   1.0
 -0.07824486579518218, 0.07667147739109771, 14.189225352621259, 57.13193533475437, 45.318573247183636,  0.3821376047284118,319.76396349054176,  52.08403369285356,351814.87426683505,      0.0,351814.87426683505,   1.0
 -0.07824486579518218, 0.07667147739109771, 14.189225352621259, 57.13193533475437, 45.318573247183636,  0.3821376047284118,318.76396349054176,  53.08403369285356,351655.35931223596,      0.0,351655.35931223596,   1.0
 -0.07824486578916001,  0.0766714773850328,  14.18922535137718,57.131935334430736,  45.31857324379767,  0.3821376047224953, 318.7639634856199, 52.084033694132216, 351684.7238662478,      0.0, 351684.7238662478,   1.0
  0.29999939999999997,  0.0766714773850328,  14.18922535137718,57.131935334430736,  45.31857324379767,  0.3821376047224953, 318.7639634856199, 52.084033694132216,260780.52925431076,      0.0,260780.52925431076,   1.0
 -0.07824486578916001,          -0.2999994,  14.18922535137718,57.131935334430736,  45.31857324379767,  0.3821376047224953, 318.7639634856199, 52.084033694132216, 282527.3807661248,      0.0, 282527.3807661248,   1.0
 -0.07824486578916001,  0.0766714773850328,  15.18922535137718,57.131935334430736,  45.31857324379767,  0.3821376047224953, 318.7639634856199, 52.084033694132216, 351877.9284334192,      0.0, 351877.9284334192,   1.0
 -0.07824486578916001,  0.0766714773850328,  14.18922535137718,58.131935334430736,  45.31857324379767,  0.3821376047224953, 318.7639634856199, 52.084033694132216, 351690.6823986739,      0.0, 351690.6823986739,   1.0
 -0.07824486578916001,  0.0766714773850328,  14.18922535137718,57.131935334430736,  46.31857324379767,  0.3821376047224953, 318.7639634856199, 52.084033694132216, 351768.1979895626,      0.0, 351768.1979895626,   1.0
 -0.07824486578916001,  0.0766714773850328,  14.18922535137718,57.131935334430736,  45.31857324379767, 0.02000057999999999, 318.7639634856199, 52.084033694132216,332065.52274779417,      0.0,332065.52274779417,   1.0
 -0.07824486578916001,  0.0766714773850328,  14.18922535137718,57.131935334430736,  45.31857324379767,  0.3821376047224953, 319.7639634856199, 52.084033694132216,351814.87426683505,      0.0,351814.87426683505,   1.0
 -0.07824486578916001,  0.0766714773850328,  14.18922535137718,57.131935334430736,  45.31857324379767,  0.3821376047224953, 318.7639634856199, 53.084033694132216,351655.35931223596,      0.0,351655.35931223596,   1.0
  -0.0782448657878891, 0.07667147738375288, 14.189225351114635, 57.13193533436244,  45.31857324308311,  0.3821376047212467,318.76396348458127,  52.08403369440206, 351684.7238662478,      0.0, 351684.7238662478,   1.0
  0.29999939999999997, 0.07667147738375288, 14.189225351114635, 57.13193533436244,  45.31857324308311,  0.3821376047212467,318.76396348458127,  52.08403369440206,260780.52925431076,      0.0,260780.52925431076,   1.0
  -0.0782448657878891, -0.2999993999999999, 14.189225351114635, 57.13193533436244,  45.31857324308311,  0.3821376047212467,318.76396348458127,  52.08403369440206, 282527.3807661248,      0.0, 282527.3807661248,   1.0
  -0.0782448657878891, 0.07667147738375288, 15.189225351114635, 57.13193533436244,  45.31857324308311,  0.3821376047212467,318.76396348458127,  52.08403369440206, 351877.9284334192,      0.0, 351877.9284334192,   1.0
  -0.0782448657878891, 0.07667147738375288, 14.189225351114635, 58.13193533436244,  45.31857324308311,  0.3821376047212467,318.76396348458127,  52.08403369440206, 351690.6823986739,      0.0, 351690.6823986739,   1.0
  -0.0782448657878891, 0.07667147738375288, 14.189225351114635, 57.13193533436244,  46.31857324308311,  0.3821376047212467,318.76396348458127,  52.08403369440206, 351768.1979895626,      0.0, 351768.1979895626,   1.0
  -0.0782448657878891, 0.07667147738375288, 14.189225351114635, 57.13193533436244,  45.31857324308311, 0.02000057999999999,318.76396348458127,  52.08403369440206,332065.52274779417,      0.0,332065.52274779417,   1.0
  -0.0782448657878891, 0.07667147738375288, 14.189225351114635, 57.13193533436244,  45.31857324308311,  0.3821376047212467,319.76396348458127,  52.08403369440206,351814.87426683505,      0.0,351814.87426683505,   1.0
  -0.0782448657878891, 0.07667147738375288, 14.189225351114635, 57.13193533436244,  45.31857324308311,  0.3821376047212467,318.76396348458127,  53.08403369440206,351655.35931223596,      0.0,351655.35931223596,   1.0
  -0.0782448657876209, 0.07667147738348278, 14.189225351059228, 57.13193533434803,  45.31857324293232, 0.38213760472098324,  318.763963484362,    52.084033694459, 351684.7238662478,      0.0, 351684.7238662478,   1.0
  0.29999939999999997, 0.07667147738348278, 14.189225351059228, 57.13193533434803,  45.31857324293232, 0.38213760472098324,  318.763963484362,    52.084033694459,260780.52925431076,      0.0,260780.52925431076,   1.0
  -0.0782448657876209,-0.29999939999999997, 14.189225351059228, 57.13193533434803,  45.31857324293232, 0.38213760472098324,  318.763963484362,    52.084033694459, 282527.3807661248,      0.0, 282527.3807661248,   1.0
  -0.0782448657876209, 0.07667147738348278, 15.189225351059228, 57.13193533434803,  45.31857324293232, 0.38213760472098324,  318.763963484362,    52.084033694459, 351877.9284334192,      0.0, 351877.9284334192,   1.0
  -0.0782448657876209, 0.07667147738348278, 14.189225351059228, 58.13193533434803,  45.31857324293232, 0.38213760472098324,  318.763963484362,    52.084033694459, 351690.6823986739,      0.0, 351690.6823986739,   1.0
  -0.0782448657876209, 0.07667147738348278, 14.189225351059228, 57.13193533434803,  46.31857324293232, 0.38213760472098324,  318.763963484362,    52.084033694459, 351768.1979895626,      0.0, 351768.1979895626,   1.0
  -0.0782448657876209, 0.07667147738348278, 14.189225351059228, 57.13193533434803,  45.31857324293232, 0.02000057999999999,  318.763963484362,    52.084033694459,332065.52274779417,      0.0,332065.52274779417,   1.0
  -0.0782448657876209, 0.07667147738348278, 14.189225351059228, 57.13193533434803,  45.31857324293232, 0.38213760472098324,  319.763963484362,    52.084033694459,351814.87426683505,      0.0,351814.87426683505,   1.0
  -0.0782448657876209, 0.07667147738348278, 14.189225351059228, 57.13193533434803,  45.31857324293232, 0.38213760472098324,  318.763963484362,    53.084033694459,351655.35931223596,      0.0,351655.35931223596,   1.0
  -0.0782448657875643, 0.07667147738342577, 14.189225351047535, 57.13193533434498,  45.31857324290049,  0.3821376047209276, 318.7639634843158, 52.084033694471024, 351684.7238662478,      0.0, 351684.7238662478,   1.0
  0.29999939999999997, 0.07667147738342577, 14.189225351047535, 57.13193533434498,  45.31857324290049,  0.3821376047209276, 318.7639634843158, 52.084033694471024,260780.52925431076,      0.0,260780.52925431076,   1.0
  -0.0782448657875643,-0.29999939999999997, 14.189225351047535, 57.13193533434498,  45.31857324290049,  0.3821376047209276, 318.7639634843158, 52.084033694471024, 282527.3807661248,      0.0, 282527.3807661248,   1.0
  -0.0782448657875643, 0.07667147738342577, 15.189225351047535, 57.13193533434498,  45.31857324290049,  0.3821376047209276, 318.7639634843158, 52.084033694471024, 351877.9284334192,      0.0, 351877.9284334192,   1.0
  -0.0782448657875643, 0.07667147738342577, 14.189225351047535, 58.13193533434498,  45.31857324290049,  0.3821376047209276, 318.7639634843158, 52.084033694471024, 351690.6823986739,      0.0, 351690.6823986739,   1.0
  -0.0782448657875643, 0.07667147738342577, 14.189225351047535, 57.13193533434498,  46.31857324290049,  0.3821376047209276, 318.7639634843158, 52.084033694471024, 351768.1979895626,      0.0, 351768.1979895626,   1.0
  -0.0782448657875643, 0.07667147738342577, 14.189225351047535, 57.13193533434498,  45.31857324290049, 0.02000057999999999, 318.7639634843158, 52.084033694471024,332065.52274779417,      0.0,332065.52274779417,   1.0
  -0.0782448657875643, 0.07667147738342577, 14.189225351047535, 57.13193533434498,  45.31857324290049,  0.3821376047209276, 319.7639634843158, 52.084033694471024,351814.87426683505,      0.0,351814.87426683505,   1.0
  -0.0782448657875643, 0.07667147738342577, 14.189225351047535, 57.13193533434498,  45.31857324290049,  0.3821376047209276, 318.7639634843158, 53.084033694471024,351655.35931223596,      0.0,351655.35931223596,   1.0
 -0.07824486578760166, 0.07667147738346339, 14.189225351055253, 57.13193533434699, 45.318573242921495,  0.3821376047209643,318.76396348434633,  52.08403369446309, 351684.7238662478,      0.0, 351684.7238662478,   1.0
  0.29999939999999997, 0.07667147738346339, 14.189225351055253, 57.13193533434699, 45.318573242921495,  0.3821376047209643,318.76396348434633,  52.08403369446309,260780.52925431076,      0.0,260780.52925431076,   1.0
 -0.07824486578760166,          -0.2999994, 14.189225351055253, 57.13193533434699, 45.318573242921495,  0.3821376047209643,318.76396348434633,  52.08403369446309, 282527.3807661248,      0.0, 282527.3807661248,   1.0
 -0.07824486578760166, 0.07667147738346339, 15.189225351055253, 57.13193533434699, 45.318573242921495,  0.3821376047209643,318.76396348434633,  52.08403369446309, 351877.9284334192,      0.0, 351877.9284334192,   1.0
 -0.07824486578760166, 0.07667147738346339, 14.189225351055253, 58.13193533434699, 45.318573242921495,  0.3821376047209643,318.76396348434633,  52.08403369446309, 351690.6823986739,      0.0, 351690.6823986739,   1.0
 -0.07824486578760166, 0.07667147738346339, 14.189225351055253, 57.13193533434699, 46.318573242921495,  0.3821376047209643,318.76396348434633,  52.08403369446309, 351768.1979895626,      0.0, 351768.1979895626,   1.0
 -0.07824486578760166, 0.07667147738346339, 14.189225351055253, 57.13193533434699, 45.318573242921495, 0.02000057999999999,318.76396348434633,  52.08403369446309,332065.52274779417,      0.0,332065.52274779417,   1.0
 -0.07824486578760166, 0.07667147738346339, 14.189225351055253, 57.13193533434699, 45.318573242921495,  0.3821376047209643,319.76396348434633,  52.08403369446309,351814.87426683505,      0.0,351814.87426683505,   1.0
 -0.07824486578760166, 0.07667147738346339, 14.189225351055253, 57.13193533434699, 45.318573242921495,  0.3821376047209643,318.76396348434633,  53.08403369446309,351655.35931223596,      0.0,351655.35931223596,   1.0
 -0.07824486578757217, 0.07667147738343369,  14.18922535104916, 57.13193533434541,  45.31857324290491, 0.38213760472093533,318.76396348432223, 52.084033694469355, 351684.7238662478,      0.0, 351684.7238662478,   1.0
  0.29999939999999997, 0.07667147738343369,  14.18922535104916, 57.13193533434541,  45.31857324290491, 0.38213760472093533,318.76396348432223, 52.084033694469355,260780.52925431076,      0.0,260780.52925431076,   1.0
 -0.07824486578757217, -0.2999993999999999,  14.18922535104916, 57.13193533434541,  45.31857324290491, 0.38213760472093533,318.76396348432223, 52.084033694469355, 282527.3807661248,      0.0, 282527.3807661248,   1.0
 -0.07824486578757217, 0.07667147738343369,  15.18922535104916, 57.13193533434541,  45.31857324290491, 0.38213760472093533,318.76396348432223, 52.084033694469355, 351877.9284334192,      0.0, 351877.9284334192,   1.0
 -0.07824486578757217, 0.07667147738343369,  14.18922535104916, 58.13193533434541,  45.31857324290491, 0.38213760472093533,318.76396348432223, 52.084033694469355, 351690.6823986739,      0.0, 351690.6823986739,   1.0
 -0.07824486578757217, 0.07667147738343369,  14.18922535104916, 57.13193533434541,  46.31857324290491, 0.38213760472093533,318.76396348432223, 52.084033694469355, 351768.1979895626,      0.0, 351768.1979895626,   1.0
 -0.07824486578757217, 0.07667147738343369,  14.18922535104916, 57.13193533434541,  45.31857324290491, 0.02000057999999999,318.76396348432223, 52.084033694469355,332065.52274779417,      0.0,332065.52274779417,   1.0
 -0.07824486578757217, 0.07667147738343369,  14.18922535104916, 57.13193533434541,  45.31857324290491, 0.38213760472093533,319.76396348432223, 52.084033694469355,351814.87426683505,      0.0,351814.87426683505,   1.0
 -0.07824486578757217, 0.07667147738343369,  14.18922535104916, 57.13193533434541,  45.31857324290491, 0.38213760472093533,318.76396348432223, 53.084033694469355,351655.35931223596,      0.0,351655.35931223596,   1.0
 -0.07824486578754916, 0.07667147738341053, 14.189225351044408, 57.13193533434417,  45.31857324289198, 0.38213760472091274, 318.7639634843034, 52.084033694474236, 351684.7238662478,      0.0, 351684.7238662478,   1.0
