           centre_ra,           centre_dec,              v_sys,       inclination,               phi,     turnover_radius,  maximum_velocity,velocity_dispersion,    log_likelihood,log_prior,     log_posterior,weight
    0.00389186093094,    -0.00132137519719,  -0.08516686087857, 50.07902878066444, 39.90136309229262,    0.31437939522312,274.97221555257863,  61.97212676300468, 344969.8539842791,      0.0, 344969.8539842791,   1.0
    0.00389186093094,    -0.00132137519719,  -0.08516686087857, 50.07902878066444, 39.90136309229262,    0.31437939522312,274.97221555257863,  61.97212676300468, 344969.8539842791,      0.0, 344969.8539842791,   1.0
-0.29999939999999997,    -0.00132137519719,  -0.08516686087857, 50.07902878066444, 39.90136309229262,    0.31437939522312,274.97221555257863,  61.97212676300468, 332503.5604959897,      0.0, 332503.5604959897,   1.0
    0.00389186093094,  0.29999939999999997,  -0.08516686087857, 50.07902878066444, 39.90136309229262,    0.31437939522312,274.97221555257863,  61.97212676300468,283088.85929041787,      0.0,283088.85929041787,   1.0
    0.00389186093094,    -0.00132137519719, 0.9148331391214299, 50.07902878066444, 39.90136309229262,    0.31437939522312,274.97221555257863,  61.97212676300468,345570.75658764597,      0.0,345570.75658764597,   1.0
    0.00389186093094,    -0.00132137519719,  -0.08516686087857, 51.07902878066444, 39.90136309229262,    0.31437939522312,274.97221555257863,  61.97212676300468, 345333.9586329672,      0.0, 345333.9586329672,   1.0
    0.00389186093094,    -0.00132137519719,  -0.08516686087857, 50.07902878066444, 40.90136309229262,    0.31437939522312,274.97221555257863,  61.97212676300468,345283.82167678035,      0.0,345283.82167678035,   1.0
    0.00389186093094,    -0.00132137519719,  -0.08516686087857, 50.07902878066444, 39.90136309229262, 0.02000057999999999,274.97221555257863,  61.97212676300468,323021.27778854297,      0.0,323021.27778854297,   1.0
    0.00389186093094,    -0.00132137519719,  -0.08516686087857, 50.07902878066444, 39.90136309229262,    0.31437939522312,275.97221555257863,  61.97212676300468, 345093.5675907163,      0.0, 345093.5675907163,   1.0
    0.00389186093094,    -0.00132137519719,  -0.08516686087857, 50.07902878066444, 39.90136309229262,    0.31437939522312,274.97221555257863,  62.97212676300468,  344782.259462617,      0.0,  344782.259462617,   1.0
 0.29999939999999997, -0.29999939999999997,           59.99988,          79.99994,         169.99974,          0.59999942,         499.99955,           5.000115,204273.33402701415,      0.0,204273.33402701415,   1.0
-0.29999939999999997, -0.29999939999999997,           59.99988,          79.99994,         169.99974,          0.59999942,         499.99955,           5.000115,220988.77528569777,      0.0,220988.77528569777,   1.0
 0.29999939999999997,  0.29999939999999997,           59.99988,          79.99994,         169.99974,          0.59999942,         499.99955,           5.000115,204484.87647460177,      0.0,204484.87647460177,   1.0
 0.29999939999999997, -0.29999939999999997,           58.99988,          79.99994,         169.99974,          0.59999942,         499.99955,           5.000115,203991.58861195733,      0.0,203991.58861195733,   1.0
 0.29999939999999997, -0.29999939999999997,           59.99988,          78.99994,         169.99974,          0.59999942,         499.99955,           5.000115,198321.79589184836,      0.0,198321.79589184836,   1.0
 0.29999939999999997, -0.29999939999999997,           59.99988,          79.99994,         168.99974,          0.59999942,         499.99955,           5.000115,203948.55896391434,      0.0,203948.55896391434,   1.0
 0.29999939999999997, -0.29999939999999997,           59.99988,          79.99994,         169.99974,0.020000580000000046,         499.99955,           5.000115,204799.10029797372,      0.0,204799.10029797372,   1.0
 0.29999939999999997, -0.29999939999999997,           59.99988,          79.99994,         169.99974,          0.59999942,         498.99955,           5.000115,204229.99253239034,      0.0,204229.99253239034,   1.0
 0.29999939999999997, -0.29999939999999997,           59.99988,          79.99994,         169.99974,          0.59999942,         499.99955,           6.000115,204715.68560041735,      0.0,204715.68560041735,   1.0
0.038248459591531184, -0.03597622072780305,  6.886347093112878, 53.55067540456934, 54.99634424631845, 0.34751915448605025, 301.0815602912466, 55.361810290881614,351466.88165463787,      0.0,351466.88165463787,   1.0
-0.29999939999999997, -0.03597622072780305,  6.886347093112878, 53.55067540456934, 54.99634424631845, 0.34751915448605025, 301.0815602912466, 55.361810290881614, 298857.9076103532,      0.0, 298857.9076103532,   1.0
0.038248459591531184,  0.29999939999999997,  6.886347093112878, 53.55067540456934, 54.99634424631845, 0.34751915448605025, 301.0815602912466, 55.361810290881614, 299294.3202305562,      0.0, 299294.3202305562,   1.0
0.038248459591531184, -0.03597622072780305,  7.886347093112878, 53.55067540456934, 54.99634424631845, 0.34751915448605025, 301.0815602912466, 55.361810290881614,  351847.220681803,      0.0,  351847.220681803,   1.0
0.038248459591531184, -0.03597622072780305,  6.886347093112878, 54.55067540456934, 54.99634424631845, 0.34751915448605025, 301.0815602912466, 55.361810290881614, 351723.2323767536,      0.0, 351723.2323767536,   1.0
0.038248459591531184, -0.03597622072780305,  6.886347093112878, 53.55067540456934, 55.99634424631845, 0.34751915448605025, 301.0815602912466, 55.361810290881614, 351138.9215241721,      0.0, 351138.9215241721,   1.0
0.038248459591531184, -0.03597622072780305,  6.886347093112878, 53.55067540456934, 54.99634424631845, 0.02000057999999999, 301.0815602912466, 55.361810290881614, 306101.1820793048,      0.0, 306101.1820793048,   1.0
0.038248459591531184, -0.03597622072780305,  6.886347093112878, 53.55067540456934, 54.99634424631845, 0.34751915448605025, 302.0815602912466, 55.361810290881614,  351558.418692184,      0.0,  351558.418692184,   1.0
0.038248459591531184, -0.03597622072780305,  6.886347093112878, 53.55067540456934, 54.99634424631845, 0.34751915448605025, 301.0815602912466, 56.361810290881614,351262.83110253967,      0.0,351262.83110253967,   1.0
 0.29999939999999997, -0.24009238135648137,  44.26469720585721,    72.16422571876,135.92872198983437,          0.59999942, 441.0691456697667, 19.919912150306125,192329.13992179852,      0.0,192329.13992179852,   1.0
-0.29999939999999997, -0.24009238135648137,  44.26469720585721,    72.16422571876,135.92872198983437,          0.59999942, 441.0691456697667, 19.919912150306125,202585.79660911788,      0.0,202585.79660911788,   1.0
 0.29999939999999997,            0.2999994,  44.26469720585721,    72.16422571876,135.92872198983437,          0.59999942, 441.0691456697667, 19.919912150306125, 226012.7661630199,      0.0, 226012.7661630199,   1.0
 0.29999939999999997, -0.24009238135648137,  45.26469720585721,    72.16422571876,135.92872198983437,          0.59999942, 441.0691456697667, 19.919912150306125,192596.74600770682,      0.0,192596.74600770682,   1.0
 0.29999939999999997, -0.24009238135648137,  44.26469720585721,    73.16422571876,135.92872198983437,          0.59999942, 441.0691456697667, 19.919912150306125, 193937.8205702165,      0.0, 193937.8205702165,   1.0
 0.29999939999999997, -0.24009238135648137,  44.26469720585721,    72.16422571876,136.92872198983437,          0.59999942, 441.0691456697667, 19.919912150306125,191942.78441979756,      0.0,191942.78441979756,   1.0
 0.29999939999999997, -0.24009238135648137,  44.26469720585721,    72.16422571876,135.92872198983437,0.020000580000000046, 441.0691456697667, 19.919912150306125,133054.00000449602,      0.0,133054.00000449602,   1.0
 0.29999939999999997, -0.24009238135648137,  44.26469720585721,    72.16422571876,135.92872198983437,          0.59999942, 442.0691456697667, 19.919912150306125,192415.32489884246,      0.0,192415.32489884246,   1.0
 0.29999939999999997, -0.24009238135648137,  44.26469720585721,    72.16422571876,135.92872198983437,          0.59999942, 441.0691456697667, 20.919912150306125, 194238.3261066023,      0.0, 194238.3261066023,   1.0
 0.06351355526858289, -0.05567821041108122,  10.49423324005513, 55.34731891936921,62.808214048468216, 0.37188941292647026,314.59364064010225,   51.9408371088919,348633.34190446156,      0.0,348633.34190446156,   1.0
-0.29999939999999997, -0.05567821041108122,  10.49423324005513, 55.34731891936921,62.808214048468216, 0.37188941292647026,314.59364064010225,   51.9408371088919, 269735.7068547999,      0.0, 269735.7068547999,   1.0
 0.06351355526858289,  0.29999939999999997,  10.49423324005513, 55.34731891936921,62.808214048468216, 0.37188941292647026,314.59364064010225,   51.9408371088919, 303894.9366933339,      0.0, 303894.9366933339,   1.0
 0.06351355526858289, -0.05567821041108122,  11.49423324005513, 55.34731891936921,62.808214048468216, 0.37188941292647026,314.59364064010225,   51.9408371088919,348913.05248492205,      0.0,348913.05248492205,   1.0
 0.06351355526858289, -0.05567821041108122,  10.49423324005513, 56.34731891936921,62.808214048468216, 0.37188941292647026,314.59364064010225,   51.9408371088919,348906.97224034555,      0.0,348906.97224034555,   1.0
 0.06351355526858289, -0.05567821041108122,  10.49423324005513, 55.34731891936921,63.808214048468216, 0.37188941292647026,314.59364064010225,   51.9408371088919,347871.73244617274,      0.0,347871.73244617274,   1.0
 0.06351355526858289, -0.05567821041108122,  10.49423324005513, 55.34731891936921,62.808214048468216, 0.02000057999999999,314.59364064010225,   51.9408371088919,292859.38875297527,      0.0,292859.38875297527,   1.0
 0.06351355526858289, -0.05567821041108122,  10.49423324005513, 55.34731891936921,62.808214048468216, 0.37188941292647026,315.59364064010225,   51.9408371088919,348733.97830865555,      0.0,348733.97830865555,   1.0
 0.06351355526858289, -0.05567821041108122,  10.49423324005513, 55.34731891936921,62.808214048468216, 0.37188941292647026,314.59364064010225,   52.9408371088919,348581.60943147854,      0.0,348581.60943147854,   1.0
 0.04256642736452881, -0.03934341781281541,  7.502958101053426,53.857733366891544,56.331443170292616, 0.35168418880495594, 303.3908619554199, 54.777143913958376,  351191.315522585,      0.0,  351191.315522585,   1.0
-0.29999939999999997, -0.03934341781281541,  7.502958101053426,53.857733366891544,56.331443170292616, 0.35168418880495594, 303.3908619554199, 54.777143913958376,294074.72909837356,      0.0,294074.72909837356,   1.0
 0.04256642736452881,  0.29999939999999997,  7.502958101053426,53.857733366891544,56.331443170292616, 0.35168418880495594, 303.3908619554199, 54.777143913958376, 300494.1830328888,      0.0, 300494.1830328888,   1.0
 0.04256642736452881, -0.03934341781281541,  8.502958101053427,53.857733366891544,56.331443170292616, 0.35168418880495594, 303.3908619554199, 54.777143913958376,351492.53281956096,      0.0,351492.53281956096,   1.0
 0.04256642736452881, -0.03934341781281541,  7.502958101053426,54.857733366891544,56.331443170292616, 0.35168418880495594, 303.3908619554199, 54.777143913958376,   351618.58766093,      0.0,   351618.58766093,   1.0
 0.04256642736452881, -0.03934341781281541,  7.502958101053426,53.857733366891544,57.331443170292616, 0.35168418880495594, 303.3908619554199, 54.777143913958376,  350995.443057328,      0.0,  350995.443057328,   1.0
 0.04256642736452881, -0.03934341781281541,  7.502958101053426,53.857733366891544,56.331443170292616, 0.02000057999999999, 303.3908619554199, 54.777143913958376, 304299.0357449692,      0.0, 304299.0357449692,   1.0
 0.04256642736452881, -0.03934341781281541,  7.502958101053426,53.857733366891544,56.331443170292616, 0.35168418880495594, 304.3908619554199, 54.777143913958376,351275.41090555047,      0.0,351275.41090555047,   1.0
 0.04256642736452881, -0.03934341781281541,  7.502958101053426,53.857733366891544,56.331443170292616, 0.35168418880495594, 303.3908619554199, 55.777143913958376,351024.31484627776,      0.0,351024.31484627776,   1.0
0.038993965766764775, -0.03655757435341443,   6.99280627444613,53.603689604558824, 55.22685187043615,  0.3482382563802843,301.48026605785384,  55.26086641696633, 351392.0838161371,      0.0, 351392.0838161371,   1.0
-0.29999939999999997, -0.03655757435341443,   6.99280627444613,53.603689604558824, 55.22685187043615,  0.3482382563802843,301.48026605785384,  55.26086641696633,  298071.432577446,      0.0,  298071.432577446,   1.0
0.038993965766764775,  0.29999939999999997,   6.99280627444613,53.603689604558824, 55.22685187043615,  0.3482382563802843,301.48026605785384,  55.26086641696633,299510.83315473906,      0.0,299510.83315473906,   1.0
0.038993965766764775, -0.03655757435341443,   7.99280627444613,53.603689604558824, 55.22685187043615,  0.3482382563802843,301.48026605785384,  55.26086641696633,351770.46068837366,      0.0,351770.46068837366,   1.0
0.038993965766764775, -0.03655757435341443,   6.99280627444613,54.603689604558824, 55.22685187043615,  0.3482382563802843,301.48026605785384,  55.26086641696633,351774.91257463384,      0.0,351774.91257463384,   1.0
0.038993965766764775, -0.03655757435341443,   6.99280627444613,53.603689604558824, 56.22685187043615,  0.3482382563802843,301.48026605785384,  55.26086641696633, 351042.9129464236,      0.0, 351042.9129464236,   1.0
0.038993965766764775, -0.03655757435341443,   6.99280627444613,53.603689604558824, 55.22685187043615, 0.02000057999999999,301.48026605785384,  55.26086641696633,305879.90063439915,      0.0,305879.90063439915,   1.0
0.038993965766764775, -0.03655757435341443,   6.99280627444613,53.603689604558824, 55.22685187043615,  0.3482382563802843,302.48026605785384,  55.26086641696633, 351479.8513909549,      0.0, 351479.8513909549,   1.0
0.038993965766764775, -0.03655757435341443,   6.99280627444613,53.603689604558824, 55.22685187043615,  0.3482382563802843,301.48026605785384,  56.26086641696633, 351184.0409106686,      0.0, 351184.0409106686,   1.0
0.038370153170184926, -0.03607111867166221,  6.903725082977189,  53.5593292399506, 55.03397142985863, 0.34763653793079313, 301.1466434966984,  55.34533259872021, 351455.3331537428,      0.0, 351455.3331537428,   1.0
-0.29999939999999997, -0.03607111867166221,  6.903725082977189,  53.5593292399506, 55.03397142985863, 0.34763653793079313, 301.1466434966984,  55.34533259872021, 298752.3259648994,      0.0, 298752.3259648994,   1.0
0.038370153170184926,   0.2999993999999999,  6.903725082977189,  53.5593292399506, 55.03397142985863, 0.34763653793079313, 301.1466434966984,  55.34533259872021,299348.89813642204,      0.0,299348.89813642204,   1.0
0.038370153170184926, -0.03607111867166221,  7.903725082977189,  53.5593292399506, 55.03397142985863, 0.34763653793079313, 301.1466434966984,  55.34533259872021,351843.23097257095,      0.0,351843.23097257095,   1.0
0.038370153170184926, -0.03607111867166221,  6.903725082977189,  54.5593292399506, 55.03397142985863, 0.34763653793079313, 301.1466434966984,  55.34533259872021, 351762.7135992913,      0.0, 351762.7135992913,   1.0
0.038370153170184926, -0.03607111867166221,  6.903725082977189,  53.5593292399506, 56.03397142985863, 0.34763653793079313, 301.1466434966984,  55.34533259872021, 351139.0656629326,      0.0, 351139.0656629326,   1.0
0.038370153170184926, -0.03607111867166221,  6.903725082977189,  53.5593292399506, 55.03397142985863, 0.02000057999999999, 301.1466434966984,  55.34533259872021,   306044.79470647,      0.0,   306044.79470647,   1.0
0.038370153170184926, -0.03607111867166221,  6.903725082977189,  53.5593292399506, 55.03397142985863, 0.34763653793079313, 302.1466434966984,  55.34533259872021,351541.83033187303,      0.0,351541.83033187303,   1.0
0.038370153170184926, -0.03607111867166221,  6.903725082977189,  53.5593292399506, 55.03397142985863, 0.34763653793079313, 301.1466434966984,  56.34533259872021,351254.13861123065,      0.0,351254.13861123065,   1.0
 0.03826851765039289, -0.03599186221492866,  6.889211408119903,  53.5521017669245, 55.00254612048961,  0.3475385021301091,301.09228758499785,  55.35909436681286,351462.17516073625,      0.0,351462.17516073625,   1.0
-0.29999939999999997, -0.03599186221492866,  6.889211408119903,  53.5521017669245, 55.00254612048961,  0.3475385021301091,301.09228758499785,  55.35909436681286, 298855.6649537096,      0.0, 298855.6649537096,   1.0
 0.03826851765039289,  0.29999939999999997,  6.889211408119903,  53.5521017669245, 55.00254612048961,  0.3475385021301091,301.09228758499785,  55.35909436681286, 299298.5928751996,      0.0, 299298.5928751996,   1.0
 0.03826851765039289, -0.03599186221492866,  7.889211408119903,  53.5521017669245, 55.00254612048961,  0.3475385021301091,301.09228758499785,  55.35909436681286,  351845.121362663,      0.0,  351845.121362663,   1.0
 0.03826851765039289, -0.03599186221492866,  6.889211408119903,  54.5521017669245, 55.00254612048961,  0.3475385021301091,301.09228758499785,  55.35909436681286, 351739.3479724173,      0.0, 351739.3479724173,   1.0
 0.03826851765039289, -0.03599186221492866,  6.889211408119903,  53.5521017669245, 56.00254612048961,  0.3475385021301091,301.09228758499785,  55.35909436681286,351137.97504058713,      0.0,351137.97504058713,   1.0
 0.03826851765039289, -0.03599186221492866,  6.889211408119903,  53.5521017669245, 55.00254612048961, 0.02000057999999999,301.09228758499785,  55.35909436681286, 306080.9199269325,      0.0, 306080.9199269325,   1.0
 0.03826851765039289, -0.03599186221492866,  6.889211408119903,  53.5521017669245, 55.00254612048961,  0.3475385021301091,302.09228758499785,  55.35909436681286, 351555.5108818959,      0.0, 351555.5108818959,   1.0
 0.03826851765039289, -0.03599186221492866,  6.889211408119903,  53.5521017669245, 55.00254612048961,  0.3475385021301091,301.09228758499785,  56.35909436681286, 351258.3064549469,      0.0, 351258.3064549469,   1.0
 0.03825098380810778,-0.035978189138672574,  6.886707554285675, 53.55085490586236, 54.99712472431469,  0.3475215893001162,301.08291027296195,   55.3614685040416,351466.85406255955,      0.0,351466.85406255955,   1.0
-0.29999939999999997,-0.035978189138672574,  6.886707554285675, 53.55085490586236, 54.99712472431469,  0.3475215893001162,301.08291027296195,   55.3614685040416, 298857.8533960862,      0.0, 298857.8533960862,   1.0
 0.03825098380810778,  0.29999939999999997,  6.886707554285675, 53.55085490586236, 54.99712472431469,  0.3475215893001162,301.08291027296195,   55.3614685040416,299294.82200520555,      0.0,299294.82200520555,   1.0
 0.03825098380810778,-0.035978189138672574,  7.886707554285675, 53.55085490586236, 54.99712472431469,  0.3475215893001162,301.08291027296195,   55.3614685040416,351847.68772165716,      0.0,351847.68772165716,   1.0
 0.03825098380810778,-0.035978189138672574,  6.886707554285675, 54.55085490586236, 54.99712472431469,  0.3475215893001162,301.08291027296195,   55.3614685040416,351739.27811201144,      0.0,351739.27811201144,   1.0
 0.03825098380810778,-0.035978189138672574,  6.886707554285675, 53.55085490586236, 55.99712472431469,  0.3475215893001162,301.08291027296195,   55.3614685040416,351138.81324268784,      0.0,351138.81324268784,   1.0
 0.03825098380810778,-0.035978189138672574,  6.886707554285675, 53.55085490586236, 54.99712472431469, 0.02000057999999999,301.08291027296195,   55.3614685040416,  306099.147574349,      0.0,  306099.147574349,   1.0
 0.03825098380810778,-0.035978189138672574,  6.886707554285675, 53.55085490586236, 54.99712472431469,  0.3475215893001162,302.08291027296195,   55.3614685040416, 351558.3222568989,      0.0, 351558.3222568989,   1.0
 0.03825098380810778,-0.035978189138672574,  6.886707554285675, 53.55085490586236, 54.99712472431469,  0.3475215893001162,301.08291027296195,   56.3614685040416, 351262.7300130443,      0.0, 351262.7300130443,   1.0
0.038248975726490775, -0.03597662321532097,  6.886420797807864, 53.55071210779579, 54.99650383325041, 0.34751965234058113, 301.0818363264983,  55.36174040458957, 351466.8993509366,      0.0, 351466.8993509366,   1.0
-0.29999939999999997, -0.03597662321532097,  6.886420797807864, 53.55071210779579, 54.99650383325041, 0.34751965234058113, 301.0818363264983,  55.36174040458957, 298857.9055110308,      0.0, 298857.9055110308,   1.0
0.038248975726490775,  0.29999939999999997,  6.886420797807864, 53.55071210779579, 54.99650383325041, 0.34751965234058113, 301.0818363264983,  55.36174040458957, 299294.5026480185,      0.0, 299294.5026480185,   1.0
0.038248975726490775, -0.03597662321532097,  7.886420797807864, 53.55071210779579, 54.99650383325041, 0.34751965234058113, 301.0818363264983,  55.36174040458957,351847.19715851196,      0.0,351847.19715851196,   1.0
0.038248975726490775, -0.03597662321532097,  6.886420797807864, 54.55071210779579, 54.99650383325041, 0.34751965234058113, 301.0818363264983,  55.36174040458957, 351723.2723972847,      0.0, 351723.2723972847,   1.0
0.038248975726490775, -0.03597662321532097,  6.886420797807864, 53.55071210779579, 55.99650383325041, 0.34751965234058113, 301.0818363264983,  55.36174040458957, 351138.9430531628,      0.0, 351138.9430531628,   1.0
0.038248975726490775, -0.03597662321532097,  6.886420797807864, 53.55071210779579, 54.99650383325041, 0.02000057999999999, 301.0818363264983,  55.36174040458957,306101.19216075656,      0.0,306101.19216075656,   1.0
0.038248975726490775, -0.03597662321532097,  6.886420797807864, 53.55071210779579, 54.99650383325041, 0.34751965234058113, 302.0818363264983,  55.36174040458957, 351558.4192011163,      0.0, 351558.4192011163,   1.0
0.038248975726490775, -0.03597662321532097,  6.886420797807864, 53.55071210779579, 54.99650383325041, 0.34751965234058113, 301.0818363264983,  56.36174040458957, 351262.8296116331,      0.0, 351262.8296116331,   1.0
   0.038250301060358,-0.035977656724733034,  6.886610057083219, 53.55080635451973, 54.99691362135283, 0.34752093073387424,301.08254513116435,  55.36156095022791, 351466.8563354068,      0.0, 351466.8563354068,   1.0
-0.29999939999999997,-0.035977656724733034,  6.886610057083219, 53.55080635451973, 54.99691362135283, 0.34752093073387424,301.08254513116435,  55.36156095022791,298857.89717730426,      0.0,298857.89717730426,   1.0
   0.038250301060358,  0.29999939999999997,  6.886610057083219, 53.55080635451973, 54.99691362135283, 0.34752093073387424,301.08254513116435,  55.36156095022791, 299294.5312065842,      0.0, 299294.5312065842,   1.0
   0.038250301060358,-0.035977656724733034,  7.886610057083219, 53.55080635451973, 54.99691362135283, 0.34752093073387424,301.08254513116435,  55.36156095022791, 351847.5860012092,      0.0, 351847.5860012092,   1.0
   0.038250301060358,-0.035977656724733034,  6.886610057083219, 54.55080635451973, 54.99691362135283, 0.34752093073387424,301.08254513116435,  55.36156095022791,351723.44726908463,      0.0,351723.44726908463,   1.0
   0.038250301060358,-0.035977656724733034,  6.886610057083219, 53.55080635451973, 55.99691362135283, 0.34752093073387424,301.08254513116435,  55.36156095022791,   351138.79502945,      0.0,   351138.79502945,   1.0
   0.038250301060358,-0.035977656724733034,  6.886610057083219, 53.55080635451973, 54.99691362135283, 0.02000057999999999,301.08254513116435,  55.36156095022791, 306100.6173516286,      0.0, 306100.6173516286,   1.0
   0.038250301060358,-0.035977656724733034,  6.886610057083219, 53.55080635451973, 54.99691362135283, 0.34752093073387424,302.08254513116435,  55.36156095022791, 351558.3691548104,      0.0, 351558.3691548104,   1.0
   0.038250301060358,-0.035977656724733034,  6.886610057083219, 53.55080635451973, 54.99691362135283, 0.34752093073387424,301.08254513116435,  56.36156095022791,351262.74301899644,      0.0,351262.74301899644,   1.0
  0.0382492312587851,  -0.0359768224821154,  6.886457288127813,53.550730279127706, 54.99658284284685,  0.3475198988224521,301.08197298827616, 55.361705804715605, 351466.8993509366,      0.0, 351466.8993509366,   1.0
-0.29999939999999997,  -0.0359768224821154,  6.886457288127813,53.550730279127706, 54.99658284284685,  0.3475198988224521,301.08197298827616, 55.361705804715605,298857.90503201756,      0.0,298857.90503201756,   1.0
  0.0382492312587851,  0.29999939999999997,  6.886457288127813,53.550730279127706, 54.99658284284685,  0.3475198988224521,301.08197298827616, 55.361705804715605, 299294.5026480185,      0.0, 299294.5026480185,   1.0
  0.0382492312587851,  -0.0359768224821154,  7.886457288127813,53.550730279127706, 54.99658284284685,  0.3475198988224521,301.08197298827616, 55.361705804715605,  351847.234922583,      0.0,  351847.234922583,   1.0
  0.0382492312587851,  -0.0359768224821154,  6.886457288127813,54.550730279127706, 54.99658284284685,  0.3475198988224521,301.08197298827616, 55.361705804715605, 351723.2666995753,      0.0, 351723.2666995753,   1.0
  0.0382492312587851,  -0.0359768224821154,  6.886457288127813,53.550730279127706, 55.99658284284685,  0.3475198988224521,301.08197298827616, 55.361705804715605,351138.95780465327,      0.0,351138.95780465327,   1.0
  0.0382492312587851,  -0.0359768224821154,  6.886457288127813,53.550730279127706, 54.99658284284685, 0.02000057999999999,301.08197298827616, 55.361705804715605, 306100.6817763321,      0.0, 306100.6817763321,   1.0
  0.0382492312587851,  -0.0359768224821154,  6.886457288127813,53.550730279127706, 54.99658284284685,  0.3475198988224521,302.08197298827616, 55.361705804715605,  351558.409632084,      0.0,  351558.409632084,   1.0
  0.0382492312587851,  -0.0359768224821154,  6.886457288127813,53.550730279127706, 54.99658284284685,  0.3475198988224521,301.08197298827616, 56.361705804715605, 351262.7788824971,      0.0, 351262.7788824971,   1.0
 0.03824943333495157, -0.03597698006325414,  6.886486144848204, 53.55074464910432, 54.99664532401545,  0.3475200937415003, 301.0820810610669,  55.36167844296899,351466.89960359904,      0.0,351466.89960359904,   1.0
-0.29999939999999997, -0.03597698006325414,  6.886486144848204, 53.55074464910432, 54.99664532401545,  0.3475200937415003, 301.0820810610669,  55.36167844296899, 298857.8778048751,      0.0, 298857.8778048751,   1.0
 0.03824943333495157,  0.29999939999999997,  6.886486144848204, 53.55074464910432, 54.99664532401545,  0.3475200937415003, 301.0820810610669,  55.36167844296899,299294.50343541056,      0.0,299294.50343541056,   1.0
 0.03824943333495157, -0.03597698006325414,  7.886486144848204, 53.55074464910432, 54.99664532401545,  0.3475200937415003, 301.0820810610669,  55.36167844296899, 351847.2372117542,      0.0, 351847.2372117542,   1.0
 0.03824943333495157, -0.03597698006325414,  6.886486144848204, 54.55074464910432, 54.99664532401545,  0.3475200937415003, 301.0820810610669,  55.36167844296899,  351723.262081185,      0.0,  351723.262081185,   1.0
 0.03824943333495157, -0.03597698006325414,  6.886486144848204, 53.55074464910432, 55.99664532401545,  0.3475200937415003, 301.0820810610669,  55.36167844296899,351138.94596493774,      0.0,351138.94596493774,   1.0
 0.03824943333495157, -0.03597698006325414,  6.886486144848204, 53.55074464910432, 54.99664532401545, 0.02000057999999999, 301.0820810610669,  55.36167844296899,306100.68563661876,      0.0,306100.68563661876,   1.0
 0.03824943333495157, -0.03597698006325414,  6.886486144848204, 53.55074464910432, 54.99664532401545,  0.3475200937415003, 302.0820810610669,  55.36167844296899, 351558.4091231517,      0.0, 351558.4091231517,   1.0
 0.03824943333495157, -0.03597698006325414,  6.886486144848204, 53.55074464910432, 54.99664532401545,  0.3475200937415003, 301.0820810610669,  56.36167844296899, 351262.7788824971,      0.0, 351262.7788824971,   1.0
 0.03825000603371981,-0.035977426659830204,  6.886567926923314, 53.55078537467848, 54.99682240025812,  0.3475206461564671, 301.0823873473312,  55.36160089775988,351466.88496202265,      0.0,351466.88496202265,   1.0
-0.29999939999999997,-0.035977426659830204,  6.886567926923314, 53.55078537467848, 54.99682240025812,  0.3475206461564671, 301.0823873473312,  55.36160089775988,298857.89251389826,      0.0,298857.89251389826,   1.0
 0.03825000603371981,  0.29999939999999997,  6.886567926923314, 53.55078537467848, 54.99682240025812,  0.3475206461564671, 301.0823873473312,  55.36160089775988,299294.49740263406,      0.0,299294.49740263406,   1.0
 0.03825000603371981,-0.035977426659830204,  7.886567926923314, 53.55078537467848, 54.99682240025812,  0.3475206461564671, 301.0823873473312,  55.36160089775988, 351847.2374210263,      0.0, 351847.2374210263,   1.0
 0.03825000603371981,-0.035977426659830204,  6.886567926923314, 54.55078537467848, 54.99682240025812,  0.3475206461564671, 301.0823873473312,  55.36160089775988,351723.28258947853,      0.0,351723.28258947853,   1.0
 0.03825000603371981,-0.035977426659830204,  6.886567926923314, 53.55078537467848, 55.99682240025812,  0.3475206461564671, 301.0823873473312,  55.36160089775988, 351138.7943450833,      0.0, 351138.7943450833,   1.0
 0.03825000603371981,-0.035977426659830204,  6.886567926923314, 53.55078537467848, 54.99682240025812, 0.02000057999999999, 301.0823873473312,  55.36160089775988,306100.66152269964,      0.0,306100.66152269964,   1.0
 0.03825000603371981,-0.035977426659830204,  6.886567926923314, 53.55078537467848, 54.99682240025812,  0.3475206461564671, 302.0823873473312,  55.36160089775988, 351558.3995650922,      0.0, 351558.3995650922,   1.0
 0.03825000603371981,-0.035977426659830204,  6.886567926923314, 53.55078537467848, 54.99682240025812,  0.3475206461564671, 301.0823873473312,  56.36160089775988, 351262.7693163113,      0.0, 351262.7693163113,   1.0
0.038249545841950436,  -0.0359770677974056,  6.886502210983391,53.550752649666535,54.996680110744066,  0.3475202022637348, 301.0821412311778,  55.36166320916854,351466.89960359904,      0.0,351466.89960359904,   1.0
-0.29999939999999997,  -0.0359770677974056,  6.886502210983391,53.550752649666535,54.996680110744066,  0.3475202022637348, 301.0821412311778,  55.36166320916854,298857.91168255196,      0.0,298857.91168255196,   1.0
0.038249545841950436,  0.29999939999999997,  6.886502210983391,53.550752649666535,54.996680110744066,  0.3475202022637348, 301.0821412311778,  55.36166320916854,299294.50709594594,      0.0,299294.50709594594,   1.0
0.038249545841950436,  -0.0359770677974056,  7.886502210983391,53.550752649666535,54.996680110744066,  0.3475202022637348, 301.0821412311778,  55.36166320916854,351847.24602587573,      0.0,351847.24602587573,   1.0
0.038249545841950436,  -0.0359770677974056,  6.886502210983391,54.550752649666535,54.996680110744066,  0.3475202022637348, 301.0821412311778,  55.36166320916854,  351723.262081185,      0.0,  351723.262081185,   1.0
0.038249545841950436,  -0.0359770677974056,  6.886502210983391,53.550752649666535,55.996680110744066,  0.3475202022637348, 301.0821412311778,  55.36166320916854,351138.94596493774,      0.0,351138.94596493774,   1.0
0.038249545841950436,  -0.0359770677974056,  6.886502210983391,53.550752649666535,54.996680110744066, 0.02000057999999999, 301.0821412311778,  55.36166320916854, 306100.6770655154,      0.0, 306100.6770655154,   1.0
0.038249545841950436,  -0.0359770677974056,  6.886502210983391,53.550752649666535,54.996680110744066,  0.3475202022637348, 302.0821412311778,  55.36166320916854,  351558.409632084,      0.0,  351558.409632084,   1.0
0.038249545841950436,  -0.0359770677974056,  6.886502210983391,53.550752649666535,54.996680110744066,  0.3475202022637348, 301.0821412311778,  56.36166320916854, 351262.7788824971,      0.0, 351262.7788824971,   1.0
 0.03824963472817937,-0.035977137111830045,  6.886514904044131, 53.55075897051601, 54.99670759402205,   0.347520288001798, 301.0821887686137, 55.361651173694405,351466.89960359904,      0.0,351466.89960359904,   1.0
-0.29999939999999997,-0.035977137111830045,  6.886514904044131, 53.55075897051601, 54.99670759402205,   0.347520288001798, 301.0821887686137, 55.361651173694405,298857.91168255196,      0.0,298857.91168255196,   1.0
 0.03824963472817937,  0.29999939999999997,  6.886514904044131, 53.55075897051601, 54.99670759402205,   0.347520288001798, 301.0821887686137, 55.361651173694405,299294.50709594594,      0.0,299294.50709594594,   1.0
 0.03824963472817937,-0.035977137111830045,  7.886514904044131, 53.55075897051601, 54.99670759402205,   0.347520288001798, 301.0821887686137, 55.361651173694405,351847.24602587573,      0.0,351847.24602587573,   1.0
 0.03824963472817937,-0.035977137111830045,  6.886514904044131, 54.55075897051601, 54.99670759402205,   0.347520288001798, 301.0821887686137, 55.361651173694405,  351723.262081185,      0.0,  351723.262081185,   1.0
 0.03824963472817937,-0.035977137111830045,  6.886514904044131, 53.55075897051601, 55.99670759402205,   0.347520288001798, 301.0821887686137, 55.361651173694405,351138.94296608854,      0.0,351138.94296608854,   1.0
 0.03824963472817937,-0.035977137111830045,  6.886514904044131, 53.55075897051601, 54.99670759402205, 0.02000057999999999, 301.0821887686137, 55.361651173694405, 306100.6770655154,      0.0, 306100.6770655154,   1.0
 0.03824963472817937,-0.035977137111830045,  6.886514904044131, 53.55075897051601, 54.99670759402205,   0.347520288001798, 302.0821887686137, 55.361651173694405, 351558.4091231517,      0.0, 351558.4091231517,   1.0
 0.03824963472817937,-0.035977137111830045,  6.886514904044131, 53.55075897051601, 54.99670759402205,   0.347520288001798, 301.0821887686137, 56.361651173694405, 351262.7788824971,      0.0, 351262.7788824971,   1.0
 0.03824987978983606, -0.03597732821351015,  6.886549899144391, 53.55077639726324,54.996783366137855,  0.3475205243838796,301.08231983056726,  55.36161799157762,351466.88478733425,      0.0,351466.88478733425,   1.0
-0.29999939999999997, -0.03597732821351015,  6.886549899144391, 53.55077639726324,54.996783366137855,  0.3475205243838796,301.08231983056726,  55.36161799157762,298857.89251389826,      0.0,298857.89251389826,   1.0
 0.03824987978983606,  0.29999939999999997,  6.886549899144391, 53.55077639726324,54.996783366137855,  0.3475205243838796,301.08231983056726,  55.36161799157762, 299294.5016137259,      0.0, 299294.5016137259,   1.0
 0.03824987978983606, -0.03597732821351015,  7.886549899144391, 53.55077639726324,54.996783366137855,  0.3475205243838796,301.08231983056726,  55.36161799157762, 351847.2374210263,      0.0, 351847.2374210263,   1.0
 0.03824987978983606, -0.03597732821351015,  6.886549899144391, 54.55077639726324,54.996783366137855,  0.3475205243838796,301.08231983056726,  55.36161799157762, 351723.2626102618,      0.0, 351723.2626102618,   1.0
 0.03824987978983606, -0.03597732821351015,  6.886549899144391, 53.55077639726324,55.996783366137855,  0.3475205243838796,301.08231983056726,  55.36161799157762,  351138.794197357,      0.0,  351138.794197357,   1.0
 0.03824987978983606, -0.03597732821351015,  6.886549899144391, 53.55077639726324,54.996783366137855, 0.02000057999999999,301.08231983056726,  55.36161799157762,306100.66152269964,      0.0,306100.66152269964,   1.0
 0.03824987978983606, -0.03597732821351015,  6.886549899144391, 53.55077639726324,54.996783366137855,  0.3475205243838796,302.08231983056726,  55.36161799157762, 351558.3995650922,      0.0, 351558.3995650922,   1.0
 0.03824987978983606, -0.03597732821351015,  6.886549899144391, 53.55077639726324,54.996783366137855,  0.3475205243838796,301.08231983056726,  56.36161799157762, 351262.7693163113,      0.0, 351262.7693163113,   1.0
 0.03824967869872473, -0.03597717140052787,  6.886521183091062,53.550762097335564,54.996721189544495, 0.34752033041499797,  301.082212284596, 55.361645219944684,351466.89960359904,      0.0,351466.89960359904,   1.0
-0.29999939999999997, -0.03597717140052787,  6.886521183091062,53.550762097335564,54.996721189544495, 0.34752033041499797,  301.082212284596, 55.361645219944684,298857.91168255196,      0.0,298857.91168255196,   1.0
 0.03824967869872473,  0.29999939999999997,  6.886521183091062,53.550762097335564,54.996721189544495, 0.34752033041499797,  301.082212284596, 55.361645219944684,299294.50709594594,      0.0,299294.50709594594,   1.0
 0.03824967869872473, -0.03597717140052787,  7.886521183091062,53.550762097335564,54.996721189544495, 0.34752033041499797,  301.082212284596, 55.361645219944684,351847.24602587573,      0.0,351847.24602587573,   1.0
 0.03824967869872473, -0.03597717140052787,  6.886521183091062,54.550762097335564,54.996721189544495, 0.34752033041499797,  301.082212284596, 55.361645219944684,  351723.262081185,      0.0,  351723.262081185,   1.0
 0.03824967869872473, -0.03597717140052787,  6.886521183091062,53.550762097335564,55.996721189544495, 0.34752033041499797,  301.082212284596, 55.361645219944684,351138.94296608854,      0.0,351138.94296608854,   1.0
 0.03824967869872473, -0.03597717140052787,  6.886521183091062,53.550762097335564,54.996721189544495, 0.02000057999999999,  301.082212284596, 55.361645219944684, 306100.6770655154,      0.0, 306100.6770655154,   1.0
 0.03824967869872473, -0.03597717140052787,  6.886521183091062,53.550762097335564,54.996721189544495, 0.34752033041499797,  302.082212284596, 55.361645219944684, 351558.4091231517,      0.0, 351558.4091231517,   1.0
 0.03824967869872473, -0.03597717140052787,  6.886521183091062,53.550762097335564,54.996721189544495, 0.34752033041499797,  301.082212284596, 56.361645219944684, 351262.7788824971,      0.0, 351262.7788824971,   1.0
 0.03824981141885821, -0.03597727489709618,   6.88654013568626, 53.55077153528783, 54.99676222609611, 0.34752045843445983,  301.082283264937,  55.36162724922242, 351466.8906066141,      0.0, 351466.8906066141,   1.0
-0.29999939999999997, -0.03597727489709618,   6.88654013568626, 53.55077153528783, 54.99676222609611, 0.34752045843445983,  301.082283264937,  55.36162724922242, 298857.9149051579,      0.0, 298857.9149051579,   1.0
 0.03824981141885821,  0.29999939999999997,   6.88654013568626, 53.55077153528783, 54.99676222609611, 0.34752045843445983,  301.082283264937,  55.36162724922242, 299294.5089045131,      0.0, 299294.5089045131,   1.0
 0.03824981141885821, -0.03597727489709618,   7.88654013568626, 53.55077153528783, 54.99676222609611, 0.34752045843445983,  301.082283264937,  55.36162724922242,351847.23993783083,      0.0,351847.23993783083,   1.0
 0.03824981141885821, -0.03597727489709618,   6.88654013568626, 54.55077153528783, 54.99676222609611, 0.34752045843445983,  301.082283264937,  55.36162724922242, 351723.2626102618,      0.0, 351723.2626102618,   1.0
 0.03824981141885821, -0.03597727489709618,   6.88654013568626, 53.55077153528783, 55.99676222609611, 0.34752045843445983,  301.082283264937,  55.36162724922242, 351138.8001305135,      0.0, 351138.8001305135,   1.0
 0.03824981141885821, -0.03597727489709618,   6.88654013568626, 53.55077153528783, 54.99676222609611, 0.02000057999999999,  301.082283264937,  55.36162724922242,306100.66152269964,      0.0,306100.66152269964,   1.0
 0.03824981141885821, -0.03597727489709618,   6.88654013568626, 53.55077153528783, 54.99676222609611, 0.34752045843445983,  302.082283264937,  55.36162724922242, 351558.4000740245,      0.0, 351558.4000740245,   1.0
 0.03824981141885821, -0.03597727489709618,   6.88654013568626, 53.55077153528783, 54.99676222609611, 0.34752045843445983,  301.082283264937,  56.36162724922242, 351262.7693163113,      0.0, 351262.7693163113,   1.0
 0.03824967869872473, -0.03597717140052787,  6.886521183091062,53.550762097335564,54.996721189544495, 0.34752033041499797,  301.082212284596, 55.361645219944684,351466.89960359904,      0.0,351466.89960359904,   1.0
-0.29999939999999997, -0.03597717140052787,  6.886521183091062,53.550762097335564,54.996721189544495, 0.34752033041499797,  301.082212284596, 55.361645219944684,298857.91168255196,      0.0,298857.91168255196,   1.0
 0.03824967869872473,  0.29999939999999997,  6.886521183091062,53.550762097335564,54.996721189544495, 0.34752033041499797,  301.082212284596, 55.361645219944684,299294.50709594594,      0.0,299294.50709594594,   1.0
 0.03824967869872473, -0.03597717140052787,  7.886521183091062,53.550762097335564,54.996721189544495, 0.34752033041499797,  301.082212284596, 55.361645219944684,351847.24602587573,      0.0,351847.24602587573,   1.0
 0.03824967869872473, -0.03597717140052787,  6.886521183091062,54.550762097335564,54.996721189544495, 0.34752033041499797,  301.082212284596, 55.361645219944684,  351723.262081185,      0.0,  351723.262081185,   1.0
 0.03824967869872473, -0.03597717140052787,  6.886521183091062,53.550762097335564,55.996721189544495, 0.34752033041499797,  301.082212284596, 55.361645219944684,351138.94296608854,      0.0,351138.94296608854,   1.0
 0.03824967869872473, -0.03597717140052787,  6.886521183091062,53.550762097335564,54.996721189544495, 0.02000057999999999,  301.082212284596, 55.361645219944684, 306100.6770655154,      0.0, 306100.6770655154,   1.0
 0.03824967869872473, -0.03597717140052787,  6.886521183091062,53.550762097335564,54.996721189544495, 0.34752033041499797,  302.082212284596, 55.361645219944684, 351558.4091231517,      0.0, 351558.4091231517,   1.0
 0.03824967869872473, -0.03597717140052787,  6.886521183091062,53.550762097335564,54.996721189544495, 0.34752033041499797,  301.082212284596, 56.361645219944684, 351262.7788824971,      0.0, 351262.7788824971,   1.0
 0.29999939999999997, -0.29999939999999997,           59.99988,          79.99994,         169.99974,          0.59999942,         499.99955,           5.000115,204273.33402701415,      0.0,204273.33402701415,   1.0
-0.29999939999999997, -0.29999939999999997,           59.99988,          79.99994,         169.99974,          0.59999942,         499.99955,           5.000115,220988.77528569777,      0.0,220988.77528569777,   1.0
 0.29999939999999997,  0.29999939999999997,           59.99988,          79.99994,         169.99974,          0.59999942,         499.99955,           5.000115,204484.87647460177,      0.0,204484.87647460177,   1.0
 0.29999939999999997, -0.29999939999999997,           58.99988,          79.99994,         169.99974,          0.59999942,         499.99955,           5.000115,203991.58861195733,      0.0,203991.58861195733,   1.0
 0.29999939999999997, -0.29999939999999997,           59.99988,          78.99994,         169.99974,          0.59999942,         499.99955,           5.000115,198321.79589184836,      0.0,198321.79589184836,   1.0
 0.29999939999999997, -0.29999939999999997,           59.99988,          79.99994,         168.99974,          0.59999942,         499.99955,           5.000115,203948.55896391434,      0.0,203948.55896391434,   1.0
 0.29999939999999997, -0.29999939999999997,           59.99988,          79.99994,         169.99974,0.020000580000000046,         499.99955,           5.000115,204799.10029797372,      0.0,204799.10029797372,   1.0
 0.29999939999999997, -0.29999939999999997,           59.99988,          79.99994,         169.99974,          0.59999942,         498.99955,           5.000115,204229.99253239034,      0.0,204229.99253239034,   1.0
 0.29999939999999997, -0.29999939999999997,           59.99988,          79.99994,         169.99974,          0.59999942,         499.99955,           6.000115,204715.68560041735,      0.0,204715.68560041735,   1.0
 0.05961905555355822, -0.05753207687643917, 11.222722096474767,55.710086077864354, 64.38562459003937,  0.3681328483060758, 317.3219222314426,  51.25010495581054, 348528.4645292745,      0.0, 348528.4645292745,   1.0
-0.29999939999999997, -0.05753207687643917, 11.222722096474767,55.710086077864354, 64.38562459003937,  0.3681328483060758, 317.3219222314426,  51.25010495581054,262850.25485132006,      0.0,262850.25485132006,   1.0
 0.05961905555355822,  0.29999939999999997, 11.222722096474767,55.710086077864354, 64.38562459003937,  0.3681328483060758, 317.3219222314426,  51.25010495581054, 307139.7832004945,      0.0, 307139.7832004945,   1.0
 0.05961905555355822, -0.05753207687643917, 12.222722096474767,55.710086077864354, 64.38562459003937,  0.3681328483060758, 317.3219222314426,  51.25010495581054, 348807.2480245511,      0.0, 348807.2480245511,   1.0
 0.05961905555355822, -0.05753207687643917, 11.222722096474767,56.710086077864354, 64.38562459003937,  0.3681328483060758, 317.3219222314426,  51.25010495581054, 348840.8820848125,      0.0, 348840.8820848125,   1.0
 0.05961905555355822, -0.05753207687643917, 11.222722096474767,55.710086077864354, 65.38562459003937,  0.3681328483060758, 317.3219222314426,  51.25010495581054, 347798.9770355616,      0.0, 347798.9770355616,   1.0
 0.05961905555355822, -0.05753207687643917, 11.222722096474767,55.710086077864354, 64.38562459003937, 0.02000057999999999, 317.3219222314426,  51.25010495581054, 292392.3956385338,      0.0, 292392.3956385338,   1.0
 0.05961905555355822, -0.05753207687643917, 11.222722096474767,55.710086077864354, 64.38562459003937,  0.3681328483060758, 318.3219222314426,  51.25010495581054,  348632.079421139,      0.0,  348632.079421139,   1.0
 0.05961905555355822, -0.05753207687643917, 11.222722096474767,55.710086077864354, 64.38562459003937,  0.3681328483060758, 317.3219222314426,  52.25010495581054,348474.08874156384,      0.0,348474.08874156384,   1.0
 0.04187722800529966, -0.03963621503776637, 7.6226110898473625, 53.91731720380635,56.590530417175785, 0.35101939945620075,303.83897720838627,  54.66369248433456,351409.99943735794,      0.0,351409.99943735794,   1.0
-0.29999939999999997, -0.03963621503776637, 7.6226110898473625, 53.91731720380635,56.590530417175785, 0.35101939945620075,303.83897720838627,  54.66369248433456, 293119.4750090822,      0.0, 293119.4750090822,   1.0
 0.04187722800529966,  0.29999939999999997, 7.6226110898473625, 53.91731720380635,56.590530417175785, 0.35101939945620075,303.83897720838627,  54.66369248433456,300858.35146276327,      0.0,300858.35146276327,   1.0
 0.04187722800529966, -0.03963621503776637,  8.622611089847362, 53.91731720380635,56.590530417175785, 0.35101939945620075,303.83897720838627,  54.66369248433456, 351713.6596980266,      0.0, 351713.6596980266,   1.0
 0.04187722800529966, -0.03963621503776637, 7.6226110898473625, 54.91731720380635,56.590530417175785, 0.35101939945620075,303.83897720838627,  54.66369248433456, 351762.1219335471,      0.0, 351762.1219335471,   1.0
 0.04187722800529966, -0.03963621503776637, 7.6226110898473625, 53.91731720380635,57.590530417175785, 0.35101939945620075,303.83897720838627,  54.66369248433456, 351187.3657583695,      0.0, 351187.3657583695,   1.0
 0.04187722800529966, -0.03963621503776637, 7.6226110898473625, 53.91731720380635,56.590530417175785, 0.02000057999999999,303.83897720838627,  54.66369248433456, 304118.5538032495,      0.0, 304118.5538032495,   1.0
 0.04187722800529966, -0.03963621503776637, 7.6226110898473625, 53.91731720380635,56.590530417175785, 0.35101939945620075,304.83897720838627,  54.66369248433456, 351537.7548501135,      0.0, 351537.7548501135,   1.0
 0.04187722800529966, -0.03963621503776637, 7.6226110898473625, 53.91731720380635,56.590530417175785, 0.35101939945620075,303.83897720838627,  55.66369248433456,351218.66515135625,      0.0,351218.66515135625,   1.0
  0.0389453920675566, -0.03667892494277526,  7.027692962028531,  53.6210622549442,55.302391572858355,  0.3481914030606594, 301.6109213523767,  55.22778761858923, 351409.7008969192,      0.0, 351409.7008969192,   1.0
-0.29999939999999997, -0.03667892494277526,  7.027692962028531,  53.6210622549442,55.302391572858355,  0.3481914030606594, 301.6109213523767,  55.22778761858923, 297809.0343966715,      0.0, 297809.0343966715,   1.0
  0.0389453920675566,  0.29999939999999997,  7.027692962028531,  53.6210622549442,55.302391572858355,  0.3481914030606594, 301.6109213523767,  55.22778761858923, 299744.7796313645,      0.0, 299744.7796313645,   1.0
  0.0389453920675566, -0.03667892494277526,  8.027692962028532,  53.6210622549442,55.302391572858355,  0.3481914030606594, 301.6109213523767,  55.22778761858923, 351805.3291867552,      0.0, 351805.3291867552,   1.0
  0.0389453920675566, -0.03667892494277526,  7.027692962028531,  54.6210622549442,55.302391572858355,  0.3481914030606594, 301.6109213523767,  55.22778761858923,351812.37067933904,      0.0,351812.37067933904,   1.0
  0.0389453920675566, -0.03667892494277526,  7.027692962028531,  53.6210622549442,56.302391572858355,  0.3481914030606594, 301.6109213523767,  55.22778761858923,351066.51380937005,      0.0,351066.51380937005,   1.0
  0.0389453920675566, -0.03667892494277526,  7.027692962028531,  53.6210622549442,55.302391572858355, 0.02000057999999999, 301.6109213523767,  55.22778761858923, 305832.9570006319,      0.0, 305832.9570006319,   1.0
  0.0389453920675566, -0.03667892494277526,  7.027692962028531,  53.6210622549442,55.302391572858355,  0.3481914030606594, 302.6109213523767,  55.22778761858923, 351524.3774198948,      0.0, 351524.3774198948,   1.0
  0.0389453920675566, -0.03667892494277526,  7.027692962028531,  53.6210622549442,55.302391572858355,  0.3481914030606594, 301.6109213523767,  56.22778761858923, 351205.8904741219,      0.0, 351205.8904741219,   1.0
 0.03836842234563319,-0.036096945978063004,  6.910616238070005,53.562760856403116, 55.04889269823281,  0.3476348684084537,301.17245180804696,  55.33879854132177, 351462.9255164482,      0.0, 351462.9255164482,   1.0
-0.29999939999999997,-0.036096945978063004,  6.910616238070005,53.562760856403116, 55.04889269823281,  0.3476348684084537,301.17245180804696,  55.33879854132177, 298658.0449102671,      0.0, 298658.0449102671,   1.0
 0.03836842234563319,  0.29999939999999997,  6.910616238070005,53.562760856403116, 55.04889269823281,  0.3476348684084537,301.17245180804696,  55.33879854132177, 299486.9690681379,      0.0, 299486.9690681379,   1.0
 0.03836842234563319,-0.036096945978063004,  7.910616238070005,53.562760856403116, 55.04889269823281,  0.3476348684084537,301.17245180804696,  55.33879854132177, 351840.3300831607,      0.0, 351840.3300831607,   1.0
 0.03836842234563319,-0.036096945978063004,  6.910616238070005,54.562760856403116, 55.04889269823281,  0.3476348684084537,301.17245180804696,  55.33879854132177, 351765.2006587015,      0.0, 351765.2006587015,   1.0
 0.03836842234563319,-0.036096945978063004,  6.910616238070005,53.562760856403116, 56.04889269823281,  0.3476348684084537,301.17245180804696,  55.33879854132177,351140.96539984585,      0.0,351140.96539984585,   1.0
 0.03836842234563319,-0.036096945978063004,  6.910616238070005,53.562760856403116, 55.04889269823281, 0.02000057999999999,301.17245180804696,  55.33879854132177, 306108.2587142481,      0.0, 306108.2587142481,   1.0
 0.03836842234563319,-0.036096945978063004,  6.910616238070005,53.562760856403116, 55.04889269823281,  0.3476348684084537,302.17245180804696,  55.33879854132177, 351545.0657279107,      0.0, 351545.0657279107,   1.0
 0.03836842234563319,-0.036096945978063004,  6.910616238070005,53.562760856403116, 55.04889269823281,  0.3476348684084537,301.17245180804696,  56.33879854132177, 351251.9294819729,      0.0, 351251.9294819729,   1.0
 0.03827272455635063, -0.03600041734195668, 6.8911975697524985, 53.55309082565373, 55.00684667577187,  0.3475425600361917, 301.0997260401848,  55.35721111911928,351459.51481767104,      0.0,351459.51481767104,   1.0
-0.29999939999999997, -0.03600041734195668, 6.8911975697524985, 53.55309082565373, 55.00684667577187,  0.3475425600361917, 301.0997260401848,  55.35721111911928, 298835.9071035227,      0.0, 298835.9071035227,   1.0
 0.03827272455635063,  0.29999939999999997, 6.8911975697524985, 53.55309082565373, 55.00684667577187,  0.3475425600361917, 301.0997260401848,  55.35721111911928, 299303.8849620705,      0.0, 299303.8849620705,   1.0
 0.03827272455635063, -0.03600041734195668, 7.8911975697524985, 53.55309082565373, 55.00684667577187,  0.3475425600361917, 301.0997260401848,  55.35721111911928, 351845.1818147865,      0.0, 351845.1818147865,   1.0
 0.03827272455635063, -0.03600041734195668, 6.8911975697524985, 54.55309082565373, 55.00684667577187,  0.3475425600361917, 301.0997260401848,  55.35721111911928,351742.26914184156,      0.0,351742.26914184156,   1.0
 0.03827272455635063, -0.03600041734195668, 6.8911975697524985, 53.55309082565373, 56.00684667577187,  0.3475425600361917, 301.0997260401848,  55.35721111911928,351137.36181916395,      0.0,351137.36181916395,   1.0
 0.03827272455635063, -0.03600041734195668, 6.8911975697524985, 53.55309082565373, 55.00684667577187, 0.02000057999999999, 301.0997260401848,  55.35721111911928, 306094.2238406722,      0.0, 306094.2238406722,   1.0
 0.03827272455635063, -0.03600041734195668, 6.8911975697524985, 53.55309082565373, 55.00684667577187,  0.3475425600361917, 302.0997260401848,  55.35721111911928, 351555.6865567474,      0.0, 351555.6865567474,   1.0
 0.03827272455635063, -0.03600041734195668, 6.8911975697524985, 53.55309082565373, 55.00684667577187,  0.3475425600361917, 301.0997260401848,  56.35721111911928, 351258.6390050446,      0.0, 351258.6390050446,   1.0
 0.03825234414018222,-0.035979859983309576,  6.887062045361453,53.551031433764834,54.997892284636976, 0.34752290145205267, 301.0842378933184,  55.36113238000796, 351466.2654007918,      0.0, 351466.2654007918,   1.0
          -0.2999994,-0.035979859983309576,  6.887062045361453,53.551031433764834,54.997892284636976, 0.34752290145205267, 301.0842378933184,  55.36113238000796, 298856.9578715949,      0.0, 298856.9578715949,   1.0
 0.03825234414018222,            0.2999994,  6.887062045361453,53.551031433764834,54.997892284636976, 0.34752290145205267, 301.0842378933184,  55.36113238000796, 299295.1605731371,      0.0, 299295.1605731371,   1.0
 0.03825234414018222,-0.035979859983309576,  7.887062045361453,53.551031433764834,54.997892284636976, 0.34752290145205267, 301.0842378933184,  55.36113238000796, 351849.5639176107,      0.0, 351849.5639176107,   1.0
 0.03825234414018222,-0.035979859983309576,  6.887062045361453,54.551031433764834,54.997892284636976, 0.34752290145205267, 301.0842378933184,  55.36113238000796,351739.52747267584,      0.0,351739.52747267584,   1.0
 0.03825234414018222,-0.035979859983309576,  6.887062045361453,53.551031433764834,55.997892284636976, 0.34752290145205267, 301.0842378933184,  55.36113238000796, 351138.6857955587,      0.0, 351138.6857955587,   1.0
 0.03825234414018222,-0.035979859983309576,  6.887062045361453,53.551031433764834,54.997892284636976, 0.02000057999999999, 301.0842378933184,  55.36113238000796,306097.42346501263,      0.0,306097.42346501263,   1.0
 0.03825234414018222,-0.035979859983309576,  6.887062045361453,53.551031433764834,54.997892284636976, 0.34752290145205267, 302.0842378933184,  55.36113238000796, 351558.5611655858,      0.0, 351558.5611655858,   1.0
 0.03825234414018222,-0.035979859983309576,  6.887062045361453,53.551031433764834,54.997892284636976, 0.34752290145205267, 301.0842378933184,  56.36113238000796,351262.25808599987,      0.0,351262.25808599987,   1.0
0.038250027574543224, -0.03597752330528117,  6.886591975779734,53.550797350395406,54.996874472505475, 0.34752066693435923, 301.0824774136233,  55.36157809505917, 351466.8807001064,      0.0, 351466.8807001064,   1.0
-0.29999939999999997, -0.03597752330528117,  6.886591975779734,53.550797350395406,54.996874472505475, 0.34752066693435923, 301.0824774136233,  55.36157809505917,298857.89717730426,      0.0,298857.89717730426,   1.0
0.038250027574543224,            0.2999994,  6.886591975779734,53.550797350395406,54.996874472505475, 0.34752066693435923, 301.0824774136233,  55.36157809505917, 299294.5447427656,      0.0, 299294.5447427656,   1.0
0.038250027574543224, -0.03597752330528117,  7.886591975779734,53.550797350395406,54.996874472505475, 0.34752066693435923, 301.0824774136233,  55.36157809505917,351847.23157750856,      0.0,351847.23157750856,   1.0
0.038250027574543224, -0.03597752330528117,  6.886591975779734,54.550797350395406,54.996874472505475, 0.34752066693435923, 301.0824774136233,  55.36157809505917,351723.28258947853,      0.0,351723.28258947853,   1.0
0.038250027574543224, -0.03597752330528117,  6.886591975779734,53.550797350395406,55.996874472505475, 0.34752066693435923, 301.0824774136233,  55.36157809505917, 351138.7943450833,      0.0, 351138.7943450833,   1.0
0.038250027574543224, -0.03597752330528117,  6.886591975779734,53.550797350395406,54.996874472505475, 0.02000057999999999, 301.0824774136233,  55.36157809505917,306100.65782159235,      0.0,306100.65782159235,   1.0
0.038250027574543224, -0.03597752330528117,  6.886591975779734,53.550797350395406,54.996874472505475, 0.34752066693435923, 302.0824774136233,  55.36157809505917,351558.39441715484,      0.0,351558.39441715484,   1.0
0.038250027574543224, -0.03597752330528117,  6.886591975779734,53.550797350395406,54.996874472505475, 0.34752066693435923, 301.0824774136233,  56.36157809505917, 351262.7649620728,      0.0, 351262.7649620728,   1.0
 0.03824974323524856, -0.03597723649735687,  6.886534278621899, 53.55076861859561,54.996749544474646,  0.3475203926657721,301.08226132928434,  55.36163280289958,351466.89960359904,      0.0,351466.89960359904,   1.0
-0.29999939999999997, -0.03597723649735687,  6.886534278621899, 53.55076861859561,54.996749544474646,  0.3475203926657721,301.08226132928434,  55.36163280289958, 298857.9103239961,      0.0, 298857.9103239961,   1.0
 0.03824974323524856,  0.29999939999999997,  6.886534278621899, 53.55076861859561,54.996749544474646,  0.3475203926657721,301.08226132928434,  55.36163280289958, 299294.5089045131,      0.0, 299294.5089045131,   1.0
 0.03824974323524856, -0.03597723649735687,  7.886534278621899, 53.55076861859561,54.996749544474646,  0.3475203926657721,301.08226132928434,  55.36163280289958, 351847.2510856436,      0.0, 351847.2510856436,   1.0
 0.03824974323524856, -0.03597723649735687,  6.886534278621899, 54.55076861859561,54.996749544474646,  0.3475203926657721,301.08226132928434,  55.36163280289958, 351723.2626102618,      0.0, 351723.2626102618,   1.0
 0.03824974323524856, -0.03597723649735687,  6.886534278621899, 53.55076861859561,55.996749544474646,  0.3475203926657721,301.08226132928434,  55.36163280289958, 351138.8001305135,      0.0, 351138.8001305135,   1.0
 0.03824974323524856, -0.03597723649735687,  6.886534278621899, 53.55076861859561,54.996749544474646, 0.02000057999999999,301.08226132928434,  55.36163280289958, 306100.6687107434,      0.0, 306100.6687107434,   1.0
 0.03824974323524856, -0.03597723649735687,  6.886534278621899, 53.55076861859561,54.996749544474646,  0.3475203926657721,302.08226132928434,  55.36163280289958, 351558.4090626758,      0.0, 351558.4090626758,   1.0
 0.03824974323524856, -0.03597723649735687,  6.886534278621899, 53.55076861859561,54.996749544474646,  0.3475203926657721,301.08226132928434,  56.36163280289958, 351262.7788824971,      0.0, 351262.7788824971,   1.0
0.038249692318922064,-0.035977185138975555,  6.886523946854952, 53.55076347362365,  54.9967271737488,  0.3475203435527962, 301.0822226352981,  55.36164259937273,351466.89960359904,      0.0,351466.89960359904,   1.0
-0.29999939999999997,-0.035977185138975555,  6.886523946854952, 53.55076347362365,  54.9967271737488,  0.3475203435527962, 301.0822226352981,  55.36164259937273,298857.91168255196,      0.0,298857.91168255196,   1.0
0.038249692318922064,  0.29999939999999997,  6.886523946854952, 53.55076347362365,  54.9967271737488,  0.3475203435527962, 301.0822226352981,  55.36164259937273, 299294.5089045131,      0.0, 299294.5089045131,   1.0
0.038249692318922064,-0.035977185138975555,  7.886523946854952, 53.55076347362365,  54.9967271737488,  0.3475203435527962, 301.0822226352981,  55.36164259937273,351847.24602587573,      0.0,351847.24602587573,   1.0
0.038249692318922064,-0.035977185138975555,  6.886523946854952, 54.55076347362365,  54.9967271737488,  0.3475203435527962, 301.0822226352981,  55.36164259937273, 351723.2626102618,      0.0, 351723.2626102618,   1.0
0.038249692318922064,-0.035977185138975555,  6.886523946854952, 53.55076347362365,  55.9967271737488,  0.3475203435527962, 301.0822226352981,  55.36164259937273,351138.94296608854,      0.0,351138.94296608854,   1.0
0.038249692318922064,-0.035977185138975555,  6.886523946854952, 53.55076347362365,  54.9967271737488, 0.02000057999999999, 301.0822226352981,  55.36164259937273, 306100.6770655154,      0.0, 306100.6770655154,   1.0
0.038249692318922064,-0.035977185138975555,  6.886523946854952, 53.55076347362365,  54.9967271737488,  0.3475203435527962, 302.0822226352981,  55.36164259937273, 351558.4085537435,      0.0, 351558.4085537435,   1.0
0.038249692318922064,-0.035977185138975555,  6.886523946854952, 53.55076347362365,  54.9967271737488,  0.3475203435527962, 301.0822226352981,  56.36164259937273, 351262.7788824971,      0.0, 351262.7788824971,   1.0
0.038249681573082145, -0.03597717429984041,  6.886521766345844, 53.55076238778245, 54.99672245242943,  0.3475203331875516, 301.0822144689709,  55.36164466690861,351466.89960359904,      0.0,351466.89960359904,   1.0
 -0.2999993999999999, -0.03597717429984041,  6.886521766345844, 53.55076238778245, 54.99672245242943,  0.3475203331875516, 301.0822144689709,  55.36164466690861,298857.91168255196,      0.0,298857.91168255196,   1.0
0.038249681573082145,  0.29999939999999997,  6.886521766345844, 53.55076238778245, 54.99672245242943,  0.3475203331875516, 301.0822144689709,  55.36164466690861,299294.50709594594,      0.0,299294.50709594594,   1.0
0.038249681573082145, -0.03597717429984041,  7.886521766345844, 53.55076238778245, 54.99672245242943,  0.3475203331875516, 301.0822144689709,  55.36164466690861,351847.24602587573,      0.0,351847.24602587573,   1.0
0.038249681573082145, -0.03597717429984041,  6.886521766345844, 54.55076238778245, 54.99672245242943,  0.3475203331875516, 301.0822144689709,  55.36164466690861, 351723.2626102618,      0.0, 351723.2626102618,   1.0
0.038249681573082145, -0.03597717429984041,  6.886521766345844, 53.55076238778245, 55.99672245242943,  0.3475203331875516, 301.0822144689709,  55.36164466690861,351138.94296608854,      0.0,351138.94296608854,   1.0
0.038249681573082145, -0.03597717429984041,  6.886521766345844, 53.55076238778245, 54.99672245242943, 0.02000057999999999, 301.0822144689709,  55.36164466690861, 306100.6770655154,      0.0, 306100.6770655154,   1.0
0.038249681573082145, -0.03597717429984041,  6.886521766345844, 53.55076238778245, 54.99672245242943,  0.3475203331875516, 302.0822144689709,  55.36164466690861, 351558.4085537435,      0.0, 351558.4085537435,   1.0
0.038249681573082145, -0.03597717429984041,  6.886521766345844, 53.55076238778245, 54.99672245242943,  0.3475203331875516, 301.0822144689709,  56.36164466690861, 351262.7788824971,      0.0, 351262.7788824971,   1.0
 0.03824967930531877, -0.03597717201238835,  6.886521306179052, 53.55076215863043,54.996721456059184,  0.3475203310001077, 301.0822127455786,  55.36164510323394,351466.89960359904,      0.0,351466.89960359904,   1.0
-0.29999939999999997, -0.03597717201238835,  6.886521306179052, 53.55076215863043,54.996721456059184,  0.3475203310001077, 301.0822127455786,  55.36164510323394,298857.91168255196,      0.0,298857.91168255196,   1.0
 0.03824967930531877,  0.29999939999999997,  6.886521306179052, 53.55076215863043,54.996721456059184,  0.3475203310001077, 301.0822127455786,  55.36164510323394,299294.50709594594,      0.0,299294.50709594594,   1.0
 0.03824967930531877, -0.03597717201238835,  7.886521306179052, 53.55076215863043,54.996721456059184,  0.3475203310001077, 301.0822127455786,  55.36164510323394,351847.24602587573,      0.0,351847.24602587573,   1.0
 0.03824967930531877, -0.03597717201238835,  6.886521306179052, 54.55076215863043,54.996721456059184,  0.3475203310001077, 301.0822127455786,  55.36164510323394, 351723.2626102618,      0.0, 351723.2626102618,   1.0
 0.03824967930531877, -0.03597717201238835,  6.886521306179052, 53.55076215863043,55.996721456059184,  0.3475203310001077, 301.0822127455786,  55.36164510323394,351138.94296608854,      0.0,351138.94296608854,   1.0
 0.03824967930531877, -0.03597717201238835,  6.886521306179052, 53.55076215863043,54.996721456059184, 0.02000057999999999, 301.0822127455786,  55.36164510323394, 306100.6770655154,      0.0, 306100.6770655154,   1.0
 0.03824967930531877, -0.03597717201238835,  6.886521306179052, 53.55076215863043,54.996721456059184,  0.3475203310001077, 302.0822127455786,  55.36164510323394, 351558.4091231517,      0.0, 351558.4091231517,   1.0
 0.03824967930531877, -0.03597717201238835,  6.886521306179052, 53.55076215863043,54.996721456059184,  0.3475203310001077, 301.0822127455786,  56.36164510323394, 351262.7788824971,      0.0, 351262.7788824971,   1.0
 0.03824967882673812,-0.035977171529652664,  6.886521209067101, 53.55076211027101, 54.99672124578878, 0.34752033053847736, 301.0822123818801,  55.36164519531448,351466.89960359904,      0.0,351466.89960359904,   1.0
-0.29999939999999997,-0.035977171529652664,  6.886521209067101, 53.55076211027101, 54.99672124578878, 0.34752033053847736, 301.0822123818801,  55.36164519531448,298857.91168255196,      0.0,298857.91168255196,   1.0
 0.03824967882673812,  0.29999939999999997,  6.886521209067101, 53.55076211027101, 54.99672124578878, 0.34752033053847736, 301.0822123818801,  55.36164519531448,299294.50709594594,      0.0,299294.50709594594,   1.0
 0.03824967882673812,-0.035977171529652664,  7.886521209067101, 53.55076211027101, 54.99672124578878, 0.34752033053847736, 301.0822123818801,  55.36164519531448,351847.24602587573,      0.0,351847.24602587573,   1.0
 0.03824967882673812,-0.035977171529652664,  6.886521209067101, 54.55076211027101, 54.99672124578878, 0.34752033053847736, 301.0822123818801,  55.36164519531448,  351723.262081185,      0.0,  351723.262081185,   1.0
 0.03824967882673812,-0.035977171529652664,  6.886521209067101, 53.55076211027101, 55.99672124578878, 0.34752033053847736, 301.0822123818801,  55.36164519531448,351138.94296608854,      0.0,351138.94296608854,   1.0
 0.03824967882673812,-0.035977171529652664,  6.886521209067101, 53.55076211027101, 54.99672124578878, 0.02000057999999999, 301.0822123818801,  55.36164519531448, 306100.6770655154,      0.0, 306100.6770655154,   1.0
 0.03824967882673812,-0.035977171529652664,  6.886521209067101, 53.55076211027101, 54.99672124578878, 0.34752033053847736, 302.0822123818801,  55.36164519531448, 351558.4091231517,      0.0, 351558.4091231517,   1.0
 0.03824967882673812,-0.035977171529652664,  6.886521209067101, 53.55076211027101, 54.99672124578878, 0.34752033053847736, 301.0822123818801,  56.36164519531448, 351262.7788824971,      0.0, 351262.7788824971,   1.0
 0.03824967872574019, -0.03597717142777788,  6.886521188572947, 53.55076210006541,54.996721201414076, 0.34752033044105657,301.08221230512646, 55.361645214746815,351466.89960359904,      0.0,351466.89960359904,   1.0
-0.29999939999999997, -0.03597717142777788,  6.886521188572947, 53.55076210006541,54.996721201414076, 0.34752033044105657,301.08221230512646, 55.361645214746815,298857.91168255196,      0.0,298857.91168255196,   1.0
 0.03824967872574019,  0.29999939999999997,  6.886521188572947, 53.55076210006541,54.996721201414076, 0.34752033044105657,301.08221230512646, 55.361645214746815,299294.50709594594,      0.0,299294.50709594594,   1.0
 0.03824967872574019, -0.03597717142777788,  7.886521188572947, 53.55076210006541,54.996721201414076, 0.34752033044105657,301.08221230512646, 55.361645214746815,351847.24602587573,      0.0,351847.24602587573,   1.0
 0.03824967872574019, -0.03597717142777788,  6.886521188572947, 54.55076210006541,54.996721201414076, 0.34752033044105657,301.08221230512646, 55.361645214746815,  351723.262081185,      0.0,  351723.262081185,   1.0
 0.03824967872574019, -0.03597717142777788,  6.886521188572947, 53.55076210006541,55.996721201414076, 0.34752033044105657,301.08221230512646, 55.361645214746815,351138.94296608854,      0.0,351138.94296608854,   1.0
 0.03824967872574019, -0.03597717142777788,  6.886521188572947, 53.55076210006541,54.996721201414076, 0.02000057999999999,301.08221230512646, 55.361645214746815, 306100.6770655154,      0.0, 306100.6770655154,   1.0
 0.03824967872574019, -0.03597717142777788,  6.886521188572947, 53.55076210006541,54.996721201414076, 0.34752033044105657,302.08221230512646, 55.361645214746815, 351558.4091231517,      0.0, 351558.4091231517,   1.0
 0.03824967872574019, -0.03597717142777788,  6.886521188572947, 53.55076210006541,54.996721201414076, 0.34752033044105657,301.08221230512646, 56.361645214746815, 351262.7788824971,      0.0, 351262.7788824971,   1.0
0.038249678704425985,-0.035977171406278624, 6.8865211842479415,53.550762097911665,54.996721192049414,  0.3475203304204973,301.08221228892864,  55.36164521884774,351466.89960359904,      0.0,351466.89960359904,   1.0
-0.29999939999999997,-0.035977171406278624, 6.8865211842479415,53.550762097911665,54.996721192049414,  0.3475203304204973,301.08221228892864,  55.36164521884774,298857.91168255196,      0.0,298857.91168255196,   1.0
0.038249678704425985,   0.2999993999999999, 6.8865211842479415,53.550762097911665,54.996721192049414,  0.3475203304204973,301.08221228892864,  55.36164521884774,299294.50709594594,      0.0,299294.50709594594,   1.0
0.038249678704425985,-0.035977171406278624, 7.8865211842479415,53.550762097911665,54.996721192049414,  0.3475203304204973,301.08221228892864,  55.36164521884774,351847.24602587573,      0.0,351847.24602587573,   1.0
0.038249678704425985,-0.035977171406278624, 6.8865211842479415,54.550762097911665,54.996721192049414,  0.3475203304204973,301.08221228892864,  55.36164521884774,  351723.262081185,      0.0,  351723.262081185,   1.0
0.038249678704425985,-0.035977171406278624, 6.8865211842479415,53.550762097911665,55.996721192049414,  0.3475203304204973,301.08221228892864,  55.36164521884774,351138.94296608854,      0.0,351138.94296608854,   1.0
0.038249678704425985,-0.035977171406278624, 6.8865211842479415,53.550762097911665,54.996721192049414, 0.02000057999999999,301.08221228892864,  55.36164521884774, 306100.6770655154,      0.0, 306100.6770655154,   1.0
0.038249678704425985,-0.035977171406278624, 6.8865211842479415,53.550762097911665,54.996721192049414,  0.3475203304204973,302.08221228892864,  55.36164521884774, 351558.4091231517,      0.0, 351558.4091231517,   1.0
0.038249678704425985,-0.035977171406278624, 6.8865211842479415,53.550762097911665,54.996721192049414,  0.3475203304204973,301.08221228892864,  56.36164521884774, 351262.7788824971,      0.0, 351262.7788824971,   1.0
0.038249678699927916,-0.035977171401741496,  6.886521183335208,53.550762097457145,54.996721190073124, 0.34752033041615854,301.08221228551037,  55.36164521971319,351466.89960359904,      0.0,351466.89960359904,   1.0
-0.29999939999999997,-0.035977171401741496,  6.886521183335208,53.550762097457145,54.996721190073124, 0.34752033041615854,301.08221228551037,  55.36164521971319,298857.91168255196,      0.0,298857.91168255196,   1.0
0.038249678699927916,  0.29999939999999997,  6.886521183335208,53.550762097457145,54.996721190073124, 0.34752033041615854,301.08221228551037,  55.36164521971319,299294.50709594594,      0.0,299294.50709594594,   1.0
0.038249678699927916,-0.035977171401741496,  7.886521183335208,53.550762097457145,54.996721190073124, 0.34752033041615854,301.08221228551037,  55.36164521971319,351847.24602587573,      0.0,351847.24602587573,   1.0
0.038249678699927916,-0.035977171401741496,  6.886521183335208,54.550762097457145,54.996721190073124, 0.34752033041615854,301.08221228551037,  55.36164521971319,  351723.262081185,      0.0,  351723.262081185,   1.0
0.038249678699927916,-0.035977171401741496,  6.886521183335208,53.550762097457145,55.996721190073124, 0.34752033041615854,301.08221228551037,  55.36164521971319,351138.94296608854,      0.0,351138.94296608854,   1.0
0.038249678699927916,-0.035977171401741496,  6.886521183335208,53.550762097457145,54.996721190073124, 0.02000057999999999,301.08221228551037,  55.36164521971319, 306100.6770655154,      0.0, 306100.6770655154,   1.0
0.038249678699927916,-0.035977171401741496,  6.886521183335208,53.550762097457145,54.996721190073124, 0.34752033041615854,302.08221228551037,  55.36164521971319, 351558.4091231517,      0.0, 351558.4091231517,   1.0
0.038249678699927916,-0.035977171401741496,  6.886521183335208,53.550762097457145,54.996721190073124, 0.34752033041615854,301.08221228551037,  56.36164521971319, 351262.7788824971,      0.0, 351262.7788824971,   1.0
0.038249678698978634, -0.03597717140078398,  6.886521183142584, 53.55076209736122, 54.99672118965605,  0.3475203304152429, 301.0822122847889, 55.361645219895834,351466.89960359904,      0.0,351466.89960359904,   1.0
 -0.2999993999999999, -0.03597717140078398,  6.886521183142584, 53.55076209736122, 54.99672118965605,  0.3475203304152429, 301.0822122847889, 55.361645219895834,298857.91168255196,      0.0,298857.91168255196,   1.0
0.038249678698978634,  0.29999939999999997,  6.886521183142584, 53.55076209736122, 54.99672118965605,  0.3475203304152429, 301.0822122847889, 55.361645219895834,299294.50709594594,      0.0,299294.50709594594,   1.0
0.038249678698978634, -0.03597717140078398,  7.886521183142584, 53.55076209736122, 54.99672118965605,  0.3475203304152429, 301.0822122847889, 55.361645219895834,351847.24602587573,      0.0,351847.24602587573,   1.0
0.038249678698978634, -0.03597717140078398,  6.886521183142584, 54.55076209736122, 54.99672118965605,  0.3475203304152429, 301.0822122847889, 55.361645219895834,  351723.262081185,      0.0,  351723.262081185,   1.0
0.038249678698978634, -0.03597717140078398,  6.886521183142584, 53.55076209736122, 55.99672118965605,  0.3475203304152429, 301.0822122847889, 55.361645219895834,351138.94296608854,      0.0,351138.94296608854,   1.0
0.038249678698978634, -0.03597717140078398,  6.886521183142584, 53.55076209736122, 54.99672118965605, 0.02000057999999999, 301.0822122847889, 55.361645219895834, 306100.6770655154,      0.0, 306100.6770655154,   1.0
0.038249678698978634, -0.03597717140078398,  6.886521183142584, 53.55076209736122, 54.99672118965605,  0.3475203304152429, 302.0822122847889, 55.361645219895834, 351558.4091231517,      0.0, 351558.4091231517,   1.0
0.038249678698978634, -0.03597717140078398,  6.886521183142584, 53.55076209736122, 54.99672118965605,  0.3475203304152429, 301.0822122847889, 56.361645219895834, 351262.7788824971,      0.0, 351262.7788824971,   1.0
 0.03824967869877832,-0.035977171400581924,  6.886521183101936, 53.55076209734098, 54.99672118956804, 0.34752033041504965, 301.0822122846367, 55.361645219934374,351466.89960359904,      0.0,351466.89960359904,   1.0
-0.29999939999999997,-0.035977171400581924,  6.886521183101936, 53.55076209734098, 54.99672118956804, 0.34752033041504965, 301.0822122846367, 55.361645219934374,298857.91168255196,      0.0,298857.91168255196,   1.0
 0.03824967869877832,  0.29999939999999997,  6.886521183101936, 53.55076209734098, 54.99672118956804, 0.34752033041504965, 301.0822122846367, 55.361645219934374,299294.50709594594,      0.0,299294.50709594594,   1.0
 0.03824967869877832,-0.035977171400581924,  7.886521183101936, 53.55076209734098, 54.99672118956804, 0.34752033041504965, 301.0822122846367, 55.361645219934374,351847.24602587573,      0.0,351847.24602587573,   1.0
 0.03824967869877832,-0.035977171400581924,  6.886521183101936, 54.55076209734098, 54.99672118956804, 0.34752033041504965, 301.0822122846367, 55.361645219934374,  351723.262081185,      0.0,  351723.262081185,   1.0
 0.03824967869877832,-0.035977171400581924,  6.886521183101936, 53.55076209734098, 55.99672118956804, 0.34752033041504965, 301.0822122846367, 55.361645219934374,351138.94296608854,      0.0,351138.94296608854,   1.0
 0.03824967869877832,-0.035977171400581924,  6.886521183101936, 53.55076209734098, 54.99672118956804, 0.02000057999999999, 301.0822122846367, 55.361645219934374, 306100.6770655154,      0.0, 306100.6770655154,   1.0
 0.03824967869877832,-0.035977171400581924,  6.886521183101936, 53.55076209734098, 54.99672118956804, 0.34752033041504965, 302.0822122846367, 55.361645219934374, 351558.4091231517,      0.0, 351558.4091231517,   1.0
 0.03824967869877832,-0.035977171400581924,  6.886521183101936, 53.55076209734098, 54.99672118956804, 0.34752033041504965, 301.0822122846367, 56.361645219934374, 351262.7788824971,      0.0, 351262.7788824971,   1.0
 0.03824967869891053, -0.03597717140071528,  6.886521183128764, 53.55076209735434, 54.99672118962613, 0.34752033041517716, 301.0822122847372,  55.36164521990894,351466.89960359904,      0.0,351466.89960359904,   1.0
-0.29999939999999997, -0.03597717140071528,  6.886521183128764, 53.55076209735434, 54.99672118962613, 0.34752033041517716, 301.0822122847372,  55.36164521990894,298857.91168255196,      0.0,298857.91168255196,   1.0
 0.03824967869891053,  0.29999939999999997,  6.886521183128764, 53.55076209735434, 54.99672118962613, 0.34752033041517716, 301.0822122847372,  55.36164521990894,299294.50709594594,      0.0,299294.50709594594,   1.0
 0.03824967869891053, -0.03597717140071528,  7.886521183128764, 53.55076209735434, 54.99672118962613, 0.34752033041517716, 301.0822122847372,  55.36164521990894,351847.24602587573,      0.0,351847.24602587573,   1.0
 0.03824967869891053, -0.03597717140071528,  6.886521183128764, 54.55076209735434, 54.99672118962613, 0.34752033041517716, 301.0822122847372,  55.36164521990894,  351723.262081185,      0.0,  351723.262081185,   1.0
 0.03824967869891053, -0.03597717140071528,  6.886521183128764, 53.55076209735434, 55.99672118962613, 0.34752033041517716, 301.0822122847372,  55.36164521990894,351138.94296608854,      0.0,351138.94296608854,   1.0
 0.03824967869891053, -0.03597717140071528,  6.886521183128764, 53.55076209735434, 54.99672118962613, 0.02000057999999999, 301.0822122847372,  55.36164521990894, 306100.6770655154,      0.0, 306100.6770655154,   1.0
 0.03824967869891053, -0.03597717140071528,  6.886521183128764, 53.55076209735434, 54.99672118962613, 0.34752033041517716, 302.0822122847372,  55.36164521990894, 351558.4091231517,      0.0, 351558.4091231517,   1.0
 0.03824967869891053, -0.03597717140071528,  6.886521183128764, 53.55076209735434, 54.99672118962613, 0.34752033041517716, 301.0822122847372,  56.36164521990894, 351262.7788824971,      0.0, 351262.7788824971,   1.0
0.038249678698806196, -0.03597717140061004,  6.886521183107592,  53.5507620973438,54.996721189580285,  0.3475203304150766, 301.0822122846579,  55.36164521992901,351466.89960359904,      0.0,351466.89960359904,   1.0
-0.29999939999999997, -0.03597717140061004,  6.886521183107592,  53.5507620973438,54.996721189580285,  0.3475203304150766, 301.0822122846579,  55.36164521992901,298857.91168255196,      0.0,298857.91168255196,   1.0
0.038249678698806196,  0.29999939999999997,  6.886521183107592,  53.5507620973438,54.996721189580285,  0.3475203304150766, 301.0822122846579,  55.36164521992901,299294.50709594594,      0.0,299294.50709594594,   1.0
0.038249678698806196, -0.03597717140061004,  7.886521183107592,  53.5507620973438,54.996721189580285,  0.3475203304150766, 301.0822122846579,  55.36164521992901,351847.24602587573,      0.0,351847.24602587573,   1.0
0.038249678698806196, -0.03597717140061004,  6.886521183107592,  54.5507620973438,54.996721189580285,  0.3475203304150766, 301.0822122846579,  55.36164521992901,  351723.262081185,      0.0,  351723.262081185,   1.0
0.038249678698806196, -0.03597717140061004,  6.886521183107592,  53.5507620973438,55.996721189580285,  0.3475203304150766, 301.0822122846579,  55.36164521992901,351138.94296608854,      0.0,351138.94296608854,   1.0
0.038249678698806196, -0.03597717140061004,  6.886521183107592,  53.5507620973438,54.996721189580285, 0.02000057999999999, 301.0822122846579,  55.36164521992901, 306100.6770655154,      0.0, 306100.6770655154,   1.0
0.038249678698806196, -0.03597717140061004,  6.886521183107592,  53.5507620973438,54.996721189580285,  0.3475203304150766, 302.0822122846579,  55.36164521992901, 351558.4091231517,      0.0, 351558.4091231517,   1.0
0.038249678698806196, -0.03597717140061004,  6.886521183107592,  53.5507620973438,54.996721189580285,  0.3475203304150766, 301.0822122846579,  56.36164521992901, 351262.7788824971,      0.0, 351262.7788824971,   1.0
 0.29999939999999997, -0.29999939999999997,           59.99988,          79.99994,         -89.99974,          0.59999942,  484.101251120306,           5.000115,169777.48784060535,      0.0,169777.48784060535,   1.0
-0.29999939999999997, -0.29999939999999997,           59.99988,          79.99994,         -89.99974,          0.59999942,  484.101251120306,           5.000115,227892.46414243462,      0.0,227892.46414243462,   1.0
 0.29999939999999997,  0.29999939999999997,           59.99988,          79.99994,         -89.99974,          0.59999942,  484.101251120306,           5.000115, 236052.2658122443,      0.0, 236052.2658122443,   1.0
 0.29999939999999997, -0.29999939999999997,           58.99988,          79.99994,         -89.99974,          0.59999942,  484.101251120306,           5.000115,170587.85732107423,      0.0,170587.85732107423,   1.0
 0.29999939999999997, -0.29999939999999997,           59.99988,          78.99994,         -89.99974,          0.59999942,  484.101251120306,           5.000115,163943.89826876944,      0.0,163943.89826876944,   1.0
 0.29999939999999997, -0.29999939999999997,           59.99988,          79.99994,         -88.99974,          0.59999942,  484.101251120306,           5.000115,167248.65235153137,      0.0,167248.65235153137,   1.0
 0.29999939999999997, -0.29999939999999997,           59.99988,          79.99994,         -89.99974,0.020000580000000046,  484.101251120306,           5.000115,179258.31146205578,      0.0,179258.31146205578,   1.0
 0.29999939999999997, -0.29999939999999997,           59.99988,          79.99994,         -89.99974,          0.59999942,  485.101251120306,           5.000115,169738.11421836668,      0.0,169738.11421836668,   1.0
 0.29999939999999997, -0.29999939999999997,           59.99988,          79.99994,         -89.99974,          0.59999942,  484.101251120306,           6.000115,170294.26327745517,      0.0,170294.26327745517,   1.0
0.061286765524404305, -0.05921426588115465, 11.561128103723698,  55.8786041472998,42.235309069471526, 0.36974149145204654,317.19006320206756,  50.92923192611896,358252.97341119614,      0.0,358252.97341119614,   1.0
-0.29999939999999997, -0.05921426588115465, 11.561128103723698,  55.8786041472998,42.235309069471526, 0.36974149145204654,317.19006320206756,  50.92923192611896,305059.14429166075,      0.0,305059.14429166075,   1.0
0.061286765524404305,  0.29999939999999997, 11.561128103723698,  55.8786041472998,42.235309069471526, 0.36974149145204654,317.19006320206756,  50.92923192611896,269235.16586655646,      0.0,269235.16586655646,   1.0
0.061286765524404305, -0.05921426588115465, 12.561128103723698,  55.8786041472998,42.235309069471526, 0.36974149145204654,317.19006320206756,  50.92923192611896,358561.99463066016,      0.0,358561.99463066016,   1.0
0.061286765524404305, -0.05921426588115465, 11.561128103723698,  56.8786041472998,42.235309069471526, 0.36974149145204654,317.19006320206756,  50.92923192611896, 358478.0949344934,      0.0, 358478.0949344934,   1.0
0.061286765524404305, -0.05921426588115465, 11.561128103723698,  55.8786041472998,43.235309069471526, 0.36974149145204654,317.19006320206756,  50.92923192611896, 358078.9862258431,      0.0, 358078.9862258431,   1.0
0.061286765524404305, -0.05921426588115465, 11.561128103723698,  55.8786041472998,42.235309069471526, 0.02000057999999999,317.19006320206756,  50.92923192611896, 284094.8374494953,      0.0, 284094.8374494953,   1.0
0.061286765524404305, -0.05921426588115465, 11.561128103723698,  55.8786041472998,42.235309069471526, 0.36974149145204654,318.19006320206756,  50.92923192611896, 358350.0946987194,      0.0, 358350.0946987194,   1.0
0.061286765524404305, -0.05921426588115465, 11.561128103723698,  55.8786041472998,42.235309069471526, 0.36974149145204654,317.19006320206756,  51.92923192611896,358004.02935450495,      0.0,358004.02935450495,   1.0
 0.18064308276220212,  -0.1796068329405773,  35.78050405186185, 67.93927207364989,-23.88221546526424,  0.4848704557260233,400.64565716118676,  27.96467346305948,234404.25424719066,      0.0,234404.25424719066,   1.0
          -0.2999994,  -0.1796068329405773,  35.78050405186185, 67.93927207364989,-23.88221546526424,  0.4848704557260233,400.64565716118676,  27.96467346305948,275426.56621404324,      0.0,275426.56621404324,   1.0
 0.18064308276220212,   0.2999993999999999,  35.78050405186185, 67.93927207364989,-23.88221546526424,  0.4848704557260233,400.64565716118676,  27.96467346305948,228113.36277772533,      0.0,228113.36277772533,   1.0
 0.18064308276220212,  -0.1796068329405773,  36.78050405186185, 67.93927207364989,-23.88221546526424,  0.4848704557260233,400.64565716118676,  27.96467346305948,233386.57373235474,      0.0,233386.57373235474,   1.0
 0.18064308276220212,  -0.1796068329405773,  35.78050405186185, 68.93927207364989,-23.88221546526424,  0.4848704557260233,400.64565716118676,  27.96467346305948, 234793.1548105622,      0.0, 234793.1548105622,   1.0
 0.18064308276220212,  -0.1796068329405773,  35.78050405186185, 67.93927207364989,-22.88221546526424,  0.4848704557260233,400.64565716118676,  27.96467346305948,235941.62571378722,      0.0,235941.62571378722,   1.0
 0.18064308276220212,  -0.1796068329405773,  35.78050405186185, 67.93927207364989,-23.88221546526424, 0.02000057999999999,400.64565716118676,  27.96467346305948,142930.96291451761,      0.0,142930.96291451761,   1.0
 0.18064308276220212,  -0.1796068329405773,  35.78050405186185, 67.93927207364989,-23.88221546526424,  0.4848704557260233,401.64565716118676,  27.96467346305948, 234374.2320257547,      0.0, 234374.2320257547,   1.0
 0.18064308276220212,  -0.1796068329405773,  35.78050405186185, 67.93927207364989,-23.88221546526424,  0.4848704557260233,400.64565716118676,  28.96467346305948,235994.17214247916,      0.0,235994.17214247916,   1.0
 0.07740567350814101, -0.07547311799109672, 14.831921819265181, 57.50738091443079,33.306227486260944, 0.38528950117907135, 328.4606274326564, 47.827899601867465, 359935.7645817151,      0.0, 359935.7645817151,   1.0
          -0.2999994, -0.07547311799109672, 14.831921819265181, 57.50738091443079,33.306227486260944, 0.38528950117907135, 328.4606274326564, 47.827899601867465,308791.58778830525,      0.0,308791.58778830525,   1.0
 0.07740567350814101,  0.29999939999999997, 14.831921819265181, 57.50738091443079,33.306227486260944, 0.38528950117907135, 328.4606274326564, 47.827899601867465,242083.68468997377,      0.0,242083.68468997377,   1.0
 0.07740567350814101, -0.07547311799109672, 15.831921819265181, 57.50738091443079,33.306227486260944, 0.38528950117907135, 328.4606274326564, 47.827899601867465, 360138.5381555931,      0.0, 360138.5381555931,   1.0
 0.07740567350814101, -0.07547311799109672, 14.831921819265181, 58.50738091443079,33.306227486260944, 0.38528950117907135, 328.4606274326564, 47.827899601867465, 360121.9586539842,      0.0, 360121.9586539842,   1.0
 0.07740567350814101, -0.07547311799109672, 14.831921819265181, 57.50738091443079,34.306227486260944, 0.38528950117907135, 328.4606274326564, 47.827899601867465, 360124.6165460122,      0.0, 360124.6165460122,   1.0
 0.07740567350814101, -0.07547311799109672, 14.831921819265181, 57.50738091443079,33.306227486260944, 0.02000057999999999, 328.4606274326564, 47.827899601867465, 277704.5200815761,      0.0, 277704.5200815761,   1.0
 0.07740567350814101, -0.07547311799109672, 14.831921819265181, 57.50738091443079,33.306227486260944, 0.38528950117907135, 329.4606274326564, 47.827899601867465, 360029.3363873016,      0.0, 360029.3363873016,   1.0
 0.07740567350814101, -0.07547311799109672, 14.831921819265181, 57.50738091443079,33.306227486260944, 0.38528950117907135, 328.4606274326564, 48.827899601867465, 359727.5278779374,      0.0, 359727.5278779374,   1.0
 0.29999939999999997, -0.29999939999999997,           59.99988,          79.99994,         -89.99974,          0.59999942,         499.99955,           5.000115,168832.41056026565,      0.0,168832.41056026565,   1.0
-0.29999939999999997, -0.29999939999999997,           59.99988,          79.99994,         -89.99974,          0.59999942,         499.99955,           5.000115, 228745.8897994933,      0.0, 228745.8897994933,   1.0
 0.29999939999999997,  0.29999939999999997,           59.99988,          79.99994,         -89.99974,          0.59999942,         499.99955,           5.000115,235847.90889371434,      0.0,235847.90889371434,   1.0
 0.29999939999999997, -0.29999939999999997,           58.99988,          79.99994,         -89.99974,          0.59999942,         499.99955,           5.000115, 169474.5072117891,      0.0, 169474.5072117891,   1.0
 0.29999939999999997, -0.29999939999999997,           59.99988,          78.99994,         -89.99974,          0.59999942,         499.99955,           5.000115, 162815.8579789192,      0.0, 162815.8579789192,   1.0
 0.29999939999999997, -0.29999939999999997,           59.99988,          79.99994,         -88.99974,          0.59999942,         499.99955,           5.000115, 166277.3832982456,      0.0, 166277.3832982456,   1.0
 0.29999939999999997, -0.29999939999999997,           59.99988,          79.99994,         -89.99974,0.020000580000000046,         499.99955,           5.000115,176596.61451056568,      0.0,176596.61451056568,   1.0
 0.29999939999999997, -0.29999939999999997,           59.99988,          79.99994,         -89.99974,          0.59999942,         498.99955,           5.000115,168857.58567719665,      0.0,168857.58567719665,   1.0
 0.29999939999999997, -0.29999939999999997,           59.99988,          79.99994,         -89.99974,          0.59999942,         499.99955,           6.000115, 169185.4786465882,      0.0, 169185.4786465882,   1.0
 0.09317273700615337, -0.09137707090657336, 18.031320454326263, 59.10060464505527,24.572050428890776, 0.40049812802160045,340.61130718058206, 44.794263344730915,357830.60078584123,      0.0,357830.60078584123,   1.0
-0.29999939999999997, -0.09137707090657336, 18.031320454326263, 59.10060464505527,24.572050428890776, 0.40049812802160045,340.61130718058206, 44.794263344730915, 311131.6460579094,      0.0, 311131.6460579094,   1.0
 0.09317273700615337,  0.29999939999999997, 18.031320454326263, 59.10060464505527,24.572050428890776, 0.40049812802160045,340.61130718058206, 44.794263344730915,215854.22514451956,      0.0,215854.22514451956,   1.0
 0.09317273700615337, -0.09137707090657336, 19.031320454326263, 59.10060464505527,24.572050428890776, 0.40049812802160045,340.61130718058206, 44.794263344730915, 357759.2359198507,      0.0, 357759.2359198507,   1.0
 0.09317273700615337, -0.09137707090657336, 18.031320454326263, 60.10060464505527,24.572050428890776, 0.40049812802160045,340.61130718058206, 44.794263344730915, 357934.7423329728,      0.0, 357934.7423329728,   1.0
 0.09317273700615337, -0.09137707090657336, 18.031320454326263, 59.10060464505527,25.572050428890776, 0.40049812802160045,340.61130718058206, 44.794263344730915,  358367.518660224,      0.0,  358367.518660224,   1.0
 0.09317273700615337, -0.09137707090657336, 18.031320454326263, 59.10060464505527,24.572050428890776, 0.02000057999999999,340.61130718058206, 44.794263344730915,276606.71477730985,      0.0,276606.71477730985,   1.0
 0.09317273700615337, -0.09137707090657336, 18.031320454326263, 59.10060464505527,24.572050428890776, 0.40049812802160045,341.61130718058206, 44.794263344730915,357918.80065636866,      0.0,357918.80065636866,   1.0
 0.09317273700615337, -0.09137707090657336, 18.031320454326263, 59.10060464505527,24.572050428890776, 0.40049812802160045,340.61130718058206, 45.794263344730915, 357814.6746593556,      0.0, 357814.6746593556,   1.0
 0.08044512824531762, -0.07853896123038304, 15.448677586036759,  57.8145104833603, 31.62251917648534,  0.3882213047395951,330.80294317993577, 47.243098247208955, 359777.8144323025,      0.0, 359777.8144323025,   1.0
-0.29999939999999997, -0.07853896123038304, 15.448677586036759,  57.8145104833603, 31.62251917648534,  0.3882213047395951,330.80294317993577, 47.243098247208955, 308885.8002281623,      0.0, 308885.8002281623,   1.0
 0.08044512824531762,   0.2999993999999999, 15.448677586036759,  57.8145104833603, 31.62251917648534,  0.3882213047395951,330.80294317993577, 47.243098247208955,  236669.829243402,      0.0,  236669.829243402,   1.0
 0.08044512824531762, -0.07853896123038304,  16.44867758603676,  57.8145104833603, 31.62251917648534,  0.3882213047395951,330.80294317993577, 47.243098247208955, 359937.8659891543,      0.0, 359937.8659891543,   1.0
 0.08044512824531762, -0.07853896123038304, 15.448677586036759,  58.8145104833603, 31.62251917648534,  0.3882213047395951,330.80294317993577, 47.243098247208955, 360022.0990533363,      0.0, 360022.0990533363,   1.0
 0.08044512824531762, -0.07853896123038304, 15.448677586036759,  57.8145104833603, 32.62251917648534,  0.3882213047395951,330.80294317993577, 47.243098247208955,  360053.519857077,      0.0,  360053.519857077,   1.0
 0.08044512824531762, -0.07853896123038304, 15.448677586036759,  57.8145104833603, 31.62251917648534, 0.02000057999999999,330.80294317993577, 47.243098247208955,277307.87238654314,      0.0,277307.87238654314,   1.0
 0.08044512824531762, -0.07853896123038304, 15.448677586036759,  57.8145104833603, 31.62251917648534,  0.3882213047395951,331.80294317993577, 47.243098247208955, 359882.3367085165,      0.0, 359882.3367085165,   1.0
 0.08044512824531762, -0.07853896123038304, 15.448677586036759,  57.8145104833603, 31.62251917648534,  0.3882213047395951,330.80294317993577, 48.243098247208955, 359611.4731108664,      0.0, 359611.4731108664,   1.0
 0.07800421665657686, -0.07607685768249868, 14.953376149196195,57.567862255678065,32.974664044813935, 0.38586684517181047,  328.921886823974, 47.712737879027664, 359930.2827492008,      0.0, 359930.2827492008,   1.0
-0.29999939999999997, -0.07607685768249868, 14.953376149196195,57.567862255678065,32.974664044813935, 0.38586684517181047,  328.921886823974, 47.712737879027664,308751.51995712507,      0.0,308751.51995712507,   1.0
 0.07800421665657686,  0.29999939999999997, 14.953376149196195,57.567862255678065,32.974664044813935, 0.38586684517181047,  328.921886823974, 47.712737879027664,240911.33851640858,      0.0,240911.33851640858,   1.0
 0.07800421665657686, -0.07607685768249868, 15.953376149196195,57.567862255678065,32.974664044813935, 0.38586684517181047,  328.921886823974, 47.712737879027664,360127.75829590374,      0.0,360127.75829590374,   1.0
 0.07800421665657686, -0.07607685768249868, 14.953376149196195,58.567862255678065,32.974664044813935, 0.38586684517181047,  328.921886823974, 47.712737879027664,360143.24714316725,      0.0,360143.24714316725,   1.0
 0.07800421665657686, -0.07607685768249868, 14.953376149196195,57.567862255678065,33.974664044813935, 0.38586684517181047,  328.921886823974, 47.712737879027664, 360174.3045386373,      0.0, 360174.3045386373,   1.0
 0.07800421665657686, -0.07607685768249868, 14.953376149196195,57.567862255678065,32.974664044813935, 0.02000057999999999,  328.921886823974, 47.712737879027664,277668.61085206596,      0.0,277668.61085206596,   1.0
 0.07800421665657686, -0.07607685768249868, 14.953376149196195,57.567862255678065,32.974664044813935, 0.38586684517181047,  329.921886823974, 47.712737879027664,360042.22490699345,      0.0,360042.22490699345,   1.0
 0.07800421665657686, -0.07607685768249868, 14.953376149196195,57.567862255678065,32.974664044813935, 0.38586684517181047,  328.921886823974, 48.712737879027664, 359754.1200322907,      0.0, 359754.1200322907,   1.0
 0.07753128772171503, -0.07559982278545793, 14.857411026149116, 57.52007392768561,33.236643395195664, 0.38541066639798516, 328.5574303713341, 47.803731003018484,359941.79470881156,      0.0,359941.79470881156,   1.0
-0.29999939999999997, -0.07559982278545793, 14.857411026149116, 57.52007392768561,33.236643395195664, 0.38541066639798516, 328.5574303713341, 47.803731003018484,308770.96750507085,      0.0,308770.96750507085,   1.0
 0.07753128772171503,   0.2999993999999999, 14.857411026149116, 57.52007392768561,33.236643395195664, 0.38541066639798516, 328.5574303713341, 47.803731003018484,241794.49155160066,      0.0,241794.49155160066,   1.0
 0.07753128772171503, -0.07559982278545793, 15.857411026149116, 57.52007392768561,33.236643395195664, 0.38541066639798516, 328.5574303713341, 47.803731003018484,360159.00074994366,      0.0,360159.00074994366,   1.0
 0.07753128772171503, -0.07559982278545793, 14.857411026149116, 58.52007392768561,33.236643395195664, 0.38541066639798516, 328.5574303713341, 47.803731003018484, 360161.3097724673,      0.0, 360161.3097724673,   1.0
 0.07753128772171503, -0.07559982278545793, 14.857411026149116, 57.52007392768561,34.236643395195664, 0.38541066639798516, 328.5574303713341, 47.803731003018484,360145.72513403825,      0.0,360145.72513403825,   1.0
 0.07753128772171503, -0.07559982278545793, 14.857411026149116, 57.52007392768561,33.236643395195664, 0.02000057999999999, 328.5574303713341, 47.803731003018484, 277730.6984795576,      0.0, 277730.6984795576,   1.0
 0.07753128772171503, -0.07559982278545793, 14.857411026149116, 57.52007392768561,33.236643395195664, 0.38541066639798516, 329.5574303713341, 47.803731003018484,  360040.522781633,      0.0,  360040.522781633,   1.0
 0.07753128772171503, -0.07559982278545793, 14.857411026149116, 57.52007392768561,33.236643395195664, 0.38541066639798516, 328.5574303713341, 48.803731003018484,359745.88957661774,      0.0,359745.88957661774,   1.0
 0.07762786264653475, -0.07569723617237949,  14.87700767981188,57.529832590865055, 33.18314564066553, 0.38550382083946466, 328.6318545647365,  47.78514966138184,359942.61309405393,      0.0,359942.61309405393,   1.0
-0.29999939999999997, -0.07569723617237949,  14.87700767981188,57.529832590865055, 33.18314564066553, 0.38550382083946466, 328.6318545647365,  47.78514966138184, 308698.7351006068,      0.0, 308698.7351006068,   1.0
 0.07762786264653475,  0.29999939999999997,  14.87700767981188,57.529832590865055, 33.18314564066553, 0.38550382083946466, 328.6318545647365,  47.78514966138184,241744.05504346525,      0.0,241744.05504346525,   1.0
 0.07762786264653475, -0.07569723617237949,  15.87700767981188,57.529832590865055, 33.18314564066553, 0.38550382083946466, 328.6318545647365,  47.78514966138184, 360156.0970686227,      0.0, 360156.0970686227,   1.0
 0.07762786264653475, -0.07569723617237949,  14.87700767981188,58.529832590865055, 33.18314564066553, 0.38550382083946466, 328.6318545647365,  47.78514966138184, 360155.0976760427,      0.0, 360155.0976760427,   1.0
 0.07762786264653475, -0.07569723617237949,  14.87700767981188,57.529832590865055, 34.18314564066553, 0.38550382083946466, 328.6318545647365,  47.78514966138184, 360172.4533006358,      0.0, 360172.4533006358,   1.0
 0.07762786264653475, -0.07569723617237949,  14.87700767981188,57.529832590865055, 33.18314564066553, 0.02000057999999999, 328.6318545647365,  47.78514966138184,277878.77323075925,      0.0,277878.77323075925,   1.0
 0.07762786264653475, -0.07569723617237949,  14.87700767981188,57.529832590865055, 33.18314564066553, 0.38550382083946466, 329.6318545647365,  47.78514966138184, 360038.7952702808,      0.0, 360038.7952702808,   1.0
 0.07762786264653475, -0.07569723617237949,  14.87700767981188,57.529832590865055, 33.18314564066553, 0.38550382083946466, 328.6318545647365,  48.78514966138184,359740.08238967997,      0.0,359740.08238967997,   1.0
 0.07787625629316254, -0.07594778636905815, 14.927410869605529, 57.55493216964164, 33.04554778740347, 0.38574341689881286,328.82327585583323,  47.73735788502808,359896.15846801124,      0.0,359896.15846801124,   1.0
-0.29999939999999997, -0.07594778636905815, 14.927410869605529, 57.55493216964164, 33.04554778740347, 0.38574341689881286,328.82327585583323,  47.73735788502808,308767.04568520514,      0.0,308767.04568520514,   1.0
 0.07787625629316254,  0.29999939999999997, 14.927410869605529, 57.55493216964164, 33.04554778740347, 0.38574341689881286,328.82327585583323,  47.73735788502808,241247.32907900572,      0.0,241247.32907900572,   1.0
 0.07787625629316254, -0.07594778636905815, 15.927410869605529, 57.55493216964164, 33.04554778740347, 0.38574341689881286,328.82327585583323,  47.73735788502808,360095.31355837587,      0.0,360095.31355837587,   1.0
 0.07787625629316254, -0.07594778636905815, 14.927410869605529, 58.55493216964164, 33.04554778740347, 0.38574341689881286,328.82327585583323,  47.73735788502808,360133.96993154305,      0.0,360133.96993154305,   1.0
 0.07787625629316254, -0.07594778636905815, 14.927410869605529, 57.55493216964164, 34.04554778740347, 0.38574341689881286,328.82327585583323,  47.73735788502808,360170.66263740824,      0.0,360170.66263740824,   1.0
 0.07787625629316254, -0.07594778636905815, 14.927410869605529, 57.55493216964164, 33.04554778740347, 0.02000057999999999,328.82327585583323,  47.73735788502808, 277922.5387895917,      0.0, 277922.5387895917,   1.0
 0.07787625629316254, -0.07594778636905815, 14.927410869605529, 57.55493216964164, 33.04554778740347, 0.38574341689881286,329.82327585583323,  47.73735788502808,360004.26731428003,      0.0,360004.26731428003,   1.0
 0.07787625629316254, -0.07594778636905815, 14.927410869605529, 57.55493216964164, 33.04554778740347, 0.38574341689881286,328.82327585583323,  48.73735788502808,359708.82959873683,      0.0,359708.82959873683,   1.0
 0.07766714382328614, -0.07573685838773984, 14.884978481939864,57.533801859015405, 33.16138580232837,  0.3855417107584862,328.66212608605616, 47.777591830335425,359928.09591013764,      0.0,359928.09591013764,   1.0
-0.29999939999999997, -0.07573685838773984, 14.884978481939864,57.533801859015405, 33.16138580232837,  0.3855417107584862,328.66212608605616, 47.777591830335425,308711.71160124836,      0.0,308711.71160124836,   1.0
 0.07766714382328614,  0.29999939999999997, 14.884978481939864,57.533801859015405, 33.16138580232837,  0.3855417107584862,328.66212608605616, 47.777591830335425,241720.74820783988,      0.0,241720.74820783988,   1.0
 0.07766714382328614, -0.07573685838773984, 15.884978481939864,57.533801859015405, 33.16138580232837,  0.3855417107584862,328.66212608605616, 47.777591830335425, 360143.4069131225,      0.0, 360143.4069131225,   1.0
 0.07766714382328614, -0.07573685838773984, 14.884978481939864,58.533801859015405, 33.16138580232837,  0.3855417107584862,328.66212608605616, 47.777591830335425, 360148.3051947553,      0.0, 360148.3051947553,   1.0
 0.07766714382328614, -0.07573685838773984, 14.884978481939864,57.533801859015405, 34.16138580232837,  0.3855417107584862,328.66212608605616, 47.777591830335425, 360174.8361116594,      0.0, 360174.8361116594,   1.0
 0.07766714382328614, -0.07573685838773984, 14.884978481939864,57.533801859015405, 33.16138580232837, 0.02000057999999999,328.66212608605616, 47.777591830335425, 277902.7901569412,      0.0, 277902.7901569412,   1.0
 0.07766714382328614, -0.07573685838773984, 14.884978481939864,57.533801859015405, 33.16138580232837,  0.3855417107584862,329.66212608605616, 47.777591830335425, 360025.8765828378,      0.0, 360025.8765828378,   1.0
 0.07766714382328614, -0.07573685838773984, 14.884978481939864,57.533801859015405, 33.16138580232837,  0.3855417107584862,328.66212608605616, 48.777591830335425, 359735.8452160928,      0.0, 359735.8452160928,   1.0
 0.07763282823931468, -0.07570224487636419, 14.878015280926977, 57.53033435203667,  33.1803949466926, 0.38550861056125724, 328.6356812333889,  47.78419426456382, 359943.0072381999,      0.0, 359943.0072381999,   1.0
-0.29999939999999997, -0.07570224487636419, 14.878015280926977, 57.53033435203667,  33.1803949466926, 0.38550861056125724, 328.6356812333889,  47.78419426456382, 308702.1194949599,      0.0, 308702.1194949599,   1.0
 0.07763282823931468,  0.29999939999999997, 14.878015280926977, 57.53033435203667,  33.1803949466926, 0.38550861056125724, 328.6356812333889,  47.78419426456382,241745.33394729337,      0.0,241745.33394729337,   1.0
 0.07763282823931468, -0.07570224487636419, 15.878015280926977, 57.53033435203667,  33.1803949466926, 0.38550861056125724, 328.6356812333889,  47.78419426456382,360158.17257293424,      0.0,360158.17257293424,   1.0
 0.07763282823931468, -0.07570224487636419, 14.878015280926977, 58.53033435203667,  33.1803949466926, 0.38550861056125724, 328.6356812333889,  47.78419426456382, 360152.4186543419,      0.0, 360152.4186543419,   1.0
 0.07763282823931468, -0.07570224487636419, 14.878015280926977, 57.53033435203667,  34.1803949466926, 0.38550861056125724, 328.6356812333889,  47.78419426456382,360171.84924090805,      0.0,360171.84924090805,   1.0
 0.07763282823931468, -0.07570224487636419, 14.878015280926977, 57.53033435203667,  33.1803949466926, 0.02000057999999999, 328.6356812333889,  47.78419426456382,277877.48897332035,      0.0,277877.48897332035,   1.0
 0.07763282823931468, -0.07570224487636419, 14.878015280926977, 57.53033435203667,  33.1803949466926, 0.38550861056125724, 329.6356812333889,  47.78419426456382,360039.25679954037,      0.0,360039.25679954037,   1.0
 0.07763282823931468, -0.07570224487636419, 14.878015280926977, 57.53033435203667,  33.1803949466926, 0.38550861056125724, 328.6356812333889,  48.78419426456382,359741.47011533537,      0.0,359741.47011533537,   1.0
 0.07763688485859083, -0.07570633671515027, 14.878838436245447, 57.53074426362849, 33.17814777929731, 0.38551252350350046, 328.6388074135866,  47.78341375731724, 359942.8858501769,      0.0, 359942.8858501769,   1.0
-0.29999939999999997, -0.07570633671515027, 14.878838436245447, 57.53074426362849, 33.17814777929731, 0.38551252350350046, 328.6388074135866,  47.78341375731724, 308702.3691178498,      0.0, 308702.3691178498,   1.0
 0.07763688485859083,  0.29999939999999997, 14.878838436245447, 57.53074426362849, 33.17814777929731, 0.38551252350350046, 328.6388074135866,  47.78341375731724, 241738.5148169919,      0.0, 241738.5148169919,   1.0
 0.07763688485859083, -0.07570633671515027, 15.878838436245447, 57.53074426362849, 33.17814777929731, 0.38551252350350046, 328.6388074135866,  47.78341375731724, 360156.9447215779,      0.0, 360156.9447215779,   1.0
 0.07763688485859083, -0.07570633671515027, 14.878838436245447, 58.53074426362849, 33.17814777929731, 0.38551252350350046, 328.6388074135866,  47.78341375731724,360152.71826573496,      0.0,360152.71826573496,   1.0
 0.07763688485859083, -0.07570633671515027, 14.878838436245447, 57.53074426362849, 34.17814777929731, 0.38551252350350046, 328.6388074135866,  47.78341375731724,  360171.356029867,      0.0,  360171.356029867,   1.0
 0.07763688485859083, -0.07570633671515027, 14.878838436245447, 57.53074426362849, 33.17814777929731, 0.02000057999999999, 328.6388074135866,  47.78341375731724,277880.91008663457,      0.0,277880.91008663457,   1.0
 0.07763688485859083, -0.07570633671515027, 14.878838436245447, 57.53074426362849, 33.17814777929731, 0.38551252350350046, 329.6388074135866,  47.78341375731724,360037.99024026183,      0.0,360037.99024026183,   1.0
 0.07763688485859083, -0.07570633671515027, 14.878838436245447, 57.53074426362849, 33.17814777929731, 0.38551252350350046, 328.6388074135866,  48.78341375731724,  359739.996614979,      0.0,  359739.996614979,   1.0
 0.07763282823931468, -0.07570224487636419, 14.878015280926977, 57.53033435203667,  33.1803949466926, 0.38550861056125724, 328.6356812333889,  47.78419426456382, 359943.0072381999,      0.0, 359943.0072381999,   1.0
-0.29999939999999997, -0.07570224487636419, 14.878015280926977, 57.53033435203667,  33.1803949466926, 0.38550861056125724, 328.6356812333889,  47.78419426456382, 308702.1194949599,      0.0, 308702.1194949599,   1.0
 0.07763282823931468,  0.29999939999999997, 14.878015280926977, 57.53033435203667,  33.1803949466926, 0.38550861056125724, 328.6356812333889,  47.78419426456382,241745.33394729337,      0.0,241745.33394729337,   1.0
 0.07763282823931468, -0.07570224487636419, 15.878015280926977, 57.53033435203667,  33.1803949466926, 0.38550861056125724, 328.6356812333889,  47.78419426456382,360158.17257293424,      0.0,360158.17257293424,   1.0
 0.07763282823931468, -0.07570224487636419, 14.878015280926977, 58.53033435203667,  33.1803949466926, 0.38550861056125724, 328.6356812333889,  47.78419426456382, 360152.4186543419,      0.0, 360152.4186543419,   1.0
 0.07763282823931468, -0.07570224487636419, 14.878015280926977, 57.53033435203667,  34.1803949466926, 0.38550861056125724, 328.6356812333889,  47.78419426456382,360171.84924090805,      0.0,360171.84924090805,   1.0
 0.07763282823931468, -0.07570224487636419, 14.878015280926977, 57.53033435203667,  33.1803949466926, 0.02000057999999999, 328.6356812333889,  47.78419426456382,277877.48897332035,      0.0,277877.48897332035,   1.0
 0.07763282823931468, -0.07570224487636419, 14.878015280926977, 57.53033435203667,  33.1803949466926, 0.38550861056125724, 329.6356812333889,  47.78419426456382,360039.25679954037,      0.0,360039.25679954037,   1.0
 0.07763282823931468, -0.07570224487636419, 14.878015280926977, 57.53033435203667,  33.1803949466926, 0.38550861056125724, 328.6356812333889,  48.78419426456382,359741.47011533537,      0.0,359741.47011533537,   1.0
 0.29999939999999997, -0.29999939999999997, 18.640122525170156,59.407243191051926, 22.92661713142278,          0.59999942,  164.046631204696,  44.22043707983603, 277382.3029797831,      0.0, 277382.3029797831,   1.0
-0.29999939999999997, -0.29999939999999997, 18.640122525170156,59.407243191051926, 22.92661713142278,          0.59999942,  164.046631204696,  44.22043707983603,262091.08240062854,      0.0,262091.08240062854,   1.0
 0.29999939999999997,  0.29999939999999997, 18.640122525170156,59.407243191051926, 22.92661713142278,          0.59999942,  164.046631204696,  44.22043707983603, 256951.5870897973,      0.0, 256951.5870897973,   1.0
 0.29999939999999997, -0.29999939999999997, 19.640122525170156,59.407243191051926, 22.92661713142278,          0.59999942,  164.046631204696,  44.22043707983603,277203.43149788515,      0.0,277203.43149788515,   1.0
 0.29999939999999997, -0.29999939999999997, 18.640122525170156,60.407243191051926, 22.92661713142278,          0.59999942,  164.046631204696,  44.22043707983603,277621.00136290386,      0.0,277621.00136290386,   1.0
 0.29999939999999997, -0.29999939999999997, 18.640122525170156,59.407243191051926, 23.92661713142278,          0.59999942,  164.046631204696,  44.22043707983603, 277366.0796903878,      0.0, 277366.0796903878,   1.0
 0.29999939999999997, -0.29999939999999997, 18.640122525170156,59.407243191051926, 22.92661713142278,0.020000580000000046,  164.046631204696,  44.22043707983603,312127.03949215147,      0.0,312127.03949215147,   1.0
 0.29999939999999997, -0.29999939999999997, 18.640122525170156,59.407243191051926, 22.92661713142278,          0.59999942,  165.046631204696,  44.22043707983603, 277684.1262413495,      0.0, 277684.1262413495,   1.0
 0.29999939999999997, -0.29999939999999997, 18.640122525170156,59.407243191051926, 22.92661713142278,          0.59999942,  164.046631204696,  45.22043707983603, 279368.1199929465,      0.0, 279368.1199929465,   1.0
  0.1148763660094736,  -0.1132691305032948, 15.508119806696941,57.844692417115986,  31.4630191814143, 0.42143305954399835,  301.069134459914, 47.187310819978784, 352092.0414429791,      0.0, 352092.0414429791,   1.0
-0.29999939999999997,  -0.1132691305032948, 15.508119806696941,57.844692417115986,  31.4630191814143, 0.42143305954399835,  301.069134459914, 47.187310819978784, 301081.4327870293,      0.0, 301081.4327870293,   1.0
  0.1148763660094736,  0.29999939999999997, 15.508119806696941,57.844692417115986,  31.4630191814143, 0.42143305954399835,  301.069134459914, 47.187310819978784,244871.96839682493,      0.0,244871.96839682493,   1.0
  0.1148763660094736,  -0.1132691305032948,  16.50811980669694,57.844692417115986,  31.4630191814143, 0.42143305954399835,  301.069134459914, 47.187310819978784,352074.28098205675,      0.0,352074.28098205675,   1.0
  0.1148763660094736,  -0.1132691305032948, 15.508119806696941,58.844692417115986,  31.4630191814143, 0.42143305954399835,  301.069134459914, 47.187310819978784,352375.95960655983,      0.0,352375.95960655983,   1.0
  0.1148763660094736,  -0.1132691305032948, 15.508119806696941,57.844692417115986,32.463019181414296, 0.42143305954399835,  301.069134459914, 47.187310819978784, 352380.1321164159,      0.0, 352380.1321164159,   1.0
  0.1148763660094736,  -0.1132691305032948, 15.508119806696941,57.844692417115986,  31.4630191814143, 0.02000057999999999,  301.069134459914, 47.187310819978784, 307863.8149418464,      0.0, 307863.8149418464,   1.0
  0.1148763660094736,  -0.1132691305032948, 15.508119806696941,57.844692417115986,  31.4630191814143, 0.42143305954399835,  302.069134459914, 47.187310819978784, 352288.4626843501,      0.0, 352288.4626843501,   1.0
  0.1148763660094736,  -0.1132691305032948, 15.508119806696941,57.844692417115986,  31.4630191814143, 0.42143305954399835,  301.069134459914, 48.187310819978784, 352149.1215133292,      0.0, 352149.1215133292,   1.0
 0.08370876537623789,  -0.0818309332117162, 14.980810979657205, 57.58161894947996, 32.90022104767415, 0.39136935061889566, 324.1384552633069,   47.6868182765535,359006.31302069343,      0.0,359006.31302069343,   1.0
-0.29999939999999997,  -0.0818309332117162, 14.980810979657205, 57.58161894947996, 32.90022104767415, 0.39136935061889566, 324.1384552633069,   47.6868182765535, 307583.7704741782,      0.0, 307583.7704741782,   1.0
 0.08370876537623789,  0.29999939999999997, 14.980810979657205, 57.58161894947996, 32.90022104767415, 0.39136935061889566, 324.1384552633069,   47.6868182765535, 241909.2998193153,      0.0, 241909.2998193153,   1.0
 0.08370876537623789,  -0.0818309332117162, 15.980810979657205, 57.58161894947996, 32.90022104767415, 0.39136935061889566, 324.1384552633069,   47.6868182765535,  359150.006313598,      0.0,  359150.006313598,   1.0
 0.08370876537623789,  -0.0818309332117162, 14.980810979657205, 58.58161894947996, 32.90022104767415, 0.39136935061889566, 324.1384552633069,   47.6868182765535,359290.55216887064,      0.0,359290.55216887064,   1.0
 0.08370876537623789,  -0.0818309332117162, 14.980810979657205, 57.58161894947996, 33.90022104767415, 0.39136935061889566, 324.1384552633069,   47.6868182765535,359298.02642027056,      0.0,359298.02642027056,   1.0
 0.08370876537623789,  -0.0818309332117162, 14.980810979657205, 57.58161894947996, 32.90022104767415, 0.02000057999999999, 324.1384552633069,   47.6868182765535, 281949.4532372927,      0.0, 281949.4532372927,   1.0
 0.08370876537623789,  -0.0818309332117162, 14.980810979657205, 57.58161894947996, 32.90022104767415, 0.39136935061889566, 325.1384552633069,   47.6868182765535,  359121.818582917,      0.0,  359121.818582917,   1.0
 0.08370876537623789,  -0.0818309332117162, 14.980810979657205, 57.58161894947996, 32.90022104767415, 0.39136935061889566, 324.1384552633069,   48.6868182765535, 358846.9342507235,      0.0, 358846.9342507235,   1.0
 0.07860896569284709, -0.07668685714116352, 14.894530055410543, 57.53857354464607,33.135383250526075,  0.3864501752527207, 327.9131736419725,  47.76855020063927, 359785.5265543815,      0.0, 359785.5265543815,   1.0
-0.29999939999999997, -0.07668685714116352, 14.894530055410543, 57.53857354464607,33.135383250526075,  0.3864501752527207, 327.9131736419725,  47.76855020063927,308671.27259717905,      0.0,308671.27259717905,   1.0
 0.07860896569284709,  0.29999939999999997, 14.894530055410543, 57.53857354464607,33.135383250526075,  0.3864501752527207, 327.9131736419725,  47.76855020063927, 241658.7638851854,      0.0, 241658.7638851854,   1.0
 0.07860896569284709, -0.07668685714116352, 15.894530055410543, 57.53857354464607,33.135383250526075,  0.3864501752527207, 327.9131736419725,  47.76855020063927,359969.59889571986,      0.0,359969.59889571986,   1.0
 0.07860896569284709, -0.07668685714116352, 14.894530055410543, 58.53857354464607,33.135383250526075,  0.3864501752527207, 327.9131736419725,  47.76855020063927, 360024.3892600103,      0.0, 360024.3892600103,   1.0
 0.07860896569284709, -0.07668685714116352, 14.894530055410543, 57.53857354464607,34.135383250526075,  0.3864501752527207, 327.9131736419725,  47.76855020063927,360053.94168249465,      0.0,360053.94168249465,   1.0
 0.07860896569284709, -0.07668685714116352, 14.894530055410543, 57.53857354464607,33.135383250526075, 0.02000057999999999, 327.9131736419725,  47.76855020063927,278407.54941421107,      0.0,278407.54941421107,   1.0
 0.07860896569284709, -0.07668685714116352, 14.894530055410543, 57.53857354464607,33.135383250526075,  0.3864501752527207, 328.9131736419725,  47.76855020063927, 359862.6234655391,      0.0, 359862.6234655391,   1.0
 0.07860896569284709, -0.07668685714116352, 14.894530055410543, 57.53857354464607,33.135383250526075,  0.3864501752527207, 327.9131736419725,  48.76855020063927, 359595.4660082104,      0.0, 359595.4660082104,   1.0
 0.07778384608393432, -0.07585457385572869,  14.88057027524449, 57.53160903431095,  33.1734312047389,  0.3856542796673449, 328.5239023657897, 47.781773977537206,   359908.66611132,      0.0,   359908.66611132,   1.0
          -0.2999994, -0.07585457385572869,  14.88057027524449, 57.53160903431095,  33.1734312047389,  0.3856542796673449, 328.5239023657897, 47.781773977537206,   308680.76461916,      0.0,   308680.76461916,   1.0
 0.07778384608393432,  0.29999939999999997,  14.88057027524449, 57.53160903431095,  33.1734312047389,  0.3856542796673449, 328.5239023657897, 47.781773977537206,241766.53360310727,      0.0,241766.53360310727,   1.0
 0.07778384608393432, -0.07585457385572869,  15.88057027524449, 57.53160903431095,  33.1734312047389,  0.3856542796673449, 328.5239023657897, 47.781773977537206,360122.96622453775,      0.0,360122.96622453775,   1.0
 0.07778384608393432, -0.07585457385572869,  14.88057027524449, 58.53160903431095,  33.1734312047389,  0.3856542796673449, 328.5239023657897, 47.781773977537206,360152.43931389693,      0.0,360152.43931389693,   1.0
 0.07778384608393432, -0.07585457385572869,  14.88057027524449, 57.53160903431095,  34.1734312047389,  0.3856542796673449, 328.5239023657897, 47.781773977537206,360111.01367353625,      0.0,360111.01367353625,   1.0
 0.07778384608393432, -0.07585457385572869,  14.88057027524449, 57.53160903431095,  33.1734312047389, 0.02000057999999999, 328.5239023657897, 47.781773977537206, 278035.5880640189,      0.0, 278035.5880640189,   1.0
 0.07778384608393432, -0.07585457385572869,  14.88057027524449, 57.53160903431095,  33.1734312047389,  0.3856542796673449, 329.5239023657897, 47.781773977537206, 360022.3797412643,      0.0, 360022.3797412643,   1.0
 0.07778384608393432, -0.07585457385572869,  14.88057027524449, 57.53160903431095,  33.1734312047389,  0.3856542796673449, 328.5239023657897, 48.781773977537206,359711.69567047973,      0.0,359711.69567047973,   1.0
  0.0776541438721509,  -0.0757237455712167, 14.878375909307735, 57.53051426891609, 33.17941203922875,  0.3855291712386313, 328.6199040429079,  47.78385264963912, 359937.1501167996,      0.0, 359937.1501167996,   1.0
-0.29999939999999997,  -0.0757237455712167, 14.878375909307735, 57.53051426891609, 33.17941203922875,  0.3855291712386313, 328.6199040429079,  47.78385264963912, 308704.0227339391,      0.0, 308704.0227339391,   1.0
  0.0776541438721509,  0.29999939999999997, 14.878375909307735, 57.53051426891609, 33.17941203922875,  0.3855291712386313, 328.6199040429079,  47.78385264963912,241755.57140239127,      0.0,241755.57140239127,   1.0
  0.0776541438721509,  -0.0757237455712167, 15.878375909307735, 57.53051426891609, 33.17941203922875,  0.3855291712386313, 328.6199040429079,  47.78385264963912, 360148.2490710139,      0.0, 360148.2490710139,   1.0
  0.0776541438721509,  -0.0757237455712167, 14.878375909307735, 58.53051426891609, 33.17941203922875,  0.3855291712386313, 328.6199040429079,  47.78385264963912, 360146.1228841053,      0.0, 360146.1228841053,   1.0
  0.0776541438721509,  -0.0757237455712167, 14.878375909307735, 57.53051426891609, 34.17941203922875,  0.3855291712386313, 328.6199040429079,  47.78385264963912, 360165.8108013918,      0.0, 360165.8108013918,   1.0
  0.0776541438721509,  -0.0757237455712167, 14.878375909307735, 57.53051426891609, 33.17941203922875, 0.02000057999999999, 328.6199040429079,  47.78385264963912,277893.36887660646,      0.0,277893.36887660646,   1.0
  0.0776541438721509,  -0.0757237455712167, 14.878375909307735, 57.53051426891609, 33.17941203922875,  0.3855291712386313, 329.6199040429079,  47.78385264963912,360035.88351377466,      0.0,360035.88351377466,   1.0
  0.0776541438721509,  -0.0757237455712167, 14.878375909307735, 57.53051426891609, 33.17941203922875,  0.3855291712386313, 328.6199040429079,  48.78385264963912, 359734.2463504783,      0.0, 359734.2463504783,   1.0
 0.07763563052984351,  -0.0757050714963389, 14.878062691459125, 57.53035800506968, 33.18026572733994,  0.3855113136004733,328.63360706220215,   47.7841493536632, 359943.0232542557,      0.0, 359943.0232542557,   1.0
-0.29999939999999997,  -0.0757050714963389, 14.878062691459125, 57.53035800506968, 33.18026572733994,  0.3855113136004733,328.63360706220215,   47.7841493536632, 308702.4587177648,      0.0, 308702.4587177648,   1.0
 0.07763563052984351,            0.2999994, 14.878062691459125, 57.53035800506968, 33.18026572733994,  0.3855113136004733,328.63360706220215,   47.7841493536632, 241745.5778111627,      0.0, 241745.5778111627,   1.0
 0.07763563052984351,  -0.0757050714963389, 15.878062691459125, 57.53035800506968, 33.18026572733994,  0.3855113136004733,328.63360706220215,   47.7841493536632, 360158.1630720862,      0.0, 360158.1630720862,   1.0
 0.07763563052984351,  -0.0757050714963389, 14.878062691459125, 58.53035800506968, 33.18026572733994,  0.3855113136004733,328.63360706220215,   47.7841493536632, 360152.5010584964,      0.0, 360152.5010584964,   1.0
 0.07763563052984351,  -0.0757050714963389, 14.878062691459125, 57.53035800506968, 34.18026572733994,  0.3855113136004733,328.63360706220215,   47.7841493536632,360171.91622795514,      0.0,360171.91622795514,   1.0
 0.07763563052984351,  -0.0757050714963389, 14.878062691459125, 57.53035800506968, 33.18026572733994, 0.02000057999999999,328.63360706220215,   47.7841493536632, 277880.0137987651,      0.0, 277880.0137987651,   1.0
 0.07763563052984351,  -0.0757050714963389, 14.878062691459125, 57.53035800506968, 33.18026572733994,  0.3855113136004733,329.63360706220215,   47.7841493536632,360039.22541794315,      0.0,360039.22541794315,   1.0
 0.07763563052984351,  -0.0757050714963389, 14.878062691459125, 57.53035800506968, 33.18026572733994,  0.3855113136004733,328.63360706220215,   48.7841493536632, 359740.4873331806,      0.0, 359740.4873331806,   1.0
 0.07763793242557053, -0.07570739337709136, 14.878101636065418,57.530377434466835,33.180159582215914, 0.38551353396783256, 328.6319032682012,  47.78411246233835, 359942.2044667139,      0.0, 359942.2044667139,   1.0
-0.29999939999999997, -0.07570739337709136, 14.878101636065418,57.530377434466835,33.180159582215914, 0.38551353396783256, 328.6319032682012,  47.78411246233835,308703.15013768116,      0.0,308703.15013768116,   1.0
 0.07763793242557053,  0.29999939999999997, 14.878101636065418,57.530377434466835,33.180159582215914, 0.38551353396783256, 328.6319032682012,  47.78411246233835, 241745.4981765128,      0.0, 241745.4981765128,   1.0
 0.07763793242557053, -0.07570739337709136, 15.878101636065418,57.530377434466835,33.180159582215914, 0.38551353396783256, 328.6319032682012,  47.78411246233835, 360157.1506837631,      0.0, 360157.1506837631,   1.0
 0.07763793242557053, -0.07570739337709136, 14.878101636065418,58.530377434466835,33.180159582215914, 0.38551353396783256, 328.6319032682012,  47.78411246233835,  360152.419600025,      0.0,  360152.419600025,   1.0
 0.07763793242557053, -0.07570739337709136, 14.878101636065418,57.530377434466835,34.180159582215914, 0.38551353396783256, 328.6319032682012,  47.78411246233835, 360171.6752628121,      0.0, 360171.6752628121,   1.0
 0.07763793242557053, -0.07570739337709136, 14.878101636065418,57.530377434466835,33.180159582215914, 0.02000057999999999, 328.6319032682012,  47.78411246233835,277883.04230601835,      0.0,277883.04230601835,   1.0
 0.07763793242557053, -0.07570739337709136, 14.878101636065418,57.530377434466835,33.180159582215914, 0.38551353396783256, 329.6319032682012,  47.78411246233835,360038.90524491936,      0.0,360038.90524491936,   1.0
 0.07763793242557053, -0.07570739337709136, 14.878101636065418,57.530377434466835,33.180159582215914, 0.38551353396783256, 328.6319032682012,  48.78411246233835, 359739.9701656291,      0.0, 359739.9701656291,   1.0
 0.07763590319077204, -0.07570534652450568, 14.878067304471083, 57.53036030649342, 33.18025315438638,  0.3855115766043178,328.63340524678154,  47.78414498386366,359942.95452410507,      0.0,359942.95452410507,   1.0
 -0.2999993999999999, -0.07570534652450568, 14.878067304471083, 57.53036030649342, 33.18025315438638,  0.3855115766043178,328.63340524678154,  47.78414498386366, 308702.4482302905,      0.0, 308702.4482302905,   1.0
 0.07763590319077204,  0.29999939999999997, 14.878067304471083, 57.53036030649342, 33.18025315438638,  0.3855115766043178,328.63340524678154,  47.78414498386366, 241745.6172898798,      0.0, 241745.6172898798,   1.0
 0.07763590319077204, -0.07570534652450568, 15.878067304471083, 57.53036030649342, 33.18025315438638,  0.3855115766043178,328.63340524678154,  47.78414498386366, 360158.1637354173,      0.0, 360158.1637354173,   1.0
 0.07763590319077204, -0.07570534652450568, 14.878067304471083, 58.53036030649342, 33.18025315438638,  0.3855115766043178,328.63340524678154,  47.78414498386366, 360152.3044512432,      0.0, 360152.3044512432,   1.0
 0.07763590319077204, -0.07570534652450568, 14.878067304471083, 57.53036030649342, 34.18025315438638,  0.3855115766043178,328.63340524678154,  47.78414498386366,360171.84388180275,      0.0,360171.84388180275,   1.0
 0.07763590319077204, -0.07570534652450568, 14.878067304471083, 57.53036030649342, 33.18025315438638, 0.02000057999999999,328.63340524678154,  47.78414498386366, 277880.0137987651,      0.0, 277880.0137987651,   1.0
 0.07763590319077204, -0.07570534652450568, 14.878067304471083, 57.53036030649342, 33.18025315438638,  0.3855115766043178,329.63340524678154,  47.78414498386366,360039.22541794315,      0.0,360039.22541794315,   1.0
 0.07763590319077204, -0.07570534652450568, 14.878067304471083, 57.53036030649342, 33.18025315438638,  0.3855115766043178,328.63340524678154,  48.78414498386366,359740.54395262914,      0.0,359740.54395262914,   1.0
 0.07763563052984351,  -0.0757050714963389, 14.878062691459125, 57.53035800506968, 33.18026572733994,  0.3855113136004733,328.63360706220215,   47.7841493536632, 359943.0232542557,      0.0, 359943.0232542557,   1.0
-0.29999939999999997,  -0.0757050714963389, 14.878062691459125, 57.53035800506968, 33.18026572733994,  0.3855113136004733,328.63360706220215,   47.7841493536632, 308702.4587177648,      0.0, 308702.4587177648,   1.0
 0.07763563052984351,            0.2999994, 14.878062691459125, 57.53035800506968, 33.18026572733994,  0.3855113136004733,328.63360706220215,   47.7841493536632, 241745.5778111627,      0.0, 241745.5778111627,   1.0
 0.07763563052984351,  -0.0757050714963389, 15.878062691459125, 57.53035800506968, 33.18026572733994,  0.3855113136004733,328.63360706220215,   47.7841493536632, 360158.1630720862,      0.0, 360158.1630720862,   1.0
 0.07763563052984351,  -0.0757050714963389, 14.878062691459125, 58.53035800506968, 33.18026572733994,  0.3855113136004733,328.63360706220215,   47.7841493536632, 360152.5010584964,      0.0, 360152.5010584964,   1.0
 0.07763563052984351,  -0.0757050714963389, 14.878062691459125, 57.53035800506968, 34.18026572733994,  0.3855113136004733,328.63360706220215,   47.7841493536632,360171.91622795514,      0.0,360171.91622795514,   1.0
 0.07763563052984351,  -0.0757050714963389, 14.878062691459125, 57.53035800506968, 33.18026572733994, 0.02000057999999999,328.63360706220215,   47.7841493536632, 277880.0137987651,      0.0, 277880.0137987651,   1.0
 0.07763563052984351,  -0.0757050714963389, 14.878062691459125, 57.53035800506968, 33.18026572733994,  0.3855113136004733,329.63360706220215,   47.7841493536632,360039.22541794315,      0.0,360039.22541794315,   1.0
 0.07763563052984351,  -0.0757050714963389, 14.878062691459125, 57.53035800506968, 33.18026572733994,  0.3855113136004733,328.63360706220215,   48.7841493536632, 359740.4873331806,      0.0, 359740.4873331806,   1.0
 0.29999939999999997, -0.29999939999999997, 18.641025176116212, 59.40769354741686,22.924155216963285,          0.59999942,164.04800686206823,  44.21957762683114, 277384.6733285857,      0.0, 277384.6733285857,   1.0
-0.29999939999999997, -0.29999939999999997, 18.641025176116212, 59.40769354741686,22.924155216963285,          0.59999942,164.04800686206823,  44.21957762683114, 262092.9747941919,      0.0, 262092.9747941919,   1.0
 0.29999939999999997,  0.29999939999999997, 18.641025176116212, 59.40769354741686,22.924155216963285,          0.59999942,164.04800686206823,  44.21957762683114,256946.49886809196,      0.0,256946.49886809196,   1.0
 0.29999939999999997, -0.29999939999999997, 19.641025176116212, 59.40769354741686,22.924155216963285,          0.59999942,164.04800686206823,  44.21957762683114, 277203.9551055282,      0.0, 277203.9551055282,   1.0
 0.29999939999999997, -0.29999939999999997, 18.641025176116212, 60.40769354741686,22.924155216963285,          0.59999942,164.04800686206823,  44.21957762683114,277620.31591751304,      0.0,277620.31591751304,   1.0
 0.29999939999999997, -0.29999939999999997, 18.641025176116212, 59.40769354741686,23.924155216963285,          0.59999942,164.04800686206823,  44.21957762683114, 277353.7542381498,      0.0, 277353.7542381498,   1.0
 0.29999939999999997, -0.29999939999999997, 18.641025176116212, 59.40769354741686,22.924155216963285,0.020000580000000046,164.04800686206823,  44.21957762683114,312120.84685995046,      0.0,312120.84685995046,   1.0
 0.29999939999999997, -0.29999939999999997, 18.641025176116212, 59.40769354741686,22.924155216963285,          0.59999942,165.04800686206823,  44.21957762683114, 277684.3777965448,      0.0, 277684.3777965448,   1.0
 0.29999939999999997, -0.29999939999999997, 18.641025176116212, 59.40769354741686,22.924155216963285,          0.59999942,164.04800686206823,  45.21957762683114,279367.30198869784,      0.0,279367.30198869784,   1.0
 0.11483836861743928, -0.11323080321845187,  15.50762796679025,57.844447043274485,31.464359426488222,  0.4213964079407044, 301.0974891423397,  47.18777599363352, 352114.1526133362,      0.0, 352114.1526133362,   1.0
-0.29999939999999997, -0.11323080321845187,  15.50762796679025,57.844447043274485,31.464359426488222,  0.4213964079407044, 301.0974891423397,  47.18777599363352, 301098.3207775542,      0.0, 301098.3207775542,   1.0
 0.11483836861743928,  0.29999939999999997,  15.50762796679025,57.844447043274485,31.464359426488222,  0.4213964079407044, 301.0974891423397,  47.18777599363352,244857.23268289625,      0.0,244857.23268289625,   1.0
 0.11483836861743928, -0.11323080321845187, 16.507627966790253,57.844447043274485,31.464359426488222,  0.4213964079407044, 301.0974891423397,  47.18777599363352, 352101.2568833409,      0.0, 352101.2568833409,   1.0
 0.11483836861743928, -0.11323080321845187,  15.50762796679025,58.844447043274485,31.464359426488222,  0.4213964079407044, 301.0974891423397,  47.18777599363352,352391.71264540864,      0.0,352391.71264540864,   1.0
 0.11483836861743928, -0.11323080321845187,  15.50762796679025,57.844447043274485, 32.46435942648822,  0.4213964079407044, 301.0974891423397,  47.18777599363352,352383.07101647556,      0.0,352383.07101647556,   1.0
 0.11483836861743928, -0.11323080321845187,  15.50762796679025,57.844447043274485,31.464359426488222, 0.02000057999999999, 301.0974891423397,  47.18777599363352,307798.41329758684,      0.0,307798.41329758684,   1.0
 0.11483836861743928, -0.11323080321845187,  15.50762796679025,57.844447043274485,31.464359426488222,  0.4213964079407044, 302.0974891423397,  47.18777599363352, 352319.9203720334,      0.0, 352319.9203720334,   1.0
 0.11483836861743928, -0.11323080321845187,  15.50762796679025,57.844447043274485,31.464359426488222,  0.4213964079407044, 301.0974891423397,  48.18777599363352,352173.67503043485,      0.0,352173.67503043485,   1.0
 0.08372627504945361, -0.08184859490366175, 14.981131940956404, 57.58177907721516, 32.89934620784545,  0.3913862401358375, 324.1255328095743,  47.68651411702138, 358996.4337300463,      0.0, 358996.4337300463,   1.0
-0.29999939999999997, -0.08184859490366175, 14.981131940956404, 57.58177907721516, 32.89934620784545,  0.3913862401358375, 324.1255328095743,  47.68651411702138, 307578.7126940289,      0.0, 307578.7126940289,   1.0
 0.08372627504945361,  0.29999939999999997, 14.981131940956404, 57.58177907721516, 32.89934620784545,  0.3913862401358375, 324.1255328095743,  47.68651411702138,241919.95933627046,      0.0,241919.95933627046,   1.0
 0.08372627504945361, -0.08184859490366175, 15.981131940956404, 57.58177907721516, 32.89934620784545,  0.3913862401358375, 324.1255328095743,  47.68651411702138,359135.69352271757,      0.0,359135.69352271757,   1.0
 0.08372627504945361, -0.08184859490366175, 14.981131940956404, 58.58177907721516, 32.89934620784545,  0.3913862401358375, 324.1255328095743,  47.68651411702138, 359297.3215705749,      0.0, 359297.3215705749,   1.0
 0.08372627504945361, -0.08184859490366175, 14.981131940956404, 57.58177907721516, 33.89934620784545,  0.3913862401358375, 324.1255328095743,  47.68651411702138,359295.71317810257,      0.0,359295.71317810257,   1.0
 0.08372627504945361, -0.08184859490366175, 14.981131940956404, 57.58177907721516, 32.89934620784545, 0.02000057999999999, 324.1255328095743,  47.68651411702138, 281969.9641286345,      0.0, 281969.9641286345,   1.0
 0.08372627504945361, -0.08184859490366175, 14.981131940956404, 57.58177907721516, 32.89934620784545,  0.3913862401358375, 325.1255328095743,  47.68651411702138, 359110.2709917005,      0.0, 359110.2709917005,   1.0
 0.08372627504945361, -0.08184859490366175, 14.981131940956404, 57.58177907721516, 32.89934620784545,  0.3913862401358375, 324.1255328095743,  48.68651411702138,358837.98485497676,      0.0,358837.98485497676,   1.0
 0.07861174326873309, -0.07668965883192322,  14.89458101018519,57.538598966006894,33.135244363722606,  0.3864528544526353,327.91112380255987,  47.76850191307728,  359785.691214603,      0.0,  359785.691214603,   1.0
-0.29999939999999997, -0.07668965883192322,  14.89458101018519,57.538598966006894,33.135244363722606,  0.3864528544526353,327.91112380255987,  47.76850191307728, 308669.7775431648,      0.0, 308669.7775431648,   1.0
 0.07861174326873309,   0.2999993999999999,  14.89458101018519,57.538598966006894,33.135244363722606,  0.3864528544526353,327.91112380255987,  47.76850191307728,241659.04159420452,      0.0,241659.04159420452,   1.0
 0.07861174326873309, -0.07668965883192322,  15.89458101018519,57.538598966006894,33.135244363722606,  0.3864528544526353,327.91112380255987,  47.76850191307728,  359967.399071476,      0.0,  359967.399071476,   1.0
 0.07861174326873309, -0.07668965883192322,  14.89458101018519,58.538598966006894,33.135244363722606,  0.3864528544526353,327.91112380255987,  47.76850191307728, 360023.6679619052,      0.0, 360023.6679619052,   1.0
 0.07861174326873309, -0.07668965883192322,  14.89458101018519,57.538598966006894,34.135244363722606,  0.3864528544526353,327.91112380255987,  47.76850191307728,360053.96556194907,      0.0,360053.96556194907,   1.0
 0.07861174326873309, -0.07668965883192322,  14.89458101018519,57.538598966006894,33.135244363722606, 0.02000057999999999,327.91112380255987,  47.76850191307728,278408.01309458725,      0.0,278408.01309458725,   1.0
 0.07861174326873309, -0.07668965883192322,  14.89458101018519,57.538598966006894,33.135244363722606,  0.3864528544526353,328.91112380255987,  47.76850191307728, 359863.7172673109,      0.0, 359863.7172673109,   1.0
 0.07861174326873309, -0.07668965883192322,  14.89458101018519,57.538598966006894,33.135244363722606,  0.3864528544526353,327.91112380255987,  48.76850191307728,  359594.114569079,      0.0,  359594.114569079,   1.0
  0.0777867377546271, -0.07585749063186466, 14.880619811350446, 57.53163374780631,33.173296190890774,  0.3856570689210651,328.52176297292067,  47.78172705014466, 359909.0165569826,      0.0, 359909.0165569826,   1.0
          -0.2999994, -0.07585749063186466, 14.880619811350446, 57.53163374780631,33.173296190890774,  0.3856570689210651,328.52176297292067,  47.78172705014466, 308679.4694330175,      0.0, 308679.4694330175,   1.0
  0.0777867377546271,  0.29999939999999997, 14.880619811350446, 57.53163374780631,33.173296190890774,  0.3856570689210651,328.52176297292067,  47.78172705014466,241764.62375820504,      0.0,241764.62375820504,   1.0
  0.0777867377546271, -0.07585749063186466, 15.880619811350446, 57.53163374780631,33.173296190890774,  0.3856570689210651,328.52176297292067,  47.78172705014466, 360122.8630553185,      0.0, 360122.8630553185,   1.0
  0.0777867377546271, -0.07585749063186466, 14.880619811350446, 58.53163374780631,33.173296190890774,  0.3856570689210651,328.52176297292067,  47.78172705014466,360152.43274338846,      0.0,360152.43274338846,   1.0
  0.0777867377546271, -0.07585749063186466, 14.880619811350446, 57.53163374780631,34.173296190890774,  0.3856570689210651,328.52176297292067,  47.78172705014466, 360111.4243079214,      0.0, 360111.4243079214,   1.0
  0.0777867377546271, -0.07585749063186466, 14.880619811350446, 57.53163374780631,33.173296190890774, 0.02000057999999999,328.52176297292067,  47.78172705014466, 278036.0456124116,      0.0, 278036.0456124116,   1.0
  0.0777867377546271, -0.07585749063186466, 14.880619811350446, 57.53163374780631,33.173296190890774,  0.3856570689210651,329.52176297292067,  47.78172705014466, 360022.3158180349,      0.0, 360022.3158180349,   1.0
  0.0777867377546271, -0.07585749063186466, 14.880619811350446, 57.53163374780631,33.173296190890774,  0.3856570689210651,328.52176297292067,  48.78172705014466, 359709.3767279829,      0.0, 359709.3767279829,   1.0
 0.07765702955439839, -0.07572665630691576, 14.878424817568067,57.530538669165566,  33.1792787375926, 0.38553195471600443,328.61776828006396,  47.78380631955251,359937.85957280174,      0.0,359937.85957280174,   1.0
-0.29999939999999997, -0.07572665630691576, 14.878424817568067,57.530538669165566,  33.1792787375926, 0.38553195471600443,328.61776828006396,  47.78380631955251, 308704.2553082553,      0.0, 308704.2553082553,   1.0
 0.07765702955439839,  0.29999939999999997, 14.878424817568067,57.530538669165566,  33.1792787375926, 0.38553195471600443,328.61776828006396,  47.78380631955251, 241756.2806161725,      0.0, 241756.2806161725,   1.0
 0.07765702955439839, -0.07572665630691576, 15.878424817568067,57.530538669165566,  33.1792787375926, 0.38553195471600443,328.61776828006396,  47.78380631955251,360148.16498597723,      0.0,360148.16498597723,   1.0
 0.07765702955439839, -0.07572665630691576, 14.878424817568067,58.530538669165566,  33.1792787375926, 0.38553195471600443,328.61776828006396,  47.78380631955251, 360145.3034160503,      0.0, 360145.3034160503,   1.0
 0.07765702955439839, -0.07572665630691576, 14.878424817568067,57.530538669165566,  34.1792787375926, 0.38553195471600443,328.61776828006396,  47.78380631955251, 360166.5145002792,      0.0, 360166.5145002792,   1.0
 0.07765702955439839, -0.07572665630691576, 14.878424817568067,57.530538669165566,  33.1792787375926, 0.02000057999999999,328.61776828006396,  47.78380631955251, 277892.6902103014,      0.0, 277892.6902103014,   1.0
 0.07765702955439839, -0.07572665630691576, 14.878424817568067,57.530538669165566,  33.1792787375926, 0.38553195471600443,329.61776828006396,  47.78380631955251, 360033.5326324766,      0.0, 360033.5326324766,   1.0
 0.07765702955439839, -0.07572665630691576, 14.878424817568067,57.530538669165566,  33.1792787375926, 0.38553195471600443,328.61776828006396,  48.78380631955251, 359734.7389508816,      0.0, 359734.7389508816,   1.0
 0.07763857470019221, -0.07570804122793202, 14.878112514335383, 57.53038286161736, 33.18012993302179,  0.3855141534944206, 328.6314278940531, 47.784102157546634, 359940.9782863205,      0.0, 359940.9782863205,   1.0
-0.29999939999999997, -0.07570804122793202, 14.878112514335383, 57.53038286161736, 33.18012993302179,  0.3855141534944206, 328.6314278940531, 47.784102157546634, 308702.9667159588,      0.0, 308702.9667159588,   1.0
 0.07763857470019221,  0.29999939999999997, 14.878112514335383, 57.53038286161736, 33.18012993302179,  0.3855141534944206, 328.6314278940531, 47.784102157546634,241746.00168712356,      0.0,241746.00168712356,   1.0
 0.07763857470019221, -0.07570804122793202, 15.878112514335383, 57.53038286161736, 33.18012993302179,  0.3855141534944206, 328.6314278940531, 47.784102157546634,360157.01742967335,      0.0,360157.01742967335,   1.0
 0.07763857470019221, -0.07570804122793202, 14.878112514335383, 58.53038286161736, 33.18012993302179,  0.3855141534944206, 328.6314278940531, 47.784102157546634, 360152.4398029249,      0.0, 360152.4398029249,   1.0
 0.07763857470019221, -0.07570804122793202, 14.878112514335383, 57.53038286161736, 34.18012993302179,  0.3855141534944206, 328.6314278940531, 47.784102157546634, 360170.5396135121,      0.0, 360170.5396135121,   1.0
 0.07763857470019221, -0.07570804122793202, 14.878112514335383, 57.53038286161736, 33.18012993302179, 0.02000057999999999, 328.6314278940531, 47.784102157546634, 277883.0005642657,      0.0, 277883.0005642657,   1.0
 0.07763857470019221, -0.07570804122793202, 14.878112514335383, 57.53038286161736, 33.18012993302179,  0.3855141534944206, 329.6314278940531, 47.784102157546634, 360038.9265681561,      0.0, 360038.9265681561,   1.0
 0.07763857470019221, -0.07570804122793202, 14.878112514335383, 57.53038286161736, 33.18012993302179,  0.3855141534944206, 328.6314278940531, 48.784102157546634,359739.85496092564,      0.0,359739.85496092564,   1.0
 0.07763587813275348, -0.07570532124893375,  14.87806688153228,    57.53036009549,33.180254307121565, 0.38551155243380225, 328.6334237955052,  47.78414538449891,359942.95452410507,      0.0,359942.95452410507,   1.0
-0.29999939999999997, -0.07570532124893375,  14.87806688153228,    57.53036009549,33.180254307121565, 0.38551155243380225, 328.6334237955052,  47.78414538449891, 308702.4482302905,      0.0, 308702.4482302905,   1.0
 0.07763587813275348,  0.29999939999999997,  14.87806688153228,    57.53036009549,33.180254307121565, 0.38551155243380225, 328.6334237955052,  47.78414538449891, 241745.6172898798,      0.0, 241745.6172898798,   1.0
 0.07763587813275348, -0.07570532124893375,  15.87806688153228,    57.53036009549,33.180254307121565, 0.38551155243380225, 328.6334237955052,  47.78414538449891, 360158.1637354173,      0.0, 360158.1637354173,   1.0
 0.07763587813275348, -0.07570532124893375,  14.87806688153228,    58.53036009549,33.180254307121565, 0.38551155243380225, 328.6334237955052,  47.78414538449891, 360152.3044512432,      0.0, 360152.3044512432,   1.0
 0.07763587813275348, -0.07570532124893375,  14.87806688153228,    57.53036009549,34.180254307121565, 0.38551155243380225, 328.6334237955052,  47.78414538449891,360171.84388180275,      0.0,360171.84388180275,   1.0
 0.07763587813275348, -0.07570532124893375,  14.87806688153228,    57.53036009549,33.180254307121565, 0.02000057999999999, 328.6334237955052,  47.78414538449891, 277880.0137987651,      0.0, 277880.0137987651,   1.0
 0.07763587813275348, -0.07570532124893375,  14.87806688153228,    57.53036009549,33.180254307121565, 0.38551155243380225, 329.6334237955052,  47.78414538449891,360039.22541794315,      0.0,360039.22541794315,   1.0
 0.07763587813275348, -0.07570532124893375,  14.87806688153228,    57.53036009549,33.180254307121565, 0.38551155243380225, 328.6334237955052,  48.78414538449891,359740.54395262914,      0.0,359740.54395262914,   1.0
 0.07763566293236154, -0.07570510418017512, 14.878063239792425, 57.53035827863223, 33.18026423283476,  0.3855113448553614, 328.6335830790331,  47.78414883423911, 359943.0232542557,      0.0, 359943.0232542557,   1.0
 -0.2999993999999999, -0.07570510418017512, 14.878063239792425, 57.53035827863223, 33.18026423283476,  0.3855113448553614, 328.6335830790331,  47.78414883423911, 308702.4587177648,      0.0, 308702.4587177648,   1.0
 0.07763566293236154,  0.29999939999999997, 14.878063239792425, 57.53035827863223, 33.18026423283476,  0.3855113448553614, 328.6335830790331,  47.78414883423911, 241745.5778111627,      0.0, 241745.5778111627,   1.0
 0.07763566293236154, -0.07570510418017512, 15.878063239792425, 57.53035827863223, 33.18026423283476,  0.3855113448553614, 328.6335830790331,  47.78414883423911, 360158.1630720862,      0.0, 360158.1630720862,   1.0
 0.07763566293236154, -0.07570510418017512, 14.878063239792425, 58.53035827863223, 33.18026423283476,  0.3855113448553614, 328.6335830790331,  47.78414883423911, 360152.3025827466,      0.0, 360152.3025827466,   1.0
 0.07763566293236154, -0.07570510418017512, 14.878063239792425, 57.53035827863223, 34.18026423283476,  0.3855113448553614, 328.6335830790331,  47.78414883423911,360171.91622795514,      0.0,360171.91622795514,   1.0
 0.07763566293236154, -0.07570510418017512, 14.878063239792425, 57.53035827863223, 33.18026423283476, 0.02000057999999999, 328.6335830790331,  47.78414883423911, 277880.0137987651,      0.0, 277880.0137987651,   1.0
 0.07763566293236154, -0.07570510418017512, 14.878063239792425, 57.53035827863223, 33.18026423283476,  0.3855113448553614, 329.6335830790331,  47.78414883423911,360039.22541794315,      0.0,360039.22541794315,   1.0
 0.07763566293236154, -0.07570510418017512, 14.878063239792425, 57.53035827863223, 33.18026423283476,  0.3855113448553614, 328.6335830790331,  48.78414883423911, 359740.4856323288,      0.0, 359740.4856323288,   1.0
 0.07763563736795985, -0.07570507839382366, 14.878062807177505, 57.53035806280138,33.180265411944696,  0.3855113201963978,328.63360200087635,  47.78414924404572, 359943.0232542557,      0.0, 359943.0232542557,   1.0
-0.29999939999999997, -0.07570507839382366, 14.878062807177505, 57.53035806280138,33.180265411944696,  0.3855113201963978,328.63360200087635,  47.78414924404572, 308702.4587177648,      0.0, 308702.4587177648,   1.0
 0.07763563736795985,  0.29999939999999997, 14.878062807177505, 57.53035806280138,33.180265411944696,  0.3855113201963978,328.63360200087635,  47.78414924404572, 241745.5778111627,      0.0, 241745.5778111627,   1.0
 0.07763563736795985, -0.07570507839382366, 15.878062807177505, 57.53035806280138,33.180265411944696,  0.3855113201963978,328.63360200087635,  47.78414924404572, 360158.1630720862,      0.0, 360158.1630720862,   1.0
 0.07763563736795985, -0.07570507839382366, 14.878062807177505, 58.53035806280138,33.180265411944696,  0.3855113201963978,328.63360200087635,  47.78414924404572, 360152.3025827466,      0.0, 360152.3025827466,   1.0
 0.07763563736795985, -0.07570507839382366, 14.878062807177505, 57.53035806280138,34.180265411944696,  0.3855113201963978,328.63360200087635,  47.78414924404572,360171.91622795514,      0.0,360171.91622795514,   1.0
 0.07763563736795985, -0.07570507839382366, 14.878062807177505, 57.53035806280138,33.180265411944696, 0.02000057999999999,328.63360200087635,  47.78414924404572, 277880.0137987651,      0.0, 277880.0137987651,   1.0
 0.07763563736795985, -0.07570507839382366, 14.878062807177505, 57.53035806280138,33.180265411944696,  0.3855113201963978,329.63360200087635,  47.78414924404572,360039.22541794315,      0.0,360039.22541794315,   1.0
 0.07763563736795985, -0.07570507839382366, 14.878062807177505, 57.53035806280138,33.180265411944696,  0.3855113201963978,328.63360200087635,  48.78414924404572, 359740.4873331806,      0.0, 359740.4873331806,   1.0
 0.07763563197293613, -0.07570507295196043, 14.878062715879935, 57.53035801725318, 33.18026566078001, 0.38551131499245456, 328.6336059940773,  47.78414933052991, 359943.0232542557,      0.0, 359943.0232542557,   1.0
          -0.2999994, -0.07570507295196043, 14.878062715879935, 57.53035801725318, 33.18026566078001, 0.38551131499245456, 328.6336059940773,  47.78414933052991, 308702.4587177648,      0.0, 308702.4587177648,   1.0
 0.07763563197293613,  0.29999939999999997, 14.878062715879935, 57.53035801725318, 33.18026566078001, 0.38551131499245456, 328.6336059940773,  47.78414933052991, 241745.5778111627,      0.0, 241745.5778111627,   1.0
 0.07763563197293613, -0.07570507295196043, 15.878062715879935, 57.53035801725318, 33.18026566078001, 0.38551131499245456, 328.6336059940773,  47.78414933052991, 360158.1630720862,      0.0, 360158.1630720862,   1.0
 0.07763563197293613, -0.07570507295196043, 14.878062715879935, 58.53035801725318, 33.18026566078001, 0.38551131499245456, 328.6336059940773,  47.78414933052991, 360152.5010584964,      0.0, 360152.5010584964,   1.0
 0.07763563197293613, -0.07570507295196043, 14.878062715879935, 57.53035801725318, 34.18026566078001, 0.38551131499245456, 328.6336059940773,  47.78414933052991,360171.91622795514,      0.0,360171.91622795514,   1.0
 0.07763563197293613, -0.07570507295196043, 14.878062715879935, 57.53035801725318, 33.18026566078001, 0.02000057999999999, 328.6336059940773,  47.78414933052991, 277880.0137987651,      0.0, 277880.0137987651,   1.0
 0.07763563197293613, -0.07570507295196043, 14.878062715879935, 57.53035801725318, 33.18026566078001, 0.38551131499245456, 329.6336059940773,  47.78414933052991,360039.22541794315,      0.0,360039.22541794315,   1.0
 0.07763563197293613, -0.07570507295196043, 14.878062715879935, 57.53035801725318, 33.18026566078001, 0.38551131499245456, 328.6336059940773,  48.78414933052991, 359740.4873331806,      0.0, 359740.4873331806,   1.0
 0.07763563083438849, -0.07570507180352794, 14.878062696612803, 57.53035800764084, 33.18026571329338, 0.38551131389423193,  328.633606836789, 47.784149348781234, 359943.0232542557,      0.0, 359943.0232542557,   1.0
 -0.2999993999999999, -0.07570507180352794, 14.878062696612803, 57.53035800764084, 33.18026571329338, 0.38551131389423193,  328.633606836789, 47.784149348781234, 308702.4587177648,      0.0, 308702.4587177648,   1.0
 0.07763563083438849,  0.29999939999999997, 14.878062696612803, 57.53035800764084, 33.18026571329338, 0.38551131389423193,  328.633606836789, 47.784149348781234, 241745.5778111627,      0.0, 241745.5778111627,   1.0
 0.07763563083438849, -0.07570507180352794, 15.878062696612803, 57.53035800764084, 33.18026571329338, 0.38551131389423193,  328.633606836789, 47.784149348781234, 360158.1630720862,      0.0, 360158.1630720862,   1.0
 0.07763563083438849, -0.07570507180352794, 14.878062696612803, 58.53035800764084, 33.18026571329338, 0.38551131389423193,  328.633606836789, 47.784149348781234, 360152.5010584964,      0.0, 360152.5010584964,   1.0
 0.07763563083438849, -0.07570507180352794, 14.878062696612803, 57.53035800764084, 34.18026571329338, 0.38551131389423193,  328.633606836789, 47.784149348781234,360171.91622795514,      0.0,360171.91622795514,   1.0
 0.07763563083438849, -0.07570507180352794, 14.878062696612803, 57.53035800764084, 33.18026571329338, 0.02000057999999999,  328.633606836789, 47.784149348781234, 277880.0137987651,      0.0, 277880.0137987651,   1.0
 0.07763563083438849, -0.07570507180352794, 14.878062696612803, 57.53035800764084, 33.18026571329338, 0.38551131389423193,  329.633606836789, 47.784149348781234,360039.22541794315,      0.0,360039.22541794315,   1.0
 0.07763563083438849, -0.07570507180352794, 14.878062696612803, 57.53035800764084, 33.18026571329338, 0.38551131389423193,  328.633606836789, 48.784149348781234, 359740.4873331806,      0.0, 359740.4873331806,   1.0
 0.07763563059411356, -0.07570507156116695, 14.878062692546738,57.530358005612285, 33.18026572437561, 0.38551131366246705,328.63360701463176,  47.78414935263293, 359943.0232542557,      0.0, 359943.0232542557,   1.0
-0.29999939999999997, -0.07570507156116695, 14.878062692546738,57.530358005612285, 33.18026572437561, 0.38551131366246705,328.63360701463176,  47.78414935263293, 308702.4587177648,      0.0, 308702.4587177648,   1.0
 0.07763563059411356,  0.29999939999999997, 14.878062692546738,57.530358005612285, 33.18026572437561, 0.38551131366246705,328.63360701463176,  47.78414935263293, 241745.5778111627,      0.0, 241745.5778111627,   1.0
 0.07763563059411356, -0.07570507156116695, 15.878062692546738,57.530358005612285, 33.18026572437561, 0.38551131366246705,328.63360701463176,  47.78414935263293, 360158.1630720862,      0.0, 360158.1630720862,   1.0
 0.07763563059411356, -0.07570507156116695, 14.878062692546738,58.530358005612285, 33.18026572437561, 0.38551131366246705,328.63360701463176,  47.78414935263293, 360152.5010584964,      0.0, 360152.5010584964,   1.0
 0.07763563059411356, -0.07570507156116695, 14.878062692546738,57.530358005612285, 34.18026572437561, 0.38551131366246705,328.63360701463176,  47.78414935263293,360171.91622795514,      0.0,360171.91622795514,   1.0
 0.07763563059411356, -0.07570507156116695, 14.878062692546738,57.530358005612285, 33.18026572437561, 0.02000057999999999,328.63360701463176,  47.78414935263293, 277880.0137987651,      0.0, 277880.0137987651,   1.0
 0.07763563059411356, -0.07570507156116695, 14.878062692546738,57.530358005612285, 33.18026572437561, 0.38551131366246705,329.63360701463176,  47.78414935263293,360039.22541794315,      0.0,360039.22541794315,   1.0
 0.07763563059411356, -0.07570507156116695, 14.878062692546738,57.530358005612285, 33.18026572437561, 0.38551131366246705,328.63360701463176,  48.78414935263293, 359740.4873331806,      0.0, 359740.4873331806,   1.0
 0.07763563054340682, -0.07570507151001996,  14.87806269168865, 57.53035800518419, 33.18026572671436, 0.38551131361355623, 328.6336070521631,  47.78414935344578, 359943.0232542557,      0.0, 359943.0232542557,   1.0
-0.29999939999999997, -0.07570507151001996,  14.87806269168865, 57.53035800518419, 33.18026572671436, 0.38551131361355623, 328.6336070521631,  47.78414935344578, 308702.4587177648,      0.0, 308702.4587177648,   1.0
 0.07763563054340682,            0.2999994,  14.87806269168865, 57.53035800518419, 33.18026572671436, 0.38551131361355623, 328.6336070521631,  47.78414935344578, 241745.5778111627,      0.0, 241745.5778111627,   1.0
 0.07763563054340682, -0.07570507151001996,  15.87806269168865, 57.53035800518419, 33.18026572671436, 0.38551131361355623, 328.6336070521631,  47.78414935344578, 360158.1630720862,      0.0, 360158.1630720862,   1.0
 0.07763563054340682, -0.07570507151001996,  14.87806269168865, 58.53035800518419, 33.18026572671436, 0.38551131361355623, 328.6336070521631,  47.78414935344578, 360152.5010584964,      0.0, 360152.5010584964,   1.0
 0.07763563054340682, -0.07570507151001996,  14.87806269168865, 57.53035800518419, 34.18026572671436, 0.38551131361355623, 328.6336070521631,  47.78414935344578,360171.91622795514,      0.0,360171.91622795514,   1.0
 0.07763563054340682, -0.07570507151001996,  14.87806269168865, 57.53035800518419, 33.18026572671436, 0.02000057999999999, 328.6336070521631,  47.78414935344578, 277880.0137987651,      0.0, 277880.0137987651,   1.0
 0.07763563054340682, -0.07570507151001996,  14.87806269168865, 57.53035800518419, 33.18026572671436, 0.38551131361355623, 329.6336070521631,  47.78414935344578,360039.22541794315,      0.0,360039.22541794315,   1.0
 0.07763563054340682, -0.07570507151001996,  14.87806269168865, 57.53035800518419, 33.18026572671436, 0.38551131361355623, 328.6336070521631,  48.78414935344578, 359740.4873331806,      0.0, 359740.4873331806,   1.0
 0.07763563053270586,  -0.0757050714992261, 14.878062691507562,57.530358005093845,33.180265727207924, 0.38551131360323426,328.63360706008353, 47.784149353617316, 359943.0232542557,      0.0, 359943.0232542557,   1.0
          -0.2999994,  -0.0757050714992261, 14.878062691507562,57.530358005093845,33.180265727207924, 0.38551131360323426,328.63360706008353, 47.784149353617316, 308702.4587177648,      0.0, 308702.4587177648,   1.0
 0.07763563053270586,  0.29999939999999997, 14.878062691507562,57.530358005093845,33.180265727207924, 0.38551131360323426,328.63360706008353, 47.784149353617316, 241745.5778111627,      0.0, 241745.5778111627,   1.0
 0.07763563053270586,  -0.0757050714992261, 15.878062691507562,57.530358005093845,33.180265727207924, 0.38551131360323426,328.63360706008353, 47.784149353617316, 360158.1630720862,      0.0, 360158.1630720862,   1.0
 0.07763563053270586,  -0.0757050714992261, 14.878062691507562,58.530358005093845,33.180265727207924, 0.38551131360323426,328.63360706008353, 47.784149353617316, 360152.5010584964,      0.0, 360152.5010584964,   1.0
 0.07763563053270586,  -0.0757050714992261, 14.878062691507562,57.530358005093845,34.180265727207924, 0.38551131360323426,328.63360706008353, 47.784149353617316,360171.91622795514,      0.0,360171.91622795514,   1.0
 0.07763563053270586,  -0.0757050714992261, 14.878062691507562,57.530358005093845,33.180265727207924, 0.02000057999999999,328.63360706008353, 47.784149353617316, 277880.0137987651,      0.0, 277880.0137987651,   1.0
 0.07763563053270586,  -0.0757050714992261, 14.878062691507562,57.530358005093845,33.180265727207924, 0.38551131360323426,329.63360706008353, 47.784149353617316,360039.22541794315,      0.0,360039.22541794315,   1.0
 0.07763563053270586,  -0.0757050714992261, 14.878062691507562,57.530358005093845,33.180265727207924, 0.38551131360323426,328.63360706008353, 48.784149353617316, 359740.4873331806,      0.0, 359740.4873331806,   1.0
 0.07763563053044759, -0.07570507149694822, 14.878062691469347, 57.53035800507478, 33.18026572731208,   0.385511313601056,  328.633607061755,  47.78414935365352, 359943.0232542557,      0.0, 359943.0232542557,   1.0
-0.29999939999999997, -0.07570507149694822, 14.878062691469347, 57.53035800507478, 33.18026572731208,   0.385511313601056,  328.633607061755,  47.78414935365352, 308702.4587177648,      0.0, 308702.4587177648,   1.0
 0.07763563053044759,  0.29999939999999997, 14.878062691469347, 57.53035800507478, 33.18026572731208,   0.385511313601056,  328.633607061755,  47.78414935365352, 241745.5778111627,      0.0, 241745.5778111627,   1.0
 0.07763563053044759, -0.07570507149694822, 15.878062691469347, 57.53035800507478, 33.18026572731208,   0.385511313601056,  328.633607061755,  47.78414935365352, 360158.1630720862,      0.0, 360158.1630720862,   1.0
 0.07763563053044759, -0.07570507149694822, 14.878062691469347, 58.53035800507478, 33.18026572731208,   0.385511313601056,  328.633607061755,  47.78414935365352, 360152.5010584964,      0.0, 360152.5010584964,   1.0
 0.07763563053044759, -0.07570507149694822, 14.878062691469347, 57.53035800507478, 34.18026572731208,   0.385511313601056,  328.633607061755,  47.78414935365352,360171.91622795514,      0.0,360171.91622795514,   1.0
 0.07763563053044759, -0.07570507149694822, 14.878062691469347, 57.53035800507478, 33.18026572731208, 0.02000057999999999,  328.633607061755,  47.78414935365352, 277880.0137987651,      0.0, 277880.0137987651,   1.0
 0.07763563053044759, -0.07570507149694822, 14.878062691469347, 57.53035800507478, 33.18026572731208,   0.385511313601056,  329.633607061755,  47.78414935365352,360039.22541794315,      0.0,360039.22541794315,   1.0
 0.07763563053044759, -0.07570507149694822, 14.878062691469347, 57.53035800507478, 33.18026572731208,   0.385511313601056,  328.633607061755,  48.78414935365352, 359740.4873331806,      0.0, 359740.4873331806,   1.0
   0.077635630529971, -0.07570507149646749, 14.878062691461283, 57.53035800507075, 33.18026572733406, 0.38551131360059626, 328.6336070621078,  47.78414935366116, 359943.0232542557,      0.0, 359943.0232542557,   1.0
 -0.2999993999999999, -0.07570507149646749, 14.878062691461283, 57.53035800507075, 33.18026572733406, 0.38551131360059626, 328.6336070621078,  47.78414935366116, 308702.4587177648,      0.0, 308702.4587177648,   1.0
   0.077635630529971,  0.29999939999999997, 14.878062691461283, 57.53035800507075, 33.18026572733406, 0.38551131360059626, 328.6336070621078,  47.78414935366116, 241745.5778111627,      0.0, 241745.5778111627,   1.0
   0.077635630529971, -0.07570507149646749, 15.878062691461283, 57.53035800507075, 33.18026572733406, 0.38551131360059626, 328.6336070621078,  47.78414935366116, 360158.1630720862,      0.0, 360158.1630720862,   1.0
   0.077635630529971, -0.07570507149646749, 14.878062691461283, 58.53035800507075, 33.18026572733406, 0.38551131360059626, 328.6336070621078,  47.78414935366116, 360152.5010584964,      0.0, 360152.5010584964,   1.0
   0.077635630529971, -0.07570507149646749, 14.878062691461283, 57.53035800507075, 34.18026572733406, 0.38551131360059626, 328.6336070621078,  47.78414935366116,360171.91622795514,      0.0,360171.91622795514,   1.0
   0.077635630529971, -0.07570507149646749, 14.878062691461283, 57.53035800507075, 33.18026572733406, 0.02000057999999999, 328.6336070621078,  47.78414935366116, 277880.0137987651,      0.0, 277880.0137987651,   1.0
   0.077635630529971, -0.07570507149646749, 14.878062691461283, 57.53035800507075, 33.18026572733406, 0.38551131360059626, 329.6336070621078,  47.78414935366116,360039.22541794315,      0.0,360039.22541794315,   1.0
   0.077635630529971, -0.07570507149646749, 14.878062691461283, 57.53035800507075, 33.18026572733406, 0.38551131360059626, 328.6336070621078,  48.78414935366116, 359740.4873331806,      0.0, 359740.4873331806,   1.0
 0.07763563052987042, -0.07570507149636604,  14.87806269145958, 57.53035800506991,  33.1802657273387,  0.3855113136004993,328.63360706218225,  47.78414935366277, 359943.0232542557,      0.0, 359943.0232542557,   1.0
-0.29999939999999997, -0.07570507149636604,  14.87806269145958, 57.53035800506991,  33.1802657273387,  0.3855113136004993,328.63360706218225,  47.78414935366277, 308702.4587177648,      0.0, 308702.4587177648,   1.0
 0.07763563052987042,   0.2999993999999999,  14.87806269145958, 57.53035800506991,  33.1802657273387,  0.3855113136004993,328.63360706218225,  47.78414935366277, 241745.5778111627,      0.0, 241745.5778111627,   1.0
 0.07763563052987042, -0.07570507149636604,  15.87806269145958, 57.53035800506991,  33.1802657273387,  0.3855113136004993,328.63360706218225,  47.78414935366277, 360158.1630720862,      0.0, 360158.1630720862,   1.0
 0.07763563052987042, -0.07570507149636604,  14.87806269145958, 58.53035800506991,  33.1802657273387,  0.3855113136004993,328.63360706218225,  47.78414935366277, 360152.5010584964,      0.0, 360152.5010584964,   1.0
 0.07763563052987042, -0.07570507149636604,  14.87806269145958, 57.53035800506991,  34.1802657273387,  0.3855113136004993,328.63360706218225,  47.78414935366277,360171.91622795514,      0.0,360171.91622795514,   1.0
 0.07763563052987042, -0.07570507149636604,  14.87806269145958, 57.53035800506991,  33.1802657273387, 0.02000057999999999,328.63360706218225,  47.78414935366277, 277880.0137987651,      0.0, 277880.0137987651,   1.0
 0.07763563052987042, -0.07570507149636604,  14.87806269145958, 57.53035800506991,  33.1802657273387,  0.3855113136004993,329.63360706218225,  47.78414935366277,360039.22541794315,      0.0,360039.22541794315,   1.0
 0.07763563052987042, -0.07570507149636604,  14.87806269145958, 57.53035800506991,  33.1802657273387,  0.3855113136004993,328.63360706218225,  48.78414935366277, 359740.4873331806,      0.0, 359740.4873331806,   1.0
  0.0776356305299368,   -0.075705071496433, 14.878062691460704, 57.53035800507047, 33.18026572733564,  0.3855113136005633, 328.6336070621331,  47.78414935366171, 359943.0232542557,      0.0, 359943.0232542557,   1.0
 -0.2999993999999999,   -0.075705071496433, 14.878062691460704, 57.53035800507047, 33.18026572733564,  0.3855113136005633, 328.6336070621331,  47.78414935366171, 308702.4587177648,      0.0, 308702.4587177648,   1.0
  0.0776356305299368,  0.29999939999999997, 14.878062691460704, 57.53035800507047, 33.18026572733564,  0.3855113136005633, 328.6336070621331,  47.78414935366171, 241745.5778111627,      0.0, 241745.5778111627,   1.0
  0.0776356305299368,   -0.075705071496433, 15.878062691460704, 57.53035800507047, 33.18026572733564,  0.3855113136005633, 328.6336070621331,  47.78414935366171, 360158.1630720862,      0.0, 360158.1630720862,   1.0
  0.0776356305299368,   -0.075705071496433, 14.878062691460704, 58.53035800507047, 33.18026572733564,  0.3855113136005633, 328.6336070621331,  47.78414935366171, 360152.5010584964,      0.0, 360152.5010584964,   1.0
  0.0776356305299368,   -0.075705071496433, 14.878062691460704, 57.53035800507047, 34.18026572733564,  0.3855113136005633, 328.6336070621331,  47.78414935366171,360171.91622795514,      0.0,360171.91622795514,   1.0
  0.0776356305299368,   -0.075705071496433, 14.878062691460704, 57.53035800507047, 33.18026572733564, 0.02000057999999999, 328.6336070621331,  47.78414935366171, 277880.0137987651,      0.0, 277880.0137987651,   1.0
  0.0776356305299368,   -0.075705071496433, 14.878062691460704, 57.53035800507047, 33.18026572733564,  0.3855113136005633, 329.6336070621331,  47.78414935366171,360039.22541794315,      0.0,360039.22541794315,   1.0
  0.0776356305299368,   -0.075705071496433, 14.878062691460704, 57.53035800507047, 33.18026572733564,  0.3855113136005633, 328.6336070621331,  48.78414935366171, 359740.4873331806,      0.0, 359740.4873331806,   1.0
 0.07763563052988443, -0.07570507149638017, 14.878062691459817, 57.53035800507003, 33.18026572733805,  0.3855113136005128,328.63360706217185,  47.78414935366255, 359943.0232542557,      0.0, 359943.0232542557,   1.0
-0.29999939999999997, -0.07570507149638017, 14.878062691459817, 57.53035800507003, 33.18026572733805,  0.3855113136005128,328.63360706217185,  47.78414935366255, 308702.4587177648,      0.0, 308702.4587177648,   1.0
 0.07763563052988443,  0.29999939999999997, 14.878062691459817, 57.53035800507003, 33.18026572733805,  0.3855113136005128,328.63360706217185,  47.78414935366255, 241745.5778111627,      0.0, 241745.5778111627,   1.0
 0.07763563052988443, -0.07570507149638017, 15.878062691459817, 57.53035800507003, 33.18026572733805,  0.3855113136005128,328.63360706217185,  47.78414935366255, 360158.1630720862,      0.0, 360158.1630720862,   1.0
 0.07763563052988443, -0.07570507149638017, 14.878062691459817, 58.53035800507003, 33.18026572733805,  0.3855113136005128,328.63360706217185,  47.78414935366255, 360152.5010584964,      0.0, 360152.5010584964,   1.0
 0.07763563052988443, -0.07570507149638017, 14.878062691459817, 57.53035800507003, 34.18026572733805,  0.3855113136005128,328.63360706217185,  47.78414935366255,360171.91622795514,      0.0,360171.91622795514,   1.0
 0.07763563052988443, -0.07570507149638017, 14.878062691459817, 57.53035800507003, 33.18026572733805, 0.02000057999999999,328.63360706217185,  47.78414935366255, 277880.0137987651,      0.0, 277880.0137987651,   1.0
 0.07763563052988443, -0.07570507149638017, 14.878062691459817, 57.53035800507003, 33.18026572733805,  0.3855113136005128,329.63360706217185,  47.78414935366255,360039.22541794315,      0.0,360039.22541794315,   1.0
 0.07763563052988443, -0.07570507149638017, 14.878062691459817, 57.53035800507003, 33.18026572733805,  0.3855113136005128,328.63360706217185,  48.78414935366255, 359740.4873331806,      0.0, 359740.4873331806,   1.0
 0.29999939999999997, -0.29999939999999997,           59.99988,          79.99994,         169.99974,          0.59999942,         499.99955,           5.000115,204273.33402701415,      0.0,204273.33402701415,   1.0
-0.29999939999999997, -0.29999939999999997,           59.99988,          79.99994,         169.99974,          0.59999942,         499.99955,           5.000115,220988.77528569777,      0.0,220988.77528569777,   1.0
 0.29999939999999997,  0.29999939999999997,           59.99988,          79.99994,         169.99974,          0.59999942,         499.99955,           5.000115,204484.87647460177,      0.0,204484.87647460177,   1.0
 0.29999939999999997, -0.29999939999999997,           58.99988,          79.99994,         169.99974,          0.59999942,         499.99955,           5.000115,203991.58861195733,      0.0,203991.58861195733,   1.0
 0.29999939999999997, -0.29999939999999997,           59.99988,          78.99994,         169.99974,          0.59999942,         499.99955,           5.000115,198321.79589184836,      0.0,198321.79589184836,   1.0
 0.29999939999999997, -0.29999939999999997,           59.99988,          79.99994,         168.99974,          0.59999942,         499.99955,           5.000115,203948.55896391434,      0.0,203948.55896391434,   1.0
 0.29999939999999997, -0.29999939999999997,           59.99988,          79.99994,         169.99974,0.020000580000000046,         499.99955,           5.000115,204799.10029797372,      0.0,204799.10029797372,   1.0
 0.29999939999999997, -0.29999939999999997,           59.99988,          79.99994,         169.99974,          0.59999942,         498.99955,           5.000115,204229.99253239034,      0.0,204229.99253239034,   1.0
 0.29999939999999997, -0.29999939999999997,           59.99988,          79.99994,         169.99974,          0.59999942,         499.99955,           6.000115,204715.68560041735,      0.0,204715.68560041735,   1.0
 0.10313156953838408, -0.10142236587894919,  20.05167125545438, 60.10669089174091,48.867807720121725, 0.41010423938082907, 348.2822019735666,   42.8785879260103, 360787.1441149363,      0.0, 360787.1441149363,   1.0
-0.29999939999999997, -0.10142236587894919,  20.05167125545438, 60.10669089174091,48.867807720121725, 0.41010423938082907, 348.2822019735666,   42.8785879260103,246425.70665700117,      0.0,246425.70665700117,   1.0
 0.10313156953838408,  0.29999939999999997,  20.05167125545438, 60.10669089174091,48.867807720121725, 0.41010423938082907, 348.2822019735666,   42.8785879260103,  267243.482181598,      0.0,  267243.482181598,   1.0
 0.10313156953838408, -0.10142236587894919,  21.05167125545438, 60.10669089174091,48.867807720121725, 0.41010423938082907, 348.2822019735666,   42.8785879260103, 360876.7689645039,      0.0, 360876.7689645039,   1.0
 0.10313156953838408, -0.10142236587894919,  20.05167125545438, 61.10669089174091,48.867807720121725, 0.41010423938082907, 348.2822019735666,   42.8785879260103,360736.93205678964,      0.0,360736.93205678964,   1.0
 0.10313156953838408, -0.10142236587894919,  20.05167125545438, 60.10669089174091,49.867807720121725, 0.41010423938082907, 348.2822019735666,   42.8785879260103, 360297.8934998618,      0.0, 360297.8934998618,   1.0
 0.10313156953838408, -0.10142236587894919,  20.05167125545438, 60.10669089174091,48.867807720121725, 0.02000057999999999, 348.2822019735666,   42.8785879260103, 263268.7442018842,      0.0, 263268.7442018842,   1.0
 0.10313156953838408, -0.10142236587894919,  20.05167125545438, 60.10669089174091,48.867807720121725, 0.41010423938082907, 349.2822019735666,   42.8785879260103,360865.16923822084,      0.0,360865.16923822084,   1.0
 0.10313156953838408, -0.10142236587894919,  20.05167125545438, 60.10669089174091,48.867807720121725, 0.41010423938082907, 348.2822019735666,   43.8785879260103, 360681.6799831444,      0.0, 360681.6799831444,   1.0
 0.29999939999999997, -0.24178290278538953,  38.35844279364909, 69.22289253124059, 104.3775941786956,          0.59999942,417.80871541027665, 25.520280609095927,233918.42330203456,      0.0,233918.42330203456,   1.0
-0.29999939999999997, -0.24178290278538953,  38.35844279364909, 69.22289253124059, 104.3775941786956,          0.59999942,417.80871541027665, 25.520280609095927,191208.87846161495,      0.0,191208.87846161495,   1.0
 0.29999939999999997,            0.2999994,  38.35844279364909, 69.22289253124059, 104.3775941786956,          0.59999942,417.80871541027665, 25.520280609095927,248595.37548707193,      0.0,248595.37548707193,   1.0
 0.29999939999999997, -0.24178290278538953,  39.35844279364909, 69.22289253124059, 104.3775941786956,          0.59999942,417.80871541027665, 25.520280609095927, 234865.8902087272,      0.0, 234865.8902087272,   1.0
 0.29999939999999997, -0.24178290278538953,  38.35844279364909, 70.22289253124059, 104.3775941786956,          0.59999942,417.80871541027665, 25.520280609095927,234337.43014962884,      0.0,234337.43014962884,   1.0
 0.29999939999999997, -0.24178290278538953,  38.35844279364909, 69.22289253124059, 105.3775941786956,          0.59999942,417.80871541027665, 25.520280609095927,232098.53324212076,      0.0,232098.53324212076,   1.0
 0.29999939999999997, -0.24178290278538953,  38.35844279364909, 69.22289253124059, 104.3775941786956,0.020000580000000046,417.80871541027665, 25.520280609095927,113806.83408348839,      0.0,113806.83408348839,   1.0
 0.29999939999999997, -0.24178290278538953,  38.35844279364909, 69.22289253124059, 104.3775941786956,          0.59999942,418.80871541027665, 25.520280609095927, 233844.3027857339,      0.0, 233844.3027857339,   1.0
 0.29999939999999997, -0.24178290278538953,  38.35844279364909, 69.22289253124059, 104.3775941786956,          0.59999942,417.80871541027665, 26.520280609095927,235715.19359048762,      0.0,235715.19359048762,   1.0
 0.12648754794053857, -0.11807443981512641,  22.22354748153296, 61.18821755916336, 55.45337007733702,  0.4326329975167569,356.53067884455805, 40.819235466844255,355866.93777492037,      0.0,355866.93777492037,   1.0
-0.29999939999999997, -0.11807443981512641,  22.22354748153296, 61.18821755916336, 55.45337007733702,  0.4326329975167569,356.53067884455805, 40.819235466844255, 216258.9164988887,      0.0, 216258.9164988887,   1.0
 0.12648754794053857,   0.2999993999999999,  22.22354748153296, 61.18821755916336, 55.45337007733702,  0.4326329975167569,356.53067884455805, 40.819235466844255, 273823.4179199331,      0.0, 273823.4179199331,   1.0
 0.12648754794053857, -0.11807443981512641,  23.22354748153296, 61.18821755916336, 55.45337007733702,  0.4326329975167569,356.53067884455805, 40.819235466844255,356137.14419873094,      0.0,356137.14419873094,   1.0
 0.12648754794053857, -0.11807443981512641,  22.22354748153296, 62.18821755916336, 55.45337007733702,  0.4326329975167569,356.53067884455805, 40.819235466844255, 356001.2272513168,      0.0, 356001.2272513168,   1.0
 0.12648754794053857, -0.11807443981512641,  22.22354748153296, 61.18821755916336, 56.45337007733702,  0.4326329975167569,356.53067884455805, 40.819235466844255, 355124.2626724967,      0.0, 355124.2626724967,   1.0
 0.12648754794053857, -0.11807443981512641,  22.22354748153296, 61.18821755916336, 55.45337007733702, 0.02000057999999999,356.53067884455805, 40.819235466844255,261686.32034401188,      0.0,261686.32034401188,   1.0
 0.12648754794053857, -0.11807443981512641,  22.22354748153296, 61.18821755916336, 55.45337007733702,  0.4326329975167569,357.53067884455805, 40.819235466844255, 355976.4103206535,      0.0, 355976.4103206535,   1.0
 0.12648754794053857, -0.11807443981512641,  22.22354748153296, 61.18821755916336, 55.45337007733702,  0.4326329975167569,356.53067884455805, 41.819235466844255, 355904.8220264066,      0.0, 355904.8220264066,   1.0
  0.1065705293074971, -0.10387423543255035, 20.371460683084962, 60.26593605948544, 49.83747311428733,  0.4134213983344607, 349.4967167169602,  42.57536662071732,360199.71047363296,      0.0,360199.71047363296,   1.0
-0.29999939999999997, -0.10387423543255035, 20.371460683084962, 60.26593605948544, 49.83747311428733,  0.4134213983344607, 349.4967167169602,  42.57536662071732,241950.86563963117,      0.0,241950.86563963117,   1.0
  0.1065705293074971,  0.29999939999999997, 20.371460683084962, 60.26593605948544, 49.83747311428733,  0.4134213983344607, 349.4967167169602,  42.57536662071732,   268305.62022681,      0.0,   268305.62022681,   1.0
  0.1065705293074971, -0.10387423543255035, 21.371460683084962, 60.26593605948544, 49.83747311428733,  0.4134213983344607, 349.4967167169602,  42.57536662071732, 360316.0162275031,      0.0, 360316.0162275031,   1.0
  0.1065705293074971, -0.10387423543255035, 20.371460683084962, 61.26593605948544, 49.83747311428733,  0.4134213983344607, 349.4967167169602,  42.57536662071732, 360231.9997576185,      0.0, 360231.9997576185,   1.0
  0.1065705293074971, -0.10387423543255035, 20.371460683084962, 60.26593605948544, 50.83747311428733,  0.4134213983344607, 349.4967167169602,  42.57536662071732,359675.99682033877,      0.0,359675.99682033877,   1.0
  0.1065705293074971, -0.10387423543255035, 20.371460683084962, 60.26593605948544, 49.83747311428733, 0.02000057999999999, 349.4967167169602,  42.57536662071732, 263522.3790234134,      0.0, 263522.3790234134,   1.0
  0.1065705293074971, -0.10387423543255035, 20.371460683084962, 60.26593605948544, 49.83747311428733,  0.4134213983344607, 350.4967167169602,  42.57536662071732,360252.42107592925,      0.0,360252.42107592925,   1.0
  0.1065705293074971, -0.10387423543255035, 20.371460683084962, 60.26593605948544, 49.83747311428733,  0.4134213983344607, 349.4967167169602,  43.57536662071732,360109.45748981636,      0.0,360109.45748981636,   1.0
   0.103661161884393, -0.10179994847257587, 20.100918133748454, 60.13121430220179, 49.01713408780769, 0.41061507466541614,348.46923461000307,  42.83189250262318, 360666.8812949567,      0.0, 360666.8812949567,   1.0
-0.29999939999999997, -0.10179994847257587, 20.100918133748454, 60.13121430220179, 49.01713408780769, 0.41061507466541614,348.46923461000307,  42.83189250262318,245729.38965097588,      0.0,245729.38965097588,   1.0
   0.103661161884393,   0.2999993999999999, 20.100918133748454, 60.13121430220179, 49.01713408780769, 0.41061507466541614,348.46923461000307,  42.83189250262318,267480.49460053066,      0.0,267480.49460053066,   1.0
   0.103661161884393, -0.10179994847257587, 21.100918133748454, 60.13121430220179, 49.01713408780769, 0.41061507466541614,348.46923461000307,  42.83189250262318, 360765.3341164855,      0.0, 360765.3341164855,   1.0
   0.103661161884393, -0.10179994847257587, 20.100918133748454, 61.13121430220179, 49.01713408780769, 0.41061507466541614,348.46923461000307,  42.83189250262318, 360689.2075925427,      0.0, 360689.2075925427,   1.0
   0.103661161884393, -0.10179994847257587, 20.100918133748454, 60.13121430220179, 50.01713408780769, 0.41061507466541614,348.46923461000307,  42.83189250262318,360177.77453620714,      0.0,360177.77453620714,   1.0
   0.103661161884393, -0.10179994847257587, 20.100918133748454, 60.13121430220179, 49.01713408780769, 0.02000057999999999,348.46923461000307,  42.83189250262318,263496.32398998574,      0.0,263496.32398998574,   1.0
   0.103661161884393, -0.10179994847257587, 20.100918133748454, 60.13121430220179, 49.01713408780769, 0.41061507466541614,349.46923461000307,  42.83189250262318,  360754.470875232,      0.0,  360754.470875232,   1.0
   0.103661161884393, -0.10179994847257587, 20.100918133748454, 60.13121430220179, 49.01713408780769, 0.41061507466541614,348.46923461000307,  43.83189250262318, 360562.5954432816,      0.0, 360562.5954432816,   1.0
 0.10320569896312312, -0.10147521781434433,  20.05856456270409,60.110123543900265, 48.88870960402989, 0.41017574329524215, 348.3083817736543,  42.87205175738981, 360778.3962083161,      0.0, 360778.3962083161,   1.0
 -0.2999993999999999, -0.10147521781434433,  20.05856456270409,60.110123543900265, 48.88870960402989, 0.41017574329524215, 348.3083817736543,  42.87205175738981, 246343.2244528678,      0.0, 246343.2244528678,   1.0
 0.10320569896312312,  0.29999939999999997,  20.05856456270409,60.110123543900265, 48.88870960402989, 0.41017574329524215, 348.3083817736543,  42.87205175738981, 267251.5060057258,      0.0, 267251.5060057258,   1.0
 0.10320569896312312, -0.10147521781434433,  21.05856456270409,60.110123543900265, 48.88870960402989, 0.41017574329524215, 348.3083817736543,  42.87205175738981,  360868.336295596,      0.0,  360868.336295596,   1.0
 0.10320569896312312, -0.10147521781434433,  20.05856456270409,61.110123543900265, 48.88870960402989, 0.41017574329524215, 348.3083817736543,  42.87205175738981, 360722.5543610722,      0.0, 360722.5543610722,   1.0
 0.10320569896312312, -0.10147521781434433,  20.05856456270409,60.110123543900265, 49.88870960402989, 0.41017574329524215, 348.3083817736543,  42.87205175738981,  360274.937402403,      0.0,  360274.937402403,   1.0
 0.10320569896312312, -0.10147521781434433,  20.05856456270409,60.110123543900265, 48.88870960402989, 0.02000057999999999, 348.3083817736543,  42.87205175738981, 263277.5775956616,      0.0, 263277.5775956616,   1.0
 0.10320569896312312, -0.10147521781434433,  20.05856456270409,60.110123543900265, 48.88870960402989, 0.41017574329524215, 349.3083817736543,  42.87205175738981, 360857.6323794326,      0.0, 360857.6323794326,   1.0
 0.10320569896312312, -0.10147521781434433,  20.05856456270409,60.110123543900265, 48.88870960402989, 0.41017574329524215, 348.3083817736543,  43.87205175738981, 360668.7953579899,      0.0, 360668.7953579899,   1.0
 0.10314397215637809, -0.10143120855332928,   20.0528245769166, 60.10726520988231,  48.8713048210689,  0.4101162027238425, 348.2865821243743, 42.877494357527475, 360788.2985191038,      0.0, 360788.2985191038,   1.0
-0.29999939999999997, -0.10143120855332928,   20.0528245769166, 60.10726520988231,  48.8713048210689,  0.4101162027238425, 348.2865821243743, 42.877494357527475,246397.05476606032,      0.0,246397.05476606032,   1.0
 0.10314397215637809,  0.29999939999999997,   20.0528245769166, 60.10726520988231,  48.8713048210689,  0.4101162027238425, 348.2865821243743, 42.877494357527475, 267245.0322579586,      0.0, 267245.0322579586,   1.0
 0.10314397215637809, -0.10143120855332928,   21.0528245769166, 60.10726520988231,  48.8713048210689,  0.4101162027238425, 348.2865821243743, 42.877494357527475,360880.65114346583,      0.0,360880.65114346583,   1.0
 0.10314397215637809, -0.10143120855332928,   20.0528245769166, 61.10726520988231,  48.8713048210689,  0.4101162027238425, 348.2865821243743, 42.877494357527475,360736.74007004825,      0.0,360736.74007004825,   1.0
 0.10314397215637809, -0.10143120855332928,   20.0528245769166, 60.10726520988231,  49.8713048210689,  0.4101162027238425, 348.2865821243743, 42.877494357527475, 360294.5647340587,      0.0, 360294.5647340587,   1.0
 0.10314397215637809, -0.10143120855332928,   20.0528245769166, 60.10726520988231,  48.8713048210689, 0.02000057999999999, 348.2865821243743, 42.877494357527475,263259.06713235663,      0.0,263259.06713235663,   1.0
 0.10314397215637809, -0.10143120855332928,   20.0528245769166, 60.10726520988231,  48.8713048210689,  0.4101162027238425, 349.2865821243743, 42.877494357527475,360866.41910576867,      0.0,360866.41910576867,   1.0
 0.10314397215637809, -0.10143120855332928,   20.0528245769166, 60.10726520988231,  48.8713048210689,  0.4101162027238425, 348.2865821243743, 43.877494357527475, 360681.6383356238,      0.0, 360681.6383356238,   1.0
 0.10318471184882981, -0.10146025466559921, 20.056612967536342, 60.10915171033416, 48.88279197782315,  0.4101554995009663, 348.3009698928991,  42.87390224143662, 360778.3899265104,      0.0, 360778.3899265104,   1.0
-0.29999939999999997, -0.10146025466559921, 20.056612967536342, 60.10915171033416, 48.88279197782315,  0.4101554995009663, 348.3009698928991,  42.87390224143662,246350.72554246135,      0.0,246350.72554246135,   1.0
 0.10318471184882981,  0.29999939999999997, 20.056612967536342, 60.10915171033416, 48.88279197782315,  0.4101554995009663, 348.3009698928991,  42.87390224143662, 267248.8709604449,      0.0, 267248.8709604449,   1.0
 0.10318471184882981, -0.10146025466559921, 21.056612967536342, 60.10915171033416, 48.88279197782315,  0.4101554995009663, 348.3009698928991,  42.87390224143662,360866.69164196734,      0.0,360866.69164196734,   1.0
 0.10318471184882981, -0.10146025466559921, 20.056612967536342, 61.10915171033416, 48.88279197782315,  0.4101554995009663, 348.3009698928991,  42.87390224143662,360728.39153487707,      0.0,360728.39153487707,   1.0
 0.10318471184882981, -0.10146025466559921, 20.056612967536342, 60.10915171033416, 49.88279197782315,  0.4101554995009663, 348.3009698928991,  42.87390224143662, 360292.5652356306,      0.0, 360292.5652356306,   1.0
 0.10318471184882981, -0.10146025466559921, 20.056612967536342, 60.10915171033416, 48.88279197782315, 0.02000057999999999, 348.3009698928991,  42.87390224143662,263288.01567249896,      0.0,263288.01567249896,   1.0
 0.10318471184882981, -0.10146025466559921, 20.056612967536342, 60.10915171033416, 48.88279197782315,  0.4101554995009663, 349.3009698928991,  42.87390224143662, 360856.7455953585,      0.0, 360856.7455953585,   1.0
 0.10318471184882981, -0.10146025466559921, 20.056612967536342, 60.10915171033416, 48.88279197782315,  0.4101554995009663, 348.3009698928991,  43.87390224143662,360670.03387245286,      0.0,360670.03387245286,   1.0
 0.10314955276979686, -0.10143518735420237,  20.05334351906505,60.107523626897816, 48.87287835727569, 0.41012158568351975,  348.288552992814,  42.87700230149926,360789.26940285775,      0.0,360789.26940285775,   1.0
-0.29999939999999997, -0.10143518735420237,  20.05334351906505,60.107523626897816, 48.87287835727569, 0.41012158568351975,  348.288552992814,  42.87700230149926,246391.20556312913,      0.0,246391.20556312913,   1.0
 0.10314955276979686,  0.29999939999999997,  20.05334351906505,60.107523626897816, 48.87287835727569, 0.41012158568351975,  348.288552992814,  42.87700230149926, 267245.4802166348,      0.0, 267245.4802166348,   1.0
 0.10314955276979686, -0.10143518735420237,  21.05334351906505,60.107523626897816, 48.87287835727569, 0.41012158568351975,  348.288552992814,  42.87700230149926,360881.31183364766,      0.0,360881.31183364766,   1.0
 0.10314955276979686, -0.10143518735420237,  20.05334351906505,61.107523626897816, 48.87287835727569, 0.41012158568351975,  348.288552992814,  42.87700230149926, 360736.9049299309,      0.0, 360736.9049299309,   1.0
 0.10314955276979686, -0.10143518735420237,  20.05334351906505,60.107523626897816, 49.87287835727569, 0.41012158568351975,  348.288552992814,  42.87700230149926,360294.99440413195,      0.0,360294.99440413195,   1.0
 0.10314955276979686, -0.10143518735420237,  20.05334351906505,60.107523626897816, 48.87287835727569, 0.02000057999999999,  348.288552992814,  42.87700230149926,263263.59288907406,      0.0,263263.59288907406,   1.0
 0.10314955276979686, -0.10143518735420237,  20.05334351906505,60.107523626897816, 48.87287835727569, 0.41012158568351975,  349.288552992814,  42.87700230149926, 360867.3959484133,      0.0, 360867.3959484133,   1.0
 0.10314955276979686, -0.10143518735420237,  20.05334351906505,60.107523626897816, 48.87287835727569, 0.41012158568351975,  348.288552992814,  43.87700230149926, 360682.3141473386,      0.0, 360682.3141473386,   1.0
 0.10317275776195861, -0.10145173177972429,   20.0555013550561,  60.1085981619658, 48.87942134683701, 0.41014396880303444,348.29674814687013,  42.87495626185792,360777.83268692717,      0.0,360777.83268692717,   1.0
-0.29999939999999997, -0.10145173177972429,   20.0555013550561,  60.1085981619658, 48.87942134683701, 0.41014396880303444,348.29674814687013,  42.87495626185792, 246388.3774049464,      0.0, 246388.3774049464,   1.0
 0.10317275776195861,  0.29999939999999997,   20.0555013550561,  60.1085981619658, 48.87942134683701, 0.41014396880303444,348.29674814687013,  42.87495626185792,267248.92751580256,      0.0,267248.92751580256,   1.0
 0.10317275776195861, -0.10145173177972429,   21.0555013550561,  60.1085981619658, 48.87942134683701, 0.41014396880303444,348.29674814687013,  42.87495626185792, 360867.4769118386,      0.0, 360867.4769118386,   1.0
 0.10317275776195861, -0.10145173177972429,   20.0555013550561,  61.1085981619658, 48.87942134683701, 0.41014396880303444,348.29674814687013,  42.87495626185792, 360736.9118775633,      0.0, 360736.9118775633,   1.0
 0.10317275776195861, -0.10145173177972429,   20.0555013550561,  60.1085981619658, 49.87942134683701, 0.41014396880303444,348.29674814687013,  42.87495626185792, 360291.7791966271,      0.0, 360291.7791966271,   1.0
 0.10317275776195861, -0.10145173177972429,   20.0555013550561,  60.1085981619658, 48.87942134683701, 0.02000057999999999,348.29674814687013,  42.87495626185792,263290.94934352266,      0.0,263290.94934352266,   1.0
 0.10317275776195861, -0.10145173177972429,   20.0555013550561,  60.1085981619658, 48.87942134683701, 0.41014396880303444,349.29674814687013,  42.87495626185792,360856.43180072843,      0.0,360856.43180072843,   1.0
 0.10317275776195861, -0.10145173177972429,   20.0555013550561,  60.1085981619658, 48.87942134683701, 0.41014396880303444,348.29674814687013,  43.87495626185792,360670.62585782266,      0.0,360670.62585782266,   1.0
 0.10315190453829044, -0.10143686409076041,  20.05356221039934,  60.1076325283661,48.873541473065465,  0.4101238541572557, 348.2893835513841,  42.87679494044818,360788.90459159133,      0.0,360788.90459159133,   1.0
-0.29999939999999997, -0.10143686409076041,  20.05356221039934,  60.1076325283661,48.873541473065465,  0.4101238541572557, 348.2893835513841,  42.87679494044818,246392.26646296566,      0.0,246392.26646296566,   1.0
 0.10315190453829044,  0.29999939999999997,  20.05356221039934,  60.1076325283661,48.873541473065465,  0.4101238541572557, 348.2893835513841,  42.87679494044818,267243.51583568804,      0.0,267243.51583568804,   1.0
 0.10315190453829044, -0.10143686409076041,  21.05356221039934,  60.1076325283661,48.873541473065465,  0.4101238541572557, 348.2893835513841,  42.87679494044818, 360880.8413847841,      0.0, 360880.8413847841,   1.0
 0.10315190453829044, -0.10143686409076041,  20.05356221039934,  61.1076325283661,48.873541473065465,  0.4101238541572557, 348.2893835513841,  42.87679494044818, 360736.8922132489,      0.0, 360736.8922132489,   1.0
 0.10315190453829044, -0.10143686409076041,  20.05356221039934,  60.1076325283661,49.873541473065465,  0.4101238541572557, 348.2893835513841,  42.87679494044818,360295.21824814804,      0.0,360295.21824814804,   1.0
 0.10315190453829044, -0.10143686409076041,  20.05356221039934,  60.1076325283661,48.873541473065465, 0.02000057999999999, 348.2893835513841,  42.87679494044818, 263261.6372264846,      0.0, 263261.6372264846,   1.0
 0.10315190453829044, -0.10143686409076041,  20.05356221039934,  60.1076325283661,48.873541473065465,  0.4101238541572557, 349.2893835513841,  42.87679494044818,360867.05124423595,      0.0,360867.05124423595,   1.0
 0.10315190453829044, -0.10143686409076041,  20.05356221039934,  60.1076325283661,48.873541473065465,  0.4101238541572557, 348.2893835513841,  43.87679494044818, 360682.1008061635,      0.0, 360682.1008061635,   1.0
 0.10314992142409078, -0.10143545019305474, 20.053377800287734, 60.10754069787823,  48.8729823047875, 0.41012194128084395, 348.2886831880199, 42.876969796368726,360789.26940285775,      0.0,360789.26940285775,   1.0
-0.29999939999999997, -0.10143545019305474, 20.053377800287734, 60.10754069787823,  48.8729823047875, 0.41012194128084395, 348.2886831880199, 42.876969796368726,246391.20556312913,      0.0,246391.20556312913,   1.0
 0.10314992142409078,  0.29999939999999997, 20.053377800287734, 60.10754069787823,  48.8729823047875, 0.41012194128084395, 348.2886831880199, 42.876969796368726, 267243.0479830577,      0.0, 267243.0479830577,   1.0
 0.10314992142409078, -0.10143545019305474, 21.053377800287734, 60.10754069787823,  48.8729823047875, 0.41012194128084395, 348.2886831880199, 42.876969796368726,360881.30457390903,      0.0,360881.30457390903,   1.0
 0.10314992142409078, -0.10143545019305474, 20.053377800287734, 61.10754069787823,  48.8729823047875, 0.41012194128084395, 348.2886831880199, 42.876969796368726, 360736.8984739548,      0.0, 360736.8984739548,   1.0
 0.10314992142409078, -0.10143545019305474, 20.053377800287734, 60.10754069787823,  49.8729823047875, 0.41012194128084395, 348.2886831880199, 42.876969796368726,360294.99440413195,      0.0,360294.99440413195,   1.0
 0.10314992142409078, -0.10143545019305474, 20.053377800287734, 60.10754069787823,  48.8729823047875, 0.02000057999999999, 348.2886831880199, 42.876969796368726,263263.57463349425,      0.0,263263.57463349425,   1.0
 0.10314992142409078, -0.10143545019305474, 20.053377800287734, 60.10754069787823,  48.8729823047875, 0.41012194128084395, 349.2886831880199, 42.876969796368726, 360867.3959484133,      0.0, 360867.3959484133,   1.0
 0.10314992142409078, -0.10143545019305474, 20.053377800287734, 60.10754069787823,  48.8729823047875, 0.41012194128084395, 348.2886831880199, 43.876969796368726, 360682.3130747853,      0.0, 360682.3130747853,   1.0
 0.29999939999999997, -0.29999939999999997, 21.649622083412613, 60.90107162796834,53.706036043380394,          0.59999942, 354.3450385709367,   41.3637761006084, 328801.2668076557,      0.0, 328801.2668076557,   1.0
-0.29999939999999997, -0.29999939999999997, 21.649622083412613, 60.90107162796834,53.706036043380394,          0.59999942, 354.3450385709367,   41.3637761006084,202319.64117395863,      0.0,202319.64117395863,   1.0
 0.29999939999999997,  0.29999939999999997, 21.649622083412613, 60.90107162796834,53.706036043380394,          0.59999942, 354.3450385709367,   41.3637761006084, 227767.0030501339,      0.0, 227767.0030501339,   1.0
 0.29999939999999997, -0.29999939999999997, 22.649622083412613, 60.90107162796834,53.706036043380394,          0.59999942, 354.3450385709367,   41.3637761006084, 329094.8651251182,      0.0, 329094.8651251182,   1.0
 0.29999939999999997, -0.29999939999999997, 21.649622083412613, 61.90107162796834,53.706036043380394,          0.59999942, 354.3450385709367,   41.3637761006084,328635.86247257056,      0.0,328635.86247257056,   1.0
 0.29999939999999997, -0.29999939999999997, 21.649622083412613, 60.90107162796834,54.706036043380394,          0.59999942, 354.3450385709367,   41.3637761006084,328020.50121200184,      0.0,328020.50121200184,   1.0
 0.29999939999999997, -0.29999939999999997, 21.649622083412613, 60.90107162796834,53.706036043380394,0.020000580000000046, 354.3450385709367,   41.3637761006084,  330692.376628971,      0.0,  330692.376628971,   1.0
 0.29999939999999997, -0.29999939999999997, 21.649622083412613, 60.90107162796834,53.706036043380394,          0.59999942, 355.3450385709367,   41.3637761006084, 329001.8825742158,      0.0, 329001.8825742158,   1.0
 0.29999939999999997, -0.29999939999999997, 21.649622083412613, 60.90107162796834,53.706036043380394,          0.59999942, 354.3450385709367,   42.3637761006084, 329679.1037187433,      0.0, 329679.1037187433,   1.0
 0.14146019058124262, -0.14007938472132342, 20.364034188963394,60.261975364082105,49.813577072505275,  0.4470753402394657, 349.4673533400032,  42.58247646983889,356092.90639839246,      0.0,356092.90639839246,   1.0
          -0.2999994, -0.14007938472132342, 20.364034188963394,60.261975364082105,49.813577072505275,  0.4470753402394657, 349.4673533400032,  42.58247646983889,233642.10500197543,      0.0,233642.10500197543,   1.0
 0.14146019058124262,  0.29999939999999997, 20.364034188963394,60.261975364082105,49.813577072505275,  0.4470753402394657, 349.4673533400032,  42.58247646983889,258307.06809489694,      0.0,258307.06809489694,   1.0
 0.14146019058124262, -0.14007938472132342, 21.364034188963394,60.261975364082105,49.813577072505275,  0.4470753402394657, 349.4673533400032,  42.58247646983889,  356316.020516609,      0.0,  356316.020516609,   1.0
 0.14146019058124262, -0.14007938472132342, 20.364034188963394,61.261975364082105,49.813577072505275,  0.4470753402394657, 349.4673533400032,  42.58247646983889,  356356.155411542,      0.0,  356356.155411542,   1.0
 0.14146019058124262, -0.14007938472132342, 20.364034188963394,60.261975364082105,50.813577072505275,  0.4470753402394657, 349.4673533400032,  42.58247646983889, 355715.4961934295,      0.0, 355715.4961934295,   1.0
 0.14146019058124262, -0.14007938472132342, 20.364034188963394,60.261975364082105,49.813577072505275, 0.02000057999999999, 349.4673533400032,  42.58247646983889, 280399.7895696289,      0.0, 280399.7895696289,   1.0
 0.14146019058124262, -0.14007938472132342, 20.364034188963394,60.261975364082105,49.813577072505275,  0.4470753402394657, 350.4673533400032,  42.58247646983889, 356214.6065279535,      0.0, 356214.6065279535,   1.0
 0.14146019058124262, -0.14007938472132342, 20.364034188963394,60.261975364082105,49.813577072505275,  0.4470753402394657, 349.4673533400032,  43.58247646983889,356162.93315226457,      0.0,356162.93315226457,   1.0
 0.11003462409585024, -0.10838011555686886, 20.109205569608307,60.135294007432506,   49.042015711569,  0.4167628020771331, 348.5005008996417,  42.82404667584304, 360050.5551795044,      0.0, 360050.5551795044,   1.0
-0.29999939999999997, -0.10838011555686886, 20.109205569608307,60.135294007432506,   49.042015711569,  0.4167628020771331, 348.5005008996417,  42.82404667584304,244108.36234585172,      0.0,244108.36234585172,   1.0
 0.11003462409585024,   0.2999993999999999, 20.109205569608307,60.135294007432506,   49.042015711569,  0.4167628020771331, 348.5005008996417,  42.82404667584304, 265319.7269944364,      0.0, 265319.7269944364,   1.0
 0.11003462409585024, -0.10838011555686886, 21.109205569608307,60.135294007432506,   49.042015711569,  0.4167628020771331, 348.5005008996417,  42.82404667584304,360204.35186497035,      0.0,360204.35186497035,   1.0
 0.11003462409585024, -0.10838011555686886, 20.109205569608307,61.135294007432506,   49.042015711569,  0.4167628020771331, 348.5005008996417,  42.82404667584304, 360229.5579002592,      0.0, 360229.5579002592,   1.0
 0.11003462409585024, -0.10838011555686886, 20.109205569608307,60.135294007432506,   50.042015711569,  0.4167628020771331, 348.5005008996417,  42.82404667584304, 359738.4262936135,      0.0, 359738.4262936135,   1.0
 0.11003462409585024, -0.10838011555686886, 20.109205569608307,60.135294007432506,   49.042015711569, 0.02000057999999999, 348.5005008996417,  42.82404667584304, 265125.5446606867,      0.0, 265125.5446606867,   1.0
 0.11003462409585024, -0.10838011555686886, 20.109205569608307,60.135294007432506,   49.042015711569,  0.4167628020771331, 349.5005008996417,  42.82404667584304, 360126.0154236442,      0.0, 360126.0154236442,   1.0
 0.11003462409585024, -0.10838011555686886, 20.109205569608307,60.135294007432506,   49.042015711569,  0.4167628020771331, 348.5005008996417,  43.82404667584304,359963.07221917284,      0.0,359963.07221917284,   1.0
 0.10437402116722913, -0.10267021129942712, 20.063303974495028, 60.11247523473717,  48.9030364348913,   0.411302685952404,348.32634436508886, 42.867560068551825,  360526.426345676,      0.0,  360526.426345676,   1.0
 -0.2999993999999999, -0.10267021129942712, 20.063303974495028, 60.11247523473717,  48.9030364348913,   0.411302685952404,348.32634436508886, 42.867560068551825,246030.33338052095,      0.0,246030.33338052095,   1.0
 0.10437402116722913,  0.29999939999999997, 20.063303974495028, 60.11247523473717,  48.9030364348913,   0.411302685952404,348.32634436508886, 42.867560068551825, 266836.0449055222,      0.0, 266836.0449055222,   1.0
 0.10437402116722913, -0.10267021129942712, 21.063303974495028, 60.11247523473717,  48.9030364348913,   0.411302685952404,348.32634436508886, 42.867560068551825, 360639.8304534426,      0.0, 360639.8304534426,   1.0
 0.10437402116722913, -0.10267021129942712, 20.063303974495028, 61.11247523473717,  48.9030364348913,   0.411302685952404,348.32634436508886, 42.867560068551825, 360705.3996773658,      0.0, 360705.3996773658,   1.0
 0.10437402116722913, -0.10267021129942712, 20.063303974495028, 60.11247523473717,  49.9030364348913,   0.411302685952404,348.32634436508886, 42.867560068551825, 360115.8254815917,      0.0, 360115.8254815917,   1.0
 0.10437402116722913, -0.10267021129942712, 20.063303974495028, 60.11247523473717,  48.9030364348913, 0.02000057999999999,348.32634436508886, 42.867560068551825, 264080.4796540579,      0.0, 264080.4796540579,   1.0
 0.10437402116722913, -0.10267021129942712, 20.063303974495028, 60.11247523473717,  48.9030364348913,   0.411302685952404,349.32634436508886, 42.867560068551825,360605.32214501675,      0.0,360605.32214501675,   1.0
 0.10437402116722913, -0.10267021129942712, 20.063303974495028, 60.11247523473717,  48.9030364348913,   0.411302685952404,348.32634436508886, 43.867560068551825, 360432.8037156086,      0.0, 360432.8037156086,   1.0
  0.1033373722187152, -0.10162453360056155,  20.05489783103128, 60.10829634124838, 48.87758460178272,  0.4103027529574848, 348.2944503794662, 42.875528850917696,360696.77010401234,      0.0,360696.77010401234,   1.0
-0.29999939999999997, -0.10162453360056155,  20.05489783103128, 60.10829634124838, 48.87758460178272,  0.4103027529574848, 348.2944503794662, 42.875528850917696,246346.56321644178,      0.0,246346.56321644178,   1.0
  0.1033373722187152,  0.29999939999999997,  20.05489783103128, 60.10829634124838, 48.87758460178272,  0.4103027529574848, 348.2944503794662, 42.875528850917696, 267197.3602770533,      0.0, 267197.3602770533,   1.0
  0.1033373722187152, -0.10162453360056155,  21.05489783103128, 60.10829634124838, 48.87758460178272,  0.4103027529574848, 348.2944503794662, 42.875528850917696, 360786.3881186309,      0.0, 360786.3881186309,   1.0
  0.1033373722187152, -0.10162453360056155,  20.05489783103128, 61.10829634124838, 48.87758460178272,  0.4103027529574848, 348.2944503794662, 42.875528850917696, 360718.8186570543,      0.0, 360718.8186570543,   1.0
  0.1033373722187152, -0.10162453360056155,  20.05489783103128, 60.10829634124838, 49.87758460178272,  0.4103027529574848, 348.2944503794662, 42.875528850917696, 360261.4161632624,      0.0, 360261.4161632624,   1.0
  0.1033373722187152, -0.10162453360056155,  20.05489783103128, 60.10829634124838, 48.87758460178272, 0.02000057999999999, 348.2944503794662, 42.875528850917696, 263398.9545837592,      0.0, 263398.9545837592,   1.0
  0.1033373722187152, -0.10162453360056155,  20.05489783103128, 60.10829634124838, 48.87758460178272,  0.4103027529574848, 349.2944503794662, 42.875528850917696,360776.92067115946,      0.0,360776.92067115946,   1.0
  0.1033373722187152, -0.10162453360056155,  20.05489783103128, 60.10829634124838, 48.87758460178272,  0.4103027529574848, 348.2944503794662, 43.875528850917696,360600.83164199395,      0.0,360600.83164199395,   1.0
 0.10317119183088155, -0.10145690585560935, 20.053550281136985, 60.10762644220331,  48.8735045363921, 0.41014245833398516, 348.2893376024669, 42.876806289481664,360784.97397589835,      0.0,360784.97397589835,   1.0
          -0.2999994, -0.10145690585560935, 20.053550281136985, 60.10762644220331,  48.8735045363921, 0.41014245833398516, 348.2893376024669, 42.876806289481664,246392.06794894335,      0.0,246392.06794894335,   1.0
 0.10317119183088155,  0.29999939999999997, 20.053550281136985, 60.10762644220331,  48.8735045363921, 0.41014245833398516, 348.2893376024669, 42.876806289481664, 267242.6900595097,      0.0, 267242.6900595097,   1.0
 0.10317119183088155, -0.10145690585560935, 21.053550281136985, 60.10762644220331,  48.8735045363921, 0.41014245833398516, 348.2893376024669, 42.876806289481664, 360873.2710406376,      0.0, 360873.2710406376,   1.0
 0.10317119183088155, -0.10145690585560935, 20.053550281136985, 61.10762644220331,  48.8735045363921, 0.41014245833398516, 348.2893376024669, 42.876806289481664, 360732.0269975439,      0.0, 360732.0269975439,   1.0
 0.10317119183088155, -0.10145690585560935, 20.053550281136985, 60.10762644220331,  49.8735045363921, 0.41014245833398516, 348.2893376024669, 42.876806289481664,360298.65471182024,      0.0,360298.65471182024,   1.0
 0.10317119183088155, -0.10145690585560935, 20.053550281136985, 60.10762644220331,  48.8735045363921, 0.02000057999999999, 348.2893376024669, 42.876806289481664, 263260.7611042624,      0.0, 263260.7611042624,   1.0
 0.10317119183088155, -0.10145690585560935, 20.053550281136985, 60.10762644220331,  48.8735045363921, 0.41014245833398516, 349.2893376024669, 42.876806289481664, 360864.3087421163,      0.0, 360864.3087421163,   1.0
 0.10317119183088155, -0.10145690585560935, 20.053550281136985, 60.10762644220331,  48.8735045363921, 0.41014245833398516, 348.2893376024669, 43.876806289481664,360677.66651318956,      0.0,360677.66651318956,   1.0
 0.10315323031330491, -0.10143878790121928, 20.053404631933567, 60.10755403652639,48.873063544725255,  0.4101251329760716, 348.2887849907229,  42.87694436073976,360788.87647653336,      0.0,360788.87647653336,   1.0
-0.29999939999999997, -0.10143878790121928, 20.053404631933567, 60.10755403652639,48.873063544725255,  0.4101251329760716, 348.2887849907229,  42.87694436073976,246391.32759022358,      0.0,246391.32759022358,   1.0
 0.10315323031330491,  0.29999939999999997, 20.053404631933567, 60.10755403652639,48.873063544725255,  0.4101251329760716, 348.2887849907229,  42.87694436073976, 267242.0110405874,      0.0, 267242.0110405874,   1.0
 0.10315323031330491, -0.10143878790121928, 21.053404631933567, 60.10755403652639,48.873063544725255,  0.4101251329760716, 348.2887849907229,  42.87694436073976,360880.83887432306,      0.0,360880.83887432306,   1.0
 0.10315323031330491, -0.10143878790121928, 20.053404631933567, 61.10755403652639,48.873063544725255,  0.4101251329760716, 348.2887849907229,  42.87694436073976,360737.44912658987,      0.0,360737.44912658987,   1.0
 0.10315323031330491, -0.10143878790121928, 20.053404631933567, 60.10755403652639,49.873063544725255,  0.4101251329760716, 348.2887849907229,  42.87694436073976, 360295.4093145361,      0.0, 360295.4093145361,   1.0
 0.10315323031330491, -0.10143878790121928, 20.053404631933567, 60.10755403652639,48.873063544725255, 0.02000057999999999, 348.2887849907229,  42.87694436073976, 263265.1546541493,      0.0, 263265.1546541493,   1.0
 0.10315323031330491, -0.10143878790121928, 20.053404631933567, 60.10755403652639,48.873063544725255,  0.4101251329760716, 349.2887849907229,  42.87694436073976,360866.74789221777,      0.0,360866.74789221777,   1.0
 0.10315323031330491, -0.10143878790121928, 20.053404631933567, 60.10755403652639,48.873063544725255,  0.4101251329760716, 348.2887849907229,  43.87694436073976, 360681.9604993547,      0.0, 360681.9604993547,   1.0
 0.10315049819776206, -0.10143603199016765, 20.053382477321588,  60.1075430229428,48.872996465750326, 0.41012249762638925, 348.2887009332857,  42.87696536267507, 360788.9540393888,      0.0, 360788.9540393888,   1.0
-0.29999939999999997, -0.10143603199016765, 20.053382477321588,  60.1075430229428,48.872996465750326, 0.41012249762638925, 348.2887009332857,  42.87696536267507,246391.33115708522,      0.0,246391.33115708522,   1.0
 0.10315049819776206,  0.29999939999999997, 20.053382477321588,  60.1075430229428,48.872996465750326, 0.41012249762638925, 348.2887009332857,  42.87696536267507, 267243.0479830577,      0.0, 267243.0479830577,   1.0
 0.10315049819776206, -0.10143603199016765, 21.053382477321588,  60.1075430229428,48.872996465750326, 0.41012249762638925, 348.2887009332857,  42.87696536267507, 360880.8683269839,      0.0, 360880.8683269839,   1.0
 0.10315049819776206, -0.10143603199016765, 20.053382477321588,  61.1075430229428,48.872996465750326, 0.41012249762638925, 348.2887009332857,  42.87696536267507,360736.90365386504,      0.0,360736.90365386504,   1.0
 0.10315049819776206, -0.10143603199016765, 20.053382477321588,  60.1075430229428,49.872996465750326, 0.41012249762638925, 348.2887009332857,  42.87696536267507,360295.01112080365,      0.0,360295.01112080365,   1.0
 0.10315049819776206, -0.10143603199016765, 20.053382477321588,  60.1075430229428,48.872996465750326, 0.02000057999999999, 348.2887009332857,  42.87696536267507,263266.03623545397,      0.0,263266.03623545397,   1.0
 0.10315049819776206, -0.10143603199016765, 20.053382477321588,  60.1075430229428,48.872996465750326, 0.41012249762638925, 349.2887009332857,  42.87696536267507,  360867.053598389,      0.0,  360867.053598389,   1.0
 0.10315049819776206, -0.10143603199016765, 20.053382477321588,  60.1075430229428,48.872996465750326, 0.41012249762638925, 348.2887009332857,  43.87696536267507, 360682.0161731069,      0.0, 360682.0161731069,   1.0
 0.10314998382072166, -0.10143551313313245, 20.053378306259432, 60.10754094940877,48.872983836751274,  0.4101220014675157,348.28868510774134, 42.876969316722096,360789.26940285775,      0.0,360789.26940285775,   1.0
-0.29999939999999997, -0.10143551313313245, 20.053378306259432, 60.10754094940877,48.872983836751274,  0.4101220014675157,348.28868510774134, 42.876969316722096,246391.20556312913,      0.0,246391.20556312913,   1.0
 0.10314998382072166,   0.2999993999999999, 20.053378306259432, 60.10754094940877,48.872983836751274,  0.4101220014675157,348.28868510774134, 42.876969316722096, 267243.0479830577,      0.0, 267243.0479830577,   1.0
 0.10314998382072166, -0.10143551313313245, 21.053378306259432, 60.10754094940877,48.872983836751274,  0.4101220014675157,348.28868510774134, 42.876969316722096,360881.30457390903,      0.0,360881.30457390903,   1.0
 0.10314998382072166, -0.10143551313313245, 20.053378306259432, 61.10754094940877,48.872983836751274,  0.4101220014675157,348.28868510774134, 42.876969316722096, 360736.8984739548,      0.0, 360736.8984739548,   1.0
 0.10314998382072166, -0.10143551313313245, 20.053378306259432, 60.10754094940877,49.872983836751274,  0.4101220014675157,348.28868510774134, 42.876969316722096,360294.99440413195,      0.0,360294.99440413195,   1.0
 0.10314998382072166, -0.10143551313313245, 20.053378306259432, 60.10754094940877,48.872983836751274, 0.02000057999999999,348.28868510774134, 42.876969316722096,263263.57463349425,      0.0,263263.57463349425,   1.0
 0.10314998382072166, -0.10143551313313245, 20.053378306259432, 60.10754094940877,48.872983836751274,  0.4101220014675157,349.28868510774134, 42.876969316722096, 360867.3959484133,      0.0, 360867.3959484133,   1.0
 0.10314998382072166, -0.10143551313313245, 20.053378306259432, 60.10754094940877,48.872983836751274,  0.4101220014675157,348.28868510774134, 43.876969316722096, 360682.3130747853,      0.0, 360682.3130747853,   1.0
 0.10314993459204785, -0.10143546347569884, 20.053377907066153, 60.10754075096032, 48.87298262808754, 0.41012195398241935, 348.2886835931509,  42.87696969514585,360789.26940285775,      0.0,360789.26940285775,   1.0
-0.29999939999999997, -0.10143546347569884, 20.053377907066153, 60.10754075096032, 48.87298262808754, 0.41012195398241935, 348.2886835931509,  42.87696969514585,246391.20556312913,      0.0,246391.20556312913,   1.0
 0.10314993459204785,   0.2999993999999999, 20.053377907066153, 60.10754075096032, 48.87298262808754, 0.41012195398241935, 348.2886835931509,  42.87696969514585, 267243.0479830577,      0.0, 267243.0479830577,   1.0
 0.10314993459204785, -0.10143546347569884, 21.053377907066153, 60.10754075096032, 48.87298262808754, 0.41012195398241935, 348.2886835931509,  42.87696969514585,360881.30457390903,      0.0,360881.30457390903,   1.0
 0.10314993459204785, -0.10143546347569884, 20.053377907066153, 61.10754075096032, 48.87298262808754, 0.41012195398241935, 348.2886835931509,  42.87696969514585, 360736.8984739548,      0.0, 360736.8984739548,   1.0
 0.10314993459204785, -0.10143546347569884, 20.053377907066153, 60.10754075096032, 49.87298262808754, 0.41012195398241935, 348.2886835931509,  42.87696969514585,360294.99440413195,      0.0,360294.99440413195,   1.0
 0.10314993459204785, -0.10143546347569884, 20.053377907066153, 60.10754075096032, 48.87298262808754, 0.02000057999999999, 348.2886835931509,  42.87696969514585,263263.57463349425,      0.0,263263.57463349425,   1.0
 0.10314993459204785, -0.10143546347569884, 20.053377907066153, 60.10754075096032, 48.87298262808754, 0.41012195398241935, 349.2886835931509,  42.87696969514585, 360867.3959484133,      0.0, 360867.3959484133,   1.0
 0.10314993459204785, -0.10143546347569884, 20.053377907066153, 60.10754075096032, 48.87298262808754, 0.41012195398241935, 348.2886835931509,  43.87696969514585, 360682.3130747853,      0.0, 360682.3130747853,   1.0
 0.10314992420300821,  -0.1014354529961753,  20.05337782282186,60.107540709080475, 48.87298237301555,  0.4101219439613379, 348.2886832735173,  42.87696977500702,360789.26940285775,      0.0,360789.26940285775,   1.0
-0.29999939999999997,  -0.1014354529961753,  20.05337782282186,60.107540709080475, 48.87298237301555,  0.4101219439613379, 348.2886832735173,  42.87696977500702,246391.20556312913,      0.0,246391.20556312913,   1.0
 0.10314992420300821,  0.29999939999999997,  20.05337782282186,60.107540709080475, 48.87298237301555,  0.4101219439613379, 348.2886832735173,  42.87696977500702, 267243.0479830577,      0.0, 267243.0479830577,   1.0
 0.10314992420300821,  -0.1014354529961753,  21.05337782282186,60.107540709080475, 48.87298237301555,  0.4101219439613379, 348.2886832735173,  42.87696977500702,360881.30457390903,      0.0,360881.30457390903,   1.0
 0.10314992420300821,  -0.1014354529961753,  20.05337782282186,61.107540709080475, 48.87298237301555,  0.4101219439613379, 348.2886832735173,  42.87696977500702, 360736.8984739548,      0.0, 360736.8984739548,   1.0
 0.10314992420300821,  -0.1014354529961753,  20.05337782282186,60.107540709080475, 49.87298237301555,  0.4101219439613379, 348.2886832735173,  42.87696977500702,360294.99440413195,      0.0,360294.99440413195,   1.0
 0.10314992420300821,  -0.1014354529961753,  20.05337782282186,60.107540709080475, 48.87298237301555, 0.02000057999999999, 348.2886832735173,  42.87696977500702,263263.57463349425,      0.0,263263.57463349425,   1.0
 0.10314992420300821,  -0.1014354529961753,  20.05337782282186,60.107540709080475, 48.87298237301555,  0.4101219439613379, 349.2886832735173,  42.87696977500702, 360867.3959484133,      0.0, 360867.3959484133,   1.0
 0.10314992420300821,  -0.1014354529961753,  20.05337782282186,60.107540709080475, 48.87298237301555,  0.4101219439613379, 348.2886832735173,  43.87696977500702, 360682.3130747853,      0.0, 360682.3130747853,   1.0
 0.10314992201054332, -0.10143545078461502, 20.053377805043255, 60.10754070024231,  48.8729823191861, 0.41012194184652556,348.28868320606296,  42.87696979186063,360789.26940285775,      0.0,360789.26940285775,   1.0
          -0.2999994, -0.10143545078461502, 20.053377805043255, 60.10754070024231,  48.8729823191861, 0.41012194184652556,348.28868320606296,  42.87696979186063,246391.20556312913,      0.0,246391.20556312913,   1.0
 0.10314992201054332,  0.29999939999999997, 20.053377805043255, 60.10754070024231,  48.8729823191861, 0.41012194184652556,348.28868320606296,  42.87696979186063, 267243.0479830577,      0.0, 267243.0479830577,   1.0
 0.10314992201054332, -0.10143545078461502, 21.053377805043255, 60.10754070024231,  48.8729823191861, 0.41012194184652556,348.28868320606296,  42.87696979186063,360881.30457390903,      0.0,360881.30457390903,   1.0
 0.10314992201054332, -0.10143545078461502, 20.053377805043255, 61.10754070024231,  48.8729823191861, 0.41012194184652556,348.28868320606296,  42.87696979186063, 360736.8984739548,      0.0, 360736.8984739548,   1.0
 0.10314992201054332, -0.10143545078461502, 20.053377805043255, 60.10754070024231,  49.8729823191861, 0.41012194184652556,348.28868320606296,  42.87696979186063,360294.99440413195,      0.0,360294.99440413195,   1.0
 0.10314992201054332, -0.10143545078461502, 20.053377805043255, 60.10754070024231,  48.8729823191861, 0.02000057999999999,348.28868320606296,  42.87696979186063,263263.57463349425,      0.0,263263.57463349425,   1.0
 0.10314992201054332, -0.10143545078461502, 20.053377805043255, 60.10754070024231,  48.8729823191861, 0.41012194184652556,349.28868320606296,  42.87696979186063, 360867.3959484133,      0.0, 360867.3959484133,   1.0
 0.10314992201054332, -0.10143545078461502, 20.053377805043255, 60.10754070024231,  48.8729823191861, 0.41012194184652556,348.28868320606296,  43.87696979186063, 360682.3130747853,      0.0, 360682.3130747853,   1.0
 0.10314992154785359, -0.10143545031789546, 20.053377801291322,60.107540698377136, 48.87298230782613, 0.41012194140022334, 348.2886831918276,  42.87696979541735,360789.26940285775,      0.0,360789.26940285775,   1.0
-0.29999939999999997, -0.10143545031789546, 20.053377801291322,60.107540698377136, 48.87298230782613, 0.41012194140022334, 348.2886831918276,  42.87696979541735,246391.20556312913,      0.0,246391.20556312913,   1.0
 0.10314992154785359,  0.29999939999999997, 20.053377801291322,60.107540698377136, 48.87298230782613, 0.41012194140022334, 348.2886831918276,  42.87696979541735, 267243.0479830577,      0.0, 267243.0479830577,   1.0
 0.10314992154785359, -0.10143545031789546, 21.053377801291322,60.107540698377136, 48.87298230782613, 0.41012194140022334, 348.2886831918276,  42.87696979541735,360881.30457390903,      0.0,360881.30457390903,   1.0
 0.10314992154785359, -0.10143545031789546, 20.053377801291322,61.107540698377136, 48.87298230782613, 0.41012194140022334, 348.2886831918276,  42.87696979541735, 360736.8984739548,      0.0, 360736.8984739548,   1.0
 0.10314992154785359, -0.10143545031789546, 20.053377801291322,60.107540698377136, 49.87298230782613, 0.41012194140022334, 348.2886831918276,  42.87696979541735,360294.99440413195,      0.0,360294.99440413195,   1.0
 0.10314992154785359, -0.10143545031789546, 20.053377801291322,60.107540698377136, 48.87298230782613, 0.02000057999999999, 348.2886831918276,  42.87696979541735,263263.57463349425,      0.0,263263.57463349425,   1.0
 0.10314992154785359, -0.10143545031789546, 20.053377801291322,60.107540698377136, 48.87298230782613, 0.41012194140022334, 349.2886831918276,  42.87696979541735, 360867.3959484133,      0.0, 360867.3959484133,   1.0
 0.10314992154785359, -0.10143545031789546, 20.053377801291322,60.107540698377136, 48.87298230782613, 0.41012194140022334, 348.2886831918276,  43.87696979541735, 360682.3130747853,      0.0, 360682.3130747853,   1.0
 0.10314992145020924, -0.10143545021940066,  20.05337780049953, 60.10754069798352,48.872982305428756, 0.41012194130603735, 348.2886831888235, 42.876969796167955,360789.26940285775,      0.0,360789.26940285775,   1.0
-0.29999939999999997, -0.10143545021940066,  20.05337780049953, 60.10754069798352,48.872982305428756, 0.41012194130603735, 348.2886831888235, 42.876969796167955,246391.20556312913,      0.0,246391.20556312913,   1.0
 0.10314992145020924,  0.29999939999999997,  20.05337780049953, 60.10754069798352,48.872982305428756, 0.41012194130603735, 348.2886831888235, 42.876969796167955, 267243.0479830577,      0.0, 267243.0479830577,   1.0
 0.10314992145020924, -0.10143545021940066,  21.05337780049953, 60.10754069798352,48.872982305428756, 0.41012194130603735, 348.2886831888235, 42.876969796167955,360881.30457390903,      0.0,360881.30457390903,   1.0
 0.10314992145020924, -0.10143545021940066,  20.05337780049953, 61.10754069798352,48.872982305428756, 0.41012194130603735, 348.2886831888235, 42.876969796167955, 360736.8984739548,      0.0, 360736.8984739548,   1.0
 0.10314992145020924, -0.10143545021940066,  20.05337780049953, 60.10754069798352,49.872982305428756, 0.41012194130603735, 348.2886831888235, 42.876969796167955,360294.99440413195,      0.0,360294.99440413195,   1.0
 0.10314992145020924, -0.10143545021940066,  20.05337780049953, 60.10754069798352,48.872982305428756, 0.02000057999999999, 348.2886831888235, 42.876969796167955,263263.57463349425,      0.0,263263.57463349425,   1.0
 0.10314992145020924, -0.10143545021940066,  20.05337780049953, 60.10754069798352,48.872982305428756, 0.41012194130603735, 349.2886831888235, 42.876969796167955, 360867.3959484133,      0.0, 360867.3959484133,   1.0
 0.10314992145020924, -0.10143545021940066,  20.05337780049953, 60.10754069798352,48.872982305428756, 0.41012194130603735, 348.2886831888235, 43.876969796167955, 360682.3130747853,      0.0, 360682.3130747853,   1.0
 0.10314992142960273, -0.10143545019861469,  20.05337780033243, 60.10754069790045, 48.87298230492283,  0.4101219412861607,348.28868318818945,  42.87696979632636,360789.26940285775,      0.0,360789.26940285775,   1.0
-0.29999939999999997, -0.10143545019861469,  20.05337780033243, 60.10754069790045, 48.87298230492283,  0.4101219412861607,348.28868318818945,  42.87696979632636,246391.20556312913,      0.0,246391.20556312913,   1.0
 0.10314992142960273,            0.2999994,  20.05337780033243, 60.10754069790045, 48.87298230492283,  0.4101219412861607,348.28868318818945,  42.87696979632636, 267243.0479830577,      0.0, 267243.0479830577,   1.0
 0.10314992142960273, -0.10143545019861469,  21.05337780033243, 60.10754069790045, 48.87298230492283,  0.4101219412861607,348.28868318818945,  42.87696979632636,360881.30457390903,      0.0,360881.30457390903,   1.0
 0.10314992142960273, -0.10143545019861469,  20.05337780033243, 61.10754069790045, 48.87298230492283,  0.4101219412861607,348.28868318818945,  42.87696979632636, 360736.8984739548,      0.0, 360736.8984739548,   1.0
 0.10314992142960273, -0.10143545019861469,  20.05337780033243, 60.10754069790045, 49.87298230492283,  0.4101219412861607,348.28868318818945,  42.87696979632636,360294.99440413195,      0.0,360294.99440413195,   1.0
 0.10314992142960273, -0.10143545019861469,  20.05337780033243, 60.10754069790045, 48.87298230492283, 0.02000057999999999,348.28868318818945,  42.87696979632636,263263.57463349425,      0.0,263263.57463349425,   1.0
 0.10314992142960273, -0.10143545019861469,  20.05337780033243, 60.10754069790045, 48.87298230492283,  0.4101219412861607,349.28868318818945,  42.87696979632636, 360867.3959484133,      0.0, 360867.3959484133,   1.0
 0.10314992142960273, -0.10143545019861469,  20.05337780033243, 60.10754069790045, 48.87298230492283,  0.4101219412861607,348.28868318818945,  43.87696979632636, 360682.3130747853,      0.0, 360682.3130747853,   1.0
   0.103149921425254, -0.10143545019422809, 20.053377800297167, 60.10754069788292,48.872982304816055,   0.410121941281966, 348.2886831880557,  42.87696979635979,360789.26940285775,      0.0,360789.26940285775,   1.0
 -0.2999993999999999, -0.10143545019422809, 20.053377800297167, 60.10754069788292,48.872982304816055,   0.410121941281966, 348.2886831880557,  42.87696979635979,246391.20556312913,      0.0,246391.20556312913,   1.0
   0.103149921425254,            0.2999994, 20.053377800297167, 60.10754069788292,48.872982304816055,   0.410121941281966, 348.2886831880557,  42.87696979635979, 267243.0479830577,      0.0, 267243.0479830577,   1.0
   0.103149921425254, -0.10143545019422809, 21.053377800297167, 60.10754069788292,48.872982304816055,   0.410121941281966, 348.2886831880557,  42.87696979635979,360881.30457390903,      0.0,360881.30457390903,   1.0
   0.103149921425254, -0.10143545019422809, 20.053377800297167, 61.10754069788292,48.872982304816055,   0.410121941281966, 348.2886831880557,  42.87696979635979, 360736.8984739548,      0.0, 360736.8984739548,   1.0
   0.103149921425254, -0.10143545019422809, 20.053377800297167, 60.10754069788292,49.872982304816055,   0.410121941281966, 348.2886831880557,  42.87696979635979,360294.99440413195,      0.0,360294.99440413195,   1.0
   0.103149921425254, -0.10143545019422809, 20.053377800297167, 60.10754069788292,48.872982304816055, 0.02000057999999999, 348.2886831880557,  42.87696979635979,263263.57463349425,      0.0,263263.57463349425,   1.0
   0.103149921425254, -0.10143545019422809, 20.053377800297167, 60.10754069788292,48.872982304816055,   0.410121941281966, 349.2886831880557,  42.87696979635979, 360867.3959484133,      0.0, 360867.3959484133,   1.0
   0.103149921425254, -0.10143545019422809, 20.053377800297167, 60.10754069788292,48.872982304816055,   0.410121941281966, 348.2886831880557,  43.87696979635979, 360682.3130747853,      0.0, 360682.3130747853,   1.0
 0.10314992142433627, -0.10143545019330236, 20.053377800289724,60.107540697879216,48.872982304793524, 0.41012194128108076,348.28868318802745, 42.876969796366836,360789.26940285775,      0.0,360789.26940285775,   1.0
-0.29999939999999997, -0.10143545019330236, 20.053377800289724,60.107540697879216,48.872982304793524, 0.41012194128108076,348.28868318802745, 42.876969796366836,246391.20556312913,      0.0,246391.20556312913,   1.0
 0.10314992142433627,  0.29999939999999997, 20.053377800289724,60.107540697879216,48.872982304793524, 0.41012194128108076,348.28868318802745, 42.876969796366836, 267243.0479830577,      0.0, 267243.0479830577,   1.0
 0.10314992142433627, -0.10143545019330236, 21.053377800289724,60.107540697879216,48.872982304793524, 0.41012194128108076,348.28868318802745, 42.876969796366836,360881.30457390903,      0.0,360881.30457390903,   1.0
 0.10314992142433627, -0.10143545019330236, 20.053377800289724,61.107540697879216,48.872982304793524, 0.41012194128108076,348.28868318802745, 42.876969796366836, 360736.8984739548,      0.0, 360736.8984739548,   1.0
 0.10314992142433627, -0.10143545019330236, 20.053377800289724,60.107540697879216,49.872982304793524, 0.41012194128108076,348.28868318802745, 42.876969796366836,360294.99440413195,      0.0,360294.99440413195,   1.0
 0.10314992142433627, -0.10143545019330236, 20.053377800289724,60.107540697879216,48.872982304793524, 0.02000057999999999,348.28868318802745, 42.876969796366836,263263.57463349425,      0.0,263263.57463349425,   1.0
 0.10314992142433627, -0.10143545019330236, 20.053377800289724,60.107540697879216,48.872982304793524, 0.41012194128108076,349.28868318802745, 42.876969796366836, 360867.3959484133,      0.0, 360867.3959484133,   1.0
 0.10314992142433627, -0.10143545019330236, 20.053377800289724,60.107540697879216,48.872982304793524, 0.41012194128108076,348.28868318802745, 43.876969796366836, 360682.3130747853,      0.0, 360682.3130747853,   1.0
 0.10314992142414259,   -0.101435450193107, 20.053377800288153,60.107540697878434, 48.87298230478877,  0.4101219412808939, 348.2886831880215,  42.87696979636833,360789.26940285775,      0.0,360789.26940285775,   1.0
-0.29999939999999997,   -0.101435450193107, 20.053377800288153,60.107540697878434, 48.87298230478877,  0.4101219412808939, 348.2886831880215,  42.87696979636833,246391.20556312913,      0.0,246391.20556312913,   1.0
 0.10314992142414259,  0.29999939999999997, 20.053377800288153,60.107540697878434, 48.87298230478877,  0.4101219412808939, 348.2886831880215,  42.87696979636833, 267243.0479830577,      0.0, 267243.0479830577,   1.0
 0.10314992142414259,   -0.101435450193107, 21.053377800288153,60.107540697878434, 48.87298230478877,  0.4101219412808939, 348.2886831880215,  42.87696979636833,360881.30457390903,      0.0,360881.30457390903,   1.0
 0.10314992142414259,   -0.101435450193107, 20.053377800288153,61.107540697878434, 48.87298230478877,  0.4101219412808939, 348.2886831880215,  42.87696979636833, 360736.8984739548,      0.0, 360736.8984739548,   1.0
 0.10314992142414259,   -0.101435450193107, 20.053377800288153,60.107540697878434, 49.87298230478877,  0.4101219412808939, 348.2886831880215,  42.87696979636833,360294.99440413195,      0.0,360294.99440413195,   1.0
 0.10314992142414259,   -0.101435450193107, 20.053377800288153,60.107540697878434, 48.87298230478877, 0.02000057999999999, 348.2886831880215,  42.87696979636833,263263.57463349425,      0.0,263263.57463349425,   1.0
 0.10314992142414259,   -0.101435450193107, 20.053377800288153,60.107540697878434, 48.87298230478877,  0.4101219412808939, 349.2886831880215,  42.87696979636833, 360867.3959484133,      0.0, 360867.3959484133,   1.0
 0.10314992142414259,   -0.101435450193107, 20.053377800288153,60.107540697878434, 48.87298230478877,  0.4101219412808939, 348.2886831880215,  43.87696979636833, 360682.3130747853,      0.0, 360682.3130747853,   1.0
  0.1031499214241017, -0.10143545019306575, 20.053377800287823, 60.10754069787827, 48.87298230478777,  0.4101219412808545,348.28868318802023,  42.87696979636864,360789.26940285775,      0.0,360789.26940285775,   1.0
 -0.2999993999999999, -0.10143545019306575, 20.053377800287823, 60.10754069787827, 48.87298230478777,  0.4101219412808545,348.28868318802023,  42.87696979636864,246391.20556312913,      0.0,246391.20556312913,   1.0
  0.1031499214241017,  0.29999939999999997, 20.053377800287823, 60.10754069787827, 48.87298230478777,  0.4101219412808545,348.28868318802023,  42.87696979636864, 267243.0479830577,      0.0, 267243.0479830577,   1.0
  0.1031499214241017, -0.10143545019306575, 21.053377800287823, 60.10754069787827, 48.87298230478777,  0.4101219412808545,348.28868318802023,  42.87696979636864,360881.30457390903,      0.0,360881.30457390903,   1.0
  0.1031499214241017, -0.10143545019306575, 20.053377800287823, 61.10754069787827, 48.87298230478777,  0.4101219412808545,348.28868318802023,  42.87696979636864, 360736.8984739548,      0.0, 360736.8984739548,   1.0
  0.1031499214241017, -0.10143545019306575, 20.053377800287823, 60.10754069787827, 49.87298230478777,  0.4101219412808545,348.28868318802023,  42.87696979636864,360294.99440413195,      0.0,360294.99440413195,   1.0
  0.1031499214241017, -0.10143545019306575, 20.053377800287823, 60.10754069787827, 48.87298230478777, 0.02000057999999999,348.28868318802023,  42.87696979636864,263263.57463349425,      0.0,263263.57463349425,   1.0
  0.1031499214241017, -0.10143545019306575, 20.053377800287823, 60.10754069787827, 48.87298230478777,  0.4101219412808545,349.28868318802023,  42.87696979636864, 360867.3959484133,      0.0, 360867.3959484133,   1.0
  0.1031499214241017, -0.10143545019306575, 20.053377800287823, 60.10754069787827, 48.87298230478777,  0.4101219412808545,348.28868318802023,  43.87696979636864, 360682.3130747853,      0.0, 360682.3130747853,   1.0
  0.1031499214241287, -0.10143545019309297, 20.053377800288043,60.107540697878385, 48.87298230478843, 0.41012194128088053, 348.2886831880211, 42.876969796368435,360789.26940285775,      0.0,360789.26940285775,   1.0
-0.29999939999999997, -0.10143545019309297, 20.053377800288043,60.107540697878385, 48.87298230478843, 0.41012194128088053, 348.2886831880211, 42.876969796368435,246391.20556312913,      0.0,246391.20556312913,   1.0
  0.1031499214241287,  0.29999939999999997, 20.053377800288043,60.107540697878385, 48.87298230478843, 0.41012194128088053, 348.2886831880211, 42.876969796368435, 267243.0479830577,      0.0, 267243.0479830577,   1.0
  0.1031499214241287, -0.10143545019309297, 21.053377800288043,60.107540697878385, 48.87298230478843, 0.41012194128088053, 348.2886831880211, 42.876969796368435,360881.30457390903,      0.0,360881.30457390903,   1.0
  0.1031499214241287, -0.10143545019309297, 20.053377800288043,61.107540697878385, 48.87298230478843, 0.41012194128088053, 348.2886831880211, 42.876969796368435, 360736.8984739548,      0.0, 360736.8984739548,   1.0
  0.1031499214241287, -0.10143545019309297, 20.053377800288043,60.107540697878385, 49.87298230478843, 0.41012194128088053, 348.2886831880211, 42.876969796368435,360294.99440413195,      0.0,360294.99440413195,   1.0
  0.1031499214241287, -0.10143545019309297, 20.053377800288043,60.107540697878385, 48.87298230478843, 0.02000057999999999, 348.2886831880211, 42.876969796368435,263263.57463349425,      0.0,263263.57463349425,   1.0
  0.1031499214241287, -0.10143545019309297, 20.053377800288043,60.107540697878385, 48.87298230478843, 0.41012194128088053, 349.2886831880211, 42.876969796368435, 360867.3959484133,      0.0, 360867.3959484133,   1.0
  0.1031499214241287, -0.10143545019309297, 20.053377800288043,60.107540697878385, 48.87298230478843, 0.41012194128088053, 348.2886831880211, 43.876969796368435, 360682.3130747853,      0.0, 360682.3130747853,   1.0
 0.29999939999999997, -0.29999939999999997,           59.99988,          20.00006,         -89.99974,          0.59999942,         499.99955,           5.000115,111912.64121268457,      0.0,111912.64121268457,   1.0
-0.29999939999999997, -0.29999939999999997,           59.99988,          20.00006,         -89.99974,          0.59999942,         499.99955,           5.000115,122803.73671757441,      0.0,122803.73671757441,   1.0
 0.29999939999999997,  0.29999939999999997,           59.99988,          20.00006,         -89.99974,          0.59999942,         499.99955,           5.000115,108942.34521264711,      0.0,108942.34521264711,   1.0
 0.29999939999999997, -0.29999939999999997,           58.99988,          20.00006,         -89.99974,          0.59999942,         499.99955,           5.000115,113080.76593289204,      0.0,113080.76593289204,   1.0
 0.29999939999999997, -0.29999939999999997,           59.99988,          21.00006,         -89.99974,          0.59999942,         499.99955,           5.000115, 114348.2034572286,      0.0, 114348.2034572286,   1.0
 0.29999939999999997, -0.29999939999999997,           59.99988,          20.00006,         -88.99974,          0.59999942,         499.99955,           5.000115,111788.66170847765,      0.0,111788.66170847765,   1.0
 0.29999939999999997, -0.29999939999999997,           59.99988,          20.00006,         -89.99974,0.020000580000000046,         499.99955,           5.000115, 102590.3440156774,      0.0, 102590.3440156774,   1.0
 0.29999939999999997, -0.29999939999999997,           59.99988,          20.00006,         -89.99974,          0.59999942,         498.99955,           5.000115,111920.95035550767,      0.0,111920.95035550767,   1.0
 0.29999939999999997, -0.29999939999999997,           59.99988,          20.00006,         -89.99974,          0.59999942,         499.99955,           6.000115,113421.15944013256,      0.0,113421.15944013256,   1.0
  0.1284038474616491, -0.12690932667180974, 25.178136165454948,54.962130314144694,31.056925675675945, 0.43448142568721243,367.75175231718794,  38.01772761557742, 356393.9878811537,      0.0, 356393.9878811537,   1.0
 -0.2999993999999999, -0.12690932667180974, 25.178136165454948,54.962130314144694,31.056925675675945, 0.43448142568721243,367.75175231718794,  38.01772761557742, 264801.4988496214,      0.0, 264801.4988496214,   1.0
  0.1284038474616491,   0.2999993999999999, 25.178136165454948,54.962130314144694,31.056925675675945, 0.43448142568721243,367.75175231718794,  38.01772761557742,214255.57082587603,      0.0,214255.57082587603,   1.0
  0.1284038474616491, -0.12690932667180974, 26.178136165454948,54.962130314144694,31.056925675675945, 0.43448142568721243,367.75175231718794,  38.01772761557742, 355847.6116542608,      0.0, 355847.6116542608,   1.0
  0.1284038474616491, -0.12690932667180974, 25.178136165454948,55.962130314144694,31.056925675675945, 0.43448142568721243,367.75175231718794,  38.01772761557742,  356500.500201298,      0.0,  356500.500201298,   1.0
  0.1284038474616491, -0.12690932667180974, 25.178136165454948,54.962130314144694, 32.05692567567594, 0.43448142568721243,367.75175231718794,  38.01772761557742,357020.58615020814,      0.0,357020.58615020814,   1.0
  0.1284038474616491, -0.12690932667180974, 25.178136165454948,54.962130314144694,31.056925675675945, 0.02000057999999999,367.75175231718794,  38.01772761557742,259490.75803919084,      0.0,259490.75803919084,   1.0
  0.1284038474616491, -0.12690932667180974, 25.178136165454948,54.962130314144694,31.056925675675945, 0.43448142568721243,368.75175231718794,  38.01772761557742,356538.08528089087,      0.0,356538.08528089087,   1.0
  0.1284038474616491, -0.12690932667180974, 25.178136165454948,54.962130314144694,31.056925675675945, 0.43448142568721243,367.75175231718794,  39.01772761557742, 356611.3664254132,      0.0, 356611.3664254132,   1.0
 0.10911875411161244, -0.10745626875323228, 21.264628090645264, 58.89140924792204, 44.66210986410542, 0.41587937030632166,352.88883142021547,  41.72847496344035, 361903.7871269567,      0.0, 361903.7871269567,   1.0
-0.29999939999999997, -0.10745626875323228, 21.264628090645264, 58.89140924792204, 44.66210986410542, 0.41587937030632166,352.88883142021547,  41.72847496344035,250658.17084580482,      0.0,250658.17084580482,   1.0
 0.10911875411161244,  0.29999939999999997, 21.264628090645264, 58.89140924792204, 44.66210986410542, 0.41587937030632166,352.88883142021547,  41.72847496344035,253641.82289112447,      0.0,253641.82289112447,   1.0
 0.10911875411161244, -0.10745626875323228, 22.264628090645264, 58.89140924792204, 44.66210986410542, 0.41587937030632166,352.88883142021547,  41.72847496344035,361956.46602406324,      0.0,361956.46602406324,   1.0
 0.10911875411161244, -0.10745626875323228, 21.264628090645264, 59.89140924792204, 44.66210986410542, 0.41587937030632166,352.88883142021547,  41.72847496344035, 362080.5207417925,      0.0, 362080.5207417925,   1.0
 0.10911875411161244, -0.10745626875323228, 21.264628090645264, 58.89140924792204, 45.66210986410542, 0.41587937030632166,352.88883142021547,  41.72847496344035,361811.06144797686,      0.0,361811.06144797686,   1.0
 0.10911875411161244, -0.10745626875323228, 21.264628090645264, 58.89140924792204, 44.66210986410542, 0.02000057999999999,352.88883142021547,  41.72847496344035,258605.65023209242,      0.0,258605.65023209242,   1.0
 0.10911875411161244, -0.10745626875323228, 21.264628090645264, 58.89140924792204, 44.66210986410542, 0.41587937030632166,353.88883142021547,  41.72847496344035,361988.87440133444,      0.0,361988.87440133444,   1.0
 0.10911875411161244, -0.10745626875323228, 21.264628090645264, 58.89140924792204, 44.66210986410542, 0.41587937030632166,352.88883142021547,  42.72847496344035, 361803.6498041833,      0.0, 361803.6498041833,   1.0
 0.29999939999999997, -0.29999939999999997, 26.524484931536467, 53.61104041670203, 26.37703071217856,          0.59999942,372.86513558561137,  36.74100571944204,311149.63144470763,      0.0,311149.63144470763,   1.0
-0.29999939999999997, -0.29999939999999997, 26.524484931536467, 53.61104041670203, 26.37703071217856,          0.59999942,372.86513558561137,  36.74100571944204,  216040.818305705,      0.0,  216040.818305705,   1.0
 0.29999939999999997,  0.29999939999999997, 26.524484931536467, 53.61104041670203, 26.37703071217856,          0.59999942,372.86513558561137,  36.74100571944204,208564.27155389552,      0.0,208564.27155389552,   1.0
 0.29999939999999997, -0.29999939999999997, 27.524484931536467, 53.61104041670203, 26.37703071217856,          0.59999942,372.86513558561137,  36.74100571944204, 310211.9308603603,      0.0, 310211.9308603603,   1.0
 0.29999939999999997, -0.29999939999999997, 26.524484931536467, 54.61104041670203, 26.37703071217856,          0.59999942,372.86513558561137,  36.74100571944204, 311396.0436438829,      0.0, 311396.0436438829,   1.0
 0.29999939999999997, -0.29999939999999997, 26.524484931536467, 53.61104041670203, 27.37703071217856,          0.59999942,372.86513558561137,  36.74100571944204, 312813.6977529465,      0.0, 312813.6977529465,   1.0
 0.29999939999999997, -0.29999939999999997, 26.524484931536467, 53.61104041670203, 26.37703071217856,0.020000580000000046,372.86513558561137,  36.74100571944204,290769.27285748976,      0.0,290769.27285748976,   1.0
 0.29999939999999997, -0.29999939999999997, 26.524484931536467, 53.61104041670203, 26.37703071217856,          0.59999942,373.86513558561137,  36.74100571944204, 311303.8740414288,      0.0, 311303.8740414288,   1.0
 0.29999939999999997, -0.29999939999999997, 26.524484931536467, 53.61104041670203, 26.37703071217856,          0.59999942,372.86513558561137,  37.74100571944204,312385.97048365977,      0.0,312385.97048365977,   1.0
 0.14502828926152847, -0.14367855995096615,  22.25414179033146,57.898036717843276, 41.22221846249601,  0.4505170642721385, 356.6468855343667,  40.79020434258754,357953.60887738084,      0.0,357953.60887738084,   1.0
          -0.2999994, -0.14367855995096615,  22.25414179033146,57.898036717843276, 41.22221846249601,  0.4505170642721385, 356.6468855343667,  40.79020434258754,244751.48660932638,      0.0,244751.48660932638,   1.0
 0.14502828926152847,            0.2999994,  22.25414179033146,57.898036717843276, 41.22221846249601,  0.4505170642721385, 356.6468855343667,  40.79020434258754,  235547.259779195,      0.0,  235547.259779195,   1.0
 0.14502828926152847, -0.14367855995096615,  23.25414179033146,57.898036717843276, 41.22221846249601,  0.4505170642721385, 356.6468855343667,  40.79020434258754, 357835.6816385601,      0.0, 357835.6816385601,   1.0
 0.14502828926152847, -0.14367855995096615,  22.25414179033146,58.898036717843276, 41.22221846249601,  0.4505170642721385, 356.6468855343667,  40.79020434258754, 358201.1608524265,      0.0, 358201.1608524265,   1.0
 0.14502828926152847, -0.14367855995096615,  22.25414179033146,57.898036717843276, 42.22221846249601,  0.4505170642721385, 356.6468855343667,  40.79020434258754,357926.04209108336,      0.0,357926.04209108336,   1.0
 0.14502828926152847, -0.14367855995096615,  22.25414179033146,57.898036717843276, 41.22221846249601, 0.02000057999999999, 356.6468855343667,  40.79020434258754,279136.86655210075,      0.0,279136.86655210075,   1.0
 0.14502828926152847, -0.14367855995096615,  22.25414179033146,57.898036717843276, 41.22221846249601,  0.4505170642721385, 357.6468855343667,  40.79020434258754,358091.27172302234,      0.0,358091.27172302234,   1.0
 0.14502828926152847, -0.14367855995096615,  22.25414179033146,57.898036717843276, 41.22221846249601,  0.4505170642721385, 356.6468855343667,  41.79020434258754, 358044.2244738708,      0.0, 358044.2244738708,   1.0
 0.11579294865047234, -0.11418859255212371, 21.448540438800183, 58.70677969235619, 44.02276701794924, 0.42231717873074776, 353.5873084163864,  41.55408672289296, 361311.8122651573,      0.0, 361311.8122651573,   1.0
-0.29999939999999997, -0.11418859255212371, 21.448540438800183, 58.70677969235619, 44.02276701794924, 0.42231717873074776, 353.5873084163864,  41.55408672289296,249674.55544627673,      0.0,249674.55544627673,   1.0
 0.11579294865047234,  0.29999939999999997, 21.448540438800183, 58.70677969235619, 44.02276701794924, 0.42231717873074776, 353.5873084163864,  41.55408672289296, 249745.4659105898,      0.0, 249745.4659105898,   1.0
 0.11579294865047234, -0.11418859255212371, 22.448540438800183, 58.70677969235619, 44.02276701794924, 0.42231717873074776, 353.5873084163864,  41.55408672289296,361277.10437164037,      0.0,361277.10437164037,   1.0
 0.11579294865047234, -0.11418859255212371, 21.448540438800183, 59.70677969235619, 44.02276701794924, 0.42231717873074776, 353.5873084163864,  41.55408672289296,361469.22965842683,      0.0,361469.22965842683,   1.0
 0.11579294865047234, -0.11418859255212371, 21.448540438800183, 58.70677969235619, 45.02276701794924, 0.42231717873074776, 353.5873084163864,  41.55408672289296,361117.33462328976,      0.0,361117.33462328976,   1.0
 0.11579294865047234, -0.11418859255212371, 21.448540438800183, 58.70677969235619, 44.02276701794924, 0.02000057999999999, 353.5873084163864,  41.55408672289296,263162.37429026753,      0.0,263162.37429026753,   1.0
 0.11579294865047234, -0.11418859255212371, 21.448540438800183, 58.70677969235619, 44.02276701794924, 0.42231717873074776, 354.5873084163864,  41.55408672289296,361400.64497881994,      0.0,361400.64497881994,   1.0
 0.11579294865047234, -0.11418859255212371, 21.448540438800183, 58.70677969235619, 44.02276701794924, 0.42231717873074776, 353.5873084163864,  42.55408672289296,361243.73014296376,      0.0,361243.73014296376,   1.0
 0.11035186236009982, -0.10870011682502059, 21.298607297003137, 58.85729753203525, 44.54398640626847,  0.4170688044206736, 353.0178803624275,  41.69625540846542, 361771.1732374539,      0.0, 361771.1732374539,   1.0
-0.29999939999999997, -0.10870011682502059, 21.298607297003137, 58.85729753203525, 44.54398640626847,  0.4170688044206736, 353.0178803624275,  41.69625540846542,250549.83727966328,      0.0,250549.83727966328,   1.0
 0.11035186236009982,            0.2999994, 21.298607297003137, 58.85729753203525, 44.54398640626847,  0.4170688044206736, 353.0178803624275,  41.69625540846542,253036.18017244956,      0.0,253036.18017244956,   1.0
 0.11035186236009982, -0.10870011682502059, 22.298607297003137, 58.85729753203525, 44.54398640626847,  0.4170688044206736, 353.0178803624275,  41.69625540846542,361814.97174875124,      0.0,361814.97174875124,   1.0
 0.11035186236009982, -0.10870011682502059, 21.298607297003137, 59.85729753203525, 44.54398640626847,  0.4170688044206736, 353.0178803624275,  41.69625540846542,362001.58791460225,      0.0,362001.58791460225,   1.0
 0.11035186236009982, -0.10870011682502059, 21.298607297003137, 58.85729753203525, 45.54398640626847,  0.4170688044206736, 353.0178803624275,  41.69625540846542, 361729.2980527433,      0.0, 361729.2980527433,   1.0
 0.11035186236009982, -0.10870011682502059, 21.298607297003137, 58.85729753203525, 44.54398640626847, 0.02000057999999999, 353.0178803624275,  41.69625540846542,259868.01475151168,      0.0,259868.01475151168,   1.0
 0.11035186236009982, -0.10870011682502059, 21.298607297003137, 58.85729753203525, 44.54398640626847,  0.4170688044206736, 354.0178803624275,  41.69625540846542, 361846.7115194161,      0.0, 361846.7115194161,   1.0
 0.11035186236009982, -0.10870011682502059, 21.298607297003137, 58.85729753203525, 44.54398640626847,  0.4170688044206736, 353.0178803624275,  42.69625540846542,361691.43083386443,      0.0,361691.43083386443,   1.0
 0.10934093358424088, -0.10768038331005146, 21.270750409718374, 58.88526305349387, 44.64082656833681,   0.416093680643291, 352.9120832522903, 41.722669695539956, 361859.1706778827,      0.0, 361859.1706778827,   1.0
 -0.2999993999999999, -0.10768038331005146, 21.270750409718374, 58.88526305349387, 44.64082656833681,   0.416093680643291, 352.9120832522903, 41.722669695539956,250638.34627351427,      0.0,250638.34627351427,   1.0
 0.10934093358424088,  0.29999939999999997, 21.270750409718374, 58.88526305349387, 44.64082656833681,   0.416093680643291, 352.9120832522903, 41.722669695539956, 253503.4494335003,      0.0, 253503.4494335003,   1.0
 0.10934093358424088, -0.10768038331005146, 22.270750409718374, 58.88526305349387, 44.64082656833681,   0.416093680643291, 352.9120832522903, 41.722669695539956,361902.49594317254,      0.0,361902.49594317254,   1.0
 0.10934093358424088, -0.10768038331005146, 21.270750409718374, 59.88526305349387, 44.64082656833681,   0.416093680643291, 352.9120832522903, 41.722669695539956,362085.96920238924,      0.0,362085.96920238924,   1.0
 0.10934093358424088, -0.10768038331005146, 21.270750409718374, 58.88526305349387, 45.64082656833681,   0.416093680643291, 352.9120832522903, 41.722669695539956,361812.42875672417,      0.0,361812.42875672417,   1.0
 0.10934093358424088, -0.10768038331005146, 21.270750409718374, 58.88526305349387, 44.64082656833681, 0.02000057999999999, 352.9120832522903, 41.722669695539956, 259180.9942903035,      0.0, 259180.9942903035,   1.0
 0.10934093358424088, -0.10768038331005146, 21.270750409718374, 58.88526305349387, 44.64082656833681,   0.416093680643291, 353.9120832522903, 41.722669695539956,361927.00816294586,      0.0,361927.00816294586,   1.0
 0.10934093358424088, -0.10768038331005146, 21.270750409718374, 58.88526305349387, 44.64082656833681,   0.416093680643291, 352.9120832522903, 42.722669695539956, 361759.6515509299,      0.0, 361759.6515509299,   1.0
 0.10915413816286378, -0.10749196098380086,  21.26560312424894, 58.89043041195635, 44.65872031051901,  0.4159135011279376, 352.8925344806652,  41.72755042304746, 361880.7619481011,      0.0, 361880.7619481011,   1.0
-0.29999939999999997, -0.10749196098380086,  21.26560312424894, 58.89043041195635, 44.65872031051901,  0.4159135011279376, 352.8925344806652,  41.72755042304746,250651.76483177807,      0.0,250651.76483177807,   1.0
 0.10915413816286378,  0.29999939999999997,  21.26560312424894, 58.89043041195635, 44.65872031051901,  0.4159135011279376, 352.8925344806652,  41.72755042304746, 253627.4755399049,      0.0, 253627.4755399049,   1.0
 0.10915413816286378, -0.10749196098380086,  22.26560312424894, 58.89043041195635, 44.65872031051901,  0.4159135011279376, 352.8925344806652,  41.72755042304746,  361934.691593332,      0.0,  361934.691593332,   1.0
 0.10915413816286378, -0.10749196098380086,  21.26560312424894, 59.89043041195635, 44.65872031051901,  0.4159135011279376, 352.8925344806652,  41.72755042304746,362080.25381127134,      0.0,362080.25381127134,   1.0
 0.10915413816286378, -0.10749196098380086,  21.26560312424894, 58.89043041195635, 45.65872031051901,  0.4159135011279376, 352.8925344806652,  41.72755042304746,361802.31198413065,      0.0,361802.31198413065,   1.0
 0.10915413816286378, -0.10749196098380086,  21.26560312424894, 58.89043041195635, 44.65872031051901, 0.02000057999999999, 352.8925344806652,  41.72755042304746,258713.84365563618,      0.0,258713.84365563618,   1.0
 0.10915413816286378, -0.10749196098380086,  21.26560312424894, 58.89043041195635, 44.65872031051901,  0.4159135011279376, 353.8925344806652,  41.72755042304746, 361963.7703680401,      0.0, 361963.7703680401,   1.0
 0.10915413816286378, -0.10749196098380086,  21.26560312424894, 58.89043041195635, 44.65872031051901,  0.4159135011279376, 352.8925344806652,  42.72755042304746,361783.00999869674,      0.0,361783.00999869674,   1.0
 0.10912239915521545, -0.10745994554354063, 21.264728532507462,58.891308414364296,44.661760693499446, 0.41588288625004766,352.88921288633725,  41.72837972307285,361903.84824615886,      0.0,361903.84824615886,   1.0
-0.29999939999999997, -0.10745994554354063, 21.264728532507462,58.891308414364296,44.661760693499446, 0.41588288625004766,352.88921288633725,  41.72837972307285, 250658.0914939125,      0.0, 250658.0914939125,   1.0
 0.10912239915521545,   0.2999993999999999, 21.264728532507462,58.891308414364296,44.661760693499446, 0.41588288625004766,352.88921288633725,  41.72837972307285, 253642.4171479058,      0.0, 253642.4171479058,   1.0
 0.10912239915521545, -0.10745994554354063, 22.264728532507462,58.891308414364296,44.661760693499446, 0.41588288625004766,352.88921288633725,  41.72837972307285, 361956.4483174179,      0.0, 361956.4483174179,   1.0
 0.10912239915521545, -0.10745994554354063, 21.264728532507462,59.891308414364296,44.661760693499446, 0.41588288625004766,352.88921288633725,  41.72837972307285,362080.99480618554,      0.0,362080.99480618554,   1.0
 0.10912239915521545, -0.10745994554354063, 21.264728532507462,58.891308414364296,45.661760693499446, 0.41588288625004766,352.88921288633725,  41.72837972307285, 361811.1650508211,      0.0, 361811.1650508211,   1.0
 0.10912239915521545, -0.10745994554354063, 21.264728532507462,58.891308414364296,44.661760693499446, 0.02000057999999999,352.88921288633725,  41.72837972307285,258605.65462255484,      0.0,258605.65462255484,   1.0
 0.10912239915521545, -0.10745994554354063, 21.264728532507462,58.891308414364296,44.661760693499446, 0.41588288625004766,353.88921288633725,  41.72837972307285, 361989.0272969864,      0.0, 361989.0272969864,   1.0
 0.10912239915521545, -0.10745994554354063, 21.264728532507462,58.891308414364296,44.661760693499446, 0.41588288625004766,352.88921288633725,  42.72837972307285, 361802.7942987002,      0.0, 361802.7942987002,   1.0
  0.1091254856185918, -0.10746305888863748, 21.264813582279945, 58.89122303292117,44.661465031113806, 0.41588586339729894,352.88953589515205,   41.7282990776984,361903.91634478304,      0.0,361903.91634478304,   1.0
-0.29999939999999997, -0.10746305888863748, 21.264813582279945, 58.89122303292117,44.661465031113806, 0.41588586339729894,352.88953589515205,   41.7282990776984,250658.10144919867,      0.0,250658.10144919867,   1.0
  0.1091254856185918,  0.29999939999999997, 21.264813582279945, 58.89122303292117,44.661465031113806, 0.41588586339729894,352.88953589515205,   41.7282990776984,253641.93537720287,      0.0,253641.93537720287,   1.0
  0.1091254856185918, -0.10746305888863748, 22.264813582279945, 58.89122303292117,44.661465031113806, 0.41588586339729894,352.88953589515205,   41.7282990776984,  361956.560513224,      0.0,  361956.560513224,   1.0
  0.1091254856185918, -0.10746305888863748, 21.264813582279945, 59.89122303292117,44.661465031113806, 0.41588586339729894,352.88953589515205,   41.7282990776984, 362081.0380917503,      0.0, 362081.0380917503,   1.0
  0.1091254856185918, -0.10746305888863748, 21.264813582279945, 58.89122303292117,45.661465031113806, 0.41588586339729894,352.88953589515205,   41.7282990776984, 361811.2393698088,      0.0, 361811.2393698088,   1.0
  0.1091254856185918, -0.10746305888863748, 21.264813582279945, 58.89122303292117,44.661465031113806, 0.02000057999999999,352.88953589515205,   41.7282990776984,258605.65668157232,      0.0,258605.65668157232,   1.0
  0.1091254856185918, -0.10746305888863748, 21.264813582279945, 58.89122303292117,44.661465031113806, 0.41588586339729894,353.88953589515205,   41.7282990776984,  361989.270630346,      0.0,  361989.270630346,   1.0
  0.1091254856185918, -0.10746305888863748, 21.264813582279945, 58.89122303292117,44.661465031113806, 0.41588586339729894,352.88953589515205,   42.7282990776984,361802.90846128954,      0.0,361802.90846128954,   1.0
 0.10913981189072779, -0.10747750993621917, 21.265208353264445, 58.89082672243876, 44.66009267081641,  0.4158996822626183,352.89103518790864, 41.727924750372935,361898.34380800364,      0.0,361898.34380800364,   1.0
-0.29999939999999997, -0.10747750993621917, 21.265208353264445, 58.89082672243876, 44.66009267081641,  0.4158996822626183,352.89103518790864, 41.727924750372935, 250652.8197166592,      0.0, 250652.8197166592,   1.0
 0.10913981189072779,  0.29999939999999997, 21.265208353264445, 58.89082672243876, 44.66009267081641,  0.4158996822626183,352.89103518790864, 41.727924750372935,253634.59786032644,      0.0,253634.59786032644,   1.0
 0.10913981189072779, -0.10747750993621917, 22.265208353264445, 58.89082672243876, 44.66009267081641,  0.4158996822626183,352.89103518790864, 41.727924750372935,361954.44019634114,      0.0,361954.44019634114,   1.0
 0.10913981189072779, -0.10747750993621917, 21.265208353264445, 59.89082672243876, 44.66009267081641,  0.4158996822626183,352.89103518790864, 41.727924750372935, 362081.0787033063,      0.0, 362081.0787033063,   1.0
 0.10913981189072779, -0.10747750993621917, 21.265208353264445, 58.89082672243876, 45.66009267081641,  0.4158996822626183,352.89103518790864, 41.727924750372935, 361803.9001728253,      0.0, 361803.9001728253,   1.0
 0.10913981189072779, -0.10747750993621917, 21.265208353264445, 58.89082672243876, 44.66009267081641, 0.02000057999999999,352.89103518790864, 41.727924750372935,258624.74756291613,      0.0,258624.74756291613,   1.0
 0.10913981189072779, -0.10747750993621917, 21.265208353264445, 58.89082672243876, 44.66009267081641,  0.4158996822626183,353.89103518790864, 41.727924750372935, 361985.3227972902,      0.0, 361985.3227972902,   1.0
 0.10913981189072779, -0.10747750993621917, 21.265208353264445, 58.89082672243876, 44.66009267081641,  0.4158996822626183,352.89103518790864, 42.727924750372935, 361799.3446205512,      0.0, 361799.3446205512,   1.0
 0.10912733700196309, -0.10746492639673286, 21.264864598512865,58.891171817739014, 44.66128768106699, 0.41588764920851484, 352.8897296486737,  41.72825070339843,361899.59794007905,      0.0,361899.59794007905,   1.0
-0.29999939999999997, -0.10746492639673286, 21.264864598512865,58.891171817739014, 44.66128768106699, 0.41588764920851484, 352.8897296486737,  41.72825070339843,250657.67334923206,      0.0,250657.67334923206,   1.0
 0.10912733700196309,   0.2999993999999999, 21.264864598512865,58.891171817739014, 44.66128768106699, 0.41588764920851484, 352.8897296486737,  41.72825070339843,253639.39621582645,      0.0,253639.39621582645,   1.0
 0.10912733700196309, -0.10746492639673286, 22.264864598512865,58.891171817739014, 44.66128768106699, 0.41588764920851484, 352.8897296486737,  41.72825070339843,361954.01502273435,      0.0,361954.01502273435,   1.0
 0.10912733700196309, -0.10746492639673286, 21.264864598512865,59.891171817739014, 44.66128768106699, 0.41588764920851484, 352.8897296486737,  41.72825070339843,362081.06673683226,      0.0,362081.06673683226,   1.0
 0.10912733700196309, -0.10746492639673286, 21.264864598512865,58.891171817739014, 45.66128768106699, 0.41588764920851484, 352.8897296486737,  41.72825070339843, 361809.3215823014,      0.0, 361809.3215823014,   1.0
 0.10912733700196309, -0.10746492639673286, 21.264864598512865,58.891171817739014, 44.66128768106699, 0.02000057999999999, 352.8897296486737,  41.72825070339843,258622.55946217815,      0.0,258622.55946217815,   1.0
 0.10912733700196309, -0.10746492639673286, 21.264864598512865,58.891171817739014, 44.66128768106699, 0.41588764920851484, 353.8897296486737,  41.72825070339843, 361986.0495333174,      0.0, 361986.0495333174,   1.0
 0.10912733700196309, -0.10746492639673286, 21.264864598512865,58.891171817739014, 44.66128768106699, 0.41588764920851484, 352.8897296486737,  42.72825070339843,361800.26133740996,      0.0,361800.26133740996,   1.0
  0.1091255687899147, -0.10746314278434553,  21.26481587412703, 58.89122073213651,44.661457063861725, 0.41588594362286624, 352.8895445993119, 41.728296904537196,361903.91634478304,      0.0,361903.91634478304,   1.0
-0.29999939999999997, -0.10746314278434553,  21.26481587412703, 58.89122073213651,44.661457063861725, 0.41588594362286624, 352.8895445993119, 41.728296904537196,250658.10144919867,      0.0,250658.10144919867,   1.0
  0.1091255687899147,  0.29999939999999997,  21.26481587412703, 58.89122073213651,44.661457063861725, 0.41588594362286624, 352.8895445993119, 41.728296904537196,253641.93537720287,      0.0,253641.93537720287,   1.0
  0.1091255687899147, -0.10746314278434553,  22.26481587412703, 58.89122073213651,44.661457063861725, 0.41588594362286624, 352.8895445993119, 41.728296904537196,  361956.560513224,      0.0,  361956.560513224,   1.0
  0.1091255687899147, -0.10746314278434553,  21.26481587412703, 59.89122073213651,44.661457063861725, 0.41588594362286624, 352.8895445993119, 41.728296904537196, 362081.0380917503,      0.0, 362081.0380917503,   1.0
  0.1091255687899147, -0.10746314278434553,  21.26481587412703, 58.89122073213651,45.661457063861725, 0.41588594362286624, 352.8895445993119, 41.728296904537196, 361811.2393698088,      0.0, 361811.2393698088,   1.0
  0.1091255687899147, -0.10746314278434553,  21.26481587412703, 58.89122073213651,44.661457063861725, 0.02000057999999999, 352.8895445993119, 41.728296904537196,258605.69675697328,      0.0,258605.69675697328,   1.0
  0.1091255687899147, -0.10746314278434553,  21.26481587412703, 58.89122073213651,44.661457063861725, 0.41588594362286624, 353.8895445993119, 41.728296904537196,  361989.270630346,      0.0,  361989.270630346,   1.0
  0.1091255687899147, -0.10746314278434553,  21.26481587412703, 58.89122073213651,44.661457063861725, 0.41588594362286624, 352.8895445993119, 42.728296904537196,361802.90846128954,      0.0,361802.90846128954,   1.0
 0.10912673580986663, -0.10746431996852117, 21.264848032221682, 58.89118844863417,  44.6613452712172,  0.4158870693093943,352.88966673189066,  41.72826641178561,361899.59556503216,      0.0,361899.59556503216,   1.0
-0.29999939999999997, -0.10746431996852117, 21.264848032221682, 58.89118844863417,  44.6613452712172,  0.4158870693093943,352.88966673189066,  41.72826641178561,250657.67334923206,      0.0,250657.67334923206,   1.0
 0.10912673580986663,  0.29999939999999997, 21.264848032221682, 58.89118844863417,  44.6613452712172,  0.4158870693093943,352.88966673189066,  41.72826641178561,253639.39504898552,      0.0,253639.39504898552,   1.0
 0.10912673580986663, -0.10746431996852117, 22.264848032221682, 58.89118844863417,  44.6613452712172,  0.4158870693093943,352.88966673189066,  41.72826641178561,361954.01658957475,      0.0,361954.01658957475,   1.0
 0.10912673580986663, -0.10746431996852117, 21.264848032221682, 59.89118844863417,  44.6613452712172,  0.4158870693093943,352.88966673189066,  41.72826641178561,362081.05807096773,      0.0,362081.05807096773,   1.0
 0.10912673580986663, -0.10746431996852117, 21.264848032221682, 58.89118844863417,  45.6613452712172,  0.4158870693093943,352.88966673189066,  41.72826641178561, 361809.3159426623,      0.0, 361809.3159426623,   1.0
 0.10912673580986663, -0.10746431996852117, 21.264848032221682, 58.89118844863417,  44.6613452712172, 0.02000057999999999,352.88966673189066,  41.72826641178561,  258622.566949931,      0.0,  258622.566949931,   1.0
 0.10912673580986663, -0.10746431996852117, 21.264848032221682, 58.89118844863417,  44.6613452712172,  0.4158870693093943,353.88966673189066,  41.72826641178561,361986.05015741853,      0.0,361986.05015741853,   1.0
 0.10912673580986663, -0.10746431996852117, 21.264848032221682, 58.89118844863417,  44.6613452712172,  0.4158870693093943,352.88966673189066,  42.72826641178561,361800.25137623475,      0.0,361800.25137623475,   1.0
 0.10912560476490778, -0.10746317907266477,  21.26481686544447,58.891219736953204,  44.6614536176999,  0.4158859783236997,352.88954836421635,  41.72829596455624,361903.91634478304,      0.0,361903.91634478304,   1.0
-0.29999939999999997, -0.10746317907266477,  21.26481686544447,58.891219736953204,  44.6614536176999,  0.4158859783236997,352.88954836421635,  41.72829596455624,250658.10144919867,      0.0,250658.10144919867,   1.0
 0.10912560476490778,  0.29999939999999997,  21.26481686544447,58.891219736953204,  44.6614536176999,  0.4158859783236997,352.88954836421635,  41.72829596455624,253641.93537720287,      0.0,253641.93537720287,   1.0
 0.10912560476490778, -0.10746317907266477,  22.26481686544447,58.891219736953204,  44.6614536176999,  0.4158859783236997,352.88954836421635,  41.72829596455624,  361956.560513224,      0.0,  361956.560513224,   1.0
 0.10912560476490778, -0.10746317907266477,  21.26481686544447,59.891219736953204,  44.6614536176999,  0.4158859783236997,352.88954836421635,  41.72829596455624, 362081.0380917503,      0.0, 362081.0380917503,   1.0
 0.10912560476490778, -0.10746317907266477,  21.26481686544447,58.891219736953204,  45.6614536176999,  0.4158859783236997,352.88954836421635,  41.72829596455624, 361811.2393698088,      0.0, 361811.2393698088,   1.0
 0.10912560476490778, -0.10746317907266477,  21.26481686544447,58.891219736953204,  44.6614536176999, 0.02000057999999999,352.88954836421635,  41.72829596455624,258605.69675697328,      0.0,258605.69675697328,   1.0
 0.10912560476490778, -0.10746317907266477,  21.26481686544447,58.891219736953204,  44.6614536176999,  0.4158859783236997,353.88954836421635,  41.72829596455624,361989.27077583404,      0.0,361989.27077583404,   1.0
 0.10912560476490778, -0.10746317907266477,  21.26481686544447,58.891219736953204,  44.6614536176999,  0.4158859783236997,352.88954836421635,  42.72829596455624,361802.90846128954,      0.0,361802.90846128954,   1.0
 0.10912635125458062,    -0.10746393206393,  21.26483743551743, 58.89119908666264, 44.66138210902132,  0.4158866983742582, 352.8896264868814, 41.728276459727624, 361899.5787445316,      0.0, 361899.5787445316,   1.0
          -0.2999994,    -0.10746393206393,  21.26483743551743, 58.89119908666264, 44.66138210902132,  0.4158866983742582, 352.8896264868814, 41.728276459727624,250657.70606453563,      0.0,250657.70606453563,   1.0
 0.10912635125458062,  0.29999939999999997,  21.26483743551743, 58.89119908666264, 44.66138210902132,  0.4158866983742582, 352.8896264868814, 41.728276459727624,253639.41147169084,      0.0,253639.41147169084,   1.0
 0.10912635125458062,    -0.10746393206393,  22.26483743551743, 58.89119908666264, 44.66138210902132,  0.4158866983742582, 352.8896264868814, 41.728276459727624,361953.99932262773,      0.0,361953.99932262773,   1.0
 0.10912635125458062,    -0.10746393206393,  21.26483743551743, 59.89119908666264, 44.66138210902132,  0.4158866983742582, 352.8896264868814, 41.728276459727624, 362081.0720146805,      0.0, 362081.0720146805,   1.0
 0.10912635125458062,    -0.10746393206393,  21.26483743551743, 58.89119908666264, 45.66138210902132,  0.4158866983742582, 352.8896264868814, 41.728276459727624,361809.31664307823,      0.0,361809.31664307823,   1.0
 0.10912635125458062,    -0.10746393206393,  21.26483743551743, 58.89119908666264, 44.66138210902132, 0.02000057999999999, 352.8896264868814, 41.728276459727624, 258622.5209643622,      0.0, 258622.5209643622,   1.0
 0.10912635125458062,    -0.10746393206393,  21.26483743551743, 58.89119908666264, 44.66138210902132,  0.4158866983742582, 353.8896264868814, 41.728276459727624,361986.02376607724,      0.0,361986.02376607724,   1.0
 0.10912635125458062,    -0.10746393206393,  21.26483743551743, 58.89119908666264, 44.66138210902132,  0.4158866983742582, 352.8896264868814, 42.728276459727624,361800.23661025026,      0.0,361800.23661025026,   1.0
 0.10912560476490778, -0.10746317907266477,  21.26481686544447,58.891219736953204,  44.6614536176999,  0.4158859783236997,352.88954836421635,  41.72829596455624,361903.91634478304,      0.0,361903.91634478304,   1.0
-0.29999939999999997, -0.10746317907266477,  21.26481686544447,58.891219736953204,  44.6614536176999,  0.4158859783236997,352.88954836421635,  41.72829596455624,250658.10144919867,      0.0,250658.10144919867,   1.0
 0.10912560476490778,  0.29999939999999997,  21.26481686544447,58.891219736953204,  44.6614536176999,  0.4158859783236997,352.88954836421635,  41.72829596455624,253641.93537720287,      0.0,253641.93537720287,   1.0
 0.10912560476490778, -0.10746317907266477,  22.26481686544447,58.891219736953204,  44.6614536176999,  0.4158859783236997,352.88954836421635,  41.72829596455624,  361956.560513224,      0.0,  361956.560513224,   1.0
 0.10912560476490778, -0.10746317907266477,  21.26481686544447,59.891219736953204,  44.6614536176999,  0.4158859783236997,352.88954836421635,  41.72829596455624, 362081.0380917503,      0.0, 362081.0380917503,   1.0
 0.10912560476490778, -0.10746317907266477,  21.26481686544447,58.891219736953204,  45.6614536176999,  0.4158859783236997,352.88954836421635,  41.72829596455624, 361811.2393698088,      0.0, 361811.2393698088,   1.0
 0.10912560476490778, -0.10746317907266477,  21.26481686544447,58.891219736953204,  44.6614536176999, 0.02000057999999999,352.88954836421635,  41.72829596455624,258605.69675697328,      0.0,258605.69675697328,   1.0
 0.10912560476490778, -0.10746317907266477,  21.26481686544447,58.891219736953204,  44.6614536176999,  0.4158859783236997,353.88954836421635,  41.72829596455624,361989.27077583404,      0.0,361989.27077583404,   1.0
 0.10912560476490778, -0.10746317907266477,  21.26481686544447,58.891219736953204,  44.6614536176999,  0.4158859783236997,352.88954836421635,  42.72829596455624,361802.90846128954,      0.0,361802.90846128954,   1.0
 0.29999939999999997, -0.29999939999999997, 26.525301579892368,  53.6102211603167,  26.3741918349929,          0.59999942,372.86823778925265,  36.74023012129053, 311149.3400460094,      0.0, 311149.3400460094,   1.0
-0.29999939999999997, -0.29999939999999997, 26.525301579892368,  53.6102211603167,  26.3741918349929,          0.59999942,372.86823778925265,  36.74023012129053,216043.99458118336,      0.0,216043.99458118336,   1.0
 0.29999939999999997,  0.29999939999999997, 26.525301579892368,  53.6102211603167,  26.3741918349929,          0.59999942,372.86823778925265,  36.74023012129053,208564.53005635738,      0.0,208564.53005635738,   1.0
 0.29999939999999997, -0.29999939999999997, 27.525301579892368,  53.6102211603167,  26.3741918349929,          0.59999942,372.86823778925265,  36.74023012129053, 310213.4489142252,      0.0, 310213.4489142252,   1.0
 0.29999939999999997, -0.29999939999999997, 26.525301579892368,  54.6102211603167,  26.3741918349929,          0.59999942,372.86823778925265,  36.74023012129053,311399.26919740177,      0.0,311399.26919740177,   1.0
 0.29999939999999997, -0.29999939999999997, 26.525301579892368,  53.6102211603167,  27.3741918349929,          0.59999942,372.86823778925265,  36.74023012129053, 312815.6127687202,      0.0, 312815.6127687202,   1.0
 0.29999939999999997, -0.29999939999999997, 26.525301579892368,  53.6102211603167,  26.3741918349929,0.020000580000000046,372.86823778925265,  36.74023012129053,290763.21211684006,      0.0,290763.21211684006,   1.0
 0.29999939999999997, -0.29999939999999997, 26.525301579892368,  53.6102211603167,  26.3741918349929,          0.59999942,373.86823778925265,  36.74023012129053, 311301.2839417086,      0.0, 311301.2839417086,   1.0
 0.29999939999999997, -0.29999939999999997, 26.525301579892368,  53.6102211603167,  26.3741918349929,          0.59999942,372.86823778925265,  37.74023012129053, 312385.9126385441,      0.0, 312385.9126385441,   1.0
 0.14504172093552142, -0.14369210860885367, 22.254665576133867, 57.89751099793165,41.220397616161485,  0.4505300202241238, 356.6488749362187, 40.789707448134976, 357945.4892046081,      0.0, 357945.4892046081,   1.0
-0.29999939999999997, -0.14369210860885367, 22.254665576133867, 57.89751099793165,41.220397616161485,  0.4505300202241238, 356.6488749362187, 40.789707448134976,244755.29964727932,      0.0,244755.29964727932,   1.0
 0.14504172093552142,  0.29999939999999997, 22.254665576133867, 57.89751099793165,41.220397616161485,  0.4505300202241238, 356.6488749362187, 40.789707448134976,235553.27217928472,      0.0,235553.27217928472,   1.0
 0.14504172093552142, -0.14369210860885367, 23.254665576133867, 57.89751099793165,41.220397616161485,  0.4505300202241238, 356.6488749362187, 40.789707448134976,357830.86909092916,      0.0,357830.86909092916,   1.0
 0.14504172093552142, -0.14369210860885367, 22.254665576133867, 58.89751099793165,41.220397616161485,  0.4505300202241238, 356.6488749362187, 40.789707448134976, 358198.7017193304,      0.0, 358198.7017193304,   1.0
 0.14504172093552142, -0.14369210860885367, 22.254665576133867, 57.89751099793165,42.220397616161485,  0.4505300202241238, 356.6488749362187, 40.789707448134976, 357921.6057926596,      0.0, 357921.6057926596,   1.0
 0.14504172093552142, -0.14369210860885367, 22.254665576133867, 57.89751099793165,41.220397616161485, 0.02000057999999999, 356.6488749362187, 40.789707448134976, 279194.3529830159,      0.0, 279194.3529830159,   1.0
 0.14504172093552142, -0.14369210860885367, 22.254665576133867, 57.89751099793165,41.220397616161485,  0.4505300202241238, 357.6488749362187, 40.789707448134976,358082.74817528296,      0.0,358082.74817528296,   1.0
 0.14504172093552142, -0.14369210860885367, 22.254665576133867, 57.89751099793165,41.220397616161485,  0.4505300202241238, 356.6488749362187, 41.789707448134976,358037.86034410965,      0.0,358037.86034410965,   1.0
 0.11580118343033777,  -0.1141968990532519,  21.44879591550913, 58.70652323952704, 44.02187889527447,  0.4223251218518064,353.58827870970333,  41.55384443293529, 361310.2312048396,      0.0, 361310.2312048396,   1.0
          -0.2999994,  -0.1141968990532519,  21.44879591550913, 58.70652323952704, 44.02187889527447,  0.4223251218518064,353.58827870970333,  41.55384443293529, 249668.5070374973,      0.0, 249668.5070374973,   1.0
 0.11580118343033777,   0.2999993999999999,  21.44879591550913, 58.70652323952704, 44.02187889527447,  0.4223251218518064,353.58827870970333,  41.55384443293529, 249743.3432992137,      0.0, 249743.3432992137,   1.0
 0.11580118343033777,  -0.1141968990532519,  22.44879591550913, 58.70652323952704, 44.02187889527447,  0.4223251218518064,353.58827870970333,  41.55384443293529,361276.58272456686,      0.0,361276.58272456686,   1.0
 0.11580118343033777,  -0.1141968990532519,  21.44879591550913, 59.70652323952704, 44.02187889527447,  0.4223251218518064,353.58827870970333,  41.55384443293529,361470.01229433663,      0.0,361470.01229433663,   1.0
 0.11580118343033777,  -0.1141968990532519,  21.44879591550913, 58.70652323952704, 45.02187889527447,  0.4223251218518064,353.58827870970333,  41.55384443293529, 361115.2953237201,      0.0, 361115.2953237201,   1.0
 0.11580118343033777,  -0.1141968990532519,  21.44879591550913, 58.70652323952704, 44.02187889527447, 0.02000057999999999,353.58827870970333,  41.55384443293529, 263162.8565560187,      0.0, 263162.8565560187,   1.0
 0.11580118343033777,  -0.1141968990532519,  21.44879591550913, 58.70652323952704, 44.02187889527447,  0.4223251218518064,354.58827870970333,  41.55384443293529, 361400.4471447283,      0.0, 361400.4471447283,   1.0
 0.11580118343033777,  -0.1141968990532519,  21.44879591550913, 58.70652323952704, 44.02187889527447,  0.4223251218518064,353.58827870970333,  42.55384443293529, 361244.2853275106,      0.0, 361244.2853275106,   1.0
 0.11035851426676287, -0.10870682666682618, 21.298795870162316, 58.85710822721768, 44.54333086131503,  0.4170752207306125, 353.0185965449601,  41.69607659276418, 361780.9889429015,      0.0, 361780.9889429015,   1.0
-0.29999939999999997, -0.10870682666682618, 21.298795870162316, 58.85710822721768, 44.54333086131503,  0.4170752207306125, 353.0185965449601,  41.69607659276418, 250539.1487577247,      0.0, 250539.1487577247,   1.0
 0.11035851426676287,  0.29999939999999997, 21.298795870162316, 58.85710822721768, 44.54333086131503,  0.4170752207306125, 353.0185965449601,  41.69607659276418,253033.18997585383,      0.0,253033.18997585383,   1.0
 0.11035851426676287, -0.10870682666682618, 22.298795870162316, 58.85710822721768, 44.54333086131503,  0.4170752207306125, 353.0185965449601,  41.69607659276418, 361824.6028066036,      0.0, 361824.6028066036,   1.0
 0.11035851426676287, -0.10870682666682618, 21.298795870162316, 59.85710822721768, 44.54333086131503,  0.4170752207306125, 353.0185965449601,  41.69607659276418,362000.51280426304,      0.0,362000.51280426304,   1.0
 0.11035851426676287, -0.10870682666682618, 21.298795870162316, 58.85710822721768, 45.54333086131503,  0.4170752207306125, 353.0185965449601,  41.69607659276418,361729.18487802247,      0.0,361729.18487802247,   1.0
 0.11035851426676287, -0.10870682666682618, 21.298795870162316, 58.85710822721768, 44.54333086131503, 0.02000057999999999, 353.0185965449601,  41.69607659276418, 259863.1985192975,      0.0, 259863.1985192975,   1.0
 0.11035851426676287, -0.10870682666682618, 21.298795870162316, 58.85710822721768, 44.54333086131503,  0.4170752207306125, 354.0185965449601,  41.69607659276418,  361856.721865436,      0.0,  361856.721865436,   1.0
 0.11035851426676287, -0.10870682666682618, 21.298795870162316, 58.85710822721768, 44.54333086131503,  0.4170752207306125, 353.0185965449601,  42.69607659276418, 361700.2661046291,      0.0, 361700.2661046291,   1.0
 0.10935009280472463, -0.10768962230326375, 21.271003759253432, 58.88500871664377, 44.63994583793285, 0.41610251546320043, 352.9130454441671, 41.722429464535885, 361859.8409538341,      0.0, 361859.8409538341,   1.0
-0.29999939999999997, -0.10768962230326375, 21.271003759253432, 58.88500871664377, 44.63994583793285, 0.41610251546320043, 352.9130454441671, 41.722429464535885,250644.05066418662,      0.0,250644.05066418662,   1.0
 0.10935009280472463,  0.29999939999999997, 21.271003759253432, 58.88500871664377, 44.63994583793285, 0.41610251546320043, 352.9130454441671, 41.722429464535885,253515.01934974172,      0.0,253515.01934974172,   1.0
 0.10935009280472463, -0.10768962230326375, 22.271003759253432, 58.88500871664377, 44.63994583793285, 0.41610251546320043, 352.9130454441671, 41.722429464535885, 361902.0908268917,      0.0, 361902.0908268917,   1.0
 0.10935009280472463, -0.10768962230326375, 21.271003759253432, 59.88500871664377, 44.63994583793285, 0.41610251546320043, 352.9130454441671, 41.722429464535885, 362084.7137219692,      0.0, 362084.7137219692,   1.0
 0.10935009280472463, -0.10768962230326375, 21.271003759253432, 58.88500871664377, 45.63994583793285, 0.41610251546320043, 352.9130454441671, 41.722429464535885, 361794.7694874072,      0.0, 361794.7694874072,   1.0
 0.10935009280472463, -0.10768962230326375, 21.271003759253432, 58.88500871664377, 44.63994583793285, 0.02000057999999999, 352.9130454441671, 41.722429464535885,259180.40734232217,      0.0,259180.40734232217,   1.0
 0.10935009280472463, -0.10768962230326375, 21.271003759253432, 58.88500871664377, 44.63994583793285, 0.41610251546320043, 353.9130454441671, 41.722429464535885, 361926.0454394286,      0.0, 361926.0454394286,   1.0
 0.10935009280472463, -0.10768962230326375, 21.271003759253432, 58.88500871664377, 44.63994583793285, 0.41610251546320043, 352.9130454441671, 42.722429464535885, 361759.6891965547,      0.0, 361759.6891965547,   1.0
 0.10916153321465306, -0.10749942044319558, 21.265807054068667, 58.89022568697514, 44.65801138004161,  0.4159206342623452,352.89330898173904,  41.72735705372904, 361878.0526359414,      0.0, 361878.0526359414,   1.0
-0.29999939999999997, -0.10749942044319558, 21.265807054068667, 58.89022568697514, 44.65801138004161,  0.4159206342623452,352.89330898173904,  41.72735705372904,250649.76723275328,      0.0,250649.76723275328,   1.0
 0.10916153321465306,   0.2999993999999999, 21.265807054068667, 58.89022568697514, 44.65801138004161,  0.4159206342623452,352.89330898173904,  41.72735705372904, 253630.9854650165,      0.0, 253630.9854650165,   1.0
 0.10916153321465306, -0.10749942044319558, 22.265807054068667, 58.89022568697514, 44.65801138004161,  0.4159206342623452,352.89330898173904,  41.72735705372904, 361932.1684339611,      0.0, 361932.1684339611,   1.0
 0.10916153321465306, -0.10749942044319558, 21.265807054068667, 59.89022568697514, 44.65801138004161,  0.4159206342623452,352.89330898173904,  41.72735705372904,362080.41193941404,      0.0,362080.41193941404,   1.0
 0.10916153321465306, -0.10749942044319558, 21.265807054068667, 58.89022568697514, 45.65801138004161,  0.4159206342623452,352.89330898173904,  41.72735705372904, 361800.3679995972,      0.0, 361800.3679995972,   1.0
 0.10916153321465306, -0.10749942044319558, 21.265807054068667, 58.89022568697514, 44.65801138004161, 0.02000057999999999,352.89330898173904,  41.72735705372904,258672.92589377903,      0.0,258672.92589377903,   1.0
 0.10916153321465306, -0.10749942044319558, 21.265807054068667, 58.89022568697514, 44.65801138004161,  0.4159206342623452,353.89330898173904,  41.72735705372904,361961.04792324617,      0.0,361961.04792324617,   1.0
 0.10916153321465306, -0.10749942044319558, 21.265807054068667, 58.89022568697514, 44.65801138004161,  0.4159206342623452,352.89330898173904,  42.72735705372904,361783.89365892607,      0.0,361783.89365892607,   1.0
 0.10912911809543305, -0.10746672300273317, 21.264913692887454, 58.89112253192052, 44.66111701206493,  0.4158893672193517, 352.8899161032207, 41.728204151408356,361899.59424012527,      0.0,361899.59424012527,   1.0
          -0.2999994, -0.10746672300273317, 21.264913692887454, 58.89112253192052, 44.66111701206493,  0.4158893672193517, 352.8899161032207, 41.728204151408356,250657.66847803612,      0.0,250657.66847803612,   1.0
 0.10912911809543305,  0.29999939999999997, 21.264913692887454, 58.89112253192052, 44.66111701206493,  0.4158893672193517, 352.8899161032207, 41.728204151408356,253639.34160142948,      0.0,253639.34160142948,   1.0
 0.10912911809543305, -0.10746672300273317, 22.264913692887454, 58.89112253192052, 44.66111701206493,  0.4158893672193517, 352.8899161032207, 41.728204151408356,  361954.286561564,      0.0,  361954.286561564,   1.0
 0.10912911809543305, -0.10746672300273317, 21.264913692887454, 59.89112253192052, 44.66111701206493,  0.4158893672193517, 352.8899161032207, 41.728204151408356,362081.16977085837,      0.0,362081.16977085837,   1.0
 0.10912911809543305, -0.10746672300273317, 21.264913692887454, 58.89112253192052, 45.66111701206493,  0.4158893672193517, 352.8899161032207, 41.728204151408356,    361810.9467259,      0.0,    361810.9467259,   1.0
 0.10912911809543305, -0.10746672300273317, 21.264913692887454, 58.89112253192052, 44.66111701206493, 0.02000057999999999, 352.8899161032207, 41.728204151408356,258622.56679471157,      0.0,258622.56679471157,   1.0
 0.10912911809543305, -0.10746672300273317, 21.264913692887454, 58.89112253192052, 44.66111701206493,  0.4158893672193517, 353.8899161032207, 41.728204151408356,361985.93243197625,      0.0,361985.93243197625,   1.0
 0.10912911809543305, -0.10746672300273317, 21.264913692887454, 58.89112253192052, 44.66111701206493,  0.4158893672193517, 352.8899161032207, 42.728204151408356, 361800.5082929506,      0.0, 361800.5082929506,   1.0
 0.10912585481574924, -0.10746343130133762, 21.264823756849484, 58.89121281867437,44.661429660795854,  0.4158862195182595, 352.8895745369453,  41.72828943002875,361901.30024657777,      0.0,361901.30024657777,   1.0
          -0.2999994, -0.10746343130133762, 21.264823756849484, 58.89121281867437,44.661429660795854,  0.4158862195182595, 352.8895745369453,  41.72828943002875,250657.80490305007,      0.0,250657.80490305007,   1.0
 0.10912585481574924,  0.29999939999999997, 21.264823756849484, 58.89121281867437,44.661429660795854,  0.4158862195182595, 352.8895745369453,  41.72828943002875, 253639.3737924113,      0.0, 253639.3737924113,   1.0
 0.10912585481574924, -0.10746343130133762, 22.264823756849484, 58.89121281867437,44.661429660795854,  0.4158862195182595, 352.8895745369453,  41.72828943002875,361953.85503932205,      0.0,361953.85503932205,   1.0
 0.10912585481574924, -0.10746343130133762, 21.264823756849484, 59.89121281867437,44.661429660795854,  0.4158862195182595, 352.8895745369453,  41.72828943002875, 362081.0380917503,      0.0, 362081.0380917503,   1.0
 0.10912585481574924, -0.10746343130133762, 21.264823756849484, 58.89121281867437,45.661429660795854,  0.4158862195182595, 352.8895745369453,  41.72828943002875, 361811.2393698088,      0.0, 361811.2393698088,   1.0
 0.10912585481574924, -0.10746343130133762, 21.264823756849484, 58.89121281867437,44.661429660795854, 0.02000057999999999, 352.8895745369453,  41.72828943002875,258622.54793547973,      0.0,258622.54793547973,   1.0
 0.10912585481574924, -0.10746343130133762, 21.264823756849484, 58.89121281867437,44.661429660795854,  0.4158862195182595, 353.8895745369453,  41.72828943002875,361986.01683122246,      0.0,361986.01683122246,   1.0
 0.10912585481574924, -0.10746343130133762, 21.264823756849484, 58.89121281867437,44.661429660795854,  0.4158862195182595, 352.8895745369453,  42.72828943002875, 361800.3195264336,      0.0, 361800.3195264336,   1.0
 0.10912560779151045,  -0.1074631821256278, 21.264816948857685,58.891219653214705, 44.66145332772675, 0.41588598124310644, 352.8895486810097,  41.72829588546265,361903.91634478304,      0.0,361903.91634478304,   1.0
 -0.2999993999999999,  -0.1074631821256278, 21.264816948857685,58.891219653214705, 44.66145332772675, 0.41588598124310644, 352.8895486810097,  41.72829588546265,250658.10144919867,      0.0,250658.10144919867,   1.0
 0.10912560779151045,            0.2999994, 21.264816948857685,58.891219653214705, 44.66145332772675, 0.41588598124310644, 352.8895486810097,  41.72829588546265,253641.93537720287,      0.0,253641.93537720287,   1.0
 0.10912560779151045,  -0.1074631821256278, 22.264816948857685,58.891219653214705, 44.66145332772675, 0.41588598124310644, 352.8895486810097,  41.72829588546265,  361956.560513224,      0.0,  361956.560513224,   1.0
 0.10912560779151045,  -0.1074631821256278, 21.264816948857685,59.891219653214705, 44.66145332772675, 0.41588598124310644, 352.8895486810097,  41.72829588546265, 362081.0380917503,      0.0, 362081.0380917503,   1.0
 0.10912560779151045,  -0.1074631821256278, 21.264816948857685,58.891219653214705, 45.66145332772675, 0.41588598124310644, 352.8895486810097,  41.72829588546265, 361811.2393698088,      0.0, 361811.2393698088,   1.0
 0.10912560779151045,  -0.1074631821256278, 21.264816948857685,58.891219653214705, 44.66145332772675, 0.02000057999999999, 352.8895486810097,  41.72829588546265,258605.69675697328,      0.0,258605.69675697328,   1.0
 0.10912560779151045,  -0.1074631821256278, 21.264816948857685,58.891219653214705, 44.66145332772675, 0.41588598124310644, 353.8895486810097,  41.72829588546265,361989.27077583404,      0.0,361989.27077583404,   1.0
 0.10912560779151045,  -0.1074631821256278, 21.264816948857685,58.891219653214705, 44.66145332772675, 0.41588598124310644, 352.8895486810097,  42.72829588546265,361802.90846128954,      0.0,361802.90846128954,   1.0
 0.10912560540363092, -0.10746317971695091,  21.26481688304769, 58.89121971928134, 44.66145355650503,  0.4158859789398006,352.88954843107126, 41.728295947864616,361903.91634478304,      0.0,361903.91634478304,   1.0
-0.29999939999999997, -0.10746317971695091,  21.26481688304769, 58.89121971928134, 44.66145355650503,  0.4158859789398006,352.88954843107126, 41.728295947864616,250658.10144919867,      0.0,250658.10144919867,   1.0
 0.10912560540363092,  0.29999939999999997,  21.26481688304769, 58.89121971928134, 44.66145355650503,  0.4158859789398006,352.88954843107126, 41.728295947864616,253641.93537720287,      0.0,253641.93537720287,   1.0
 0.10912560540363092, -0.10746317971695091,  22.26481688304769, 58.89121971928134, 44.66145355650503,  0.4158859789398006,352.88954843107126, 41.728295947864616,  361956.560513224,      0.0,  361956.560513224,   1.0
 0.10912560540363092, -0.10746317971695091,  21.26481688304769, 59.89121971928134, 44.66145355650503,  0.4158859789398006,352.88954843107126, 41.728295947864616, 362081.0380917503,      0.0, 362081.0380917503,   1.0
 0.10912560540363092, -0.10746317971695091,  21.26481688304769, 58.89121971928134, 45.66145355650503,  0.4158859789398006,352.88954843107126, 41.728295947864616, 361811.2393698088,      0.0, 361811.2393698088,   1.0
 0.10912560540363092, -0.10746317971695091,  21.26481688304769, 58.89121971928134, 44.66145355650503, 0.02000057999999999,352.88954843107126, 41.728295947864616,258605.69675697328,      0.0,258605.69675697328,   1.0
 0.10912560540363092, -0.10746317971695091,  21.26481688304769, 58.89121971928134, 44.66145355650503,  0.4158859789398006,353.88954843107126, 41.728295947864616,361989.27077583404,      0.0,361989.27077583404,   1.0
 0.10912560540363092, -0.10746317971695091,  21.26481688304769, 58.89121971928134, 44.66145355650503,  0.4158859789398006,352.88954843107126, 42.728295947864616,361802.90846128954,      0.0,361802.90846128954,   1.0
 0.10912560489970156, -0.10746317920863256,  21.26481686915939,  58.8912197332238, 44.66145360478556,  0.4158859784537194, 352.8895483783252,   41.7282959610337,361903.91634478304,      0.0,361903.91634478304,   1.0
-0.29999939999999997, -0.10746317920863256,  21.26481686915939,  58.8912197332238, 44.66145360478556,  0.4158859784537194, 352.8895483783252,   41.7282959610337,250658.10144919867,      0.0,250658.10144919867,   1.0
 0.10912560489970156,  0.29999939999999997,  21.26481686915939,  58.8912197332238, 44.66145360478556,  0.4158859784537194, 352.8895483783252,   41.7282959610337,253641.93537720287,      0.0,253641.93537720287,   1.0
 0.10912560489970156, -0.10746317920863256,  22.26481686915939,  58.8912197332238, 44.66145360478556,  0.4158859784537194, 352.8895483783252,   41.7282959610337,  361956.560513224,      0.0,  361956.560513224,   1.0
 0.10912560489970156, -0.10746317920863256,  21.26481686915939,  59.8912197332238, 44.66145360478556,  0.4158859784537194, 352.8895483783252,   41.7282959610337, 362081.0380917503,      0.0, 362081.0380917503,   1.0
 0.10912560489970156, -0.10746317920863256,  21.26481686915939,  58.8912197332238, 45.66145360478556,  0.4158859784537194, 352.8895483783252,   41.7282959610337, 361811.2393698088,      0.0, 361811.2393698088,   1.0
 0.10912560489970156, -0.10746317920863256,  21.26481686915939,  58.8912197332238, 44.66145360478556, 0.02000057999999999, 352.8895483783252,   41.7282959610337,258605.69675697328,      0.0,258605.69675697328,   1.0
 0.10912560489970156, -0.10746317920863256,  21.26481686915939,  58.8912197332238, 44.66145360478556,  0.4158859784537194, 353.8895483783252,   41.7282959610337,361989.27077583404,      0.0,361989.27077583404,   1.0
 0.10912560489970156, -0.10746317920863256,  21.26481686915939,  58.8912197332238, 44.66145360478556,  0.4158859784537194, 352.8895483783252,   42.7282959610337,361802.90846128954,      0.0,361802.90846128954,   1.0
 0.10912560479335416,  -0.1074631791013589,  21.26481686622845,58.891219736166164,44.661453614974505,  0.4158859783511386, 352.8895483671938, 41.728295963812855,361903.91634478304,      0.0,361903.91634478304,   1.0
-0.29999939999999997,  -0.1074631791013589,  21.26481686622845,58.891219736166164,44.661453614974505,  0.4158859783511386, 352.8895483671938, 41.728295963812855,250658.10144919867,      0.0,250658.10144919867,   1.0
 0.10912560479335416,  0.29999939999999997,  21.26481686622845,58.891219736166164,44.661453614974505,  0.4158859783511386, 352.8895483671938, 41.728295963812855,253641.93537720287,      0.0,253641.93537720287,   1.0
 0.10912560479335416,  -0.1074631791013589,  22.26481686622845,58.891219736166164,44.661453614974505,  0.4158859783511386, 352.8895483671938, 41.728295963812855,  361956.560513224,      0.0,  361956.560513224,   1.0
 0.10912560479335416,  -0.1074631791013589,  21.26481686622845,59.891219736166164,44.661453614974505,  0.4158859783511386, 352.8895483671938, 41.728295963812855, 362081.0380917503,      0.0, 362081.0380917503,   1.0
 0.10912560479335416,  -0.1074631791013589,  21.26481686622845,58.891219736166164,45.661453614974505,  0.4158859783511386, 352.8895483671938, 41.728295963812855, 361811.2393698088,      0.0, 361811.2393698088,   1.0
 0.10912560479335416,  -0.1074631791013589,  21.26481686622845,58.891219736166164,44.661453614974505, 0.02000057999999999, 352.8895483671938, 41.728295963812855,258605.69675697328,      0.0,258605.69675697328,   1.0
 0.10912560479335416,  -0.1074631791013589,  21.26481686622845,58.891219736166164,44.661453614974505,  0.4158859783511386, 353.8895483671938, 41.728295963812855,361989.27077583404,      0.0,361989.27077583404,   1.0
 0.10912560479335416,  -0.1074631791013589,  21.26481686622845,58.891219736166164,44.661453614974505,  0.4158859783511386, 352.8895483671938, 42.728295963812855,361802.90846128954,      0.0,361802.90846128954,   1.0
   0.109125604770911, -0.10746317907872027,  21.26481686560992, 58.89121973678711, 44.66145361712474,  0.4158859783294903, 352.8895483648447,  41.72829596439936,361903.91634478304,      0.0,361903.91634478304,   1.0
-0.29999939999999997, -0.10746317907872027,  21.26481686560992, 58.89121973678711, 44.66145361712474,  0.4158859783294903, 352.8895483648447,  41.72829596439936,250658.10144919867,      0.0,250658.10144919867,   1.0
   0.109125604770911,  0.29999939999999997,  21.26481686560992, 58.89121973678711, 44.66145361712474,  0.4158859783294903, 352.8895483648447,  41.72829596439936,253641.93537720287,      0.0,253641.93537720287,   1.0
   0.109125604770911, -0.10746317907872027,  22.26481686560992, 58.89121973678711, 44.66145361712474,  0.4158859783294903, 352.8895483648447,  41.72829596439936,  361956.560513224,      0.0,  361956.560513224,   1.0
   0.109125604770911, -0.10746317907872027,  21.26481686560992, 59.89121973678711, 44.66145361712474,  0.4158859783294903, 352.8895483648447,  41.72829596439936, 362081.0380917503,      0.0, 362081.0380917503,   1.0
   0.109125604770911, -0.10746317907872027,  21.26481686560992, 58.89121973678711, 45.66145361712474,  0.4158859783294903, 352.8895483648447,  41.72829596439936, 361811.2393698088,      0.0, 361811.2393698088,   1.0
   0.109125604770911, -0.10746317907872027,  21.26481686560992, 58.89121973678711, 44.66145361712474, 0.02000057999999999, 352.8895483648447,  41.72829596439936,258605.69675697328,      0.0,258605.69675697328,   1.0
   0.109125604770911, -0.10746317907872027,  21.26481686560992, 58.89121973678711, 44.66145361712474,  0.4158859783294903, 353.8895483648447,  41.72829596439936,361989.27077583404,      0.0,361989.27077583404,   1.0
   0.109125604770911, -0.10746317907872027,  21.26481686560992, 58.89121973678711, 44.66145361712474,  0.4158859783294903, 352.8895483648447,  42.72829596439936,361802.90846128954,      0.0,361802.90846128954,   1.0
 0.10912560476617468,  -0.1074631790739427, 21.264816865479386, 58.89121973691815,44.661453617578516, 0.41588597832492175,352.88954836434897,  41.72829596452313,361903.91634478304,      0.0,361903.91634478304,   1.0
-0.29999939999999997,  -0.1074631790739427, 21.264816865479386, 58.89121973691815,44.661453617578516, 0.41588597832492175,352.88954836434897,  41.72829596452313,250658.10144919867,      0.0,250658.10144919867,   1.0
 0.10912560476617468,  0.29999939999999997, 21.264816865479386, 58.89121973691815,44.661453617578516, 0.41588597832492175,352.88954836434897,  41.72829596452313,253641.93537720287,      0.0,253641.93537720287,   1.0
 0.10912560476617468,  -0.1074631790739427, 22.264816865479386, 58.89121973691815,44.661453617578516, 0.41588597832492175,352.88954836434897,  41.72829596452313,  361956.560513224,      0.0,  361956.560513224,   1.0
 0.10912560476617468,  -0.1074631790739427, 21.264816865479386, 59.89121973691815,44.661453617578516, 0.41588597832492175,352.88954836434897,  41.72829596452313, 362081.0380917503,      0.0, 362081.0380917503,   1.0
 0.10912560476617468,  -0.1074631790739427, 21.264816865479386, 58.89121973691815,45.661453617578516, 0.41588597832492175,352.88954836434897,  41.72829596452313, 361811.2393698088,      0.0, 361811.2393698088,   1.0
 0.10912560476617468,  -0.1074631790739427, 21.264816865479386, 58.89121973691815,44.661453617578516, 0.02000057999999999,352.88954836434897,  41.72829596452313,258605.69675697328,      0.0,258605.69675697328,   1.0
 0.10912560476617468,  -0.1074631790739427, 21.264816865479386, 58.89121973691815,44.661453617578516, 0.41588597832492175,353.88954836434897,  41.72829596452313,361989.27077583404,      0.0,361989.27077583404,   1.0
 0.10912560476617468,  -0.1074631790739427, 21.264816865479386, 58.89121973691815,44.661453617578516, 0.41588597832492175,352.88954836434897,  42.72829596452313,361802.90846128954,      0.0,361802.90846128954,   1.0
 0.10912560476517513, -0.10746317907293446, 21.264816865451838, 58.89121973694581, 44.66145361767428, 0.41588597832395763, 352.8895483642443, 41.728295964549254,361903.91634478304,      0.0,361903.91634478304,   1.0
-0.29999939999999997, -0.10746317907293446, 21.264816865451838, 58.89121973694581, 44.66145361767428, 0.41588597832395763, 352.8895483642443, 41.728295964549254,250658.10144919867,      0.0,250658.10144919867,   1.0
 0.10912560476517513,  0.29999939999999997, 21.264816865451838, 58.89121973694581, 44.66145361767428, 0.41588597832395763, 352.8895483642443, 41.728295964549254,253641.93537720287,      0.0,253641.93537720287,   1.0
 0.10912560476517513, -0.10746317907293446, 22.264816865451838, 58.89121973694581, 44.66145361767428, 0.41588597832395763, 352.8895483642443, 41.728295964549254,  361956.560513224,      0.0,  361956.560513224,   1.0
 0.10912560476517513, -0.10746317907293446, 21.264816865451838, 59.89121973694581, 44.66145361767428, 0.41588597832395763, 352.8895483642443, 41.728295964549254, 362081.0380917503,      0.0, 362081.0380917503,   1.0
 0.10912560476517513, -0.10746317907293446, 21.264816865451838, 58.89121973694581, 45.66145361767428, 0.41588597832395763, 352.8895483642443, 41.728295964549254, 361811.2393698088,      0.0, 361811.2393698088,   1.0
 0.10912560476517513, -0.10746317907293446, 21.264816865451838, 58.89121973694581, 44.66145361767428, 0.02000057999999999, 352.8895483642443, 41.728295964549254,258605.69675697328,      0.0,258605.69675697328,   1.0
 0.10912560476517513, -0.10746317907293446, 21.264816865451838, 58.89121973694581, 44.66145361767428, 0.41588597832395763, 353.8895483642443, 41.728295964549254,361989.27077583404,      0.0,361989.27077583404,   1.0
 0.10912560476517513, -0.10746317907293446, 21.264816865451838, 58.89121973694581, 44.66145361767428, 0.41588597832395763, 352.8895483642443, 42.728295964549254,361802.90846128954,      0.0,361802.90846128954,   1.0
 0.10912560476496419, -0.10746317907272168, 21.264816865446026, 58.89121973695164, 44.66145361769449,  0.4158859783237541,352.88954836422226,  41.72829596455477,361903.91634478304,      0.0,361903.91634478304,   1.0
-0.29999939999999997, -0.10746317907272168, 21.264816865446026, 58.89121973695164, 44.66145361769449,  0.4158859783237541,352.88954836422226,  41.72829596455477,250658.10144919867,      0.0,250658.10144919867,   1.0
 0.10912560476496419,  0.29999939999999997, 21.264816865446026, 58.89121973695164, 44.66145361769449,  0.4158859783237541,352.88954836422226,  41.72829596455477,253641.93537720287,      0.0,253641.93537720287,   1.0
 0.10912560476496419, -0.10746317907272168, 22.264816865446026, 58.89121973695164, 44.66145361769449,  0.4158859783237541,352.88954836422226,  41.72829596455477,  361956.560513224,      0.0,  361956.560513224,   1.0
 0.10912560476496419, -0.10746317907272168, 21.264816865446026, 59.89121973695164, 44.66145361769449,  0.4158859783237541,352.88954836422226,  41.72829596455477, 362081.0380917503,      0.0, 362081.0380917503,   1.0
 0.10912560476496419, -0.10746317907272168, 21.264816865446026, 58.89121973695164, 45.66145361769449,  0.4158859783237541,352.88954836422226,  41.72829596455477, 361811.2393698088,      0.0, 361811.2393698088,   1.0
 0.10912560476496419, -0.10746317907272168, 21.264816865446026, 58.89121973695164, 44.66145361769449, 0.02000057999999999,352.88954836422226,  41.72829596455477,258605.69675697328,      0.0,258605.69675697328,   1.0
 0.10912560476496419, -0.10746317907272168, 21.264816865446026, 58.89121973695164, 44.66145361769449,  0.4158859783237541,353.88954836422226,  41.72829596455477,361989.27077583404,      0.0,361989.27077583404,   1.0
 0.10912560476496419, -0.10746317907272168, 21.264816865446026, 58.89121973695164, 44.66145361769449,  0.4158859783237541,352.88954836422226,  42.72829596455477,361802.90846128954,      0.0,361802.90846128954,   1.0
 0.10912560476491968, -0.10746317907267677, 21.264816865444796, 58.89121973695288, 44.66145361769876,  0.4158859783237112, 352.8895483642176, 41.728295964555926,361903.91634478304,      0.0,361903.91634478304,   1.0
-0.29999939999999997, -0.10746317907267677, 21.264816865444796, 58.89121973695288, 44.66145361769876,  0.4158859783237112, 352.8895483642176, 41.728295964555926,250658.10144919867,      0.0,250658.10144919867,   1.0
 0.10912560476491968,  0.29999939999999997, 21.264816865444796, 58.89121973695288, 44.66145361769876,  0.4158859783237112, 352.8895483642176, 41.728295964555926,253641.93537720287,      0.0,253641.93537720287,   1.0
 0.10912560476491968, -0.10746317907267677, 22.264816865444796, 58.89121973695288, 44.66145361769876,  0.4158859783237112, 352.8895483642176, 41.728295964555926,  361956.560513224,      0.0,  361956.560513224,   1.0
 0.10912560476491968, -0.10746317907267677, 21.264816865444796, 59.89121973695288, 44.66145361769876,  0.4158859783237112, 352.8895483642176, 41.728295964555926, 362081.0380917503,      0.0, 362081.0380917503,   1.0
 0.10912560476491968, -0.10746317907267677, 21.264816865444796, 58.89121973695288, 45.66145361769876,  0.4158859783237112, 352.8895483642176, 41.728295964555926, 361811.2393698088,      0.0, 361811.2393698088,   1.0
 0.10912560476491968, -0.10746317907267677, 21.264816865444796, 58.89121973695288, 44.66145361769876, 0.02000057999999999, 352.8895483642176, 41.728295964555926,258605.69675697328,      0.0,258605.69675697328,   1.0
 0.10912560476491968, -0.10746317907267677, 21.264816865444796, 58.89121973695288, 44.66145361769876,  0.4158859783237112, 353.8895483642176, 41.728295964555926,361989.27077583404,      0.0,361989.27077583404,   1.0
 0.10912560476491968, -0.10746317907267677, 21.264816865444796, 58.89121973695288, 44.66145361769876,  0.4158859783237112, 352.8895483642176, 42.728295964555926,361802.90846128954,      0.0,361802.90846128954,   1.0
 0.10912560476494906, -0.10746317907270642, 21.264816865445606, 58.89121973695206, 44.66145361769594,  0.4158859783237395, 352.8895483642207,  41.72829596455516,361903.91634478304,      0.0,361903.91634478304,   1.0
          -0.2999994, -0.10746317907270642, 21.264816865445606, 58.89121973695206, 44.66145361769594,  0.4158859783237395, 352.8895483642207,  41.72829596455516,250658.10144919867,      0.0,250658.10144919867,   1.0
 0.10912560476494906,  0.29999939999999997, 21.264816865445606, 58.89121973695206, 44.66145361769594,  0.4158859783237395, 352.8895483642207,  41.72829596455516,253641.93537720287,      0.0,253641.93537720287,   1.0
 0.10912560476494906, -0.10746317907270642, 22.264816865445606, 58.89121973695206, 44.66145361769594,  0.4158859783237395, 352.8895483642207,  41.72829596455516,  361956.560513224,      0.0,  361956.560513224,   1.0
 0.10912560476494906, -0.10746317907270642, 21.264816865445606, 59.89121973695206, 44.66145361769594,  0.4158859783237395, 352.8895483642207,  41.72829596455516, 362081.0380917503,      0.0, 362081.0380917503,   1.0
 0.10912560476494906, -0.10746317907270642, 21.264816865445606, 58.89121973695206, 45.66145361769594,  0.4158859783237395, 352.8895483642207,  41.72829596455516, 361811.2393698088,      0.0, 361811.2393698088,   1.0
 0.10912560476494906, -0.10746317907270642, 21.264816865445606, 58.89121973695206, 44.66145361769594, 0.02000057999999999, 352.8895483642207,  41.72829596455516,258605.69675697328,      0.0,258605.69675697328,   1.0
 0.10912560476494906, -0.10746317907270642, 21.264816865445606, 58.89121973695206, 44.66145361769594,  0.4158859783237395, 353.8895483642207,  41.72829596455516,361989.27077583404,      0.0,361989.27077583404,   1.0
 0.10912560476494906, -0.10746317907270642, 21.264816865445606, 58.89121973695206, 44.66145361769594,  0.4158859783237395, 352.8895483642207,  42.72829596455516,361802.90846128954,      0.0,361802.90846128954,   1.0
 0.10912560476492586, -0.10746317907268302, 21.264816865444967,58.891219736952706,44.661453617698164, 0.41588597832371715,352.88954836421823,  41.72829596455576,361903.91634478304,      0.0,361903.91634478304,   1.0
          -0.2999994, -0.10746317907268302, 21.264816865444967,58.891219736952706,44.661453617698164, 0.41588597832371715,352.88954836421823,  41.72829596455576,250658.10144919867,      0.0,250658.10144919867,   1.0
 0.10912560476492586,            0.2999994, 21.264816865444967,58.891219736952706,44.661453617698164, 0.41588597832371715,352.88954836421823,  41.72829596455576,253641.93537720287,      0.0,253641.93537720287,   1.0
 0.10912560476492586, -0.10746317907268302, 22.264816865444967,58.891219736952706,44.661453617698164, 0.41588597832371715,352.88954836421823,  41.72829596455576,  361956.560513224,      0.0,  361956.560513224,   1.0
 0.10912560476492586, -0.10746317907268302, 21.264816865444967,59.891219736952706,44.661453617698164, 0.41588597832371715,352.88954836421823,  41.72829596455576, 362081.0380917503,      0.0, 362081.0380917503,   1.0
 0.10912560476492586, -0.10746317907268302, 21.264816865444967,58.891219736952706,45.661453617698164, 0.41588597832371715,352.88954836421823,  41.72829596455576, 361811.2393698088,      0.0, 361811.2393698088,   1.0
 0.10912560476492586, -0.10746317907268302, 21.264816865444967,58.891219736952706,44.661453617698164, 0.02000057999999999,352.88954836421823,  41.72829596455576,258605.69675697328,      0.0,258605.69675697328,   1.0
 0.10912560476492586, -0.10746317907268302, 21.264816865444967,58.891219736952706,44.661453617698164, 0.41588597832371715,353.88954836421823,  41.72829596455576,361989.27077583404,      0.0,361989.27077583404,   1.0
 0.10912560476492586, -0.10746317907268302, 21.264816865444967,58.891219736952706,44.661453617698164, 0.41588597832371715,352.88954836421823,  42.72829596455576,361802.90846128954,      0.0,361802.90846128954,   1.0
 0.10912560476494117, -0.10746317907269845,  21.26481686544539, 58.89121973695228,  44.6614536176967,  0.4158859783237319, 352.8895483642198, 41.728295964555365,361903.91634478304,      0.0,361903.91634478304,   1.0
-0.29999939999999997, -0.10746317907269845,  21.26481686544539, 58.89121973695228,  44.6614536176967,  0.4158859783237319, 352.8895483642198, 41.728295964555365,250658.10144919867,      0.0,250658.10144919867,   1.0
 0.10912560476494117,            0.2999994,  21.26481686544539, 58.89121973695228,  44.6614536176967,  0.4158859783237319, 352.8895483642198, 41.728295964555365,253641.93537720287,      0.0,253641.93537720287,   1.0
 0.10912560476494117, -0.10746317907269845,  22.26481686544539, 58.89121973695228,  44.6614536176967,  0.4158859783237319, 352.8895483642198, 41.728295964555365,  361956.560513224,      0.0,  361956.560513224,   1.0
 0.10912560476494117, -0.10746317907269845,  21.26481686544539, 59.89121973695228,  44.6614536176967,  0.4158859783237319, 352.8895483642198, 41.728295964555365, 362081.0380917503,      0.0, 362081.0380917503,   1.0
 0.10912560476494117, -0.10746317907269845,  21.26481686544539, 58.89121973695228,  45.6614536176967,  0.4158859783237319, 352.8895483642198, 41.728295964555365, 361811.2393698088,      0.0, 361811.2393698088,   1.0
 0.10912560476494117, -0.10746317907269845,  21.26481686544539, 58.89121973695228,  44.6614536176967, 0.02000057999999999, 352.8895483642198, 41.728295964555365,258605.69675697328,      0.0,258605.69675697328,   1.0
 0.10912560476494117, -0.10746317907269845,  21.26481686544539, 58.89121973695228,  44.6614536176967,  0.4158859783237319, 353.8895483642198, 41.728295964555365,361989.27077583404,      0.0,361989.27077583404,   1.0
 0.10912560476494117, -0.10746317907269845,  21.26481686544539, 58.89121973695228,  44.6614536176967,  0.4158859783237319, 352.8895483642198, 42.728295964555365,361802.90846128954,      0.0,361802.90846128954,   1.0
 0.29999939999999997, -0.29999939999999997,           59.99988,          79.99994,         -89.99974,          0.59999942,         499.99955,           5.000115,168832.41056026565,      0.0,168832.41056026565,   1.0
-0.29999939999999997, -0.29999939999999997,           59.99988,          79.99994,         -89.99974,          0.59999942,         499.99955,           5.000115, 228745.8897994933,      0.0, 228745.8897994933,   1.0
 0.29999939999999997,  0.29999939999999997,           59.99988,          79.99994,         -89.99974,          0.59999942,         499.99955,           5.000115,235847.90889371434,      0.0,235847.90889371434,   1.0
 0.29999939999999997, -0.29999939999999997,           58.99988,          79.99994,         -89.99974,          0.59999942,         499.99955,           5.000115, 169474.5072117891,      0.0, 169474.5072117891,   1.0
 0.29999939999999997, -0.29999939999999997,           59.99988,          78.99994,         -89.99974,          0.59999942,         499.99955,           5.000115, 162815.8579789192,      0.0, 162815.8579789192,   1.0
 0.29999939999999997, -0.29999939999999997,           59.99988,          79.99994,         -88.99974,          0.59999942,         499.99955,           5.000115, 166277.3832982456,      0.0, 166277.3832982456,   1.0
 0.29999939999999997, -0.29999939999999997,           59.99988,          79.99994,         -89.99974,0.020000580000000046,         499.99955,           5.000115,176596.61451056568,      0.0,176596.61451056568,   1.0
 0.29999939999999997, -0.29999939999999997,           59.99988,          79.99994,         -89.99974,          0.59999942,         498.99955,           5.000115,168857.58567719665,      0.0,168857.58567719665,   1.0
 0.29999939999999997, -0.29999939999999997,           59.99988,          79.99994,         -89.99974,          0.59999942,         499.99955,           6.000115, 169185.4786465882,      0.0, 169185.4786465882,   1.0
 0.12354761026311693, -0.12201079381149474, 24.191553313535657, 60.48614836148683,34.486749057768655, 0.42979718632833647,364.00485756535477,  38.95319513336227,360254.25781653763,      0.0,360254.25781653763,   1.0
-0.29999939999999997, -0.12201079381149474, 24.191553313535657, 60.48614836148683,34.486749057768655, 0.42979718632833647,364.00485756535477,  38.95319513336227,  261253.655430294,      0.0,  261253.655430294,   1.0
 0.12354761026311693,            0.2999994, 24.191553313535657, 60.48614836148683,34.486749057768655, 0.42979718632833647,364.00485756535477,  38.95319513336227,217429.69651137787,      0.0,217429.69651137787,   1.0
 0.12354761026311693, -0.12201079381149474, 25.191553313535657, 60.48614836148683,34.486749057768655, 0.42979718632833647,364.00485756535477,  38.95319513336227,359928.25775830576,      0.0,359928.25775830576,   1.0
 0.12354761026311693, -0.12201079381149474, 24.191553313535657, 61.48614836148683,34.486749057768655, 0.42979718632833647,364.00485756535477,  38.95319513336227, 360278.7304662019,      0.0, 360278.7304662019,   1.0
 0.12354761026311693, -0.12201079381149474, 24.191553313535657, 60.48614836148683,35.486749057768655, 0.42979718632833647,364.00485756535477,  38.95319513336227,360786.46593864495,      0.0,360786.46593864495,   1.0
 0.12354761026311693, -0.12201079381149474, 24.191553313535657, 60.48614836148683,34.486749057768655, 0.02000057999999999,364.00485756535477,  38.95319513336227,261708.08034364186,      0.0,261708.08034364186,   1.0
 0.12354761026311693, -0.12201079381149474, 24.191553313535657, 60.48614836148683,34.486749057768655, 0.42979718632833647,365.00485756535477,  38.95319513336227,360344.80191275483,      0.0,360344.80191275483,   1.0
 0.12354761026311693, -0.12201079381149474, 24.191553313535657, 60.48614836148683,34.486749057768655, 0.42979718632833647,364.00485756535477,  39.95319513336227,360307.16345247347,      0.0,360307.16345247347,   1.0
 0.11236049122530573, -0.11072623995248279, 21.921290066086296, 59.24896561449053,  42.3792457774964,  0.4190062918215393, 355.3827358229484,  41.10583495480394, 362015.3874572417,      0.0, 362015.3874572417,   1.0
-0.29999939999999997, -0.11072623995248279, 21.921290066086296, 59.24896561449053,  42.3792457774964,  0.4190062918215393, 355.3827358229484,  41.10583495480394,252848.76586068276,      0.0,252848.76586068276,   1.0
 0.11236049122530573,            0.2999994, 21.921290066086296, 59.24896561449053,  42.3792457774964,  0.4190062918215393, 355.3827358229484,  41.10583495480394,245726.99183174485,      0.0,245726.99183174485,   1.0
 0.11236049122530573, -0.11072623995248279, 22.921290066086296, 59.24896561449053,  42.3792457774964,  0.4190062918215393, 355.3827358229484,  41.10583495480394, 361985.6053653767,      0.0, 361985.6053653767,   1.0
 0.11236049122530573, -0.11072623995248279, 21.921290066086296, 60.24896561449053,  42.3792457774964,  0.4190062918215393, 355.3827358229484,  41.10583495480394,362231.94702417497,      0.0,362231.94702417497,   1.0
 0.11236049122530573, -0.11072623995248279, 21.921290066086296, 59.24896561449053,  43.3792457774964,  0.4190062918215393, 355.3827358229484,  41.10583495480394, 362055.9992625184,      0.0, 362055.9992625184,   1.0
 0.11236049122530573, -0.11072623995248279, 21.921290066086296, 59.24896561449053,  42.3792457774964, 0.02000057999999999, 355.3827358229484,  41.10583495480394, 260672.0778847275,      0.0, 260672.0778847275,   1.0
 0.11236049122530573, -0.11072623995248279, 21.921290066086296, 59.24896561449053,  42.3792457774964,  0.4190062918215393, 356.3827358229484,  41.10583495480394,362097.14670833386,      0.0,362097.14670833386,   1.0
 0.11236049122530573, -0.11072623995248279, 21.921290066086296, 59.24896561449053,  42.3792457774964,  0.4190062918215393, 355.3827358229484,  42.10583495480394,361920.84197010624,      0.0,361920.84197010624,   1.0
 0.29999939999999997, -0.29999939999999997, 26.841849016989954, 61.93104341800533,  25.2722757423211,          0.59999942,374.07197147454485,  36.43975561163275,309797.31853777345,      0.0,309797.31853777345,   1.0
-0.29999939999999997, -0.29999939999999997, 26.841849016989954, 61.93104341800533,  25.2722757423211,          0.59999942,374.07197147454485,  36.43975561163275, 211637.2312971414,      0.0, 211637.2312971414,   1.0
 0.29999939999999997,  0.29999939999999997, 26.841849016989954, 61.93104341800533,  25.2722757423211,          0.59999942,374.07197147454485,  36.43975561163275,  196577.792059685,      0.0,  196577.792059685,   1.0
 0.29999939999999997, -0.29999939999999997, 27.841849016989954, 61.93104341800533,  25.2722757423211,          0.59999942,374.07197147454485,  36.43975561163275,308763.89062320173,      0.0,308763.89062320173,   1.0
 0.29999939999999997, -0.29999939999999997, 26.841849016989954, 62.93104341800533,  25.2722757423211,          0.59999942,374.07197147454485,  36.43975561163275, 309665.4357306538,      0.0, 309665.4357306538,   1.0
 0.29999939999999997, -0.29999939999999997, 26.841849016989954, 61.93104341800533,  26.2722757423211,          0.59999942,374.07197147454485,  36.43975561163275, 311135.1571001683,      0.0, 311135.1571001683,   1.0
 0.29999939999999997, -0.29999939999999997, 26.841849016989954, 61.93104341800533,  25.2722757423211,0.020000580000000046,374.07197147454485,  36.43975561163275, 285814.9705632211,      0.0, 285814.9705632211,   1.0
 0.29999939999999997, -0.29999939999999997, 26.841849016989954, 61.93104341800533,  25.2722757423211,          0.59999942,375.07197147454485,  36.43975561163275,309916.05276616605,      0.0,309916.05276616605,   1.0
 0.29999939999999997, -0.29999939999999997, 26.841849016989954, 61.93104341800533,  25.2722757423211,          0.59999942,374.07197147454485,  37.43975561163275, 311000.7114899659,      0.0, 311000.7114899659,   1.0
 0.14602723518606142,  -0.1446862062493145, 22.804151725353307,59.730192175033906, 39.30986116063041,  0.4514806296059118,358.73601535123663, 40.268632801087826,358361.94588147127,      0.0,358361.94588147127,   1.0
-0.29999939999999997,  -0.1446862062493145, 22.804151725353307,59.730192175033906, 39.30986116063041,  0.4514806296059118,358.73601535123663, 40.268632801087826, 246252.2252334649,      0.0, 246252.2252334649,   1.0
 0.14602723518606142,  0.29999939999999997, 22.804151725353307,59.730192175033906, 39.30986116063041,  0.4514806296059118,358.73601535123663, 40.268632801087826, 228602.3804667062,      0.0, 228602.3804667062,   1.0
 0.14602723518606142,  -0.1446862062493145, 23.804151725353307,59.730192175033906, 39.30986116063041,  0.4514806296059118,358.73601535123663, 40.268632801087826, 358187.2347712014,      0.0, 358187.2347712014,   1.0
 0.14602723518606142,  -0.1446862062493145, 22.804151725353307,60.730192175033906, 39.30986116063041,  0.4514806296059118,358.73601535123663, 40.268632801087826, 358510.5513523735,      0.0, 358510.5513523735,   1.0
 0.14602723518606142,  -0.1446862062493145, 22.804151725353307,59.730192175033906, 40.30986116063041,  0.4514806296059118,358.73601535123663, 40.268632801087826, 358495.6976669007,      0.0, 358495.6976669007,   1.0
 0.14602723518606142,  -0.1446862062493145, 22.804151725353307,59.730192175033906, 39.30986116063041, 0.02000057999999999,358.73601535123663, 40.268632801087826,278571.39488653286,      0.0,278571.39488653286,   1.0
 0.14602723518606142,  -0.1446862062493145, 22.804151725353307,59.730192175033906, 39.30986116063041,  0.4514806296059118,359.73601535123663, 40.268632801087826, 358464.1296891128,      0.0, 358464.1296891128,   1.0
 0.14602723518606142,  -0.1446862062493145, 22.804151725353307,59.730192175033906, 39.30986116063041,  0.4514806296059118,358.73601535123663, 41.268632801087826,358471.87476436596,      0.0,358471.87476436596,   1.0
    0.11860823909567, -0.11702840292244499, 22.085128216218706,59.338269831800716,  41.8096409108747,  0.4250327574331324, 356.0050248407406,  40.95047012418529,361416.47413742583,      0.0,361416.47413742583,   1.0
          -0.2999994, -0.11702840292244499, 22.085128216218706,59.338269831800716,  41.8096409108747,  0.4250327574331324, 356.0050248407406,  40.95047012418529,251128.19069360945,      0.0,251128.19069360945,   1.0
    0.11860823909567,  0.29999939999999997, 22.085128216218706,59.338269831800716,  41.8096409108747,  0.4250327574331324, 356.0050248407406,  40.95047012418529, 242190.1719714938,      0.0, 242190.1719714938,   1.0
    0.11860823909567, -0.11702840292244499, 23.085128216218706,59.338269831800716,  41.8096409108747,  0.4250327574331324, 356.0050248407406,  40.95047012418529,361386.57984107744,      0.0,361386.57984107744,   1.0
    0.11860823909567, -0.11702840292244499, 22.085128216218706,60.338269831800716,  41.8096409108747,  0.4250327574331324, 356.0050248407406,  40.95047012418529, 361805.6587472202,      0.0, 361805.6587472202,   1.0
    0.11860823909567, -0.11702840292244499, 22.085128216218706,59.338269831800716,  42.8096409108747,  0.4250327574331324, 356.0050248407406,  40.95047012418529, 361335.1044235786,      0.0, 361335.1044235786,   1.0
    0.11860823909567, -0.11702840292244499, 22.085128216218706,59.338269831800716,  41.8096409108747, 0.02000057999999999, 356.0050248407406,  40.95047012418529,  263121.656793309,      0.0,  263121.656793309,   1.0
    0.11860823909567, -0.11702840292244499, 22.085128216218706,59.338269831800716,  41.8096409108747,  0.4250327574331324, 357.0050248407406,  40.95047012418529,361514.53322457377,      0.0,361514.53322457377,   1.0
    0.11860823909567, -0.11702840292244499, 22.085128216218706,59.338269831800716,  41.8096409108747,  0.4250327574331324, 356.0050248407406,  41.95047012418529, 361390.3963263654,      0.0, 361390.3963263654,   1.0
 0.11349603766629411,  -0.1118716764969079,  21.95106812886048,59.265196917071236,42.275718427724485,  0.4201016195650682, 355.4958386712199,  41.07759694262348, 361895.8210120701,      0.0, 361895.8210120701,   1.0
-0.29999939999999997,  -0.1118716764969079,  21.95106812886048,59.265196917071236,42.275718427724485,  0.4201016195650682, 355.4958386712199,  41.07759694262348,252677.43559546344,      0.0,252677.43559546344,   1.0
 0.11349603766629411,  0.29999939999999997,  21.95106812886048,59.265196917071236,42.275718427724485,  0.4201016195650682, 355.4958386712199,  41.07759694262348,245170.37305667315,      0.0,245170.37305667315,   1.0
 0.11349603766629411,  -0.1118716764969079,  22.95106812886048,59.265196917071236,42.275718427724485,  0.4201016195650682, 355.4958386712199,  41.07759694262348,  361877.108681721,      0.0,  361877.108681721,   1.0
 0.11349603766629411,  -0.1118716764969079,  21.95106812886048,60.265196917071236,42.275718427724485,  0.4201016195650682, 355.4958386712199,  41.07759694262348,362140.04777941696,      0.0,362140.04777941696,   1.0
 0.11349603766629411,  -0.1118716764969079,  21.95106812886048,59.265196917071236,43.275718427724485,  0.4201016195650682, 355.4958386712199,  41.07759694262348,361897.37502729474,      0.0,361897.37502729474,   1.0
 0.11349603766629411,  -0.1118716764969079,  21.95106812886048,59.265196917071236,42.275718427724485, 0.02000057999999999, 355.4958386712199,  41.07759694262348,261352.94791018867,      0.0,261352.94791018867,   1.0
 0.11349603766629411,  -0.1118716764969079,  21.95106812886048,59.265196917071236,42.275718427724485,  0.4201016195650682, 356.4958386712199,  41.07759694262348, 361997.6626925988,      0.0, 361997.6626925988,   1.0
 0.11349603766629411,  -0.1118716764969079,  21.95106812886048,59.265196917071236,42.275718427724485,  0.4201016195650682, 355.4958386712199,  42.07759694262348,361819.71633738885,      0.0,361819.71633738885,   1.0
 0.11256424904786447,  -0.1109317724148699, 21.926633320234146, 59.25187809323359, 42.36066925204277,  0.4192028329650397,355.40303053680344,  41.10076804105423,362004.13406012126,      0.0,362004.13406012126,   1.0
          -0.2999994,  -0.1109317724148699, 21.926633320234146, 59.25187809323359, 42.36066925204277,  0.4192028329650397,355.40303053680344,  41.10076804105423,252785.02063242288,      0.0,252785.02063242288,   1.0
 0.11256424904786447,  0.29999939999999997, 21.926633320234146, 59.25187809323359, 42.36066925204277,  0.4192028329650397,355.40303053680344,  41.10076804105423, 245530.6394333524,      0.0, 245530.6394333524,   1.0
 0.11256424904786447,  -0.1109317724148699, 22.926633320234146, 59.25187809323359, 42.36066925204277,  0.4192028329650397,355.40303053680344,  41.10076804105423,361974.21496103273,      0.0,361974.21496103273,   1.0
 0.11256424904786447,  -0.1109317724148699, 21.926633320234146, 60.25187809323359, 42.36066925204277,  0.4192028329650397,355.40303053680344,  41.10076804105423, 362251.4714067754,      0.0, 362251.4714067754,   1.0
 0.11256424904786447,  -0.1109317724148699, 21.926633320234146, 59.25187809323359, 43.36066925204277,  0.4192028329650397,355.40303053680344,  41.10076804105423, 362035.3329752906,      0.0, 362035.3329752906,   1.0
 0.11256424904786447,  -0.1109317724148699, 21.926633320234146, 59.25187809323359, 42.36066925204277, 0.02000057999999999,355.40303053680344,  41.10076804105423,260571.79345028798,      0.0,260571.79345028798,   1.0
 0.11256424904786447,  -0.1109317724148699, 21.926633320234146, 59.25187809323359, 42.36066925204277,  0.4192028329650397,356.40303053680344,  41.10076804105423, 362088.0135796471,      0.0, 362088.0135796471,   1.0
 0.11256424904786447,  -0.1109317724148699, 21.926633320234146, 59.25187809323359, 42.36066925204277,  0.4192028329650397,355.40303053680344,  42.10076804105423, 361915.1928926265,      0.0, 361915.1928926265,   1.0
 0.11239985432511158, -0.11076594588734552, 21.922322306437458, 59.24952826376704, 42.37565705822028,  0.4190442607620708, 355.3866564716723, 41.104856099469046,362009.44768384274,      0.0,362009.44768384274,   1.0
-0.29999939999999997, -0.11076594588734552, 21.922322306437458, 59.24952826376704, 42.37565705822028,  0.4190442607620708, 355.3866564716723, 41.104856099469046,252844.36851304048,      0.0,252844.36851304048,   1.0
 0.11239985432511158,  0.29999939999999997, 21.922322306437458, 59.24952826376704, 42.37565705822028,  0.4190442607620708, 355.3866564716723, 41.104856099469046, 245704.5156159681,      0.0, 245704.5156159681,   1.0
 0.11239985432511158, -0.11076594588734552, 22.922322306437458, 59.24952826376704, 42.37565705822028,  0.4190442607620708, 355.3866564716723, 41.104856099469046, 361978.7770673109,      0.0, 361978.7770673109,   1.0
 0.11239985432511158, -0.11076594588734552, 21.922322306437458, 60.24952826376704, 42.37565705822028,  0.4190442607620708, 355.3866564716723, 41.104856099469046,362219.98680159956,      0.0,362219.98680159956,   1.0
 0.11239985432511158, -0.11076594588734552, 21.922322306437458, 59.24952826376704, 43.37565705822028,  0.4190442607620708, 355.3866564716723, 41.104856099469046, 362058.7419767734,      0.0, 362058.7419767734,   1.0
 0.11239985432511158, -0.11076594588734552, 21.922322306437458, 59.24952826376704, 42.37565705822028, 0.02000057999999999, 355.3866564716723, 41.104856099469046,260662.17523217894,      0.0,260662.17523217894,   1.0
 0.11239985432511158, -0.11076594588734552, 21.922322306437458, 59.24952826376704, 42.37565705822028,  0.4190442607620708, 356.3866564716723, 41.104856099469046,362085.76083080616,      0.0,362085.76083080616,   1.0
 0.11239985432511158, -0.11076594588734552, 21.922322306437458, 59.24952826376704, 42.37565705822028,  0.4190442607620708, 355.3866564716723, 42.104856099469046,361915.10552754573,      0.0,361915.10552754573,   1.0
 0.11236714164052915, -0.11073294828985901,  21.92146446360528,59.249060674364685, 42.37863946159587,  0.4190127066928623,355.38339821849365, 41.105669576709914,362016.02401550487,      0.0,362016.02401550487,   1.0
-0.29999939999999997, -0.11073294828985901,  21.92146446360528,59.249060674364685, 42.37863946159587,  0.4190127066928623,355.38339821849365, 41.105669576709914,252848.47755078267,      0.0,252848.47755078267,   1.0
 0.11236714164052915,  0.29999939999999997,  21.92146446360528,59.249060674364685, 42.37863946159587,  0.4190127066928623,355.38339821849365, 41.105669576709914,245720.85110045638,      0.0,245720.85110045638,   1.0
 0.11236714164052915, -0.11073294828985901,  22.92146446360528,59.249060674364685, 42.37863946159587,  0.4190127066928623,355.38339821849365, 41.105669576709914,361985.84974193096,      0.0,361985.84974193096,   1.0
 0.11236714164052915, -0.11073294828985901,  21.92146446360528,60.249060674364685, 42.37863946159587,  0.4190127066928623,355.38339821849365, 41.105669576709914, 362229.5427428518,      0.0, 362229.5427428518,   1.0
 0.11236714164052915, -0.11073294828985901,  21.92146446360528,59.249060674364685, 43.37863946159587,  0.4190127066928623,355.38339821849365, 41.105669576709914,362055.83684033324,      0.0,362055.83684033324,   1.0
 0.11236714164052915, -0.11073294828985901,  21.92146446360528,59.249060674364685, 42.37863946159587, 0.02000057999999999,355.38339821849365, 41.105669576709914, 260669.3260426141,      0.0, 260669.3260426141,   1.0
 0.11236714164052915, -0.11073294828985901,  21.92146446360528,59.249060674364685, 42.37863946159587,  0.4190127066928623,356.38339821849365, 41.105669576709914,362097.89731436677,      0.0,362097.89731436677,   1.0
 0.11236714164052915, -0.11073294828985901,  21.92146446360528,59.249060674364685, 42.37863946159587,  0.4190127066928623,355.38339821849365, 42.105669576709914, 361920.9496994581,      0.0, 361920.9496994581,   1.0
 0.11237232798766877, -0.11073817980777088,  21.92160046805663, 59.24913480710525, 42.37816662424199,  0.4190177093503535,355.38391478973415,  41.10554060608536, 362015.6055928203,      0.0, 362015.6055928203,   1.0
-0.29999939999999997, -0.11073817980777088,  21.92160046805663, 59.24913480710525, 42.37816662424199,  0.4190177093503535,355.38391478973415,  41.10554060608536, 252846.5849872726,      0.0, 252846.5849872726,   1.0
 0.11237232798766877,  0.29999939999999997,  21.92160046805663, 59.24913480710525, 42.37816662424199,  0.4190177093503535,355.38391478973415,  41.10554060608536, 245714.7610126542,      0.0, 245714.7610126542,   1.0
 0.11237232798766877, -0.11073817980777088,  22.92160046805663, 59.24913480710525, 42.37816662424199,  0.4190177093503535,355.38391478973415,  41.10554060608536, 361985.6259350271,      0.0, 361985.6259350271,   1.0
 0.11237232798766877, -0.11073817980777088,  21.92160046805663, 60.24913480710525, 42.37816662424199,  0.4190177093503535,355.38391478973415,  41.10554060608536,362229.45314643055,      0.0,362229.45314643055,   1.0
 0.11237232798766877, -0.11073817980777088,  21.92160046805663, 59.24913480710525, 43.37816662424199,  0.4190177093503535,355.38391478973415,  41.10554060608536,362055.96231757326,      0.0,362055.96231757326,   1.0
 0.11237232798766877, -0.11073817980777088,  21.92160046805663, 59.24913480710525, 42.37816662424199, 0.02000057999999999,355.38391478973415,  41.10554060608536,260668.09948616725,      0.0,260668.09948616725,   1.0
 0.11237232798766877, -0.11073817980777088,  21.92160046805663, 59.24913480710525, 42.37816662424199,  0.4190177093503535,356.38391478973415,  41.10554060608536, 362097.5900812823,      0.0, 362097.5900812823,   1.0
 0.11237232798766877, -0.11073817980777088,  21.92160046805663, 59.24913480710525, 42.37816662424199,  0.4190177093503535,355.38391478973415,  42.10554060608536, 361920.0898195033,      0.0, 361920.0898195033,   1.0
  0.1123681068992052, -0.11073392195550795,  21.92148977611775,59.249074471603684, 42.37855145931876, 0.41901363776407996,355.38349436031723,   41.1056455733004, 362015.9785740615,      0.0, 362015.9785740615,   1.0
          -0.2999994, -0.11073392195550795,  21.92148977611775,59.249074471603684, 42.37855145931876, 0.41901363776407996,355.38349436031723,   41.1056455733004,252848.46011444018,      0.0,252848.46011444018,   1.0
  0.1123681068992052,  0.29999939999999997,  21.92148977611775,59.249074471603684, 42.37855145931876, 0.41901363776407996,355.38349436031723,   41.1056455733004,245714.78647972364,      0.0,245714.78647972364,   1.0
  0.1123681068992052, -0.11073392195550795,  22.92148977611775,59.249074471603684, 42.37855145931876, 0.41901363776407996,355.38349436031723,   41.1056455733004, 361986.0117395595,      0.0, 361986.0117395595,   1.0
  0.1123681068992052, -0.11073392195550795,  21.92148977611775,60.249074471603684, 42.37855145931876, 0.41901363776407996,355.38349436031723,   41.1056455733004,362229.54033083405,      0.0,362229.54033083405,   1.0
  0.1123681068992052, -0.11073392195550795,  21.92148977611775,59.249074471603684, 43.37855145931876, 0.41901363776407996,355.38349436031723,   41.1056455733004, 362055.6424733986,      0.0, 362055.6424733986,   1.0
  0.1123681068992052, -0.11073392195550795,  21.92148977611775,59.249074471603684, 42.37855145931876, 0.02000057999999999,355.38349436031723,   41.1056455733004, 260665.8523248951,      0.0, 260665.8523248951,   1.0
  0.1123681068992052, -0.11073392195550795,  21.92148977611775,59.249074471603684, 42.37855145931876, 0.41901363776407996,356.38349436031723,   41.1056455733004, 362098.0497316652,      0.0, 362098.0497316652,   1.0
  0.1123681068992052, -0.11073392195550795,  21.92148977611775,59.249074471603684, 42.37855145931876, 0.41901363776407996,355.38349436031723,   42.1056455733004, 361921.1006656058,      0.0, 361921.1006656058,   1.0
 0.11236733061834685, -0.11073313891358928,  21.92146941927518, 59.24906337558062,   42.378622232558,   0.419012888977478, 355.3834170410875,  41.10566487733548, 362015.8260771843,      0.0, 362015.8260771843,   1.0
-0.29999939999999997, -0.11073313891358928,  21.92146941927518, 59.24906337558062,   42.378622232558,   0.419012888977478, 355.3834170410875,  41.10566487733548,252848.45240171417,      0.0,252848.45240171417,   1.0
 0.11236733061834685,  0.29999939999999997,  21.92146941927518, 59.24906337558062,   42.378622232558,   0.419012888977478, 355.3834170410875,  41.10566487733548, 245723.7378889909,      0.0, 245723.7378889909,   1.0
 0.11236733061834685, -0.11073313891358928,  22.92146941927518, 59.24906337558062,   42.378622232558,   0.419012888977478, 355.3834170410875,  41.10566487733548,361985.84974193096,      0.0,361985.84974193096,   1.0
 0.11236733061834685, -0.11073313891358928,  21.92146941927518, 60.24906337558062,   42.378622232558,   0.419012888977478, 355.3834170410875,  41.10566487733548, 362229.5427428518,      0.0, 362229.5427428518,   1.0
 0.11236733061834685, -0.11073313891358928,  21.92146941927518, 59.24906337558062,   43.378622232558,   0.419012888977478, 355.3834170410875,  41.10566487733548, 362055.6424733986,      0.0, 362055.6424733986,   1.0
 0.11236733061834685, -0.11073313891358928,  21.92146941927518, 59.24906337558062,   42.378622232558, 0.02000057999999999, 355.3834170410875,  41.10566487733548, 260669.3260426141,      0.0, 260669.3260426141,   1.0
 0.11236733061834685, -0.11073313891358928,  21.92146941927518, 59.24906337558062,   42.378622232558,   0.419012888977478, 356.3834170410875,  41.10566487733548, 362097.8982188176,      0.0, 362097.8982188176,   1.0
 0.11236733061834685, -0.11073313891358928,  21.92146941927518, 59.24906337558062,   42.378622232558,   0.419012888977478, 355.3834170410875,  42.10566487733548, 361920.9496994581,      0.0, 361920.9496994581,   1.0
 0.11236714164052915, -0.11073294828985901,  21.92146446360528,59.249060674364685, 42.37863946159587,  0.4190127066928623,355.38339821849365, 41.105669576709914,362016.02401550487,      0.0,362016.02401550487,   1.0
-0.29999939999999997, -0.11073294828985901,  21.92146446360528,59.249060674364685, 42.37863946159587,  0.4190127066928623,355.38339821849365, 41.105669576709914,252848.47755078267,      0.0,252848.47755078267,   1.0
 0.11236714164052915,  0.29999939999999997,  21.92146446360528,59.249060674364685, 42.37863946159587,  0.4190127066928623,355.38339821849365, 41.105669576709914,245720.85110045638,      0.0,245720.85110045638,   1.0
 0.11236714164052915, -0.11073294828985901,  22.92146446360528,59.249060674364685, 42.37863946159587,  0.4190127066928623,355.38339821849365, 41.105669576709914,361985.84974193096,      0.0,361985.84974193096,   1.0
 0.11236714164052915, -0.11073294828985901,  21.92146446360528,60.249060674364685, 42.37863946159587,  0.4190127066928623,355.38339821849365, 41.105669576709914, 362229.5427428518,      0.0, 362229.5427428518,   1.0
 0.11236714164052915, -0.11073294828985901,  21.92146446360528,59.249060674364685, 43.37863946159587,  0.4190127066928623,355.38339821849365, 41.105669576709914,362055.83684033324,      0.0,362055.83684033324,   1.0
 0.11236714164052915, -0.11073294828985901,  21.92146446360528,59.249060674364685, 42.37863946159587, 0.02000057999999999,355.38339821849365, 41.105669576709914, 260669.3260426141,      0.0, 260669.3260426141,   1.0
 0.11236714164052915, -0.11073294828985901,  21.92146446360528,59.249060674364685, 42.37863946159587,  0.4190127066928623,356.38339821849365, 41.105669576709914,362097.89731436677,      0.0,362097.89731436677,   1.0
 0.11236714164052915, -0.11073294828985901,  21.92146446360528,59.249060674364685, 42.37863946159587,  0.4190127066928623,355.38339821849365, 42.105669576709914, 361920.9496994581,      0.0, 361920.9496994581,   1.0
 0.29999939999999997, -0.29999939999999997, 26.843627916853855,61.932010622851166,25.266089235137798,          0.59999942, 374.0787295913984, 36.438067931220864,309774.32529764465,      0.0,309774.32529764465,   1.0
-0.29999939999999997, -0.29999939999999997, 26.843627916853855,61.932010622851166,25.266089235137798,          0.59999942, 374.0787295913984, 36.438067931220864,211622.20998760173,      0.0,211622.20998760173,   1.0
 0.29999939999999997,  0.29999939999999997, 26.843627916853855,61.932010622851166,25.266089235137798,          0.59999942, 374.0787295913984, 36.438067931220864, 196559.5942954684,      0.0, 196559.5942954684,   1.0
 0.29999939999999997, -0.29999939999999997, 27.843627916853855,61.932010622851166,25.266089235137798,          0.59999942, 374.0787295913984, 36.438067931220864,308749.41872752307,      0.0,308749.41872752307,   1.0
 0.29999939999999997, -0.29999939999999997, 26.843627916853855,62.932010622851166,25.266089235137798,          0.59999942, 374.0787295913984, 36.438067931220864,309663.97441218235,      0.0,309663.97441218235,   1.0
 0.29999939999999997, -0.29999939999999997, 26.843627916853855,61.932010622851166,26.266089235137798,          0.59999942, 374.0787295913984, 36.438067931220864,311104.68582885107,      0.0,311104.68582885107,   1.0
 0.29999939999999997, -0.29999939999999997, 26.843627916853855,61.932010622851166,25.266089235137798,0.020000580000000046, 374.0787295913984, 36.438067931220864, 285770.4579226834,      0.0, 285770.4579226834,   1.0
 0.29999939999999997, -0.29999939999999997, 26.843627916853855,61.932010622851166,25.266089235137798,          0.59999942, 375.0787295913984, 36.438067931220864,309896.11617117794,      0.0,309896.11617117794,   1.0
 0.29999939999999997, -0.29999939999999997, 26.843627916853855,61.932010622851166,25.266089235137798,          0.59999942, 374.0787295913984, 37.438067931220864,310977.67465641495,      0.0,310977.67465641495,   1.0
 0.14600774554677962, -0.14466654686396024,  22.80395957686734, 59.73008700377343,39.310528844437506, 0.45146183024919134, 358.7352858049399, 40.268814872082125,358364.44388948916,      0.0,358364.44388948916,   1.0
 -0.2999993999999999, -0.14466654686396024,  22.80395957686734, 59.73008700377343,39.310528844437506, 0.45146183024919134, 358.7352858049399, 40.268814872082125, 246262.1212184386,      0.0, 246262.1212184386,   1.0
 0.14600774554677962,  0.29999939999999997,  22.80395957686734, 59.73008700377343,39.310528844437506, 0.45146183024919134, 358.7352858049399, 40.268814872082125,228605.09995780588,      0.0,228605.09995780588,   1.0
 0.14600774554677962, -0.14466654686396024,  23.80395957686734, 59.73008700377343,39.310528844437506, 0.45146183024919134, 358.7352858049399, 40.268814872082125, 358187.7413043772,      0.0, 358187.7413043772,   1.0
 0.14600774554677962, -0.14466654686396024,  22.80395957686734, 60.73008700377343,39.310528844437506, 0.45146183024919134, 358.7352858049399, 40.268814872082125, 358509.7733734959,      0.0, 358509.7733734959,   1.0
 0.14600774554677962, -0.14466654686396024,  22.80395957686734, 59.73008700377343,40.310528844437506, 0.45146183024919134, 358.7352858049399, 40.268814872082125, 358499.4642459303,      0.0, 358499.4642459303,   1.0
 0.14600774554677962, -0.14466654686396024,  22.80395957686734, 59.73008700377343,39.310528844437506, 0.02000057999999999, 358.7352858049399, 40.268814872082125,278569.36888699565,      0.0,278569.36888699565,   1.0
 0.14600774554677962, -0.14466654686396024,  22.80395957686734, 59.73008700377343,39.310528844437506, 0.45146183024919134, 359.7352858049399, 40.268814872082125, 358466.6019614604,      0.0, 358466.6019614604,   1.0
 0.14600774554677962, -0.14466654686396024,  22.80395957686734, 59.73008700377343,39.310528844437506, 0.45146183024919134, 358.7352858049399, 41.268814872082125, 358472.7210209557,      0.0, 358472.7210209557,   1.0
 0.11861040861692276,   -0.117030591339261,  22.08524429980596,59.338333025287476, 41.80923726687283, 0.42503485011444647, 356.0054657989498, 40.950360018177534,361416.46490168595,      0.0,361416.46490168595,   1.0
          -0.2999994,   -0.117030591339261,  22.08524429980596,59.338333025287476, 41.80923726687283, 0.42503485011444647, 356.0054657989498, 40.950360018177534,251128.03078122472,      0.0,251128.03078122472,   1.0
 0.11861040861692276,            0.2999994,  22.08524429980596,59.338333025287476, 41.80923726687283, 0.42503485011444647, 356.0054657989498, 40.950360018177534,242189.82248629743,      0.0,242189.82248629743,   1.0
 0.11861040861692276,   -0.117030591339261,  23.08524429980596,59.338333025287476, 41.80923726687283, 0.42503485011444647, 356.0054657989498, 40.950360018177534, 361386.5601958097,      0.0, 361386.5601958097,   1.0
 0.11861040861692276,   -0.117030591339261,  22.08524429980596,60.338333025287476, 41.80923726687283, 0.42503485011444647, 356.0054657989498, 40.950360018177534, 361804.9548301186,      0.0, 361804.9548301186,   1.0
 0.11861040861692276,   -0.117030591339261,  22.08524429980596,59.338333025287476, 42.80923726687283, 0.42503485011444647, 356.0054657989498, 40.950360018177534,  361335.116014341,      0.0,  361335.116014341,   1.0
 0.11861040861692276,   -0.117030591339261,  22.08524429980596,59.338333025287476, 41.80923726687283, 0.02000057999999999, 356.0054657989498, 40.950360018177534,263120.83375641715,      0.0,263120.83375641715,   1.0
 0.11861040861692276,   -0.117030591339261,  22.08524429980596,59.338333025287476, 41.80923726687283, 0.42503485011444647, 357.0054657989498, 40.950360018177534,361514.83379529393,      0.0,361514.83379529393,   1.0
 0.11861040861692276,   -0.117030591339261,  22.08524429980596,59.338333025287476, 41.80923726687283, 0.42503485011444647, 356.0054657989498, 41.950360018177534,361390.75242133415,      0.0,361390.75242133415,   1.0
 0.11350162811620099, -0.11187731563714204,  21.95122548613723,59.265282674025485,42.275171342809074, 0.42010701201284556,   355.49643635376,  41.07744771876859, 361918.7317068441,      0.0, 361918.7317068441,   1.0
 -0.2999993999999999, -0.11187731563714204,  21.95122548613723,59.265282674025485,42.275171342809074, 0.42010701201284556,   355.49643635376,  41.07744771876859, 252674.3066476247,      0.0, 252674.3066476247,   1.0
 0.11350162811620099,  0.29999939999999997,  21.95122548613723,59.265282674025485,42.275171342809074, 0.42010701201284556,   355.49643635376,  41.07744771876859,245164.56222971415,      0.0,245164.56222971415,   1.0
 0.11350162811620099, -0.11187731563714204,  22.95122548613723,59.265282674025485,42.275171342809074, 0.42010701201284556,   355.49643635376,  41.07744771876859,361898.54325570154,      0.0,361898.54325570154,   1.0
 0.11350162811620099, -0.11187731563714204,  21.95122548613723,60.265282674025485,42.275171342809074, 0.42010701201284556,   355.49643635376,  41.07744771876859, 362140.1974675467,      0.0, 362140.1974675467,   1.0
 0.11350162811620099, -0.11187731563714204,  21.95122548613723,59.265282674025485,43.275171342809074, 0.42010701201284556,   355.49643635376,  41.07744771876859,361897.49041639373,      0.0,361897.49041639373,   1.0
 0.11350162811620099, -0.11187731563714204,  21.95122548613723,59.265282674025485,42.275171342809074, 0.02000057999999999,   355.49643635376,  41.07744771876859,261332.99466962003,      0.0,261332.99466962003,   1.0
 0.11350162811620099, -0.11187731563714204,  21.95122548613723,59.265282674025485,42.275171342809074, 0.42010701201284556,   356.49643635376,  41.07744771876859, 362020.8263940035,      0.0, 362020.8263940035,   1.0
 0.11350162811620099, -0.11187731563714204,  21.95122548613723,59.265282674025485,42.275171342809074, 0.42010701201284556,   355.49643635376,  42.07744771876859,361842.87655848503,      0.0,361842.87655848503,   1.0
 0.11257629929162244, -0.11094392761088075,  21.92695130342259, 59.25205141547782,42.359563739537855,  0.4192144564141809, 355.4042383002075, 41.100466502329496,362005.20042525756,      0.0,362005.20042525756,   1.0
-0.29999939999999997, -0.11094392761088075,  21.92695130342259, 59.25205141547782,42.359563739537855,  0.4192144564141809, 355.4042383002075, 41.100466502329496,252784.24439191315,      0.0,252784.24439191315,   1.0
 0.11257629929162244,  0.29999939999999997,  21.92695130342259, 59.25205141547782,42.359563739537855,  0.4192144564141809, 355.4042383002075, 41.100466502329496,245540.64821172823,      0.0,245540.64821172823,   1.0
 0.11257629929162244, -0.11094392761088075,  22.92695130342259, 59.25205141547782,42.359563739537855,  0.4192144564141809, 355.4042383002075, 41.100466502329496, 361975.9327060571,      0.0, 361975.9327060571,   1.0
 0.11257629929162244, -0.11094392761088075,  21.92695130342259, 60.25205141547782,42.359563739537855,  0.4192144564141809, 355.4042383002075, 41.100466502329496, 362237.6876184438,      0.0, 362237.6876184438,   1.0
 0.11257629929162244, -0.11094392761088075,  21.92695130342259, 59.25205141547782,43.359563739537855,  0.4192144564141809, 355.4042383002075, 41.100466502329496,362034.48925866745,      0.0,362034.48925866745,   1.0
 0.11257629929162244, -0.11094392761088075,  21.92695130342259, 59.25205141547782,42.359563739537855, 0.02000057999999999, 355.4042383002075, 41.100466502329496,260559.90814636528,      0.0,260559.90814636528,   1.0
 0.11257629929162244, -0.11094392761088075,  21.92695130342259, 59.25205141547782,42.359563739537855,  0.4192144564141809, 356.4042383002075, 41.100466502329496, 362090.4420608915,      0.0, 362090.4420608915,   1.0
 0.11257629929162244, -0.11094392761088075,  21.92695130342259, 59.25205141547782,42.359563739537855,  0.4192144564141809, 355.4042383002075, 42.100466502329496, 361917.1468351586,      0.0, 361917.1468351586,   1.0
 0.11240776393773276, -0.11077392438916765, 21.922530109717684, 59.24964153178836, 42.37493460238195,  0.4190518902326339, 355.3874457490941,  41.10465904311122, 362008.1915635363,      0.0, 362008.1915635363,   1.0
-0.29999939999999997, -0.11077392438916765, 21.922530109717684, 59.24964153178836, 42.37493460238195,  0.4190518902326339, 355.3874457490941,  41.10465904311122, 252820.8809803284,      0.0, 252820.8809803284,   1.0
 0.11240776393773276,  0.29999939999999997, 21.922530109717684, 59.24964153178836, 42.37493460238195,  0.4190518902326339, 355.3874457490941,  41.10465904311122,245687.30091528568,      0.0,245687.30091528568,   1.0
 0.11240776393773276, -0.11077392438916765, 22.922530109717684, 59.24964153178836, 42.37493460238195,  0.4190518902326339, 355.3874457490941,  41.10465904311122, 361978.8095653483,      0.0, 361978.8095653483,   1.0
 0.11240776393773276, -0.11077392438916765, 21.922530109717684, 60.24964153178836, 42.37493460238195,  0.4190518902326339, 355.3874457490941,  41.10465904311122, 362218.5053467426,      0.0, 362218.5053467426,   1.0
 0.11240776393773276, -0.11077392438916765, 21.922530109717684, 59.24964153178836, 43.37493460238195,  0.4190518902326339, 355.3874457490941,  41.10465904311122,  362057.989601295,      0.0,  362057.989601295,   1.0
 0.11240776393773276, -0.11077392438916765, 21.922530109717684, 59.24964153178836, 42.37493460238195, 0.02000057999999999, 355.3874457490941,  41.10465904311122,260646.28772796565,      0.0,260646.28772796565,   1.0
 0.11240776393773276, -0.11077392438916765, 21.922530109717684, 59.24964153178836, 42.37493460238195,  0.4190518902326339, 356.3874457490941,  41.10465904311122, 362085.2632351898,      0.0, 362085.2632351898,   1.0
 0.11240776393773276, -0.11077392438916765, 21.922530109717684, 59.24964153178836, 42.37493460238195,  0.4190518902326339, 355.3874457490941,  42.10465904311122,361916.08996318764,      0.0,361916.08996318764,   1.0
   0.112373647316941,  -0.1107395106278131, 21.921635127237177, 59.24915369890293, 42.37804612697778,  0.4190189819517219, 355.3840464320652, 41.105507739368136,362015.85849581275,      0.0,362015.85849581275,   1.0
-0.29999939999999997,  -0.1107395106278131, 21.921635127237177, 59.24915369890293, 42.37804612697778,  0.4190189819517219, 355.3840464320652, 41.105507739368136,252846.59962199512,      0.0,252846.59962199512,   1.0
   0.112373647316941,  0.29999939999999997, 21.921635127237177, 59.24915369890293, 42.37804612697778,  0.4190189819517219, 355.3840464320652, 41.105507739368136, 245714.7041998285,      0.0, 245714.7041998285,   1.0
   0.112373647316941,  -0.1107395106278131, 22.921635127237177, 59.24915369890293, 42.37804612697778,  0.4190189819517219, 355.3840464320652, 41.105507739368136, 361985.7587802742,      0.0, 361985.7587802742,   1.0
   0.112373647316941,  -0.1107395106278131, 21.921635127237177, 60.24915369890293, 42.37804612697778,  0.4190189819517219, 355.3840464320652, 41.105507739368136, 362229.4448244221,      0.0, 362229.4448244221,   1.0
   0.112373647316941,  -0.1107395106278131, 21.921635127237177, 59.24915369890293, 43.37804612697778,  0.4190189819517219, 355.3840464320652, 41.105507739368136,  362056.549451944,      0.0,  362056.549451944,   1.0
   0.112373647316941,  -0.1107395106278131, 21.921635127237177, 59.24915369890293, 42.37804612697778, 0.02000057999999999, 355.3840464320652, 41.105507739368136,260668.09948616725,      0.0,260668.09948616725,   1.0
   0.112373647316941,  -0.1107395106278131, 21.921635127237177, 59.24915369890293, 42.37804612697778,  0.4190189819517219, 356.3840464320652, 41.105507739368136,362097.62622130394,      0.0,362097.62622130394,   1.0
   0.112373647316941,  -0.1107395106278131, 21.921635127237177, 59.24915369890293, 42.37804612697778,  0.4190189819517219, 355.3840464320652, 42.105507739368136, 361920.0887830635,      0.0, 361920.0887830635,   1.0
 0.11236845977379598, -0.11073427790347916, 21.921499042240367, 59.24907952232618,42.378519244411834, 0.41901397814058533, 355.3835295548557, 41.105636786394115,362016.01798410766,      0.0,362016.01798410766,   1.0
          -0.2999994, -0.11073427790347916, 21.921499042240367, 59.24907952232618,42.378519244411834, 0.41901397814058533, 355.3835295548557, 41.105636786394115, 252848.4605125563,      0.0, 252848.4605125563,   1.0
 0.11236845977379598,  0.29999939999999997, 21.921499042240367, 59.24907952232618,42.378519244411834, 0.41901397814058533, 355.3835295548557, 41.105636786394115,245714.78647972364,      0.0,245714.78647972364,   1.0
 0.11236845977379598, -0.11073427790347916, 22.921499042240367, 59.24907952232618,42.378519244411834, 0.41901397814058533, 355.3835295548557, 41.105636786394115, 361986.0578571543,      0.0, 361986.0578571543,   1.0
 0.11236845977379598, -0.11073427790347916, 21.921499042240367, 60.24907952232618,42.378519244411834, 0.41901397814058533, 355.3835295548557, 41.105636786394115,362229.54033083405,      0.0,362229.54033083405,   1.0
 0.11236845977379598, -0.11073427790347916, 21.921499042240367, 59.24907952232618,43.378519244411834, 0.41901397814058533, 355.3835295548557, 41.105636786394115,362055.98702315544,      0.0,362055.98702315544,   1.0
 0.11236845977379598, -0.11073427790347916, 21.921499042240367, 59.24907952232618,42.378519244411834, 0.02000057999999999, 355.3835295548557, 41.105636786394115, 260666.0244148802,      0.0, 260666.0244148802,   1.0
 0.11236845977379598, -0.11073427790347916, 21.921499042240367, 59.24907952232618,42.378519244411834, 0.41901397814058533, 356.3835295548557, 41.105636786394115,362098.09680166526,      0.0,362098.09680166526,   1.0
 0.11236845977379598, -0.11073427790347916, 21.921499042240367, 59.24907952232618,42.378519244411834, 0.41901397814058533, 355.3835295548557, 42.105636786394115, 361921.1631056235,      0.0, 361921.1631056235,   1.0
 0.11236741804531852, -0.11073322710201092, 21.921471714541575,  59.2490646266713,  42.3786142527598,  0.4190129733079679, 355.3834257589559,  41.10566270077365, 362015.8260771843,      0.0, 362015.8260771843,   1.0
-0.29999939999999997, -0.11073322710201092, 21.921471714541575,  59.2490646266713,  42.3786142527598,  0.4190129733079679, 355.3834257589559,  41.10566270077365,252848.46011444018,      0.0,252848.46011444018,   1.0
 0.11236741804531852,   0.2999993999999999, 21.921471714541575,  59.2490646266713,  42.3786142527598,  0.4190129733079679, 355.3834257589559,  41.10566270077365, 245723.7378889909,      0.0, 245723.7378889909,   1.0
 0.11236741804531852, -0.11073322710201092, 22.921471714541575,  59.2490646266713,  42.3786142527598,  0.4190129733079679, 355.3834257589559,  41.10566270077365,361985.84974193096,      0.0,361985.84974193096,   1.0
 0.11236741804531852, -0.11073322710201092, 21.921471714541575,  60.2490646266713,  42.3786142527598,  0.4190129733079679, 355.3834257589559,  41.10566270077365, 362229.5427428518,      0.0, 362229.5427428518,   1.0
 0.11236741804531852, -0.11073322710201092, 21.921471714541575,  59.2490646266713,  43.3786142527598,  0.4190129733079679, 355.3834257589559,  41.10566270077365, 362055.6424733986,      0.0, 362055.6424733986,   1.0
 0.11236741804531852, -0.11073322710201092, 21.921471714541575,  59.2490646266713,  42.3786142527598, 0.02000057999999999, 355.3834257589559,  41.10566270077365, 260669.3260426141,      0.0, 260669.3260426141,   1.0
 0.11236741804531852, -0.11073322710201092, 21.921471714541575,  59.2490646266713,  42.3786142527598,  0.4190129733079679, 356.3834257589559,  41.10566270077365,362097.89731436677,      0.0,362097.89731436677,   1.0
 0.11236741804531852, -0.11073322710201092, 21.921471714541575,  59.2490646266713,  42.3786142527598,  0.4190129733079679, 355.3834257589559,  42.10566270077365, 361920.9496994581,      0.0, 361920.9496994581,   1.0
 0.11236716865268416, -0.11073297553727786, 21.921465172216067,59.249061060610956,42.378636998017036, 0.41901273274830286,355.38340090993483,  41.10566890474668,362016.02401550487,      0.0,362016.02401550487,   1.0
-0.29999939999999997, -0.11073297553727786, 21.921465172216067,59.249061060610956,42.378636998017036, 0.41901273274830286,355.38340090993483,  41.10566890474668, 252848.5002352466,      0.0, 252848.5002352466,   1.0
 0.11236716865268416,  0.29999939999999997, 21.921465172216067,59.249061060610956,42.378636998017036, 0.41901273274830286,355.38340090993483,  41.10566890474668,245720.85110045638,      0.0,245720.85110045638,   1.0
 0.11236716865268416, -0.11073297553727786, 22.921465172216067,59.249061060610956,42.378636998017036, 0.41901273274830286,355.38340090993483,  41.10566890474668,361985.84974193096,      0.0,361985.84974193096,   1.0
 0.11236716865268416, -0.11073297553727786, 21.921465172216067,60.249061060610956,42.378636998017036, 0.41901273274830286,355.38340090993483,  41.10566890474668, 362229.5427428518,      0.0, 362229.5427428518,   1.0
 0.11236716865268416, -0.11073297553727786, 21.921465172216067,59.249061060610956,43.378636998017036, 0.41901273274830286,355.38340090993483,  41.10566890474668,362055.83684033324,      0.0,362055.83684033324,   1.0
 0.11236716865268416, -0.11073297553727786, 21.921465172216067,59.249061060610956,42.378636998017036, 0.02000057999999999,355.38340090993483,  41.10566890474668, 260669.3260426141,      0.0, 260669.3260426141,   1.0
 0.11236716865268416, -0.11073297553727786, 21.921465172216067,59.249061060610956,42.378636998017036, 0.41901273274830286,356.38340090993483,  41.10566890474668,362097.89731436677,      0.0,362097.89731436677,   1.0
 0.11236716865268416, -0.11073297553727786, 21.921465172216067,59.249061060610956,42.378636998017036, 0.41901273274830286,355.38340090993483,  42.10566890474668, 361920.9496994581,      0.0, 361920.9496994581,   1.0
 0.11236714734107563, -0.11073295404005472,  21.92146461314791,59.249060755876684, 42.37863894169119, 0.41901271219150726,355.38339878648554,  41.10566943490125,362016.02401550487,      0.0,362016.02401550487,   1.0
-0.29999939999999997, -0.11073295404005472,  21.92146461314791,59.249060755876684, 42.37863894169119, 0.41901271219150726,355.38339878648554,  41.10566943490125,252848.47755078267,      0.0,252848.47755078267,   1.0
 0.11236714734107563,  0.29999939999999997,  21.92146461314791,59.249060755876684, 42.37863894169119, 0.41901271219150726,355.38339878648554,  41.10566943490125,245720.85110045638,      0.0,245720.85110045638,   1.0
 0.11236714734107563, -0.11073295404005472,  22.92146461314791,59.249060755876684, 42.37863894169119, 0.41901271219150726,355.38339878648554,  41.10566943490125,361985.84974193096,      0.0,361985.84974193096,   1.0
 0.11236714734107563, -0.11073295404005472,  21.92146461314791,60.249060755876684, 42.37863894169119, 0.41901271219150726,355.38339878648554,  41.10566943490125, 362229.5427428518,      0.0, 362229.5427428518,   1.0
 0.11236714734107563, -0.11073295404005472,  21.92146461314791,59.249060755876684, 43.37863894169119, 0.41901271219150726,355.38339878648554,  41.10566943490125,362055.83684033324,      0.0,362055.83684033324,   1.0
 0.11236714734107563, -0.11073295404005472,  21.92146461314791,59.249060755876684, 42.37863894169119, 0.02000057999999999,355.38339878648554,  41.10566943490125, 260669.3260426141,      0.0, 260669.3260426141,   1.0
 0.11236714734107563, -0.11073295404005472,  21.92146461314791,59.249060755876684, 42.37863894169119, 0.41901271219150726,356.38339878648554,  41.10566943490125,362097.89731436677,      0.0,362097.89731436677,   1.0
 0.11236714734107563, -0.11073295404005472,  21.92146461314791,59.249060755876684, 42.37863894169119, 0.41901271219150726,355.38339878648554,  42.10566943490125, 361920.9496994581,      0.0, 361920.9496994581,   1.0
 0.11236714284355158, -0.11073294950335923,  21.92146449516421,59.249060691566676, 42.37863935187709, 0.41901270785327616,355.38339833836056,  41.10566954678313,362016.02401550487,      0.0,362016.02401550487,   1.0
-0.29999939999999997, -0.11073294950335923,  21.92146449516421,59.249060691566676, 42.37863935187709, 0.41901270785327616,355.38339833836056,  41.10566954678313,252848.47755078267,      0.0,252848.47755078267,   1.0
 0.11236714284355158,  0.29999939999999997,  21.92146449516421,59.249060691566676, 42.37863935187709, 0.41901270785327616,355.38339833836056,  41.10566954678313,245720.85110045638,      0.0,245720.85110045638,   1.0
 0.11236714284355158, -0.11073294950335923,  22.92146449516421,59.249060691566676, 42.37863935187709, 0.41901270785327616,355.38339833836056,  41.10566954678313,361985.84974193096,      0.0,361985.84974193096,   1.0
 0.11236714284355158, -0.11073294950335923,  21.92146449516421,60.249060691566676, 42.37863935187709, 0.41901270785327616,355.38339833836056,  41.10566954678313, 362229.5427428518,      0.0, 362229.5427428518,   1.0
 0.11236714284355158, -0.11073294950335923,  21.92146449516421,59.249060691566676, 43.37863935187709, 0.41901270785327616,355.38339833836056,  41.10566954678313,362055.83684033324,      0.0,362055.83684033324,   1.0
 0.11236714284355158, -0.11073294950335923,  21.92146449516421,59.249060691566676, 42.37863935187709, 0.02000057999999999,355.38339833836056,  41.10566954678313, 260669.3260426141,      0.0, 260669.3260426141,   1.0
 0.11236714284355158, -0.11073294950335923,  21.92146449516421,59.249060691566676, 42.37863935187709, 0.41901270785327616,356.38339833836056,  41.10566954678313,362097.89731436677,      0.0,362097.89731436677,   1.0
 0.11236714284355158, -0.11073294950335923,  21.92146449516421,59.249060691566676, 42.37863935187709, 0.41901270785327616,355.38339833836056,  42.10566954678313, 361920.9496994581,      0.0, 361920.9496994581,   1.0
 0.11236714189441059, -0.11073294854595166,  21.92146447026536, 59.24906067799493, 42.37863943844122,  0.4190127069377518,355.38339824378994,  41.10566957039428,362016.02401550487,      0.0,362016.02401550487,   1.0
-0.29999939999999997, -0.11073294854595166,  21.92146447026536, 59.24906067799493, 42.37863943844122,  0.4190127069377518,355.38339824378994,  41.10566957039428,252848.47755078267,      0.0,252848.47755078267,   1.0
 0.11236714189441059,  0.29999939999999997,  21.92146447026536, 59.24906067799493, 42.37863943844122,  0.4190127069377518,355.38339824378994,  41.10566957039428,245720.85110045638,      0.0,245720.85110045638,   1.0
 0.11236714189441059, -0.11073294854595166,  22.92146447026536, 59.24906067799493, 42.37863943844122,  0.4190127069377518,355.38339824378994,  41.10566957039428,361985.84974193096,      0.0,361985.84974193096,   1.0
 0.11236714189441059, -0.11073294854595166,  21.92146447026536, 60.24906067799493, 42.37863943844122,  0.4190127069377518,355.38339824378994,  41.10566957039428, 362229.5427428518,      0.0, 362229.5427428518,   1.0
 0.11236714189441059, -0.11073294854595166,  21.92146447026536, 59.24906067799493, 43.37863943844122,  0.4190127069377518,355.38339824378994,  41.10566957039428,362055.83684033324,      0.0,362055.83684033324,   1.0
 0.11236714189441059, -0.11073294854595166,  21.92146447026536, 59.24906067799493, 42.37863943844122, 0.02000057999999999,355.38339824378994,  41.10566957039428, 260669.3260426141,      0.0, 260669.3260426141,   1.0
 0.11236714189441059, -0.11073294854595166,  21.92146447026536, 59.24906067799493, 42.37863943844122,  0.4190127069377518,356.38339824378994,  41.10566957039428,362097.89731436677,      0.0,362097.89731436677,   1.0
 0.11236714189441059, -0.11073294854595166,  21.92146447026536, 59.24906067799493, 42.37863943844122,  0.4190127069377518,355.38339824378994,  42.10566957039428, 361920.9496994581,      0.0, 361920.9496994581,   1.0
 0.11236714169410736, -0.11073294834390386, 21.921464465010796,  59.2490606751308,42.378639456709394,  0.4190127067445429, 355.3833982238321, 41.105669575377085,362016.02401550487,      0.0,362016.02401550487,   1.0
          -0.2999994, -0.11073294834390386, 21.921464465010796,  59.2490606751308,42.378639456709394,  0.4190127067445429, 355.3833982238321, 41.105669575377085,252848.47755078267,      0.0,252848.47755078267,   1.0
 0.11236714169410736,  0.29999939999999997, 21.921464465010796,  59.2490606751308,42.378639456709394,  0.4190127067445429, 355.3833982238321, 41.105669575377085,245720.85110045638,      0.0,245720.85110045638,   1.0
 0.11236714169410736, -0.11073294834390386, 22.921464465010796,  59.2490606751308,42.378639456709394,  0.4190127067445429, 355.3833982238321, 41.105669575377085,361985.84974193096,      0.0,361985.84974193096,   1.0
 0.11236714169410736, -0.11073294834390386, 21.921464465010796,  60.2490606751308,42.378639456709394,  0.4190127067445429, 355.3833982238321, 41.105669575377085, 362229.5427428518,      0.0, 362229.5427428518,   1.0
 0.11236714169410736, -0.11073294834390386, 21.921464465010796,  59.2490606751308,43.378639456709394,  0.4190127067445429, 355.3833982238321, 41.105669575377085,362055.83684033324,      0.0,362055.83684033324,   1.0
 0.11236714169410736, -0.11073294834390386, 21.921464465010796,  59.2490606751308,42.378639456709394, 0.02000057999999999, 355.3833982238321, 41.105669575377085, 260669.3260426141,      0.0, 260669.3260426141,   1.0
 0.11236714169410736, -0.11073294834390386, 21.921464465010796,  59.2490606751308,42.378639456709394,  0.4190127067445429, 356.3833982238321, 41.105669575377085,362097.89731436677,      0.0,362097.89731436677,   1.0
 0.11236714169410736, -0.11073294834390386, 21.921464465010796,  59.2490606751308,42.378639456709394,  0.4190127067445429, 355.3833982238321, 42.105669575377085, 361920.9496994581,      0.0, 361920.9496994581,   1.0
 0.11236714165183609, -0.11073294830126443, 21.921464463901895, 59.24906067452636, 42.37863946056464,  0.4190127067037687,355.38339821962023,  41.10566957642864,362016.02401550487,      0.0,362016.02401550487,   1.0
-0.29999939999999997, -0.11073294830126443, 21.921464463901895, 59.24906067452636, 42.37863946056464,  0.4190127067037687,355.38339821962023,  41.10566957642864,252848.47755078267,      0.0,252848.47755078267,   1.0
 0.11236714165183609,   0.2999993999999999, 21.921464463901895, 59.24906067452636, 42.37863946056464,  0.4190127067037687,355.38339821962023,  41.10566957642864,245720.85110045638,      0.0,245720.85110045638,   1.0
 0.11236714165183609, -0.11073294830126443, 22.921464463901895, 59.24906067452636, 42.37863946056464,  0.4190127067037687,355.38339821962023,  41.10566957642864,361985.84974193096,      0.0,361985.84974193096,   1.0
 0.11236714165183609, -0.11073294830126443, 21.921464463901895, 60.24906067452636, 42.37863946056464,  0.4190127067037687,355.38339821962023,  41.10566957642864, 362229.5427428518,      0.0, 362229.5427428518,   1.0
 0.11236714165183609, -0.11073294830126443, 21.921464463901895, 59.24906067452636, 43.37863946056464,  0.4190127067037687,355.38339821962023,  41.10566957642864,362055.83684033324,      0.0,362055.83684033324,   1.0
 0.11236714165183609, -0.11073294830126443, 21.921464463901895, 59.24906067452636, 42.37863946056464, 0.02000057999999999,355.38339821962023,  41.10566957642864, 260669.3260426141,      0.0, 260669.3260426141,   1.0
 0.11236714165183609, -0.11073294830126443, 21.921464463901895, 59.24906067452636, 42.37863946056464,  0.4190127067037687,356.38339821962023,  41.10566957642864,362097.89731436677,      0.0,362097.89731436677,   1.0
 0.11236714165183609, -0.11073294830126443, 21.921464463901895, 59.24906067452636, 42.37863946056464,  0.4190127067037687,355.38339821962023,  42.10566957642864, 361920.9496994581,      0.0, 361920.9496994581,   1.0
 0.11236714164291532, -0.11073294829226597, 21.921464463667874,59.249060674398805, 42.37863946137824, 0.41901270669516394,355.38339821873143, 41.105669576650556,362016.02401550487,      0.0,362016.02401550487,   1.0
-0.29999939999999997, -0.11073294829226597, 21.921464463667874,59.249060674398805, 42.37863946137824, 0.41901270669516394,355.38339821873143, 41.105669576650556,252848.47755078267,      0.0,252848.47755078267,   1.0
 0.11236714164291532,  0.29999939999999997, 21.921464463667874,59.249060674398805, 42.37863946137824, 0.41901270669516394,355.38339821873143, 41.105669576650556,245720.85110045638,      0.0,245720.85110045638,   1.0
 0.11236714164291532, -0.11073294829226597, 22.921464463667874,59.249060674398805, 42.37863946137824, 0.41901270669516394,355.38339821873143, 41.105669576650556,361985.84974193096,      0.0,361985.84974193096,   1.0
 0.11236714164291532, -0.11073294829226597, 21.921464463667874,60.249060674398805, 42.37863946137824, 0.41901270669516394,355.38339821873143, 41.105669576650556, 362229.5427428518,      0.0, 362229.5427428518,   1.0
 0.11236714164291532, -0.11073294829226597, 21.921464463667874,59.249060674398805, 43.37863946137824, 0.41901270669516394,355.38339821873143, 41.105669576650556,362055.83684033324,      0.0,362055.83684033324,   1.0
 0.11236714164291532, -0.11073294829226597, 21.921464463667874,59.249060674398805, 42.37863946137824, 0.02000057999999999,355.38339821873143, 41.105669576650556, 260669.3260426141,      0.0, 260669.3260426141,   1.0
 0.11236714164291532, -0.11073294829226597, 21.921464463667874,59.249060674398805, 42.37863946137824, 0.41901270669516394,356.38339821873143, 41.105669576650556,362097.89731436677,      0.0,362097.89731436677,   1.0
 0.11236714164291532, -0.11073294829226597, 21.921464463667874,59.249060674398805, 42.37863946137824, 0.41901270669516394,355.38339821873143, 42.105669576650556, 361920.9496994581,      0.0, 361920.9496994581,   1.0
 0.11236714164103272, -0.11073294829036696, 21.921464463618488, 59.24906067437188, 42.37863946154994,   0.419012706693348,355.38339821854385,  41.10566957669739,362016.02401550487,      0.0,362016.02401550487,   1.0
-0.29999939999999997, -0.11073294829036696, 21.921464463618488, 59.24906067437188, 42.37863946154994,   0.419012706693348,355.38339821854385,  41.10566957669739,252848.47755078267,      0.0,252848.47755078267,   1.0
 0.11236714164103272,  0.29999939999999997, 21.921464463618488, 59.24906067437188, 42.37863946154994,   0.419012706693348,355.38339821854385,  41.10566957669739,245720.85110045638,      0.0,245720.85110045638,   1.0
 0.11236714164103272, -0.11073294829036696, 22.921464463618488, 59.24906067437188, 42.37863946154994,   0.419012706693348,355.38339821854385,  41.10566957669739,361985.84974193096,      0.0,361985.84974193096,   1.0
 0.11236714164103272, -0.11073294829036696, 21.921464463618488, 60.24906067437188, 42.37863946154994,   0.419012706693348,355.38339821854385,  41.10566957669739, 362229.5427428518,      0.0, 362229.5427428518,   1.0
 0.11236714164103272, -0.11073294829036696, 21.921464463618488, 59.24906067437188, 43.37863946154994,   0.419012706693348,355.38339821854385,  41.10566957669739,362055.83684033324,      0.0,362055.83684033324,   1.0
 0.11236714164103272, -0.11073294829036696, 21.921464463618488, 59.24906067437188, 42.37863946154994, 0.02000057999999999,355.38339821854385,  41.10566957669739, 260669.3260426141,      0.0, 260669.3260426141,   1.0
 0.11236714164103272, -0.11073294829036696, 21.921464463618488, 59.24906067437188, 42.37863946154994,   0.419012706693348,356.38339821854385,  41.10566957669739,362097.89731436677,      0.0,362097.89731436677,   1.0
 0.11236714164103272, -0.11073294829036696, 21.921464463618488, 59.24906067437188, 42.37863946154994,   0.419012706693348,355.38339821854385,  42.10566957669739, 361920.9496994581,      0.0, 361920.9496994581,   1.0
 0.11236714164063542,  -0.1107329482899662, 21.921464463608068,59.249060674366206,42.378639461586175,  0.4190127066929648, 355.3833982185042,  41.10566957670727,362016.02401550487,      0.0,362016.02401550487,   1.0
-0.29999939999999997,  -0.1107329482899662, 21.921464463608068,59.249060674366206,42.378639461586175,  0.4190127066929648, 355.3833982185042,  41.10566957670727,252848.47755078267,      0.0,252848.47755078267,   1.0
 0.11236714164063542,  0.29999939999999997, 21.921464463608068,59.249060674366206,42.378639461586175,  0.4190127066929648, 355.3833982185042,  41.10566957670727,245720.85110045638,      0.0,245720.85110045638,   1.0
 0.11236714164063542,  -0.1107329482899662, 22.921464463608068,59.249060674366206,42.378639461586175,  0.4190127066929648, 355.3833982185042,  41.10566957670727,361985.84974193096,      0.0,361985.84974193096,   1.0
 0.11236714164063542,  -0.1107329482899662, 21.921464463608068,60.249060674366206,42.378639461586175,  0.4190127066929648, 355.3833982185042,  41.10566957670727, 362229.5427428518,      0.0, 362229.5427428518,   1.0
 0.11236714164063542,  -0.1107329482899662, 21.921464463608068,59.249060674366206,43.378639461586175,  0.4190127066929648, 355.3833982185042,  41.10566957670727,362055.83684033324,      0.0,362055.83684033324,   1.0
 0.11236714164063542,  -0.1107329482899662, 21.921464463608068,59.249060674366206,42.378639461586175, 0.02000057999999999, 355.3833982185042,  41.10566957670727, 260669.3260426141,      0.0, 260669.3260426141,   1.0
 0.11236714164063542,  -0.1107329482899662, 21.921464463608068,59.249060674366206,42.378639461586175,  0.4190127066929648, 356.3833982185042,  41.10566957670727,362097.89731436677,      0.0,362097.89731436677,   1.0
 0.11236714164063542,  -0.1107329482899662, 21.921464463608068,59.249060674366206,42.378639461586175,  0.4190127066929648, 355.3833982185042,  42.10566957670727, 361920.9496994581,      0.0, 361920.9496994581,   1.0
 0.11236714164055159, -0.11073294828988164,  21.92146446360587,59.249060674365005, 42.37863946159382, 0.41901270669288393,355.38339821849587,  41.10566957670935,362016.02401550487,      0.0,362016.02401550487,   1.0
 -0.2999993999999999, -0.11073294828988164,  21.92146446360587,59.249060674365005, 42.37863946159382, 0.41901270669288393,355.38339821849587,  41.10566957670935,252848.47755078267,      0.0,252848.47755078267,   1.0
 0.11236714164055159,   0.2999993999999999,  21.92146446360587,59.249060674365005, 42.37863946159382, 0.41901270669288393,355.38339821849587,  41.10566957670935,245720.85110045638,      0.0,245720.85110045638,   1.0
 0.11236714164055159, -0.11073294828988164,  22.92146446360587,59.249060674365005, 42.37863946159382, 0.41901270669288393,355.38339821849587,  41.10566957670935,361985.84974193096,      0.0,361985.84974193096,   1.0
 0.11236714164055159, -0.11073294828988164,  21.92146446360587,60.249060674365005, 42.37863946159382, 0.41901270669288393,355.38339821849587,  41.10566957670935, 362229.5427428518,      0.0, 362229.5427428518,   1.0
 0.11236714164055159, -0.11073294828988164,  21.92146446360587,59.249060674365005, 43.37863946159382, 0.41901270669288393,355.38339821849587,  41.10566957670935,362055.83684033324,      0.0,362055.83684033324,   1.0
 0.11236714164055159, -0.11073294828988164,  21.92146446360587,59.249060674365005, 42.37863946159382, 0.02000057999999999,355.38339821849587,  41.10566957670935, 260669.3260426141,      0.0, 260669.3260426141,   1.0
 0.11236714164055159, -0.11073294828988164,  21.92146446360587,59.249060674365005, 42.37863946159382, 0.41901270669288393,356.38339821849587,  41.10566957670935,362097.89731436677,      0.0,362097.89731436677,   1.0
 0.11236714164055159, -0.11073294828988164,  21.92146446360587,59.249060674365005, 42.37863946159382, 0.41901270669288393,355.38339821849587,  42.10566957670935, 361920.9496994581,      0.0, 361920.9496994581,   1.0
 0.11236714164060692, -0.11073294828993746, 21.921464463607318, 59.24906067436579,42.378639461588776,  0.4190127066929373, 355.3833982185014,  41.10566957670798,362016.02401550487,      0.0,362016.02401550487,   1.0
-0.29999939999999997, -0.11073294828993746, 21.921464463607318, 59.24906067436579,42.378639461588776,  0.4190127066929373, 355.3833982185014,  41.10566957670798,252848.47755078267,      0.0,252848.47755078267,   1.0
 0.11236714164060692,  0.29999939999999997, 21.921464463607318, 59.24906067436579,42.378639461588776,  0.4190127066929373, 355.3833982185014,  41.10566957670798,245720.85110045638,      0.0,245720.85110045638,   1.0
 0.11236714164060692, -0.11073294828993746, 22.921464463607318, 59.24906067436579,42.378639461588776,  0.4190127066929373, 355.3833982185014,  41.10566957670798,361985.84974193096,      0.0,361985.84974193096,   1.0
 0.11236714164060692, -0.11073294828993746, 21.921464463607318, 60.24906067436579,42.378639461588776,  0.4190127066929373, 355.3833982185014,  41.10566957670798, 362229.5427428518,      0.0, 362229.5427428518,   1.0
 0.11236714164060692, -0.11073294828993746, 21.921464463607318, 59.24906067436579,43.378639461588776,  0.4190127066929373, 355.3833982185014,  41.10566957670798,362055.83684033324,      0.0,362055.83684033324,   1.0
 0.11236714164060692, -0.11073294828993746, 21.921464463607318, 59.24906067436579,42.378639461588776, 0.02000057999999999, 355.3833982185014,  41.10566957670798, 260669.3260426141,      0.0, 260669.3260426141,   1.0
 0.11236714164060692, -0.11073294828993746, 21.921464463607318, 59.24906067436579,42.378639461588776,  0.4190127066929373, 356.3833982185014,  41.10566957670798,362097.89731436677,      0.0,362097.89731436677,   1.0
 0.11236714164060692, -0.11073294828993746, 21.921464463607318, 59.24906067436579,42.378639461588776,  0.4190127066929373, 355.3833982185014,  42.10566957670798, 361920.9496994581,      0.0, 361920.9496994581,   1.0
 0.29999939999999997, -0.29999939999999997,-38.427082744796934,          79.99994,122.00428919828131,          0.59999942,         499.99955,           5.000115,135557.61291745125,      0.0,135557.61291745125,   1.0
-0.29999939999999997, -0.29999939999999997,-38.427082744796934,          79.99994,122.00428919828131,          0.59999942,         499.99955,           5.000115, 241610.0257805551,      0.0, 241610.0257805551,   1.0
 0.29999939999999997,  0.29999939999999997,-38.427082744796934,          79.99994,122.00428919828131,          0.59999942,         499.99955,           5.000115,201684.65540691797,      0.0,201684.65540691797,   1.0
 0.29999939999999997, -0.29999939999999997,-37.427082744796934,          79.99994,122.00428919828131,          0.59999942,         499.99955,           5.000115, 136462.7380145985,      0.0, 136462.7380145985,   1.0
 0.29999939999999997, -0.29999939999999997,-38.427082744796934,          78.99994,122.00428919828131,          0.59999942,         499.99955,           5.000115, 129143.9995911204,      0.0, 129143.9995911204,   1.0
 0.29999939999999997, -0.29999939999999997,-38.427082744796934,          79.99994,123.00428919828131,          0.59999942,         499.99955,           5.000115,136243.69460056233,      0.0,136243.69460056233,   1.0
 0.29999939999999997, -0.29999939999999997,-38.427082744796934,          79.99994,122.00428919828131,0.020000580000000046,         499.99955,           5.000115,119272.61170584179,      0.0,119272.61170584179,   1.0
 0.29999939999999997, -0.29999939999999997,-38.427082744796934,          79.99994,122.00428919828131,          0.59999942,         498.99955,           5.000115,135648.65760507493,      0.0,135648.65760507493,   1.0
 0.29999939999999997, -0.29999939999999997,-38.427082744796934,          79.99994,122.00428919828131,          0.59999942,         499.99955,           6.000115,136015.24696214788,      0.0,136015.24696214788,   1.0
 0.12881396431499828,  -0.1273230154601801,  16.63163923165139,61.067969829922504, 49.35819059533381,  0.4348770170530495,368.05966308366305, 37.940853148668765,358435.71207462286,      0.0,358435.71207462286,   1.0
          -0.2999994,  -0.1273230154601801,  16.63163923165139,61.067969829922504, 49.35819059533381,  0.4348770170530495,368.05966308366305, 37.940853148668765,227465.55819037327,      0.0,227465.55819037327,   1.0
 0.12881396431499828,  0.29999939999999997,  16.63163923165139,61.067969829922504, 49.35819059533381,  0.4348770170530495,368.05966308366305, 37.940853148668765,241487.48176239687,      0.0,241487.48176239687,   1.0
 0.12881396431499828,  -0.1273230154601801,  17.63163923165139,61.067969829922504, 49.35819059533381,  0.4348770170530495,368.05966308366305, 37.940853148668765, 358763.7810851791,      0.0, 358763.7810851791,   1.0
 0.12881396431499828,  -0.1273230154601801,  16.63163923165139,62.067969829922504, 49.35819059533381,  0.4348770170530495,368.05966308366305, 37.940853148668765, 358477.9726541714,      0.0, 358477.9726541714,   1.0
 0.12881396431499828,  -0.1273230154601801,  16.63163923165139,61.067969829922504, 50.35819059533381,  0.4348770170530495,368.05966308366305, 37.940853148668765,357954.25147816236,      0.0,357954.25147816236,   1.0
 0.12881396431499828,  -0.1273230154601801,  16.63163923165139,61.067969829922504, 49.35819059533381, 0.02000057999999999,368.05966308366305, 37.940853148668765, 257853.1767913556,      0.0, 257853.1767913556,   1.0
 0.12881396431499828,  -0.1273230154601801,  16.63163923165139,61.067969829922504, 49.35819059533381,  0.4348770170530495,369.05966308366305, 37.940853148668765,358516.42562102195,      0.0,358516.42562102195,   1.0
 0.12881396431499828,  -0.1273230154601801,  16.63163923165139,61.067969829922504, 49.35819059533381,  0.4348770170530495,368.05966308366305, 38.940853148668765,358539.63973405515,      0.0,358539.63973405515,   1.0
 0.11537523794180378, -0.11376724376933839,  20.95396429475316, 59.58173611031266, 43.65518766579981,  0.4219142624681812,357.70186581613405,  40.52682995644806,   361955.83702986,      0.0,   361955.83702986,   1.0
-0.29999939999999997, -0.11376724376933839,  20.95396429475316, 59.58173611031266, 43.65518766579981,  0.4219142624681812,357.70186581613405,  40.52682995644806,247964.28157892654,      0.0,247964.28157892654,   1.0
 0.11537523794180378,  0.29999939999999997,  20.95396429475316, 59.58173611031266, 43.65518766579981,  0.4219142624681812,357.70186581613405,  40.52682995644806,244665.05005275024,      0.0,244665.05005275024,   1.0
 0.11537523794180378, -0.11376724376933839,  21.95396429475316, 59.58173611031266, 43.65518766579981,  0.4219142624681812,357.70186581613405,  40.52682995644806,362037.13895865344,      0.0,362037.13895865344,   1.0
 0.11537523794180378, -0.11376724376933839,  20.95396429475316, 60.58173611031266, 43.65518766579981,  0.4219142624681812,357.70186581613405,  40.52682995644806, 362017.3299223161,      0.0, 362017.3299223161,   1.0
 0.11537523794180378, -0.11376724376933839,  20.95396429475316, 59.58173611031266, 44.65518766579981,  0.4219142624681812,357.70186581613405,  40.52682995644806, 361867.2845212987,      0.0, 361867.2845212987,   1.0
 0.11537523794180378, -0.11376724376933839,  20.95396429475316, 59.58173611031266, 43.65518766579981, 0.02000057999999999,357.70186581613405,  40.52682995644806,259195.86901692045,      0.0,259195.86901692045,   1.0
 0.11537523794180378, -0.11376724376933839,  20.95396429475316, 59.58173611031266, 43.65518766579981,  0.4219142624681812,358.70186581613405,  40.52682995644806, 362039.9646933655,      0.0, 362039.9646933655,   1.0
 0.11537523794180378, -0.11376724376933839,  20.95396429475316, 59.58173611031266, 43.65518766579981,  0.4219142624681812,357.70186581613405,  41.52682995644806, 361937.7722890626,      0.0, 361937.7722890626,   1.0
 0.11301354179759045, -0.11138497830421552, 21.713561458359788, 59.32054823078237,42.652952806997774, 0.41963621269833606, 355.8816062773983,  40.98128458900456,361978.67059984955,      0.0,361978.67059984955,   1.0
-0.29999939999999997, -0.11138497830421552, 21.713561458359788, 59.32054823078237,42.652952806997774, 0.41963621269833606, 355.8816062773983,  40.98128458900456, 251614.0128229418,      0.0, 251614.0128229418,   1.0
 0.11301354179759045,  0.29999939999999997, 21.713561458359788, 59.32054823078237,42.652952806997774, 0.41963621269833606, 355.8816062773983,  40.98128458900456,245539.28100870101,      0.0,245539.28100870101,   1.0
 0.11301354179759045, -0.11138497830421552, 22.713561458359788, 59.32054823078237,42.652952806997774, 0.41963621269833606, 355.8816062773983,  40.98128458900456,361987.94220554136,      0.0,361987.94220554136,   1.0
 0.11301354179759045, -0.11138497830421552, 21.713561458359788, 60.32054823078237,42.652952806997774, 0.41963621269833606, 355.8816062773983,  40.98128458900456,362263.65812155907,      0.0,362263.65812155907,   1.0
 0.11301354179759045, -0.11138497830421552, 21.713561458359788, 59.32054823078237,43.652952806997774, 0.41963621269833606, 355.8816062773983,  40.98128458900456, 362006.5662857389,      0.0, 362006.5662857389,   1.0
 0.11301354179759045, -0.11138497830421552, 21.713561458359788, 59.32054823078237,42.652952806997774, 0.02000057999999999, 355.8816062773983,  40.98128458900456, 260427.3563873096,      0.0, 260427.3563873096,   1.0
 0.11301354179759045, -0.11138497830421552, 21.713561458359788, 59.32054823078237,42.652952806997774, 0.41963621269833606, 356.8816062773983,  40.98128458900456, 362057.8428984915,      0.0, 362057.8428984915,   1.0
 0.11301354179759045, -0.11138497830421552, 21.713561458359788, 59.32054823078237,42.652952806997774, 0.41963621269833606, 355.8816062773983,  41.98128458900456, 361882.6674432437,      0.0, 361882.6674432437,   1.0
 0.11249355434335724, -0.11086046199099202, 21.880806087316127, 59.26304107818516, 42.43228532017938,  0.4191346421201985,355.48082985833605,   41.0813443312481,362035.25926795846,      0.0,362035.25926795846,   1.0
-0.29999939999999997, -0.11086046199099202, 21.880806087316127, 59.26304107818516, 42.43228532017938,  0.4191346421201985,355.48082985833605,   41.0813443312481, 252643.8855581528,      0.0, 252643.8855581528,   1.0
 0.11249355434335724,  0.29999939999999997, 21.880806087316127, 59.26304107818516, 42.43228532017938,  0.4191346421201985,355.48082985833605,   41.0813443312481,245644.33733795202,      0.0,245644.33733795202,   1.0
 0.11249355434335724, -0.11086046199099202, 22.880806087316127, 59.26304107818516, 42.43228532017938,  0.4191346421201985,355.48082985833605,   41.0813443312481,362016.51956642343,      0.0,362016.51956642343,   1.0
 0.11249355434335724, -0.11086046199099202, 21.880806087316127, 60.26304107818516, 42.43228532017938,  0.4191346421201985,355.48082985833605,   41.0813443312481, 362258.6722851024,      0.0, 362258.6722851024,   1.0
 0.11249355434335724, -0.11086046199099202, 21.880806087316127, 59.26304107818516, 43.43228532017938,  0.4191346421201985,355.48082985833605,   41.0813443312481,362061.21842089033,      0.0,362061.21842089033,   1.0
 0.11249355434335724, -0.11086046199099202, 21.880806087316127, 59.26304107818516, 42.43228532017938, 0.02000057999999999,355.48082985833605,   41.0813443312481,260411.14032883468,      0.0,260411.14032883468,   1.0
 0.11249355434335724, -0.11086046199099202, 21.880806087316127, 59.26304107818516, 42.43228532017938,  0.4191346421201985,356.48082985833605,   41.0813443312481, 362118.3780239339,      0.0, 362118.3780239339,   1.0
 0.11249355434335724, -0.11086046199099202, 21.880806087316127, 59.26304107818516, 42.43228532017938,  0.4191346421201985,355.48082985833605,   42.0813443312481,361939.30661553505,      0.0,361939.30661553505,   1.0
 0.11283674606315115, -0.11120664275771953, 21.770424632204943, 59.30099579889932, 42.57792586147952,  0.4194656787017693, 355.7453422949171, 41.015304901367365, 362000.5197619491,      0.0, 362000.5197619491,   1.0
-0.29999939999999997, -0.11120664275771953, 21.770424632204943, 59.30099579889932, 42.57792586147952,  0.4194656787017693, 355.7453422949171, 41.015304901367365,251990.80510710416,      0.0,251990.80510710416,   1.0
 0.11283674606315115,  0.29999939999999997, 21.770424632204943, 59.30099579889932, 42.57792586147952,  0.4194656787017693, 355.7453422949171, 41.015304901367365,245589.71437032704,      0.0,245589.71437032704,   1.0
 0.11283674606315115, -0.11120664275771953, 22.770424632204943, 59.30099579889932, 42.57792586147952,  0.4194656787017693, 355.7453422949171, 41.015304901367365, 362000.4748322607,      0.0, 362000.4748322607,   1.0
 0.11283674606315115, -0.11120664275771953, 21.770424632204943, 60.30099579889932, 42.57792586147952,  0.4194656787017693, 355.7453422949171, 41.015304901367365, 362266.1149653753,      0.0, 362266.1149653753,   1.0
 0.11283674606315115, -0.11120664275771953, 21.770424632204943, 59.30099579889932, 43.57792586147952,  0.4194656787017693, 355.7453422949171, 41.015304901367365,362018.44792015775,      0.0,362018.44792015775,   1.0
 0.11283674606315115, -0.11120664275771953, 21.770424632204943, 59.30099579889932, 42.57792586147952, 0.02000057999999999, 355.7453422949171, 41.015304901367365,260581.65261644224,      0.0,260581.65261644224,   1.0
 0.11283674606315115, -0.11120664275771953, 21.770424632204943, 59.30099579889932, 42.57792586147952,  0.4194656787017693, 356.7453422949171, 41.015304901367365,362081.62574630167,      0.0,362081.62574630167,   1.0
 0.11283674606315115, -0.11120664275771953, 21.770424632204943, 59.30099579889932, 42.57792586147952,  0.4194656787017693, 355.7453422949171, 42.015304901367365, 361906.7281741855,      0.0, 361906.7281741855,   1.0
  0.1125568600409095, -0.11092431905295734, 21.860444946269823, 59.27004226711727, 42.45915040907031, 0.41919570566137093,355.52962224854605, 41.069162591615616,362020.87057356467,      0.0,362020.87057356467,   1.0
          -0.2999994, -0.11092431905295734, 21.860444946269823, 59.27004226711727, 42.45915040907031, 0.41919570566137093,355.52962224854605, 41.069162591615616,252465.02121726517,      0.0,252465.02121726517,   1.0
  0.1125568600409095,  0.29999939999999997, 21.860444946269823, 59.27004226711727, 42.45915040907031, 0.41919570566137093,355.52962224854605, 41.069162591615616,245607.40517804344,      0.0,245607.40517804344,   1.0
  0.1125568600409095, -0.11092431905295734, 22.860444946269823, 59.27004226711727, 42.45915040907031, 0.41919570566137093,355.52962224854605, 41.069162591615616, 362002.6861157679,      0.0, 362002.6861157679,   1.0
  0.1125568600409095, -0.11092431905295734, 21.860444946269823, 60.27004226711727, 42.45915040907031, 0.41919570566137093,355.52962224854605, 41.069162591615616, 362269.0626422537,      0.0, 362269.0626422537,   1.0
  0.1125568600409095, -0.11092431905295734, 21.860444946269823, 59.27004226711727, 43.45915040907031, 0.41919570566137093,355.52962224854605, 41.069162591615616,362048.66419405723,      0.0,362048.66419405723,   1.0
  0.1125568600409095, -0.11092431905295734, 21.860444946269823, 59.27004226711727, 42.45915040907031, 0.02000057999999999,355.52962224854605, 41.069162591615616, 260377.9063008533,      0.0, 260377.9063008533,   1.0
  0.1125568600409095, -0.11092431905295734, 21.860444946269823, 59.27004226711727, 42.45915040907031, 0.41919570566137093,356.52962224854605, 41.069162591615616,362110.08793121134,      0.0,362110.08793121134,   1.0
  0.1125568600409095, -0.11092431905295734, 21.860444946269823, 59.27004226711727, 42.45915040907031, 0.41919570566137093,355.52962224854605, 42.069162591615616,361923.78670363134,      0.0,361923.78670363134,   1.0
   0.112503587497197, -0.11087058252913037, 21.877579103515785, 59.26415067824223,42.436543097602005,  0.4191443199205589, 355.4885628361898,  41.07941367930847, 362041.8564449623,      0.0, 362041.8564449623,   1.0
 -0.2999993999999999, -0.11087058252913037, 21.877579103515785, 59.26415067824223,42.436543097602005,  0.4191443199205589, 355.4885628361898,  41.07941367930847,252604.94416460575,      0.0,252604.94416460575,   1.0
   0.112503587497197,   0.2999993999999999, 21.877579103515785, 59.26415067824223,42.436543097602005,  0.4191443199205589, 355.4885628361898,  41.07941367930847,245622.73318229694,      0.0,245622.73318229694,   1.0
   0.112503587497197, -0.11087058252913037, 22.877579103515785, 59.26415067824223,42.436543097602005,  0.4191443199205589, 355.4885628361898,  41.07941367930847,362016.20531991485,      0.0,362016.20531991485,   1.0
   0.112503587497197, -0.11087058252913037, 21.877579103515785, 60.26415067824223,42.436543097602005,  0.4191443199205589, 355.4885628361898,  41.07941367930847,362256.59370222973,      0.0,362256.59370222973,   1.0
   0.112503587497197, -0.11087058252913037, 21.877579103515785, 59.26415067824223,43.436543097602005,  0.4191443199205589, 355.4885628361898,  41.07941367930847, 362065.5724401999,      0.0, 362065.5724401999,   1.0
   0.112503587497197, -0.11087058252913037, 21.877579103515785, 59.26415067824223,42.436543097602005, 0.02000057999999999, 355.4885628361898,  41.07941367930847,260402.68676474396,      0.0,260402.68676474396,   1.0
   0.112503587497197, -0.11087058252913037, 21.877579103515785, 59.26415067824223,42.436543097602005,  0.4191443199205589, 356.4885628361898,  41.07941367930847, 362119.7559658517,      0.0, 362119.7559658517,   1.0
   0.112503587497197, -0.11087058252913037, 21.877579103515785, 59.26415067824223,42.436543097602005,  0.4191443199205589, 355.4885628361898,  42.07941367930847,361940.21535021503,      0.0,361940.21535021503,   1.0
 0.11253874737604726, -0.11090604863485617,  21.86627055973345, 59.26803912689975, 42.45146392317108,  0.4191782345094948, 355.5156620483449,  41.07264796143119, 362028.3742747959,      0.0, 362028.3742747959,   1.0
-0.29999939999999997, -0.11090604863485617,  21.86627055973345, 59.26803912689975, 42.45146392317108,  0.4191782345094948, 355.5156620483449,  41.07264796143119,252527.51808452484,      0.0,252527.51808452484,   1.0
 0.11253874737604726,   0.2999993999999999,  21.86627055973345, 59.26803912689975, 42.45146392317108,  0.4191782345094948, 355.5156620483449,  41.07264796143119, 245603.7466030068,      0.0, 245603.7466030068,   1.0
 0.11253874737604726, -0.11090604863485617,  22.86627055973345, 59.26803912689975, 42.45146392317108,  0.4191782345094948, 355.5156620483449,  41.07264796143119, 362007.1988255005,      0.0, 362007.1988255005,   1.0
 0.11253874737604726, -0.11090604863485617,  21.86627055973345, 60.26803912689975, 42.45146392317108,  0.4191782345094948, 355.5156620483449,  41.07264796143119,362274.25083154335,      0.0,362274.25083154335,   1.0
 0.11253874737604726, -0.11090604863485617,  21.86627055973345, 59.26803912689975, 43.45146392317108,  0.4191782345094948, 355.5156620483449,  41.07264796143119,362053.92675913806,      0.0,362053.92675913806,   1.0
 0.11253874737604726, -0.11090604863485617,  21.86627055973345, 59.26803912689975, 42.45146392317108, 0.02000057999999999, 355.5156620483449,  41.07264796143119, 260350.1277423325,      0.0, 260350.1277423325,   1.0
 0.11253874737604726, -0.11090604863485617,  21.86627055973345, 59.26803912689975, 42.45146392317108,  0.4191782345094948, 356.5156620483449,  41.07264796143119, 362110.2049312234,      0.0, 362110.2049312234,   1.0
 0.11253874737604726, -0.11090604863485617,  21.86627055973345, 59.26803912689975, 42.45146392317108,  0.4191782345094948, 355.5156620483449,  42.07264796143119, 361925.8140463142,      0.0, 361925.8140463142,   1.0
 0.11250836444665978, -0.11087540108369409,  21.87604268348499, 59.26467897706842, 42.43857029542001, 0.41914892768038897,355.49224463405653, 41.078494464184985,362041.90525164554,      0.0,362041.90525164554,   1.0
-0.29999939999999997, -0.11087540108369409,  21.87604268348499, 59.26467897706842, 42.43857029542001, 0.41914892768038897,355.49224463405653, 41.078494464184985,252601.01548530546,      0.0,252601.01548530546,   1.0
 0.11250836444665978,  0.29999939999999997,  21.87604268348499, 59.26467897706842, 42.43857029542001, 0.41914892768038897,355.49224463405653, 41.078494464184985,245614.86305083107,      0.0,245614.86305083107,   1.0
 0.11250836444665978, -0.11087540108369409,  22.87604268348499, 59.26467897706842, 42.43857029542001, 0.41914892768038897,355.49224463405653, 41.078494464184985, 362016.3371815371,      0.0, 362016.3371815371,   1.0
 0.11250836444665978, -0.11087540108369409,  21.87604268348499, 60.26467897706842, 42.43857029542001, 0.41914892768038897,355.49224463405653, 41.078494464184985,362264.64238742425,      0.0,362264.64238742425,   1.0
 0.11250836444665978, -0.11087540108369409,  21.87604268348499, 59.26467897706842, 43.43857029542001, 0.41914892768038897,355.49224463405653, 41.078494464184985, 362068.5000777018,      0.0, 362068.5000777018,   1.0
 0.11250836444665978, -0.11087540108369409,  21.87604268348499, 59.26467897706842, 42.43857029542001, 0.02000057999999999,355.49224463405653, 41.078494464184985,260398.38582084014,      0.0,260398.38582084014,   1.0
 0.11250836444665978, -0.11087540108369409,  21.87604268348499, 59.26467897706842, 42.43857029542001, 0.41914892768038897,356.49224463405653, 41.078494464184985,362121.22059616173,      0.0,362121.22059616173,   1.0
 0.11250836444665978, -0.11087540108369409,  21.87604268348499, 59.26467897706842, 42.43857029542001, 0.41914892768038897,355.49224463405653, 42.078494464184985, 361939.6878046257,      0.0, 361939.6878046257,   1.0
 0.11251228137911665, -0.11087935213088705,  21.87478287248366,59.265112163736056,42.440232527141674, 0.41915270588323006, 355.4952635802849,  41.07774073974638, 362043.4273329623,      0.0, 362043.4273329623,   1.0
          -0.2999994, -0.11087935213088705,  21.87478287248366,59.265112163736056,42.440232527141674, 0.41915270588323006, 355.4952635802849,  41.07774073974638,252587.30367384705,      0.0,252587.30367384705,   1.0
 0.11251228137911665,  0.29999939999999997,  21.87478287248366,59.265112163736056,42.440232527141674, 0.41915270588323006, 355.4952635802849,  41.07774073974638,245623.80522972663,      0.0,245623.80522972663,   1.0
 0.11251228137911665, -0.11087935213088705,  22.87478287248366,59.265112163736056,42.440232527141674, 0.41915270588323006, 355.4952635802849,  41.07774073974638, 362016.5795345564,      0.0, 362016.5795345564,   1.0
 0.11251228137911665, -0.11087935213088705,  21.87478287248366,60.265112163736056,42.440232527141674, 0.41915270588323006, 355.4952635802849,  41.07774073974638,  362266.049984972,      0.0,  362266.049984972,   1.0
 0.11251228137911665, -0.11087935213088705,  21.87478287248366,59.265112163736056,43.440232527141674, 0.41915270588323006, 355.4952635802849,  41.07774073974638,362070.51845386776,      0.0,362070.51845386776,   1.0
 0.11251228137911665, -0.11087935213088705,  21.87478287248366,59.265112163736056,42.440232527141674, 0.02000057999999999, 355.4952635802849,  41.07774073974638,260396.23130243848,      0.0,260396.23130243848,   1.0
 0.11251228137911665, -0.11087935213088705,  21.87478287248366,59.265112163736056,42.440232527141674, 0.41915270588323006, 356.4952635802849,  41.07774073974638, 362122.6521607121,      0.0, 362122.6521607121,   1.0
 0.11251228137911665, -0.11087935213088705,  21.87478287248366,59.265112163736056,42.440232527141674, 0.41915270588323006, 355.4952635802849,  42.07774073974638,361939.66947673325,      0.0,361939.66947673325,   1.0
 0.11252551437758194, -0.11089270038287162, 21.870526716108554, 59.26657564531791, 42.44584822515638, 0.41916547019636247, 355.5054628143149,  41.07519435058879,362037.24508118734,      0.0,362037.24508118734,   1.0
-0.29999939999999997, -0.11089270038287162, 21.870526716108554, 59.26657564531791, 42.44584822515638, 0.41916547019636247, 355.5054628143149,  41.07519435058879,252542.83722184802,      0.0,252542.83722184802,   1.0
 0.11252551437758194,  0.29999939999999997, 21.870526716108554, 59.26657564531791, 42.44584822515638, 0.41916547019636247, 355.5054628143149,  41.07519435058879,245594.40673791763,      0.0,245594.40673791763,   1.0
 0.11252551437758194, -0.11089270038287162, 22.870526716108554, 59.26657564531791, 42.44584822515638, 0.41916547019636247, 355.5054628143149,  41.07519435058879, 362013.5696773949,      0.0, 362013.5696773949,   1.0
 0.11252551437758194, -0.11089270038287162, 21.870526716108554, 60.26657564531791, 42.44584822515638, 0.41916547019636247, 355.5054628143149,  41.07519435058879,362280.29536571744,      0.0,362280.29536571744,   1.0
 0.11252551437758194, -0.11089270038287162, 21.870526716108554, 59.26657564531791, 43.44584822515638, 0.41916547019636247, 355.5054628143149,  41.07519435058879, 362066.9719052438,      0.0, 362066.9719052438,   1.0
 0.11252551437758194, -0.11089270038287162, 21.870526716108554, 59.26657564531791, 42.44584822515638, 0.02000057999999999, 355.5054628143149,  41.07519435058879,260381.52547107436,      0.0,260381.52547107436,   1.0
 0.11252551437758194, -0.11089270038287162, 21.870526716108554, 59.26657564531791, 42.44584822515638, 0.41916547019636247, 356.5054628143149,  41.07519435058879,362119.37624678516,      0.0,362119.37624678516,   1.0
 0.11252551437758194, -0.11089270038287162, 21.870526716108554, 59.26657564531791, 42.44584822515638, 0.41916547019636247, 355.5054628143149,  42.07519435058879, 361936.8521858892,      0.0, 361936.8521858892,   1.0
 0.11251228137911665, -0.11087935213088705,  21.87478287248366,59.265112163736056,42.440232527141674, 0.41915270588323006, 355.4952635802849,  41.07774073974638, 362043.4273329623,      0.0, 362043.4273329623,   1.0
          -0.2999994, -0.11087935213088705,  21.87478287248366,59.265112163736056,42.440232527141674, 0.41915270588323006, 355.4952635802849,  41.07774073974638,252587.30367384705,      0.0,252587.30367384705,   1.0
 0.11251228137911665,  0.29999939999999997,  21.87478287248366,59.265112163736056,42.440232527141674, 0.41915270588323006, 355.4952635802849,  41.07774073974638,245623.80522972663,      0.0,245623.80522972663,   1.0
 0.11251228137911665, -0.11087935213088705,  22.87478287248366,59.265112163736056,42.440232527141674, 0.41915270588323006, 355.4952635802849,  41.07774073974638, 362016.5795345564,      0.0, 362016.5795345564,   1.0
 0.11251228137911665, -0.11087935213088705,  21.87478287248366,60.265112163736056,42.440232527141674, 0.41915270588323006, 355.4952635802849,  41.07774073974638,  362266.049984972,      0.0,  362266.049984972,   1.0
 0.11251228137911665, -0.11087935213088705,  21.87478287248366,59.265112163736056,43.440232527141674, 0.41915270588323006, 355.4952635802849,  41.07774073974638,362070.51845386776,      0.0,362070.51845386776,   1.0
 0.11251228137911665, -0.11087935213088705,  21.87478287248366,59.265112163736056,42.440232527141674, 0.02000057999999999, 355.4952635802849,  41.07774073974638,260396.23130243848,      0.0,260396.23130243848,   1.0
 0.11251228137911665, -0.11087935213088705,  21.87478287248366,59.265112163736056,42.440232527141674, 0.41915270588323006, 356.4952635802849,  41.07774073974638, 362122.6521607121,      0.0, 362122.6521607121,   1.0
 0.11251228137911665, -0.11087935213088705,  21.87478287248366,59.265112163736056,42.440232527141674, 0.41915270588323006, 355.4952635802849,  42.07774073974638,361939.66947673325,      0.0,361939.66947673325,   1.0
 0.29999939999999997, -0.29999939999999997, -19.05948247177129, 73.34215571922229, 96.44878751256326,          0.59999942, 453.5888799656975,  16.58568715809549,156263.31183396158,      0.0,156263.31183396158,   1.0
-0.29999939999999997, -0.29999939999999997, -19.05948247177129, 73.34215571922229, 96.44878751256326,          0.59999942, 453.5888799656975,  16.58568715809549, 221212.3439317504,      0.0, 221212.3439317504,   1.0
 0.29999939999999997,  0.29999939999999997, -19.05948247177129, 73.34215571922229, 96.44878751256326,          0.59999942, 453.5888799656975,  16.58568715809549, 200085.3928227963,      0.0, 200085.3928227963,   1.0
 0.29999939999999997, -0.29999939999999997, -18.05948247177129, 73.34215571922229, 96.44878751256326,          0.59999942, 453.5888799656975,  16.58568715809549,157914.45974644987,      0.0,157914.45974644987,   1.0
 0.29999939999999997, -0.29999939999999997, -19.05948247177129, 74.34215571922229, 96.44878751256326,          0.59999942, 453.5888799656975,  16.58568715809549,159325.42948770738,      0.0,159325.42948770738,   1.0
 0.29999939999999997, -0.29999939999999997, -19.05948247177129, 73.34215571922229, 97.44878751256326,          0.59999942, 453.5888799656975,  16.58568715809549,154002.97802189246,      0.0,154002.97802189246,   1.0
 0.29999939999999997, -0.29999939999999997, -19.05948247177129, 73.34215571922229, 96.44878751256326,0.020000580000000046, 453.5888799656975,  16.58568715809549,108966.88714359351,      0.0,108966.88714359351,   1.0
 0.29999939999999997, -0.29999939999999997, -19.05948247177129, 73.34215571922229, 96.44878751256326,          0.59999942, 454.5888799656975,  16.58568715809549,156033.21596412204,      0.0,156033.21596412204,   1.0
 0.29999939999999997, -0.29999939999999997, -19.05948247177129, 73.34215571922229, 96.44878751256326,          0.59999942, 453.5888799656975,  17.58568715809549,158151.77353944804,      0.0,158151.77353944804,   1.0
 0.13644450505143776, -0.13502001480582962, 16.649634599434602,61.062008705178656, 49.33427851620832, 0.44223729987818394, 368.0166484382475, 37.951396333676584, 357460.4341100213,      0.0, 357460.4341100213,   1.0
 -0.2999993999999999, -0.13502001480582962, 16.649634599434602,61.062008705178656, 49.33427851620832, 0.44223729987818394, 368.0166484382475, 37.951396333676584,225200.24375073073,      0.0,225200.24375073073,   1.0
 0.13644450505143776,            0.2999994, 16.649634599434602,61.062008705178656, 49.33427851620832, 0.44223729987818394, 368.0166484382475, 37.951396333676584,239037.08579968882,      0.0,239037.08579968882,   1.0
 0.13644450505143776, -0.13502001480582962, 17.649634599434602,61.062008705178656, 49.33427851620832, 0.44223729987818394, 368.0166484382475, 37.951396333676584,357776.77532099496,      0.0,357776.77532099496,   1.0
 0.13644450505143776, -0.13502001480582962, 16.649634599434602,62.062008705178656, 49.33427851620832, 0.44223729987818394, 368.0166484382475, 37.951396333676584, 357584.8390098478,      0.0, 357584.8390098478,   1.0
 0.13644450505143776, -0.13502001480582962, 16.649634599434602,61.062008705178656, 50.33427851620832, 0.44223729987818394, 368.0166484382475, 37.951396333676584, 356913.6339382459,      0.0, 356913.6339382459,   1.0
 0.13644450505143776, -0.13502001480582962, 16.649634599434602,61.062008705178656, 49.33427851620832, 0.02000057999999999, 368.0166484382475, 37.951396333676584,262019.67558040598,      0.0,262019.67558040598,   1.0
 0.13644450505143776, -0.13502001480582962, 16.649634599434602,61.062008705178656, 49.33427851620832, 0.44223729987818394, 369.0166484382475, 37.951396333676584, 357557.1423867493,      0.0, 357557.1423867493,   1.0
 0.13644450505143776, -0.13502001480582962, 16.649634599434602,61.062008705178656, 49.33427851620832, 0.44223729987818394, 368.0166484382475, 38.951396333676584,357551.67128313356,      0.0,357551.67128313356,   1.0
 0.11682619025365973, -0.11523083322920345, 20.932922483138416,59.589012192538235,  43.6829204854754, 0.42331382506143794, 357.7523088929111,  40.51420075855271, 361670.3975079196,      0.0, 361670.3975079196,   1.0
          -0.2999994, -0.11523083322920345, 20.932922483138416,59.589012192538235,  43.6829204854754, 0.42331382506143794, 357.7523088929111,  40.51420075855271, 247663.3477699117,      0.0, 247663.3477699117,   1.0
 0.11682619025365973,  0.29999939999999997, 20.932922483138416,59.589012192538235,  43.6829204854754, 0.42331382506143794, 357.7523088929111,  40.51420075855271,244161.83596879852,      0.0,244161.83596879852,   1.0
 0.11682619025365973, -0.11523083322920345, 21.932922483138416,59.589012192538235,  43.6829204854754, 0.42331382506143794, 357.7523088929111,  40.51420075855271,361717.88163127203,      0.0,361717.88163127203,   1.0
 0.11682619025365973, -0.11523083322920345, 20.932922483138416,60.589012192538235,  43.6829204854754, 0.42331382506143794, 357.7523088929111,  40.51420075855271,  361786.829240601,      0.0,  361786.829240601,   1.0
 0.11682619025365973, -0.11523083322920345, 20.932922483138416,59.589012192538235,  44.6829204854754, 0.42331382506143794, 357.7523088929111,  40.51420075855271,361532.38508396037,      0.0,361532.38508396037,   1.0
 0.11682619025365973, -0.11523083322920345, 20.932922483138416,59.589012192538235,  43.6829204854754, 0.02000057999999999, 357.7523088929111,  40.51420075855271,260579.42788775268,      0.0,260579.42788775268,   1.0
 0.11682619025365973, -0.11523083322920345, 20.932922483138416,59.589012192538235,  43.6829204854754, 0.42331382506143794, 358.7523088929111,  40.51420075855271, 361737.4252483863,      0.0, 361737.4252483863,   1.0
 0.11682619025365973, -0.11523083322920345, 20.932922483138416,59.589012192538235,  43.6829204854754, 0.42331382506143794, 357.7523088929111,  41.51420075855271,361626.70625711005,      0.0,361626.70625711005,   1.0
 0.11334420898309433, -0.11171852545354097, 21.693147219117556, 59.32757555430043, 42.67988209919667, 0.41995516833861946,355.93052968200595,  40.96906332445218, 361959.6719936637,      0.0, 361959.6719936637,   1.0
-0.29999939999999997, -0.11171852545354097, 21.693147219117556, 59.32757555430043, 42.67988209919667, 0.41995516833861946,355.93052968200595,  40.96906332445218,251286.76099783383,      0.0,251286.76099783383,   1.0
 0.11334420898309433,   0.2999993999999999, 21.693147219117556, 59.32757555430043, 42.67988209919667, 0.41995516833861946,355.93052968200595,  40.96906332445218,245464.33834165736,      0.0,245464.33834165736,   1.0
 0.11334420898309433, -0.11171852545354097, 22.693147219117556, 59.32757555430043, 42.67988209919667, 0.41995516833861946,355.93052968200595,  40.96906332445218,361974.84103917377,      0.0,361974.84103917377,   1.0
 0.11334420898309433, -0.11171852545354097, 21.693147219117556, 60.32757555430043, 42.67988209919667, 0.41995516833861946,355.93052968200595,  40.96906332445218,362249.07644690305,      0.0,362249.07644690305,   1.0
 0.11334420898309433, -0.11171852545354097, 21.693147219117556, 59.32757555430043, 43.67988209919667, 0.41995516833861946,355.93052968200595,  40.96906332445218,361988.82103714906,      0.0,361988.82103714906,   1.0
 0.11334420898309433, -0.11171852545354097, 21.693147219117556, 59.32757555430043, 42.67988209919667, 0.02000057999999999,355.93052968200595,  40.96906332445218,260568.83998642187,      0.0,260568.83998642187,   1.0
 0.11334420898309433, -0.11171852545354097, 21.693147219117556, 59.32757555430043, 42.67988209919667, 0.41995516833861946,356.93052968200595,  40.96906332445218, 362038.6236828334,      0.0, 362038.6236828334,   1.0
 0.11334420898309433, -0.11171852545354097, 21.693147219117556, 59.32757555430043, 42.67988209919667, 0.41995516833861946,355.93052968200595,  41.96906332445218,361858.83802943595,      0.0,361858.83802943595,   1.0
 0.11266482261982622, -0.11103322193782211, 21.841478378451868, 59.27656537559014, 42.48417438323828, 0.41929984442988083, 355.5750734470064,  41.05781378013256,362012.06740535726,      0.0,362012.06740535726,   1.0
 -0.2999993999999999, -0.11103322193782211, 21.841478378451868, 59.27656537559014, 42.48417438323828, 0.41929984442988083, 355.5750734470064,  41.05781378013256,252282.41529370513,      0.0,252282.41529370513,   1.0
 0.11266482261982622,  0.29999939999999997, 21.841478378451868, 59.27656537559014, 42.48417438323828, 0.41929984442988083, 355.5750734470064,  41.05781378013256, 245601.2696841322,      0.0, 245601.2696841322,   1.0
 0.11266482261982622, -0.11103322193782211, 22.841478378451868, 59.27656537559014, 42.48417438323828, 0.41929984442988083, 355.5750734470064,  41.05781378013256, 362001.5006411247,      0.0, 362001.5006411247,   1.0
 0.11266482261982622, -0.11103322193782211, 21.841478378451868, 60.27656537559014, 42.48417438323828, 0.41929984442988083, 355.5750734470064,  41.05781378013256,362278.24507646554,      0.0,362278.24507646554,   1.0
 0.11266482261982622, -0.11103322193782211, 21.841478378451868, 59.27656537559014, 43.48417438323828, 0.41929984442988083, 355.5750734470064,  41.05781378013256, 362042.9150451339,      0.0, 362042.9150451339,   1.0
 0.11266482261982622, -0.11103322193782211, 21.841478378451868, 59.27656537559014, 42.48417438323828, 0.02000057999999999, 355.5750734470064,  41.05781378013256,260441.34078224353,      0.0,260441.34078224353,   1.0
 0.11266482261982622, -0.11103322193782211, 21.841478378451868, 59.27656537559014, 42.48417438323828, 0.41929984442988083, 356.5750734470064,  41.05781378013256,362099.88544285984,      0.0,362099.88544285984,   1.0
 0.11266482261982622, -0.11103322193782211, 21.841478378451868, 59.27656537559014, 42.48417438323828, 0.41929984442988083, 355.5750734470064,  42.05781378013256, 361911.9738802653,      0.0, 361911.9738802653,   1.0
  0.1125368184866337, -0.11090410294567545,  21.86942565926671,59.266954476604184, 42.44730081924764, 0.41917637393733975,355.50810144151876, 41.074535377391534, 362027.3668974728,      0.0, 362027.3668974728,   1.0
-0.29999939999999997, -0.11090410294567545,  21.86942565926671,59.266954476604184, 42.44730081924764, 0.41917637393733975,355.50810144151876, 41.074535377391534,252543.23975646688,      0.0,252543.23975646688,   1.0
  0.1125368184866337,  0.29999939999999997,  21.86942565926671,59.266954476604184, 42.44730081924764, 0.41917637393733975,355.50810144151876, 41.074535377391534, 245593.4198864529,      0.0, 245593.4198864529,   1.0
  0.1125368184866337, -0.11090410294567545,  22.86942565926671,59.266954476604184, 42.44730081924764, 0.41917637393733975,355.50810144151876, 41.074535377391534,362004.46023680095,      0.0,362004.46023680095,   1.0
  0.1125368184866337, -0.11090410294567545,  21.86942565926671,60.266954476604184, 42.44730081924764, 0.41917637393733975,355.50810144151876, 41.074535377391534,362280.07235514733,      0.0,362280.07235514733,   1.0
  0.1125368184866337, -0.11090410294567545,  21.86942565926671,59.266954476604184, 43.44730081924764, 0.41917637393733975,355.50810144151876, 41.074535377391534, 362054.1280923901,      0.0, 362054.1280923901,   1.0
  0.1125368184866337, -0.11090410294567545,  21.86942565926671,59.266954476604184, 42.44730081924764, 0.02000057999999999,355.50810144151876, 41.074535377391534,260366.04006069218,      0.0,260366.04006069218,   1.0
  0.1125368184866337, -0.11090410294567545,  21.86942565926671,59.266954476604184, 42.44730081924764, 0.41917637393733975,356.50810144151876, 41.074535377391534,362108.89968606364,      0.0,362108.89968606364,   1.0
  0.1125368184866337, -0.11090410294567545,  21.86942565926671,59.266954476604184, 42.44730081924764, 0.41917637393733975,355.50810144151876, 42.074535377391534, 361925.2451153491,      0.0, 361925.2451153491,   1.0
  0.1125149093557601, -0.11088200299603589, 21.874209103501382,  59.2653094793807, 42.44098955632902,  0.4191552407823967,355.49663854265367,  41.07739743858929,362042.88648058334,      0.0,362042.88648058334,   1.0
-0.29999939999999997, -0.11088200299603589, 21.874209103501382,  59.2653094793807, 42.44098955632902,  0.4191552407823967,355.49663854265367,  41.07739743858929, 252582.1589572824,      0.0, 252582.1589572824,   1.0
  0.1125149093557601,  0.29999939999999997, 21.874209103501382,  59.2653094793807, 42.44098955632902,  0.4191552407823967,355.49663854265367,  41.07739743858929, 245619.4765965498,      0.0, 245619.4765965498,   1.0
  0.1125149093557601, -0.11088200299603589, 22.874209103501382,  59.2653094793807, 42.44098955632902,  0.4191552407823967,355.49663854265367,  41.07739743858929,362016.16961518663,      0.0,362016.16961518663,   1.0
  0.1125149093557601, -0.11088200299603589, 21.874209103501382,  60.2653094793807, 42.44098955632902,  0.4191552407823967,355.49663854265367,  41.07739743858929, 362279.5723288045,      0.0, 362279.5723288045,   1.0
  0.1125149093557601, -0.11088200299603589, 21.874209103501382,  59.2653094793807, 43.44098955632902,  0.4191552407823967,355.49663854265367,  41.07739743858929,362070.38930125855,      0.0,362070.38930125855,   1.0
  0.1125149093557601, -0.11088200299603589, 21.874209103501382,  59.2653094793807, 42.44098955632902, 0.02000057999999999,355.49663854265367,  41.07739743858929, 260394.9261722137,      0.0, 260394.9261722137,   1.0
  0.1125149093557601, -0.11088200299603589, 21.874209103501382,  59.2653094793807, 42.44098955632902,  0.4191552407823967,356.49663854265367,  41.07739743858929,362122.22927054705,      0.0,362122.22927054705,   1.0
  0.1125149093557601, -0.11088200299603589, 21.874209103501382,  59.2653094793807, 42.44098955632902,  0.4191552407823967,355.49663854265367,  42.07739743858929, 361939.3247614294,      0.0, 361939.3247614294,   1.0
 0.11251270454401305, -0.11087977898136112, 21.874690482434247, 59.26514393610912, 42.44035442631397,  0.4191531140605044,355.49548498096203,  41.07768546033629, 362043.4215736926,      0.0, 362043.4215736926,   1.0
 -0.2999993999999999, -0.11087977898136112, 21.874690482434247, 59.26514393610912, 42.44035442631397,  0.4191531140605044,355.49548498096203,  41.07768546033629,252587.30974604035,      0.0,252587.30974604035,   1.0
 0.11251270454401305,   0.2999993999999999, 21.874690482434247, 59.26514393610912, 42.44035442631397,  0.4191531140605044,355.49548498096203,  41.07768546033629,245623.86827202642,      0.0,245623.86827202642,   1.0
 0.11251270454401305, -0.11087977898136112, 22.874690482434247, 59.26514393610912, 42.44035442631397,  0.4191531140605044,355.49548498096203,  41.07768546033629,  362016.583376703,      0.0,  362016.583376703,   1.0
 0.11251270454401305, -0.11087977898136112, 21.874690482434247, 60.26514393610912, 42.44035442631397,  0.4191531140605044,355.49548498096203,  41.07768546033629,362266.28084036126,      0.0,362266.28084036126,   1.0
 0.11251270454401305, -0.11087977898136112, 21.874690482434247, 59.26514393610912, 43.44035442631397,  0.4191531140605044,355.49548498096203,  41.07768546033629, 362070.4948275996,      0.0, 362070.4948275996,   1.0
 0.11251270454401305, -0.11087977898136112, 21.874690482434247, 59.26514393610912, 42.44035442631397, 0.02000057999999999,355.49548498096203,  41.07768546033629,260396.66046660452,      0.0,260396.66046660452,   1.0
 0.11251270454401305, -0.11087977898136112, 21.874690482434247, 59.26514393610912, 42.44035442631397,  0.4191531140605044,356.49548498096203,  41.07768546033629,  362122.624853643,      0.0,  362122.624853643,   1.0
 0.11251270454401305, -0.11087977898136112, 21.874690482434247, 59.26514393610912, 42.44035442631397,  0.4191531140605044,355.49548498096203,  42.07768546033629, 361939.6681606873,      0.0, 361939.6681606873,   1.0
 0.11251236896242298, -0.11087944047700495,  21.87476375032568, 59.26511873972926,42.440257756863325,  0.4191527903645175, 355.4953094040371,  41.07772929845352,362043.42759666435,      0.0,362043.42759666435,   1.0
 -0.2999993999999999, -0.11087944047700495,  21.87476375032568, 59.26511873972926,42.440257756863325,  0.4191527903645175, 355.4953094040371,  41.07772929845352,252587.30367384705,      0.0,252587.30367384705,   1.0
 0.11251236896242298,  0.29999939999999997,  21.87476375032568, 59.26511873972926,42.440257756863325,  0.4191527903645175, 355.4953094040371,  41.07772929845352,245623.86827202642,      0.0,245623.86827202642,   1.0
 0.11251236896242298, -0.11087944047700495,  22.87476375032568, 59.26511873972926,42.440257756863325,  0.4191527903645175, 355.4953094040371,  41.07772929845352,362016.57958610565,      0.0,362016.57958610565,   1.0
 0.11251236896242298, -0.11087944047700495,  21.87476375032568, 60.26511873972926,42.440257756863325,  0.4191527903645175, 355.4953094040371,  41.07772929845352,362266.03785769636,      0.0,362266.03785769636,   1.0
 0.11251236896242298, -0.11087944047700495,  21.87476375032568, 59.26511873972926,43.440257756863325,  0.4191527903645175, 355.4953094040371,  41.07772929845352,362070.50150342606,      0.0,362070.50150342606,   1.0
 0.11251236896242298, -0.11087944047700495,  21.87476375032568, 59.26511873972926,42.440257756863325, 0.02000057999999999, 355.4953094040371,  41.07772929845352,260396.24199989517,      0.0,260396.24199989517,   1.0
 0.11251236896242298, -0.11087944047700495,  21.87476375032568, 59.26511873972926,42.440257756863325,  0.4191527903645175, 356.4953094040371,  41.07772929845352, 362122.6523421546,      0.0, 362122.6523421546,   1.0
 0.11251236896242298, -0.11087944047700495,  21.87476375032568, 59.26511873972926,42.440257756863325,  0.4191527903645175, 355.4953094040371,  42.07772929845352,  361939.668693004,      0.0,  361939.668693004,   1.0
 0.11251259044627242, -0.11087966388988002, 21.874715393517334,59.265135369339966,42.440321558700745, 0.41915300400386885,355.49542528480754,  41.07770036529615, 362043.4230196822,      0.0, 362043.4230196822,   1.0
-0.29999939999999997, -0.11087966388988002, 21.874715393517334,59.265135369339966,42.440321558700745, 0.41915300400386885,355.49542528480754,  41.07770036529615,252587.30974604035,      0.0,252587.30974604035,   1.0
 0.11251259044627242,  0.29999939999999997, 21.874715393517334,59.265135369339966,42.440321558700745, 0.41915300400386885,355.49542528480754,  41.07770036529615,245623.86827202642,      0.0,245623.86827202642,   1.0
 0.11251259044627242, -0.11087966388988002, 22.874715393517334,59.265135369339966,42.440321558700745, 0.41915300400386885,355.49542528480754,  41.07770036529615,  362016.583376703,      0.0,  362016.583376703,   1.0
 0.11251259044627242, -0.11087966388988002, 21.874715393517334,60.265135369339966,42.440321558700745, 0.41915300400386885,355.49542528480754,  41.07770036529615,362266.03785769636,      0.0,362266.03785769636,   1.0
 0.11251259044627242, -0.11087966388988002, 21.874715393517334,59.265135369339966,43.440321558700745, 0.41915300400386885,355.49542528480754,  41.07770036529615,362070.49795519357,      0.0,362070.49795519357,   1.0
 0.11251259044627242, -0.11087966388988002, 21.874715393517334,59.265135369339966,42.440321558700745, 0.02000057999999999,355.49542528480754,  41.07770036529615,260396.14636458762,      0.0,260396.14636458762,   1.0
 0.11251259044627242, -0.11087966388988002, 21.874715393517334,59.265135369339966,42.440321558700745, 0.41915300400386885,356.49542528480754,  41.07770036529615, 362122.6431471685,      0.0, 362122.6431471685,   1.0
 0.11251259044627242, -0.11087966388988002, 21.874715393517334,59.265135369339966,42.440321558700745, 0.41915300400386885,355.49542528480754,  42.07770036529615,  361939.679134369,      0.0,  361939.679134369,   1.0
 0.11251241432049901, -0.11087948623012961, 21.874753847247895, 59.26512214533716, 42.44027082295641, 0.41915283411610466,355.49533313546857,  41.07772337318016,362043.42759666435,      0.0,362043.42759666435,   1.0
-0.29999939999999997, -0.11087948623012961, 21.874753847247895, 59.26512214533716, 42.44027082295641, 0.41915283411610466,355.49533313546857,  41.07772337318016,252587.30367384705,      0.0,252587.30367384705,   1.0
 0.11251241432049901,  0.29999939999999997, 21.874753847247895, 59.26512214533716, 42.44027082295641, 0.41915283411610466,355.49533313546857,  41.07772337318016,245623.86827202642,      0.0,245623.86827202642,   1.0
 0.11251241432049901, -0.11087948623012961, 22.874753847247895, 59.26512214533716, 42.44027082295641, 0.41915283411610466,355.49533313546857,  41.07772337318016,362016.57958610565,      0.0,362016.57958610565,   1.0
 0.11251241432049901, -0.11087948623012961, 21.874753847247895, 60.26512214533716, 42.44027082295641, 0.41915283411610466,355.49533313546857,  41.07772337318016,362266.03785769636,      0.0,362266.03785769636,   1.0
 0.11251241432049901, -0.11087948623012961, 21.874753847247895, 59.26512214533716, 43.44027082295641, 0.41915283411610466,355.49533313546857,  41.07772337318016,362070.50150342606,      0.0,362070.50150342606,   1.0
 0.11251241432049901, -0.11087948623012961, 21.874753847247895, 59.26512214533716, 42.44027082295641, 0.02000057999999999,355.49533313546857,  41.07772337318016,260396.14667726547,      0.0,260396.14667726547,   1.0
 0.11251241432049901, -0.11087948623012961, 21.874753847247895, 59.26512214533716, 42.44027082295641, 0.41915283411610466,356.49533313546857,  41.07772337318016, 362122.6431166873,      0.0, 362122.6431166873,   1.0
 0.11251241432049901, -0.11087948623012961, 21.874753847247895, 59.26512214533716, 42.44027082295641, 0.41915283411610466,355.49533313546857,  42.07772337318016,361939.66898108023,      0.0,361939.66898108023,   1.0
 0.11251253056350946, -0.11087960348556487, 21.874728467785726, 59.26513087317901,42.440304308547674, 0.41915294624202903, 355.4953939540323,  41.07770818797672, 362043.4230196822,      0.0, 362043.4230196822,   1.0
-0.29999939999999997, -0.11087960348556487, 21.874728467785726, 59.26513087317901,42.440304308547674, 0.41915294624202903, 355.4953939540323,  41.07770818797672,252587.30974604035,      0.0,252587.30974604035,   1.0
 0.11251253056350946,  0.29999939999999997, 21.874728467785726, 59.26513087317901,42.440304308547674, 0.41915294624202903, 355.4953939540323,  41.07770818797672,245623.86827202642,      0.0,245623.86827202642,   1.0
 0.11251253056350946, -0.11087960348556487, 22.874728467785726, 59.26513087317901,42.440304308547674, 0.41915294624202903, 355.4953939540323,  41.07770818797672, 362016.5787615505,      0.0, 362016.5787615505,   1.0
 0.11251253056350946, -0.11087960348556487, 21.874728467785726, 60.26513087317901,42.440304308547674, 0.41915294624202903, 355.4953939540323,  41.07770818797672,362266.03785769636,      0.0,362266.03785769636,   1.0
 0.11251253056350946, -0.11087960348556487, 21.874728467785726, 59.26513087317901,43.440304308547674, 0.41915294624202903, 355.4953939540323,  41.07770818797672,362070.49795519357,      0.0,362070.49795519357,   1.0
 0.11251253056350946, -0.11087960348556487, 21.874728467785726, 59.26513087317901,42.440304308547674, 0.02000057999999999, 355.4953939540323,  41.07770818797672,260396.14636458762,      0.0,260396.14636458762,   1.0
 0.11251253056350946, -0.11087960348556487, 21.874728467785726, 59.26513087317901,42.440304308547674, 0.41915294624202903, 356.4953939540323,  41.07770818797672, 362122.6431166873,      0.0, 362122.6431166873,   1.0
 0.11251253056350946, -0.11087960348556487, 21.874728467785726, 59.26513087317901,42.440304308547674, 0.41915294624202903, 355.4953939540323,  42.07770818797672, 361939.6681606873,      0.0, 361939.6681606873,   1.0
 0.11251243748115543, -0.11087950959250503, 21.874748790556733, 59.26512388430233,42.440277494740556,  0.4191528564564587,355.49534525316795,  41.07772034762811, 362043.4230196822,      0.0, 362043.4230196822,   1.0
-0.29999939999999997, -0.11087950959250503, 21.874748790556733, 59.26512388430233,42.440277494740556,  0.4191528564564587,355.49534525316795,  41.07772034762811,252587.30367384705,      0.0,252587.30367384705,   1.0
 0.11251243748115543,  0.29999939999999997, 21.874748790556733, 59.26512388430233,42.440277494740556,  0.4191528564564587,355.49534525316795,  41.07772034762811,245623.86827202642,      0.0,245623.86827202642,   1.0
 0.11251243748115543, -0.11087950959250503, 22.874748790556733, 59.26512388430233,42.440277494740556,  0.4191528564564587,355.49534525316795,  41.07772034762811,362016.57958610565,      0.0,362016.57958610565,   1.0
 0.11251243748115543, -0.11087950959250503, 21.874748790556733, 60.26512388430233,42.440277494740556,  0.4191528564564587,355.49534525316795,  41.07772034762811,362266.03785769636,      0.0,362266.03785769636,   1.0
 0.11251243748115543, -0.11087950959250503, 21.874748790556733, 59.26512388430233,43.440277494740556,  0.4191528564564587,355.49534525316795,  41.07772034762811,362070.49795519357,      0.0,362070.49795519357,   1.0
 0.11251243748115543, -0.11087950959250503, 21.874748790556733, 59.26512388430233,42.440277494740556, 0.02000057999999999,355.49534525316795,  41.07772034762811,260396.14636458762,      0.0,260396.14636458762,   1.0
 0.11251243748115543, -0.11087950959250503, 21.874748790556733, 59.26512388430233,42.440277494740556,  0.4191528564564587,356.49534525316795,  41.07772034762811, 362122.6431166873,      0.0, 362122.6431166873,   1.0
 0.11251243748115543, -0.11087950959250503, 21.874748790556733, 59.26512388430233,42.440277494740556,  0.4191528564564587,355.49534525316795,  42.07772034762811,361939.66898108023,      0.0,361939.66898108023,   1.0
 0.11251241808650839, -0.11087949002893924, 21.874753025010996,  59.2651224280994, 42.44027190781347,  0.4191528377487298, 355.4953351058518, 41.077722881214086,362043.42759666435,      0.0,362043.42759666435,   1.0
          -0.2999994, -0.11087949002893924, 21.874753025010996,  59.2651224280994, 42.44027190781347,  0.4191528377487298, 355.4953351058518, 41.077722881214086,252587.30367384705,      0.0,252587.30367384705,   1.0
 0.11251241808650839,   0.2999993999999999, 21.874753025010996,  59.2651224280994, 42.44027190781347,  0.4191528377487298, 355.4953351058518, 41.077722881214086,245623.86827202642,      0.0,245623.86827202642,   1.0
 0.11251241808650839, -0.11087949002893924, 22.874753025010996,  59.2651224280994, 42.44027190781347,  0.4191528377487298, 355.4953351058518, 41.077722881214086,362016.57958610565,      0.0,362016.57958610565,   1.0
 0.11251241808650839, -0.11087949002893924, 21.874753025010996,  60.2651224280994, 42.44027190781347,  0.4191528377487298, 355.4953351058518, 41.077722881214086,362266.03785769636,      0.0,362266.03785769636,   1.0
 0.11251241808650839, -0.11087949002893924, 21.874753025010996,  59.2651224280994, 43.44027190781347,  0.4191528377487298, 355.4953351058518, 41.077722881214086,362070.50150342606,      0.0,362070.50150342606,   1.0
 0.11251241808650839, -0.11087949002893924, 21.874753025010996,  59.2651224280994, 42.44027190781347, 0.02000057999999999, 355.4953351058518, 41.077722881214086,260396.14667726547,      0.0,260396.14667726547,   1.0
 0.11251241808650839, -0.11087949002893924, 21.874753025010996,  59.2651224280994, 42.44027190781347,  0.4191528377487298, 356.4953351058518, 41.077722881214086, 362122.6431166873,      0.0, 362122.6431166873,   1.0
 0.11251241808650839, -0.11087949002893924, 21.874753025010996,  59.2651224280994, 42.44027190781347,  0.4191528377487298, 355.4953351058518, 42.077722881214086,361939.66898108023,      0.0,361939.66898108023,   1.0
 0.11251243088697543, -0.11087950294089266, 21.874750230271182,59.265123389193334, 42.44027559518534, 0.41915285009583086,355.49534180308046,  41.07772120904734,362043.42759666435,      0.0,362043.42759666435,   1.0
-0.29999939999999997, -0.11087950294089266, 21.874750230271182,59.265123389193334, 42.44027559518534, 0.41915285009583086,355.49534180308046,  41.07772120904734,252587.30367384705,      0.0,252587.30367384705,   1.0
 0.11251243088697543,  0.29999939999999997, 21.874750230271182,59.265123389193334, 42.44027559518534, 0.41915285009583086,355.49534180308046,  41.07772120904734,245623.86827202642,      0.0,245623.86827202642,   1.0
 0.11251243088697543, -0.11087950294089266, 22.874750230271182,59.265123389193334, 42.44027559518534, 0.41915285009583086,355.49534180308046,  41.07772120904734,362016.57958610565,      0.0,362016.57958610565,   1.0
 0.11251243088697543, -0.11087950294089266, 21.874750230271182,60.265123389193334, 42.44027559518534, 0.41915285009583086,355.49534180308046,  41.07772120904734,362266.03785769636,      0.0,362266.03785769636,   1.0
 0.11251243088697543, -0.11087950294089266, 21.874750230271182,59.265123389193334, 43.44027559518534, 0.41915285009583086,355.49534180308046,  41.07772120904734,362070.50150342606,      0.0,362070.50150342606,   1.0
 0.11251243088697543, -0.11087950294089266, 21.874750230271182,59.265123389193334, 42.44027559518534, 0.02000057999999999,355.49534180308046,  41.07772120904734,260396.14636458762,      0.0,260396.14636458762,   1.0
 0.11251243088697543, -0.11087950294089266, 21.874750230271182,59.265123389193334, 42.44027559518534, 0.41915285009583086,356.49534180308046,  41.07772120904734, 362122.6431166873,      0.0, 362122.6431166873,   1.0
 0.11251243088697543, -0.11087950294089266, 21.874750230271182,59.265123389193334, 42.44027559518534, 0.41915285009583086,355.49534180308046,  42.07772120904734,361939.66898108023,      0.0,361939.66898108023,   1.0
 0.11251243088697543, -0.11087950294089266, 21.874750230271182,59.265123389193334, 42.44027559518534, 0.41915285009583086,355.49534180308046,  41.07772120904734,362043.42759666435,      0.0,362043.42759666435,   1.0
