centre_ra,centre_dec,v_sys,inclination,phi,turnover_radius,maximum_velocity,velocity_dispersion,log_likelihood,log_prior,log_posterior,weight
0.0513444695,-0.08119908755,15.07002822,54.41980713,39.99240057,0.1458100711,248.9955219,39.76914938,369538.8095,0,369538.8095,1
0.0513444695,-0.08119908755,15.07002822,54.41980713,39.99240057,0.1458100711,248.9955219,39.76914938,369538.8095,0,369538.8095,1
-0.2999994,-0.08119908755,15.07002822,54.41980713,39.99240057,0.1458100711,248.9955219,39.76914938,280982.756,0,280982.756,1
0.0513444695,0.2999994,15.07002822,54.41980713,39.99240057,0.1458100711,248.9955219,39.76914938,252350.6465,0,252350.6465,1
0.0513444695,-0.08119908755,16.07002822,54.41980713,39.99240057,0.1458100711,248.9955219,39.76914938,369491.7469,0,369491.7469,1
0.0513444695,-0.08119908755,15.07002822,55.41980713,39.99240057,0.1458100711,248.9955219,39.76914938,369425.3646,0,369425.3646,1
0.0513444695,-0.08119908755,15.07002822,54.41980713,40.99240057,0.1458100711,248.9955219,39.76914938,369500.3078,0,369500.3078,1
0.0513444695,-0.08119908755,15.07002822,54.41980713,39.99240057,0.59999942,248.9955219,39.76914938,309403.9142,0,309403.9142,1
0.0513444695,-0.08119908755,15.07002822,54.41980713,39.99240057,0.1458100711,249.9955219,39.76914938,369521.7066,0,369521.7066,1
0.0513444695,-0.08119908755,15.07002822,54.41980713,39.99240057,0.1458100711,248.9955219,40.76914938,369281.7297,0,369281.7297,1
0.2999994,-0.2999994,-59.99988,20.00006,-37.01101628,0.02000058,214.7897204,5.000115,126515.4902,0,126515.4902,1
-0.2999994,-0.2999994,-59.99988,20.00006,-37.01101628,0.02000058,214.7897204,5.000115,122562.7548,0,122562.7548,1
0.2999994,0.2999994,-59.99988,20.00006,-37.01101628,0.02000058,214.7897204,5.000115,102745.804,0,102745.804,1
0.2999994,-0.2999994,-58.99988,20.00006,-37.01101628,0.02000058,214.7897204,5.000115,126049.8341,0,126049.8341,1
0.2999994,-0.2999994,-59.99988,21.00006,-37.01101628,0.02000058,214.7897204,5.000115,129753.2382,0,129753.2382,1
0.2999994,-0.2999994,-59.99988,20.00006,-36.01101628,0.02000058,214.7897204,5.000115,127497.8836,0,127497.8836,1
0.2999994,-0.2999994,-59.99988,20.00006,-37.01101628,0.59999942,214.7897204,5.000115,87564.59822,0,87564.59822,1
0.2999994,-0.2999994,-59.99988,20.00006,-37.01101628,0.02000058,215.7897204,5.000115,126526.061,0,126526.061,1
0.2999994,-0.2999994,-59.99988,20.00006,-37.01101628,0.02000058,214.7897204,6.000115,128310.7773,0,128310.7773,1
0.07741301294,-0.1041377256,7.199831722,50.81130167,31.91949844,0.1326204264,245.4094461,36.12402526,367729.603,0,367729.603,1
-0.2999994,-0.1041377256,7.199831722,50.81130167,31.91949844,0.1326204264,245.4094461,36.12402526,295062.8973,0,295062.8973,1
0.07741301294,0.2999994,7.199831722,50.81130167,31.91949844,0.1326204264,245.4094461,36.12402526,204049.3067,0,204049.3067,1
0.07741301294,-0.1041377256,8.199831722,50.81130167,31.91949844,0.1326204264,245.4094461,36.12402526,367892.1458,0,367892.1458,1
0.07741301294,-0.1041377256,7.199831722,51.81130167,31.91949844,0.1326204264,245.4094461,36.12402526,367835.0915,0,367835.0915,1
0.07741301294,-0.1041377256,7.199831722,50.81130167,32.91949844,0.1326204264,245.4094461,36.12402526,367993.0003,0,367993.0003,1
0.07741301294,-0.1041377256,7.199831722,50.81130167,31.91949844,0.59999942,245.4094461,36.12402526,296270.4537,0,296270.4537,1
0.07741301294,-0.1041377256,7.199831722,50.81130167,31.91949844,0.1326204264,246.4094461,36.12402526,367786.8812,0,367786.8812,1
0.07741301294,-0.1041377256,7.199831722,50.81130167,31.91949844,0.1326204264,245.4094461,37.12402526,367653.5467,0,367653.5467,1
0.0566858621,-0.08589916877,13.45744064,53.68043155,38.33827901,0.1431075392,248.2607421,39.02227071,369664.1556,0,369664.1556,1
-0.2999994,-0.08589916877,13.45744064,53.68043155,38.33827901,0.1431075392,248.2607421,39.02227071,284349.8611,0,284349.8611,1
0.0566858621,0.2999994,13.45744064,53.68043155,38.33827901,0.1431075392,248.2607421,39.02227071,242706.3912,0,242706.3912,1
0.0566858621,-0.08589916877,14.45744064,53.68043155,38.33827901,0.1431075392,248.2607421,39.02227071,369710.3943,0,369710.3943,1
0.0566858621,-0.08589916877,13.45744064,54.68043155,38.33827901,0.1431075392,248.2607421,39.02227071,369611.7568,0,369611.7568,1
0.0566858621,-0.08589916877,13.45744064,53.68043155,39.33827901,0.1431075392,248.2607421,39.02227071,369694.7132,0,369694.7132,1
0.0566858621,-0.08589916877,13.45744064,53.68043155,38.33827901,0.59999942,248.2607421,39.02227071,307738.1126,0,307738.1126,1
0.0566858621,-0.08589916877,13.45744064,53.68043155,38.33827901,0.1431075392,249.2607421,39.02227071,369648.3745,0,369648.3745,1
0.0566858621,-0.08589916877,13.45744064,53.68043155,38.33827901,0.1431075392,248.2607421,40.02227071,369427.0888,0,369427.0888,1
0.07036578166,-0.09793661628,9.327418755,51.78680583,34.10188383,0.1361860447,246.3788868,37.10942871,368799.2212,0,368799.2212,1
-0.2999994,-0.09793661628,9.327418755,51.78680583,34.10188383,0.1361860447,246.3788868,37.10942871,291787.675,0,291787.675,1
0.07036578166,0.2999994,9.327418755,51.78680583,34.10188383,0.1361860447,246.3788868,37.10942871,217091.9967,0,217091.9967,1
0.07036578166,-0.09793661628,10.32741876,51.78680583,34.10188383,0.1361860447,246.3788868,37.10942871,368913.9409,0,368913.9409,1
0.07036578166,-0.09793661628,9.327418755,52.78680583,34.10188383,0.1361860447,246.3788868,37.10942871,368802.0583,0,368802.0583,1
0.07036578166,-0.09793661628,9.327418755,51.78680583,35.10188383,0.1361860447,246.3788868,37.10942871,368951.279,0,368951.279,1
0.07036578166,-0.09793661628,9.327418755,51.78680583,34.10188383,0.59999942,246.3788868,37.10942871,300609.607,0,300609.607,1
0.07036578166,-0.09793661628,9.327418755,51.78680583,34.10188383,0.1361860447,247.3788868,37.10942871,368825.7211,0,368825.7211,1
0.07036578166,-0.09793661628,9.327418755,51.78680583,34.10188383,0.1361860447,246.3788868,38.10942871,368652.8802,0,368652.8802,1
0.05931948083,-0.08821658351,12.66234072,53.31587618,37.52270041,0.141775033,247.8984528,38.65401588,369608.1218,0,369608.1218,1
-0.2999994,-0.08821658351,12.66234072,53.31587618,37.52270041,0.141775033,247.8984528,38.65401588,286045.4022,0,286045.4022,1
0.05931948083,0.2999994,12.66234072,53.31587618,37.52270041,0.141775033,247.8984528,38.65401588,237892.77,0,237892.77,1
0.05931948083,-0.08821658351,13.66234072,53.31587618,37.52270041,0.141775033,247.8984528,38.65401588,369652.0049,0,369652.0049,1
0.05931948083,-0.08821658351,12.66234072,54.31587618,37.52270041,0.141775033,247.8984528,38.65401588,369557.1153,0,369557.1153,1
0.05931948083,-0.08821658351,12.66234072,53.31587618,38.52270041,0.141775033,247.8984528,38.65401588,369667.083,0,369667.083,1
0.05931948083,-0.08821658351,12.66234072,53.31587618,37.52270041,0.59999942,247.8984528,38.65401588,306739.4562,0,306739.4562,1
0.05931948083,-0.08821658351,12.66234072,53.31587618,37.52270041,0.141775033,248.8984528,38.65401588,369605.6533,0,369605.6533,1
0.05931948083,-0.08821658351,12.66234072,53.31587618,37.52270041,0.141775033,247.8984528,39.65401588,369379.6127,0,369379.6127,1
0.05722007737,-0.08636924378,13.29615894,53.60648347,38.17284331,0.1428372475,248.1872537,38.94757221,369659.7513,0,369659.7513,1
-0.2999994,-0.08636924378,13.29615894,53.60648347,38.17284331,0.1428372475,248.1872537,38.94757221,284672.9736,0,284672.9736,1
0.05722007737,0.2999994,13.29615894,53.60648347,38.17284331,0.1428372475,248.1872537,38.94757221,241554.2617,0,241554.2617,1
0.05722007737,-0.08636924378,14.29615894,53.60648347,38.17284331,0.1428372475,248.1872537,38.94757221,369706.3638,0,369706.3638,1
0.05722007737,-0.08636924378,13.29615894,54.60648347,38.17284331,0.1428372475,248.1872537,38.94757221,369591.1102,0,369591.1102,1
0.05722007737,-0.08636924378,13.29615894,53.60648347,39.17284331,0.1428372475,248.1872537,38.94757221,369707.371,0,369707.371,1
0.05722007737,-0.08636924378,13.29615894,53.60648347,38.17284331,0.59999942,248.1872537,38.94757221,307566.0057,0,307566.0057,1
0.05722007737,-0.08636924378,13.29615894,53.60648347,38.17284331,0.1428372475,249.1872537,38.94757221,369634.6961,0,369634.6961,1
0.05722007737,-0.08636924378,13.29615894,53.60648347,38.17284331,0.1428372475,248.1872537,39.94757221,369429.5997,0,369429.5997,1
0.0566858621,-0.08589916877,13.45744064,53.68043155,38.33827901,0.1431075392,248.2607421,39.02227071,369664.1556,0,369664.1556,1
-0.2999994,-0.08589916877,13.45744064,53.68043155,38.33827901,0.1431075392,248.2607421,39.02227071,284349.8611,0,284349.8611,1
0.0566858621,0.2999994,13.45744064,53.68043155,38.33827901,0.1431075392,248.2607421,39.02227071,242706.3912,0,242706.3912,1
0.0566858621,-0.08589916877,14.45744064,53.68043155,38.33827901,0.1431075392,248.2607421,39.02227071,369710.3943,0,369710.3943,1
0.0566858621,-0.08589916877,13.45744064,54.68043155,38.33827901,0.1431075392,248.2607421,39.02227071,369611.7568,0,369611.7568,1
0.0566858621,-0.08589916877,13.45744064,53.68043155,39.33827901,0.1431075392,248.2607421,39.02227071,369694.7132,0,369694.7132,1
0.0566858621,-0.08589916877,13.45744064,53.68043155,38.33827901,0.59999942,248.2607421,39.02227071,307738.1126,0,307738.1126,1
0.0566858621,-0.08589916877,13.45744064,53.68043155,38.33827901,0.1431075392,249.2607421,39.02227071,369648.3745,0,369648.3745,1
0.0566858621,-0.08589916877,13.45744064,53.68043155,38.33827901,0.1431075392,248.2607421,40.02227071,369427.0888,0,369427.0888,1
0.2574842544,-0.2999994,-35.04553106,31.44175473,-11.41408487,0.02000058,226.1600072,16.55762276,227674.6462,0,227674.6462,1
-0.2999994,-0.2999994,-35.04553106,31.44175473,-11.41408487,0.02000058,226.1600072,16.55762276,220950.7816,0,220950.7816,1
0.2574842544,0.2999994,-35.04553106,31.44175473,-11.41408487,0.02000058,226.1600072,16.55762276,122854.47,0,122854.47,1
0.2574842544,-0.2999994,-34.04553106,31.44175473,-11.41408487,0.02000058,226.1600072,16.55762276,227089.0554,0,227089.0554,1
0.2574842544,-0.2999994,-35.04553106,32.44175473,-11.41408487,0.02000058,226.1600072,16.55762276,230070.249,0,230070.249,1
0.2574842544,-0.2999994,-35.04553106,31.44175473,-10.41408487,0.02000058,226.1600072,16.55762276,229779.3369,0,229779.3369,1
0.2574842544,-0.2999994,-35.04553106,31.44175473,-11.41408487,0.59999942,226.1600072,16.55762276,163204.4452,0,163204.4452,1
0.2574842544,-0.2999994,-35.04553106,31.44175473,-11.41408487,0.02000058,227.1600072,16.55762276,227928.7561,0,227928.7561,1
0.2574842544,-0.2999994,-35.04553106,31.44175473,-11.41408487,0.02000058,226.1600072,17.55762276,230357.0453,0,230357.0453,1
0.08429419288,-0.1153364065,6.788631837,50.62277388,31.49768779,0.1261812201,245.2220505,35.93354363,367632.6369,0,367632.6369,1
-0.2999994,-0.1153364065,6.788631837,50.62277388,31.49768779,0.1261812201,245.2220505,35.93354363,291716.9917,0,291716.9917,1
0.08429419288,0.2999994,6.788631837,50.62277388,31.49768779,0.1261812201,245.2220505,35.93354363,199116.073,0,199116.073,1
0.08429419288,-0.1153364065,7.788631837,50.62277388,31.49768779,0.1261812201,245.2220505,35.93354363,367744.6601,0,367744.6601,1
0.08429419288,-0.1153364065,6.788631837,51.62277388,31.49768779,0.1261812201,245.2220505,35.93354363,367669.6642,0,367669.6642,1
0.08429419288,-0.1153364065,6.788631837,50.62277388,32.49768779,0.1261812201,245.2220505,35.93354363,367893.3747,0,367893.3747,1
0.08429419288,-0.1153364065,6.788631837,50.62277388,31.49768779,0.59999942,245.2220505,35.93354363,295593.1323,0,295593.1323,1
0.08429419288,-0.1153364065,6.788631837,50.62277388,31.49768779,0.1261812201,246.2220505,35.93354363,367699.6922,0,367699.6922,1
0.08429419288,-0.1153364065,6.788631837,50.62277388,31.49768779,0.1261812201,245.2220505,36.93354363,367558.7721,0,367558.7721,1
0.06194194853,-0.09150344333,12.18782982,53.09831331,37.03596418,0.1398850989,247.6822347,38.43423746,369567.1337,0,369567.1337,1
-0.2999994,-0.09150344333,12.18782982,53.09831331,37.03596418,0.1398850989,247.6822347,38.43423746,285763.1879,0,285763.1879,1
0.06194194853,0.2999994,12.18782982,53.09831331,37.03596418,0.1398850989,247.6822347,38.43423746,234035.8337,0,234035.8337,1
0.06194194853,-0.09150344333,13.18782982,53.09831331,37.03596418,0.1398850989,247.6822347,38.43423746,369619.9018,0,369619.9018,1
0.06194194853,-0.09150344333,12.18782982,54.09831331,37.03596418,0.1398850989,247.6822347,38.43423746,369521.4989,0,369521.4989,1
0.06194194853,-0.09150344333,12.18782982,53.09831331,38.03596418,0.1398850989,247.6822347,38.43423746,369638.633,0,369638.633,1
0.06194194853,-0.09150344333,12.18782982,53.09831331,37.03596418,0.59999942,247.6822347,38.43423746,305963.8024,0,305963.8024,1
0.06194194853,-0.09150344333,12.18782982,53.09831331,37.03596418,0.1398850989,248.6822347,38.43423746,369563.3578,0,369563.3578,1
0.06194194853,-0.09150344333,12.18782982,53.09831331,37.03596418,0.1398850989,247.6822347,39.43423746,369356.287,0,369356.287,1
0.05776009106,-0.08704455976,13.19796,53.56145933,38.07211438,0.142448943,248.1425079,38.90208959,369641.2812,0,369641.2812,1
-0.2999994,-0.08704455976,13.19796,53.56145933,38.07211438,0.142448943,248.1425079,38.90208959,284703.2921,0,284703.2921,1
0.05776009106,0.2999994,13.19796,53.56145933,38.07211438,0.142448943,248.1425079,38.90208959,240895.6595,0,240895.6595,1
0.05776009106,-0.08704455976,14.19796,53.56145933,38.07211438,0.142448943,248.1425079,38.90208959,369692.8933,0,369692.8933,1
0.05776009106,-0.08704455976,13.19796,54.56145933,38.07211438,0.142448943,248.1425079,38.90208959,369593.7791,0,369593.7791,1
0.05776009106,-0.08704455976,13.19796,53.56145933,39.07211438,0.142448943,248.1425079,38.90208959,369699.7947,0,369699.7947,1
0.05776009106,-0.08704455976,13.19796,53.56145933,38.07211438,0.59999942,248.1425079,38.90208959,307455.2881,0,307455.2881,1
0.05776009106,-0.08704455976,13.19796,53.56145933,38.07211438,0.142448943,249.1425079,38.90208959,369622.6835,0,369622.6835,1
0.05776009106,-0.08704455976,13.19796,53.56145933,38.07211438,0.142448943,248.1425079,39.90208959,369416.3513,0,369416.3513,1
0.05690460232,-0.08613239938,13.40460381,53.6562058,38.28408115,0.1429734323,248.2366667,38.99779879,369656.7763,0,369656.7763,1
-0.2999994,-0.08613239938,13.40460381,53.6562058,38.28408115,0.1429734323,248.2366667,38.99779879,284371.6937,0,284371.6937,1
0.05690460232,0.2999994,13.40460381,53.6562058,38.28408115,0.1429734323,248.2366667,38.99779879,242342.8637,0,242342.8637,1
0.05690460232,-0.08613239938,14.40460381,53.6562058,38.28408115,0.1429734323,248.2366667,38.99779879,369710.5897,0,369710.5897,1
0.05690460232,-0.08613239938,13.40460381,54.6562058,38.28408115,0.1429734323,248.2366667,38.99779879,369605.3179,0,369605.3179,1
0.05690460232,-0.08613239938,13.40460381,53.6562058,39.28408115,0.1429734323,248.2366667,38.99779879,369693.8585,0,369693.8585,1
0.05690460232,-0.08613239938,13.40460381,53.6562058,38.28408115,0.59999942,248.2366667,38.99779879,307742.8941,0,307742.8941,1
0.05690460232,-0.08613239938,13.40460381,53.6562058,38.28408115,0.1429734323,249.2366667,38.99779879,369636.632,0,369636.632,1
0.05690460232,-0.08613239938,13.40460381,53.6562058,38.28408115,0.1429734323,248.2366667,39.99779879,369424.0053,0,369424.0053,1
0.05672927436,-0.08594545686,13.44695439,53.67562359,38.32752264,0.1430809237,248.255964,39.01741389,369661.6753,0,369661.6753,1
-0.2999994,-0.08594545686,13.44695439,53.67562359,38.32752264,0.1430809237,248.255964,39.01741389,284367.5955,0,284367.5955,1
0.05672927436,0.2999994,13.44695439,53.67562359,38.32752264,0.1430809237,248.255964,39.01741389,242624.0126,0,242624.0126,1
0.05672927436,-0.08594545686,14.44695439,53.67562359,38.32752264,0.1430809237,248.255964,39.01741389,369712.221,0,369712.221,1
0.05672927436,-0.08594545686,13.44695439,54.67562359,38.32752264,0.1430809237,248.255964,39.01741389,369610.7099,0,369610.7099,1
0.05672927436,-0.08594545686,13.44695439,53.67562359,39.32752264,0.1430809237,248.255964,39.01741389,369694.6231,0,369694.6231,1
0.05672927436,-0.08594545686,13.44695439,53.67562359,38.32752264,0.59999942,248.255964,39.01741389,307735.0142,0,307735.0142,1
0.05672927436,-0.08594545686,13.44695439,53.67562359,38.32752264,0.1430809237,249.255964,39.01741389,369647.6662,0,369647.6662,1
0.05672927436,-0.08594545686,13.44695439,53.67562359,38.32752264,0.1430809237,248.255964,40.01741389,369425.9161,0,369425.9161,1
0.0566941187,-0.08590797232,13.45544626,53.67951712,38.33623325,0.1431024772,248.2598334,39.02134699,369664.4372,0,369664.4372,1
-0.2999994,-0.08590797232,13.45544626,53.67951712,38.33623325,0.1431024772,248.2598334,39.02134699,284353.3999,0,284353.3999,1
0.0566941187,0.2999994,13.45544626,53.67951712,38.33623325,0.1431024772,248.2598334,39.02134699,242697.0679,0,242697.0679,1
0.0566941187,-0.08590797232,14.45544626,53.67951712,38.33623325,0.1431024772,248.2598334,39.02134699,369711.2536,0,369711.2536,1
0.0566941187,-0.08590797232,13.45544626,54.67951712,38.33623325,0.1431024772,248.2598334,39.02134699,369611.9297,0,369611.9297,1
0.0566941187,-0.08590797232,13.45544626,53.67951712,39.33623325,0.1431024772,248.2598334,39.02134699,369694.4479,0,369694.4479,1
0.0566941187,-0.08590797232,13.45544626,53.67951712,38.33623325,0.59999942,248.2598334,39.02134699,307730.3109,0,307730.3109,1
0.0566941187,-0.08590797232,13.45544626,53.67951712,38.33623325,0.1431024772,249.2598334,39.02134699,369649.7008,0,369649.7008,1
0.0566941187,-0.08590797232,13.45544626,53.67951712,38.33623325,0.1431024772,248.2598334,40.02134699,369428.8956,0,369428.8956,1
0.05671732143,-0.08593271212,13.44984162,53.67694739,38.33048424,0.1430882518,248.2572796,39.01875114,369663.3017,0,369663.3017,1
-0.2999994,-0.08593271212,13.44984162,53.67694739,38.33048424,0.1430882518,248.2572796,39.01875114,284359.8623,0,284359.8623,1
0.05671732143,0.2999994,13.44984162,53.67694739,38.33048424,0.1430882518,248.2572796,39.01875114,242656.8457,0,242656.8457,1
0.05671732143,-0.08593271212,14.44984162,53.67694739,38.33048424,0.1430882518,248.2572796,39.01875114,369711.584,0,369711.584,1
0.05671732143,-0.08593271212,13.44984162,54.67694739,38.33048424,0.1430882518,248.2572796,39.01875114,369609.9087,0,369609.9087,1
0.05671732143,-0.08593271212,13.44984162,53.67694739,39.33048424,0.1430882518,248.2572796,39.01875114,369694.8112,0,369694.8112,1
0.05671732143,-0.08593271212,13.44984162,53.67694739,38.33048424,0.59999942,248.2572796,39.01875114,307740.3231,0,307740.3231,1
0.05671732143,-0.08593271212,13.44984162,53.67694739,38.33048424,0.1430882518,249.2572796,39.01875114,369649.1915,0,369649.1915,1
0.05671732143,-0.08593271212,13.44984162,53.67694739,38.33048424,0.1430882518,248.2572796,40.01875114,369427.7604,0,369427.7604,1
0.0566985927,-0.08591274271,13.45436556,53.67902162,38.33512471,0.1430997342,248.259341,39.02084645,369663.2491,0,369663.2491,1
-0.2999994,-0.08591274271,13.45436556,53.67902162,38.33512471,0.1430997342,248.259341,39.02084645,284350.227,0,284350.227,1
0.0566985927,0.2999994,13.45436556,53.67902162,38.33512471,0.1430997342,248.259341,39.02084645,242661.4368,0,242661.4368,1
0.0566985927,-0.08591274271,14.45436556,53.67902162,38.33512471,0.1430997342,248.259341,39.02084645,369711.1575,0,369711.1575,1
0.0566985927,-0.08591274271,13.45436556,54.67902162,38.33512471,0.1430997342,248.259341,39.02084645,369611.6257,0,369611.6257,1
0.0566985927,-0.08591274271,13.45436556,53.67902162,39.33512471,0.1430997342,248.259341,39.02084645,369694.5768,0,369694.5768,1
0.0566985927,-0.08591274271,13.45436556,53.67902162,38.33512471,0.59999942,248.259341,39.02084645,307742.4531,0,307742.4531,1
0.0566985927,-0.08591274271,13.45436556,53.67902162,38.33512471,0.1430997342,249.259341,39.02084645,369648.6263,0,369648.6263,1
0.0566985927,-0.08591274271,13.45436556,53.67902162,38.33512471,0.1430997342,248.259341,40.02084645,369427.9242,0,369427.9242,1
0.05669474433,-0.0859086394,13.45529514,53.67944784,38.33607824,0.1431020936,248.2597645,39.021277,369663.3592,0,369663.3592,1
-0.2999994,-0.0859086394,13.45529514,53.67944784,38.33607824,0.1431020936,248.2597645,39.021277,284351.62,0,284351.62,1
0.05669474433,0.2999994,13.45529514,53.67944784,38.33607824,0.1431020936,248.2597645,39.021277,242696.2044,0,242696.2044,1
0.05669474433,-0.0859086394,14.45529514,53.67944784,38.33607824,0.1431020936,248.2597645,39.021277,369710.7078,0,369710.7078,1
0.05669474433,-0.0859086394,13.45529514,54.67944784,38.33607824,0.1431020936,248.2597645,39.021277,369611.5832,0,369611.5832,1
0.05669474433,-0.0859086394,13.45529514,53.67944784,39.33607824,0.1431020936,248.2597645,39.021277,369693.8179,0,369693.8179,1
0.05669474433,-0.0859086394,13.45529514,53.67944784,38.33607824,0.59999942,248.2597645,39.021277,307735.892,0,307735.892,1
0.05669474433,-0.0859086394,13.45529514,53.67944784,38.33607824,0.1431020936,249.2597645,39.021277,369649.2656,0,369649.2656,1
0.05669474433,-0.0859086394,13.45529514,53.67944784,38.33607824,0.1431020936,248.2597645,40.021277,369428.4444,0,369428.4444,1
0.0566941187,-0.08590797232,13.45544626,53.67951712,38.33623325,0.1431024772,248.2598334,39.02134699,369664.4372,0,369664.4372,1
-0.2999994,-0.08590797232,13.45544626,53.67951712,38.33623325,0.1431024772,248.2598334,39.02134699,284353.3999,0,284353.3999,1
0.0566941187,0.2999994,13.45544626,53.67951712,38.33623325,0.1431024772,248.2598334,39.02134699,242697.0679,0,242697.0679,1
0.0566941187,-0.08590797232,14.45544626,53.67951712,38.33623325,0.1431024772,248.2598334,39.02134699,369711.2536,0,369711.2536,1
0.0566941187,-0.08590797232,13.45544626,54.67951712,38.33623325,0.1431024772,248.2598334,39.02134699,369611.9297,0,369611.9297,1
0.0566941187,-0.08590797232,13.45544626,53.67951712,39.33623325,0.1431024772,248.2598334,39.02134699,369694.4479,0,369694.4479,1
0.0566941187,-0.08590797232,13.45544626,53.67951712,38.33623325,0.59999942,248.2598334,39.02134699,307730.3109,0,307730.3109,1
0.0566941187,-0.08590797232,13.45544626,53.67951712,38.33623325,0.1431024772,249.2598334,39.02134699,369649.7008,0,369649.7008,1
0.0566941187,-0.08590797232,13.45544626,53.67951712,38.33623325,0.1431024772,248.2598334,40.02134699,369428.8956,0,369428.8956,1
0.2999994,-0.2999994,10.0423376,52.11346748,34.83271476,0.02000058,246.7064981,37.44279262,345125.5963,0,345125.5963,1
-0.2999994,-0.2999994,10.0423376,52.11346748,34.83271476,0.02000058,246.7064981,37.44279262,188894.2956,0,188894.2956,1
0.2999994,0.2999994,10.0423376,52.11346748,34.83271476,0.02000058,246.7064981,37.44279262,134205.5741,0,134205.5741,1
0.2999994,-0.2999994,11.0423376,52.11346748,34.83271476,0.02000058,246.7064981,37.44279262,344875.8616,0,344875.8616,1
0.2999994,-0.2999994,10.0423376,53.11346748,34.83271476,0.02000058,246.7064981,37.44279262,344950.0642,0,344950.0642,1
0.2999994,-0.2999994,10.0423376,52.11346748,35.83271476,0.02000058,246.7064981,37.44279262,345717.3802,0,345717.3802,1
0.2999994,-0.2999994,10.0423376,52.11346748,34.83271476,0.59999942,246.7064981,37.44279262,289876.7298,0,289876.7298,1
0.2999994,-0.2999994,10.0423376,52.11346748,34.83271476,0.02000058,247.7064981,37.44279262,345373.5142,0,345373.5142,1
0.2999994,-0.2999994,10.0423376,52.11346748,34.83271476,0.02000058,246.7064981,38.44279262,345527.2545,0,345527.2545,1
0.09835471988,-0.1225663528,12.87102755,53.41136606,37.73633387,0.1220240237,247.9938594,38.75105477,368075.238,0,368075.238,1
-0.2999994,-0.1225663528,12.87102755,53.41136606,37.73633387,0.1220240237,247.9938594,38.75105477,270194.9335,0,270194.9335,1
0.09835471988,0.2999994,12.87102755,53.41136606,37.73633387,0.1220240237,247.9938594,38.75105477,221456.7177,0,221456.7177,1
0.09835471988,-0.1225663528,13.87102755,53.41136606,37.73633387,0.1220240237,247.9938594,38.75105477,368096.4469,0,368096.4469,1
0.09835471988,-0.1225663528,12.87102755,54.41136606,37.73633387,0.1220240237,247.9938594,38.75105477,367943.2625,0,367943.2625,1
0.09835471988,-0.1225663528,12.87102755,53.41136606,38.73633387,0.1220240237,247.9938594,38.75105477,368066.8676,0,368066.8676,1
0.09835471988,-0.1225663528,12.87102755,53.41136606,37.73633387,0.59999942,247.9938594,38.75105477,306227.5883,0,306227.5883,1
0.09835471988,-0.1225663528,12.87102755,53.41136606,37.73633387,0.1220240237,248.9938594,38.75105477,368032.4374,0,368032.4374,1
0.09835471988,-0.1225663528,12.87102755,53.41136606,37.73633387,0.1220240237,247.9938594,39.75105477,367857.7972,0,367857.7972,1
0.06469665645,-0.09294963917,13.34318593,53.62800829,38.22099926,0.1390535409,248.2087427,38.96942686,369498.1557,0,369498.1557,1
-0.2999994,-0.09294963917,13.34318593,53.62800829,38.22099926,0.1390535409,248.2087427,38.96942686,281933.5297,0,281933.5297,1
0.06469665645,0.2999994,13.34318593,53.62800829,38.22099926,0.1390535409,248.2087427,38.96942686,238865.8945,0,238865.8945,1
0.06469665645,-0.09294963917,14.34318593,53.62800829,38.22099926,0.1390535409,248.2087427,38.96942686,369560.4729,0,369560.4729,1
0.06469665645,-0.09294963917,13.34318593,54.62800829,38.22099926,0.1390535409,248.2087427,38.96942686,369443.5053,0,369443.5053,1
0.06469665645,-0.09294963917,13.34318593,53.62800829,39.22099926,0.1390535409,248.2087427,38.96942686,369537.5033,0,369537.5033,1
0.06469665645,-0.09294963917,13.34318593,53.62800829,38.22099926,0.59999942,248.2087427,38.96942686,307476.8476,0,307476.8476,1
0.06469665645,-0.09294963917,13.34318593,53.62800829,38.22099926,0.1390535409,249.2087427,38.96942686,369483.1076,0,369483.1076,1
0.06469665645,-0.09294963917,13.34318593,53.62800829,38.22099926,0.1390535409,248.2087427,39.96942686,369250.7561,0,369250.7561,1
0.05830572431,-0.0873260712,13.43283851,53.66914392,38.31302664,0.1422870748,248.2495444,39.01089096,369617.7887,0,369617.7887,1
-0.2999994,-0.0873260712,13.43283851,53.66914392,38.31302664,0.1422870748,248.2495444,39.01089096,283976.7957,0,283976.7957,1
0.05830572431,0.2999994,13.43283851,53.66914392,38.31302664,0.1422870748,248.2495444,39.01089096,241745.6532,0,241745.6532,1
0.05830572431,-0.0873260712,14.43283851,53.66914392,38.31302664,0.1422870748,248.2495444,39.01089096,369675.9892,0,369675.9892,1
0.05830572431,-0.0873260712,13.43283851,54.66914392,38.31302664,0.1422870748,248.2495444,39.01089096,369573.5549,0,369573.5549,1
0.05830572431,-0.0873260712,13.43283851,53.66914392,39.31302664,0.1422870748,248.2495444,39.01089096,369667.6783,0,369667.6783,1
0.05830572431,-0.0873260712,13.43283851,53.66914392,38.31302664,0.59999942,248.2495444,39.01089096,307790.4223,0,307790.4223,1
0.05830572431,-0.0873260712,13.43283851,53.66914392,38.31302664,0.1422870748,249.2495444,39.01089096,369606.2637,0,369606.2637,1
0.05830572431,-0.0873260712,13.43283851,53.66914392,38.31302664,0.1422870748,248.2495444,40.01089096,369387.7393,0,369387.7393,1
0.05701368151,-0.08618916498,13.4509634,53.67746024,38.33163165,0.1429407923,248.2577932,39.01927368,369654.6992,0,369654.6992,1
-0.2999994,-0.08618916498,13.4509634,53.67746024,38.33163165,0.1429407923,248.2577932,39.01927368,284284.0306,0,284284.0306,1
0.05701368151,0.2999994,13.4509634,53.67746024,38.33163165,0.1429407923,248.2577932,39.01927368,242523.7256,0,242523.7256,1
0.05701368151,-0.08618916498,14.4509634,53.67746024,38.33163165,0.1429407923,248.2577932,39.01927368,369708.5629,0,369708.5629,1
0.05701368151,-0.08618916498,13.4509634,54.67746024,38.33163165,0.1429407923,248.2577932,39.01927368,369603.2732,0,369603.2732,1
0.05701368151,-0.08618916498,13.4509634,53.67746024,39.33163165,0.1429407923,248.2577932,39.01927368,369692.9148,0,369692.9148,1
0.05701368151,-0.08618916498,13.4509634,53.67746024,38.33163165,0.59999942,248.2577932,39.01927368,307779.6052,0,307779.6052,1
0.05701368151,-0.08618916498,13.4509634,53.67746024,38.33163165,0.1429407923,249.2577932,39.01927368,369633.4712,0,369633.4712,1
0.05701368151,-0.08618916498,13.4509634,53.67746024,38.33163165,0.1429407923,248.2577932,40.01927368,369416.342,0,369416.342,1
0.05675728713,-0.08596355607,13.45456012,53.67911054,38.33532364,0.1430705167,248.2594301,39.02093715,369660.8791,0,369660.8791,1
-0.2999994,-0.08596355607,13.45456012,53.67911054,38.33532364,0.1430705167,248.2594301,39.02093715,284302.9576,0,284302.9576,1
0.05675728713,0.2999994,13.45456012,53.67911054,38.33532364,0.1430705167,248.2594301,39.02093715,242647.3598,0,242647.3598,1
0.05675728713,-0.08596355607,14.45456012,53.67911054,38.33532364,0.1430705167,248.2594301,39.02093715,369710.0042,0,369710.0042,1
0.05675728713,-0.08596355607,13.45456012,54.67911054,38.33532364,0.1430705167,248.2594301,39.02093715,369609.0213,0,369609.0213,1
0.05675728713,-0.08596355607,13.45456012,53.67911054,39.33532364,0.1430705167,248.2594301,39.02093715,369694.5594,0,369694.5594,1
0.05675728713,-0.08596355607,13.45456012,53.67911054,38.33532364,0.59999942,248.2594301,39.02093715,307758.5252,0,307758.5252,1
0.05675728713,-0.08596355607,13.45456012,53.67911054,38.33532364,0.1430705167,249.2594301,39.02093715,369647.4367,0,369647.4367,1
0.05675728713,-0.08596355607,13.45456012,53.67911054,38.33532364,0.1430705167,248.2594301,40.02093715,369427.5115,0,369427.5115,1
0.05670596061,-0.08591839236,13.45528014,53.6794409,38.33606273,0.1430964857,248.2597578,39.02127016,369663.3545,0,369663.3545,1
-0.2999994,-0.08591839236,13.45528014,53.6794409,38.33606273,0.1430964857,248.2597578,39.02127016,284352.6125,0,284352.6125,1
0.05670596061,0.2999994,13.45528014,53.6794409,38.33606273,0.1430964857,248.2597578,39.02127016,242669.5305,0,242669.5305,1
0.05670596061,-0.08591839236,14.45528014,53.6794409,38.33606273,0.1430964857,248.2597578,39.02127016,369709.4941,0,369709.4941,1
0.05670596061,-0.08591839236,13.45528014,54.6794409,38.33606273,0.1430964857,248.2597578,39.02127016,369613.3444,0,369613.3444,1
0.05670596061,-0.08591839236,13.45528014,53.6794409,39.33606273,0.1430964857,248.2597578,39.02127016,369695.9001,0,369695.9001,1
0.05670596061,-0.08591839236,13.45528014,53.6794409,38.33606273,0.59999942,248.2597578,39.02127016,307741.866,0,307741.866,1
0.05670596061,-0.08591839236,13.45528014,53.6794409,38.33606273,0.1430964857,249.2597578,39.02127016,369647.7828,0,369647.7828,1
0.05670596061,-0.08591839236,13.45528014,53.6794409,38.33606273,0.1430964857,248.2597578,40.02127016,369426.9725,0,369426.9725,1
0.05669619456,-0.08590979893,13.45541714,53.67950376,38.33620336,0.1431014269,248.2598201,39.02133352,369664.1977,0,369664.1977,1
-0.2999994,-0.08590979893,13.45541714,53.67950376,38.33620336,0.1431014269,248.2598201,39.02133352,284353.3431,0,284353.3431,1
0.05669619456,0.2999994,13.45541714,53.67950376,38.33620336,0.1431014269,248.2598201,39.02133352,242696.8226,0,242696.8226,1
0.05669619456,-0.08590979893,14.45541714,53.67950376,38.33620336,0.1431014269,248.2598201,39.02133352,369710.7037,0,369710.7037,1
0.05669619456,-0.08590979893,13.45541714,54.67950376,38.33620336,0.1431014269,248.2598201,39.02133352,369612.1589,0,369612.1589,1
0.05669619456,-0.08590979893,13.45541714,53.67950376,39.33620336,0.1431014269,248.2598201,39.02133352,369694.5564,0,369694.5564,1
0.05669619456,-0.08590979893,13.45541714,53.67950376,38.33620336,0.59999942,248.2598201,39.02133352,307735.8422,0,307735.8422,1
0.05669619456,-0.08590979893,13.45541714,53.67950376,38.33620336,0.1431014269,249.2598201,39.02133352,369649.263,0,369649.263,1
0.05669619456,-0.08590979893,13.45541714,53.67950376,38.33620336,0.1431014269,248.2598201,40.02133352,369428.4276,0,369428.4276,1
0.05669446727,-0.08590827904,13.45544137,53.67951488,38.33622823,0.1431023008,248.2598312,39.02134473,369664.0472,0,369664.0472,1
-0.2999994,-0.08590827904,13.45544137,53.67951488,38.33622823,0.1431023008,248.2598312,39.02134473,284353.3106,0,284353.3106,1
0.05669446727,0.2999994,13.45544137,53.67951488,38.33622823,0.1431023008,248.2598312,39.02134473,242697.0679,0,242697.0679,1
0.05669446727,-0.08590827904,14.45544137,53.67951488,38.33622823,0.1431023008,248.2598312,39.02134473,369710.9068,0,369710.9068,1
0.05669446727,-0.08590827904,13.45544137,54.67951488,38.33622823,0.1431023008,248.2598312,39.02134473,369612.1611,0,369612.1611,1
0.05669446727,-0.08590827904,13.45544137,53.67951488,39.33622823,0.1431023008,248.2598312,39.02134473,369694.4479,0,369694.4479,1
0.05669446727,-0.08590827904,13.45544137,53.67951488,38.33622823,0.59999942,248.2598312,39.02134473,307735.8588,0,307735.8588,1
0.05669446727,-0.08590827904,13.45544137,53.67951488,38.33622823,0.1431023008,249.2598312,39.02134473,369649.2611,0,369649.2611,1
0.05669446727,-0.08590827904,13.45544137,53.67951488,38.33622823,0.1431023008,248.2598312,40.02134473,369428.424,0,369428.424,1
0.05669414027,-0.08590799131,13.45544595,53.67951699,38.33623294,0.1431024662,248.2598332,39.02134685,369664.4372,0,369664.4372,1
-0.2999994,-0.08590799131,13.45544595,53.67951699,38.33623294,0.1431024662,248.2598332,39.02134685,284353.3999,0,284353.3999,1
0.05669414027,0.2999994,13.45544595,53.67951699,38.33623294,0.1431024662,248.2598332,39.02134685,242697.0679,0,242697.0679,1
0.05669414027,-0.08590799131,14.45544595,53.67951699,38.33623294,0.1431024662,248.2598332,39.02134685,369711.2536,0,369711.2536,1
0.05669414027,-0.08590799131,13.45544595,54.67951699,38.33623294,0.1431024662,248.2598332,39.02134685,369611.9297,0,369611.9297,1
0.05669414027,-0.08590799131,13.45544595,53.67951699,39.33623294,0.1431024662,248.2598332,39.02134685,369694.4479,0,369694.4479,1
0.05669414027,-0.08590799131,13.45544595,53.67951699,38.33623294,0.59999942,248.2598332,39.02134685,307730.3109,0,307730.3109,1
0.05669414027,-0.08590799131,13.45544595,53.67951699,38.33623294,0.1431024662,249.2598332,39.02134685,369649.7008,0,369649.7008,1
0.05669414027,-0.08590799131,13.45544595,53.67951699,38.33623294,0.1431024662,248.2598332,40.02134685,369428.8956,0,369428.8956,1
0.05669412325,-0.08590797633,13.45544619,53.6795171,38.33623318,0.1431024748,248.2598334,39.02134696,369664.4372,0,369664.4372,1
-0.2999994,-0.08590797633,13.45544619,53.6795171,38.33623318,0.1431024748,248.2598334,39.02134696,284353.3999,0,284353.3999,1
0.05669412325,0.2999994,13.45544619,53.6795171,38.33623318,0.1431024748,248.2598334,39.02134696,242697.0679,0,242697.0679,1
0.05669412325,-0.08590797633,14.45544619,53.6795171,38.33623318,0.1431024748,248.2598334,39.02134696,369711.2536,0,369711.2536,1
0.05669412325,-0.08590797633,13.45544619,54.6795171,38.33623318,0.1431024748,248.2598334,39.02134696,369611.9297,0,369611.9297,1
0.05669412325,-0.08590797633,13.45544619,53.6795171,39.33623318,0.1431024748,248.2598334,39.02134696,369694.4479,0,369694.4479,1
0.05669412325,-0.08590797633,13.45544619,53.6795171,38.33623318,0.59999942,248.2598334,39.02134696,307730.3109,0,307730.3109,1
0.05669412325,-0.08590797633,13.45544619,53.6795171,38.33623318,0.1431024748,249.2598334,39.02134696,369649.7008,0,369649.7008,1
0.05669412325,-0.08590797633,13.45544619,53.6795171,38.33623318,0.1431024748,248.2598334,40.02134696,369428.8956,0,369428.8956,1
0.05669411966,-0.08590797317,13.45544624,53.67951712,38.33623324,0.1431024767,248.2598334,39.02134698,369664.4372,0,369664.4372,1
-0.2999994,-0.08590797317,13.45544624,53.67951712,38.33623324,0.1431024767,248.2598334,39.02134698,284353.3999,0,284353.3999,1
0.05669411966,0.2999994,13.45544624,53.67951712,38.33623324,0.1431024767,248.2598334,39.02134698,242697.0679,0,242697.0679,1
0.05669411966,-0.08590797317,14.45544624,53.67951712,38.33623324,0.1431024767,248.2598334,39.02134698,369711.2536,0,369711.2536,1
0.05669411966,-0.08590797317,13.45544624,54.67951712,38.33623324,0.1431024767,248.2598334,39.02134698,369611.9297,0,369611.9297,1
0.05669411966,-0.08590797317,13.45544624,53.67951712,39.33623324,0.1431024767,248.2598334,39.02134698,369694.4479,0,369694.4479,1
0.05669411966,-0.08590797317,13.45544624,53.67951712,38.33623324,0.59999942,248.2598334,39.02134698,307730.3109,0,307730.3109,1
0.05669411966,-0.08590797317,13.45544624,53.67951712,38.33623324,0.1431024767,249.2598334,39.02134698,369649.7008,0,369649.7008,1
0.05669411966,-0.08590797317,13.45544624,53.67951712,38.33623324,0.1431024767,248.2598334,40.02134698,369428.8956,0,369428.8956,1
0.0566941189,-0.0859079725,13.45544625,53.67951712,38.33623325,0.143102477,248.2598334,39.02134699,369664.4372,0,369664.4372,1
-0.2999994,-0.0859079725,13.45544625,53.67951712,38.33623325,0.143102477,248.2598334,39.02134699,284353.3999,0,284353.3999,1
0.0566941189,0.2999994,13.45544625,53.67951712,38.33623325,0.143102477,248.2598334,39.02134699,242697.0679,0,242697.0679,1
0.0566941189,-0.0859079725,14.45544625,53.67951712,38.33623325,0.143102477,248.2598334,39.02134699,369711.2536,0,369711.2536,1
0.0566941189,-0.0859079725,13.45544625,54.67951712,38.33623325,0.143102477,248.2598334,39.02134699,369611.9297,0,369611.9297,1
0.0566941189,-0.0859079725,13.45544625,53.67951712,39.33623325,0.143102477,248.2598334,39.02134699,369694.4479,0,369694.4479,1
0.0566941189,-0.0859079725,13.45544625,53.67951712,38.33623325,0.59999942,248.2598334,39.02134699,307730.3109,0,307730.3109,1
0.0566941189,-0.0859079725,13.45544625,53.67951712,38.33623325,0.143102477,249.2598334,39.02134699,369649.7008,0,369649.7008,1
0.0566941189,-0.0859079725,13.45544625,53.67951712,38.33623325,0.143102477,248.2598334,40.02134699,369428.8956,0,369428.8956,1
0.05669411874,-0.08590797236,13.45544626,53.67951712,38.33623325,0.1431024771,248.2598334,39.02134699,369664.4372,0,369664.4372,1
-0.2999994,-0.08590797236,13.45544626,53.67951712,38.33623325,0.1431024771,248.2598334,39.02134699,284353.3999,0,284353.3999,1
0.05669411874,0.2999994,13.45544626,53.67951712,38.33623325,0.1431024771,248.2598334,39.02134699,242697.0679,0,242697.0679,1
0.05669411874,-0.08590797236,14.45544626,53.67951712,38.33623325,0.1431024771,248.2598334,39.02134699,369711.2536,0,369711.2536,1
0.05669411874,-0.08590797236,13.45544626,54.67951712,38.33623325,0.1431024771,248.2598334,39.02134699,369611.9297,0,369611.9297,1
0.05669411874,-0.08590797236,13.45544626,53.67951712,39.33623325,0.1431024771,248.2598334,39.02134699,369694.4479,0,369694.4479,1
0.05669411874,-0.08590797236,13.45544626,53.67951712,38.33623325,0.59999942,248.2598334,39.02134699,307730.3109,0,307730.3109,1
0.05669411874,-0.08590797236,13.45544626,53.67951712,38.33623325,0.1431024771,249.2598334,39.02134699,369649.7008,0,369649.7008,1
0.05669411874,-0.08590797236,13.45544626,53.67951712,38.33623325,0.1431024771,248.2598334,40.02134699,369428.8956,0,369428.8956,1
0.05669411871,-0.08590797233,13.45544626,53.67951712,38.33623325,0.1431024771,248.2598334,39.02134699,369664.4372,0,369664.4372,1
-0.2999994,-0.08590797233,13.45544626,53.67951712,38.33623325,0.1431024771,248.2598334,39.02134699,284353.3999,0,284353.3999,1
0.05669411871,0.2999994,13.45544626,53.67951712,38.33623325,0.1431024771,248.2598334,39.02134699,242697.0679,0,242697.0679,1
0.05669411871,-0.08590797233,14.45544626,53.67951712,38.33623325,0.1431024771,248.2598334,39.02134699,369711.2536,0,369711.2536,1
0.05669411871,-0.08590797233,13.45544626,54.67951712,38.33623325,0.1431024771,248.2598334,39.02134699,369611.9297,0,369611.9297,1
0.05669411871,-0.08590797233,13.45544626,53.67951712,39.33623325,0.1431024771,248.2598334,39.02134699,369694.4479,0,369694.4479,1
0.05669411871,-0.08590797233,13.45544626,53.67951712,38.33623325,0.59999942,248.2598334,39.02134699,307730.3109,0,307730.3109,1
0.05669411871,-0.08590797233,13.45544626,53.67951712,38.33623325,0.1431024771,249.2598334,39.02134699,369649.7008,0,369649.7008,1
0.05669411871,-0.08590797233,13.45544626,53.67951712,38.33623325,0.1431024771,248.2598334,40.02134699,369428.8956,0,369428.8956,1
0.0566941187,-0.08590797233,13.45544626,53.67951712,38.33623325,0.1431024771,248.2598334,39.02134699,369664.4372,0,369664.4372,1
-0.2999994,-0.08590797233,13.45544626,53.67951712,38.33623325,0.1431024771,248.2598334,39.02134699,284353.3999,0,284353.3999,1
0.0566941187,0.2999994,13.45544626,53.67951712,38.33623325,0.1431024771,248.2598334,39.02134699,242697.0679,0,242697.0679,1
0.0566941187,-0.08590797233,14.45544626,53.67951712,38.33623325,0.1431024771,248.2598334,39.02134699,369711.2536,0,369711.2536,1
0.0566941187,-0.08590797233,13.45544626,54.67951712,38.33623325,0.1431024771,248.2598334,39.02134699,369611.9297,0,369611.9297,1
0.0566941187,-0.08590797233,13.45544626,53.67951712,39.33623325,0.1431024771,248.2598334,39.02134699,369694.4479,0,369694.4479,1
0.0566941187,-0.08590797233,13.45544626,53.67951712,38.33623325,0.59999942,248.2598334,39.02134699,307730.3109,0,307730.3109,1
0.0566941187,-0.08590797233,13.45544626,53.67951712,38.33623325,0.1431024771,249.2598334,39.02134699,369649.7008,0,369649.7008,1
0.0566941187,-0.08590797233,13.45544626,53.67951712,38.33623325,0.1431024771,248.2598334,40.02134699,369428.8956,0,369428.8956,1
0.0566941187,-0.08590797233,13.45544626,53.67951712,38.33623325,0.1431024771,248.2598334,39.02134699,369664.4372,0,369664.4372,1
-0.2999994,-0.08590797233,13.45544626,53.67951712,38.33623325,0.1431024771,248.2598334,39.02134699,284353.3999,0,284353.3999,1
0.0566941187,0.2999994,13.45544626,53.67951712,38.33623325,0.1431024771,248.2598334,39.02134699,242697.0679,0,242697.0679,1
0.0566941187,-0.08590797233,14.45544626,53.67951712,38.33623325,0.1431024771,248.2598334,39.02134699,369711.2536,0,369711.2536,1
0.0566941187,-0.08590797233,13.45544626,54.67951712,38.33623325,0.1431024771,248.2598334,39.02134699,369611.9297,0,369611.9297,1
0.0566941187,-0.08590797233,13.45544626,53.67951712,39.33623325,0.1431024771,248.2598334,39.02134699,369694.4479,0,369694.4479,1
0.0566941187,-0.08590797233,13.45544626,53.67951712,38.33623325,0.59999942,248.2598334,39.02134699,307730.3109,0,307730.3109,1
0.0566941187,-0.08590797233,13.45544626,53.67951712,38.33623325,0.1431024771,249.2598334,39.02134699,369649.7008,0,369649.7008,1
0.0566941187,-0.08590797233,13.45544626,53.67951712,38.33623325,0.1431024771,248.2598334,40.02134699,369428.8956,0,369428.8956,1
0.0566941187,-0.08590797232,13.45544626,53.67951712,38.33623325,0.1431024772,248.2598334,39.02134699,369664.4372,0,369664.4372,1
-0.2999994,-0.08590797232,13.45544626,53.67951712,38.33623325,0.1431024772,248.2598334,39.02134699,284353.3999,0,284353.3999,1
0.0566941187,0.2999994,13.45544626,53.67951712,38.33623325,0.1431024772,248.2598334,39.02134699,242697.0679,0,242697.0679,1
0.0566941187,-0.08590797232,14.45544626,53.67951712,38.33623325,0.1431024772,248.2598334,39.02134699,369711.2536,0,369711.2536,1
0.0566941187,-0.08590797232,13.45544626,54.67951712,38.33623325,0.1431024772,248.2598334,39.02134699,369611.9297,0,369611.9297,1
0.0566941187,-0.08590797232,13.45544626,53.67951712,39.33623325,0.1431024772,248.2598334,39.02134699,369694.4479,0,369694.4479,1
0.0566941187,-0.08590797232,13.45544626,53.67951712,38.33623325,0.59999942,248.2598334,39.02134699,307730.3109,0,307730.3109,1
0.0566941187,-0.08590797232,13.45544626,53.67951712,38.33623325,0.1431024772,249.2598334,39.02134699,369649.7008,0,369649.7008,1
0.0566941187,-0.08590797232,13.45544626,53.67951712,38.33623325,0.1431024772,248.2598334,40.02134699,369428.8956,0,369428.8956,1
0.0566941187,-0.08590797232,13.45544626,53.67951712,38.33623325,0.1431024772,248.2598334,39.02134699,369664.4372,0,369664.4372,1
-0.2999994,-0.08590797232,13.45544626,53.67951712,38.33623325,0.1431024772,248.2598334,39.02134699,284353.3999,0,284353.3999,1
0.0566941187,0.2999994,13.45544626,53.67951712,38.33623325,0.1431024772,248.2598334,39.02134699,242697.0679,0,242697.0679,1
0.0566941187,-0.08590797232,14.45544626,53.67951712,38.33623325,0.1431024772,248.2598334,39.02134699,369711.2536,0,369711.2536,1
0.0566941187,-0.08590797232,13.45544626,54.67951712,38.33623325,0.1431024772,248.2598334,39.02134699,369611.9297,0,369611.9297,1
0.0566941187,-0.08590797232,13.45544626,53.67951712,39.33623325,0.1431024772,248.2598334,39.02134699,369694.4479,0,369694.4479,1
0.0566941187,-0.08590797232,13.45544626,53.67951712,38.33623325,0.59999942,248.2598334,39.02134699,307730.3109,0,307730.3109,1
0.0566941187,-0.08590797232,13.45544626,53.67951712,38.33623325,0.1431024772,249.2598334,39.02134699,369649.7008,0,369649.7008,1
0.0566941187,-0.08590797232,13.45544626,53.67951712,38.33623325,0.1431024772,248.2598334,40.02134699,369428.8956,0,369428.8956,1
0.0566941187,-0.08590797232,13.45544626,53.67951712,38.33623325,0.1431024772,248.2598334,39.02134699,369664.4372,0,369664.4372,1
-0.2999994,-0.08590797232,13.45544626,53.67951712,38.33623325,0.1431024772,248.2598334,39.02134699,284353.3999,0,284353.3999,1
0.0566941187,0.2999994,13.45544626,53.67951712,38.33623325,0.1431024772,248.2598334,39.02134699,242697.0679,0,242697.0679,1
0.0566941187,-0.08590797232,14.45544626,53.67951712,38.33623325,0.1431024772,248.2598334,39.02134699,369711.2536,0,369711.2536,1
0.0566941187,-0.08590797232,13.45544626,54.67951712,38.33623325,0.1431024772,248.2598334,39.02134699,369611.9297,0,369611.9297,1
0.0566941187,-0.08590797232,13.45544626,53.67951712,39.33623325,0.1431024772,248.2598334,39.02134699,369694.4479,0,369694.4479,1
0.0566941187,-0.08590797232,13.45544626,53.67951712,38.33623325,0.59999942,248.2598334,39.02134699,307730.3109,0,307730.3109,1
0.0566941187,-0.08590797232,13.45544626,53.67951712,38.33623325,0.1431024772,249.2598334,39.02134699,369649.7008,0,369649.7008,1
0.0566941187,-0.08590797232,13.45544626,53.67951712,38.33623325,0.1431024772,248.2598334,40.02134699,369428.8956,0,369428.8956,1
0.2999994,-0.2999994,59.99988,20.00006,98.35769668,0.02000058,218.7869274,5.000115,157189.2032,0,157189.2032,1
-0.2999994,-0.2999994,59.99988,20.00006,98.35769668,0.02000058,218.7869274,5.000115,98775.87721,0,98775.87721,1
0.2999994,0.2999994,59.99988,20.00006,98.35769668,0.02000058,218.7869274,5.000115,145089.1164,0,145089.1164,1
0.2999994,-0.2999994,58.99988,20.00006,98.35769668,0.02000058,218.7869274,5.000115,156736.2752,0,156736.2752,1
0.2999994,-0.2999994,59.99988,21.00006,98.35769668,0.02000058,218.7869274,5.000115,161547.8218,0,161547.8218,1
0.2999994,-0.2999994,59.99988,20.00006,99.35769668,0.02000058,218.7869274,5.000115,155018.9712,0,155018.9712,1
0.2999994,-0.2999994,59.99988,20.00006,98.35769668,0.59999942,218.7869274,5.000115,104862.2944,0,104862.2944,1
0.2999994,-0.2999994,59.99988,20.00006,98.35769668,0.02000058,219.7869274,5.000115,157512.255,0,157512.255,1
0.2999994,-0.2999994,59.99988,20.00006,98.35769668,0.02000058,218.7869274,6.000115,158742.4172,0,158742.4172,1
0.08808653509,-0.113531077,19.46083273,49.33403175,46.08049084,0.1272192789,244.4570975,34.63176418,368305.5403,0,368305.5403,1
-0.2999994,-0.113531077,19.46083273,49.33403175,46.08049084,0.1272192789,244.4570975,34.63176418,238120.2239,0,238120.2239,1
0.08808653509,0.2999994,19.46083273,49.33403175,46.08049084,0.1272192789,244.4570975,34.63176418,252712.3287,0,252712.3287,1
0.08808653509,-0.113531077,20.46083273,49.33403175,46.08049084,0.1272192789,244.4570975,34.63176418,368174.3506,0,368174.3506,1
0.08808653509,-0.113531077,19.46083273,50.33403175,46.08049084,0.1272192789,244.4570975,34.63176418,368478.3099,0,368478.3099,1
0.08808653509,-0.113531077,19.46083273,49.33403175,47.08049084,0.1272192789,244.4570975,34.63176418,368014.9893,0,368014.9893,1
0.08808653509,-0.113531077,19.46083273,49.33403175,46.08049084,0.59999942,244.4570975,34.63176418,292156.5524,0,292156.5524,1
0.08808653509,-0.113531077,19.46083273,49.33403175,46.08049084,0.1272192789,245.4570975,34.63176418,368359.7703,0,368359.7703,1
0.08808653509,-0.113531077,19.46083273,49.33403175,46.08049084,0.1272192789,244.4570975,35.63176418,368205.1063,0,368205.1063,1
0.0631593203,-0.09159689216,14.69224287,52.78457362,39.93114668,0.1398313661,247.476668,38.11732172,369835.2117,0,369835.2117,1
-0.2999994,-0.09159689216,14.69224287,52.78457362,39.93114668,0.1398313661,247.476668,38.11732172,275434.4233,0,275434.4233,1
0.0631593203,0.2999994,14.69224287,52.78457362,39.93114668,0.1398313661,247.476668,38.11732172,244633.6078,0,244633.6078,1
0.0631593203,-0.09159689216,15.69224287,52.78457362,39.93114668,0.1398313661,247.476668,38.11732172,369837.3859,0,369837.3859,1
0.0631593203,-0.09159689216,14.69224287,53.78457362,39.93114668,0.1398313661,247.476668,38.11732172,369812.955,0,369812.955,1
0.0631593203,-0.09159689216,14.69224287,52.78457362,40.93114668,0.1398313661,247.476668,38.11732172,369788.0367,0,369788.0367,1
0.0631593203,-0.09159689216,14.69224287,52.78457362,39.93114668,0.59999942,247.476668,38.11732172,305031.8803,0,305031.8803,1
0.0631593203,-0.09159689216,14.69224287,52.78457362,39.93114668,0.1398313661,248.476668,38.11732172,369825.424,0,369825.424,1
0.0631593203,-0.09159689216,14.69224287,52.78457362,39.93114668,0.1398313661,247.476668,39.11732172,369621.5185,0,369621.5185,1
0.07961128206,-0.1060734541,17.83951218,50.50721599,43.98971383,0.1315073886,245.4837514,35.81685374,369187.5215,0,369187.5215,1
-0.2999994,-0.1060734541,17.83951218,50.50721599,43.98971383,0.1315073886,245.4837514,35.81685374,250245.211,0,250245.211,1
0.07961128206,0.2999994,17.83951218,50.50721599,43.98971383,0.1315073886,245.4837514,35.81685374,250285.2744,0,250285.2744,1
0.07961128206,-0.1060734541,18.83951218,50.50721599,43.98971383,0.1315073886,245.4837514,35.81685374,369067.4715,0,369067.4715,1
0.07961128206,-0.1060734541,17.83951218,51.50721599,43.98971383,0.1315073886,245.4837514,35.81685374,369256.4602,0,369256.4602,1
0.07961128206,-0.1060734541,17.83951218,50.50721599,44.98971383,0.1315073886,245.4837514,35.81685374,368978.2847,0,368978.2847,1
0.07961128206,-0.1060734541,17.83951218,50.50721599,43.98971383,0.59999942,245.4837514,35.81685374,297231.6659,0,297231.6659,1
0.07961128206,-0.1060734541,17.83951218,50.50721599,43.98971383,0.1315073886,246.4837514,35.81685374,369220.6809,0,369220.6809,1
0.07961128206,-0.1060734541,17.83951218,50.50721599,43.98971383,0.1315073886,245.4837514,36.81685374,369046.833,0,369046.833,1
0.0664710679,-0.09451099566,15.325782,52.326146,40.74812828,0.1381557658,247.0754978,37.65424203,369831.7973,0,369831.7973,1
-0.2999994,-0.09451099566,15.325782,52.326146,40.74812828,0.1381557658,247.0754978,37.65424203,270734.0729,0,270734.0729,1
0.0664710679,0.2999994,15.325782,52.326146,40.74812828,0.1381557658,247.0754978,37.65424203,245739.4749,0,245739.4749,1
0.0664710679,-0.09451099566,16.325782,52.326146,40.74812828,0.1381557658,247.0754978,37.65424203,369813.134,0,369813.134,1
0.0664710679,-0.09451099566,15.325782,53.326146,40.74812828,0.1381557658,247.0754978,37.65424203,369839.7566,0,369839.7566,1
0.0664710679,-0.09451099566,15.325782,52.326146,41.74812828,0.1381557658,247.0754978,37.65424203,369714.6295,0,369714.6295,1
0.0664710679,-0.09451099566,15.325782,52.326146,40.74812828,0.59999942,247.0754978,37.65424203,303445.68,0,303445.68,1
0.0664710679,-0.09451099566,15.325782,52.326146,40.74812828,0.1381557658,248.0754978,37.65424203,369836.1763,0,369836.1763,1
0.0664710679,-0.09451099566,15.325782,52.326146,40.74812828,0.1381557658,247.0754978,38.65424203,369625.8844,0,369625.8844,1
0.06386674823,-0.09221937867,14.82757422,52.68664813,40.10566348,0.1394734384,247.3909733,38.01840249,369840.8384,0,369840.8384,1
-0.2999994,-0.09221937867,14.82757422,52.68664813,40.10566348,0.1394734384,247.3909733,38.01840249,274602.5996,0,274602.5996,1
0.06386674823,0.2999994,14.82757422,52.68664813,40.10566348,0.1394734384,247.3909733,38.01840249,244944.8757,0,244944.8757,1
0.06386674823,-0.09221937867,15.82757422,52.68664813,40.10566348,0.1394734384,247.3909733,38.01840249,369837.2225,0,369837.2225,1
0.06386674823,-0.09221937867,14.82757422,53.68664813,40.10566348,0.1394734384,247.3909733,38.01840249,369826.2938,0,369826.2938,1
0.06386674823,-0.09221937867,14.82757422,52.68664813,41.10566348,0.1394734384,247.3909733,38.01840249,369787.3229,0,369787.3229,1
0.06386674823,-0.09221937867,14.82757422,52.68664813,40.10566348,0.59999942,247.3909733,38.01840249,304623.6509,0,304623.6509,1
0.06386674823,-0.09221937867,14.82757422,52.68664813,40.10566348,0.1394734384,248.3909733,38.01840249,369828.7597,0,369828.7597,1
0.06386674823,-0.09221937867,14.82757422,52.68664813,40.10566348,0.1394734384,247.3909733,39.01840249,369626.7259,0,369626.7259,1
0.06558559921,-0.09373184589,15.15639136,52.44871673,40.52969025,0.1386037745,247.1827595,37.77805659,369827.0221,0,369827.0221,1
-0.2999994,-0.09373184589,15.15639136,52.44871673,40.52969025,0.1386037745,247.1827595,37.77805659,272078.9306,0,272078.9306,1
0.06558559921,0.2999994,15.15639136,52.44871673,40.52969025,0.1386037745,247.1827595,37.77805659,245559.4014,0,245559.4014,1
0.06558559921,-0.09373184589,16.15639136,52.44871673,40.52969025,0.1386037745,247.1827595,37.77805659,369815.1154,0,369815.1154,1
0.06558559921,-0.09373184589,15.15639136,53.44871673,40.52969025,0.1386037745,247.1827595,37.77805659,369840.5849,0,369840.5849,1
0.06558559921,-0.09373184589,15.15639136,52.44871673,41.52969025,0.1386037745,247.1827595,37.77805659,369748.3199,0,369748.3199,1
0.06558559921,-0.09373184589,15.15639136,52.44871673,40.52969025,0.59999942,247.1827595,37.77805659,303825.5868,0,303825.5868,1
0.06558559921,-0.09373184589,15.15639136,52.44871673,40.52969025,0.1386037745,248.1827595,37.77805659,369826.7073,0,369826.7073,1
0.06558559921,-0.09373184589,15.15639136,52.44871673,40.52969025,0.1386037745,247.1827595,38.77805659,369615.011,0,369615.011,1
0.06422589642,-0.09253540366,14.89627947,52.63693316,40.19426247,0.139291725,247.3474678,37.96818301,369824.1512,0,369824.1512,1
-0.2999994,-0.09253540366,14.89627947,52.63693316,40.19426247,0.139291725,247.3474678,37.96818301,274072.3217,0,274072.3217,1
0.06422589642,0.2999994,14.89627947,52.63693316,40.19426247,0.139291725,247.3474678,37.96818301,245088.0965,0,245088.0965,1
0.06422589642,-0.09253540366,15.89627947,52.63693316,40.19426247,0.139291725,247.3474678,37.96818301,369818.4811,0,369818.4811,1
0.06422589642,-0.09253540366,14.89627947,53.63693316,40.19426247,0.139291725,247.3474678,37.96818301,369827.8673,0,369827.8673,1
0.06422589642,-0.09253540366,14.89627947,52.63693316,41.19426247,0.139291725,247.3474678,37.96818301,369787.373,0,369787.373,1
0.06422589642,-0.09253540366,14.89627947,52.63693316,40.19426247,0.59999942,247.3474678,37.96818301,304445.5004,0,304445.5004,1
0.06422589642,-0.09253540366,14.89627947,52.63693316,40.19426247,0.139291725,248.3474678,37.96818301,369822.1914,0,369822.1914,1
0.06422589642,-0.09253540366,14.89627947,52.63693316,40.19426247,0.139291725,247.3474678,38.96818301,369612.9222,0,369612.9222,1
0.06386674823,-0.09221937867,14.82757422,52.68664813,40.10566348,0.1394734384,247.3909733,38.01840249,369840.8384,0,369840.8384,1
-0.2999994,-0.09221937867,14.82757422,52.68664813,40.10566348,0.1394734384,247.3909733,38.01840249,274602.5996,0,274602.5996,1
0.06386674823,0.2999994,14.82757422,52.68664813,40.10566348,0.1394734384,247.3909733,38.01840249,244944.8757,0,244944.8757,1
0.06386674823,-0.09221937867,15.82757422,52.68664813,40.10566348,0.1394734384,247.3909733,38.01840249,369837.2225,0,369837.2225,1
0.06386674823,-0.09221937867,14.82757422,53.68664813,40.10566348,0.1394734384,247.3909733,38.01840249,369826.2938,0,369826.2938,1
0.06386674823,-0.09221937867,14.82757422,52.68664813,41.10566348,0.1394734384,247.3909733,38.01840249,369787.3229,0,369787.3229,1
0.06386674823,-0.09221937867,14.82757422,52.68664813,40.10566348,0.59999942,247.3909733,38.01840249,304623.6509,0,304623.6509,1
0.06386674823,-0.09221937867,14.82757422,52.68664813,40.10566348,0.1394734384,248.3909733,38.01840249,369828.7597,0,369828.7597,1
0.06386674823,-0.09221937867,14.82757422,52.68664813,40.10566348,0.1394734384,247.3909733,39.01840249,369626.7259,0,369626.7259,1
0.2999994,-0.2999994,59.99988,20.00006,148.8310428,0.02000058,194.0022496,5.000115,93775.47025,0,93775.47025,1
-0.2999994,-0.2999994,59.99988,20.00006,148.8310428,0.02000058,194.0022496,5.000115,118917.4276,0,118917.4276,1
0.2999994,0.2999994,59.99988,20.00006,148.8310428,0.02000058,194.0022496,5.000115,104726.1553,0,104726.1553,1
0.2999994,-0.2999994,58.99988,20.00006,148.8310428,0.02000058,194.0022496,5.000115,94075.62761,0,94075.62761,1
0.2999994,-0.2999994,59.99988,21.00006,148.8310428,0.02000058,194.0022496,5.000115,95987.04274,0,95987.04274,1
0.2999994,-0.2999994,59.99988,20.00006,149.8310428,0.02000058,194.0022496,5.000115,94427.23721,0,94427.23721,1
0.2999994,-0.2999994,59.99988,20.00006,148.8310428,0.59999942,194.0022496,5.000115,79293.82773,0,79293.82773,1
0.2999994,-0.2999994,59.99988,20.00006,148.8310428,0.02000058,195.0022496,5.000115,94099.20829,0,94099.20829,1
0.2999994,-0.2999994,59.99988,20.00006,148.8310428,0.02000058,194.0022496,6.000115,95973.35651,0,95973.35651,1
0.08237765903,-0.1085076701,18.36872161,50.12428112,48.6288634,0.1301077221,243.2057245,35.4300329,367473.8922,0,367473.8922,1
-0.2999994,-0.1085076701,18.36872161,50.12428112,48.6288634,0.1301077221,243.2057245,35.4300329,236722.1379,0,236722.1379,1
0.08237765903,0.2999994,18.36872161,50.12428112,48.6288634,0.1301077221,243.2057245,35.4300329,261373.1329,0,261373.1329,1
0.08237765903,-0.1085076701,19.36872161,50.12428112,48.6288634,0.1301077221,243.2057245,35.4300329,367471.7077,0,367471.7077,1
0.08237765903,-0.1085076701,18.36872161,51.12428112,48.6288634,0.1301077221,243.2057245,35.4300329,367569.8651,0,367569.8651,1
0.08237765903,-0.1085076701,18.36872161,50.12428112,49.6288634,0.1301077221,243.2057245,35.4300329,367000.437,0,367000.437,1
0.08237765903,-0.1085076701,18.36872161,50.12428112,48.6288634,0.59999942,243.2057245,35.4300329,293832.2157,0,293832.2157,1
0.08237765903,-0.1085076701,18.36872161,50.12428112,48.6288634,0.1301077221,244.2057245,35.4300329,367527.3064,0,367527.3064,1
0.08237765903,-0.1085076701,18.36872161,50.12428112,48.6288634,0.1301077221,243.2057245,36.4300329,367381.2177,0,367381.2177,1
0.06727909164,-0.09522199936,15.48035739,52.21429557,41.67684955,0.1377469409,246.6194551,37.54125655,369712.8174,0,369712.8174,1
-0.2999994,-0.09522199936,15.48035739,52.21429557,41.67684955,0.1377469409,246.6194551,37.54125655,268046.1319,0,268046.1319,1
0.06727909164,0.2999994,15.48035739,52.21429557,41.67684955,0.1377469409,246.6194551,37.54125655,248094.6768,0,248094.6768,1
0.06727909164,-0.09522199936,16.48035739,52.21429557,41.67684955,0.1377469409,246.6194551,37.54125655,369699.3154,0,369699.3154,1
0.06727909164,-0.09522199936,15.48035739,53.21429557,41.67684955,0.1377469409,246.6194551,37.54125655,369734.0957,0,369734.0957,1
0.06727909164,-0.09522199936,15.48035739,52.21429557,42.67684955,0.1377469409,246.6194551,37.54125655,369626.5326,0,369626.5326,1
0.06727909164,-0.09522199936,15.48035739,52.21429557,41.67684955,0.59999942,246.6194551,37.54125655,303011.1658,0,303011.1658,1
0.06727909164,-0.09522199936,15.48035739,52.21429557,41.67684955,0.1377469409,247.6194551,37.54125655,369722.3105,0,369722.3105,1
0.06727909164,-0.09522199936,15.48035739,52.21429557,41.67684955,0.1377469409,246.6194551,38.54125655,369513.5243,0,369513.5243,1
0.06454205517,-0.09281360098,14.95676081,52.59316898,40.41660313,0.1391317624,247.2382889,37.92397473,369827.6694,0,369827.6694,1
-0.2999994,-0.09281360098,14.95676081,52.59316898,40.41660313,0.1391317624,247.2382889,37.92397473,273420.6499,0,273420.6499,1
0.06454205517,0.2999994,14.95676081,52.59316898,40.41660313,0.1391317624,247.2382889,37.92397473,245565.7985,0,245565.7985,1
0.06454205517,-0.09281360098,15.95676081,52.59316898,40.41660313,0.1391317624,247.2382889,37.92397473,369814.3994,0,369814.3994,1
0.06454205517,-0.09281360098,14.95676081,53.59316898,40.41660313,0.1391317624,247.2382889,37.92397473,369824.477,0,369824.477,1
0.06454205517,-0.09281360098,14.95676081,52.59316898,41.41660313,0.1391317624,247.2382889,37.92397473,369774.3635,0,369774.3635,1
0.06454205517,-0.09281360098,14.95676081,52.59316898,40.41660313,0.59999942,247.2382889,37.92397473,304199.7338,0,304199.7338,1
0.06454205517,-0.09281360098,14.95676081,52.59316898,40.41660313,0.1391317624,248.2382889,37.92397473,369821.2024,0,369821.2024,1
0.06454205517,-0.09281360098,14.95676081,52.59316898,40.41660313,0.1391317624,247.2382889,38.92397473,369604.2515,0,369604.2515,1
0.06400379487,-0.09233997001,14.85379132,52.6676775,40.16876551,0.1394040987,247.3599876,37.99923934,369837.9545,0,369837.9545,1
-0.2999994,-0.09233997001,14.85379132,52.6676775,40.16876551,0.1394040987,247.3599876,37.99923934,274334.4515,0,274334.4515,1
0.06400379487,0.2999994,14.85379132,52.6676775,40.16876551,0.1394040987,247.3599876,37.99923934,245076.1939,0,245076.1939,1
0.06400379487,-0.09233997001,15.85379132,52.6676775,40.16876551,0.1394040987,247.3599876,37.99923934,369831.3863,0,369831.3863,1
0.06400379487,-0.09233997001,14.85379132,53.6676775,40.16876551,0.1394040987,247.3599876,37.99923934,369833.7737,0,369833.7737,1
0.06400379487,-0.09233997001,14.85379132,52.6676775,41.16876551,0.1394040987,247.3599876,37.99923934,369793.6057,0,369793.6057,1
0.06400379487,-0.09233997001,14.85379132,52.6676775,40.16876551,0.59999942,247.3599876,37.99923934,304530.3687,0,304530.3687,1
0.06400379487,-0.09233997001,14.85379132,52.6676775,40.16876551,0.1394040987,248.3599876,37.99923934,369824.3015,0,369824.3015,1
0.06400379487,-0.09233997001,14.85379132,52.6676775,40.16876551,0.1394040987,247.3599876,38.99923934,369618.9935,0,369618.9935,1
0.06389437731,-0.09224369031,14.83285968,52.68282359,40.11838507,0.1394594592,247.3847265,38.01453913,369839.9284,0,369839.9284,1
-0.2999994,-0.09224369031,14.83285968,52.68282359,40.11838507,0.1394594592,247.3847265,38.01453913,274562.0213,0,274562.0213,1
0.06389437731,0.2999994,14.83285968,52.68282359,40.11838507,0.1394594592,247.3847265,38.01453913,244962.2551,0,244962.2551,1
0.06389437731,-0.09224369031,15.83285968,52.68282359,40.11838507,0.1394594592,247.3847265,38.01453913,369837.5354,0,369837.5354,1
0.06389437731,-0.09224369031,14.83285968,53.68282359,40.11838507,0.1394594592,247.3847265,38.01453913,369826.2953,0,369826.2953,1
0.06389437731,-0.09224369031,14.83285968,52.68282359,41.11838507,0.1394594592,247.3847265,38.01453913,369784.5685,0,369784.5685,1
0.06389437731,-0.09224369031,14.83285968,52.68282359,40.11838507,0.59999942,247.3847265,38.01453913,304608.6316,0,304608.6316,1
0.06389437731,-0.09224369031,14.83285968,52.68282359,40.11838507,0.1394594592,248.3847265,38.01453913,369828.7996,0,369828.7996,1
0.06389437731,-0.09224369031,14.83285968,52.68282359,40.11838507,0.1394594592,247.3847265,39.01453913,369625.6545,0,369625.6545,1
0.06387219887,-0.09222417485,14.82861693,52.68589363,40.10817319,0.1394706806,247.389741,38.01764033,369839.5734,0,369839.5734,1
-0.2999994,-0.09222417485,14.82861693,52.68589363,40.10817319,0.1394706806,247.389741,38.01764033,274589.2523,0,274589.2523,1
0.06387219887,0.2999994,14.82861693,52.68589363,40.10817319,0.1394706806,247.389741,38.01764033,244958.5767,0,244958.5767,1
0.06387219887,-0.09222417485,15.82861693,52.68589363,40.10817319,0.1394706806,247.389741,38.01764033,369837.5719,0,369837.5719,1
0.06387219887,-0.09222417485,14.82861693,53.68589363,40.10817319,0.1394706806,247.389741,38.01764033,369826.3457,0,369826.3457,1
0.06387219887,-0.09222417485,14.82861693,52.68589363,41.10817319,0.1394706806,247.389741,38.01764033,369786.8454,0,369786.8454,1
0.06387219887,-0.09222417485,14.82861693,52.68589363,40.10817319,0.59999942,247.389741,38.01764033,304621.422,0,304621.422,1
0.06387219887,-0.09222417485,14.82861693,52.68589363,40.10817319,0.1394706806,248.389741,38.01764033,369828.6685,0,369828.6685,1
0.06387219887,-0.09222417485,14.82861693,52.68589363,40.10817319,0.1394706806,247.389741,39.01764033,369626.8917,0,369626.8917,1
0.06386751912,-0.092220057,14.82772169,52.68654142,40.10601843,0.1394730483,247.3907991,38.0182947,369841.41,0,369841.41,1
-0.2999994,-0.092220057,14.82772169,52.68654142,40.10601843,0.1394730483,247.3907991,38.0182947,274594.4907,0,274594.4907,1
0.06386751912,0.2999994,14.82772169,52.68654142,40.10601843,0.1394730483,247.3907991,38.0182947,244944.8623,0,244944.8623,1
0.06386751912,-0.092220057,15.82772169,52.68654142,40.10601843,0.1394730483,247.3907991,38.0182947,369837.7957,0,369837.7957,1
0.06386751912,-0.092220057,14.82772169,53.68654142,40.10601843,0.1394730483,247.3907991,38.0182947,369826.2477,0,369826.2477,1
0.06386751912,-0.092220057,14.82772169,52.68654142,41.10601843,0.1394730483,247.3907991,38.0182947,369787.2609,0,369787.2609,1
0.06386751912,-0.092220057,14.82772169,52.68654142,40.10601843,0.59999942,247.3907991,38.0182947,304619.6996,0,304619.6996,1
0.06386751912,-0.092220057,14.82772169,52.68654142,40.10601843,0.1394730483,248.3907991,38.0182947,369829.4214,0,369829.4214,1
0.06386751912,-0.092220057,14.82772169,52.68654142,40.10601843,0.1394730483,247.3907991,39.0182947,369627.2691,0,369627.2691,1
0.06386795114,-0.09222043715,14.82780434,52.68648162,40.10621735,0.1394728297,247.3907014,38.01823429,369841.41,0,369841.41,1
-0.2999994,-0.09222043715,14.82780434,52.68648162,40.10621735,0.1394728297,247.3907014,38.01823429,274594.4907,0,274594.4907,1
0.06386795114,0.2999994,14.82780434,52.68648162,40.10621735,0.1394728297,247.3907014,38.01823429,244944.8534,0,244944.8534,1
0.06386795114,-0.09222043715,15.82780434,52.68648162,40.10621735,0.1394728297,247.3907014,38.01823429,369837.8039,0,369837.8039,1
0.06386795114,-0.09222043715,14.82780434,53.68648162,40.10621735,0.1394728297,247.3907014,38.01823429,369826.2508,0,369826.2508,1
0.06386795114,-0.09222043715,14.82780434,52.68648162,41.10621735,0.1394728297,247.3907014,38.01823429,369788.3407,0,369788.3407,1
0.06386795114,-0.09222043715,14.82780434,52.68648162,40.10621735,0.59999942,247.3907014,38.01823429,304619.6967,0,304619.6967,1
0.06386795114,-0.09222043715,14.82780434,52.68648162,40.10621735,0.1394728297,248.3907014,38.01823429,369829.4219,0,369829.4219,1
0.06386795114,-0.09222043715,14.82780434,52.68648162,40.10621735,0.1394728297,247.3907014,39.01823429,369627.2679,0,369627.2679,1
0.063870075,-0.092222306,14.82821063,52.68618763,40.10719527,0.1394717552,247.3902212,38.01793731,369839.5187,0,369839.5187,1
-0.2999994,-0.092222306,14.82821063,52.68618763,40.10719527,0.1394717552,247.3902212,38.01793731,274582.3244,0,274582.3244,1
0.063870075,0.2999994,14.82821063,52.68618763,40.10719527,0.1394717552,247.3902212,38.01793731,244957.9132,0,244957.9132,1
0.063870075,-0.092222306,15.82821063,52.68618763,40.10719527,0.1394717552,247.3902212,38.01793731,369837.5554,0,369837.5554,1
0.063870075,-0.092222306,14.82821063,53.68618763,40.10719527,0.1394717552,247.3902212,38.01793731,369826.3141,0,369826.3141,1
0.063870075,-0.092222306,14.82821063,52.68618763,41.10719527,0.1394717552,247.3902212,38.01793731,369787.0652,0,369787.0652,1
0.063870075,-0.092222306,14.82821063,52.68618763,40.10719527,0.59999942,247.3902212,38.01793731,304620.4432,0,304620.4432,1
0.063870075,-0.092222306,14.82821063,52.68618763,40.10719527,0.1394717552,248.3902212,38.01793731,369828.818,0,369828.818,1
0.063870075,-0.092222306,14.82821063,52.68618763,40.10719527,0.1394717552,247.3902212,39.01793731,369626.6885,0,369626.6885,1
0.06386810855,-0.09222057566,14.82783445,52.68645983,40.10628983,0.1394727501,247.3906658,38.01821228,369840.0934,0,369840.0934,1
-0.2999994,-0.09222057566,14.82783445,52.68645983,40.10628983,0.1394727501,247.3906658,38.01821228,274593.461,0,274593.461,1
0.06386810855,0.2999994,14.82783445,52.68645983,40.10628983,0.1394727501,247.3906658,38.01821228,244945.2177,0,244945.2177,1
0.06386810855,-0.09222057566,15.82783445,52.68645983,40.10628983,0.1394727501,247.3906658,38.01821228,369837.8111,0,369837.8111,1
0.06386810855,-0.09222057566,14.82783445,53.68645983,40.10628983,0.1394727501,247.3906658,38.01821228,369826.2508,0,369826.2508,1
0.06386810855,-0.09222057566,14.82783445,52.68645983,41.10628983,0.1394727501,247.3906658,38.01821228,369787.071,0,369787.071,1
0.06386810855,-0.09222057566,14.82783445,52.68645983,40.10628983,0.59999942,247.3906658,38.01821228,304619.6941,0,304619.6941,1
0.06386810855,-0.09222057566,14.82783445,52.68645983,40.10628983,0.1394727501,248.3906658,38.01821228,369829.4213,0,369829.4213,1
0.06386810855,-0.09222057566,14.82783445,52.68645983,40.10628983,0.1394727501,247.3906658,39.01821228,369627.2679,0,369627.2679,1
0.06386795298,-0.09222043877,14.82780469,52.68648137,40.1062182,0.1394728288,247.390701,38.01823403,369841.41,0,369841.41,1
-0.2999994,-0.09222043877,14.82780469,52.68648137,40.1062182,0.1394728288,247.390701,38.01823403,274594.4907,0,274594.4907,1
0.06386795298,0.2999994,14.82780469,52.68648137,40.1062182,0.1394728288,247.390701,38.01823403,244944.8534,0,244944.8534,1
0.06386795298,-0.09222043877,15.82780469,52.68648137,40.1062182,0.1394728288,247.390701,38.01823403,369837.8039,0,369837.8039,1
0.06386795298,-0.09222043877,14.82780469,53.68648137,40.1062182,0.1394728288,247.390701,38.01823403,369826.2508,0,369826.2508,1
0.06386795298,-0.09222043877,14.82780469,52.68648137,41.1062182,0.1394728288,247.390701,38.01823403,369788.3407,0,369788.3407,1
0.06386795298,-0.09222043877,14.82780469,52.68648137,40.1062182,0.59999942,247.390701,38.01823403,304619.6967,0,304619.6967,1
0.06386795298,-0.09222043877,14.82780469,52.68648137,40.1062182,0.1394728288,248.390701,38.01823403,369829.4219,0,369829.4219,1
0.06386795298,-0.09222043877,14.82780469,52.68648137,40.1062182,0.1394728288,247.390701,39.01823403,369627.2679,0,369627.2679,1
0.06386805566,-0.09222052911,14.82782433,52.68646715,40.10626548,0.1394727769,247.3906777,38.01821967,369840.0934,0,369840.0934,1
-0.2999994,-0.09222052911,14.82782433,52.68646715,40.10626548,0.1394727769,247.3906777,38.01821967,274593.7426,0,274593.7426,1
0.06386805566,0.2999994,14.82782433,52.68646715,40.10626548,0.1394727769,247.3906777,38.01821967,244945.226,0,244945.226,1
0.06386805566,-0.09222052911,15.82782433,52.68646715,40.10626548,0.1394727769,247.3906777,38.01821967,369837.8039,0,369837.8039,1
0.06386805566,-0.09222052911,14.82782433,53.68646715,40.10626548,0.1394727769,247.3906777,38.01821967,369826.2508,0,369826.2508,1
0.06386805566,-0.09222052911,14.82782433,52.68646715,41.10626548,0.1394727769,247.3906777,38.01821967,369787.071,0,369787.071,1
0.06386805566,-0.09222052911,14.82782433,52.68646715,40.10626548,0.59999942,247.3906777,38.01821967,304619.6941,0,304619.6941,1
0.06386805566,-0.09222052911,14.82782433,52.68646715,40.10626548,0.1394727769,248.3906777,38.01821967,369829.4213,0,369829.4213,1
0.06386805566,-0.09222052911,14.82782433,52.68646715,40.10626548,0.1394727769,247.3906777,39.01821967,369627.2679,0,369627.2679,1
0.06386795298,-0.09222043877,14.82780469,52.68648137,40.1062182,0.1394728288,247.390701,38.01823403,369841.41,0,369841.41,1
-0.2999994,-0.09222043877,14.82780469,52.68648137,40.1062182,0.1394728288,247.390701,38.01823403,274594.4907,0,274594.4907,1
0.06386795298,0.2999994,14.82780469,52.68648137,40.1062182,0.1394728288,247.390701,38.01823403,244944.8534,0,244944.8534,1
0.06386795298,-0.09222043877,15.82780469,52.68648137,40.1062182,0.1394728288,247.390701,38.01823403,369837.8039,0,369837.8039,1
0.06386795298,-0.09222043877,14.82780469,53.68648137,40.1062182,0.1394728288,247.390701,38.01823403,369826.2508,0,369826.2508,1
0.06386795298,-0.09222043877,14.82780469,52.68648137,41.1062182,0.1394728288,247.390701,38.01823403,369788.3407,0,369788.3407,1
0.06386795298,-0.09222043877,14.82780469,52.68648137,40.1062182,0.59999942,247.390701,38.01823403,304619.6967,0,304619.6967,1
0.06386795298,-0.09222043877,14.82780469,52.68648137,40.1062182,0.1394728288,248.390701,38.01823403,369829.4219,0,369829.4219,1
0.06386795298,-0.09222043877,14.82780469,52.68648137,40.1062182,0.1394728288,247.390701,39.01823403,369627.2679,0,369627.2679,1
0.2999994,-0.2999994,59.99988,20.00006,148.8675197,0.02000058,193.9843379,5.000115,93728.09439,0,93728.09439,1
-0.2999994,-0.2999994,59.99988,20.00006,148.8675197,0.02000058,193.9843379,5.000115,118963.5098,0,118963.5098,1
0.2999994,0.2999994,59.99988,20.00006,148.8675197,0.02000058,193.9843379,5.000115,104478.7056,0,104478.7056,1
0.2999994,-0.2999994,58.99988,20.00006,148.8675197,0.02000058,193.9843379,5.000115,94037.71133,0,94037.71133,1
0.2999994,-0.2999994,59.99988,21.00006,148.8675197,0.02000058,193.9843379,5.000115,96227.75841,0,96227.75841,1
0.2999994,-0.2999994,59.99988,20.00006,149.8675197,0.02000058,193.9843379,5.000115,94352.55241,0,94352.55241,1
0.2999994,-0.2999994,59.99988,20.00006,148.8675197,0.59999942,193.9843379,5.000115,79288.41406,0,79288.41406,1
0.2999994,-0.2999994,59.99988,20.00006,148.8675197,0.02000058,194.9843379,5.000115,94068.2867,0,94068.2867,1
0.2999994,-0.2999994,59.99988,20.00006,148.8675197,0.02000058,193.9843379,6.000115,95945.82333,0,95945.82333,1
0.08265502518,-0.1087517327,18.4217819,50.0858868,48.75947659,0.1299673869,243.141588,35.39124896,367388.7674,0,367388.7674,1
-0.2999994,-0.1087517327,18.4217819,50.0858868,48.75947659,0.1299673869,243.141588,35.39124896,235901.1216,0,235901.1216,1
0.08265502518,0.2999994,18.4217819,50.0858868,48.75947659,0.1299673869,243.141588,35.39124896,261554.7004,0,261554.7004,1
0.08265502518,-0.1087517327,19.4217819,50.0858868,48.75947659,0.1299673869,243.141588,35.39124896,367384.915,0,367384.915,1
0.08265502518,-0.1087517327,18.4217819,51.0858868,48.75947659,0.1299673869,243.141588,35.39124896,367505.4224,0,367505.4224,1
0.08265502518,-0.1087517327,18.4217819,50.0858868,49.75947659,0.1299673869,243.141588,35.39124896,366939.2558,0,366939.2558,1
0.08265502518,-0.1087517327,18.4217819,50.0858868,48.75947659,0.59999942,243.141588,35.39124896,293678.9493,0,293678.9493,1
0.08265502518,-0.1087517327,18.4217819,50.0858868,48.75947659,0.1299673869,244.141588,35.39124896,367443.4003,0,367443.4003,1
0.08265502518,-0.1087517327,18.4217819,50.0858868,48.75947659,0.1299673869,243.141588,36.39124896,367297.2788,0,367297.2788,1
0.06729948483,-0.09523994393,15.48425861,52.21147265,41.68676952,0.1377366228,246.6145839,37.53840498,369710.062,0,369710.062,1
-0.2999994,-0.09523994393,15.48425861,52.21147265,41.68676952,0.1377366228,246.6145839,37.53840498,267982.7134,0,267982.7134,1
0.06729948483,0.2999994,15.48425861,52.21147265,41.68676952,0.1377366228,246.6145839,37.53840498,248103.5893,0,248103.5893,1
0.06729948483,-0.09523994393,16.48425861,52.21147265,41.68676952,0.1377366228,246.6145839,37.53840498,369694.6493,0,369694.6493,1
0.06729948483,-0.09523994393,15.48425861,53.21147265,41.68676952,0.1377366228,246.6145839,37.53840498,369733.4866,0,369733.4866,1
0.06729948483,-0.09523994393,15.48425861,52.21147265,42.68676952,0.1377366228,246.6145839,37.53840498,369630.5383,0,369630.5383,1
0.06729948483,-0.09523994393,15.48425861,52.21147265,41.68676952,0.59999942,246.6145839,37.53840498,303001.7105,0,303001.7105,1
0.06729948483,-0.09523994393,15.48425861,52.21147265,41.68676952,0.1377366228,247.6145839,37.53840498,369718.081,0,369718.081,1
0.06729948483,-0.09523994393,15.48425861,52.21147265,41.68676952,0.1377366228,246.6145839,38.53840498,369508.9586,0,369508.9586,1
0.06454489784,-0.09281610233,14.95730461,52.59277549,40.41801659,0.1391303241,247.2375949,37.92357724,369827.6855,0,369827.6855,1
-0.2999994,-0.09281610233,14.95730461,52.59277549,40.41801659,0.1391303241,247.2375949,37.92357724,273420.4731,0,273420.4731,1
0.06454489784,0.2999994,14.95730461,52.59277549,40.41801659,0.1391303241,247.2375949,37.92357724,245565.6848,0,245565.6848,1
0.06454489784,-0.09281610233,15.95730461,52.59277549,40.41801659,0.1391303241,247.2375949,37.92357724,369814.0973,0,369814.0973,1
0.06454489784,-0.09281610233,14.95730461,53.59277549,40.41801659,0.1391303241,247.2375949,37.92357724,369824.9777,0,369824.9777,1
0.06454489784,-0.09281610233,14.95730461,52.59277549,41.41801659,0.1391303241,247.2375949,37.92357724,369774.3502,0,369774.3502,1
0.06454489784,-0.09281610233,14.95730461,52.59277549,40.41801659,0.59999942,247.2375949,37.92357724,304201.9385,0,304201.9385,1
0.06454489784,-0.09281610233,14.95730461,52.59277549,40.41801659,0.1391303241,248.2375949,37.92357724,369821.4773,0,369821.4773,1
0.06454489784,-0.09281610233,14.95730461,52.59277549,40.41801659,0.1391303241,247.2375949,38.92357724,369604.1587,0,369604.1587,1
0.06400515425,-0.09234116617,14.85405137,52.66748933,40.16941262,0.1394034109,247.3596698,37.99904926,369837.6536,0,369837.6536,1
-0.2999994,-0.09234116617,14.85405137,52.66748933,40.16941262,0.1394034109,247.3596698,37.99904926,274333.0418,0,274333.0418,1
0.06400515425,0.2999994,14.85405137,52.66748933,40.16941262,0.1394034109,247.3596698,37.99904926,245075.7953,0,245075.7953,1
0.06400515425,-0.09234116617,15.85405137,52.66748933,40.16941262,0.1394034109,247.3596698,37.99904926,369831.404,0,369831.404,1
0.06400515425,-0.09234116617,14.85405137,53.66748933,40.16941262,0.1394034109,247.3596698,37.99904926,369833.7527,0,369833.7527,1
0.06400515425,-0.09234116617,14.85405137,52.66748933,41.16941262,0.1394034109,247.3596698,37.99904926,369793.203,0,369793.203,1
0.06400515425,-0.09234116617,14.85405137,52.66748933,40.16941262,0.59999942,247.3596698,37.99904926,304530.1281,0,304530.1281,1
0.06400515425,-0.09234116617,14.85405137,52.66748933,40.16941262,0.1394034109,248.3596698,37.99904926,369824.2155,0,369824.2155,1
0.06400515425,-0.09234116617,14.85405137,52.66748933,40.16941262,0.1394034109,247.3596698,38.99904926,369618.9499,0,369618.9499,1
0.0638952622,-0.09224446894,14.83302896,52.6827011,40.11879673,0.1394590115,247.3845244,38.0144154,369839.912,0,369839.912,1
-0.2999994,-0.09224446894,14.83302896,52.6827011,40.11879673,0.1394590115,247.3845244,38.0144154,274558.8819,0,274558.8819,1
0.0638952622,0.2999994,14.83302896,52.6827011,40.11879673,0.1394590115,247.3845244,38.0144154,244963.0419,0,244963.0419,1
0.0638952622,-0.09224446894,15.83302896,52.6827011,40.11879673,0.1394590115,247.3845244,38.0144154,369840.6051,0,369840.6051,1
0.0638952622,-0.09224446894,14.83302896,53.6827011,40.11879673,0.1394590115,247.3845244,38.0144154,369826.2696,0,369826.2696,1
0.0638952622,-0.09224446894,14.83302896,52.6827011,41.11879673,0.1394590115,247.3845244,38.0144154,369784.5082,0,369784.5082,1
0.0638952622,-0.09224446894,14.83302896,52.6827011,40.11879673,0.59999942,247.3845244,38.0144154,304608.681,0,304608.681,1
0.0638952622,-0.09224446894,14.83302896,52.6827011,40.11879673,0.1394590115,248.3845244,38.0144154,369828.777,0,369828.777,1
0.0638952622,-0.09224446894,14.83302896,52.6827011,40.11879673,0.1394590115,247.3845244,39.0144154,369625.6267,0,369625.6267,1
0.06387311207,-0.0922249784,14.82879163,52.68576722,40.10859446,0.1394702185,247.3895341,38.01751264,369839.5869,0,369839.5869,1
-0.2999994,-0.0922249784,14.82879163,52.68576722,40.10859446,0.1394702185,247.3895341,38.01751264,274589.2523,0,274589.2523,1
0.06387311207,0.2999994,14.82879163,52.68576722,40.10859446,0.1394702185,247.3895341,38.01751264,244958.5616,0,244958.5616,1
0.06387311207,-0.0922249784,15.82879163,52.68576722,40.10859446,0.1394702185,247.3895341,38.01751264,369837.5741,0,369837.5741,1
0.06387311207,-0.0922249784,14.82879163,53.68576722,40.10859446,0.1394702185,247.3895341,38.01751264,369826.258,0,369826.258,1
0.06387311207,-0.0922249784,14.82879163,52.68576722,41.10859446,0.1394702185,247.3895341,38.01751264,369786.9035,0,369786.9035,1
0.06387311207,-0.0922249784,14.82879163,52.68576722,40.10859446,0.59999942,247.3895341,38.01751264,304621.1194,0,304621.1194,1
0.06387311207,-0.0922249784,14.82879163,52.68576722,40.10859446,0.1394702185,248.3895341,38.01751264,369828.6334,0,369828.6334,1
0.06387311207,-0.0922249784,14.82879163,52.68576722,40.10859446,0.1394702185,247.3895341,39.01751264,369626.9968,0,369626.9968,1
0.0638685773,-0.09222098813,14.82792412,52.68639495,40.10650576,0.1394725129,247.3905598,38.01814673,369840.0622,0,369840.0622,1
-0.2999994,-0.09222098813,14.82792412,52.68639495,40.10650576,0.1394725129,247.3905598,38.01814673,274593.3861,0,274593.3861,1
0.0638685773,0.2999994,14.82792412,52.68639495,40.10650576,0.1394725129,247.3905598,38.01814673,244945.4844,0,244945.4844,1
0.0638685773,-0.09222098813,15.82792412,52.68639495,40.10650576,0.1394725129,247.3905598,38.01814673,369837.7815,0,369837.7815,1
0.0638685773,-0.09222098813,14.82792412,53.68639495,40.10650576,0.1394725129,247.3905598,38.01814673,369826.2997,0,369826.2997,1
0.0638685773,-0.09222098813,14.82792412,52.68639495,41.10650576,0.1394725129,247.3905598,38.01814673,369787.0593,0,369787.0593,1
0.0638685773,-0.09222098813,14.82792412,52.68639495,40.10650576,0.59999942,247.3905598,38.01814673,304618.9609,0,304618.9609,1
0.0638685773,-0.09222098813,14.82792412,52.68639495,40.10650576,0.1394725129,248.3905598,38.01814673,369829.4041,0,369829.4041,1
0.0638685773,-0.09222098813,14.82792412,52.68639495,40.10650576,0.1394725129,247.3905598,39.01814673,369627.2681,0,369627.2681,1
0.06386797723,-0.09222046011,14.82780933,52.68647801,40.10622937,0.1394728165,247.3906955,38.01823064,369841.41,0,369841.41,1
-0.2999994,-0.09222046011,14.82780933,52.68647801,40.10622937,0.1394728165,247.3906955,38.01823064,274594.4934,0,274594.4934,1
0.06386797723,0.2999994,14.82780933,52.68647801,40.10622937,0.1394728165,247.3906955,38.01823064,244944.8534,0,244944.8534,1
0.06386797723,-0.09222046011,15.82780933,52.68647801,40.10622937,0.1394728165,247.3906955,38.01823064,369837.8039,0,369837.8039,1
0.06386797723,-0.09222046011,14.82780933,53.68647801,40.10622937,0.1394728165,247.3906955,38.01823064,369826.2508,0,369826.2508,1
0.06386797723,-0.09222046011,14.82780933,52.68647801,41.10622937,0.1394728165,247.3906955,38.01823064,369788.3407,0,369788.3407,1
0.06386797723,-0.09222046011,14.82780933,52.68647801,40.10622937,0.59999942,247.3906955,38.01823064,304619.6941,0,304619.6941,1
0.06386797723,-0.09222046011,14.82780933,52.68647801,40.10622937,0.1394728165,248.3906955,38.01823064,369829.4219,0,369829.4219,1
0.06386797723,-0.09222046011,14.82780933,52.68647801,40.10622937,0.1394728165,247.3906955,39.01823064,369627.2679,0,369627.2679,1
0.0638679581,-0.09222044327,14.82780567,52.68648066,40.10622056,0.1394728262,247.3906998,38.01823332,369841.41,0,369841.41,1
-0.2999994,-0.09222044327,14.82780567,52.68648066,40.10622056,0.1394728262,247.3906998,38.01823332,274594.4907,0,274594.4907,1
0.0638679581,0.2999994,14.82780567,52.68648066,40.10622056,0.1394728262,247.3906998,38.01823332,244944.8534,0,244944.8534,1
0.0638679581,-0.09222044327,15.82780567,52.68648066,40.10622056,0.1394728262,247.3906998,38.01823332,369837.8039,0,369837.8039,1
0.0638679581,-0.09222044327,14.82780567,53.68648066,40.10622056,0.1394728262,247.3906998,38.01823332,369826.2508,0,369826.2508,1
0.0638679581,-0.09222044327,14.82780567,52.68648066,41.10622056,0.1394728262,247.3906998,38.01823332,369788.3407,0,369788.3407,1
0.0638679581,-0.09222044327,14.82780567,52.68648066,40.10622056,0.59999942,247.3906998,38.01823332,304619.6967,0,304619.6967,1
0.0638679581,-0.09222044327,14.82780567,52.68648066,40.10622056,0.1394728262,248.3906998,38.01823332,369829.4219,0,369829.4219,1
0.0638679581,-0.09222044327,14.82780567,52.68648066,40.10622056,0.1394728262,247.3906998,39.01823332,369627.2679,0,369627.2679,1
0.06386795406,-0.09222043972,14.8278049,52.68648122,40.1062187,0.1394728283,247.3907007,38.01823388,369841.41,0,369841.41,1
-0.2999994,-0.09222043972,14.8278049,52.68648122,40.1062187,0.1394728283,247.3907007,38.01823388,274594.4907,0,274594.4907,1
0.06386795406,0.2999994,14.8278049,52.68648122,40.1062187,0.1394728283,247.3907007,38.01823388,244944.8534,0,244944.8534,1
0.06386795406,-0.09222043972,15.8278049,52.68648122,40.1062187,0.1394728283,247.3907007,38.01823388,369837.8039,0,369837.8039,1
0.06386795406,-0.09222043972,14.8278049,53.68648122,40.1062187,0.1394728283,247.3907007,38.01823388,369826.2508,0,369826.2508,1
0.06386795406,-0.09222043972,14.8278049,52.68648122,41.1062187,0.1394728283,247.3907007,38.01823388,369788.3407,0,369788.3407,1
0.06386795406,-0.09222043972,14.8278049,52.68648122,40.1062187,0.59999942,247.3907007,38.01823388,304619.6967,0,304619.6967,1
0.06386795406,-0.09222043972,14.8278049,52.68648122,40.1062187,0.1394728283,248.3907007,38.01823388,369829.4219,0,369829.4219,1
0.06386795406,-0.09222043972,14.8278049,52.68648122,40.1062187,0.1394728283,247.3907007,39.01823388,369627.2679,0,369627.2679,1
0.06386795321,-0.09222043897,14.82780473,52.68648134,40.10621831,0.1394728287,247.3907009,38.018234,369841.41,0,369841.41,1
-0.2999994,-0.09222043897,14.82780473,52.68648134,40.10621831,0.1394728287,247.3907009,38.018234,274594.4907,0,274594.4907,1
0.06386795321,0.2999994,14.82780473,52.68648134,40.10621831,0.1394728287,247.3907009,38.018234,244944.8534,0,244944.8534,1
0.06386795321,-0.09222043897,15.82780473,52.68648134,40.10621831,0.1394728287,247.3907009,38.018234,369837.8039,0,369837.8039,1
0.06386795321,-0.09222043897,14.82780473,53.68648134,40.10621831,0.1394728287,247.3907009,38.018234,369826.2508,0,369826.2508,1
0.06386795321,-0.09222043897,14.82780473,52.68648134,41.10621831,0.1394728287,247.3907009,38.018234,369788.3407,0,369788.3407,1
0.06386795321,-0.09222043897,14.82780473,52.68648134,40.10621831,0.59999942,247.3907009,38.018234,304619.6967,0,304619.6967,1
0.06386795321,-0.09222043897,14.82780473,52.68648134,40.10621831,0.1394728287,248.3907009,38.018234,369829.4219,0,369829.4219,1
0.06386795321,-0.09222043897,14.82780473,52.68648134,40.10621831,0.1394728287,247.3907009,39.018234,369627.2679,0,369627.2679,1
0.06386795303,-0.09222043881,14.8278047,52.68648136,40.10621822,0.1394728288,247.3907009,38.01823402,369841.41,0,369841.41,1
-0.2999994,-0.09222043881,14.8278047,52.68648136,40.10621822,0.1394728288,247.3907009,38.01823402,274594.4907,0,274594.4907,1
0.06386795303,0.2999994,14.8278047,52.68648136,40.10621822,0.1394728288,247.3907009,38.01823402,244944.8534,0,244944.8534,1
0.06386795303,-0.09222043881,15.8278047,52.68648136,40.10621822,0.1394728288,247.3907009,38.01823402,369837.8039,0,369837.8039,1
0.06386795303,-0.09222043881,14.8278047,53.68648136,40.10621822,0.1394728288,247.3907009,38.01823402,369826.2508,0,369826.2508,1
0.06386795303,-0.09222043881,14.8278047,52.68648136,41.10621822,0.1394728288,247.3907009,38.01823402,369788.3407,0,369788.3407,1
0.06386795303,-0.09222043881,14.8278047,52.68648136,40.10621822,0.59999942,247.3907009,38.01823402,304619.6967,0,304619.6967,1
0.06386795303,-0.09222043881,14.8278047,52.68648136,40.10621822,0.1394728288,248.3907009,38.01823402,369829.4219,0,369829.4219,1
0.06386795303,-0.09222043881,14.8278047,52.68648136,40.10621822,0.1394728288,247.3907009,39.01823402,369627.2679,0,369627.2679,1
0.06386795299,-0.09222043877,14.82780469,52.68648137,40.10621821,0.1394728288,247.390701,38.01823403,369841.41,0,369841.41,1
-0.2999994,-0.09222043877,14.82780469,52.68648137,40.10621821,0.1394728288,247.390701,38.01823403,274594.4907,0,274594.4907,1
0.06386795299,0.2999994,14.82780469,52.68648137,40.10621821,0.1394728288,247.390701,38.01823403,244944.8534,0,244944.8534,1
0.06386795299,-0.09222043877,15.82780469,52.68648137,40.10621821,0.1394728288,247.390701,38.01823403,369837.8039,0,369837.8039,1
0.06386795299,-0.09222043877,14.82780469,53.68648137,40.10621821,0.1394728288,247.390701,38.01823403,369826.2508,0,369826.2508,1
0.06386795299,-0.09222043877,14.82780469,52.68648137,41.10621821,0.1394728288,247.390701,38.01823403,369788.3407,0,369788.3407,1
0.06386795299,-0.09222043877,14.82780469,52.68648137,40.10621821,0.59999942,247.390701,38.01823403,304619.6967,0,304619.6967,1
0.06386795299,-0.09222043877,14.82780469,52.68648137,40.10621821,0.1394728288,248.390701,38.01823403,369829.4219,0,369829.4219,1
0.06386795299,-0.09222043877,14.82780469,52.68648137,40.10621821,0.1394728288,247.390701,39.01823403,369627.2679,0,369627.2679,1
0.06386795298,-0.09222043877,14.82780469,52.68648137,40.1062182,0.1394728288,247.390701,38.01823403,369841.41,0,369841.41,1
-0.2999994,-0.09222043877,14.82780469,52.68648137,40.1062182,0.1394728288,247.390701,38.01823403,274594.4907,0,274594.4907,1
0.06386795298,0.2999994,14.82780469,52.68648137,40.1062182,0.1394728288,247.390701,38.01823403,244944.8534,0,244944.8534,1
0.06386795298,-0.09222043877,15.82780469,52.68648137,40.1062182,0.1394728288,247.390701,38.01823403,369837.8039,0,369837.8039,1
0.06386795298,-0.09222043877,14.82780469,53.68648137,40.1062182,0.1394728288,247.390701,38.01823403,369826.2508,0,369826.2508,1
0.06386795298,-0.09222043877,14.82780469,52.68648137,41.1062182,0.1394728288,247.390701,38.01823403,369788.3407,0,369788.3407,1
0.06386795298,-0.09222043877,14.82780469,52.68648137,40.1062182,0.59999942,247.390701,38.01823403,304619.6967,0,304619.6967,1
0.06386795298,-0.09222043877,14.82780469,52.68648137,40.1062182,0.1394728288,248.390701,38.01823403,369829.4219,0,369829.4219,1
0.06386795298,-0.09222043877,14.82780469,52.68648137,40.1062182,0.1394728288,247.390701,39.01823403,369627.2679,0,369627.2679,1
0.06386795298,-0.09222043877,14.82780469,52.68648137,40.1062182,0.1394728288,247.390701,38.01823403,369841.41,0,369841.41,1
-0.2999994,-0.09222043877,14.82780469,52.68648137,40.1062182,0.1394728288,247.390701,38.01823403,274594.4907,0,274594.4907,1
0.06386795298,0.2999994,14.82780469,52.68648137,40.1062182,0.1394728288,247.390701,38.01823403,244944.8534,0,244944.8534,1
0.06386795298,-0.09222043877,15.82780469,52.68648137,40.1062182,0.1394728288,247.390701,38.01823403,369837.8039,0,369837.8039,1
0.06386795298,-0.09222043877,14.82780469,53.68648137,40.1062182,0.1394728288,247.390701,38.01823403,369826.2508,0,369826.2508,1
0.06386795298,-0.09222043877,14.82780469,52.68648137,41.1062182,0.1394728288,247.390701,38.01823403,369788.3407,0,369788.3407,1
0.06386795298,-0.09222043877,14.82780469,52.68648137,40.1062182,0.59999942,247.390701,38.01823403,304619.6967,0,304619.6967,1
0.06386795298,-0.09222043877,14.82780469,52.68648137,40.1062182,0.1394728288,248.390701,38.01823403,369829.4219,0,369829.4219,1
0.06386795298,-0.09222043877,14.82780469,52.68648137,40.1062182,0.1394728288,247.390701,39.01823403,369627.2679,0,369627.2679,1
0.06386795298,-0.09222043877,14.82780469,52.68648137,40.1062182,0.1394728288,247.390701,38.01823403,369841.41,0,369841.41,1
-0.2999994,-0.09222043877,14.82780469,52.68648137,40.1062182,0.1394728288,247.390701,38.01823403,274594.4907,0,274594.4907,1
0.06386795298,0.2999994,14.82780469,52.68648137,40.1062182,0.1394728288,247.390701,38.01823403,244944.8534,0,244944.8534,1
0.06386795298,-0.09222043877,15.82780469,52.68648137,40.1062182,0.1394728288,247.390701,38.01823403,369837.8039,0,369837.8039,1
0.06386795298,-0.09222043877,14.82780469,53.68648137,40.1062182,0.1394728288,247.390701,38.01823403,369826.2508,0,369826.2508,1
0.06386795298,-0.09222043877,14.82780469,52.68648137,41.1062182,0.1394728288,247.390701,38.01823403,369788.3407,0,369788.3407,1
0.06386795298,-0.09222043877,14.82780469,52.68648137,40.1062182,0.59999942,247.390701,38.01823403,304619.6967,0,304619.6967,1
0.06386795298,-0.09222043877,14.82780469,52.68648137,40.1062182,0.1394728288,248.390701,38.01823403,369829.4219,0,369829.4219,1
0.06386795298,-0.09222043877,14.82780469,52.68648137,40.1062182,0.1394728288,247.390701,39.01823403,369627.2679,0,369627.2679,1
0.06386795298,-0.09222043877,14.82780469,52.68648137,40.1062182,0.1394728288,247.390701,38.01823403,369841.41,0,369841.41,1
-0.2999994,-0.09222043877,14.82780469,52.68648137,40.1062182,0.1394728288,247.390701,38.01823403,274594.4907,0,274594.4907,1
0.06386795298,0.2999994,14.82780469,52.68648137,40.1062182,0.1394728288,247.390701,38.01823403,244944.8534,0,244944.8534,1
0.06386795298,-0.09222043877,15.82780469,52.68648137,40.1062182,0.1394728288,247.390701,38.01823403,369837.8039,0,369837.8039,1
0.06386795298,-0.09222043877,14.82780469,53.68648137,40.1062182,0.1394728288,247.390701,38.01823403,369826.2508,0,369826.2508,1
0.06386795298,-0.09222043877,14.82780469,52.68648137,41.1062182,0.1394728288,247.390701,38.01823403,369788.3407,0,369788.3407,1
0.06386795298,-0.09222043877,14.82780469,52.68648137,40.1062182,0.59999942,247.390701,38.01823403,304619.6967,0,304619.6967,1
0.06386795298,-0.09222043877,14.82780469,52.68648137,40.1062182,0.1394728288,248.390701,38.01823403,369829.4219,0,369829.4219,1
0.06386795298,-0.09222043877,14.82780469,52.68648137,40.1062182,0.1394728288,247.390701,39.01823403,369627.2679,0,369627.2679,1
0.06386795298,-0.09222043877,14.82780469,52.68648137,40.1062182,0.1394728288,247.390701,38.01823403,369841.41,0,369841.41,1
-0.2999994,-0.09222043877,14.82780469,52.68648137,40.1062182,0.1394728288,247.390701,38.01823403,274594.4907,0,274594.4907,1
0.06386795298,0.2999994,14.82780469,52.68648137,40.1062182,0.1394728288,247.390701,38.01823403,244944.8534,0,244944.8534,1
0.06386795298,-0.09222043877,15.82780469,52.68648137,40.1062182,0.1394728288,247.390701,38.01823403,369837.8039,0,369837.8039,1
0.06386795298,-0.09222043877,14.82780469,53.68648137,40.1062182,0.1394728288,247.390701,38.01823403,369826.2508,0,369826.2508,1
0.06386795298,-0.09222043877,14.82780469,52.68648137,41.1062182,0.1394728288,247.390701,38.01823403,369788.3407,0,369788.3407,1
0.06386795298,-0.09222043877,14.82780469,52.68648137,40.1062182,0.59999942,247.390701,38.01823403,304619.6967,0,304619.6967,1
0.06386795298,-0.09222043877,14.82780469,52.68648137,40.1062182,0.1394728288,248.390701,38.01823403,369829.4219,0,369829.4219,1
0.06386795298,-0.09222043877,14.82780469,52.68648137,40.1062182,0.1394728288,247.390701,39.01823403,369627.2679,0,369627.2679,1
0.06386795298,-0.09222043877,14.82780469,52.68648137,40.1062182,0.1394728288,247.390701,38.01823403,369841.41,0,369841.41,1
-0.2999994,-0.09222043877,14.82780469,52.68648137,40.1062182,0.1394728288,247.390701,38.01823403,274594.4907,0,274594.4907,1
0.06386795298,0.2999994,14.82780469,52.68648137,40.1062182,0.1394728288,247.390701,38.01823403,244944.8534,0,244944.8534,1
0.06386795298,-0.09222043877,15.82780469,52.68648137,40.1062182,0.1394728288,247.390701,38.01823403,369837.8039,0,369837.8039,1
0.06386795298,-0.09222043877,14.82780469,53.68648137,40.1062182,0.1394728288,247.390701,38.01823403,369826.2508,0,369826.2508,1
0.06386795298,-0.09222043877,14.82780469,52.68648137,41.1062182,0.1394728288,247.390701,38.01823403,369788.3407,0,369788.3407,1
0.06386795298,-0.09222043877,14.82780469,52.68648137,40.1062182,0.59999942,247.390701,38.01823403,304619.6967,0,304619.6967,1
0.06386795298,-0.09222043877,14.82780469,52.68648137,40.1062182,0.1394728288,248.390701,38.01823403,369829.4219,0,369829.4219,1
0.06386795298,-0.09222043877,14.82780469,52.68648137,40.1062182,0.1394728288,247.390701,39.01823403,369627.2679,0,369627.2679,1
0.2999994,-0.2999994,7.615519562,22.36807585,-66.03229876,0.02000058,223.4145741,5.000115,99094.13486,0,99094.13486,1
-0.2999994,-0.2999994,7.615519562,22.36807585,-66.03229876,0.02000058,223.4145741,5.000115,137109.2551,0,137109.2551,1
0.2999994,0.2999994,7.615519562,22.36807585,-66.03229876,0.02000058,223.4145741,5.000115,141893.1326,0,141893.1326,1
0.2999994,-0.2999994,8.615519562,22.36807585,-66.03229876,0.02000058,223.4145741,5.000115,98776.80387,0,98776.80387,1
0.2999994,-0.2999994,7.615519562,23.36807585,-66.03229876,0.02000058,223.4145741,5.000115,100584.3841,0,100584.3841,1
0.2999994,-0.2999994,7.615519562,22.36807585,-65.03229876,0.02000058,223.4145741,5.000115,99290.26144,0,99290.26144,1
0.2999994,-0.2999994,7.615519562,22.36807585,-66.03229876,0.59999942,223.4145741,5.000115,89604.27354,0,89604.27354,1
0.2999994,-0.2999994,7.615519562,22.36807585,-66.03229876,0.02000058,224.4145741,5.000115,99366.22229,0,99366.22229,1
0.2999994,-0.2999994,7.615519562,22.36807585,-66.03229876,0.02000058,223.4145741,6.000115,100904.0846,0,100904.0846,1
0.08465312039,-0.110509915,14.19295255,50.01774265,30.76351154,0.1289564375,245.2802332,35.1118565,367223.1167,0,367223.1167,1
-0.2999994,-0.110509915,14.19295255,50.01774265,30.76351154,0.1289564375,245.2802332,35.1118565,284807.022,0,284807.022,1
0.08465312039,0.2999994,14.19295255,50.01774265,30.76351154,0.1289564375,245.2802332,35.1118565,207478.6442,0,207478.6442,1
0.08465312039,-0.110509915,15.19295255,50.01774265,30.76351154,0.1289564375,245.2802332,35.1118565,367069.1576,0,367069.1576,1
0.08465312039,-0.110509915,14.19295255,51.01774265,30.76351154,0.1289564375,245.2802332,35.1118565,367331.2906,0,367331.2906,1
0.08465312039,-0.110509915,14.19295255,50.01774265,31.76351154,0.1289564375,245.2802332,35.1118565,367694.0399,0,367694.0399,1
0.08465312039,-0.110509915,14.19295255,50.01774265,30.76351154,0.59999942,245.2802332,35.1118565,293384.0165,0,293384.0165,1
0.08465312039,-0.110509915,14.19295255,50.01774265,30.76351154,0.1289564375,246.2802332,35.1118565,367275.5725,0,367275.5725,1
0.08465312039,-0.110509915,14.19295255,50.01774265,30.76351154,0.1289564375,245.2802332,36.1118565,367179.3237,0,367179.3237,1
0.06784958678,-0.09572399471,14.70619159,52.1752543,38.31651712,0.1374582952,246.986417,37.46148456,369820.3326,0,369820.3326,1
-0.2999994,-0.09572399471,14.70619159,52.1752543,38.31651712,0.1374582952,246.986417,37.46148456,276821.1172,0,276821.1172,1
0.06784958678,0.2999994,14.70619159,52.1752543,38.31651712,0.1374582952,246.986417,37.46148456,237420.7188,0,237420.7188,1
0.06784958678,-0.09572399471,15.70619159,52.1752543,38.31651712,0.1374582952,246.986417,37.46148456,369796.0149,0,369796.0149,1
0.06784958678,-0.09572399471,14.70619159,53.1752543,38.31651712,0.1374582952,246.986417,37.46148456,369833.2604,0,369833.2604,1
0.06784958678,-0.09572399471,14.70619159,52.1752543,39.31651712,0.1374582952,246.986417,37.46148456,369856.8035,0,369856.8035,1
0.06784958678,-0.09572399471,14.70619159,52.1752543,38.31651712,0.59999942,246.986417,37.46148456,302796.3104,0,302796.3104,1
0.06784958678,-0.09572399471,14.70619159,52.1752543,38.31651712,0.1374582952,247.986417,37.46148456,369822.8963,0,369822.8963,1
0.06784958678,-0.09572399471,14.70619159,52.1752543,38.31651712,0.1374582952,246.986417,38.46148456,369635.3396,0,369635.3396,1
0.06472112697,-0.0929711715,14.80174575,52.57693698,39.72272577,0.1390411599,247.3040721,37.89893522,369851.4781,0,369851.4781,1
-0.2999994,-0.0929711715,14.80174575,52.57693698,39.72272577,0.1390411599,247.3040721,37.89893522,275127.2703,0,275127.2703,1
0.06472112697,0.2999994,14.80174575,52.57693698,39.72272577,0.1390411599,247.3040721,37.89893522,243386.6537,0,243386.6537,1
0.06472112697,-0.0929711715,15.80174575,52.57693698,39.72272577,0.1390411599,247.3040721,37.89893522,369848.8953,0,369848.8953,1
0.06472112697,-0.0929711715,14.80174575,53.57693698,39.72272577,0.1390411599,247.3040721,37.89893522,369837.5296,0,369837.5296,1
0.06472112697,-0.0929711715,14.80174575,52.57693698,40.72272577,0.1390411599,247.3040721,37.89893522,369812.9115,0,369812.9115,1
0.06472112697,-0.0929711715,14.80174575,52.57693698,39.72272577,0.59999942,247.3040721,37.89893522,304316.5183,0,304316.5183,1
0.06472112697,-0.0929711715,14.80174575,52.57693698,39.72272577,0.1390411599,248.3040721,37.89893522,369840.9969,0,369840.9969,1
0.06472112697,-0.0929711715,14.80174575,52.57693698,39.72272577,0.1390411599,247.3040721,38.89893522,369641.5388,0,369641.5388,1
0.06678591045,-0.09478803482,14.73868,52.31182641,38.79462806,0.1379964692,247.0944197,37.61021778,369844.2723,0,369844.2723,1
-0.2999994,-0.09478803482,14.73868,52.31182641,38.79462806,0.1379964692,247.0944197,37.61021778,276185.2644,0,276185.2644,1
0.06678591045,0.2999994,14.73868,52.31182641,38.79462806,0.1379964692,247.0944197,37.61021778,239491.8551,0,239491.8551,1
0.06678591045,-0.09478803482,15.73868,52.31182641,38.79462806,0.1379964692,247.0944197,37.61021778,369826.6048,0,369826.6048,1
0.06678591045,-0.09478803482,14.73868,53.31182641,38.79462806,0.1379964692,247.0944197,37.61021778,369844.0188,0,369844.0188,1
0.06678591045,-0.09478803482,14.73868,52.31182641,39.79462806,0.1379964692,247.0944197,37.61021778,369877.1044,0,369877.1044,1
0.06678591045,-0.09478803482,14.73868,52.31182641,38.79462806,0.59999942,247.0944197,37.61021778,303370.4891,0,303370.4891,1
0.06678591045,-0.09478803482,14.73868,52.31182641,38.79462806,0.1379964692,248.0944197,37.61021778,369839.8023,0,369839.8023,1
0.06678591045,-0.09478803482,14.73868,52.31182641,38.79462806,0.1379964692,247.0944197,38.61021778,369646.3257,0,369646.3257,1
0.0651626227,-0.09335965649,14.78826092,52.52025056,39.52427825,0.1388177822,247.2592438,37.83720114,369857.6524,0,369857.6524,1
-0.2999994,-0.09335965649,14.78826092,52.52025056,39.52427825,0.1388177822,247.2592438,37.83720114,275260.0922,0,275260.0922,1
0.0651626227,0.2999994,14.78826092,52.52025056,39.52427825,0.1388177822,247.2592438,37.83720114,242606.5575,0,242606.5575,1
0.0651626227,-0.09335965649,15.78826092,52.52025056,39.52427825,0.1388177822,247.2592438,37.83720114,369857.7482,0,369857.7482,1
0.0651626227,-0.09335965649,14.78826092,53.52025056,39.52427825,0.1388177822,247.2592438,37.83720114,369845.5634,0,369845.5634,1
0.0651626227,-0.09335965649,14.78826092,52.52025056,40.52427825,0.1388177822,247.2592438,37.83720114,369826.5019,0,369826.5019,1
0.0651626227,-0.09335965649,14.78826092,52.52025056,39.52427825,0.59999942,247.2592438,37.83720114,304185.6078,0,304185.6078,1
0.0651626227,-0.09335965649,14.78826092,52.52025056,39.52427825,0.1388177822,248.2592438,37.83720114,369858.5754,0,369858.5754,1
0.0651626227,-0.09335965649,14.78826092,52.52025056,39.52427825,0.1388177822,247.2592438,38.83720114,369653.7556,0,369653.7556,1
0.06623399261,-0.09430238619,14.75553751,52.38269062,39.04270912,0.1382757156,247.1504599,37.68739212,369837.3967,0,369837.3967,1
-0.2999994,-0.09430238619,14.75553751,52.38269062,39.04270912,0.1382757156,247.1504599,37.68739212,275750.474,0,275750.474,1
0.06623399261,0.2999994,14.75553751,52.38269062,39.04270912,0.1382757156,247.1504599,37.68739212,240716.3089,0,240716.3089,1
0.06623399261,-0.09430238619,15.75553751,52.38269062,39.04270912,0.1382757156,247.1504599,37.68739212,369830.4495,0,369830.4495,1
0.06623399261,-0.09430238619,14.75553751,53.38269062,39.04270912,0.1382757156,247.1504599,37.68739212,369837.5839,0,369837.5839,1
0.06623399261,-0.09430238619,14.75553751,52.38269062,40.04270912,0.1382757156,247.1504599,37.68739212,369856.4772,0,369856.4772,1
0.06623399261,-0.09430238619,14.75553751,52.38269062,39.04270912,0.59999942,247.1504599,37.68739212,303739.8578,0,303739.8578,1
0.06623399261,-0.09430238619,14.75553751,52.38269062,39.04270912,0.1382757156,248.1504599,37.68739212,369836.2745,0,369836.2745,1
0.06623399261,-0.09430238619,14.75553751,52.38269062,39.04270912,0.1382757156,247.1504599,38.68739212,369646.9257,0,369646.9257,1
0.06538356289,-0.09355406822,14.78151263,52.49188265,39.42496803,0.1387059961,247.2368102,37.8063072,369844.697,0,369844.697,1
-0.2999994,-0.09355406822,14.78151263,52.49188265,39.42496803,0.1387059961,247.2368102,37.8063072,275421.5662,0,275421.5662,1
0.06538356289,0.2999994,14.78151263,52.49188265,39.42496803,0.1387059961,247.2368102,37.8063072,242244.9479,0,242244.9479,1
0.06538356289,-0.09355406822,15.78151263,52.49188265,39.42496803,0.1387059961,247.2368102,37.8063072,369841.6821,0,369841.6821,1
0.06538356289,-0.09355406822,14.78151263,53.49188265,39.42496803,0.1387059961,247.2368102,37.8063072,369851.9217,0,369851.9217,1
0.06538356289,-0.09355406822,14.78151263,52.49188265,40.42496803,0.1387059961,247.2368102,37.8063072,369814.0399,0,369814.0399,1
0.06538356289,-0.09355406822,14.78151263,52.49188265,39.42496803,0.59999942,247.2368102,37.8063072,304049.2606,0,304049.2606,1
0.06538356289,-0.09355406822,14.78151263,52.49188265,39.42496803,0.1387059961,248.2368102,37.8063072,369848.0034,0,369848.0034,1
0.06538356289,-0.09355406822,14.78151263,52.49188265,39.42496803,0.1387059961,247.2368102,38.8063072,369641.5169,0,369641.5169,1
0.06520436647,-0.09339638805,14.78698592,52.51489081,39.50551488,0.1387966617,247.2550053,37.83136413,369858.2352,0,369858.2352,1
-0.2999994,-0.09339638805,14.78698592,52.51489081,39.50551488,0.1387966617,247.2550053,37.83136413,275267.0832,0,275267.0832,1
0.06520436647,0.2999994,14.78698592,52.51489081,39.50551488,0.1387966617,247.2550053,37.83136413,242561.9059,0,242561.9059,1
0.06520436647,-0.09339638805,15.78698592,52.51489081,39.50551488,0.1387966617,247.2550053,37.83136413,369858.026,0,369858.026,1
0.06520436647,-0.09339638805,14.78698592,53.51489081,39.50551488,0.1387966617,247.2550053,37.83136413,369847.4984,0,369847.4984,1
0.06520436647,-0.09339638805,14.78698592,52.51489081,40.50551488,0.1387966617,247.2550053,37.83136413,369827.1528,0,369827.1528,1
0.06520436647,-0.09339638805,14.78698592,52.51489081,39.50551488,0.59999942,247.2550053,37.83136413,304176.9844,0,304176.9844,1
0.06520436647,-0.09339638805,14.78698592,52.51489081,39.50551488,0.1387966617,248.2550053,37.83136413,369859.1769,0,369859.1769,1
0.06520436647,-0.09339638805,14.78698592,52.51489081,39.50551488,0.1387966617,247.2550053,38.83136413,369654.3088,0,369654.3088,1
0.0653226361,-0.09350045696,14.78337355,52.49970543,39.45235396,0.1387368224,247.2429965,37.81482656,369850.1689,0,369850.1689,1
-0.2999994,-0.09350045696,14.78337355,52.49970543,39.45235396,0.1387368224,247.2429965,37.81482656,275324.4771,0,275324.4771,1
0.0653226361,0.2999994,14.78337355,52.49970543,39.45235396,0.1387368224,247.2429965,37.81482656,242291.0322,0,242291.0322,1
0.0653226361,-0.09350045696,15.78337355,52.49970543,39.45235396,0.1387368224,247.2429965,37.81482656,369848.4988,0,369848.4988,1
0.0653226361,-0.09350045696,14.78337355,53.49970543,39.45235396,0.1387368224,247.2429965,37.81482656,369846.8525,0,369846.8525,1
0.0653226361,-0.09350045696,14.78337355,52.49970543,40.45235396,0.1387368224,247.2429965,37.81482656,369825.5715,0,369825.5715,1
0.0653226361,-0.09350045696,14.78337355,52.49970543,39.45235396,0.59999942,247.2429965,37.81482656,304090.3127,0,304090.3127,1
0.0653226361,-0.09350045696,14.78337355,52.49970543,39.45235396,0.1387368224,248.2429965,37.81482656,369853.4559,0,369853.4559,1
0.0653226361,-0.09350045696,14.78337355,52.49970543,39.45235396,0.1387368224,247.2429965,38.81482656,369645.3969,0,369645.3969,1
0.06520436647,-0.09339638805,14.78698592,52.51489081,39.50551488,0.1387966617,247.2550053,37.83136413,369858.2352,0,369858.2352,1
-0.2999994,-0.09339638805,14.78698592,52.51489081,39.50551488,0.1387966617,247.2550053,37.83136413,275267.0832,0,275267.0832,1
0.06520436647,0.2999994,14.78698592,52.51489081,39.50551488,0.1387966617,247.2550053,37.83136413,242561.9059,0,242561.9059,1
0.06520436647,-0.09339638805,15.78698592,52.51489081,39.50551488,0.1387966617,247.2550053,37.83136413,369858.026,0,369858.026,1
0.06520436647,-0.09339638805,14.78698592,53.51489081,39.50551488,0.1387966617,247.2550053,37.83136413,369847.4984,0,369847.4984,1
0.06520436647,-0.09339638805,14.78698592,52.51489081,40.50551488,0.1387966617,247.2550053,37.83136413,369827.1528,0,369827.1528,1
0.06520436647,-0.09339638805,14.78698592,52.51489081,39.50551488,0.59999942,247.2550053,37.83136413,304176.9844,0,304176.9844,1
0.06520436647,-0.09339638805,14.78698592,52.51489081,39.50551488,0.1387966617,248.2550053,37.83136413,369859.1769,0,369859.1769,1
0.06520436647,-0.09339638805,14.78698592,52.51489081,39.50551488,0.1387966617,247.2550053,38.83136413,369654.3088,0,369654.3088,1
0.2999994,-0.2999994,8.692345323,26.89449205,-50.1860764,0.02000058,226.9943572,9.9296424,113772.4459,0,113772.4459,1
-0.2999994,-0.2999994,8.692345323,26.89449205,-50.1860764,0.02000058,226.9943572,9.9296424,175072.2853,0,175072.2853,1
0.2999994,0.2999994,8.692345323,26.89449205,-50.1860764,0.02000058,226.9943572,9.9296424,165307.985,0,165307.985,1
0.2999994,-0.2999994,9.692345323,26.89449205,-50.1860764,0.02000058,226.9943572,9.9296424,113532.0768,0,113532.0768,1
0.2999994,-0.2999994,8.692345323,27.89449205,-50.1860764,0.02000058,226.9943572,9.9296424,114138.66,0,114138.66,1
0.2999994,-0.2999994,8.692345323,26.89449205,-49.1860764,0.02000058,226.9943572,9.9296424,114218.8373,0,114218.8373,1
0.2999994,-0.2999994,8.692345323,26.89449205,-50.1860764,0.59999942,226.9943572,9.9296424,110235.4185,0,110235.4185,1
0.2999994,-0.2999994,8.692345323,26.89449205,-50.1860764,0.02000058,227.9943572,9.9296424,113863.1939,0,113863.1939,1
0.2999994,-0.2999994,8.692345323,26.89449205,-50.1860764,0.02000058,226.9943572,10.9296424,116488.6768,0,116488.6768,1
0.08663196114,-0.1122511548,14.23078383,50.17675141,31.32018389,0.1279552301,245.4060013,35.28502925,367377.1191,0,367377.1191,1
-0.2999994,-0.1122511548,14.23078383,50.17675141,31.32018389,0.1279552301,245.4060013,35.28502925,282978.3532,0,282978.3532,1
0.08663196114,0.2999994,14.23078383,50.17675141,31.32018389,0.1279552301,245.4060013,35.28502925,208532.9476,0,208532.9476,1
0.08663196114,-0.1122511548,15.23078383,50.17675141,31.32018389,0.1279552301,245.4060013,35.28502925,367227.7752,0,367227.7752,1
0.08663196114,-0.1122511548,14.23078383,51.17675141,31.32018389,0.1279552301,245.4060013,35.28502925,367480.9152,0,367480.9152,1
0.08663196114,-0.1122511548,14.23078383,50.17675141,32.32018389,0.1279552301,245.4060013,35.28502925,367826.3041,0,367826.3041,1
0.08663196114,-0.1122511548,14.23078383,50.17675141,31.32018389,0.59999942,245.4060013,35.28502925,294100.6172,0,294100.6172,1
0.08663196114,-0.1122511548,14.23078383,50.17675141,31.32018389,0.1279552301,246.4060013,35.28502925,367442.7312,0,367442.7312,1
0.08663196114,-0.1122511548,14.23078383,50.17675141,31.32018389,0.1279552301,245.4060013,36.28502925,367310.5344,0,367310.5344,1
0.06924213229,-0.0969493362,14.6821765,52.07429729,37.96309025,0.1367537277,246.9065833,37.35153874,369766.0651,0,369766.0651,1
-0.2999994,-0.0969493362,14.6821765,52.07429729,37.96309025,0.1367537277,246.9065833,37.35153874,276788.9909,0,276788.9909,1
0.06924213229,0.2999994,14.6821765,52.07429729,37.96309025,0.1367537277,246.9065833,37.35153874,236163.4411,0,236163.4411,1
0.06924213229,-0.0969493362,15.6821765,52.07429729,37.96309025,0.1367537277,246.9065833,37.35153874,369741.4281,0,369741.4281,1
0.06924213229,-0.0969493362,14.6821765,53.07429729,37.96309025,0.1367537277,246.9065833,37.35153874,369794.2938,0,369794.2938,1
0.06924213229,-0.0969493362,14.6821765,52.07429729,38.96309025,0.1367537277,246.9065833,37.35153874,369848.0157,0,369848.0157,1
0.06924213229,-0.0969493362,14.6821765,52.07429729,37.96309025,0.59999942,246.9065833,37.35153874,302256.2651,0,302256.2651,1
0.06924213229,-0.0969493362,14.6821765,52.07429729,37.96309025,0.1367537277,247.9065833,37.35153874,369774.6998,0,369774.6998,1
0.06924213229,-0.0969493362,14.6821765,52.07429729,37.96309025,0.1367537277,246.9065833,38.35153874,369587.6335,0,369587.6335,1
0.06604035692,-0.09413200048,14.76528588,52.42366908,39.18616692,0.1383736868,247.182867,37.73201973,369829.3679,0,369829.3679,1
-0.2999994,-0.09413200048,14.76528588,52.42366908,39.18616692,0.1383736868,247.182867,37.73201973,275625.9385,0,275625.9385,1
0.06604035692,0.2999994,14.76528588,52.42366908,39.18616692,0.1383736868,247.182867,37.73201973,241351.9074,0,241351.9074,1
0.06604035692,-0.09413200048,15.76528588,52.42366908,39.18616692,0.1383736868,247.182867,37.73201973,369825.3922,0,369825.3922,1
0.06604035692,-0.09413200048,14.76528588,53.42366908,39.18616692,0.1383736868,247.182867,37.73201973,369834.4264,0,369834.4264,1
0.06604035692,-0.09413200048,14.76528588,52.42366908,40.18616692,0.1383736868,247.182867,37.73201973,369846.475,0,369846.475,1
0.06604035692,-0.09413200048,14.76528588,52.42366908,39.18616692,0.59999942,247.182867,37.73201973,303793.42,0,303793.42,1
0.06604035692,-0.09413200048,14.76528588,52.42366908,39.18616692,0.1383736868,248.182867,37.73201973,369829.8646,0,369829.8646,1
0.06604035692,-0.09413200048,14.76528588,52.42366908,39.18616692,0.1383736868,247.182867,38.73201973,369638.4168,0,369638.4168,1
0.06537115115,-0.09354314677,14.78265664,52.49669158,39.4418032,0.1387122759,247.2406133,37.81154438,369843.6176,0,369843.6176,1
-0.2999994,-0.09354314677,14.78265664,52.49669158,39.4418032,0.1387122759,247.2406133,37.81154438,275400.014,0,275400.014,1
0.06537115115,0.2999994,14.78265664,52.49669158,39.4418032,0.1387122759,247.2406133,37.81154438,242281.2108,0,242281.2108,1
0.06537115115,-0.09354314677,15.78265664,52.49669158,39.4418032,0.1387122759,247.2406133,37.81154438,369838.4961,0,369838.4961,1
0.06537115115,-0.09354314677,14.78265664,53.49669158,39.4418032,0.1387122759,247.2406133,37.81154438,369848.1498,0,369848.1498,1
0.06537115115,-0.09354314677,14.78265664,52.49669158,40.4418032,0.1387122759,247.2406133,37.81154438,369815.5744,0,369815.5744,1
0.06537115115,-0.09354314677,14.78265664,52.49669158,39.4418032,0.59999942,247.2406133,37.81154438,304068.6432,0,304068.6432,1
0.06537115115,-0.09354314677,14.78265664,52.49669158,39.4418032,0.1387122759,248.2406133,37.81154438,369847.5749,0,369847.5749,1
0.06537115115,-0.09354314677,14.78265664,52.49669158,39.4418032,0.1387122759,247.2406133,38.81154438,369641.1397,0,369641.1397,1
0.06523426422,-0.09342269596,14.78620986,52.51162843,39.49409395,0.1387815347,247.2524254,37.82781125,369856.1873,0,369856.1873,1
-0.2999994,-0.09342269596,14.78620986,52.51162843,39.49409395,0.1387815347,247.2524254,37.82781125,275281.2503,0,275281.2503,1
0.06523426422,0.2999994,14.78620986,52.51162843,39.49409395,0.1387815347,247.2524254,37.82781125,242483.0874,0,242483.0874,1
0.06523426422,-0.09342269596,15.78620986,52.51162843,39.49409395,0.1387815347,247.2524254,37.82781125,369856.2615,0,369856.2615,1
0.06523426422,-0.09342269596,14.78620986,53.51162843,39.49409395,0.1387815347,247.2524254,37.82781125,369846.9126,0,369846.9126,1
0.06523426422,-0.09342269596,14.78620986,52.51162843,40.49409395,0.1387815347,247.2524254,37.82781125,369825.5113,0,369825.5113,1
0.06523426422,-0.09342269596,14.78620986,52.51162843,39.49409395,0.59999942,247.2524254,37.82781125,304174.1616,0,304174.1616,1
0.06523426422,-0.09342269596,14.78620986,52.51162843,39.49409395,0.1387815347,248.2524254,37.82781125,369857.3526,0,369857.3526,1
0.06523426422,-0.09342269596,14.78620986,52.51162843,39.49409395,0.1387815347,247.2524254,38.82781125,369651.5852,0,369651.5852,1
0.06520990132,-0.09340125833,14.78684225,52.51428686,39.50340056,0.1387938613,247.2545277,37.8307064,369856.2898,0,369856.2898,1
-0.2999994,-0.09340125833,14.78684225,52.51428686,39.50340056,0.1387938613,247.2545277,37.8307064,275264.5368,0,275264.5368,1
0.06520990132,0.2999994,14.78684225,52.51428686,39.50340056,0.1387938613,247.2545277,37.8307064,242557.4247,0,242557.4247,1
0.06520990132,-0.09340125833,15.78684225,52.51428686,39.50340056,0.1387938613,247.2545277,37.8307064,369855.5072,0,369855.5072,1
0.06520990132,-0.09340125833,14.78684225,53.51428686,39.50340056,0.1387938613,247.2545277,37.8307064,369847.5462,0,369847.5462,1
0.06520990132,-0.09340125833,14.78684225,52.51428686,40.50340056,0.1387938613,247.2545277,37.8307064,369825.9943,0,369825.9943,1
0.06520990132,-0.09340125833,14.78684225,52.51428686,39.50340056,0.59999942,247.2545277,37.8307064,304175.4722,0,304175.4722,1
0.06520990132,-0.09340125833,14.78684225,52.51428686,39.50340056,0.1387938613,248.2545277,37.8307064,369857.6176,0,369857.6176,1
0.06520990132,-0.09340125833,14.78684225,52.51428686,39.50340056,0.1387938613,247.2545277,38.8307064,369652.2605,0,369652.2605,1
0.06520505088,-0.09339699028,14.78696815,52.51481613,39.50525343,0.1387963154,247.2549462,37.8312828,369856.7178,0,369856.7178,1
-0.2999994,-0.09339699028,14.78696815,52.51481613,39.50525343,0.1387963154,247.2549462,37.8312828,275266.854,0,275266.854,1
0.06520505088,0.2999994,14.78696815,52.51481613,39.50525343,0.1387963154,247.2549462,37.8312828,242561.9278,0,242561.9278,1
0.06520505088,-0.09339699028,15.78696815,52.51481613,39.50525343,0.1387963154,247.2549462,37.8312828,369856.5466,0,369856.5466,1
0.06520505088,-0.09339699028,14.78696815,53.51481613,39.50525343,0.1387963154,247.2549462,37.8312828,369847.4976,0,369847.4976,1
0.06520505088,-0.09339699028,14.78696815,52.51481613,40.50525343,0.1387963154,247.2549462,37.8312828,369827.1523,0,369827.1523,1
0.06520505088,-0.09339699028,14.78696815,52.51481613,39.50525343,0.59999942,247.2549462,37.8312828,304178.2079,0,304178.2079,1
0.06520505088,-0.09339699028,14.78696815,52.51481613,39.50525343,0.1387963154,248.2549462,37.8312828,369857.7869,0,369857.7869,1
0.06520505088,-0.09339699028,14.78696815,52.51481613,39.50525343,0.1387963154,247.2549462,38.8312828,369652.8603,0,369652.8603,1
0.06520439349,-0.09339641183,14.78698522,52.51488786,39.50550455,0.138796648,247.2550029,37.83136092,369858.2352,0,369858.2352,1
-0.2999994,-0.09339641183,14.78698522,52.51488786,39.50550455,0.138796648,247.2550029,37.83136092,275267.0832,0,275267.0832,1
0.06520439349,0.2999994,14.78698522,52.51488786,39.50550455,0.138796648,247.2550029,37.83136092,242561.9059,0,242561.9059,1
0.06520439349,-0.09339641183,15.78698522,52.51488786,39.50550455,0.138796648,247.2550029,37.83136092,369858.026,0,369858.026,1
0.06520439349,-0.09339641183,14.78698522,53.51488786,39.50550455,0.138796648,247.2550029,37.83136092,369847.4984,0,369847.4984,1
0.06520439349,-0.09339641183,14.78698522,52.51488786,40.50550455,0.138796648,247.2550029,37.83136092,369827.1528,0,369827.1528,1
0.06520439349,-0.09339641183,14.78698522,52.51488786,39.50550455,0.59999942,247.2550029,37.83136092,304177.009,0,304177.009,1
0.06520439349,-0.09339641183,14.78698522,52.51488786,39.50550455,0.138796648,248.2550029,37.83136092,369859.1769,0,369859.1769,1
0.06520439349,-0.09339641183,14.78698522,52.51488786,39.50550455,0.138796648,247.2550029,38.83136092,369654.3088,0,369654.3088,1
0.06520437217,-0.09339639307,14.78698577,52.51489019,39.5055127,0.1387966588,247.2550048,37.83136345,369858.2352,0,369858.2352,1
-0.2999994,-0.09339639307,14.78698577,52.51489019,39.5055127,0.1387966588,247.2550048,37.83136345,275267.0832,0,275267.0832,1
0.06520437217,0.2999994,14.78698577,52.51489019,39.5055127,0.1387966588,247.2550048,37.83136345,242561.9059,0,242561.9059,1
0.06520437217,-0.09339639307,15.78698577,52.51489019,39.5055127,0.1387966588,247.2550048,37.83136345,369858.026,0,369858.026,1
0.06520437217,-0.09339639307,14.78698577,53.51489019,39.5055127,0.1387966588,247.2550048,37.83136345,369847.4984,0,369847.4984,1
0.06520437217,-0.09339639307,14.78698577,52.51489019,40.5055127,0.1387966588,247.2550048,37.83136345,369827.1528,0,369827.1528,1
0.06520437217,-0.09339639307,14.78698577,52.51489019,39.5055127,0.59999942,247.2550048,37.83136345,304177.009,0,304177.009,1
0.06520437217,-0.09339639307,14.78698577,52.51489019,39.5055127,0.1387966588,248.2550048,37.83136345,369859.1769,0,369859.1769,1
0.06520437217,-0.09339639307,14.78698577,52.51489019,39.5055127,0.1387966588,247.2550048,38.83136345,369654.3088,0,369654.3088,1
0.06520436767,-0.09339638911,14.78698589,52.51489068,39.50551442,0.1387966611,247.2550052,37.83136399,369858.2352,0,369858.2352,1
-0.2999994,-0.09339638911,14.78698589,52.51489068,39.50551442,0.1387966611,247.2550052,37.83136399,275267.0832,0,275267.0832,1
0.06520436767,0.2999994,14.78698589,52.51489068,39.50551442,0.1387966611,247.2550052,37.83136399,242561.9059,0,242561.9059,1
0.06520436767,-0.09339638911,15.78698589,52.51489068,39.50551442,0.1387966611,247.2550052,37.83136399,369858.026,0,369858.026,1
0.06520436767,-0.09339638911,14.78698589,53.51489068,39.50551442,0.1387966611,247.2550052,37.83136399,369847.4984,0,369847.4984,1
0.06520436767,-0.09339638911,14.78698589,52.51489068,40.50551442,0.1387966611,247.2550052,37.83136399,369827.1528,0,369827.1528,1
0.06520436767,-0.09339638911,14.78698589,52.51489068,39.50551442,0.59999942,247.2550052,37.83136399,304176.9844,0,304176.9844,1
0.06520436767,-0.09339638911,14.78698589,52.51489068,39.50551442,0.1387966611,248.2550052,37.83136399,369859.1769,0,369859.1769,1
0.06520436767,-0.09339638911,14.78698589,52.51489068,39.50551442,0.1387966611,247.2550052,38.83136399,369654.3088,0,369654.3088,1
0.06520436672,-0.09339638827,14.78698591,52.51489079,39.50551478,0.1387966615,247.2550052,37.8313641,369858.2352,0,369858.2352,1
-0.2999994,-0.09339638827,14.78698591,52.51489079,39.50551478,0.1387966615,247.2550052,37.8313641,275267.0832,0,275267.0832,1
0.06520436672,0.2999994,14.78698591,52.51489079,39.50551478,0.1387966615,247.2550052,37.8313641,242561.9059,0,242561.9059,1
0.06520436672,-0.09339638827,15.78698591,52.51489079,39.50551478,0.1387966615,247.2550052,37.8313641,369858.026,0,369858.026,1
0.06520436672,-0.09339638827,14.78698591,53.51489079,39.50551478,0.1387966615,247.2550052,37.8313641,369847.4984,0,369847.4984,1
0.06520436672,-0.09339638827,14.78698591,52.51489079,40.50551478,0.1387966615,247.2550052,37.8313641,369827.1528,0,369827.1528,1
0.06520436672,-0.09339638827,14.78698591,52.51489079,39.50551478,0.59999942,247.2550052,37.8313641,304176.9844,0,304176.9844,1
0.06520436672,-0.09339638827,14.78698591,52.51489079,39.50551478,0.1387966615,248.2550052,37.8313641,369859.1769,0,369859.1769,1
0.06520436672,-0.09339638827,14.78698591,52.51489079,39.50551478,0.1387966615,247.2550052,38.8313641,369654.3088,0,369654.3088,1
0.06520436652,-0.0933963881,14.78698592,52.51489081,39.50551485,0.1387966616,247.2550053,37.83136413,369858.2352,0,369858.2352,1
-0.2999994,-0.0933963881,14.78698592,52.51489081,39.50551485,0.1387966616,247.2550053,37.83136413,275267.0832,0,275267.0832,1
0.06520436652,0.2999994,14.78698592,52.51489081,39.50551485,0.1387966616,247.2550053,37.83136413,242561.9059,0,242561.9059,1
0.06520436652,-0.0933963881,15.78698592,52.51489081,39.50551485,0.1387966616,247.2550053,37.83136413,369858.026,0,369858.026,1
0.06520436652,-0.0933963881,14.78698592,53.51489081,39.50551485,0.1387966616,247.2550053,37.83136413,369847.4984,0,369847.4984,1
0.06520436652,-0.0933963881,14.78698592,52.51489081,40.50551485,0.1387966616,247.2550053,37.83136413,369827.1528,0,369827.1528,1
0.06520436652,-0.0933963881,14.78698592,52.51489081,39.50551485,0.59999942,247.2550053,37.83136413,304176.9844,0,304176.9844,1
0.06520436652,-0.0933963881,14.78698592,52.51489081,39.50551485,0.1387966616,248.2550053,37.83136413,369859.1769,0,369859.1769,1
0.06520436652,-0.0933963881,14.78698592,52.51489081,39.50551485,0.1387966616,247.2550053,38.83136413,369654.3088,0,369654.3088,1
0.06520436648,-0.09339638806,14.78698592,52.51489081,39.50551487,0.1387966617,247.2550053,37.83136413,369858.2352,0,369858.2352,1
-0.2999994,-0.09339638806,14.78698592,52.51489081,39.50551487,0.1387966617,247.2550053,37.83136413,275267.0832,0,275267.0832,1
0.06520436648,0.2999994,14.78698592,52.51489081,39.50551487,0.1387966617,247.2550053,37.83136413,242561.9059,0,242561.9059,1
0.06520436648,-0.09339638806,15.78698592,52.51489081,39.50551487,0.1387966617,247.2550053,37.83136413,369858.026,0,369858.026,1
0.06520436648,-0.09339638806,14.78698592,53.51489081,39.50551487,0.1387966617,247.2550053,37.83136413,369847.4984,0,369847.4984,1
0.06520436648,-0.09339638806,14.78698592,52.51489081,40.50551487,0.1387966617,247.2550053,37.83136413,369827.1528,0,369827.1528,1
0.06520436648,-0.09339638806,14.78698592,52.51489081,39.50551487,0.59999942,247.2550053,37.83136413,304176.9844,0,304176.9844,1
0.06520436648,-0.09339638806,14.78698592,52.51489081,39.50551487,0.1387966617,248.2550053,37.83136413,369859.1769,0,369859.1769,1
0.06520436648,-0.09339638806,14.78698592,52.51489081,39.50551487,0.1387966617,247.2550053,38.83136413,369654.3088,0,369654.3088,1
0.06520436647,-0.09339638805,14.78698592,52.51489081,39.50551487,0.1387966617,247.2550053,37.83136413,369858.2352,0,369858.2352,1
-0.2999994,-0.09339638805,14.78698592,52.51489081,39.50551487,0.1387966617,247.2550053,37.83136413,275267.0832,0,275267.0832,1
0.06520436647,0.2999994,14.78698592,52.51489081,39.50551487,0.1387966617,247.2550053,37.83136413,242561.9059,0,242561.9059,1
0.06520436647,-0.09339638805,15.78698592,52.51489081,39.50551487,0.1387966617,247.2550053,37.83136413,369858.026,0,369858.026,1
0.06520436647,-0.09339638805,14.78698592,53.51489081,39.50551487,0.1387966617,247.2550053,37.83136413,369847.4984,0,369847.4984,1
0.06520436647,-0.09339638805,14.78698592,52.51489081,40.50551487,0.1387966617,247.2550053,37.83136413,369827.1528,0,369827.1528,1
0.06520436647,-0.09339638805,14.78698592,52.51489081,39.50551487,0.59999942,247.2550053,37.83136413,304176.9844,0,304176.9844,1
0.06520436647,-0.09339638805,14.78698592,52.51489081,39.50551487,0.1387966617,248.2550053,37.83136413,369859.1769,0,369859.1769,1
0.06520436647,-0.09339638805,14.78698592,52.51489081,39.50551487,0.1387966617,247.2550053,38.83136413,369654.3088,0,369654.3088,1
0.06520436647,-0.09339638805,14.78698592,52.51489081,39.50551487,0.1387966617,247.2550053,37.83136413,369858.2352,0,369858.2352,1
-0.2999994,-0.09339638805,14.78698592,52.51489081,39.50551487,0.1387966617,247.2550053,37.83136413,275267.0832,0,275267.0832,1
0.06520436647,0.2999994,14.78698592,52.51489081,39.50551487,0.1387966617,247.2550053,37.83136413,242561.9059,0,242561.9059,1
0.06520436647,-0.09339638805,15.78698592,52.51489081,39.50551487,0.1387966617,247.2550053,37.83136413,369858.026,0,369858.026,1
0.06520436647,-0.09339638805,14.78698592,53.51489081,39.50551487,0.1387966617,247.2550053,37.83136413,369847.4984,0,369847.4984,1
0.06520436647,-0.09339638805,14.78698592,52.51489081,40.50551487,0.1387966617,247.2550053,37.83136413,369827.1528,0,369827.1528,1
0.06520436647,-0.09339638805,14.78698592,52.51489081,39.50551487,0.59999942,247.2550053,37.83136413,304176.9844,0,304176.9844,1
0.06520436647,-0.09339638805,14.78698592,52.51489081,39.50551487,0.1387966617,248.2550053,37.83136413,369859.1769,0,369859.1769,1
0.06520436647,-0.09339638805,14.78698592,52.51489081,39.50551487,0.1387966617,247.2550053,38.83136413,369654.3088,0,369654.3088,1
0.06520436647,-0.09339638805,14.78698592,52.51489081,39.50551488,0.1387966617,247.2550053,37.83136413,369858.2352,0,369858.2352,1
-0.2999994,-0.09339638805,14.78698592,52.51489081,39.50551488,0.1387966617,247.2550053,37.83136413,275267.0832,0,275267.0832,1
0.06520436647,0.2999994,14.78698592,52.51489081,39.50551488,0.1387966617,247.2550053,37.83136413,242561.9059,0,242561.9059,1
0.06520436647,-0.09339638805,15.78698592,52.51489081,39.50551488,0.1387966617,247.2550053,37.83136413,369858.026,0,369858.026,1
0.06520436647,-0.09339638805,14.78698592,53.51489081,39.50551488,0.1387966617,247.2550053,37.83136413,369847.4984,0,369847.4984,1
0.06520436647,-0.09339638805,14.78698592,52.51489081,40.50551488,0.1387966617,247.2550053,37.83136413,369827.1528,0,369827.1528,1
0.06520436647,-0.09339638805,14.78698592,52.51489081,39.50551488,0.59999942,247.2550053,37.83136413,304176.9844,0,304176.9844,1
0.06520436647,-0.09339638805,14.78698592,52.51489081,39.50551488,0.1387966617,248.2550053,37.83136413,369859.1769,0,369859.1769,1
0.06520436647,-0.09339638805,14.78698592,52.51489081,39.50551488,0.1387966617,247.2550053,38.83136413,369654.3088,0,369654.3088,1
0.06520436647,-0.09339638805,14.78698592,52.51489081,39.50551488,0.1387966617,247.2550053,37.83136413,369858.2352,0,369858.2352,1
-0.2999994,-0.09339638805,14.78698592,52.51489081,39.50551488,0.1387966617,247.2550053,37.83136413,275267.0832,0,275267.0832,1
0.06520436647,0.2999994,14.78698592,52.51489081,39.50551488,0.1387966617,247.2550053,37.83136413,242561.9059,0,242561.9059,1
0.06520436647,-0.09339638805,15.78698592,52.51489081,39.50551488,0.1387966617,247.2550053,37.83136413,369858.026,0,369858.026,1
0.06520436647,-0.09339638805,14.78698592,53.51489081,39.50551488,0.1387966617,247.2550053,37.83136413,369847.4984,0,369847.4984,1
0.06520436647,-0.09339638805,14.78698592,52.51489081,40.50551488,0.1387966617,247.2550053,37.83136413,369827.1528,0,369827.1528,1
0.06520436647,-0.09339638805,14.78698592,52.51489081,39.50551488,0.59999942,247.2550053,37.83136413,304176.9844,0,304176.9844,1
0.06520436647,-0.09339638805,14.78698592,52.51489081,39.50551488,0.1387966617,248.2550053,37.83136413,369859.1769,0,369859.1769,1
0.06520436647,-0.09339638805,14.78698592,52.51489081,39.50551488,0.1387966617,247.2550053,38.83136413,369654.3088,0,369654.3088,1
0.06520436647,-0.09339638805,14.78698592,52.51489081,39.50551488,0.1387966617,247.2550053,37.83136413,369858.2352,0,369858.2352,1
-0.2999994,-0.09339638805,14.78698592,52.51489081,39.50551488,0.1387966617,247.2550053,37.83136413,275267.0832,0,275267.0832,1
0.06520436647,0.2999994,14.78698592,52.51489081,39.50551488,0.1387966617,247.2550053,37.83136413,242561.9059,0,242561.9059,1
0.06520436647,-0.09339638805,15.78698592,52.51489081,39.50551488,0.1387966617,247.2550053,37.83136413,369858.026,0,369858.026,1
0.06520436647,-0.09339638805,14.78698592,53.51489081,39.50551488,0.1387966617,247.2550053,37.83136413,369847.4984,0,369847.4984,1
0.06520436647,-0.09339638805,14.78698592,52.51489081,40.50551488,0.1387966617,247.2550053,37.83136413,369827.1528,0,369827.1528,1
0.06520436647,-0.09339638805,14.78698592,52.51489081,39.50551488,0.59999942,247.2550053,37.83136413,304176.9844,0,304176.9844,1
0.06520436647,-0.09339638805,14.78698592,52.51489081,39.50551488,0.1387966617,248.2550053,37.83136413,369859.1769,0,369859.1769,1
0.06520436647,-0.09339638805,14.78698592,52.51489081,39.50551488,0.1387966617,247.2550053,38.83136413,369654.3088,0,369654.3088,1
0.06520436647,-0.09339638805,14.78698592,52.51489081,39.50551488,0.1387966617,247.2550053,37.83136413,369858.2352,0,369858.2352,1
-0.2999994,-0.09339638805,14.78698592,52.51489081,39.50551488,0.1387966617,247.2550053,37.83136413,275267.0832,0,275267.0832,1
0.06520436647,0.2999994,14.78698592,52.51489081,39.50551488,0.1387966617,247.2550053,37.83136413,242561.9059,0,242561.9059,1
0.06520436647,-0.09339638805,15.78698592,52.51489081,39.50551488,0.1387966617,247.2550053,37.83136413,369858.026,0,369858.026,1
0.06520436647,-0.09339638805,14.78698592,53.51489081,39.50551488,0.1387966617,247.2550053,37.83136413,369847.4984,0,369847.4984,1
0.06520436647,-0.09339638805,14.78698592,52.51489081,40.50551488,0.1387966617,247.2550053,37.83136413,369827.1528,0,369827.1528,1
0.06520436647,-0.09339638805,14.78698592,52.51489081,39.50551488,0.59999942,247.2550053,37.83136413,304176.9844,0,304176.9844,1
0.06520436647,-0.09339638805,14.78698592,52.51489081,39.50551488,0.1387966617,248.2550053,37.83136413,369859.1769,0,369859.1769,1
0.06520436647,-0.09339638805,14.78698592,52.51489081,39.50551488,0.1387966617,247.2550053,38.83136413,369654.3088,0,369654.3088,1
0.2999994,-0.2999994,14.36850457,31.04134544,-22.6593442,0.02000058,249.1384092,5.000115,134036.2471,0,134036.2471,1
-0.2999994,-0.2999994,14.36850457,31.04134544,-22.6593442,0.02000058,249.1384092,5.000115,208199.5157,0,208199.5157,1
0.2999994,0.2999994,14.36850457,31.04134544,-22.6593442,0.02000058,249.1384092,5.000115,163250.5418,0,163250.5418,1
0.2999994,-0.2999994,15.36850457,31.04134544,-22.6593442,0.02000058,249.1384092,5.000115,133051.2622,0,133051.2622,1
0.2999994,-0.2999994,14.36850457,32.04134544,-22.6593442,0.02000058,249.1384092,5.000115,132755.824,0,132755.824,1
0.2999994,-0.2999994,14.36850457,31.04134544,-21.6593442,0.02000058,249.1384092,5.000115,136520.8227,0,136520.8227,1
0.2999994,-0.2999994,14.36850457,31.04134544,-22.6593442,0.59999942,249.1384092,5.000115,120438.3798,0,120438.3798,1
0.2999994,-0.2999994,14.36850457,31.04134544,-22.6593442,0.02000058,250.1384092,5.000115,133900.0719,0,133900.0719,1
0.2999994,-0.2999994,14.36850457,31.04134544,-22.6593442,0.02000058,249.1384092,6.000115,135218.0131,0,135218.0131,1
0.08931038409,-0.1146079775,14.74402113,50.31023744,33.12315165,0.1266000645,247.4483712,34.4606341,368133.3537,0,368133.3537,1
-0.2999994,-0.1146079775,14.74402113,50.31023744,33.12315165,0.1266000645,247.4483712,34.4606341,275877.7576,0,275877.7576,1
0.08931038409,0.2999994,14.74402113,50.31023744,33.12315165,0.1266000645,247.4483712,34.4606341,210258.145,0,210258.145,1
0.08931038409,-0.1146079775,15.74402113,50.31023744,33.12315165,0.1266000645,247.4483712,34.4606341,367959.6633,0,367959.6633,1
0.08931038409,-0.1146079775,14.74402113,51.31023744,33.12315165,0.1266000645,247.4483712,34.4606341,368209.0978,0,368209.0978,1
0.08931038409,-0.1146079775,14.74402113,50.31023744,34.12315165,0.1266000645,247.4483712,34.4606341,368495.4026,0,368495.4026,1
0.08931038409,-0.1146079775,14.74402113,50.31023744,33.12315165,0.59999942,247.4483712,34.4606341,294133.5329,0,294133.5329,1
0.08931038409,-0.1146079775,14.74402113,50.31023744,33.12315165,0.1266000645,248.4483712,34.4606341,368173.0141,0,368173.0141,1
0.08931038409,-0.1146079775,14.74402113,50.31023744,33.12315165,0.1266000645,247.4483712,35.4606341,368069.4684,0,368069.4684,1
0.06987696401,-0.09750794318,14.77865783,52.08755113,38.26838748,0.1364325304,247.2924864,37.17799761,369818.6247,0,369818.6247,1
-0.2999994,-0.09750794318,14.77865783,52.08755113,38.26838748,0.1364325304,247.2924864,37.17799761,275792.6172,0,275792.6172,1
0.06987696401,0.2999994,14.77865783,52.08755113,38.26838748,0.1364325304,247.2924864,37.17799761,236209.2473,0,236209.2473,1
0.06987696401,-0.09750794318,15.77865783,52.08755113,38.26838748,0.1364325304,247.2924864,37.17799761,369808.6312,0,369808.6312,1
0.06987696401,-0.09750794318,14.77865783,53.08755113,38.26838748,0.1364325304,247.2924864,37.17799761,369850.255,0,369850.255,1
0.06987696401,-0.09750794318,14.77865783,52.08755113,39.26838748,0.1364325304,247.2924864,37.17799761,369869.0408,0,369869.0408,1
0.06987696401,-0.09750794318,14.77865783,52.08755113,38.26838748,0.59999942,247.2924864,37.17799761,302173.117,0,302173.117,1
0.06987696401,-0.09750794318,14.77865783,52.08755113,38.26838748,0.1364325304,248.2924864,37.17799761,369844.8635,0,369844.8635,1
0.06987696401,-0.09750794318,14.77865783,52.08755113,38.26838748,0.1364325304,247.2924864,38.17799761,369644.8053,0,369644.8053,1
0.06618711417,-0.09426113647,14.78523434,52.42501209,39.24532039,0.1382994341,247.2628884,37.69394711,369845.2917,0,369845.2917,1
-0.2999994,-0.09426113647,14.78523434,52.42501209,39.24532039,0.1382994341,247.2628884,37.69394711,275392.6774,0,275392.6774,1
0.06618711417,0.2999994,14.78523434,52.42501209,39.24532039,0.1382994341,247.2628884,37.69394711,241287.5862,0,241287.5862,1
0.06618711417,-0.09426113647,15.78523434,52.42501209,39.24532039,0.1382994341,247.2628884,37.69394711,369839.9303,0,369839.9303,1
0.06618711417,-0.09426113647,14.78523434,53.42501209,39.24532039,0.1382994341,247.2628884,37.69394711,369842.6249,0,369842.6249,1
0.06618711417,-0.09426113647,14.78523434,52.42501209,40.24532039,0.1382994341,247.2628884,37.69394711,369856.1632,0,369856.1632,1
0.06618711417,-0.09426113647,14.78523434,52.42501209,39.24532039,0.59999942,247.2628884,37.69394711,303734.0973,0,303734.0973,1
0.06618711417,-0.09426113647,14.78523434,52.42501209,39.24532039,0.1382994341,248.2628884,37.69394711,369843.0012,0,369843.0012,1
0.06618711417,-0.09426113647,14.78523434,52.42501209,39.24532039,0.1382994341,247.2628884,38.69394711,369651.9666,0,369651.9666,1
0.06540790911,-0.09357549117,14.78662314,52.4962755,39.45162447,0.1386936779,247.256638,37.80290289,369842.6507,0,369842.6507,1
-0.2999994,-0.09357549117,14.78662314,52.4962755,39.45162447,0.1386936779,247.256638,37.80290289,275300.723,0,275300.723,1
0.06540790911,0.2999994,14.78662314,52.4962755,39.45162447,0.1386936779,247.256638,37.80290289,242239.738,0,242239.738,1
0.06540790911,-0.09357549117,15.78662314,52.4962755,39.45162447,0.1386936779,247.256638,37.80290289,369839.6256,0,369839.6256,1
0.06540790911,-0.09357549117,14.78662314,53.4962755,39.45162447,0.1386936779,247.256638,37.80290289,369851.3794,0,369851.3794,1
0.06540790911,-0.09357549117,14.78662314,52.4962755,40.45162447,0.1386936779,247.256638,37.80290289,369816.2992,0,369816.2992,1
0.06540790911,-0.09357549117,14.78662314,52.4962755,39.45162447,0.59999942,247.256638,37.80290289,304068.3941,0,304068.3941,1
0.06540790911,-0.09357549117,14.78662314,52.4962755,39.45162447,0.1386936779,248.256638,37.80290289,369847.8066,0,369847.8066,1
0.06540790911,-0.09357549117,14.78662314,52.4962755,39.45162447,0.1386936779,247.256638,38.80290289,369642.9233,0,369642.9233,1
0.0652415737,-0.09342912778,14.7869196,52.51148797,39.4956638,0.1387778364,247.2553037,37.82616147,369856.7088,0,369856.7088,1
-0.2999994,-0.09342912778,14.7869196,52.51148797,39.4956638,0.1387778364,247.2553037,37.82616147,275269.6114,0,275269.6114,1
0.0652415737,0.2999994,14.7869196,52.51148797,39.4956638,0.1387778364,247.2553037,37.82616147,242499.7769,0,242499.7769,1
0.0652415737,-0.09342912778,15.7869196,52.51148797,39.4956638,0.1387778364,247.2553037,37.82616147,369857.8209,0,369857.8209,1
0.0652415737,-0.09342912778,14.7869196,53.51148797,39.4956638,0.1387778364,247.2553037,37.82616147,369847.0453,0,369847.0453,1
0.0652415737,-0.09342912778,14.7869196,52.51148797,40.4956638,0.1387778364,247.2553037,37.82616147,369825.2697,0,369825.2697,1
0.0652415737,-0.09342912778,14.7869196,52.51148797,39.4956638,0.59999942,247.2553037,37.82616147,304173.3684,0,304173.3684,1
0.0652415737,-0.09342912778,14.7869196,52.51148797,39.4956638,0.1387778364,248.2553037,37.82616147,369857.7311,0,369857.7311,1
0.0652415737,-0.09342912778,14.7869196,52.51148797,39.4956638,0.1387778364,247.2553037,38.82616147,369651.9523,0,369651.9523,1
0.06521161181,-0.09340276344,14.78697301,52.51422818,39.50359658,0.1387929958,247.2550634,37.83035102,369856.3979,0,369856.3979,1
-0.2999994,-0.09340276344,14.78697301,52.51422818,39.50359658,0.1387929958,247.2550634,37.83035102,275264.4734,0,275264.4734,1
0.06521161181,0.2999994,14.78697301,52.51422818,39.50359658,0.1387929958,247.2550634,37.83035102,242557.4298,0,242557.4298,1
0.06521161181,-0.09340276344,15.78697301,52.51422818,39.50359658,0.1387929958,247.2550634,37.83035102,369855.7776,0,369855.7776,1
0.06521161181,-0.09340276344,14.78697301,53.51422818,39.50359658,0.1387929958,247.2550634,37.83035102,369847.5556,0,369847.5556,1
0.06521161181,-0.09340276344,14.78697301,52.51422818,40.50359658,0.1387929958,247.2550634,37.83035102,369826.0964,0,369826.0964,1
0.06521161181,-0.09340276344,14.78697301,52.51422818,39.50359658,0.59999942,247.2550634,37.83035102,304175.8228,0,304175.8228,1
0.06521161181,-0.09340276344,14.78697301,52.51422818,39.50359658,0.1387929958,248.2550634,37.83035102,369857.6186,0,369857.6186,1
0.06521161181,-0.09340276344,14.78697301,52.51422818,39.50359658,0.1387929958,247.2550634,38.83035102,369652.3463,0,369652.3463,1
0.06520537769,-0.09339727785,14.78698412,52.51479833,39.50524714,0.13879615,247.2550134,37.83122273,369856.7178,0,369856.7178,1
-0.2999994,-0.09339727785,14.78698412,52.51479833,39.50524714,0.13879615,247.2550134,37.83122273,275266.854,0,275266.854,1
0.06520537769,0.2999994,14.78698412,52.51479833,39.50524714,0.13879615,247.2550134,37.83122273,242561.9272,0,242561.9272,1
0.06520537769,-0.09339727785,15.78698412,52.51479833,39.50524714,0.13879615,247.2550134,37.83122273,369856.5466,0,369856.5466,1
0.06520537769,-0.09339727785,14.78698412,53.51479833,39.50524714,0.13879615,247.2550134,37.83122273,369847.4976,0,369847.4976,1
0.06520537769,-0.09339727785,14.78698412,52.51479833,40.50524714,0.13879615,247.2550134,37.83122273,369827.1523,0,369827.1523,1
0.06520537769,-0.09339727785,14.78698412,52.51479833,39.50524714,0.59999942,247.2550134,37.83122273,304178.2079,0,304178.2079,1
0.06520537769,-0.09339727785,14.78698412,52.51479833,39.50524714,0.13879615,248.2550134,37.83122273,369857.7869,0,369857.7869,1
0.06520537769,-0.09339727785,14.78698412,52.51479833,39.50524714,0.13879615,247.2550134,38.83122273,369652.8603,0,369652.8603,1
0.06520442049,-0.09339643559,14.78698582,52.51488587,39.50550057,0.1387966343,247.2550057,37.83135658,369858.2352,0,369858.2352,1
-0.2999994,-0.09339643559,14.78698582,52.51488587,39.50550057,0.1387966343,247.2550057,37.83135658,275267.0832,0,275267.0832,1
0.06520442049,0.2999994,14.78698582,52.51488587,39.50550057,0.1387966343,247.2550057,37.83135658,242561.9059,0,242561.9059,1
0.06520442049,-0.09339643559,15.78698582,52.51488587,39.50550057,0.1387966343,247.2550057,37.83135658,369858.026,0,369858.026,1
0.06520442049,-0.09339643559,14.78698582,53.51488587,39.50550057,0.1387966343,247.2550057,37.83135658,369847.4984,0,369847.4984,1
0.06520442049,-0.09339643559,14.78698582,52.51488587,40.50550057,0.1387966343,247.2550057,37.83135658,369827.1528,0,369827.1528,1
0.06520442049,-0.09339643559,14.78698582,52.51488587,39.50550057,0.59999942,247.2550057,37.83135658,304177.009,0,304177.009,1
0.06520442049,-0.09339643559,14.78698582,52.51488587,39.50550057,0.1387966343,248.2550057,37.83135658,369859.1804,0,369859.1804,1
0.06520442049,-0.09339643559,14.78698582,52.51488587,39.50550057,0.1387966343,247.2550057,38.83135658,369654.3088,0,369654.3088,1
0.06520437787,-0.09339639808,14.7869859,52.51488977,39.50551186,0.1387966559,247.2550054,37.83136254,369858.2352,0,369858.2352,1
-0.2999994,-0.09339639808,14.7869859,52.51488977,39.50551186,0.1387966559,247.2550054,37.83136254,275267.0832,0,275267.0832,1
0.06520437787,0.2999994,14.7869859,52.51488977,39.50551186,0.1387966559,247.2550054,37.83136254,242561.9059,0,242561.9059,1
0.06520437787,-0.09339639808,15.7869859,52.51488977,39.50551186,0.1387966559,247.2550054,37.83136254,369858.026,0,369858.026,1
0.06520437787,-0.09339639808,14.7869859,53.51488977,39.50551186,0.1387966559,247.2550054,37.83136254,369847.4984,0,369847.4984,1
0.06520437787,-0.09339639808,14.7869859,52.51488977,40.50551186,0.1387966559,247.2550054,37.83136254,369827.1528,0,369827.1528,1
0.06520437787,-0.09339639808,14.7869859,52.51488977,39.50551186,0.59999942,247.2550054,37.83136254,304177.009,0,304177.009,1
0.06520437787,-0.09339639808,14.7869859,52.51488977,39.50551186,0.1387966559,248.2550054,37.83136254,369859.1769,0,369859.1769,1
0.06520437787,-0.09339639808,14.7869859,52.51488977,39.50551186,0.1387966559,247.2550054,38.83136254,369654.3088,0,369654.3088,1
0.06520436887,-0.09339639017,14.78698592,52.51489059,39.50551424,0.1387966605,247.2550053,37.8313638,369858.2352,0,369858.2352,1
-0.2999994,-0.09339639017,14.78698592,52.51489059,39.50551424,0.1387966605,247.2550053,37.8313638,275267.0832,0,275267.0832,1
0.06520436887,0.2999994,14.78698592,52.51489059,39.50551424,0.1387966605,247.2550053,37.8313638,242561.9059,0,242561.9059,1
0.06520436887,-0.09339639017,15.78698592,52.51489059,39.50551424,0.1387966605,247.2550053,37.8313638,369858.026,0,369858.026,1
0.06520436887,-0.09339639017,14.78698592,53.51489059,39.50551424,0.1387966605,247.2550053,37.8313638,369847.4984,0,369847.4984,1
0.06520436887,-0.09339639017,14.78698592,52.51489059,40.50551424,0.1387966605,247.2550053,37.8313638,369827.1528,0,369827.1528,1
0.06520436887,-0.09339639017,14.78698592,52.51489059,39.50551424,0.59999942,247.2550053,37.8313638,304177.009,0,304177.009,1
0.06520436887,-0.09339639017,14.78698592,52.51489059,39.50551424,0.1387966605,248.2550053,37.8313638,369859.1769,0,369859.1769,1
0.06520436887,-0.09339639017,14.78698592,52.51489059,39.50551424,0.1387966605,247.2550053,38.8313638,369654.3088,0,369654.3088,1
0.06520436698,-0.0933963885,14.78698592,52.51489077,39.50551474,0.1387966614,247.2550053,37.83136406,369858.2352,0,369858.2352,1
-0.2999994,-0.0933963885,14.78698592,52.51489077,39.50551474,0.1387966614,247.2550053,37.83136406,275267.0832,0,275267.0832,1
0.06520436698,0.2999994,14.78698592,52.51489077,39.50551474,0.1387966614,247.2550053,37.83136406,242561.9059,0,242561.9059,1
0.06520436698,-0.0933963885,15.78698592,52.51489077,39.50551474,0.1387966614,247.2550053,37.83136406,369858.026,0,369858.026,1
0.06520436698,-0.0933963885,14.78698592,53.51489077,39.50551474,0.1387966614,247.2550053,37.83136406,369847.4984,0,369847.4984,1
0.06520436698,-0.0933963885,14.78698592,52.51489077,40.50551474,0.1387966614,247.2550053,37.83136406,369827.1528,0,369827.1528,1
0.06520436698,-0.0933963885,14.78698592,52.51489077,39.50551474,0.59999942,247.2550053,37.83136406,304176.9844,0,304176.9844,1
0.06520436698,-0.0933963885,14.78698592,52.51489077,39.50551474,0.1387966614,248.2550053,37.83136406,369859.1769,0,369859.1769,1
0.06520436698,-0.0933963885,14.78698592,52.51489077,39.50551474,0.1387966614,247.2550053,38.83136406,369654.3088,0,369654.3088,1
0.06520436657,-0.09339638814,14.78698592,52.5148908,39.50551485,0.1387966616,247.2550053,37.83136412,369858.2352,0,369858.2352,1
-0.2999994,-0.09339638814,14.78698592,52.5148908,39.50551485,0.1387966616,247.2550053,37.83136412,275267.0832,0,275267.0832,1
0.06520436657,0.2999994,14.78698592,52.5148908,39.50551485,0.1387966616,247.2550053,37.83136412,242561.9059,0,242561.9059,1
0.06520436657,-0.09339638814,15.78698592,52.5148908,39.50551485,0.1387966616,247.2550053,37.83136412,369858.026,0,369858.026,1
0.06520436657,-0.09339638814,14.78698592,53.5148908,39.50551485,0.1387966616,247.2550053,37.83136412,369847.4984,0,369847.4984,1
0.06520436657,-0.09339638814,14.78698592,52.5148908,40.50551485,0.1387966616,247.2550053,37.83136412,369827.1528,0,369827.1528,1
0.06520436657,-0.09339638814,14.78698592,52.5148908,39.50551485,0.59999942,247.2550053,37.83136412,304176.9844,0,304176.9844,1
0.06520436657,-0.09339638814,14.78698592,52.5148908,39.50551485,0.1387966616,248.2550053,37.83136412,369859.1769,0,369859.1769,1
0.06520436657,-0.09339638814,14.78698592,52.5148908,39.50551485,0.1387966616,247.2550053,38.83136412,369654.3088,0,369654.3088,1
0.06520436649,-0.09339638807,14.78698592,52.51489081,39.50551487,0.1387966617,247.2550053,37.83136413,369858.2352,0,369858.2352,1
-0.2999994,-0.09339638807,14.78698592,52.51489081,39.50551487,0.1387966617,247.2550053,37.83136413,275267.0832,0,275267.0832,1
0.06520436649,0.2999994,14.78698592,52.51489081,39.50551487,0.1387966617,247.2550053,37.83136413,242561.9059,0,242561.9059,1
0.06520436649,-0.09339638807,15.78698592,52.51489081,39.50551487,0.1387966617,247.2550053,37.83136413,369858.026,0,369858.026,1
0.06520436649,-0.09339638807,14.78698592,53.51489081,39.50551487,0.1387966617,247.2550053,37.83136413,369847.4984,0,369847.4984,1
0.06520436649,-0.09339638807,14.78698592,52.51489081,40.50551487,0.1387966617,247.2550053,37.83136413,369827.1528,0,369827.1528,1
0.06520436649,-0.09339638807,14.78698592,52.51489081,39.50551487,0.59999942,247.2550053,37.83136413,304176.9844,0,304176.9844,1
0.06520436649,-0.09339638807,14.78698592,52.51489081,39.50551487,0.1387966617,248.2550053,37.83136413,369859.1769,0,369859.1769,1
0.06520436649,-0.09339638807,14.78698592,52.51489081,39.50551487,0.1387966617,247.2550053,38.83136413,369654.3088,0,369654.3088,1
0.06520436647,-0.09339638805,14.78698592,52.51489081,39.50551487,0.1387966617,247.2550053,37.83136413,369858.2352,0,369858.2352,1
-0.2999994,-0.09339638805,14.78698592,52.51489081,39.50551487,0.1387966617,247.2550053,37.83136413,275267.0832,0,275267.0832,1
0.06520436647,0.2999994,14.78698592,52.51489081,39.50551487,0.1387966617,247.2550053,37.83136413,242561.9059,0,242561.9059,1
0.06520436647,-0.09339638805,15.78698592,52.51489081,39.50551487,0.1387966617,247.2550053,37.83136413,369858.026,0,369858.026,1
0.06520436647,-0.09339638805,14.78698592,53.51489081,39.50551487,0.1387966617,247.2550053,37.83136413,369847.4984,0,369847.4984,1
0.06520436647,-0.09339638805,14.78698592,52.51489081,40.50551487,0.1387966617,247.2550053,37.83136413,369827.1528,0,369827.1528,1
0.06520436647,-0.09339638805,14.78698592,52.51489081,39.50551487,0.59999942,247.2550053,37.83136413,304176.9844,0,304176.9844,1
0.06520436647,-0.09339638805,14.78698592,52.51489081,39.50551487,0.1387966617,248.2550053,37.83136413,369859.1769,0,369859.1769,1
0.06520436647,-0.09339638805,14.78698592,52.51489081,39.50551487,0.1387966617,247.2550053,38.83136413,369654.3088,0,369654.3088,1
0.06520436647,-0.09339638805,14.78698592,52.51489081,39.50551487,0.1387966617,247.2550053,37.83136413,369858.2352,0,369858.2352,1
-0.2999994,-0.09339638805,14.78698592,52.51489081,39.50551487,0.1387966617,247.2550053,37.83136413,275267.0832,0,275267.0832,1
0.06520436647,0.2999994,14.78698592,52.51489081,39.50551487,0.1387966617,247.2550053,37.83136413,242561.9059,0,242561.9059,1
0.06520436647,-0.09339638805,15.78698592,52.51489081,39.50551487,0.1387966617,247.2550053,37.83136413,369858.026,0,369858.026,1
0.06520436647,-0.09339638805,14.78698592,53.51489081,39.50551487,0.1387966617,247.2550053,37.83136413,369847.4984,0,369847.4984,1
0.06520436647,-0.09339638805,14.78698592,52.51489081,40.50551487,0.1387966617,247.2550053,37.83136413,369827.1528,0,369827.1528,1
0.06520436647,-0.09339638805,14.78698592,52.51489081,39.50551487,0.59999942,247.2550053,37.83136413,304176.9844,0,304176.9844,1
0.06520436647,-0.09339638805,14.78698592,52.51489081,39.50551487,0.1387966617,248.2550053,37.83136413,369859.1769,0,369859.1769,1
0.06520436647,-0.09339638805,14.78698592,52.51489081,39.50551487,0.1387966617,247.2550053,38.83136413,369654.3088,0,369654.3088,1
0.06520436647,-0.09339638805,14.78698592,52.51489081,39.50551488,0.1387966617,247.2550053,37.83136413,369858.2352,0,369858.2352,1
-0.2999994,-0.09339638805,14.78698592,52.51489081,39.50551488,0.1387966617,247.2550053,37.83136413,275267.0832,0,275267.0832,1
0.06520436647,0.2999994,14.78698592,52.51489081,39.50551488,0.1387966617,247.2550053,37.83136413,242561.9059,0,242561.9059,1
0.06520436647,-0.09339638805,15.78698592,52.51489081,39.50551488,0.1387966617,247.2550053,37.83136413,369858.026,0,369858.026,1
0.06520436647,-0.09339638805,14.78698592,53.51489081,39.50551488,0.1387966617,247.2550053,37.83136413,369847.4984,0,369847.4984,1
0.06520436647,-0.09339638805,14.78698592,52.51489081,40.50551488,0.1387966617,247.2550053,37.83136413,369827.1528,0,369827.1528,1
0.06520436647,-0.09339638805,14.78698592,52.51489081,39.50551488,0.59999942,247.2550053,37.83136413,304176.9844,0,304176.9844,1
0.06520436647,-0.09339638805,14.78698592,52.51489081,39.50551488,0.1387966617,248.2550053,37.83136413,369859.1769,0,369859.1769,1
0.06520436647,-0.09339638805,14.78698592,52.51489081,39.50551488,0.1387966617,247.2550053,38.83136413,369654.3088,0,369654.3088,1
0.06520436647,-0.09339638805,14.78698592,52.51489081,39.50551488,0.1387966617,247.2550053,37.83136413,369858.2352,0,369858.2352,1
-0.2999994,-0.09339638805,14.78698592,52.51489081,39.50551488,0.1387966617,247.2550053,37.83136413,275267.0832,0,275267.0832,1
0.06520436647,0.2999994,14.78698592,52.51489081,39.50551488,0.1387966617,247.2550053,37.83136413,242561.9059,0,242561.9059,1
0.06520436647,-0.09339638805,15.78698592,52.51489081,39.50551488,0.1387966617,247.2550053,37.83136413,369858.026,0,369858.026,1
0.06520436647,-0.09339638805,14.78698592,53.51489081,39.50551488,0.1387966617,247.2550053,37.83136413,369847.4984,0,369847.4984,1
0.06520436647,-0.09339638805,14.78698592,52.51489081,40.50551488,0.1387966617,247.2550053,37.83136413,369827.1528,0,369827.1528,1
0.06520436647,-0.09339638805,14.78698592,52.51489081,39.50551488,0.59999942,247.2550053,37.83136413,304176.9844,0,304176.9844,1
0.06520436647,-0.09339638805,14.78698592,52.51489081,39.50551488,0.1387966617,248.2550053,37.83136413,369859.1769,0,369859.1769,1
0.06520436647,-0.09339638805,14.78698592,52.51489081,39.50551488,0.1387966617,247.2550053,38.83136413,369654.3088,0,369654.3088,1
0.06520436647,-0.09339638805,14.78698592,52.51489081,39.50551488,0.1387966617,247.2550053,37.83136413,369858.2352,0,369858.2352,1
-0.2999994,-0.09339638805,14.78698592,52.51489081,39.50551488,0.1387966617,247.2550053,37.83136413,275267.0832,0,275267.0832,1
0.06520436647,0.2999994,14.78698592,52.51489081,39.50551488,0.1387966617,247.2550053,37.83136413,242561.9059,0,242561.9059,1
0.06520436647,-0.09339638805,15.78698592,52.51489081,39.50551488,0.1387966617,247.2550053,37.83136413,369858.026,0,369858.026,1
0.06520436647,-0.09339638805,14.78698592,53.51489081,39.50551488,0.1387966617,247.2550053,37.83136413,369847.4984,0,369847.4984,1
0.06520436647,-0.09339638805,14.78698592,52.51489081,40.50551488,0.1387966617,247.2550053,37.83136413,369827.1528,0,369827.1528,1
0.06520436647,-0.09339638805,14.78698592,52.51489081,39.50551488,0.59999942,247.2550053,37.83136413,304176.9844,0,304176.9844,1
0.06520436647,-0.09339638805,14.78698592,52.51489081,39.50551488,0.1387966617,248.2550053,37.83136413,369859.1769,0,369859.1769,1
0.06520436647,-0.09339638805,14.78698592,52.51489081,39.50551488,0.1387966617,247.2550053,38.83136413,369654.3088,0,369654.3088,1
0.06520436647,-0.09339638805,14.78698592,52.51489081,39.50551488,0.1387966617,247.2550053,37.83136413,369858.2352,0,369858.2352,1
-0.2999994,-0.09339638805,14.78698592,52.51489081,39.50551488,0.1387966617,247.2550053,37.83136413,275267.0832,0,275267.0832,1
0.06520436647,0.2999994,14.78698592,52.51489081,39.50551488,0.1387966617,247.2550053,37.83136413,242561.9059,0,242561.9059,1
0.06520436647,-0.09339638805,15.78698592,52.51489081,39.50551488,0.1387966617,247.2550053,37.83136413,369858.026,0,369858.026,1
0.06520436647,-0.09339638805,14.78698592,53.51489081,39.50551488,0.1387966617,247.2550053,37.83136413,369847.4984,0,369847.4984,1
0.06520436647,-0.09339638805,14.78698592,52.51489081,40.50551488,0.1387966617,247.2550053,37.83136413,369827.1528,0,369827.1528,1
0.06520436647,-0.09339638805,14.78698592,52.51489081,39.50551488,0.59999942,247.2550053,37.83136413,304176.9844,0,304176.9844,1
0.06520436647,-0.09339638805,14.78698592,52.51489081,39.50551488,0.1387966617,248.2550053,37.83136413,369859.1769,0,369859.1769,1
0.06520436647,-0.09339638805,14.78698592,52.51489081,39.50551488,0.1387966617,247.2550053,38.83136413,369654.3088,0,369654.3088,1
0.06520436647,-0.09339638805,14.78698592,52.51489081,39.50551488,0.1387966617,247.2550053,37.83136413,369858.2352,0,369858.2352,1
