            centre_ra,           centre_dec,             v_sys,       inclination,               phi,    turnover_radius,  maximum_velocity,velocity_dispersion,    log_likelihood,log_prior,     log_posterior,weight
                  0.0,                  0.0,               0.0,              50.0,              40.0,               0.31,             275.0,               62.5,286332.95371781016,      0.0,286332.95371781016,   1.0
                  0.0,                  0.0,               0.0,              50.0,              40.0,               0.31,             275.0,               62.5,286332.95371781016,      0.0,286332.95371781016,   1.0
                1e-06,                  0.0,               0.0,              50.0,              40.0,               0.31,             275.0,               62.5,286332.94706161175,      0.0,286332.94706161175,   1.0
                  0.0,                1e-06,               0.0,              50.0,              40.0,               0.31,             275.0,               62.5, 286332.9432897884,      0.0, 286332.9432897884,   1.0
                  0.0,                  0.0,             1e-06,              50.0,              40.0,               0.31,             275.0,               62.5, 286332.9537568203,      0.0, 286332.9537568203,   1.0
                  0.0,                  0.0,               0.0,         50.000001,              40.0,               0.31,             275.0,               62.5, 286332.9537447274,      0.0, 286332.9537447274,   1.0
                  0.0,                  0.0,               0.0,              50.0,         40.000001,               0.31,             275.0,               62.5,286332.95373694744,      0.0,286332.95373694744,   1.0
                  0.0,                  0.0,               0.0,              50.0,              40.0,0.31000099999999997,             275.0,               62.5,286332.94924950646,      0.0,286332.94924950646,   1.0
                  0.0,                  0.0,               0.0,              50.0,              40.0,               0.31,        275.000001,               62.5,286332.95372636314,      0.0,286332.95372636314,   1.0
                  0.0,                  0.0,               0.0,              50.0,              40.0,               0.31,             275.0,          62.500001,286332.95371397346,      0.0,286332.95371397346,   1.0
 -0.29999939999999997, -0.29999939999999997,          59.99988,          79.99994, 78.27456394432801,         0.02000058,  292.105951016545, 54.826600457982224, 278650.3622523285,      0.0, 278650.3622523285,   1.0
           -0.2999984, -0.29999939999999997,          59.99988,          79.99994, 78.27456394432801,         0.02000058,  292.105951016545, 54.826600457982224, 278650.3740883659,      0.0, 278650.3740883659,   1.0
 -0.29999939999999997,           -0.2999984,          59.99988,          79.99994, 78.27456394432801,         0.02000058,  292.105951016545, 54.826600457982224, 278650.3575588121,      0.0, 278650.3575588121,   1.0
 -0.29999939999999997, -0.29999939999999997,         59.999879,          79.99994, 78.27456394432801,         0.02000058,  292.105951016545, 54.826600457982224,278650.36229255784,      0.0,278650.36229255784,   1.0
 -0.29999939999999997, -0.29999939999999997,          59.99988,         79.999939, 78.27456394432801,         0.02000058,  292.105951016545, 54.826600457982224, 278650.3620119509,      0.0, 278650.3620119509,   1.0
 -0.29999939999999997, -0.29999939999999997,          59.99988,          79.99994,   78.274564944328,         0.02000058,  292.105951016545, 54.826600457982224,278650.36233307223,      0.0,278650.36233307223,   1.0
 -0.29999939999999997, -0.29999939999999997,          59.99988,          79.99994, 78.27456394432801,         0.02000158,  292.105951016545, 54.826600457982224,278650.35797008965,      0.0,278650.35797008965,   1.0
 -0.29999939999999997, -0.29999939999999997,          59.99988,          79.99994, 78.27456394432801,         0.02000058,  292.105952016545, 54.826600457982224, 278650.3622535304,      0.0, 278650.3622535304,   1.0
 -0.29999939999999997, -0.29999939999999997,          59.99988,          79.99994, 78.27456394432801,         0.02000058,  292.105951016545,  54.82660145798222,278650.36231380294,      0.0,278650.36231380294,   1.0
-0.035027501003690086,-0.035027501003690086, 7.005500200738018,53.502750100369006, 44.46888336101922,0.27614008236309956,276.99726638253645,  61.60406484093054, 287083.6851897111,      0.0, 287083.6851897111,   1.0
-0.035026501003690085,-0.035027501003690086, 7.005500200738018,53.502750100369006, 44.46888336101922,0.27614008236309956,276.99726638253645,  61.60406484093054, 287083.6873722043,      0.0, 287083.6873722043,   1.0
-0.035027501003690086,-0.035026501003690085, 7.005500200738018,53.502750100369006, 44.46888336101922,0.27614008236309956,276.99726638253645,  61.60406484093054,287083.68446541333,      0.0,287083.68446541333,   1.0
-0.035027501003690086,-0.035027501003690086, 7.005501200738018,53.502750100369006, 44.46888336101922,0.27614008236309956,276.99726638253645,  61.60406484093054,287083.68518869864,      0.0,287083.68518869864,   1.0
-0.035027501003690086,-0.035027501003690086, 7.005500200738018,53.502751100369004, 44.46888336101922,0.27614008236309956,276.99726638253645,  61.60406484093054,287083.68520641833,      0.0,287083.68520641833,   1.0
-0.035027501003690086,-0.035027501003690086, 7.005500200738018,53.502750100369006, 44.46888436101922,0.27614008236309956,276.99726638253645,  61.60406484093054, 287083.6851815541,      0.0, 287083.6851815541,   1.0
-0.035027501003690086,-0.035027501003690086, 7.005500200738018,53.502750100369006, 44.46888336101922,0.27614108236309953,276.99726638253645,  61.60406484093054, 287083.6810175349,      0.0, 287083.6810175349,   1.0
-0.035027501003690086,-0.035027501003690086, 7.005500200738018,53.502750100369006, 44.46888336101922,0.27614008236309956,276.99726738253645,  61.60406484093054, 287083.6851972153,      0.0, 287083.6851972153,   1.0
-0.035027501003690086,-0.035027501003690086, 7.005500200738018,53.502750100369006, 44.46888336101922,0.27614008236309956,276.99726638253645,  61.60406584093054,287083.68516779813,      0.0,287083.68516779813,   1.0
-0.025419362649231017, -0.04298972398080695, 9.261190400264603, 54.63071135103209, 45.90776357411596, 0.2392515591320515, 277.6404204911542,  61.31542669441367, 287230.2064769697,      0.0, 287230.2064769697,   1.0
-0.025418362649231016, -0.04298972398080695, 9.261190400264603, 54.63071135103209, 45.90776357411596, 0.2392515591320515, 277.6404204911542,  61.31542669441367,287230.21013246354,      0.0,287230.21013246354,   1.0
-0.025419362649231017, -0.04298872398080695, 9.261190400264603, 54.63071135103209, 45.90776357411596, 0.2392515591320515, 277.6404204911542,  61.31542669441367, 287230.2076184928,      0.0, 287230.2076184928,   1.0
-0.025419362649231017, -0.04298972398080695, 9.261191400264602, 54.63071135103209, 45.90776357411596, 0.2392515591320515, 277.6404204911542,  61.31542669441367,  287230.206469233,      0.0,  287230.206469233,   1.0
-0.025419362649231017, -0.04298972398080695, 9.261190400264603, 54.63071235103209, 45.90776357411596, 0.2392515591320515, 277.6404204911542,  61.31542669441367, 287230.2064821516,      0.0, 287230.2064821516,   1.0
-0.025419362649231017, -0.04298972398080695, 9.261190400264603, 54.63071135103209, 45.90776457411596, 0.2392515591320515, 277.6404204911542,  61.31542669441367,287230.20646191505,      0.0,287230.20646191505,   1.0
-0.025419362649231017, -0.04298972398080695, 9.261190400264603, 54.63071135103209, 45.90776357411596, 0.2392525591320515, 277.6404204911542,  61.31542669441367,287230.20412480034,      0.0,287230.20412480034,   1.0
-0.025419362649231017, -0.04298972398080695, 9.261190400264603, 54.63071135103209, 45.90776357411596, 0.2392515591320515, 277.6404214911542,  61.31542669441367, 287230.2064806544,      0.0, 287230.2064806544,   1.0
-0.025419362649231017, -0.04298972398080695, 9.261190400264603, 54.63071135103209, 45.90776357411596, 0.2392515591320515, 277.6404204911542, 61.315427694413664,287230.20644919155,      0.0,287230.20644919155,   1.0
 0.020563076916650182,-0.055893741045831474,10.620694487118868, 55.31063655359756,46.774786839273204,0.17872431312674997, 278.0281136336473,  61.14099472928899,  287314.331156262,      0.0,  287314.331156262,   1.0
 0.020564076916650183,-0.055893741045831474,10.620694487118868, 55.31063655359756,46.774786839273204,0.17872431312674997, 278.0281136336473,  61.14099472928899, 287314.3302163496,      0.0, 287314.3302163496,   1.0
 0.020563076916650182, -0.05589274104583147,10.620694487118868, 55.31063655359756,46.774786839273204,0.17872431312674997, 278.0281136336473,  61.14099472928899,  287314.329451905,      0.0,  287314.329451905,   1.0
 0.020563076916650182,-0.055893741045831474,10.620695487118867, 55.31063655359756,46.774786839273204,0.17872431312674997, 278.0281136336473,  61.14099472928899, 287314.3311602239,      0.0, 287314.3311602239,   1.0
 0.020563076916650182,-0.055893741045831474,10.620694487118868, 55.31063755359756,46.774786839273204,0.17872431312674997, 278.0281136336473,  61.14099472928899, 287314.3311433524,      0.0, 287314.3311433524,   1.0
 0.020563076916650182,-0.055893741045831474,10.620694487118868, 55.31063655359756,  46.7747878392732,0.17872431312674997, 278.0281136336473,  61.14099472928899, 287314.3311435921,      0.0, 287314.3311435921,   1.0
 0.020563076916650182,-0.055893741045831474,10.620694487118868, 55.31063655359756,46.774786839273204,0.17872531312674997, 278.0281136336473,  61.14099472928899,287314.33350593515,      0.0,287314.33350593515,   1.0
 0.020563076916650182,-0.055893741045831474,10.620694487118868, 55.31063655359756,46.774786839273204,0.17872431312674997, 278.0281146336473,  61.14099472928899, 287314.3311518027,      0.0, 287314.3311518027,   1.0
 0.020563076916650182,-0.055893741045831474,10.620694487118868, 55.31063655359756,46.774786839273204,0.17872431312674997, 278.0281136336473,  61.14099572928899, 287314.3311221121,      0.0, 287314.3311221121,   1.0
 0.011452610071929279,-0.058611684933123354, 9.323106761599314, 54.66173952578345, 45.94700182412614,0.20583095178823588,277.65812614758005,  61.30686867910965, 287352.5201804853,      0.0, 287352.5201804853,   1.0
 0.011453610071929278,-0.058611684933123354, 9.323106761599314, 54.66173952578345, 45.94700182412614,0.20583095178823588,277.65812614758005,  61.30686867910965,287352.52055076003,      0.0,287352.52055076003,   1.0
 0.011452610071929279, -0.05861068493312335, 9.323106761599314, 54.66173952578345, 45.94700182412614,0.20583095178823588,277.65812614758005,  61.30686867910965, 287352.5193419454,      0.0, 287352.5193419454,   1.0
 0.011452610071929279,-0.058611684933123354, 9.323107761599314, 54.66173952578345, 45.94700182412614,0.20583095178823588,277.65812614758005,  61.30686867910965, 287352.5201819597,      0.0, 287352.5201819597,   1.0
 0.011452610071929279,-0.058611684933123354, 9.323106761599314, 54.66174052578345, 45.94700182412614,0.20583095178823588,277.65812614758005,  61.30686867910965,287352.52017722727,      0.0,287352.52017722727,   1.0
 0.011452610071929279,-0.058611684933123354, 9.323106761599314, 54.66173952578345, 45.94700282412614,0.20583095178823588,277.65812614758005,  61.30686867910965,287352.52016861393,      0.0,287352.52016861393,   1.0
 0.011452610071929279,-0.058611684933123354, 9.323106761599314, 54.66173952578345, 45.94700182412614,0.20583195178823588,277.65812614758005,  61.30686867910965,287352.51983497763,      0.0,287352.51983497763,   1.0
 0.011452610071929279,-0.058611684933123354, 9.323106761599314, 54.66173952578345, 45.94700182412614,0.20583095178823588,277.65812714758005,  61.30686867910965,  287352.520180226,      0.0,  287352.520180226,   1.0
 0.011452610071929279,-0.058611684933123354, 9.323106761599314, 54.66173952578345, 45.94700182412614,0.20583095178823588,277.65812614758005, 61.306869679109646, 287352.5201470086,      0.0, 287352.5201470086,   1.0
 0.018867166867839832, -0.06736855775796359, 8.954132536636221,54.477208714056495,45.711476584551136,0.20389495445046013,277.55292498470016,  61.35366866572477, 287363.0243908141,      0.0, 287363.0243908141,   1.0
 0.018868166867839833, -0.06736855775796359, 8.954132536636221,54.477208714056495,45.711476584551136,0.20389495445046013,277.55292498470016,  61.35366866572477,287363.02456486213,      0.0,287363.02456486213,   1.0
 0.018867166867839832, -0.06736755775796359, 8.954132536636221,54.477208714056495,45.711476584551136,0.20389495445046013,277.55292498470016,  61.35366866572477, 287363.0236978069,      0.0, 287363.0236978069,   1.0
 0.018867166867839832, -0.06736855775796359,  8.95413353663622,54.477208714056495,45.711476584551136,0.20389495445046013,277.55292498470016,  61.35366866572477,287363.02439272776,      0.0,287363.02439272776,   1.0
 0.018867166867839832, -0.06736855775796359, 8.954132536636221, 54.47720971405649,45.711476584551136,0.20389495445046013,277.55292498470016,  61.35366866572477, 287363.0243873109,      0.0, 287363.0243873109,   1.0
 0.018867166867839832, -0.06736855775796359, 8.954132536636221,54.477208714056495, 45.71147758455113,0.20389495445046013,277.55292498470016,  61.35366866572477,287363.02437908936,      0.0,287363.02437908936,   1.0
 0.018867166867839832, -0.06736855775796359, 8.954132536636221,54.477208714056495,45.711476584551136,0.20389595445046013,277.55292498470016,  61.35366866572477,287363.02417121694,      0.0,287363.02417121694,   1.0
 0.018867166867839832, -0.06736855775796359, 8.954132536636221,54.477208714056495,45.711476584551136,0.20389495445046013,277.55292598470015,  61.35366866572477,287363.02439028403,      0.0,287363.02439028403,   1.0
 0.018867166867839832, -0.06736855775796359, 8.954132536636221,54.477208714056495,45.711476584551136,0.20389495445046013,277.55292498470016, 61.353669665724766, 287363.0243568311,      0.0, 287363.0243568311,   1.0
 0.036442933221404086, -0.09507101303365556, 7.055965646375044, 53.52779264848391,  44.4996106250643,0.19819807246761217,  277.011666100048,  61.59379566967045, 287378.3506418447,      0.0, 287378.3506418447,   1.0
  0.03644393322140409, -0.09507101303365556, 7.055965646375044, 53.52779264848391,  44.4996106250643,0.19819807246761217,  277.011666100048,  61.59379566967045, 287378.3509703871,      0.0, 287378.3509703871,   1.0
 0.036442933221404086, -0.09507001303365556, 7.055965646375044, 53.52779264848391,  44.4996106250643,0.19819807246761217,  277.011666100048,  61.59379566967045,287378.35102874663,      0.0,287378.35102874663,   1.0
 0.036442933221404086, -0.09507101303365556, 7.055966646375044, 53.52779264848391,  44.4996106250643,0.19819807246761217,  277.011666100048,  61.59379566967045,287378.35064307065,      0.0,287378.35064307065,   1.0
 0.036442933221404086, -0.09507101303365556, 7.055965646375044, 53.52779364848391,  44.4996106250643,0.19819807246761217,  277.011666100048,  61.59379566967045,287378.35063827876,      0.0,287378.35063827876,   1.0
 0.036442933221404086, -0.09507101303365556, 7.055965646375044, 53.52779264848391,  44.4996116250643,0.19819807246761217,  277.011666100048,  61.59379566967045,287378.35063154675,      0.0,287378.35063154675,   1.0
 0.036442933221404086, -0.09507101303365556, 7.055965646375044, 53.52779264848391,  44.4996106250643,0.19819907246761218,  277.011666100048,  61.59379566967045, 287378.3505715872,      0.0, 287378.3505715872,   1.0
 0.036442933221404086, -0.09507101303365556, 7.055965646375044, 53.52779264848391,  44.4996106250643,0.19819807246761217,  277.011667100048,  61.59379566967045, 287378.3506410479,      0.0, 287378.3506410479,   1.0
 0.036442933221404086, -0.09507101303365556, 7.055965646375044, 53.52779264848391,  44.4996106250643,0.19819807246761217,  277.011666100048, 61.593796669670446,287378.35060700116,      0.0,287378.35060700116,   1.0
 0.038367022764604165, -0.09607300562746104, 6.624504878943757, 53.31192504153779, 44.22401849609983,0.19700940071479203,  276.888611980298, 61.647913064658674, 287379.4290117181,      0.0, 287379.4290117181,   1.0
 0.038368022764604166, -0.09607300562746104, 6.624504878943757, 53.31192504153779, 44.22401849609983,0.19700940071479203,  276.888611980298, 61.647913064658674, 287379.4289651571,      0.0, 287379.4289651571,   1.0
 0.038367022764604165, -0.09607200562746104, 6.624504878943757, 53.31192504153779, 44.22401849609983,0.19700940071479203,  276.888611980298, 61.647913064658674,287379.42907420645,      0.0,287379.42907420645,   1.0
 0.038367022764604165, -0.09607300562746104, 6.624505878943757, 53.31192504153779, 44.22401849609983,0.19700940071479203,  276.888611980298, 61.647913064658674, 287379.4290141853,      0.0, 287379.4290141853,   1.0
 0.038367022764604165, -0.09607300562746104, 6.624504878943757, 53.31192604153779, 44.22401849609983,0.19700940071479203,  276.888611980298, 61.647913064658674,287379.42900825065,      0.0,287379.42900825065,   1.0
 0.038367022764604165, -0.09607300562746104, 6.624504878943757, 53.31192504153779, 44.22401949609983,0.19700940071479203,  276.888611980298, 61.647913064658674,287379.42900189414,      0.0,287379.42900189414,   1.0
 0.038367022764604165, -0.09607300562746104, 6.624504878943757, 53.31192504153779, 44.22401849609983,0.19701040071479203,  276.888611980298, 61.647913064658674,  287379.428926471,      0.0,  287379.428926471,   1.0
 0.038367022764604165, -0.09607300562746104, 6.624504878943757, 53.31192504153779, 44.22401849609983,0.19700940071479203,  276.888612980298, 61.647913064658674,287379.42901095044,      0.0,287379.42901095044,   1.0
 0.038367022764604165, -0.09607300562746104, 6.624504878943757, 53.31192504153779, 44.22401849609983,0.19700940071479203,  276.888611980298,  61.64791406465867,287379.42897676316,      0.0,287379.42897676316,   1.0
  0.03894365102038369, -0.09685922050233578, 6.251698046146974, 53.12537965150963, 43.98583553887444,0.19565878614015889, 276.7822784451445, 61.694511642761334, 287379.8303308146,      0.0, 287379.8303308146,   1.0
  0.03894465102038369, -0.09685922050233578, 6.251698046146974, 53.12537965150963, 43.98583553887444,0.19565878614015889, 276.7822784451445, 61.694511642761334, 287379.8301381626,      0.0, 287379.8301381626,   1.0
  0.03894365102038369, -0.09685822050233578, 6.251698046146974, 53.12537965150963, 43.98583553887444,0.19565878614015889, 276.7822784451445, 61.694511642761334, 287379.8302651321,      0.0, 287379.8302651321,   1.0
  0.03894365102038369, -0.09685922050233578, 6.251699046146975, 53.12537965150963, 43.98583553887444,0.19565878614015889, 276.7822784451445, 61.694511642761334, 287379.8303338317,      0.0, 287379.8303338317,   1.0
  0.03894365102038369, -0.09685922050233578, 6.251698046146974, 53.12538065150963, 43.98583553887444,0.19565878614015889, 276.7822784451445, 61.694511642761334, 287379.8303272947,      0.0, 287379.8303272947,   1.0
  0.03894365102038369, -0.09685922050233578, 6.251698046146974, 53.12537965150963, 43.98583653887444,0.19565878614015889, 276.7822784451445, 61.694511642761334, 287379.8303214192,      0.0, 287379.8303214192,   1.0
  0.03894365102038369, -0.09685922050233578, 6.251698046146974, 53.12537965150963, 43.98583553887444, 0.1956597861401589, 276.7822784451445, 61.694511642761334,287379.83026898163,      0.0,287379.83026898163,   1.0
  0.03894365102038369, -0.09685922050233578, 6.251698046146974, 53.12537965150963, 43.98583553887444,0.19565878614015889, 276.7822794451445, 61.694511642761334,287379.83033001964,      0.0,287379.83033001964,   1.0
  0.03894365102038369, -0.09685922050233578, 6.251698046146974, 53.12537965150963, 43.98583553887444,0.19565878614015889, 276.7822784451445,  61.69451264276133, 287379.8302957704,      0.0, 287379.8302957704,   1.0
  0.03812506504501346, -0.09709845983177691, 5.805278916538398, 52.90196204706488, 43.70054357960867,  0.194038238935514, 276.6549362078557,  61.75006063313636, 287380.2360623463,      0.0, 287380.2360623463,   1.0
  0.03812606504501346, -0.09709845983177691, 5.805278916538398, 52.90196204706488, 43.70054357960867,  0.194038238935514, 276.6549362078557,  61.75006063313636,287380.23584232974,      0.0,287380.23584232974,   1.0
  0.03812506504501346, -0.09709745983177691, 5.805278916538398, 52.90196204706488, 43.70054357960867,  0.194038238935514, 276.6549362078557,  61.75006063313636, 287380.2359468217,      0.0, 287380.2359468217,   1.0
  0.03812506504501346, -0.09709845983177691, 5.805279916538398, 52.90196204706488, 43.70054357960867,  0.194038238935514, 276.6549362078557,  61.75006063313636,287380.23606561706,      0.0,287380.23606561706,   1.0
  0.03812506504501346, -0.09709845983177691, 5.805278916538398,52.901963047064875, 43.70054357960867,  0.194038238935514, 276.6549362078557,  61.75006063313636, 287380.2360587439,      0.0, 287380.2360587439,   1.0
  0.03812506504501346, -0.09709845983177691, 5.805278916538398, 52.90196204706488, 43.70054457960867,  0.194038238935514, 276.6549362078557,  61.75006063313636, 287380.2360535312,      0.0, 287380.2360535312,   1.0
  0.03812506504501346, -0.09709845983177691, 5.805278916538398, 52.90196204706488, 43.70054357960867,  0.194039238935514, 276.6549362078557,  61.75006063313636,287380.23603673535,      0.0,287380.23603673535,   1.0
  0.03812506504501346, -0.09709845983177691, 5.805278916538398, 52.90196204706488, 43.70054357960867,  0.194038238935514, 276.6549372078557,  61.75006063313636, 287380.2360615099,      0.0, 287380.2360615099,   1.0
  0.03812506504501346, -0.09709845983177691, 5.805278916538398, 52.90196204706488, 43.70054357960867,  0.194038238935514, 276.6549362078557, 61.750061633136355, 287380.2360272092,      0.0, 287380.2360272092,   1.0
   0.0350693206872472, -0.09616093131681601, 5.387421290185525, 52.69257818076072, 43.43299282138389,0.19247071554927203, 276.5356570942984,  61.80030462448559,287380.64755726804,      0.0,287380.64755726804,   1.0
   0.0350703206872472, -0.09616093131681601, 5.387421290185525, 52.69257818076072, 43.43299282138389,0.19247071554927203, 276.5356570942984,  61.80030462448559,287380.64751136606,      0.0,287380.64751136606,   1.0
   0.0350693206872472, -0.09615993131681601, 5.387421290185525, 52.69257818076072, 43.43299282138389,0.19247071554927203, 276.5356570942984,  61.80030462448559, 287380.6475325994,      0.0, 287380.6475325994,   1.0
   0.0350693206872472, -0.09616093131681601, 5.387422290185525, 52.69257818076072, 43.43299282138389,0.19247071554927203, 276.5356570942984,  61.80030462448559,  287380.647560237,      0.0,  287380.647560237,   1.0
   0.0350693206872472, -0.09616093131681601, 5.387421290185525, 52.69257918076072, 43.43299282138389,0.19247071554927203, 276.5356570942984,  61.80030462448559, 287380.6475535404,      0.0, 287380.6475535404,   1.0
   0.0350693206872472, -0.09616093131681601, 5.387421290185525, 52.69257818076072, 43.43299382138389,0.19247071554927203, 276.5356570942984,  61.80030462448559,287380.64754910563,      0.0,287380.64754910563,   1.0
   0.0350693206872472, -0.09616093131681601, 5.387421290185525, 52.69257818076072, 43.43299282138389,0.19247171554927203, 276.5356570942984,  61.80030462448559,287380.64758144657,      0.0,287380.64758144657,   1.0
   0.0350693206872472, -0.09616093131681601, 5.387421290185525, 52.69257818076072, 43.43299282138389,0.19247071554927203, 276.5356580942984,  61.80030462448559, 287380.6475563741,      0.0, 287380.6475563741,   1.0
   0.0350693206872472, -0.09616093131681601, 5.387421290185525, 52.69257818076072, 43.43299282138389,0.19247071554927203, 276.5356570942984,  61.80030562448559,287380.64752206067,      0.0,287380.64752206067,   1.0
 0.033931756196625994, -0.09551581204441573, 5.333376093759355,  52.6653586345755,43.398118273877095,0.19249734234939747, 276.5201843825662,  61.80586861769135, 287380.7021778426,      0.0, 287380.7021778426,   1.0
 0.033932756196625995, -0.09551581204441573, 5.333376093759355,  52.6653586345755,43.398118273877095,0.19249734234939747, 276.5201843825662,  61.80586861769135,287380.70219356194,      0.0,287380.70219356194,   1.0
 0.033931756196625994, -0.09551481204441573, 5.333376093759355,  52.6653586345755,43.398118273877095,0.19249734234939747, 276.5201843825662,  61.80586861769135,287380.70218074875,      0.0,287380.70218074875,   1.0
 0.033931756196625994, -0.09551581204441573, 5.333377093759355,  52.6653586345755,43.398118273877095,0.19249734234939747, 276.5201843825662,  61.80586861769135, 287380.7021806813,      0.0, 287380.7021806813,   1.0
 0.033931756196625994, -0.09551581204441573, 5.333376093759355,52.665359634575495,43.398118273877095,0.19249734234939747, 276.5201843825662,  61.80586861769135, 287380.7021741785,      0.0, 287380.7021741785,   1.0
 0.033931756196625994, -0.09551581204441573, 5.333376093759355,  52.6653586345755, 43.39811927387709,0.19249734234939747, 276.5201843825662,  61.80586861769135, 287380.7021698003,      0.0, 287380.7021698003,   1.0
 0.033931756196625994, -0.09551581204441573, 5.333376093759355,  52.6653586345755,43.398118273877095,0.19249834234939747, 276.5201843825662,  61.80586861769135,287380.70219094376,      0.0,287380.70219094376,   1.0
 0.033931756196625994, -0.09551581204441573, 5.333376093759355,  52.6653586345755,43.398118273877095,0.19249734234939747, 276.5201853825662,  61.80586861769135,287380.70217696996,      0.0,287380.70217696996,   1.0
 0.033931756196625994, -0.09551581204441573, 5.333376093759355,  52.6653586345755,43.398118273877095,0.19249734234939747, 276.5201843825662,  61.80586961769135, 287380.7021426456,      0.0, 287380.7021426456,   1.0
  0.03331084636692687,  -0.0951148025106299, 5.331985105523123,52.664453305391724, 43.39681770640442,0.19263641586264502,276.51971902634943, 61.804614869987624, 287380.7410748639,      0.0, 287380.7410748639,   1.0
  0.03331184636692687,  -0.0951148025106299, 5.331985105523123,52.664453305391724, 43.39681770640442,0.19263641586264502,276.51971902634943, 61.804614869987624, 287380.7411291176,      0.0, 287380.7411291176,   1.0
  0.03331084636692687,  -0.0951138025106299, 5.331985105523123,52.664453305391724, 43.39681770640442,0.19263641586264502,276.51971902634943, 61.804614869987624, 287380.7410975856,      0.0, 287380.7410975856,   1.0
  0.03331084636692687,  -0.0951148025106299, 5.331986105523123,52.664453305391724, 43.39681770640442,0.19263641586264502,276.51971902634943, 61.804614869987624, 287380.7410776072,      0.0, 287380.7410776072,   1.0
  0.03331084636692687,  -0.0951148025106299, 5.331985105523123, 52.66445430539172, 43.39681770640442,0.19263641586264502,276.51971902634943, 61.804614869987624, 287380.7410712477,      0.0, 287380.7410712477,   1.0
  0.03331084636692687,  -0.0951148025106299, 5.331985105523123,52.664453305391724, 43.39681870640442,0.19263641586264502,276.51971902634943, 61.804614869987624, 287380.7410668518,      0.0, 287380.7410668518,   1.0
  0.03331084636692687,  -0.0951148025106299, 5.331985105523123,52.664453305391724, 43.39681770640442,0.19263741586264502,276.51971902634943, 61.804614869987624,287380.74107780406,      0.0,287380.74107780406,   1.0
  0.03331084636692687,  -0.0951148025106299, 5.331985105523123,52.664453305391724, 43.39681770640442,0.19263641586264502,276.51972002634943, 61.804614869987624, 287380.7410740083,      0.0, 287380.7410740083,   1.0
  0.03331084636692687,  -0.0951148025106299, 5.331985105523123,52.664453305391724, 43.39681770640442,0.19263641586264502,276.51971902634943,  61.80461586998762, 287380.7410396803,      0.0, 287380.7410396803,   1.0
  0.03225732896569693, -0.09440274865398263, 5.341345729895229, 52.66848599666782,43.401514839678306,0.19294582054128873, 276.5221753683334,  61.79898862634299, 287380.8438329507,      0.0, 287380.8438329507,   1.0
  0.03225832896569693, -0.09440274865398263, 5.341345729895229, 52.66848599666782,43.401514839678306,0.19294582054128873, 276.5221753683334,  61.79898862634299, 287380.8439527487,      0.0, 287380.8439527487,   1.0
  0.03225732896569693, -0.09440174865398263, 5.341345729895229, 52.66848599666782,43.401514839678306,0.19294582054128873, 276.5221753683334,  61.79898862634299, 287380.8438889601,      0.0, 287380.8438889601,   1.0
  0.03225732896569693, -0.09440274865398263, 5.341346729895229, 52.66848599666782,43.401514839678306,0.19294582054128873, 276.5221753683334,  61.79898862634299,287380.84383552865,      0.0,287380.84383552865,   1.0
  0.03225732896569693, -0.09440274865398263, 5.341345729895229,52.668486996667816,43.401514839678306,0.19294582054128873, 276.5221753683334,  61.79898862634299, 287380.8438294307,      0.0, 287380.8438294307,   1.0
  0.03225732896569693, -0.09440274865398263, 5.341345729895229, 52.66848599666782,43.401515839678304,0.19294582054128873, 276.5221753683334,  61.79898862634299, 287380.8438249748,      0.0, 287380.8438249748,   1.0
  0.03225732896569693, -0.09440274865398263, 5.341345729895229, 52.66848599666782,43.401514839678306,0.19294682054128873, 276.5221753683334,  61.79898862634299, 287380.8438147125,      0.0, 287380.8438147125,   1.0
  0.03225732896569693, -0.09440274865398263, 5.341345729895229, 52.66848599666782,43.401514839678306,0.19294582054128873, 276.5221763683334,  61.79898862634299, 287380.8438321299,      0.0, 287380.8438321299,   1.0
  0.03225732896569693, -0.09440274865398263, 5.341345729895229, 52.66848599666782,43.401514839678306,0.19294582054128873, 276.5221753683334,  61.79898962634299, 287380.8437977966,      0.0, 287380.8437977966,   1.0
 0.030757657814766033, -0.09339085980352106, 5.357738599591769, 52.67503930700465, 43.40873428506053, 0.1933986708765435,276.52631011702607,  61.78563192842335, 287381.0852882749,      0.0, 287381.0852882749,   1.0
 0.030758657814766034, -0.09339085980352106, 5.357738599591769, 52.67503930700465, 43.40873428506053, 0.1933986708765435,276.52631011702607,  61.78563192842335, 287381.0855029681,      0.0, 287381.0855029681,   1.0
 0.030757657814766033, -0.09338985980352106, 5.357738599591769, 52.67503930700465, 43.40873428506053, 0.1933986708765435,276.52631011702607,  61.78563192842335,287381.08539311186,      0.0,287381.08539311186,   1.0
 0.030757657814766033, -0.09339085980352106, 5.357739599591769, 52.67503930700465, 43.40873428506053, 0.1933986708765435,276.52631011702607,  61.78563192842335,287381.08529061195,      0.0,287381.08529061195,   1.0
 0.030757657814766033, -0.09339085980352106, 5.357738599591769, 52.67504030700465, 43.40873428506053, 0.1933986708765435,276.52631011702607,  61.78563192842335, 287381.0852848946,      0.0, 287381.0852848946,   1.0
 0.030757657814766033, -0.09339085980352106, 5.357738599591769, 52.67503930700465, 43.40873528506053, 0.1933986708765435,276.52631011702607,  61.78563192842335, 287381.0852803434,      0.0, 287381.0852803434,   1.0
 0.030757657814766033, -0.09339085980352106, 5.357738599591769, 52.67503930700465, 43.40873428506053, 0.1933996708765435,276.52631011702607,  61.78563192842335,  287381.085238882,      0.0,  287381.085238882,   1.0
 0.030757657814766033, -0.09339085980352106, 5.357738599591769, 52.67503930700465, 43.40873428506053, 0.1933986708765435,276.52631111702607,  61.78563192842335, 287381.0852875056,      0.0, 287381.0852875056,   1.0
 0.030757657814766033, -0.09339085980352106, 5.357738599591769, 52.67503930700465, 43.40873428506053, 0.1933986708765435,276.52631011702607,  61.78563292842335, 287381.0852531695,      0.0, 287381.0852531695,   1.0
  0.02826353649222113, -0.09173088527428361, 5.376720878438923, 52.67983864705594,43.411589045652754,0.19421602774727875,276.53018328078593,  61.75101653343571, 287381.7424663509,      0.0, 287381.7424663509,   1.0
 0.028264536492221132, -0.09173088527428361, 5.376720878438923, 52.67983864705594,43.411589045652754,0.19421602774727875,276.53018328078593,  61.75101653343571, 287381.7428372781,      0.0, 287381.7428372781,   1.0
  0.02826353649222113,  -0.0917298852742836, 5.376720878438923, 52.67983864705594,43.411589045652754,0.19421602774727875,276.53018328078593,  61.75101653343571,287381.74265014695,      0.0,287381.74265014695,   1.0
  0.02826353649222113, -0.09173088527428361, 5.376721878438923, 52.67983864705594,43.411589045652754,0.19421602774727875,276.53018328078593,  61.75101653343571,287381.74246829713,      0.0,287381.74246829713,   1.0
  0.02826353649222113, -0.09173088527428361, 5.376720878438923,52.679839647055935,43.411589045652754,0.19421602774727875,276.53018328078593,  61.75101653343571,287381.74246324284,      0.0,287381.74246324284,   1.0
  0.02826353649222113, -0.09173088527428361, 5.376720878438923, 52.67983864705594, 43.41159004565275,0.19421602774727875,276.53018328078593,  61.75101653343571, 287381.7424584973,      0.0, 287381.7424584973,   1.0
  0.02826353649222113, -0.09173088527428361, 5.376720878438923, 52.67983864705594,43.411589045652754,0.19421702774727875,276.53018328078593,  61.75101653343571,287381.74235576455,      0.0,287381.74235576455,   1.0
  0.02826353649222113, -0.09173088527428361, 5.376720878438923, 52.67983864705594,43.411589045652754,0.19421602774727875,276.53018428078593,  61.75101653343571, 287381.7424656833,      0.0, 287381.7424656833,   1.0
  0.02826353649222113, -0.09173088527428361, 5.376720878438923, 52.67983864705594,43.411589045652754,0.19421602774727875,276.53018328078593,  61.75101753343571, 287381.7424313472,      0.0, 287381.7424313472,   1.0
 0.024402284044724946,  -0.0892165713625513, 5.395620304789719,52.677009232235925, 43.39941248973105,0.19545381384109947, 276.5315445877109,  61.66430444154619, 287383.4177898725,      0.0, 287383.4177898725,   1.0
 0.024403284044724947,  -0.0892165713625513, 5.395620304789719,52.677009232235925, 43.39941248973105,0.19545381384109947, 276.5315445877109,  61.66430444154619, 287383.4184049983,      0.0, 287383.4184049983,   1.0
 0.024402284044724946,  -0.0892155713625513, 5.395620304789719,52.677009232235925, 43.39941248973105,0.19545381384109947, 276.5315445877109,  61.66430444154619, 287383.4180969563,      0.0, 287383.4180969563,   1.0
 0.024402284044724946,  -0.0892165713625513, 5.395621304789719,52.677009232235925, 43.39941248973105,0.19545381384109947, 276.5315445877109,  61.66430444154619,287383.41779121454,      0.0,287383.41779121454,   1.0
 0.024402284044724946,  -0.0892165713625513, 5.395620304789719, 52.67701023223592, 43.39941248973105,0.19545381384109947, 276.5315445877109,  61.66430444154619, 287383.4177872032,      0.0, 287383.4177872032,   1.0
 0.024402284044724946,  -0.0892165713625513, 5.395620304789719,52.677009232235925,43.399413489731046,0.19545381384109947, 276.5315445877109,  61.66430444154619, 287383.4177821358,      0.0, 287383.4177821358,   1.0
 0.024402284044724946,  -0.0892165713625513, 5.395620304789719,52.677009232235925, 43.39941248973105,0.19545481384109947, 276.5315445877109,  61.66430444154619, 287383.4175798477,      0.0, 287383.4175798477,   1.0
 0.024402284044724946,  -0.0892165713625513, 5.395620304789719,52.677009232235925, 43.39941248973105,0.19545381384109947, 276.5315455877109,  61.66430444154619, 287383.4177893732,      0.0, 287383.4177893732,   1.0
 0.024402284044724946,  -0.0892165713625513, 5.395620304789719,52.677009232235925, 43.39941248973105,0.19545381384109947, 276.5315445877109,  61.66430544154619, 287383.4177550681,      0.0, 287383.4177550681,   1.0
 0.018174562549965908, -0.08519891550314895,5.4098362811836775, 52.65120008769427, 43.34350043572021,0.19729329787181898, 276.5248024138184,   61.4364267915821, 287387.8357112818,      0.0, 287387.8357112818,   1.0
  0.01817556254996591, -0.08519891550314895,5.4098362811836775, 52.65120008769427, 43.34350043572021,0.19729329787181898, 276.5248024138184,   61.4364267915821,287387.83671567845,      0.0,287387.83671567845,   1.0
 0.018174562549965908, -0.08519791550314895,5.4098362811836775, 52.65120008769427, 43.34350043572021,0.19729329787181898, 276.5248024138184,   61.4364267915821, 287387.8362067315,      0.0, 287387.8362067315,   1.0
 0.018174562549965908, -0.08519891550314895, 5.409837281183678, 52.65120008769427, 43.34350043572021,0.19729329787181898, 276.5248024138184,   61.4364267915821, 287387.8357116847,      0.0, 287387.8357116847,   1.0
 0.018174562549965908, -0.08519891550314895,5.4098362811836775, 52.65120108769427, 43.34350043572021,0.19729329787181898, 276.5248024138184,   61.4364267915821,287387.83570932783,      0.0,287387.83570932783,   1.0
 0.018174562549965908, -0.08519891550314895,5.4098362811836775, 52.65120008769427,43.343501435720206,0.19729329787181898, 276.5248024138184,   61.4364267915821,287387.83570372063,      0.0,287387.83570372063,   1.0
 0.018174562549965908, -0.08519891550314895,5.4098362811836775, 52.65120008769427, 43.34350043572021,0.19729429787181899, 276.5248024138184,   61.4364267915821, 287387.8353367643,      0.0, 287387.8353367643,   1.0
 0.018174562549965908, -0.08519891550314895,5.4098362811836775, 52.65120008769427, 43.34350043572021,0.19729329787181898, 276.5248034138184,   61.4364267915821, 287387.8357110682,      0.0, 287387.8357110682,   1.0
 0.018174562549965908, -0.08519891550314895,5.4098362811836775, 52.65120008769427, 43.34350043572021,0.19729329787181898, 276.5248024138184,   61.4364277915821, 287387.8356769043,      0.0, 287387.8356769043,   1.0
 0.008575397317266921, -0.07933799000800143, 5.382078180181252, 52.55149347656246, 43.15633270401949,0.19966115145099608, 276.4887416566156,  60.85041776621264, 287399.2297329783,      0.0, 287399.2297329783,   1.0
  0.00857639731726692, -0.07933799000800143, 5.382078180181252, 52.55149347656246, 43.15633270401949,0.19966115145099608, 276.4887416566156,  60.85041776621264,287399.23135361774,      0.0,287399.23135361774,   1.0
 0.008575397317266921, -0.07933699000800143, 5.382078180181252, 52.55149347656246, 43.15633270401949,0.19966115145099608, 276.4887416566156,  60.85041776621264,287399.23052667023,      0.0,287399.23052667023,   1.0
 0.008575397317266921, -0.07933799000800143, 5.382079180181252, 52.55149347656246, 43.15633270401949,0.19966115145099608, 276.4887416566156,  60.85041776621264,  287399.229731943,      0.0,  287399.229731943,   1.0
 0.008575397317266921, -0.07933799000800143, 5.382078180181252, 52.55149447656246, 43.15633270401949,0.19966115145099608, 276.4887416566156,  60.85041776621264,287399.22973215143,      0.0,287399.22973215143,   1.0
 0.008575397317266921, -0.07933799000800143, 5.382078180181252, 52.55149347656246, 43.15633370401949,0.19966115145099608, 276.4887416566156,  60.85041776621264,287399.22972568386,      0.0,287399.22972568386,   1.0
 0.008575397317266921, -0.07933799000800143, 5.382078180181252, 52.55149347656246, 43.15633270401949,0.19966215145099608, 276.4887416566156,  60.85041776621264, 287399.2290964559,      0.0, 287399.2290964559,   1.0
 0.008575397317266921, -0.07933799000800143, 5.382078180181252, 52.55149347656246, 43.15633270401949,0.19966115145099608, 276.4887426566156,  60.85041776621264,287399.22973323805,      0.0,287399.22973323805,   1.0
 0.008575397317266921, -0.07933799000800143, 5.382078180181252, 52.55149347656246, 43.15633270401949,0.19966115145099608, 276.4887416566156, 60.850418766212634,287399.22969954903,      0.0,287399.22969954903,   1.0
-0.005657826602286323, -0.07128574559300829,5.2137793135275965,52.247865652312996, 42.61557906876296,0.20181566675634297, 276.3687831549548, 59.364121756057116, 287427.9968361358,      0.0, 287427.9968361358,   1.0
-0.005656826602286323, -0.07128574559300829,5.2137793135275965,52.247865652312996, 42.61557906876296,0.20181566675634297, 276.3687831549548, 59.364121756057116,287427.99937658285,      0.0,287427.99937658285,   1.0
-0.005657826602286323, -0.07128474559300829,5.2137793135275965,52.247865652312996, 42.61557906876296,0.20181566675634297, 276.3687831549548, 59.364121756057116, 287427.9980490133,      0.0, 287427.9980490133,   1.0
-0.005657826602286323, -0.07128574559300829, 5.213780313527597,52.247865652312996, 42.61557906876296,0.20181566675634297, 276.3687831549548, 59.364121756057116, 287427.9968331615,      0.0, 287427.9968331615,   1.0
-0.005657826602286323, -0.07128574559300829,5.2137793135275965, 52.24786665231299, 42.61557906876296,0.20181566675634297, 276.3687831549548, 59.364121756057116, 287427.9968371144,      0.0, 287427.9968371144,   1.0
-0.005657826602286323, -0.07128574559300829,5.2137793135275965,52.247865652312996, 42.61558006876296,0.20181566675634297, 276.3687831549548, 59.364121756057116, 287427.9968294082,      0.0, 287427.9968294082,   1.0
-0.005657826602286323, -0.07128574559300829,5.2137793135275965,52.247865652312996, 42.61557906876296,0.20181666675634297, 276.3687831549548, 59.364121756057116, 287427.9957803123,      0.0, 287427.9957803123,   1.0
-0.005657826602286323, -0.07128574559300829,5.2137793135275965,52.247865652312996, 42.61557906876296,0.20181566675634297, 276.3687841549548, 59.364121756057116, 287427.9968371905,      0.0, 287427.9968371905,   1.0
-0.005657826602286323, -0.07128574559300829,5.2137793135275965,52.247865652312996, 42.61557906876296,0.20181566675634297, 276.3687831549548, 59.364122756057114, 287427.9968049354,      0.0, 287427.9968049354,   1.0
-0.021126088593562634, -0.06588907762969974,5.0911200093666595, 51.66828764861989, 41.51399341707112,0.20171632542953372, 276.1638571105618,  55.81923161106699,  287493.739774998,      0.0,  287493.739774998,   1.0
-0.021125088593562633, -0.06588907762969974,5.0911200093666595, 51.66828764861989, 41.51399341707112,0.20171632542953372, 276.1638571105618,  55.81923161106699, 287493.7438966594,      0.0, 287493.7438966594,   1.0
-0.021126088593562634, -0.06588807762969974,5.0911200093666595, 51.66828764861989, 41.51399341707112,0.20171632542953372, 276.1638571105618,  55.81923161106699,287493.74203326524,      0.0,287493.74203326524,   1.0
-0.021126088593562634, -0.06588907762969974,  5.09112100936666, 51.66828764861989, 41.51399341707112,0.20171632542953372, 276.1638571105618,  55.81923161106699,287493.73976849334,      0.0,287493.73976849334,   1.0
-0.021126088593562634, -0.06588907762969974,5.0911200093666595,51.668288648619885, 41.51399341707112,0.20171632542953372, 276.1638571105618,  55.81923161106699,287493.73977845756,      0.0,287493.73977845756,   1.0
-0.021126088593562634, -0.06588907762969974,5.0911200093666595, 51.66828764861989, 41.51399441707112,0.20171632542953372, 276.1638571105618,  55.81923161106699, 287493.7397688877,      0.0, 287493.7397688877,   1.0
-0.021126088593562634, -0.06588907762969974,5.0911200093666595, 51.66828764861989, 41.51399341707112,0.20171732542953372, 276.1638571105618,  55.81923161106699, 287493.7381673574,      0.0, 287493.7381673574,   1.0
-0.021126088593562634, -0.06588907762969974,5.0911200093666595, 51.66828764861989, 41.51399341707112,0.20171632542953372, 276.1638581105618,  55.81923161106699,287493.73977712484,      0.0,287493.73977712484,   1.0
-0.021126088593562634, -0.06588907762969974,5.0911200093666595, 51.66828764861989, 41.51399341707112,0.20171632542953372, 276.1638571105618,  55.81923261106699, 287493.7397491304,      0.0, 287493.7397491304,   1.0
 -0.03604202419771266,-0.054002842363733726, 4.204704199367255,50.234411318694704, 38.99217420848708, 0.1943233092949581, 275.5862625969629,    49.126018155179,287600.81244646665,      0.0,287600.81244646665,   1.0
 -0.03604102419771266,-0.054002842363733726, 4.204704199367255,50.234411318694704, 38.99217420848708, 0.1943233092949581, 275.5862625969629,    49.126018155179, 287600.8166904007,      0.0, 287600.8166904007,   1.0
 -0.03604202419771266,-0.054001842363733725, 4.204704199367255,50.234411318694704, 38.99217420848708, 0.1943233092949581, 275.5862625969629,    49.126018155179,287600.81332541007,      0.0,287600.81332541007,   1.0
 -0.03604202419771266,-0.054002842363733726, 4.204705199367255,50.234411318694704, 38.99217420848708, 0.1943233092949581, 275.5862625969629,    49.126018155179, 287600.8124446413,      0.0, 287600.8124446413,   1.0
 -0.03604202419771266,-0.054002842363733726, 4.204704199367255,  50.2344123186947, 38.99217420848708, 0.1943233092949581, 275.5862625969629,    49.126018155179, 287600.8124563319,      0.0, 287600.8124563319,   1.0
 -0.03604202419771266,-0.054002842363733726, 4.204704199367255,50.234411318694704,38.992175208487076, 0.1943233092949581, 275.5862625969629,    49.126018155179, 287600.8124488171,      0.0, 287600.8124488171,   1.0
 -0.03604202419771266,-0.054002842363733726, 4.204704199367255,50.234411318694704, 38.99217420848708,0.19432430929495811, 275.5862625969629,    49.126018155179,287600.80950867245,      0.0,287600.80950867245,   1.0
 -0.03604202419771266,-0.054002842363733726, 4.204704199367255,50.234411318694704, 38.99217420848708, 0.1943233092949581, 275.5862635969629,    49.126018155179, 287600.8124510471,      0.0, 287600.8124510471,   1.0
 -0.03604202419771266,-0.054002842363733726, 4.204704199367255,50.234411318694704, 38.99217420848708, 0.1943233092949581, 275.5862625969629, 49.126019155178994, 287600.8124331569,      0.0, 287600.8124331569,   1.0
 0.017382628655167303,  -0.2128167124655151,1.1830943910276654, 45.55193545871426,  30.8010194349136,0.10073040492167867, 273.6846469480779,  27.71887974879327, 283648.4858016452,      0.0, 283648.4858016452,   1.0
 0.017383628655167304,  -0.2128167124655151,1.1830943910276654, 45.55193545871426,  30.8010194349136,0.10073040492167867, 273.6846469480779,  27.71887974879327,283648.51582042116,      0.0,283648.51582042116,   1.0
 0.017382628655167303,  -0.2128157124655151,1.1830943910276654, 45.55193545871426,  30.8010194349136,0.10073040492167867, 273.6846469480779,  27.71887974879327, 283648.5325341554,      0.0, 283648.5325341554,   1.0
 0.017382628655167303,  -0.2128167124655151,1.1830953910276654, 45.55193545871426,  30.8010194349136,0.10073040492167867, 273.6846469480779,  27.71887974879327, 283648.4856940212,      0.0, 283648.4856940212,   1.0
 0.017382628655167303,  -0.2128167124655151,1.1830943910276654, 45.55193645871426,  30.8010194349136,0.10073040492167867, 273.6846469480779,  27.71887974879327,283648.48572805425,      0.0,283648.48572805425,   1.0
 0.017382628655167303,  -0.2128167124655151,1.1830943910276654, 45.55193545871426,  30.8010204349136,0.10073040492167867, 273.6846469480779,  27.71887974879327,283648.48587799055,      0.0,283648.48587799055,   1.0
 0.017382628655167303,  -0.2128167124655151,1.1830943910276654, 45.55193545871426,  30.8010194349136,0.10073140492167867, 273.6846469480779,  27.71887974879327, 283648.5044764128,      0.0, 283648.5044764128,   1.0
 0.017382628655167303,  -0.2128167124655151,1.1830943910276654, 45.55193545871426,  30.8010194349136,0.10073040492167867, 273.6846479480779,  27.71887974879327,283648.48577867146,      0.0,283648.48577867146,   1.0
 0.017382628655167303,  -0.2128167124655151,1.1830943910276654, 45.55193545871426,  30.8010194349136,0.10073040492167867, 273.6846469480779,  27.71888074879327,283648.48593275103,      0.0,283648.48593275103,   1.0
 -0.03175398880861378, -0.06674975711021823,3.9621800256325446, 49.85858066516683,38.334725639876005,0.18681124015290218, 275.4336327760198,    47.407812005694, 287632.3373321262,      0.0, 287632.3373321262,   1.0
-0.031752988808613776, -0.06674975711021823,3.9621800256325446, 49.85858066516683,38.334725639876005,0.18681124015290218, 275.4336327760198,    47.407812005694, 287632.3431322421,      0.0, 287632.3431322421,   1.0
 -0.03175398880861378, -0.06674875711021823,3.9621800256325446, 49.85858066516683,38.334725639876005,0.18681124015290218, 275.4336327760198,    47.407812005694,287632.34067310847,      0.0,287632.34067310847,   1.0
 -0.03175398880861378, -0.06674975711021823,3.9621810256325447, 49.85858066516683,38.334725639876005,0.18681124015290218, 275.4336327760198,    47.407812005694,287632.33732474485,      0.0,287632.33732474485,   1.0
 -0.03175398880861378, -0.06674975711021823,3.9621800256325446, 49.85858166516683,38.334725639876005,0.18681124015290218, 275.4336327760198,    47.407812005694, 287632.3373398427,      0.0, 287632.3373398427,   1.0
 -0.03175398880861378, -0.06674975711021823,3.9621800256325446, 49.85858066516683,   38.334726639876,0.18681124015290218, 275.4336327760198,    47.407812005694, 287632.3373334695,      0.0, 287632.3373334695,   1.0
 -0.03175398880861378, -0.06674975711021823,3.9621800256325446, 49.85858066516683,38.334725639876005,0.18681224015290218, 275.4336327760198,    47.407812005694,287632.33498357865,      0.0,287632.33498357865,   1.0
 -0.03175398880861378, -0.06674975711021823,3.9621800256325446, 49.85858066516683,38.334725639876005,0.18681124015290218, 275.4336337760198,    47.407812005694,287632.33733567526,      0.0,287632.33733567526,   1.0
 -0.03175398880861378, -0.06674975711021823,3.9621800256325446, 49.85858066516683,38.334725639876005,0.18681124015290218, 275.4336327760198, 47.407813005693995, 287632.3373216268,      0.0, 287632.3373216268,   1.0
 -0.00976485333725899, -0.08132572373534872,3.0684151058189237,48.782796009485466,36.522513553287304, 0.1672625808891829,274.97257722758536, 43.200646115217054,287756.21789975837,      0.0,287756.21789975837,   1.0
-0.009763853337258991, -0.08132572373534872,3.0684151058189237,48.782796009485466,36.522513553287304, 0.1672625808891829,274.97257722758536, 43.200646115217054, 287756.2226492379,      0.0, 287756.2226492379,   1.0
 -0.00976485333725899, -0.08132472373534871,3.0684151058189237,48.782796009485466,36.522513553287304, 0.1672625808891829,274.97257722758536, 43.200646115217054, 287756.2209269289,      0.0, 287756.2209269289,   1.0
 -0.00976485333725899, -0.08132572373534872, 3.068416105818924,48.782796009485466,36.522513553287304, 0.1672625808891829,274.97257722758536, 43.200646115217054, 287756.2178969739,      0.0, 287756.2178969739,   1.0
 -0.00976485333725899, -0.08132572373534872,3.0684151058189237, 48.78279700948546,36.522513553287304, 0.1672625808891829,274.97257722758536, 43.200646115217054,287756.21790287737,      0.0,287756.21790287737,   1.0
 -0.00976485333725899, -0.08132572373534872,3.0684151058189237,48.782796009485466,  36.5225145532873, 0.1672625808891829,274.97257722758536, 43.200646115217054, 287756.2179101615,      0.0, 287756.2179101615,   1.0
 -0.00976485333725899, -0.08132572373534872,3.0684151058189237,48.782796009485466,36.522513553287304, 0.1672635808891829,274.97257722758536, 43.200646115217054, 287756.2167157478,      0.0, 287756.2167157478,   1.0
 -0.00976485333725899, -0.08132572373534872,3.0684151058189237,48.782796009485466,36.522513553287304, 0.1672625808891829,274.97257822758536, 43.200646115217054, 287756.2179012596,      0.0, 287756.2179012596,   1.0
 -0.00976485333725899, -0.08132572373534872,3.0684151058189237,48.782796009485466,36.522513553287304, 0.1672625808891829,274.97257722758536,  43.20064711521705,287756.21789572923,      0.0,287756.21789572923,   1.0
  0.05336431135019249, -0.11644520436146238, 2.486350622224658,48.227381303583726,35.629863547981586,0.16233632823865954, 274.7198870563165,  41.45963254178833,287842.55613780057,      0.0,287842.55613780057,   1.0
  0.05336531135019249, -0.11644520436146238, 2.486350622224658,48.227381303583726,35.629863547981586,0.16233632823865954, 274.7198870563165,  41.45963254178833, 287842.5561544115,      0.0, 287842.5561544115,   1.0
  0.05336431135019249, -0.11644420436146238, 2.486350622224658,48.227381303583726,35.629863547981586,0.16233632823865954, 274.7198870563165,  41.45963254178833, 287842.5567737861,      0.0, 287842.5567737861,   1.0
  0.05336431135019249, -0.11644520436146238, 2.486351622224658,48.227381303583726,35.629863547981586,0.16233632823865954, 274.7198870563165,  41.45963254178833,287842.55614449433,      0.0,287842.55614449433,   1.0
  0.05336431135019249, -0.11644520436146238, 2.486350622224658,48.227382303583724,35.629863547981586,0.16233632823865954, 274.7198870563165,  41.45963254178833, 287842.5561439294,      0.0, 287842.5561439294,   1.0
  0.05336431135019249, -0.11644520436146238, 2.486350622224658,48.227381303583726, 35.62986454798158,0.16233632823865954, 274.7198870563165,  41.45963254178833,287842.55615157686,      0.0,287842.55615157686,   1.0
  0.05336431135019249, -0.11644520436146238, 2.486350622224658,48.227381303583726,35.629863547981586,0.16233732823865954, 274.7198870563165,  41.45963254178833, 287842.5545130892,      0.0, 287842.5545130892,   1.0
  0.05336431135019249, -0.11644520436146238, 2.486350622224658,48.227381303583726,35.629863547981586,0.16233632823865954, 274.7198880563165,  41.45963254178833, 287842.5561396245,      0.0, 287842.5561396245,   1.0
  0.05336431135019249, -0.11644520436146238, 2.486350622224658,48.227381303583726,35.629863547981586,0.16233632823865954, 274.7198870563165,  41.45963354178833,287842.55613583844,      0.0,287842.55613583844,   1.0
  0.04429321094086566, -0.10690920346845238, 2.716330255425609,48.469850505064365, 36.02829761268296,0.15380898502676826,274.82725688928144, 42.305953216670396, 287852.5230406054,      0.0, 287852.5230406054,   1.0
 0.044294210940865664, -0.10690920346845238, 2.716330255425609,48.469850505064365, 36.02829761268296,0.15380898502676826,274.82725688928144, 42.305953216670396,287852.52299035457,      0.0,287852.52299035457,   1.0
  0.04429321094086566, -0.10690820346845238, 2.716330255425609,48.469850505064365, 36.02829761268296,0.15380898502676826,274.82725688928144, 42.305953216670396, 287852.5226568543,      0.0, 287852.5226568543,   1.0
  0.04429321094086566, -0.10690920346845238, 2.716331255425609,48.469850505064365, 36.02829761268296,0.15380898502676826,274.82725688928144, 42.305953216670396,287852.52304882545,      0.0,287852.52304882545,   1.0
  0.04429321094086566, -0.10690920346845238, 2.716330255425609, 48.46985150506436, 36.02829761268296,0.15380898502676826,274.82725688928144, 42.305953216670396, 287852.5230361924,      0.0, 287852.5230361924,   1.0
  0.04429321094086566, -0.10690920346845238, 2.716330255425609,48.469850505064365, 36.02829861268296,0.15380898502676826,274.82725688928144, 42.305953216670396, 287852.5230526636,      0.0, 287852.5230526636,   1.0
  0.04429321094086566, -0.10690920346845238, 2.716330255425609,48.469850505064365, 36.02829761268296,0.15380998502676826,274.82725688928144, 42.305953216670396,287852.52348128235,      0.0,287852.52348128235,   1.0
  0.04429321094086566, -0.10690920346845238, 2.716330255425609,48.469850505064365, 36.02829761268296,0.15380898502676826,274.82725788928144, 42.305953216670396,287852.52303934837,      0.0,287852.52303934837,   1.0
  0.04429321094086566, -0.10690920346845238, 2.716330255425609,48.469850505064365, 36.02829761268296,0.15380898502676826,274.82725688928144,  42.30595421667039, 287852.5230345786,      0.0, 287852.5230345786,   1.0
  0.04582462585750551, -0.10900375411142917,2.7932897996431563, 48.49527825416276, 36.05177660851325,0.15593002236902878, 274.8449120330957,  42.20673921421098,287854.80740954925,      0.0,287854.80740954925,   1.0
  0.04582562585750551, -0.10900375411142917,2.7932897996431563, 48.49527825416276, 36.05177660851325,0.15593002236902878, 274.8449120330957,  42.20673921421098, 287854.8075410843,      0.0, 287854.8075410843,   1.0
  0.04582462585750551, -0.10900275411142916,2.7932897996431563, 48.49527825416276, 36.05177660851325,0.15593002236902878, 274.8449120330957,  42.20673921421098, 287854.8074581954,      0.0, 287854.8074581954,   1.0
  0.04582462585750551, -0.10900375411142917,2.7932907996431564, 48.49527825416276, 36.05177660851325,0.15593002236902878, 274.8449120330957,  42.20673921421098, 287854.8074167914,      0.0, 287854.8074167914,   1.0
  0.04582462585750551, -0.10900375411142917,2.7932897996431563, 48.49527925416276, 36.05177660851325,0.15593002236902878, 274.8449120330957,  42.20673921421098,287854.80740699335,      0.0,287854.80740699335,   1.0
  0.04582462585750551, -0.10900375411142917,2.7932897996431563, 48.49527825416276, 36.05177760851325,0.15593002236902878, 274.8449120330957,  42.20673921421098,287854.80742165516,      0.0,287854.80742165516,   1.0
  0.04582462585750551, -0.10900375411142917,2.7932897996431563, 48.49527825416276, 36.05177660851325,0.15593102236902878, 274.8449120330957,  42.20673921421098,287854.80746253254,      0.0,287854.80746253254,   1.0
  0.04582462585750551, -0.10900375411142917,2.7932897996431563, 48.49527825416276, 36.05177660851325,0.15593002236902878, 274.8449130330957,  42.20673921421098,287854.80740884057,      0.0,287854.80740884057,   1.0
  0.04582462585750551, -0.10900375411142917,2.7932897996431563, 48.49527825416276, 36.05177660851325,0.15593002236902878, 274.8449120330957, 42.206740214210974, 287854.8074039701,      0.0, 287854.8074039701,   1.0
   0.0476031197965763, -0.11056356069787149,3.0494946761991573, 48.58420705280206,36.138312822680696,0.15849734684779695, 274.9050920527851,  41.90564584366694, 287858.5604239323,      0.0, 287858.5604239323,   1.0
   0.0476041197965763, -0.11056356069787149,3.0494946761991573, 48.58420705280206,36.138312822680696,0.15849734684779695, 274.9050920527851,  41.90564584366694,287858.56065223535,      0.0,287858.56065223535,   1.0
   0.0476031197965763, -0.11056256069787149,3.0494946761991573, 48.58420705280206,36.138312822680696,0.15849734684779695, 274.9050920527851,  41.90564584366694, 287858.5608017995,      0.0, 287858.5608017995,   1.0
   0.0476031197965763, -0.11056356069787149,3.0494956761991574, 48.58420705280206,36.138312822680696,0.15849734684779695, 274.9050920527851,  41.90564584366694, 287858.5604303884,      0.0, 287858.5604303884,   1.0
   0.0476031197965763, -0.11056356069787149,3.0494946761991573,48.584208052802055,36.138312822680696,0.15849734684779695, 274.9050920527851,  41.90564584366694, 287858.5604233205,      0.0, 287858.5604233205,   1.0
   0.0476031197965763, -0.11056356069787149,3.0494946761991573, 48.58420705280206, 36.13831382268069,0.15849734684779695, 274.9050920527851,  41.90564584366694,287858.56043599953,      0.0,287858.56043599953,   1.0
   0.0476031197965763, -0.11056356069787149,3.0494946761991573, 48.58420705280206,36.138312822680696,0.15849834684779696, 274.9050920527851,  41.90564584366694,287858.56005691824,      0.0,287858.56005691824,   1.0
   0.0476031197965763, -0.11056356069787149,3.0494946761991573, 48.58420705280206,36.138312822680696,0.15849734684779695, 274.9050930527851,  41.90564584366694, 287858.5604237971,      0.0, 287858.5604237971,   1.0
   0.0476031197965763, -0.11056356069787149,3.0494946761991573, 48.58420705280206,36.138312822680696,0.15849734684779695, 274.9050920527851, 41.905646843666936, 287858.5604193293,      0.0, 287858.5604193293,   1.0
  0.05017213680373159, -0.11176715616847782, 3.995708508452814,48.984114079299445, 36.59889709230454,0.16397083796342904, 275.1507933406697,  41.28442356274941,287868.17885810876,      0.0,287868.17885810876,   1.0
  0.05017313680373159, -0.11176715616847782, 3.995708508452814,48.984114079299445, 36.59889709230454,0.16397083796342904, 275.1507933406697,  41.28442356274941, 287868.1792680876,      0.0, 287868.1792680876,   1.0
  0.05017213680373159, -0.11176615616847782, 3.995708508452814,48.984114079299445, 36.59889709230454,0.16397083796342904, 275.1507933406697,  41.28442356274941, 287868.1797983844,      0.0, 287868.1797983844,   1.0
  0.05017213680373159, -0.11176715616847782,3.9957095084528143,48.984114079299445, 36.59889709230454,0.16397083796342904, 275.1507933406697,  41.28442356274941, 287868.1788628715,      0.0, 287868.1788628715,   1.0
  0.05017213680373159, -0.11176715616847782, 3.995708508452814, 48.98411507929944, 36.59889709230454,0.16397083796342904, 275.1507933406697,  41.28442356274941, 287868.1788600617,      0.0, 287868.1788600617,   1.0
  0.05017213680373159, -0.11176715616847782, 3.995708508452814,48.984114079299445, 36.59889809230454,0.16397083796342904, 275.1507933406697,  41.28442356274941,  287868.178869285,      0.0,  287868.178869285,   1.0
  0.05017213680373159, -0.11176715616847782, 3.995708508452814,48.984114079299445, 36.59889709230454,0.16397183796342904, 275.1507933406697,  41.28442356274941,287868.17786646204,      0.0,287868.17786646204,   1.0
  0.05017213680373159, -0.11176715616847782, 3.995708508452814,48.984114079299445, 36.59889709230454,0.16397083796342904, 275.1507943406697,  41.28442356274941,287868.17885875585,      0.0,287868.17885875585,   1.0
  0.05017213680373159, -0.11176715616847782, 3.995708508452814,48.984114079299445, 36.59889709230454,0.16397083796342904, 275.1507933406697,  41.28442456274941, 287868.1788552741,      0.0, 287868.1788552741,   1.0
   0.0518958475423999, -0.10953702840621285, 6.023506872242659,  49.8913287488282, 37.68499958681256,0.17201001833043827,275.69380883171686,  40.29781474795043, 287884.2268145368,      0.0, 287884.2268145368,   1.0
   0.0518968475423999, -0.10953702840621285, 6.023506872242659,  49.8913287488282, 37.68499958681256,0.17201001833043827,275.69380883171686,  40.29781474795043, 287884.2273894232,      0.0, 287884.2273894232,   1.0
   0.0518958475423999, -0.10953602840621285, 6.023506872242659,  49.8913287488282, 37.68499958681256,0.17201001833043827,275.69380883171686,  40.29781474795043,287884.22818299924,      0.0,287884.22818299924,   1.0
   0.0518958475423999, -0.10953702840621285, 6.023507872242659,  49.8913287488282, 37.68499958681256,0.17201001833043827,275.69380883171686,  40.29781474795043,287884.22681720933,      0.0,287884.22681720933,   1.0
   0.0518958475423999, -0.10953702840621285, 6.023506872242659,  49.8913297488282, 37.68499958681256,0.17201001833043827,275.69380883171686,  40.29781474795043, 287884.2268180566,      0.0, 287884.2268180566,   1.0
   0.0518958475423999, -0.10953702840621285, 6.023506872242659,  49.8913287488282,37.685000586812556,0.17201001833043827,275.69380883171686,  40.29781474795043, 287884.2268229991,      0.0, 287884.2268229991,   1.0
   0.0518958475423999, -0.10953702840621285, 6.023506872242659,  49.8913287488282, 37.68499958681256,0.17201101833043828,275.69380883171686,  40.29781474795043, 287884.2252686499,      0.0, 287884.2252686499,   1.0
   0.0518958475423999, -0.10953702840621285, 6.023506872242659,  49.8913287488282, 37.68499958681256,0.17201001833043827,275.69380983171686,  40.29781474795043,287884.22681572963,      0.0,287884.22681572963,   1.0
   0.0518958475423999, -0.10953702840621285, 6.023506872242659,  49.8913287488282, 37.68499958681256,0.17201001833043827,275.69380883171686,  40.29781574795043,287884.22681417497,      0.0,287884.22681417497,   1.0
 0.053133605526162045, -0.10344133795439872, 8.691312961066174,51.126315128211026,39.195893674149204,0.17812467633201515, 276.4217986301778,  39.28508400392384,287901.61893467803,      0.0,287901.61893467803,   1.0
 0.053134605526162046, -0.10344133795439872, 8.691312961066174,51.126315128211026,39.195893674149204,0.17812467633201515, 276.4217986301778,  39.28508400392384,287901.61936291546,      0.0,287901.61936291546,   1.0
 0.053133605526162045, -0.10344033795439872, 8.691312961066174,51.126315128211026,39.195893674149204,0.17812467633201515, 276.4217986301778,  39.28508400392384, 287901.6200724647,      0.0, 287901.6200724647,   1.0
 0.053133605526162045, -0.10344133795439872, 8.691313961066173,51.126315128211026,39.195893674149204,0.17812467633201515, 276.4217986301778,  39.28508400392384,287901.61893633753,      0.0,287901.61893633753,   1.0
 0.053133605526162045, -0.10344133795439872, 8.691312961066174, 51.12631612821102,39.195893674149204,0.17812467633201515, 276.4217986301778,  39.28508400392384, 287901.6189364876,      0.0, 287901.6189364876,   1.0
 0.053133605526162045, -0.10344133795439872, 8.691312961066174,51.126315128211026,  39.1958946741492,0.17812467633201515, 276.4217986301778,  39.28508400392384,287901.61893837823,      0.0,287901.61893837823,   1.0
 0.053133605526162045, -0.10344133795439872, 8.691312961066174,51.126315128211026,39.195893674149204,0.17812567633201515, 276.4217986301778,  39.28508400392384,287901.61746358365,      0.0,287901.61746358365,   1.0
 0.053133605526162045, -0.10344133795439872, 8.691312961066174,51.126315128211026,39.195893674149204,0.17812467633201515, 276.4217996301778,  39.28508400392384, 287901.6189354152,      0.0, 287901.6189354152,   1.0
 0.053133605526162045, -0.10344133795439872, 8.691312961066174,51.126315128211026,39.195893674149204,0.17812467633201515, 276.4217986301778,  39.28508500392384, 287901.6189363223,      0.0, 287901.6189363223,   1.0
 0.053832104939855185, -0.09814201863919005,10.210921807369195, 51.83306030474134, 40.06590418771303,0.17683404590110713, 276.8374954641879, 38.740515269526774,  287910.831127261,      0.0,  287910.831127261,   1.0
 0.053833104939855186, -0.09814201863919005,10.210921807369195, 51.83306030474134, 40.06590418771303,0.17683404590110713, 276.8374954641879, 38.740515269526774,287910.83110503945,      0.0,287910.83110503945,   1.0
 0.053832104939855185, -0.09814101863919004,10.210921807369195, 51.83306030474134, 40.06590418771303,0.17683404590110713, 276.8374954641879, 38.740515269526774, 287910.8315297398,      0.0, 287910.8315297398,   1.0
 0.053832104939855185, -0.09814201863919005,10.210922807369194, 51.83306030474134, 40.06590418771303,0.17683404590110713, 276.8374954641879, 38.740515269526774, 287910.8311297933,      0.0, 287910.8311297933,   1.0
 0.053832104939855185, -0.09814201863919005,10.210921807369195,51.833061304741335, 40.06590418771303,0.17683404590110713, 276.8374954641879, 38.740515269526774, 287910.8311246402,      0.0, 287910.8311246402,   1.0
 0.053832104939855185, -0.09814201863919005,10.210921807369195, 51.83306030474134, 40.06590518771303,0.17683404590110713, 276.8374954641879, 38.740515269526774, 287910.8311276635,      0.0, 287910.8311276635,   1.0
 0.053832104939855185, -0.09814201863919005,10.210921807369195, 51.83306030474134, 40.06590418771303,0.17683504590110713, 276.8374954641879, 38.740515269526774,287910.83052537957,      0.0,287910.83052537957,   1.0
 0.053832104939855185, -0.09814201863919005,10.210921807369195, 51.83306030474134, 40.06590418771303,0.17683404590110713, 276.8374964641879, 38.740515269526774, 287910.8311264941,      0.0, 287910.8311264941,   1.0
 0.053832104939855185, -0.09814201863919005,10.210921807369195, 51.83306030474134, 40.06590418771303,0.17683404590110713, 276.8374954641879,  38.74051626952677, 287910.8311294001,      0.0, 287910.8311294001,   1.0
  0.04966000647118491, -0.09400609981524476, 10.39933563786454,  51.9618330809703, 40.25600057286395,0.17502524274869805,276.90251619941716,  38.95923277702519,  287912.677815261,      0.0,  287912.677815261,   1.0
  0.04966100647118491, -0.09400609981524476, 10.39933563786454,  51.9618330809703, 40.25600057286395,0.17502524274869805,276.90251619941716,  38.95923277702519, 287912.6779687301,      0.0, 287912.6779687301,   1.0
  0.04966000647118491, -0.09400509981524476, 10.39933563786454,  51.9618330809703, 40.25600057286395,0.17502524274869805,276.90251619941716,  38.95923277702519, 287912.6780242904,      0.0, 287912.6780242904,   1.0
  0.04966000647118491, -0.09400609981524476, 10.39933663786454,  51.9618330809703, 40.25600057286395,0.17502524274869805,276.90251619941716,  38.95923277702519, 287912.6778177254,      0.0, 287912.6778177254,   1.0
  0.04966000647118491, -0.09400609981524476, 10.39933563786454,  51.9618340809703, 40.25600057286395,0.17502524274869805,276.90251619941716,  38.95923277702519,287912.67781030043,      0.0,287912.67781030043,   1.0
  0.04966000647118491, -0.09400609981524476, 10.39933563786454,  51.9618330809703,40.256001572863944,0.17502524274869805,276.90251619941716,  38.95923277702519,287912.67781500606,      0.0,287912.67781500606,   1.0
  0.04966000647118491, -0.09400609981524476, 10.39933563786454,  51.9618330809703, 40.25600057286395,0.17502624274869805,276.90251619941716,  38.95923277702519, 287912.6777538393,      0.0, 287912.6777538393,   1.0
  0.04966000647118491, -0.09400609981524476, 10.39933563786454,  51.9618330809703, 40.25600057286395,0.17502524274869805,276.90251719941716,  38.95923277702519, 287912.6778136541,      0.0, 287912.6778136541,   1.0
  0.04966000647118491, -0.09400609981524476, 10.39933563786454,  51.9618330809703, 40.25600057286395,0.17502524274869805,276.90251619941716,  38.95923377702519,287912.67781629984,      0.0,287912.67781629984,   1.0
  0.04966010795158301, -0.09293155551117968,10.231387724026215, 51.89528499101994,  40.1833664961461,0.17480084410261204,276.86035218960495, 39.101286450999446, 287912.6207242911,      0.0, 287912.6207242911,   1.0
  0.04966110795158301, -0.09293155551117968,10.231387724026215, 51.89528499101994,  40.1833664961461,0.17480084410261204,276.86035218960495, 39.101286450999446,287912.62046474026,      0.0,287912.62046474026,   1.0
  0.04966010795158301, -0.09293055551117968,10.231387724026215, 51.89528499101994,  40.1833664961461,0.17480084410261204,276.86035218960495, 39.101286450999446, 287912.6204017072,      0.0, 287912.6204017072,   1.0
  0.04966010795158301, -0.09293155551117968,10.231388724026214, 51.89528499101994,  40.1833664961461,0.17480084410261204,276.86035218960495, 39.101286450999446, 287912.6207282456,      0.0, 287912.6207282456,   1.0
  0.04966010795158301, -0.09293155551117968,10.231387724026215, 51.89528599101994,  40.1833664961461,0.17480084410261204,276.86035218960495, 39.101286450999446, 287912.6207194109,      0.0, 287912.6207194109,   1.0
  0.04966010795158301, -0.09293155551117968,10.231387724026215, 51.89528499101994,  40.1833674961461,0.17480084410261204,276.86035218960495, 39.101286450999446,287912.62072416994,      0.0,287912.62072416994,   1.0
  0.04966010795158301, -0.09293155551117968,10.231387724026215, 51.89528499101994,  40.1833664961461,0.17480184410261204,276.86035218960495, 39.101286450999446,287912.62064724765,      0.0,287912.62064724765,   1.0
  0.04966010795158301, -0.09293155551117968,10.231387724026215, 51.89528499101994,  40.1833664961461,0.17480084410261204,276.86035318960495, 39.101286450999446,  287912.620722721,      0.0,  287912.620722721,   1.0
  0.04966010795158301, -0.09293155551117968,10.231387724026215, 51.89528499101994,  40.1833664961461,0.17480084410261204,276.86035218960495,  39.10128745099944, 287912.6207249351,      0.0, 287912.6207249351,   1.0
  0.04966005069663196, -0.09353781034151468,10.326143457804694, 51.93283123348695, 40.22434643498206,0.17492744917845268, 276.8841410036336,  39.02114017346773, 287912.7624538723,      0.0, 287912.7624538723,   1.0
  0.04966105069663196, -0.09353781034151468,10.326143457804694, 51.93283123348695, 40.22434643498206,0.17492744917845268, 276.8841410036336,  39.02114017346773, 287912.7624269411,      0.0, 287912.7624269411,   1.0
  0.04966005069663196, -0.09353681034151468,10.326143457804694, 51.93283123348695, 40.22434643498206,0.17492744917845268, 276.8841410036336,  39.02114017346773, 287912.7624310723,      0.0, 287912.7624310723,   1.0
  0.04966005069663196, -0.09353781034151468,10.326144457804693, 51.93283123348695, 40.22434643498206,0.17492744917845268, 276.8841410036336,  39.02114017346773,287912.76245698694,      0.0,287912.76245698694,   1.0
  0.04966005069663196, -0.09353781034151468,10.326143457804694, 51.93283223348695, 40.22434643498206,0.17492744917845268, 276.8841410036336,  39.02114017346773, 287912.7624489473,      0.0, 287912.7624489473,   1.0
  0.04966005069663196, -0.09353781034151468,10.326143457804694, 51.93283123348695, 40.22434743498206,0.17492744917845268, 276.8841410036336,  39.02114017346773, 287912.7624536736,      0.0, 287912.7624536736,   1.0
  0.04966005069663196, -0.09353781034151468,10.326143457804694, 51.93283123348695, 40.22434643498206,0.17492844917845268, 276.8841410036336,  39.02114017346773,287912.76238549873,      0.0,287912.76238549873,   1.0
  0.04966005069663196, -0.09353781034151468,10.326143457804694, 51.93283123348695, 40.22434643498206,0.17492744917845268, 276.8841420036336,  39.02114017346773,287912.76245228166,      0.0,287912.76245228166,   1.0
  0.04966005069663196, -0.09353781034151468,10.326143457804694, 51.93283123348695, 40.22434643498206,0.17492744917845268, 276.8841410036336, 39.021141173467726,287912.76245473645,      0.0,287912.76245473645,   1.0
 0.049581553774670786, -0.09377257551781802,10.234644699479686,51.891924873893075, 40.17544038023097,0.17442973057820138,276.85964730056605, 39.066020580029786,   287912.78858962,      0.0,   287912.78858962,   1.0
  0.04958255377467079, -0.09377257551781802,10.234644699479686,51.891924873893075, 40.17544038023097,0.17442973057820138,276.85964730056605, 39.066020580029786, 287912.7885837709,      0.0, 287912.7885837709,   1.0
 0.049581553774670786, -0.09377157551781802,10.234644699479686,51.891924873893075, 40.17544038023097,0.17442973057820138,276.85964730056605, 39.066020580029786,287912.78859155194,      0.0,287912.78859155194,   1.0
 0.049581553774670786, -0.09377257551781802,10.234645699479685,51.891924873893075, 40.17544038023097,0.17442973057820138,276.85964730056605, 39.066020580029786, 287912.7885927183,      0.0, 287912.7885927183,   1.0
 0.049581553774670786, -0.09377257551781802,10.234644699479686, 51.89192587389307, 40.17544038023097,0.17442973057820138,276.85964730056605, 39.066020580029786, 287912.7885844755,      0.0, 287912.7885844755,   1.0
 0.049581553774670786, -0.09377257551781802,10.234644699479686,51.891924873893075,40.175441380230964,0.17442973057820138,276.85964730056605, 39.066020580029786, 287912.7885895758,      0.0, 287912.7885895758,   1.0
 0.049581553774670786, -0.09377257551781802,10.234644699479686,51.891924873893075, 40.17544038023097,0.17443073057820138,276.85964730056605, 39.066020580029786, 287912.7885786864,      0.0, 287912.7885786864,   1.0
 0.049581553774670786, -0.09377257551781802,10.234644699479686,51.891924873893075, 40.17544038023097,0.17442973057820138,276.85964830056605, 39.066020580029786,287912.78858795366,      0.0,287912.78858795366,   1.0
 0.049581553774670786, -0.09377257551781802,10.234644699479686,51.891924873893075, 40.17544038023097,0.17442973057820138,276.85964730056605,  39.06602158002978, 287912.7885903256,      0.0, 287912.7885903256,   1.0
  0.04958417384035343, -0.09383359642960248,10.214304270856767, 51.88141551098233,40.161872912927564,0.17431711862886634,276.85373481593837, 39.066683250396046, 287912.7908334619,      0.0, 287912.7908334619,   1.0
  0.04958517384035343, -0.09383359642960248,10.214304270856767, 51.88141551098233,40.161872912927564,0.17431711862886634,276.85373481593837, 39.066683250396046, 287912.7908295551,      0.0, 287912.7908295551,   1.0
  0.04958417384035343, -0.09383259642960248,10.214304270856767, 51.88141551098233,40.161872912927564,0.17431711862886634,276.85373481593837, 39.066683250396046, 287912.7908388416,      0.0, 287912.7908388416,   1.0
  0.04958417384035343, -0.09383359642960248,10.214305270856766, 51.88141551098233,40.161872912927564,0.17431711862886634,276.85373481593837, 39.066683250396046, 287912.7908365645,      0.0, 287912.7908365645,   1.0
  0.04958417384035343, -0.09383359642960248,10.214304270856767,51.881416510982326,40.161872912927564,0.17431711862886634,276.85373481593837, 39.066683250396046,287912.79082827957,      0.0,287912.79082827957,   1.0
  0.04958417384035343, -0.09383359642960248,10.214304270856767, 51.88141551098233, 40.16187391292756,0.17431711862886634,276.85373481593837, 39.066683250396046,  287912.790833462,      0.0,  287912.790833462,   1.0
  0.04958417384035343, -0.09383359642960248,10.214304270856767, 51.88141551098233,40.161872912927564,0.17431811862886634,276.85373481593837, 39.066683250396046,287912.79083292326,      0.0,287912.79083292326,   1.0
  0.04958417384035343, -0.09383359642960248,10.214304270856767, 51.88141551098233,40.161872912927564,0.17431711862886634,276.85373581593836, 39.066683250396046, 287912.7908317823,      0.0, 287912.7908317823,   1.0
  0.04958417384035343, -0.09383359642960248,10.214304270856767, 51.88141551098233,40.161872912927564,0.17431711862886634,276.85373481593837, 39.066684250396044, 287912.7908341626,      0.0, 287912.7908341626,   1.0
  0.04952370372940466, -0.09384595493092525,10.192496266148407, 51.86906287405312, 40.14540003823173,0.17421354060237457, 276.8470331787418, 39.060834478609195,287912.79360387445,      0.0,287912.79360387445,   1.0
  0.04952470372940466, -0.09384595493092525,10.192496266148407, 51.86906287405312, 40.14540003823173,0.17421354060237457, 276.8470331787418, 39.060834478609195, 287912.7936047958,      0.0, 287912.7936047958,   1.0
  0.04952370372940466, -0.09384495493092525,10.192496266148407, 51.86906287405312, 40.14540003823173,0.17421354060237457, 276.8470331787418, 39.060834478609195,287912.79361105483,      0.0,287912.79361105483,   1.0
  0.04952370372940466, -0.09384595493092525,10.192497266148406, 51.86906287405312, 40.14540003823173,0.17421354060237457, 276.8470331787418, 39.060834478609195,287912.79360698216,      0.0,287912.79360698216,   1.0
  0.04952370372940466, -0.09384595493092525,10.192496266148407, 51.86906387405312, 40.14540003823173,0.17421354060237457, 276.8470331787418, 39.060834478609195,287912.79359867173,      0.0,287912.79359867173,   1.0
  0.04952370372940466, -0.09384595493092525,10.192496266148407, 51.86906287405312,40.145401038231725,0.17421354060237457, 276.8470331787418, 39.060834478609195, 287912.7936039336,      0.0, 287912.7936039336,   1.0
  0.04952370372940466, -0.09384595493092525,10.192496266148407, 51.86906287405312, 40.14540003823173,0.17421454060237457, 276.8470331787418, 39.060834478609195,287912.79360995715,      0.0,287912.79360995715,   1.0
  0.04952370372940466, -0.09384595493092525,10.192496266148407, 51.86906287405312, 40.14540003823173,0.17421354060237457, 276.8470341787418, 39.060834478609195, 287912.7936021872,      0.0, 287912.7936021872,   1.0
  0.04952370372940466, -0.09384595493092525,10.192496266148407, 51.86906287405312, 40.14540003823173,0.17421354060237457, 276.8470331787418,  39.06083547860919,287912.79360459396,      0.0,287912.79360459396,   1.0
  0.04948475776461548, -0.09382885318714933,10.182171448701494,51.859617851436475, 40.13113782320557,0.17413030632170773, 276.8426607248944,  39.03600530575093,287912.79735214205,      0.0,287912.79735214205,   1.0
  0.04948575776461548, -0.09382885318714933,10.182171448701494,51.859617851436475, 40.13113782320557,0.17413030632170773, 276.8426607248944,  39.03600530575093,  287912.797352944,      0.0,  287912.797352944,   1.0
  0.04948475776461548, -0.09382785318714933,10.182171448701494,51.859617851436475, 40.13113782320557,0.17413030632170773, 276.8426607248944,  39.03600530575093,  287912.797355255,      0.0,  287912.797355255,   1.0
  0.04948475776461548, -0.09382885318714933,10.182172448701493,51.859617851436475, 40.13113782320557,0.17413030632170773, 276.8426607248944,  39.03600530575093, 287912.7973552655,      0.0, 287912.7973552655,   1.0
  0.04948475776461548, -0.09382885318714933,10.182171448701494, 51.85961885143647, 40.13113782320557,0.17413030632170773, 276.8426607248944,  39.03600530575093, 287912.7973469314,      0.0, 287912.7973469314,   1.0
  0.04948475776461548, -0.09382885318714933,10.182171448701494,51.859617851436475, 40.13113882320557,0.17413030632170773, 276.8426607248944,  39.03600530575093,287912.79735225486,      0.0,287912.79735225486,   1.0
  0.04948475776461548, -0.09382885318714933,10.182171448701494,51.859617851436475, 40.13113782320557,0.17413130632170773, 276.8426607248944,  39.03600530575093, 287912.7973616017,      0.0, 287912.7973616017,   1.0
  0.04948475776461548, -0.09382885318714933,10.182171448701494,51.859617851436475, 40.13113782320557,0.17413030632170773, 276.8426617248944,  39.03600530575093,287912.79735045054,      0.0,287912.79735045054,   1.0
  0.04948475776461548, -0.09382885318714933,10.182171448701494,51.859617851436475, 40.13113782320557,0.17413030632170773, 276.8426607248944,  39.03600630575093,287912.79735293856,      0.0,287912.79735293856,   1.0
 0.049223453710253266, -0.09363568053331582,10.176437786954555, 51.85335510378425, 40.12316626505035,0.17412345956821493,276.83983820927665, 39.023320291035105, 287912.8034099017,      0.0, 287912.8034099017,   1.0
  0.04922445371025327, -0.09363568053331582,10.176437786954555, 51.85335510378425, 40.12316626505035,0.17412345956821493,276.83983820927665, 39.023320291035105, 287912.8034252269,      0.0, 287912.8034252269,   1.0
 0.049223453710253266, -0.09363468053331582,10.176437786954555, 51.85335510378425, 40.12316626505035,0.17412345956821493,276.83983820927665, 39.023320291035105, 287912.8034093192,      0.0, 287912.8034093192,   1.0
 0.049223453710253266, -0.09363568053331582,10.176438786954554, 51.85335510378425, 40.12316626505035,0.17412345956821493,276.83983820927665, 39.023320291035105, 287912.8034130178,      0.0, 287912.8034130178,   1.0
 0.049223453710253266, -0.09363568053331582,10.176437786954555, 51.85335610378425, 40.12316626505035,0.17412345956821493,276.83983820927665, 39.023320291035105, 287912.8034047134,      0.0, 287912.8034047134,   1.0
 0.049223453710253266, -0.09363568053331582,10.176437786954555, 51.85335510378425, 40.12316726505035,0.17412345956821493,276.83983820927665, 39.023320291035105, 287912.8034100576,      0.0, 287912.8034100576,   1.0
 0.049223453710253266, -0.09363568053331582,10.176437786954555, 51.85335510378425, 40.12316626505035,0.17412445956821493,276.83983820927665, 39.023320291035105,287912.80341525015,      0.0,287912.80341525015,   1.0
 0.049223453710253266, -0.09363568053331582,10.176437786954555, 51.85335510378425, 40.12316626505035,0.17412345956821493,276.83983920927665, 39.023320291035105, 287912.8034082167,      0.0, 287912.8034082167,   1.0
 0.049223453710253266, -0.09363568053331582,10.176437786954555, 51.85335510378425, 40.12316626505035,0.17412345956821493,276.83983820927665,   39.0233212910351, 287912.8034107444,      0.0, 287912.8034107444,   1.0
  0.04914152609616236,  -0.0935274527483506, 10.18542113060744, 51.85097848607148, 40.11968474882557,0.17413195352062258, 276.8400112035172,  38.99296674199331, 287912.8140638864,      0.0, 287912.8140638864,   1.0
  0.04914252609616236,  -0.0935274527483506, 10.18542113060744, 51.85097848607148, 40.11968474882557,0.17413195352062258, 276.8400112035172,  38.99296674199331,287912.81407947803,      0.0,287912.81407947803,   1.0
  0.04914152609616236,  -0.0935264527483506, 10.18542113060744, 51.85097848607148, 40.11968474882557,0.17413195352062258, 276.8400112035172,  38.99296674199331, 287912.8140550817,      0.0, 287912.8140550817,   1.0
  0.04914152609616236,  -0.0935274527483506,10.185422130607439, 51.85097848607148, 40.11968474882557,0.17413195352062258, 276.8400112035172,  38.99296674199331,287912.81406701345,      0.0,287912.81406701345,   1.0
  0.04914152609616236,  -0.0935274527483506, 10.18542113060744, 51.85097948607148, 40.11968474882557,0.17413195352062258, 276.8400112035172,  38.99296674199331, 287912.8140587286,      0.0, 287912.8140587286,   1.0
  0.04914152609616236,  -0.0935274527483506, 10.18542113060744, 51.85097848607148, 40.11968574882557,0.17413195352062258, 276.8400112035172,  38.99296674199331, 287912.8140640641,      0.0, 287912.8140640641,   1.0
  0.04914152609616236,  -0.0935274527483506, 10.18542113060744, 51.85097848607148, 40.11968474882557,0.17413295352062258, 276.8400112035172,  38.99296674199331, 287912.8140626202,      0.0, 287912.8140626202,   1.0
  0.04914152609616236,  -0.0935274527483506, 10.18542113060744, 51.85097848607148, 40.11968474882557,0.17413195352062258, 276.8400122035172,  38.99296674199331, 287912.8140622103,      0.0, 287912.8140622103,   1.0
  0.04914152609616236,  -0.0935274527483506, 10.18542113060744, 51.85097848607148, 40.11968474882557,0.17413195352062258, 276.8400112035172, 38.992967741993304, 287912.8140648269,      0.0, 287912.8140648269,   1.0
 0.048963013748225086,  -0.0932176259929602,10.229250229132974, 51.85347870683708, 40.12655536608718,0.17415989192741246,276.84560342391586,  38.92516707922788,287912.85063432355,      0.0,287912.85063432355,   1.0
  0.04896401374822509,  -0.0932176259929602,10.229250229132974, 51.85347870683708, 40.12655536608718,0.17415989192741246,276.84560342391586,  38.92516707922788, 287912.8506485528,      0.0, 287912.8506485528,   1.0
 0.048963013748225086,  -0.0932166259929602,10.229250229132974, 51.85347870683708, 40.12655536608718,0.17415989192741246,276.84560342391586,  38.92516707922788, 287912.8506027683,      0.0, 287912.8506027683,   1.0
 0.048963013748225086,  -0.0932176259929602,10.229251229132974, 51.85347870683708, 40.12655536608718,0.17415989192741246,276.84560342391586,  38.92516707922788,  287912.850637469,      0.0,  287912.850637469,   1.0
 0.048963013748225086,  -0.0932176259929602,10.229250229132974, 51.85347970683708, 40.12655536608718,0.17415989192741246,276.84560342391586,  38.92516707922788, 287912.8506292001,      0.0, 287912.8506292001,   1.0
 0.048963013748225086,  -0.0932176259929602,10.229250229132974, 51.85347870683708, 40.12655636608718,0.17415989192741246,276.84560342391586,  38.92516707922788,287912.85063449776,      0.0,287912.85063449776,   1.0
 0.048963013748225086,  -0.0932176259929602,10.229250229132974, 51.85347870683708, 40.12655536608718,0.17416089192741246,276.84560342391586,  38.92516707922788,287912.85062518576,      0.0,287912.85062518576,   1.0
 0.048963013748225086,  -0.0932176259929602,10.229250229132974, 51.85347870683708, 40.12655536608718,0.17415989192741246,276.84560442391586,  38.92516707922788, 287912.8506326552,      0.0, 287912.8506326552,   1.0
 0.048963013748225086,  -0.0932176259929602,10.229250229132974, 51.85347870683708, 40.12655536608718,0.17415989192741246,276.84560342391586,  38.92516807922788, 287912.8506354738,      0.0, 287912.8506354738,   1.0
 0.048799627592677974, -0.09282686139852699,10.300531255491176,  51.8540005263424, 40.14185790319717,0.17421605104378163,276.85319019170134,  38.83657263680646, 287912.9276665979,      0.0, 287912.9276665979,   1.0
 0.048800627592677975, -0.09282686139852699,10.300531255491176,  51.8540005263424, 40.14185790319717,0.17421605104378163,276.85319019170134,  38.83657263680646, 287912.9276741369,      0.0, 287912.9276741369,   1.0
 0.048799627592677974, -0.09282586139852698,10.300531255491176,  51.8540005263424, 40.14185790319717,0.17421605104378163,276.85319019170134,  38.83657263680646,287912.92760403996,      0.0,287912.92760403996,   1.0
 0.048799627592677974, -0.09282686139852699,10.300532255491175,  51.8540005263424, 40.14185790319717,0.17421605104378163,276.85319019170134,  38.83657263680646,287912.92766976706,      0.0,287912.92766976706,   1.0
 0.048799627592677974, -0.09282686139852699,10.300531255491176,  51.8540015263424, 40.14185790319717,0.17421605104378163,276.85319019170134,  38.83657263680646,287912.92766154534,      0.0,287912.92766154534,   1.0
 0.048799627592677974, -0.09282686139852699,10.300531255491176,  51.8540005263424, 40.14185890319717,0.17421605104378163,276.85319019170134,  38.83657263680646, 287912.9276667436,      0.0, 287912.9276667436,   1.0
 0.048799627592677974, -0.09282686139852699,10.300531255491176,  51.8540005263424, 40.14185790319717,0.17421705104378163,276.85319019170134,  38.83657263680646, 287912.9276411375,      0.0, 287912.9276411375,   1.0
 0.048799627592677974, -0.09282686139852699,10.300531255491176,  51.8540005263424, 40.14185790319717,0.17421605104378163,276.85319119170134,  38.83657263680646,287912.92766494903,      0.0,287912.92766494903,   1.0
 0.048799627592677974, -0.09282686139852699,10.300531255491176,  51.8540005263424, 40.14185790319717,0.17421605104378163,276.85319019170134, 38.836573636806456,287912.92766802496,      0.0,287912.92766802496,   1.0
  0.04843469655276043, -0.09209385198082688,10.426865990534047,51.830737616673915,40.165827378349604,0.17430785033351898,276.85731992817773,  38.69781474951722, 287913.1409480283,      0.0, 287913.1409480283,   1.0
  0.04843569655276043, -0.09209385198082688,10.426865990534047,51.830737616673915,40.165827378349604,0.17430785033351898,276.85731992817773,  38.69781474951722, 287913.1409526586,      0.0, 287913.1409526586,   1.0
  0.04843469655276043, -0.09209285198082688,10.426865990534047,51.830737616673915,40.165827378349604,0.17430785033351898,276.85731992817773,  38.69781474951722, 287913.1408362876,      0.0, 287913.1408362876,   1.0
  0.04843469655276043, -0.09209385198082688,10.426866990534046,51.830737616673915,40.165827378349604,0.17430785033351898,276.85731992817773,  38.69781474951722,287913.14095121773,      0.0,287913.14095121773,   1.0
  0.04843469655276043, -0.09209385198082688,10.426865990534047, 51.83073861667391,40.165827378349604,0.17430785033351898,276.85731992817773,  38.69781474951722,287913.14094318805,      0.0,287913.14094318805,   1.0
  0.04843469655276043, -0.09209385198082688,10.426865990534047,51.830737616673915,  40.1658283783496,0.17430785033351898,276.85731992817773,  38.69781474951722,287913.14094813954,      0.0,287913.14094813954,   1.0
  0.04843469655276043, -0.09209385198082688,10.426865990534047,51.830737616673915,40.165827378349604,0.17430885033351898,276.85731992817773,  38.69781474951722, 287913.1408757997,      0.0, 287913.1408757997,   1.0
  0.04843469655276043, -0.09209385198082688,10.426865990534047,51.830737616673915,40.165827378349604,0.17430785033351898, 276.8573209281777,  38.69781474951722,287913.14094644546,      0.0,287913.14094644546,   1.0
  0.04843469655276043, -0.09209385198082688,10.426865990534047,51.830737616673915,40.165827378349604,0.17430785033351898,276.85731992817773,  38.69781574951722, 287913.1409499086,      0.0, 287913.1409499086,   1.0
  0.04811606423662357, -0.09102923070612438,10.662257847631716,51.744330892049376, 40.20592086794116,0.17415980462263067, 276.8483947695509,  38.47611154975878, 287913.6751291431,      0.0, 287913.6751291431,   1.0
  0.04811706423662357, -0.09102923070612438,10.662257847631716,51.744330892049376, 40.20592086794116,0.17415980462263067, 276.8483947695509,  38.47611154975878, 287913.6751144037,      0.0, 287913.6751144037,   1.0
  0.04811606423662357, -0.09102823070612438,10.662257847631716,51.744330892049376, 40.20592086794116,0.17415980462263067, 276.8483947695509,  38.47611154975878,287913.67493734375,      0.0,287913.67493734375,   1.0
  0.04811606423662357, -0.09102923070612438,10.662258847631715,51.744330892049376, 40.20592086794116,0.17415980462263067, 276.8483947695509,  38.47611154975878, 287913.6751323631,      0.0, 287913.6751323631,   1.0
  0.04811606423662357, -0.09102923070612438,10.662257847631716,51.744331892049374, 40.20592086794116,0.17415980462263067, 276.8483947695509,  38.47611154975878, 287913.6751246279,      0.0, 287913.6751246279,   1.0
  0.04811606423662357, -0.09102923070612438,10.662257847631716,51.744330892049376, 40.20592186794116,0.17415980462263067, 276.8483947695509,  38.47611154975878, 287913.6751291774,      0.0, 287913.6751291774,   1.0
  0.04811606423662357, -0.09102923070612438,10.662257847631716,51.744330892049376, 40.20592086794116,0.17416080462263067, 276.8483947695509,  38.47611154975878, 287913.6749917808,      0.0, 287913.6749917808,   1.0
  0.04811606423662357, -0.09102923070612438,10.662257847631716,51.744330892049376, 40.20592086794116,0.17415980462263067, 276.8483957695509,  38.47611154975878,287913.67512765987,      0.0,287913.67512765987,   1.0
  0.04811606423662357, -0.09102923070612438,10.662257847631716,51.744330892049376, 40.20592086794116,0.17415980462263067, 276.8483947695509, 38.476112549758774,287913.67513174715,      0.0,287913.67513174715,   1.0
  0.04771493657941068, -0.08953390206072312, 11.10559295180049, 51.45929719914817,40.259210905119694,0.17340128101276553, 276.7846720380305, 38.124955403108004, 287915.0337162084,      0.0, 287915.0337162084,   1.0
  0.04771593657941068, -0.08953390206072312, 11.10559295180049, 51.45929719914817,40.259210905119694,0.17340128101276553, 276.7846720380305, 38.124955403108004, 287915.0337519762,      0.0, 287915.0337519762,   1.0
  0.04771493657941068, -0.08953290206072312, 11.10559295180049, 51.45929719914817,40.259210905119694,0.17340128101276553, 276.7846720380305, 38.124955403108004, 287915.0335051622,      0.0, 287915.0335051622,   1.0
  0.04771493657941068, -0.08953390206072312, 11.10559395180049, 51.45929719914817,40.259210905119694,0.17340128101276553, 276.7846720380305, 38.124955403108004, 287915.0337191476,      0.0, 287915.0337191476,   1.0
  0.04771493657941068, -0.08953390206072312, 11.10559295180049,51.459298199148165,40.259210905119694,0.17340128101276553, 276.7846720380305, 38.124955403108004,287915.03371246625,      0.0,287915.03371246625,   1.0
  0.04771493657941068, -0.08953390206072312, 11.10559295180049, 51.45929719914817, 40.25921190511969,0.17340128101276553, 276.7846720380305, 38.124955403108004, 287915.0337161667,      0.0, 287915.0337161667,   1.0
  0.04771493657941068, -0.08953390206072312, 11.10559295180049, 51.45929719914817,40.259210905119694,0.17340228101276553, 276.7846720380305, 38.124955403108004,287915.03343802335,      0.0,287915.03343802335,   1.0
  0.04771493657941068, -0.08953390206072312, 11.10559295180049, 51.45929719914817,40.259210905119694,0.17340128101276553, 276.7846730380305, 38.124955403108004, 287915.0337149661,      0.0, 287915.0337149661,   1.0
  0.04771493657941068, -0.08953390206072312, 11.10559295180049, 51.45929719914817,40.259210905119694,0.17340128101276553, 276.7846720380305,    38.124956403108, 287915.0337200153,      0.0, 287915.0337200153,   1.0
 0.049784247714927767, -0.07713580952028415, 12.23763853776671, 50.17693689829195,  40.3667879364042,0.16694653221057856,276.40700264137564,  37.82783916170044,287898.38492985244,      0.0,287898.38492985244,   1.0
  0.04978524771492777, -0.07713580952028415, 12.23763853776671, 50.17693689829195,  40.3667879364042,0.16694653221057856,276.40700264137564,  37.82783916170044,287898.38187332044,      0.0,287898.38187332044,   1.0
 0.049784247714927767, -0.07713480952028415, 12.23763853776671, 50.17693689829195,  40.3667879364042,0.16694653221057856,276.40700264137564,  37.82783916170044,287898.38069375505,      0.0,287898.38069375505,   1.0
 0.049784247714927767, -0.07713580952028415,12.237639537766709, 50.17693689829195,  40.3667879364042,0.16694653221057856,276.40700264137564,  37.82783916170044, 287898.3849424697,      0.0, 287898.3849424697,   1.0
 0.049784247714927767, -0.07713580952028415, 12.23763853776671,50.176937898291946,  40.3667879364042,0.16694653221057856,276.40700264137564,  37.82783916170044,287898.38492662675,      0.0,287898.38492662675,   1.0
 0.049784247714927767, -0.07713580952028415, 12.23763853776671, 50.17693689829195,  40.3667889364042,0.16694653221057856,276.40700264137564,  37.82783916170044, 287898.3849295811,      0.0, 287898.3849295811,   1.0
 0.049784247714927767, -0.07713580952028415, 12.23763853776671, 50.17693689829195,  40.3667879364042,0.16694753221057856,276.40700264137564,  37.82783916170044, 287898.3847244558,      0.0, 287898.3847244558,   1.0
 0.049784247714927767, -0.07713580952028415, 12.23763853776671, 50.17693689829195,  40.3667879364042,0.16694653221057856,276.40700364137564,  37.82783916170044, 287898.3849287344,      0.0, 287898.3849287344,   1.0
 0.049784247714927767, -0.07713580952028415, 12.23763853776671, 50.17693689829195,  40.3667879364042,0.16694653221057856,276.40700264137564, 37.827840161700436, 287898.3849352375,      0.0, 287898.3849352375,   1.0
  0.04801372283648788,  -0.0877437509319375,11.269048150811487, 51.27413817306412,   40.274743870643,0.17246928475474652,276.73014064180774,   38.0820550155523,287915.52205510216,      0.0,287915.52205510216,   1.0
  0.04801472283648788,  -0.0877437509319375,11.269048150811487, 51.27413817306412,   40.274743870643,0.17246928475474652,276.73014064180774,   38.0820550155523, 287915.5216502735,      0.0, 287915.5216502735,   1.0
  0.04801372283648788,  -0.0877427509319375,11.269048150811487, 51.27413817306412,   40.274743870643,0.17246928475474652,276.73014064180774,   38.0820550155523, 287915.5212671668,      0.0, 287915.5212671668,   1.0
  0.04801372283648788,  -0.0877437509319375,11.269049150811487, 51.27413817306412,   40.274743870643,0.17246928475474652,276.73014064180774,   38.0820550155523, 287915.5220594398,      0.0, 287915.5220594398,   1.0
  0.04801372283648788,  -0.0877437509319375,11.269048150811487,51.274139173064114,   40.274743870643,0.17246928475474652,276.73014064180774,   38.0820550155523,287915.52205144527,      0.0,287915.52205144527,   1.0
  0.04801372283648788,  -0.0877437509319375,11.269048150811487, 51.27413817306412,   40.274744870643,0.17246928475474652,276.73014064180774,   38.0820550155523, 287915.5220549602,      0.0, 287915.5220549602,   1.0
  0.04801372283648788,  -0.0877437509319375,11.269048150811487, 51.27413817306412,   40.274743870643,0.17247028475474652,276.73014064180774,   38.0820550155523,287915.52177961636,      0.0,287915.52177961636,   1.0
  0.04801372283648788,  -0.0877437509319375,11.269048150811487, 51.27413817306412,   40.274743870643,0.17246928475474652,276.73014164180773,   38.0820550155523, 287915.5220538823,      0.0, 287915.5220538823,   1.0
  0.04801372283648788,  -0.0877437509319375,11.269048150811487, 51.27413817306412,   40.274743870643,0.17246928475474652,276.73014064180774,   38.0820560155523,287915.52205906337,      0.0,287915.52205906337,   1.0
 0.047642387584089084, -0.08592128190118711,11.995544197083433, 50.54981951520856,40.335335641016904, 0.1698514105550176,276.52642312906494, 37.728931908176115, 287918.8457998203,      0.0, 287918.8457998203,   1.0
 0.047643387584089085, -0.08592128190118711,11.995544197083433, 50.54981951520856,40.335335641016904, 0.1698514105550176,276.52642312906494, 37.728931908176115,287918.84557291586,      0.0,287918.84557291586,   1.0
 0.047642387584089084, -0.08592028190118711,11.995544197083433, 50.54981951520856,40.335335641016904, 0.1698514105550176,276.52642312906494, 37.728931908176115, 287918.8451311244,      0.0, 287918.8451311244,   1.0
 0.047642387584089084, -0.08592128190118711,11.995545197083432, 50.54981951520856,40.335335641016904, 0.1698514105550176,276.52642312906494, 37.728931908176115, 287918.8458032721,      0.0, 287918.8458032721,   1.0
 0.047642387584089084, -0.08592128190118711,11.995544197083433, 50.54982051520856,40.335335641016904, 0.1698514105550176,276.52642312906494, 37.728931908176115, 287918.8457975761,      0.0, 287918.8457975761,   1.0
 0.047642387584089084, -0.08592128190118711,11.995544197083433, 50.54981951520856,  40.3353366410169, 0.1698514105550176,276.52642312906494, 37.728931908176115, 287918.8457995928,      0.0, 287918.8457995928,   1.0
 0.047642387584089084, -0.08592128190118711,11.995544197083433, 50.54981951520856,40.335335641016904, 0.1698524105550176,276.52642312906494, 37.728931908176115, 287918.8453194583,      0.0, 287918.8453194583,   1.0
 0.047642387584089084, -0.08592128190118711,11.995544197083433, 50.54981951520856,40.335335641016904, 0.1698514105550176,276.52642412906494, 37.728931908176115,287918.84579902276,      0.0,287918.84579902276,   1.0
 0.047642387584089084, -0.08592128190118711,11.995544197083433, 50.54981951520856,40.335335641016904, 0.1698514105550176,276.52642312906494,  37.72893290817611, 287918.8458051058,      0.0, 287918.8458051058,   1.0
  0.04740605282554071, -0.08247508475156062,13.586880044635299, 48.52688049172126,40.418897729458436, 0.1592480788407302, 275.9118655666668,  37.31690502584887, 287926.5643685128,      0.0, 287926.5643685128,   1.0
  0.04740705282554071, -0.08247508475156062,13.586880044635299, 48.52688049172126,40.418897729458436, 0.1592480788407302, 275.9118655666668,  37.31690502584887,287926.56453454675,      0.0,287926.56453454675,   1.0
  0.04740605282554071, -0.08247408475156062,13.586880044635299, 48.52688049172126,40.418897729458436, 0.1592480788407302, 275.9118655666668,  37.31690502584887, 287926.5640020261,      0.0, 287926.5640020261,   1.0
  0.04740605282554071, -0.08247508475156062,13.586881044635298, 48.52688049172126,40.418897729458436, 0.1592480788407302, 275.9118655666668,  37.31690502584887,287926.56436976406,      0.0,287926.56436976406,   1.0
  0.04740605282554071, -0.08247508475156062,13.586880044635299,48.526881491721255,40.418897729458436, 0.1592480788407302, 275.9118655666668,  37.31690502584887, 287926.5643679448,      0.0, 287926.5643679448,   1.0
  0.04740605282554071, -0.08247508475156062,13.586880044635299, 48.52688049172126,40.418898729458434, 0.1592480788407302, 275.9118655666668,  37.31690502584887, 287926.5643680153,      0.0, 287926.5643680153,   1.0
  0.04740605282554071, -0.08247508475156062,13.586880044635299, 48.52688049172126,40.418897729458436, 0.1592490788407302, 275.9118655666668,  37.31690502584887,287926.56391883246,      0.0,287926.56391883246,   1.0
  0.04740605282554071, -0.08247508475156062,13.586880044635299, 48.52688049172126,40.418897729458436, 0.1592480788407302, 275.9118665666668,  37.31690502584887,  287926.564368102,      0.0,  287926.564368102,   1.0
  0.04740605282554071, -0.08247508475156062,13.586880044635299, 48.52688049172126,40.418897729458436, 0.1592480788407302, 275.9118655666668, 37.316906025848866,287926.56437542196,      0.0,287926.56437542196,   1.0
  0.05389036685527475, -0.08527265125299445,14.747291954351482,45.990734117348694,40.460681552777324,  0.154805355097512, 275.0513376660231,  38.30988415042905,287925.06331517105,      0.0,287925.06331517105,   1.0
  0.05389136685527475, -0.08527265125299445,14.747291954351482,45.990734117348694,40.460681552777324,  0.154805355097512, 275.0513376660231,  38.30988415042905,287925.06330751535,      0.0,287925.06330751535,   1.0
  0.05389036685527475, -0.08527165125299445,14.747291954351482,45.990734117348694,40.460681552777324,  0.154805355097512, 275.0513376660231,  38.30988415042905, 287925.0632864165,      0.0, 287925.0632864165,   1.0
  0.05389036685527475, -0.08527265125299445,14.747292954351481,45.990734117348694,40.460681552777324,  0.154805355097512, 275.0513376660231,  38.30988415042905, 287925.0633150134,      0.0, 287925.0633150134,   1.0
  0.05389036685527475, -0.08527265125299445,14.747291954351482, 45.99073511734869,40.460681552777324,  0.154805355097512, 275.0513376660231,  38.30988415042905, 287925.0633278382,      0.0, 287925.0633278382,   1.0
  0.05389036685527475, -0.08527265125299445,14.747291954351482,45.990734117348694, 40.46068255277732,  0.154805355097512, 275.0513376660231,  38.30988415042905, 287925.0633147579,      0.0, 287925.0633147579,   1.0
  0.05389036685527475, -0.08527265125299445,14.747291954351482,45.990734117348694,40.460681552777324,  0.154806355097512, 275.0513376660231,  38.30988415042905, 287925.0609242897,      0.0, 287925.0609242897,   1.0
  0.05389036685527475, -0.08527265125299445,14.747291954351482,45.990734117348694,40.460681552777324,  0.154805355097512,275.05133866602307,  38.30988415042905,287925.06331811583,      0.0,287925.06331811583,   1.0
  0.05389036685527475, -0.08527265125299445,14.747291954351482,45.990734117348694,40.460681552777324,  0.154805355097512, 275.0513376660231,  38.30988515042905,  287925.063320732,      0.0,  287925.063320732,   1.0
  0.05038143781199771, -0.08375877294568757,14.119345338333767,  47.3631472408079, 40.43807060726937,0.15720949565923525,275.51700470948714, 37.772542301525704, 287929.9414576034,      0.0, 287929.9414576034,   1.0
 0.050382437811997714, -0.08375877294568757,14.119345338333767,  47.3631472408079, 40.43807060726937,0.15720949565923525,275.51700470948714, 37.772542301525704, 287929.9415462623,      0.0, 287929.9415462623,   1.0
  0.05038143781199771, -0.08375777294568756,14.119345338333767,  47.3631472408079, 40.43807060726937,0.15720949565923525,275.51700470948714, 37.772542301525704,287929.94124473765,      0.0,287929.94124473765,   1.0
  0.05038143781199771, -0.08375877294568757,14.119346338333767,  47.3631472408079, 40.43807060726937,0.15720949565923525,275.51700470948714, 37.772542301525704,  287929.941458225,      0.0,  287929.941458225,   1.0
  0.05038143781199771, -0.08375877294568757,14.119345338333767,47.363148240807895, 40.43807060726937,0.15720949565923525,275.51700470948714, 37.772542301525704, 287929.9414625971,      0.0, 287929.9414625971,   1.0
  0.05038143781199771, -0.08375877294568757,14.119345338333767,  47.3631472408079,40.438071607269364,0.15720949565923525,275.51700470948714, 37.772542301525704, 287929.9414571149,      0.0, 287929.9414571149,   1.0
  0.05038143781199771, -0.08375877294568757,14.119345338333767,  47.3631472408079, 40.43807060726937,0.15721049565923526,275.51700470948714, 37.772542301525704,287929.94014441175,      0.0,287929.94014441175,   1.0
  0.05038143781199771, -0.08375877294568757,14.119345338333767,  47.3631472408079, 40.43807060726937,0.15720949565923525,275.51700570948714, 37.772542301525704,287929.94145869504,      0.0,287929.94145869504,   1.0
  0.05038143781199771, -0.08375877294568757,14.119345338333767,  47.3631472408079, 40.43807060726937,0.15720949565923525,275.51700470948714,   37.7725433015257,287929.94146376394,      0.0,287929.94146376394,   1.0
  0.05198902837812877, -0.08472187510969928,14.547683222159806, 46.06191073419474, 40.39332140308144,0.14700800952522117, 275.0591174394429,  38.36285955242534,287937.57467472635,      0.0,287937.57467472635,   1.0
  0.05199002837812877, -0.08472187510969928,14.547683222159806, 46.06191073419474, 40.39332140308144,0.14700800952522117, 275.0591174394429,  38.36285955242534, 287937.5749229086,      0.0, 287937.5749229086,   1.0
  0.05198902837812877, -0.08472087510969928,14.547683222159806, 46.06191073419474, 40.39332140308144,0.14700800952522117, 275.0591174394429,  38.36285955242534,  287937.574754342,      0.0,  287937.574754342,   1.0
  0.05198902837812877, -0.08472187510969928,14.547684222159806, 46.06191073419474, 40.39332140308144,0.14700800952522117, 275.0591174394429,  38.36285955242534, 287937.5746742274,      0.0, 287937.5746742274,   1.0
  0.05198902837812877, -0.08472187510969928,14.547683222159806, 46.06191173419474, 40.39332140308144,0.14700800952522117, 275.0591174394429,  38.36285955242534,287937.57467771834,      0.0,287937.57467771834,   1.0
  0.05198902837812877, -0.08472187510969928,14.547683222159806, 46.06191073419474,40.393322403081434,0.14700800952522117, 275.0591174394429,  38.36285955242534, 287937.5746742114,      0.0, 287937.5746742114,   1.0
  0.05198902837812877, -0.08472187510969928,14.547683222159806, 46.06191073419474, 40.39332140308144,0.14700900952522117, 275.0591174394429,  38.36285955242534, 287937.5740652987,      0.0, 287937.5740652987,   1.0
  0.05198902837812877, -0.08472187510969928,14.547683222159806, 46.06191073419474, 40.39332140308144,0.14700800952522117, 275.0591184394429,  38.36285955242534,287937.57467517944,      0.0,287937.57467517944,   1.0
  0.05198902837812877, -0.08472187510969928,14.547683222159806, 46.06191073419474, 40.39332140308144,0.14700800952522117, 275.0591174394429,  38.36286055242534, 287937.5746787206,      0.0, 287937.5746787206,   1.0
 0.054345078307044783, -0.08766904881989644,14.115179331922109, 45.63828633055561,40.282523605613314,0.14216784549958575,274.84996989711624,  39.37032682869523,287940.83676754875,      0.0,287940.83676754875,   1.0
 0.054346078307044784, -0.08766904881989644,14.115179331922109, 45.63828633055561,40.282523605613314,0.14216784549958575,274.84996989711624,  39.37032682869523, 287940.8368542605,      0.0, 287940.8368542605,   1.0
 0.054345078307044783, -0.08766804881989644,14.115179331922109, 45.63828633055561,40.282523605613314,0.14216784549958575,274.84996989711624,  39.37032682869523,  287940.836868749,      0.0,  287940.836868749,   1.0
 0.054345078307044783, -0.08766904881989644,14.115180331922108, 45.63828633055561,40.282523605613314,0.14216784549958575,274.84996989711624,  39.37032682869523, 287940.8367675259,      0.0, 287940.8367675259,   1.0
 0.054345078307044783, -0.08766904881989644,14.115179331922109,45.638287330555606,40.282523605613314,0.14216784549958575,274.84996989711624,  39.37032682869523, 287940.8367674823,      0.0, 287940.8367674823,   1.0
 0.054345078307044783, -0.08766904881989644,14.115179331922109, 45.63828633055561, 40.28252460561331,0.14216784549958575,274.84996989711624,  39.37032682869523, 287940.8367671687,      0.0, 287940.8367671687,   1.0
 0.054345078307044783, -0.08766904881989644,14.115179331922109, 45.63828633055561,40.282523605613314,0.14216884549958575,274.84996989711624,  39.37032682869523, 287940.8367994431,      0.0, 287940.8367994431,   1.0
 0.054345078307044783, -0.08766904881989644,14.115179331922109, 45.63828633055561,40.282523605613314,0.14216784549958575,274.84997089711624,  39.37032682869523,  287940.836767241,      0.0,  287940.836767241,   1.0
 0.054345078307044783, -0.08766904881989644,14.115179331922109, 45.63828633055561,40.282523605613314,0.14216784549958575,274.84996989711624, 39.370327828695224,287940.83676800656,      0.0,287940.83676800656,   1.0
  0.05461972155300054, -0.08755290407304003,14.132163039202988,45.497640989140955, 40.27613155326563,0.14159059190248918, 274.7972909156503, 39.489890110955166, 287940.8841726273,      0.0, 287940.8841726273,   1.0
  0.05462072155300054, -0.08755290407304003,14.132163039202988,45.497640989140955, 40.27613155326563,0.14159059190248918, 274.7972909156503, 39.489890110955166, 287940.8841645844,      0.0, 287940.8841645844,   1.0
  0.05461972155300054, -0.08755190407304003,14.132163039202988,45.497640989140955, 40.27613155326563,0.14159059190248918, 274.7972909156503, 39.489890110955166, 287940.8841740345,      0.0, 287940.8841740345,   1.0
  0.05461972155300054, -0.08755290407304003,14.132164039202987,45.497640989140955, 40.27613155326563,0.14159059190248918, 274.7972909156503, 39.489890110955166, 287940.8841728555,      0.0, 287940.8841728555,   1.0
  0.05461972155300054, -0.08755290407304003,14.132163039202988, 45.49764198914095, 40.27613155326563,0.14159059190248918, 274.7972909156503, 39.489890110955166, 287940.8841729222,      0.0, 287940.8841729222,   1.0
  0.05461972155300054, -0.08755290407304003,14.132163039202988,45.497640989140955,40.276132553265626,0.14159059190248918, 274.7972909156503, 39.489890110955166,287940.88417223823,      0.0,287940.88417223823,   1.0
  0.05461972155300054, -0.08755290407304003,14.132163039202988,45.497640989140955, 40.27613155326563,0.14159159190248918, 274.7972909156503, 39.489890110955166,287940.88416604337,      0.0,287940.88416604337,   1.0
  0.05461972155300054, -0.08755290407304003,14.132163039202988,45.497640989140955, 40.27613155326563,0.14159059190248918, 274.7972919156503, 39.489890110955166, 287940.8841724115,      0.0, 287940.8841724115,   1.0
  0.05461972155300054, -0.08755290407304003,14.132163039202988,45.497640989140955, 40.27613155326563,0.14159059190248918, 274.7972909156503,  39.48989111095516,287940.88417277206,      0.0,287940.88417277206,   1.0
  0.05457308574465589, -0.08756151737913016,14.112648214020295,45.522380935324286,40.274824445838604,0.14169696630245493,274.80480797338265,  39.49387652336691, 287940.8852928394,      0.0, 287940.8852928394,   1.0
 0.054574085744655894, -0.08756151737913016,14.112648214020295,45.522380935324286,40.274824445838604,0.14169696630245493,274.80480797338265,  39.49387652336691, 287940.8852852621,      0.0, 287940.8852852621,   1.0
  0.05457308574465589, -0.08756051737913016,14.112648214020295,45.522380935324286,40.274824445838604,0.14169696630245493,274.80480797338265,  39.49387652336691,287940.88529255847,      0.0,287940.88529255847,   1.0
  0.05457308574465589, -0.08756151737913016,14.112649214020294,45.522380935324286,40.274824445838604,0.14169696630245493,274.80480797338265,  39.49387652336691, 287940.8852930869,      0.0, 287940.8852930869,   1.0
  0.05457308574465589, -0.08756151737913016,14.112648214020295, 45.52238193532428,40.274824445838604,0.14169696630245493,274.80480797338265,  39.49387652336691, 287940.8852930556,      0.0, 287940.8852930556,   1.0
  0.05457308574465589, -0.08756151737913016,14.112648214020295,45.522380935324286,  40.2748254458386,0.14169696630245493,274.80480797338265,  39.49387652336691,  287940.885292452,      0.0,  287940.885292452,   1.0
  0.05457308574465589, -0.08756151737913016,14.112648214020295,45.522380935324286,40.274824445838604,0.14169796630245493,274.80480797338265,  39.49387652336691, 287940.8852943616,      0.0, 287940.8852943616,   1.0
  0.05457308574465589, -0.08756151737913016,14.112648214020295,45.522380935324286,40.274824445838604,0.14169696630245493,274.80480897338265,  39.49387652336691,287940.88529260503,      0.0,287940.88529260503,   1.0
  0.05457308574465589, -0.08756151737913016,14.112648214020295,45.522380935324286,40.274824445838604,0.14169696630245493,274.80480797338265, 39.493877523366905, 287940.8852929602,      0.0, 287940.8852929602,   1.0
  0.05444717673967882, -0.08747651578166238,14.109056021093286,45.522055325837286, 40.27432141080474, 0.1417113992562266, 274.8042917153649, 39.499900262425534, 287940.8858011394,      0.0, 287940.8858011394,   1.0
  0.05444817673967882, -0.08747651578166238,14.109056021093286,45.522055325837286, 40.27432141080474, 0.1417113992562266, 274.8042917153649, 39.499900262425534,287940.88580161554,      0.0,287940.88580161554,   1.0
  0.05444717673967882, -0.08747551578166238,14.109056021093286,45.522055325837286, 40.27432141080474, 0.1417113992562266, 274.8042917153649, 39.499900262425534, 287940.8858015941,      0.0, 287940.8858015941,   1.0
  0.05444717673967882, -0.08747651578166238,14.109057021093285,45.522055325837286, 40.27432141080474, 0.1417113992562266, 274.8042917153649, 39.499900262425534, 287940.8858013784,      0.0, 287940.8858013784,   1.0
  0.05444717673967882, -0.08747651578166238,14.109056021093286, 45.52205632583728, 40.27432141080474, 0.1417113992562266, 274.8042917153649, 39.499900262425534, 287940.8858013645,      0.0, 287940.8858013645,   1.0
  0.05444717673967882, -0.08747651578166238,14.109056021093286,45.522055325837286,40.274322410804736, 0.1417113992562266, 274.8042917153649, 39.499900262425534, 287940.8858007544,      0.0, 287940.8858007544,   1.0
  0.05444717673967882, -0.08747651578166238,14.109056021093286,45.522055325837286, 40.27432141080474, 0.1417123992562266, 274.8042917153649, 39.499900262425534,287940.88580064493,      0.0,287940.88580064493,   1.0
  0.05444717673967882, -0.08747651578166238,14.109056021093286,45.522055325837286, 40.27432141080474, 0.1417113992562266, 274.8042927153649, 39.499900262425534,287940.88580090745,      0.0,287940.88580090745,   1.0
  0.05444717673967882, -0.08747651578166238,14.109056021093286,45.522055325837286, 40.27432141080474, 0.1417113992562266, 274.8042917153649,  39.49990126242553, 287940.8858012436,      0.0, 287940.8858012436,   1.0
  0.05444717673967882, -0.08747651578166238,14.109056021093286,45.522055325837286, 40.27432141080474, 0.1417113992562266, 274.8042917153649, 39.499900262425534, 287940.8858011394,      0.0, 287940.8858011394,   1.0
