            centre_ra,          centre_dec,              v_sys,       inclination,                phi,     turnover_radius,  maximum_velocity,velocity_dispersion,    log_likelihood,log_prior,     log_posterior,weight
    -0.00307418420494,    0.00349712818251,  -0.80011161389229, 50.21311105586575,  38.19777163999379,    0.31095715429812, 279.3763179482591,  63.54117137621395,  344479.556919966,      0.0,  344479.556919966,   1.0
    -0.00307418420494,    0.00349712818251,  -0.80011161389229, 50.21311105586575,  38.19777163999379,    0.31095715429812, 279.3763179482591,  63.54117137621395,  344479.556919966,      0.0,  344479.556919966,   1.0
  0.29999939999999997,    0.00349712818251,  -0.80011161389229, 50.21311105586575,  38.19777163999379,    0.31095715429812, 279.3763179482591,  63.54117137621395, 288742.8359909989,      0.0, 288742.8359909989,   1.0
    -0.00307418420494,-0.29999939999999997,  -0.80011161389229, 50.21311105586575,  38.19777163999379,    0.31095715429812, 279.3763179482591,  63.54117137621395,325848.02811276284,      0.0,325848.02811276284,   1.0
    -0.00307418420494,    0.00349712818251,0.19988838610770998, 50.21311105586575,  38.19777163999379,    0.31095715429812, 279.3763179482591,  63.54117137621395, 345079.3629047982,      0.0, 345079.3629047982,   1.0
    -0.00307418420494,    0.00349712818251,  -0.80011161389229, 51.21311105586575,  38.19777163999379,    0.31095715429812, 279.3763179482591,  63.54117137621395,344728.30988861085,      0.0,344728.30988861085,   1.0
    -0.00307418420494,    0.00349712818251,  -0.80011161389229, 50.21311105586575,  39.19777163999379,    0.31095715429812, 279.3763179482591,  63.54117137621395,344864.47154449875,      0.0,344864.47154449875,   1.0
    -0.00307418420494,    0.00349712818251,  -0.80011161389229, 50.21311105586575,  38.19777163999379, 0.02000057999999999, 279.3763179482591,  63.54117137621395,321204.54694972676,      0.0,321204.54694972676,   1.0
    -0.00307418420494,    0.00349712818251,  -0.80011161389229, 50.21311105586575,  38.19777163999379,    0.31095715429812, 280.3763179482591,  63.54117137621395, 344584.0016878692,      0.0, 344584.0016878692,   1.0
    -0.00307418420494,    0.00349712818251,  -0.80011161389229, 50.21311105586575,  38.19777163999379,    0.31095715429812, 279.3763179482591,  64.54117137621395,344330.84177479905,      0.0,344330.84177479905,   1.0
 -0.29999939999999997, 0.29999939999999997,           59.99988,          79.99994,          169.99974,          0.59999942, 488.2658537293946,           5.000115,131469.93491016817,      0.0,131469.93491016817,   1.0
  0.29999939999999997, 0.29999939999999997,           59.99988,          79.99994,          169.99974,          0.59999942, 488.2658537293946,           5.000115,204915.58751694066,      0.0,204915.58751694066,   1.0
 -0.29999939999999997,-0.29999939999999997,           59.99988,          79.99994,          169.99974,          0.59999942, 488.2658537293946,           5.000115, 220294.1816887694,      0.0, 220294.1816887694,   1.0
 -0.29999939999999997, 0.29999939999999997,           58.99988,          79.99994,          169.99974,          0.59999942, 488.2658537293946,           5.000115,132586.03978915967,      0.0,132586.03978915967,   1.0
 -0.29999939999999997, 0.29999939999999997,           59.99988,          78.99994,          169.99974,          0.59999942, 488.2658537293946,           5.000115, 125367.9157619772,      0.0, 125367.9157619772,   1.0
 -0.29999939999999997, 0.29999939999999997,           59.99988,          79.99994,          168.99974,          0.59999942, 488.2658537293946,           5.000115,130429.36320402194,      0.0,130429.36320402194,   1.0
 -0.29999939999999997, 0.29999939999999997,           59.99988,          79.99994,          169.99974,0.020000580000000046, 488.2658537293946,           5.000115,151713.67387254437,      0.0,151713.67387254437,   1.0
 -0.29999939999999997, 0.29999939999999997,           59.99988,          79.99994,          169.99974,          0.59999942, 489.2658537293946,           5.000115,131178.36419813975,      0.0,131178.36419813975,   1.0
 -0.29999939999999997, 0.29999939999999997,           59.99988,          79.99994,          169.99974,          0.59999942, 488.2658537293946,           6.000115,132027.91528200323,      0.0,132027.91528200323,   1.0
-0.034822233841221364,0.035199955501254925, 5.7007884409404985,53.397999618777526,  52.29039567816644, 0.34186233752385253, 301.7113538350617, 57.281802805525835,351262.81172770984,      0.0,351262.81172770984,   1.0
  0.29999939999999997,0.035199955501254925, 5.7007884409404985,53.397999618777526,  52.29039567816644, 0.34186233752385253, 301.7113538350617, 57.281802805525835,265058.18175082875,      0.0,265058.18175082875,   1.0
-0.034822233841221364,-0.29999939999999997, 5.7007884409404985,53.397999618777526,  52.29039567816644, 0.34186233752385253, 301.7113538350617, 57.281802805525835,316471.37514545623,      0.0,316471.37514545623,   1.0
-0.034822233841221364,0.035199955501254925, 6.7007884409404985,53.397999618777526,  52.29039567816644, 0.34186233752385253, 301.7113538350617, 57.281802805525835,  351486.633392861,      0.0,  351486.633392861,   1.0
-0.034822233841221364,0.035199955501254925, 5.7007884409404985,54.397999618777526,  52.29039567816644, 0.34186233752385253, 301.7113538350617, 57.281802805525835,351614.39255293674,      0.0,351614.39255293674,   1.0
-0.034822233841221364,0.035199955501254925, 5.7007884409404985,53.397999618777526,  53.29039567816644, 0.34186233752385253, 301.7113538350617, 57.281802805525835, 351018.5689564169,      0.0, 351018.5689564169,   1.0
-0.034822233841221364,0.035199955501254925, 5.7007884409404985,53.397999618777526,  52.29039567816644, 0.02000057999999999, 301.7113538350617, 57.281802805525835,327517.76597331703,      0.0,327517.76597331703,   1.0
-0.034822233841221364,0.035199955501254925, 5.7007884409404985,53.397999618777526,  52.29039567816644, 0.34186233752385253, 302.7113538350617, 57.281802805525835, 351378.2332318125,      0.0, 351378.2332318125,   1.0
-0.034822233841221364,0.035199955501254925, 5.7007884409404985,53.397999618777526,  52.29039567816644, 0.34186233752385253, 301.7113538350617, 58.281802805525835, 351018.5743459851,      0.0, 351018.5743459851,   1.0
 -0.29999939999999997, 0.29999939999999997,  59.41491484686352,   79.714251389756, 168.73142107058356,          0.59999942, 486.2585512115709,  5.562248166721467,128506.36957775883,      0.0,128506.36957775883,   1.0
  0.29999939999999997, 0.29999939999999997,  59.41491484686352,   79.714251389756, 168.73142107058356,          0.59999942, 486.2585512115709,  5.562248166721467,207436.54934094258,      0.0,207436.54934094258,   1.0
 -0.29999939999999997,-0.29999939999999997,  59.41491484686352,   79.714251389756, 168.73142107058356,          0.59999942, 486.2585512115709,  5.562248166721467,218470.11701433637,      0.0,218470.11701433637,   1.0
 -0.29999939999999997, 0.29999939999999997,  58.41491484686352,   79.714251389756, 168.73142107058356,          0.59999942, 486.2585512115709,  5.562248166721467,129804.61256749096,      0.0,129804.61256749096,   1.0
 -0.29999939999999997, 0.29999939999999997,  59.41491484686352,   78.714251389756, 168.73142107058356,          0.59999942, 486.2585512115709,  5.562248166721467,116004.26686523989,      0.0,116004.26686523989,   1.0
 -0.29999939999999997, 0.29999939999999997,  59.41491484686352,   79.714251389756, 169.73142107058356,          0.59999942, 486.2585512115709,  5.562248166721467,131231.57716572715,      0.0,131231.57716572715,   1.0
 -0.29999939999999997, 0.29999939999999997,  59.41491484686352,   79.714251389756, 168.73142107058356,0.020000580000000046, 486.2585512115709,  5.562248166721467,147117.30785568862,      0.0,147117.30785568862,   1.0
 -0.29999939999999997, 0.29999939999999997,  59.41491484686352,   79.714251389756, 168.73142107058356,          0.59999942, 487.2585512115709,  5.562248166721467,128121.33002237085,      0.0,128121.33002237085,   1.0
 -0.29999939999999997, 0.29999939999999997,  59.41491484686352,   79.714251389756, 168.73142107058356,          0.59999942, 486.2585512115709,  6.562248166721467, 129031.5405003014,      0.0, 129031.5405003014,   1.0
 -0.04966752339146673, 0.05002409923606745,  8.707841314252192, 54.87125006140203, 58.809059266429095, 0.35631350535449235,312.04277346830474, 54.386411112701644,350201.71418606146,      0.0,350201.71418606146,   1.0
  0.29999939999999997, 0.05002409923606745,  8.707841314252192, 54.87125006140203, 58.809059266429095, 0.35631350535449235,312.04277346830474, 54.386411112701644,256623.20895781118,      0.0,256623.20895781118,   1.0
 -0.04966752339146673,-0.29999939999999997,  8.707841314252192, 54.87125006140203, 58.809059266429095, 0.35631350535449235,312.04277346830474, 54.386411112701644, 309838.8135416027,      0.0, 309838.8135416027,   1.0
 -0.04966752339146673, 0.05002409923606745,  9.707841314252192, 54.87125006140203, 58.809059266429095, 0.35631350535449235,312.04277346830474, 54.386411112701644,350102.71350744466,      0.0,350102.71350744466,   1.0
 -0.04966752339146673, 0.05002409923606745,  8.707841314252192, 55.87125006140203, 58.809059266429095, 0.35631350535449235,312.04277346830474, 54.386411112701644,350331.61799115856,      0.0,350331.61799115856,   1.0
 -0.04966752339146673, 0.05002409923606745,  8.707841314252192, 54.87125006140203, 59.809059266429095, 0.35631350535449235,312.04277346830474, 54.386411112701644, 349650.1486482279,      0.0, 349650.1486482279,   1.0
 -0.04966752339146673, 0.05002409923606745,  8.707841314252192, 54.87125006140203, 58.809059266429095, 0.02000057999999999,312.04277346830474, 54.386411112701644, 323805.4399034848,      0.0, 323805.4399034848,   1.0
 -0.04966752339146673, 0.05002409923606745,  8.707841314252192, 54.87125006140203, 58.809059266429095, 0.35631350535449235,313.04277346830474, 54.386411112701644, 350314.1753856488,      0.0, 350314.1753856488,   1.0
 -0.04966752339146673, 0.05002409923606745,  8.707841314252192, 54.87125006140203, 58.809059266429095, 0.35631350535449235,312.04277346830474, 55.386411112701644, 350081.9039030136,      0.0, 350081.9039030136,   1.0
 -0.03790392006476965,0.038277252132543356,   6.32501293867101, 53.70382697078073,  53.64358422379254,  0.3448622092789394, 303.8560202254141, 56.680757695469026, 351514.7851480835,      0.0, 351514.7851480835,   1.0
  0.29999939999999997,0.038277252132543356,   6.32501293867101, 53.70382697078073,  53.64358422379254,  0.3448622092789394, 303.8560202254141, 56.680757695469026,262555.93876442907,      0.0,262555.93876442907,   1.0
 -0.03790392006476965,-0.29999939999999997,   6.32501293867101, 53.70382697078073,  53.64358422379254,  0.3448622092789394, 303.8560202254141, 56.680757695469026,315095.05235362117,      0.0,315095.05235362117,   1.0
 -0.03790392006476965,0.038277252132543356,   7.32501293867101, 53.70382697078073,  53.64358422379254,  0.3448622092789394, 303.8560202254141, 56.680757695469026, 351716.8876225615,      0.0, 351716.8876225615,   1.0
 -0.03790392006476965,0.038277252132543356,   6.32501293867101, 54.70382697078073,  53.64358422379254,  0.3448622092789394, 303.8560202254141, 56.680757695469026,351790.28502733697,      0.0,351790.28502733697,   1.0
 -0.03790392006476965,0.038277252132543356,   6.32501293867101, 53.70382697078073,  54.64358422379254,  0.3448622092789394, 303.8560202254141, 56.680757695469026, 351201.8591171127,      0.0, 351201.8591171127,   1.0
 -0.03790392006476965,0.038277252132543356,   6.32501293867101, 53.70382697078073,  53.64358422379254, 0.02000057999999999, 303.8560202254141, 56.680757695469026,327135.78935321426,      0.0,327135.78935321426,   1.0
 -0.03790392006476965,0.038277252132543356,   6.32501293867101, 53.70382697078073,  53.64358422379254,  0.3448622092789394, 304.8560202254141, 56.680757695469026, 351641.5926500865,      0.0, 351641.5926500865,   1.0
 -0.03790392006476965,0.038277252132543356,   6.32501293867101, 53.70382697078073,  53.64358422379254,  0.3448622092789394, 303.8560202254141, 57.680757695469026,351326.59544749674,      0.0,351326.59544749674,   1.0
 -0.04566789826038973,0.046030171220869255,  7.897679666554591, 54.47432621059079, 57.052797751932665,  0.3524200646888044, 309.2592773657219, 55.166488950842556,350674.63250339404,      0.0,350674.63250339404,   1.0
  0.29999939999999997,0.046030171220869255,  7.897679666554591, 54.47432621059079, 57.052797751932665,  0.3524200646888044, 309.2592773657219, 55.166488950842556,258682.42806922417,      0.0,258682.42806922417,   1.0
 -0.04566789826038973,-0.29999939999999997,  7.897679666554591, 54.47432621059079, 57.052797751932665,  0.3524200646888044, 309.2592773657219, 55.166488950842556, 311786.1376123097,      0.0, 311786.1376123097,   1.0
 -0.04566789826038973,0.046030171220869255,  8.897679666554591, 54.47432621059079, 57.052797751932665,  0.3524200646888044, 309.2592773657219, 55.166488950842556, 350765.7704770548,      0.0, 350765.7704770548,   1.0
 -0.04566789826038973,0.046030171220869255,  7.897679666554591, 55.47432621059079, 57.052797751932665,  0.3524200646888044, 309.2592773657219, 55.166488950842556,350890.50253763126,      0.0,350890.50253763126,   1.0
 -0.04566789826038973,0.046030171220869255,  7.897679666554591, 54.47432621059079, 58.052797751932665,  0.3524200646888044, 309.2592773657219, 55.166488950842556,  350158.783771956,      0.0,  350158.783771956,   1.0
 -0.04566789826038973,0.046030171220869255,  7.897679666554591, 54.47432621059079, 57.052797751932665, 0.02000057999999999, 309.2592773657219, 55.166488950842556, 325981.4070898362,      0.0, 325981.4070898362,   1.0
 -0.04566789826038973,0.046030171220869255,  7.897679666554591, 54.47432621059079, 57.052797751932665,  0.3524200646888044, 310.2592773657219, 55.166488950842556,350832.55852918193,      0.0,350832.55852918193,   1.0
 -0.04566789826038973,0.046030171220869255,  7.897679666554591, 54.47432621059079, 57.052797751932665,  0.3524200646888044, 309.2592773657219, 56.166488950842556,350535.33142057795,      0.0,350535.33142057795,   1.0
-0.039257595682599095, 0.03962899955795367,  6.599212653156117, 53.83816609541601,  54.23799202772236, 0.34617994669829305, 304.7980962157645,  56.41673986507398, 351384.5532398607,      0.0, 351384.5532398607,   1.0
   0.2999993999999999, 0.03962899955795367,  6.599212653156117, 53.83816609541601,  54.23799202772236, 0.34617994669829305, 304.7980962157645,  56.41673986507398, 261683.4567135083,      0.0, 261683.4567135083,   1.0
-0.039257595682599095,-0.29999939999999997,  6.599212653156117, 53.83816609541601,  54.23799202772236, 0.34617994669829305, 304.7980962157645,  56.41673986507398,314583.39192695374,      0.0,314583.39192695374,   1.0
-0.039257595682599095, 0.03962899955795367,  7.599212653156117, 53.83816609541601,  54.23799202772236, 0.34617994669829305, 304.7980962157645,  56.41673986507398, 351544.4297633557,      0.0, 351544.4297633557,   1.0
-0.039257595682599095, 0.03962899955795367,  6.599212653156117, 54.83816609541601,  54.23799202772236, 0.34617994669829305, 304.7980962157645,  56.41673986507398, 351567.1101452089,      0.0, 351567.1101452089,   1.0
-0.039257595682599095, 0.03962899955795367,  6.599212653156117, 53.83816609541601,  55.23799202772236, 0.34617994669829305, 304.7980962157645,  56.41673986507398,351124.21595211583,      0.0,351124.21595211583,   1.0
-0.039257595682599095, 0.03962899955795367,  6.599212653156117, 53.83816609541601,  54.23799202772236, 0.02000057999999999, 304.7980962157645,  56.41673986507398,327863.95706702396,      0.0,327863.95706702396,   1.0
-0.039257595682599095, 0.03962899955795367,  6.599212653156117, 53.83816609541601,  54.23799202772236, 0.34617994669829305, 305.7980962157645,  56.41673986507398, 351459.2946582923,      0.0, 351459.2946582923,   1.0
-0.039257595682599095, 0.03962899955795367,  6.599212653156117, 53.83816609541601,  54.23799202772236, 0.34617994669829305, 304.7980962157645,  57.41673986507398,  351149.807386433,      0.0,  351149.807386433,   1.0
 -0.29999939999999997, 0.29999939999999997, 16.812448650951644,58.840400123454735,  76.37747627557621,          0.59999942, 339.8872559494299, 46.582365539684005, 290838.0547230817,      0.0, 290838.0547230817,   1.0
  0.29999939999999997, 0.29999939999999997, 16.812448650951644,58.840400123454735,  76.37747627557621,          0.59999942, 339.8872559494299, 46.582365539684005, 265060.7045595128,      0.0, 265060.7045595128,   1.0
 -0.29999939999999997,-0.29999939999999997, 16.812448650951644,58.840400123454735,  76.37747627557621,          0.59999942, 339.8872559494299, 46.582365539684005,238467.83206512296,      0.0,238467.83206512296,   1.0
 -0.29999939999999997, 0.29999939999999997, 17.812448650951644,58.840400123454735,  76.37747627557621,          0.59999942, 339.8872559494299, 46.582365539684005,289850.60410954314,      0.0,289850.60410954314,   1.0
 -0.29999939999999997, 0.29999939999999997, 16.812448650951644,59.840400123454735,  76.37747627557621,          0.59999942, 339.8872559494299, 46.582365539684005, 291394.8949430833,      0.0, 291394.8949430833,   1.0
 -0.29999939999999997, 0.29999939999999997, 16.812448650951644,58.840400123454735,  77.37747627557621,          0.59999942, 339.8872559494299, 46.582365539684005, 289138.1412664405,      0.0, 289138.1412664405,   1.0
 -0.29999939999999997, 0.29999939999999997, 16.812448650951644,58.840400123454735,  76.37747627557621,0.020000580000000046, 339.8872559494299, 46.582365539684005, 250394.6967751992,      0.0, 250394.6967751992,   1.0
 -0.29999939999999997, 0.29999939999999997, 16.812448650951644,58.840400123454735,  76.37747627557621,          0.59999942, 340.8872559494299, 46.582365539684005, 290798.7659965748,      0.0, 290798.7659965748,   1.0
 -0.29999939999999997, 0.29999939999999997, 16.812448650951644,58.840400123454735,  76.37747627557621,          0.59999942, 339.8872559494299, 47.582365539684005, 291984.2642496203,      0.0, 291984.2642496203,   1.0
 -0.08265039660776756, 0.08295999123673646,   8.29890525754809, 54.67064075719122,  57.92245772001148, 0.38842072931750365,310.63765434469764,  54.78009763793896, 346260.5618065174,      0.0, 346260.5618065174,   1.0
  0.29999939999999997, 0.08295999123673646,   8.29890525754809, 54.67064075719122,  57.92245772001148, 0.38842072931750365,310.63765434469764,  54.78009763793896, 255992.2006868473,      0.0, 255992.2006868473,   1.0
 -0.08265039660776756,-0.29999939999999997,   8.29890525754809, 54.67064075719122,  57.92245772001148, 0.38842072931750365,310.63765434469764,  54.78009763793896, 302872.9349183409,      0.0, 302872.9349183409,   1.0
 -0.08265039660776756, 0.08295999123673646,   9.29890525754809, 54.67064075719122,  57.92245772001148, 0.38842072931750365,310.63765434469764,  54.78009763793896,346219.80981958465,      0.0,346219.80981958465,   1.0
 -0.08265039660776756, 0.08295999123673646,   8.29890525754809, 55.67064075719122,  57.92245772001148, 0.38842072931750365,310.63765434469764,  54.78009763793896, 346585.8625281128,      0.0, 346585.8625281128,   1.0
 -0.08265039660776756, 0.08295999123673646,   8.29890525754809, 54.67064075719122,  58.92245772001148, 0.38842072931750365,310.63765434469764,  54.78009763793896,345739.90884997544,      0.0,345739.90884997544,   1.0
 -0.08265039660776756, 0.08295999123673646,   8.29890525754809, 54.67064075719122,  57.92245772001148, 0.02000057999999999,310.63765434469764,  54.78009763793896,333376.41766298364,      0.0,333376.41766298364,   1.0
 -0.08265039660776756, 0.08295999123673646,   8.29890525754809, 54.67064075719122,  57.92245772001148, 0.38842072931750365,311.63765434469764,  54.78009763793896,346421.49072679656,      0.0,346421.49072679656,   1.0
 -0.08265039660776756, 0.08295999123673646,   8.29890525754809, 54.67064075719122,  57.92245772001148, 0.38842072931750365,310.63765434469764,  55.78009763793896,346277.16401385673,      0.0,346277.16401385673,   1.0
 -0.04644410381439285, 0.04680527113800842,   6.88070761228718,53.976036566987474,  54.84819561205916, 0.35317566306861425, 305.7652159011711, 56.145687007840216,  350741.608925177,      0.0,  350741.608925177,   1.0
  0.29999939999999997, 0.04680527113800842,   6.88070761228718,53.976036566987474,  54.84819561205916, 0.35317566306861425, 305.7652159011711, 56.145687007840216,260938.21385627502,      0.0,260938.21385627502,   1.0
 -0.04644410381439285,-0.29999939999999997,   6.88070761228718,53.976036566987474,  54.84819561205916, 0.35317566306861425, 305.7652159011711, 56.145687007840216,312496.77767988807,      0.0,312496.77767988807,   1.0
 -0.04644410381439285, 0.04680527113800842,   7.88070761228718,53.976036566987474,  54.84819561205916, 0.35317566306861425, 305.7652159011711, 56.145687007840216,350860.23796137015,      0.0,350860.23796137015,   1.0
 -0.04644410381439285, 0.04680527113800842,   6.88070761228718,54.976036566987474,  54.84819561205916, 0.35317566306861425, 305.7652159011711, 56.145687007840216, 350842.1234176792,      0.0, 350842.1234176792,   1.0
 -0.04644410381439285, 0.04680527113800842,   6.88070761228718,53.976036566987474,  55.84819561205916, 0.35317566306861425, 305.7652159011711, 56.145687007840216, 350282.4842122769,      0.0, 350282.4842122769,   1.0
 -0.04644410381439285, 0.04680527113800842,   6.88070761228718,53.976036566987474,  54.84819561205916, 0.02000057999999999, 305.7652159011711, 56.145687007840216,328644.75706114445,      0.0,328644.75706114445,   1.0
 -0.04644410381439285, 0.04680527113800842,   6.88070761228718,53.976036566987474,  54.84819561205916, 0.35317566306861425, 306.7652159011711, 56.145687007840216,350878.99708369403,      0.0,350878.99708369403,   1.0
 -0.04644410381439285, 0.04680527113800842,   6.88070761228718,53.976036566987474,  54.84819561205916, 0.35317566306861425, 305.7652159011711, 57.145687007840216, 350567.7315833231,      0.0, 350567.7315833231,   1.0
-0.040475824792525934,0.040845493407155126,  6.646930591718518, 53.86153736541077,  54.34143138321854,   0.347365833525501, 304.9620386105881, 56.370792031306124, 351179.0964278707,      0.0, 351179.0964278707,   1.0
  0.29999939999999997,0.040845493407155126,  6.646930591718518, 53.86153736541077,  54.34143138321854,   0.347365833525501, 304.9620386105881, 56.370792031306124,261617.17448052432,      0.0,261617.17448052432,   1.0
-0.040475824792525934, -0.2999993999999999,  6.646930591718518, 53.86153736541077,  54.34143138321854,   0.347365833525501, 304.9620386105881, 56.370792031306124, 314057.9145112429,      0.0, 314057.9145112429,   1.0
-0.040475824792525934,0.040845493407155126,  7.646930591718518, 53.86153736541077,  54.34143138321854,   0.347365833525501, 304.9620386105881, 56.370792031306124,351334.95867697697,      0.0,351334.95867697697,   1.0
-0.040475824792525934,0.040845493407155126,  6.646930591718518, 54.86153736541077,  54.34143138321854,   0.347365833525501, 304.9620386105881, 56.370792031306124,351462.76466927043,      0.0,351462.76466927043,   1.0
-0.040475824792525934,0.040845493407155126,  6.646930591718518, 53.86153736541077,  55.34143138321854,   0.347365833525501, 304.9620386105881, 56.370792031306124, 350925.3179508881,      0.0, 350925.3179508881,   1.0
-0.040475824792525934,0.040845493407155126,  6.646930591718518, 53.86153736541077,  54.34143138321854, 0.02000057999999999, 304.9620386105881, 56.370792031306124, 328091.0316923216,      0.0, 328091.0316923216,   1.0
-0.040475824792525934,0.040845493407155126,  6.646930591718518, 53.86153736541077,  54.34143138321854,   0.347365833525501, 305.9620386105881, 56.370792031306124, 351302.6918363141,      0.0, 351302.6918363141,   1.0
-0.040475824792525934,0.040845493407155126,  6.646930591718518, 53.86153736541077,  54.34143138321854,   0.347365833525501, 304.9620386105881, 57.370792031306124,350974.82116555853,      0.0,350974.82116555853,   1.0
-0.039428928199266196, 0.03980008802644894,  6.605923734378395,53.841453045689384, 54.252539804454315, 0.34634673057575277, 304.8211531784201,  56.41027773251558,351359.84571079566,      0.0,351359.84571079566,   1.0
  0.29999939999999997, 0.03980008802644894,  6.605923734378395,53.841453045689384, 54.252539804454315, 0.34634673057575277, 304.8211531784201,  56.41027773251558,261643.36890156797,      0.0,261643.36890156797,   1.0
-0.039428928199266196, -0.2999993999999999,  6.605923734378395,53.841453045689384, 54.252539804454315, 0.34634673057575277, 304.8211531784201,  56.41027773251558,314510.38433162036,      0.0,314510.38433162036,   1.0
-0.039428928199266196, 0.03980008802644894,  7.605923734378395,53.841453045689384, 54.252539804454315, 0.34634673057575277, 304.8211531784201,  56.41027773251558, 351528.3032296383,      0.0, 351528.3032296383,   1.0
-0.039428928199266196, 0.03980008802644894,  6.605923734378395,54.841453045689384, 54.252539804454315, 0.34634673057575277, 304.8211531784201,  56.41027773251558,351567.77029513806,      0.0,351567.77029513806,   1.0
-0.039428928199266196, 0.03980008802644894,  6.605923734378395,53.841453045689384, 55.252539804454315, 0.34634673057575277, 304.8211531784201,  56.41027773251558, 351050.3507991694,      0.0, 351050.3507991694,   1.0
-0.039428928199266196, 0.03980008802644894,  6.605923734378395,53.841453045689384, 54.252539804454315, 0.02000057999999999, 304.8211531784201,  56.41027773251558,327944.62475499016,      0.0,327944.62475499016,   1.0
-0.039428928199266196, 0.03980008802644894,  6.605923734378395,53.841453045689384, 54.252539804454315, 0.34634673057575277, 305.8211531784201,  56.41027773251558, 351444.6912202116,      0.0, 351444.6912202116,   1.0
-0.039428928199266196, 0.03980008802644894,  6.605923734378395,53.841453045689384, 54.252539804454315, 0.34634673057575277, 304.8211531784201,  57.41027773251558,351134.57242314063,      0.0,351134.57242314063,   1.0
 -0.03928301489402764, 0.03965438256194069,   6.60020832167148, 53.83865375348337,   54.2401503629862,   0.346204691065133, 304.8015169897077,  56.41578113104627, 351380.5645860447,      0.0, 351380.5645860447,   1.0
  0.29999939999999997, 0.03965438256194069,   6.60020832167148, 53.83865375348337,   54.2401503629862,   0.346204691065133, 304.8015169897077,  56.41578113104627,261686.41502459062,      0.0,261686.41502459062,   1.0
 -0.03928301489402764,-0.29999939999999997,   6.60020832167148, 53.83865375348337,   54.2401503629862,   0.346204691065133, 304.8015169897077,  56.41578113104627,314579.58082481846,      0.0,314579.58082481846,   1.0
 -0.03928301489402764, 0.03965438256194069,   7.60020832167148, 53.83865375348337,   54.2401503629862,   0.346204691065133, 304.8015169897077,  56.41578113104627, 351543.7078008732,      0.0, 351543.7078008732,   1.0
 -0.03928301489402764, 0.03965438256194069,   6.60020832167148, 54.83865375348337,   54.2401503629862,   0.346204691065133, 304.8015169897077,  56.41578113104627, 351575.3841502684,      0.0, 351575.3841502684,   1.0
 -0.03928301489402764, 0.03965438256194069,   6.60020832167148, 53.83865375348337,   55.2401503629862,   0.346204691065133, 304.8015169897077,  56.41578113104627, 351122.2005216116,      0.0, 351122.2005216116,   1.0
 -0.03928301489402764, 0.03965438256194069,   6.60020832167148, 53.83865375348337,   54.2401503629862, 0.02000057999999999, 304.8015169897077,  56.41578113104627,   327864.63410163,      0.0,   327864.63410163,   1.0
 -0.03928301489402764, 0.03965438256194069,   6.60020832167148, 53.83865375348337,   54.2401503629862,   0.346204691065133, 305.8015169897077,  56.41578113104627, 351457.4175865688,      0.0, 351457.4175865688,   1.0
 -0.03928301489402764, 0.03965438256194069,   6.60020832167148, 53.83865375348337,   54.2401503629862,   0.346204691065133, 304.8015169897077,  57.41578113104627,  351145.994942883,      0.0,  351145.994942883,   1.0
 -0.03926126395316699, 0.03963266260339125, 6.5993563390261745,53.838236469815335, 54.238303499136265, 0.34618351758139676,304.79858987090444, 56.416601509254946,  351384.071339485,      0.0,  351384.071339485,   1.0
  0.29999939999999997, 0.03963266260339125, 6.5993563390261745,53.838236469815335, 54.238303499136265, 0.34618351758139676,304.79858987090444, 56.416601509254946, 261683.4690380355,      0.0, 261683.4690380355,   1.0
 -0.03926126395316699,-0.29999939999999997, 6.5993563390261745,53.838236469815335, 54.238303499136265, 0.34618351758139676,304.79858987090444, 56.416601509254946, 314583.4482579543,      0.0, 314583.4482579543,   1.0
 -0.03926126395316699, 0.03963266260339125, 7.5993563390261745,53.838236469815335, 54.238303499136265, 0.34618351758139676,304.79858987090444, 56.416601509254946,351543.96473859897,      0.0,351543.96473859897,   1.0
 -0.03926126395316699, 0.03963266260339125, 6.5993563390261745,54.838236469815335, 54.238303499136265, 0.34618351758139676,304.79858987090444, 56.416601509254946, 351577.2471246378,      0.0, 351577.2471246378,   1.0
 -0.03926126395316699, 0.03963266260339125, 6.5993563390261745,53.838236469815335, 55.238303499136265, 0.34618351758139676,304.79858987090444, 56.416601509254946,351124.34527274687,      0.0,351124.34527274687,   1.0
 -0.03926126395316699, 0.03963266260339125, 6.5993563390261745,53.838236469815335, 54.238303499136265, 0.02000057999999999,304.79858987090444, 56.416601509254946,327863.83913646016,      0.0,327863.83913646016,   1.0
 -0.03926126395316699, 0.03963266260339125, 6.5993563390261745,53.838236469815335, 54.238303499136265, 0.34618351758139676,305.79858987090444, 56.416601509254946,351458.97178191453,      0.0,351458.97178191453,   1.0
 -0.03926126395316699, 0.03963266260339125, 6.5993563390261745,53.838236469815335, 54.238303499136265, 0.34618351758139676,304.79858987090444, 57.416601509254946, 351149.3897340705,      0.0, 351149.3897340705,   1.0
-0.039258153529100594, 0.03962955660985165,  6.599234503959771,53.838176797492565,  54.23803939424982, 0.34618048973474846,304.79817128759674,  56.41671882482949, 351384.5532398607,      0.0, 351384.5532398607,   1.0
  0.29999939999999997, 0.03962955660985165,  6.599234503959771,53.838176797492565,  54.23803939424982, 0.34618048973474846,304.79817128759674,  56.41671882482949, 261683.4567135083,      0.0, 261683.4567135083,   1.0
-0.039258153529100594, -0.2999993999999999,  6.599234503959771,53.838176797492565,  54.23803939424982, 0.34618048973474846,304.79817128759674,  56.41671882482949,314583.39590252395,      0.0,314583.39590252395,   1.0
-0.039258153529100594, 0.03962955660985165,  7.599234503959771,53.838176797492565,  54.23803939424982, 0.34618048973474846,304.79817128759674,  56.41671882482949, 351544.4694861937,      0.0, 351544.4694861937,   1.0
-0.039258153529100594, 0.03962955660985165,  6.599234503959771,54.838176797492565,  54.23803939424982, 0.34618048973474846,304.79817128759674,  56.41671882482949, 351577.3791796622,      0.0, 351577.3791796622,   1.0
-0.039258153529100594, 0.03962955660985165,  6.599234503959771,53.838176797492565,  55.23803939424982, 0.34618048973474846,304.79817128759674,  56.41671882482949,351124.17502438417,      0.0,351124.17502438417,   1.0
-0.039258153529100594, 0.03962955660985165,  6.599234503959771,53.838176797492565,  54.23803939424982, 0.02000057999999999,304.79817128759674,  56.41671882482949, 327863.9461146731,      0.0, 327863.9461146731,   1.0
-0.039258153529100594, 0.03962955660985165,  6.599234503959771,53.838176797492565,  54.23803939424982, 0.34618048973474846,305.79817128759674,  56.41671882482949,351459.47840926965,      0.0,351459.47840926965,   1.0
-0.039258153529100594, 0.03962955660985165,  6.599234503959771,53.838176797492565,  54.23803939424982, 0.34618048973474846,304.79817128759674,  57.41671882482949,  351149.807386433,      0.0,  351149.807386433,   1.0
  -0.0392577133858566, 0.03962911709355319,   6.59921726358347,   53.838168353509,  54.23800202185975,  0.3461800612766933,304.79811205560424, 56.416735425671185, 351384.5532398607,      0.0, 351384.5532398607,   1.0
  0.29999939999999997, 0.03962911709355319,   6.59921726358347,   53.838168353509,  54.23800202185975,  0.3461800612766933,304.79811205560424, 56.416735425671185, 261683.4567135083,      0.0, 261683.4567135083,   1.0
  -0.0392577133858566,-0.29999939999999997,   6.59921726358347,   53.838168353509,  54.23800202185975,  0.3461800612766933,304.79811205560424, 56.416735425671185,314583.39192695374,      0.0,314583.39192695374,   1.0
  -0.0392577133858566, 0.03962911709355319,   7.59921726358347,   53.838168353509,  54.23800202185975,  0.3461800612766933,304.79811205560424, 56.416735425671185, 351544.4297633557,      0.0, 351544.4297633557,   1.0
  -0.0392577133858566, 0.03962911709355319,   6.59921726358347,   54.838168353509,  54.23800202185975,  0.3461800612766933,304.79811205560424, 56.416735425671185, 351577.3791796622,      0.0, 351577.3791796622,   1.0
  -0.0392577133858566, 0.03962911709355319,   6.59921726358347,   53.838168353509,  55.23800202185975,  0.3461800612766933,304.79811205560424, 56.416735425671185,351124.17502438417,      0.0,351124.17502438417,   1.0
  -0.0392577133858566, 0.03962911709355319,   6.59921726358347,   53.838168353509,  54.23800202185975, 0.02000057999999999,304.79811205560424, 56.416735425671185,327863.94890882436,      0.0,327863.94890882436,   1.0
  -0.0392577133858566, 0.03962911709355319,   6.59921726358347,   53.838168353509,  54.23800202185975,  0.3461800612766933,305.79811205560424, 56.416735425671185, 351459.2946582923,      0.0, 351459.2946582923,   1.0
  -0.0392577133858566, 0.03962911709355319,   6.59921726358347,   53.838168353509,  54.23800202185975,  0.3461800612766933,304.79811205560424, 57.416735425671185,  351149.807386433,      0.0,  351149.807386433,   1.0
 -0.03925762051804961, 0.03962902435802826,  6.599213625958764, 53.83816657187484,  54.23799413649072,   0.346179970874397, 304.7980995579792,  56.41673892835761, 351384.5532398607,      0.0, 351384.5532398607,   1.0
  0.29999939999999997, 0.03962902435802826,  6.599213625958764, 53.83816657187484,  54.23799413649072,   0.346179970874397, 304.7980995579792,  56.41673892835761, 261683.4567135083,      0.0, 261683.4567135083,   1.0
 -0.03925762051804961, -0.2999993999999999,  6.599213625958764, 53.83816657187484,  54.23799413649072,   0.346179970874397, 304.7980995579792,  56.41673892835761,314583.39192695374,      0.0,314583.39192695374,   1.0
 -0.03925762051804961, 0.03962902435802826,  7.599213625958764, 53.83816657187484,  54.23799413649072,   0.346179970874397, 304.7980995579792,  56.41673892835761, 351544.4297633557,      0.0, 351544.4297633557,   1.0
 -0.03925762051804961, 0.03962902435802826,  6.599213625958764, 54.83816657187484,  54.23799413649072,   0.346179970874397, 304.7980995579792,  56.41673892835761, 351567.1101452089,      0.0, 351567.1101452089,   1.0
 -0.03925762051804961, 0.03962902435802826,  6.599213625958764, 53.83816657187484,  55.23799413649072,   0.346179970874397, 304.7980995579792,  56.41673892835761,351124.21595211583,      0.0,351124.21595211583,   1.0
 -0.03925762051804961, 0.03962902435802826,  6.599213625958764, 53.83816657187484,  54.23799413649072, 0.02000057999999999, 304.7980995579792,  56.41673892835761,327863.95706702396,      0.0,327863.95706702396,   1.0
 -0.03925762051804961, 0.03962902435802826,  6.599213625958764, 53.83816657187484,  54.23799413649072,   0.346179970874397, 305.7980995579792,  56.41673892835761, 351459.2946582923,      0.0, 351459.2946582923,   1.0
 -0.03925762051804961, 0.03962902435802826,  6.599213625958764, 53.83816657187484,  54.23799413649072,   0.346179970874397, 304.7980995579792,  57.41673892835761,  351149.807386433,      0.0,  351149.807386433,   1.0
  -0.0392576009237817, 0.03962900479167066, 6.5992128584528285, 53.83816619596614,  54.23799247274912, 0.34617995180032957,304.79809692109325,  56.41673966739278, 351384.5532398607,      0.0, 351384.5532398607,   1.0
  0.29999939999999997, 0.03962900479167066, 6.5992128584528285, 53.83816619596614,  54.23799247274912, 0.34617995180032957,304.79809692109325,  56.41673966739278, 261683.4567135083,      0.0, 261683.4567135083,   1.0
  -0.0392576009237817,-0.29999939999999997, 6.5992128584528285, 53.83816619596614,  54.23799247274912, 0.34617995180032957,304.79809692109325,  56.41673966739278,314583.39192695374,      0.0,314583.39192695374,   1.0
  -0.0392576009237817, 0.03962900479167066, 7.5992128584528285, 53.83816619596614,  54.23799247274912, 0.34617995180032957,304.79809692109325,  56.41673966739278, 351544.4297633557,      0.0, 351544.4297633557,   1.0
  -0.0392576009237817, 0.03962900479167066, 6.5992128584528285, 54.83816619596614,  54.23799247274912, 0.34617995180032957,304.79809692109325,  56.41673966739278, 351567.1101452089,      0.0, 351567.1101452089,   1.0
  -0.0392576009237817, 0.03962900479167066, 6.5992128584528285, 53.83816619596614,  55.23799247274912, 0.34617995180032957,304.79809692109325,  56.41673966739278,351124.21595211583,      0.0,351124.21595211583,   1.0
  -0.0392576009237817, 0.03962900479167066, 6.5992128584528285, 53.83816619596614,  54.23799247274912, 0.02000057999999999,304.79809692109325,  56.41673966739278,327863.95706702396,      0.0,327863.95706702396,   1.0
  -0.0392576009237817, 0.03962900479167066, 6.5992128584528285, 53.83816619596614,  54.23799247274912, 0.34617995180032957,305.79809692109325,  56.41673966739278, 351459.2946582923,      0.0, 351459.2946582923,   1.0
  -0.0392576009237817, 0.03962900479167066, 6.5992128584528285, 53.83816619596614,  54.23799247274912, 0.34617995180032957,304.79809692109325,  57.41673966739278,  351149.807386433,      0.0,  351149.807386433,   1.0
-0.039257596788679065, 0.03962900066245812,  6.599212696481183, 53.83816611663574,  54.23799212163918, 0.34617994777500816, 304.7980963646145,  56.41673982335606, 351384.5532398607,      0.0, 351384.5532398607,   1.0
  0.29999939999999997, 0.03962900066245812,  6.599212696481183, 53.83816611663574,  54.23799212163918, 0.34617994777500816, 304.7980963646145,  56.41673982335606, 261683.4567135083,      0.0, 261683.4567135083,   1.0
-0.039257596788679065,-0.29999939999999997,  6.599212696481183, 53.83816611663574,  54.23799212163918, 0.34617994777500816, 304.7980963646145,  56.41673982335606,314583.39192695374,      0.0,314583.39192695374,   1.0
-0.039257596788679065, 0.03962900066245812,  7.599212696481183, 53.83816611663574,  54.23799212163918, 0.34617994777500816, 304.7980963646145,  56.41673982335606, 351544.4297633557,      0.0, 351544.4297633557,   1.0
-0.039257596788679065, 0.03962900066245812,  6.599212696481183, 54.83816611663574,  54.23799212163918, 0.34617994777500816, 304.7980963646145,  56.41673982335606, 351567.1101452089,      0.0, 351567.1101452089,   1.0
-0.039257596788679065, 0.03962900066245812,  6.599212696481183, 53.83816611663574,  55.23799212163918, 0.34617994777500816, 304.7980963646145,  56.41673982335606,351124.21595211583,      0.0,351124.21595211583,   1.0
-0.039257596788679065, 0.03962900066245812,  6.599212696481183, 53.83816611663574,  54.23799212163918, 0.02000057999999999, 304.7980963646145,  56.41673982335606,327863.95706702396,      0.0,327863.95706702396,   1.0
-0.039257596788679065, 0.03962900066245812,  6.599212696481183, 53.83816611663574,  54.23799212163918, 0.34617994777500816, 305.7980963646145,  56.41673982335606, 351459.2946582923,      0.0, 351459.2946582923,   1.0
-0.039257596788679065, 0.03962900066245812,  6.599212696481183, 53.83816611663574,  54.23799212163918, 0.34617994777500816, 304.7980963646145,  57.41673982335606,  351149.807386433,      0.0,  351149.807386433,   1.0
 -0.03925759591602216, 0.03962899979104424,  6.599212662299281, 53.83816609989414,  54.23799204754222, 0.34617994692551907, 304.7980962471772, 56.416739856269984, 351384.5532398607,      0.0, 351384.5532398607,   1.0
  0.29999939999999997, 0.03962899979104424,  6.599212662299281, 53.83816609989414,  54.23799204754222, 0.34617994692551907, 304.7980962471772, 56.416739856269984, 261683.4567135083,      0.0, 261683.4567135083,   1.0
 -0.03925759591602216,-0.29999939999999997,  6.599212662299281, 53.83816609989414,  54.23799204754222, 0.34617994692551907, 304.7980962471772, 56.416739856269984,314583.39192695374,      0.0,314583.39192695374,   1.0
 -0.03925759591602216, 0.03962899979104424,  7.599212662299281, 53.83816609989414,  54.23799204754222, 0.34617994692551907, 304.7980962471772, 56.416739856269984, 351544.4297633557,      0.0, 351544.4297633557,   1.0
 -0.03925759591602216, 0.03962899979104424,  6.599212662299281, 54.83816609989414,  54.23799204754222, 0.34617994692551907, 304.7980962471772, 56.416739856269984, 351567.1101452089,      0.0, 351567.1101452089,   1.0
 -0.03925759591602216, 0.03962899979104424,  6.599212662299281, 53.83816609989414,  55.23799204754222, 0.34617994692551907, 304.7980962471772, 56.416739856269984,351124.21595211583,      0.0,351124.21595211583,   1.0
 -0.03925759591602216, 0.03962899979104424,  6.599212662299281, 53.83816609989414,  54.23799204754222, 0.02000057999999999, 304.7980962471772, 56.416739856269984,327863.95706702396,      0.0,327863.95706702396,   1.0
 -0.03925759591602216, 0.03962899979104424,  6.599212662299281, 53.83816609989414,  54.23799204754222, 0.34617994692551907, 305.7980962471772, 56.416739856269984, 351459.2946582923,      0.0, 351459.2946582923,   1.0
 -0.03925759591602216, 0.03962899979104424,  6.599212662299281, 53.83816609989414,  54.23799204754222, 0.34617994692551907, 304.7980962471772, 57.416739856269984,  351149.807386433,      0.0,  351149.807386433,   1.0
 -0.03925759573185984, 0.03962899960714425,  6.599212655085657, 53.83816609636106,  54.23799203190507, 0.34617994674624597, 304.7980962223937, 56.416739863216016, 351384.5532398607,      0.0, 351384.5532398607,   1.0
  0.29999939999999997, 0.03962899960714425,  6.599212655085657, 53.83816609636106,  54.23799203190507, 0.34617994674624597, 304.7980962223937, 56.416739863216016, 261683.4567135083,      0.0, 261683.4567135083,   1.0
 -0.03925759573185984, -0.2999993999999999,  6.599212655085657, 53.83816609636106,  54.23799203190507, 0.34617994674624597, 304.7980962223937, 56.416739863216016,314583.39192695374,      0.0,314583.39192695374,   1.0
 -0.03925759573185984, 0.03962899960714425,  7.599212655085657, 53.83816609636106,  54.23799203190507, 0.34617994674624597, 304.7980962223937, 56.416739863216016, 351544.4297633557,      0.0, 351544.4297633557,   1.0
 -0.03925759573185984, 0.03962899960714425,  6.599212655085657, 54.83816609636106,  54.23799203190507, 0.34617994674624597, 304.7980962223937, 56.416739863216016, 351567.1101452089,      0.0, 351567.1101452089,   1.0
 -0.03925759573185984, 0.03962899960714425,  6.599212655085657, 53.83816609636106,  55.23799203190507, 0.34617994674624597, 304.7980962223937, 56.416739863216016,351124.21595211583,      0.0,351124.21595211583,   1.0
 -0.03925759573185984, 0.03962899960714425,  6.599212655085657, 53.83816609636106,  54.23799203190507, 0.02000057999999999, 304.7980962223937, 56.416739863216016,327863.95706702396,      0.0,327863.95706702396,   1.0
 -0.03925759573185984, 0.03962899960714425,  6.599212655085657, 53.83816609636106,  54.23799203190507, 0.34617994674624597, 305.7980962223937, 56.416739863216016, 351459.2946582923,      0.0, 351459.2946582923,   1.0
 -0.03925759573185984, 0.03962899960714425,  6.599212655085657, 53.83816609636106,  54.23799203190507, 0.34617994674624597, 304.7980962223937, 57.416739863216016,  351149.807386433,      0.0,  351149.807386433,   1.0
 -0.03925759569299492,0.039628999568334676,   6.59921265356332, 53.83816609561545,  54.23799202860507,  0.3461799467084129, 304.7980962171635,  56.41673986468188, 351384.5532398607,      0.0, 351384.5532398607,   1.0
  0.29999939999999997,0.039628999568334676,   6.59921265356332, 53.83816609561545,  54.23799202860507,  0.3461799467084129, 304.7980962171635,  56.41673986468188, 261683.4567135083,      0.0, 261683.4567135083,   1.0
 -0.03925759569299492,-0.29999939999999997,   6.59921265356332, 53.83816609561545,  54.23799202860507,  0.3461799467084129, 304.7980962171635,  56.41673986468188,314583.39192695374,      0.0,314583.39192695374,   1.0
 -0.03925759569299492,0.039628999568334676,   7.59921265356332, 53.83816609561545,  54.23799202860507,  0.3461799467084129, 304.7980962171635,  56.41673986468188, 351544.4297633557,      0.0, 351544.4297633557,   1.0
 -0.03925759569299492,0.039628999568334676,   6.59921265356332, 54.83816609561545,  54.23799202860507,  0.3461799467084129, 304.7980962171635,  56.41673986468188, 351567.1101452089,      0.0, 351567.1101452089,   1.0
 -0.03925759569299492,0.039628999568334676,   6.59921265356332, 53.83816609561545,  55.23799202860507,  0.3461799467084129, 304.7980962171635,  56.41673986468188,351124.21595211583,      0.0,351124.21595211583,   1.0
 -0.03925759569299492,0.039628999568334676,   6.59921265356332, 53.83816609561545,  54.23799202860507, 0.02000057999999999, 304.7980962171635,  56.41673986468188,327863.95706702396,      0.0,327863.95706702396,   1.0
 -0.03925759569299492,0.039628999568334676,   6.59921265356332, 53.83816609561545,  54.23799202860507,  0.3461799467084129, 305.7980962171635,  56.41673986468188, 351459.2946582923,      0.0, 351459.2946582923,   1.0
 -0.03925759569299492,0.039628999568334676,   6.59921265356332, 53.83816609561545,  54.23799202860507,  0.3461799467084129, 304.7980962171635,  57.41673986468188,  351149.807386433,      0.0,  351149.807386433,   1.0
   -0.039257595684793, 0.03962899956014445,  6.599212653242052,  53.8381660954581, 54.237992027908646, 0.34617994670042873, 304.7980962160597,  56.41673986499123, 351384.5532398607,      0.0, 351384.5532398607,   1.0
  0.29999939999999997, 0.03962899956014445,  6.599212653242052,  53.8381660954581, 54.237992027908646, 0.34617994670042873, 304.7980962160597,  56.41673986499123, 261683.4567135083,      0.0, 261683.4567135083,   1.0
   -0.039257595684793,-0.29999939999999997,  6.599212653242052,  53.8381660954581, 54.237992027908646, 0.34617994670042873, 304.7980962160597,  56.41673986499123,314583.39192695374,      0.0,314583.39192695374,   1.0
   -0.039257595684793, 0.03962899956014445,  7.599212653242052,  53.8381660954581, 54.237992027908646, 0.34617994670042873, 304.7980962160597,  56.41673986499123, 351544.4297633557,      0.0, 351544.4297633557,   1.0
   -0.039257595684793, 0.03962899956014445,  6.599212653242052,  54.8381660954581, 54.237992027908646, 0.34617994670042873, 304.7980962160597,  56.41673986499123, 351567.1101452089,      0.0, 351567.1101452089,   1.0
   -0.039257595684793, 0.03962899956014445,  6.599212653242052,  53.8381660954581, 55.237992027908646, 0.34617994670042873, 304.7980962160597,  56.41673986499123,351124.21595211583,      0.0,351124.21595211583,   1.0
   -0.039257595684793, 0.03962899956014445,  6.599212653242052,  53.8381660954581, 54.237992027908646, 0.02000057999999999, 304.7980962160597,  56.41673986499123,327863.95706702396,      0.0,327863.95706702396,   1.0
   -0.039257595684793, 0.03962899956014445,  6.599212653242052,  53.8381660954581, 54.237992027908646, 0.34617994670042873, 305.7980962160597,  56.41673986499123, 351459.2946582923,      0.0, 351459.2946582923,   1.0
   -0.039257595684793, 0.03962899956014445,  6.599212653242052,  53.8381660954581, 54.237992027908646, 0.34617994670042873, 304.7980962160597,  57.41673986499123,  351149.807386433,      0.0,  351149.807386433,   1.0
-0.039257595683062085,   0.039628999558416,  6.599212653174253, 53.83816609542489,  54.23799202776168, 0.34617994669874375, 304.7980962158268,  56.41673986505651, 351384.5532398607,      0.0, 351384.5532398607,   1.0
  0.29999939999999997,   0.039628999558416,  6.599212653174253, 53.83816609542489,  54.23799202776168, 0.34617994669874375, 304.7980962158268,  56.41673986505651, 261683.4567135083,      0.0, 261683.4567135083,   1.0
-0.039257595683062085,-0.29999939999999997,  6.599212653174253, 53.83816609542489,  54.23799202776168, 0.34617994669874375, 304.7980962158268,  56.41673986505651,314583.39192695374,      0.0,314583.39192695374,   1.0
-0.039257595683062085,   0.039628999558416,  7.599212653174253, 53.83816609542489,  54.23799202776168, 0.34617994669874375, 304.7980962158268,  56.41673986505651, 351544.4297633557,      0.0, 351544.4297633557,   1.0
-0.039257595683062085,   0.039628999558416,  6.599212653174253, 54.83816609542489,  54.23799202776168, 0.34617994669874375, 304.7980962158268,  56.41673986505651, 351567.1101452089,      0.0, 351567.1101452089,   1.0
-0.039257595683062085,   0.039628999558416,  6.599212653174253, 53.83816609542489,  55.23799202776168, 0.34617994669874375, 304.7980962158268,  56.41673986505651,351124.21595211583,      0.0,351124.21595211583,   1.0
-0.039257595683062085,   0.039628999558416,  6.599212653174253, 53.83816609542489,  54.23799202776168, 0.02000057999999999, 304.7980962158268,  56.41673986505651,327863.95706702396,      0.0,327863.95706702396,   1.0
-0.039257595683062085,   0.039628999558416,  6.599212653174253, 53.83816609542489,  54.23799202776168, 0.34617994669874375, 305.7980962158268,  56.41673986505651, 351459.2946582923,      0.0, 351459.2946582923,   1.0
-0.039257595683062085,   0.039628999558416,  6.599212653174253, 53.83816609542489,  54.23799202776168, 0.34617994669874375, 304.7980962158268,  57.41673986505651,  351149.807386433,      0.0,  351149.807386433,   1.0
 -0.03925759568269679, 0.03962899955805122, 6.5992126531599435, 53.83816609541788, 54.237992027730655, 0.34617994669838814, 304.7980962157776,  56.41673986507029, 351384.5532398607,      0.0, 351384.5532398607,   1.0
  0.29999939999999997, 0.03962899955805122, 6.5992126531599435, 53.83816609541788, 54.237992027730655, 0.34617994669838814, 304.7980962157776,  56.41673986507029, 261683.4567135083,      0.0, 261683.4567135083,   1.0
 -0.03925759568269679,-0.29999939999999997, 6.5992126531599435, 53.83816609541788, 54.237992027730655, 0.34617994669838814, 304.7980962157776,  56.41673986507029,314583.39192695374,      0.0,314583.39192695374,   1.0
 -0.03925759568269679, 0.03962899955805122, 7.5992126531599435, 53.83816609541788, 54.237992027730655, 0.34617994669838814, 304.7980962157776,  56.41673986507029, 351544.4297633557,      0.0, 351544.4297633557,   1.0
 -0.03925759568269679, 0.03962899955805122, 6.5992126531599435, 54.83816609541788, 54.237992027730655, 0.34617994669838814, 304.7980962157776,  56.41673986507029, 351567.1101452089,      0.0, 351567.1101452089,   1.0
 -0.03925759568269679, 0.03962899955805122, 6.5992126531599435, 53.83816609541788, 55.237992027730655, 0.34617994669838814, 304.7980962157776,  56.41673986507029,351124.21595211583,      0.0,351124.21595211583,   1.0
 -0.03925759568269679, 0.03962899955805122, 6.5992126531599435, 53.83816609541788, 54.237992027730655, 0.02000057999999999, 304.7980962157776,  56.41673986507029,327863.95706702396,      0.0,327863.95706702396,   1.0
 -0.03925759568269679, 0.03962899955805122, 6.5992126531599435, 53.83816609541788, 54.237992027730655, 0.34617994669838814, 305.7980962157776,  56.41673986507029, 351459.2946582923,      0.0, 351459.2946582923,   1.0
 -0.03925759568269679, 0.03962899955805122, 6.5992126531599435, 53.83816609541788, 54.237992027730655, 0.34617994669838814, 304.7980962157776,  57.41673986507029,  351149.807386433,      0.0,  351149.807386433,   1.0
  -0.0392575956826197, 0.03962899955797425,  6.599212653156925,53.838166095416405,  54.23799202772411,  0.3461799466983131,304.79809621576726, 56.416739865073204, 351384.5532398607,      0.0, 351384.5532398607,   1.0
  0.29999939999999997, 0.03962899955797425,  6.599212653156925,53.838166095416405,  54.23799202772411,  0.3461799466983131,304.79809621576726, 56.416739865073204, 261683.4567135083,      0.0, 261683.4567135083,   1.0
  -0.0392575956826197, -0.2999993999999999,  6.599212653156925,53.838166095416405,  54.23799202772411,  0.3461799466983131,304.79809621576726, 56.416739865073204,314583.39192695374,      0.0,314583.39192695374,   1.0
  -0.0392575956826197, 0.03962899955797425,  7.599212653156925,53.838166095416405,  54.23799202772411,  0.3461799466983131,304.79809621576726, 56.416739865073204, 351544.4297633557,      0.0, 351544.4297633557,   1.0
  -0.0392575956826197, 0.03962899955797425,  6.599212653156925,54.838166095416405,  54.23799202772411,  0.3461799466983131,304.79809621576726, 56.416739865073204, 351567.1101452089,      0.0, 351567.1101452089,   1.0
  -0.0392575956826197, 0.03962899955797425,  6.599212653156925,53.838166095416405,  55.23799202772411,  0.3461799466983131,304.79809621576726, 56.416739865073204,351124.21595211583,      0.0,351124.21595211583,   1.0
  -0.0392575956826197, 0.03962899955797425,  6.599212653156925,53.838166095416405,  54.23799202772411, 0.02000057999999999,304.79809621576726, 56.416739865073204,327863.95706702396,      0.0,327863.95706702396,   1.0
  -0.0392575956826197, 0.03962899955797425,  6.599212653156925,53.838166095416405,  54.23799202772411,  0.3461799466983131,305.79809621576726, 56.416739865073204, 351459.2946582923,      0.0, 351459.2946582923,   1.0
  -0.0392575956826197, 0.03962899955797425,  6.599212653156925,53.838166095416405,  54.23799202772411,  0.3461799466983131,304.79809621576726, 57.416739865073204,  351149.807386433,      0.0,  351149.807386433,   1.0
 -0.03925759568267058, 0.03962899955802505,  6.599212653158918, 53.83816609541738,  54.23799202772843, 0.34617994669836266, 304.7980962157741, 56.416739865071285, 351384.5532398607,      0.0, 351384.5532398607,   1.0
  0.29999939999999997, 0.03962899955802505,  6.599212653158918, 53.83816609541738,  54.23799202772843, 0.34617994669836266, 304.7980962157741, 56.416739865071285, 261683.4567135083,      0.0, 261683.4567135083,   1.0
 -0.03925759568267058,-0.29999939999999997,  6.599212653158918, 53.83816609541738,  54.23799202772843, 0.34617994669836266, 304.7980962157741, 56.416739865071285,314583.39192695374,      0.0,314583.39192695374,   1.0
 -0.03925759568267058, 0.03962899955802505,  7.599212653158918, 53.83816609541738,  54.23799202772843, 0.34617994669836266, 304.7980962157741, 56.416739865071285, 351544.4297633557,      0.0, 351544.4297633557,   1.0
 -0.03925759568267058, 0.03962899955802505,  6.599212653158918, 54.83816609541738,  54.23799202772843, 0.34617994669836266, 304.7980962157741, 56.416739865071285, 351567.1101452089,      0.0, 351567.1101452089,   1.0
 -0.03925759568267058, 0.03962899955802505,  6.599212653158918, 53.83816609541738,  55.23799202772843, 0.34617994669836266, 304.7980962157741, 56.416739865071285,351124.21595211583,      0.0,351124.21595211583,   1.0
 -0.03925759568267058, 0.03962899955802505,  6.599212653158918, 53.83816609541738,  54.23799202772843, 0.02000057999999999, 304.7980962157741, 56.416739865071285,327863.95706702396,      0.0,327863.95706702396,   1.0
 -0.03925759568267058, 0.03962899955802505,  6.599212653158918, 53.83816609541738,  54.23799202772843, 0.34617994669836266, 305.7980962157741, 56.416739865071285, 351459.2946582923,      0.0, 351459.2946582923,   1.0
 -0.03925759568267058, 0.03962899955802505,  6.599212653158918, 53.83816609541738,  54.23799202772843, 0.34617994669836266, 304.7980962157741, 57.416739865071285,  351149.807386433,      0.0,  351149.807386433,   1.0
 -0.29999939999999997, 0.29999939999999997,           59.99988,          79.99994,          -89.99974,          0.59999942, 454.2809332821783,           5.000115,216127.98872567376,      0.0,216127.98872567376,   1.0
  0.29999939999999997, 0.29999939999999997,           59.99988,          79.99994,          -89.99974,          0.59999942, 454.2809332821783,           5.000115, 235954.7041103656,      0.0, 235954.7041103656,   1.0
 -0.29999939999999997,-0.29999939999999997,           59.99988,          79.99994,          -89.99974,          0.59999942, 454.2809332821783,           5.000115,226315.58509154318,      0.0,226315.58509154318,   1.0
 -0.29999939999999997, 0.29999939999999997,           58.99988,          79.99994,          -89.99974,          0.59999942, 454.2809332821783,           5.000115,215918.49405481666,      0.0,215918.49405481666,   1.0
 -0.29999939999999997, 0.29999939999999997,           59.99988,          78.99994,          -89.99974,          0.59999942, 454.2809332821783,           5.000115,209706.16059936775,      0.0,209706.16059936775,   1.0
 -0.29999939999999997, 0.29999939999999997,           59.99988,          79.99994,          -88.99974,          0.59999942, 454.2809332821783,           5.000115, 214815.6999860417,      0.0, 214815.6999860417,   1.0
 -0.29999939999999997, 0.29999939999999997,           59.99988,          79.99994,          -89.99974,0.020000580000000046, 454.2809332821783,           5.000115,208779.27950333868,      0.0,208779.27950333868,   1.0
 -0.29999939999999997, 0.29999939999999997,           59.99988,          79.99994,          -89.99974,          0.59999942, 455.2809332821783,           5.000115,  216169.312565658,      0.0,  216169.312565658,   1.0
 -0.29999939999999997, 0.29999939999999997,           59.99988,          79.99994,          -89.99974,          0.59999942, 454.2809332821783,           6.000115,216330.68813737328,      0.0,216330.68813737328,   1.0
 -0.06333321632363345, 0.06367032658492389, 11.529968626048204,56.253816111615734,  40.91978658109822, 0.36961639321102907, 318.6006089619584,  51.66918065363654,  351560.944293061,      0.0,  351560.944293061,   1.0
            0.2999994, 0.06367032658492389, 11.529968626048204,56.253816111615734,  40.91978658109822, 0.36961639321102907, 318.6006089619584,  51.66918065363654,262997.96787995193,      0.0,262997.96787995193,   1.0
 -0.06333321632363345,-0.29999939999999997, 11.529968626048204,56.253816111615734,  40.91978658109822, 0.36961639321102907, 318.6006089619584,  51.66918065363654,286821.11895398656,      0.0,286821.11895398656,   1.0
 -0.06333321632363345, 0.06367032658492389, 12.529968626048204,56.253816111615734,  40.91978658109822, 0.36961639321102907, 318.6006089619584,  51.66918065363654, 352000.4693287115,      0.0, 352000.4693287115,   1.0
 -0.06333321632363345, 0.06367032658492389, 11.529968626048204,57.253816111615734,  40.91978658109822, 0.36961639321102907, 318.6006089619584,  51.66918065363654,351771.90592427977,      0.0,351771.90592427977,   1.0
 -0.06333321632363345, 0.06367032658492389, 11.529968626048204,56.253816111615734,  41.91978658109822, 0.36961639321102907, 318.6006089619584,  51.66918065363654,352003.36710717645,      0.0,352003.36710717645,   1.0
 -0.06333321632363345, 0.06367032658492389, 11.529968626048204,56.253816111615734,  40.91978658109822, 0.02000057999999999, 318.6006089619584,  51.66918065363654,  324049.146503433,      0.0,  324049.146503433,   1.0
 -0.06333321632363345, 0.06367032658492389, 11.529968626048204,56.253816111615734,  40.91978658109822, 0.36961639321102907, 319.6006089619584,  51.66918065363654,351698.37036151637,      0.0,351698.37036151637,   1.0
 -0.06333321632363345, 0.06367032658492389, 11.529968626048204,56.253816111615734,  40.91978658109822, 0.36961639321102907, 318.6006089619584,  52.66918065363654, 351494.9715210451,      0.0, 351494.9715210451,   1.0
 -0.29999939999999997, 0.29999939999999997,  33.52650733742972, 67.03007003934813,-18.489639731328367,  0.5807491293534532,380.17237978515925, 30.491018681516433,189257.11463420102,      0.0,189257.11463420102,   1.0
  0.29999939999999997, 0.29999939999999997,  33.52650733742972, 67.03007003934813,-18.489639731328367,  0.5807491293534532,380.17237978515925, 30.491018681516433, 238006.7505040502,      0.0, 238006.7505040502,   1.0
 -0.29999939999999997,-0.29999939999999997,  33.52650733742972, 67.03007003934813,-18.489639731328367,  0.5807491293534532,380.17237978515925, 30.491018681516433,251495.37147065817,      0.0,251495.37147065817,   1.0
 -0.29999939999999997, 0.29999939999999997,  34.52650733742972, 67.03007003934813,-18.489639731328367,  0.5807491293534532,380.17237978515925, 30.491018681516433,190866.38619897712,      0.0,190866.38619897712,   1.0
 -0.29999939999999997, 0.29999939999999997,  33.52650733742972, 68.03007003934813,-18.489639731328367,  0.5807491293534532,380.17237978515925, 30.491018681516433,190659.03986851155,      0.0,190659.03986851155,   1.0
 -0.29999939999999997, 0.29999939999999997,  33.52650733742972, 67.03007003934813,-17.489639731328367,  0.5807491293534532,380.17237978515925, 30.491018681516433, 192102.9244040253,      0.0, 192102.9244040253,   1.0
 -0.29999939999999997, 0.29999939999999997,  33.52650733742972, 67.03007003934813,-18.489639731328367,0.020000580000000046,380.17237978515925, 30.491018681516433, 79449.66951947595,      0.0, 79449.66951947595,   1.0
 -0.29999939999999997, 0.29999939999999997,  33.52650733742972, 67.03007003934813,-18.489639731328367,  0.5807491293534532,381.17237978515925, 30.491018681516433,188800.60469105936,      0.0,188800.60469105936,   1.0
 -0.29999939999999997, 0.29999939999999997,  33.52650733742972, 67.03007003934813,-18.489639731328367,  0.5807491293534532,380.17237978515925, 31.491018681516433, 191873.3716141481,      0.0, 191873.3716141481,   1.0
  -0.0918511330089159, 0.09214762199429824, 14.180518225451788,57.552338388506655,  33.76104069024033,  0.3950575681406886,326.01991409134047,  49.11724421182434, 345336.2233227685,      0.0, 345336.2233227685,   1.0
  0.29999939999999997, 0.09214762199429824, 14.180518225451788,57.552338388506655,  33.76104069024033,  0.3950575681406886,326.01991409134047,  49.11724421182434,261092.95040453467,      0.0,261092.95040453467,   1.0
  -0.0918511330089159, -0.2999993999999999, 14.180518225451788,57.552338388506655,  33.76104069024033,  0.3950575681406886,326.01991409134047,  49.11724421182434, 268712.2857662047,      0.0, 268712.2857662047,   1.0
  -0.0918511330089159, 0.09214762199429824, 15.180518225451788,57.552338388506655,  33.76104069024033,  0.3950575681406886,326.01991409134047,  49.11724421182434,345906.69741991995,      0.0,345906.69741991995,   1.0
  -0.0918511330089159, 0.09214762199429824, 14.180518225451788,58.552338388506655,  33.76104069024033,  0.3950575681406886,326.01991409134047,  49.11724421182434, 345163.8862524573,      0.0, 345163.8862524573,   1.0
  -0.0918511330089159, 0.09214762199429824, 14.180518225451788,57.552338388506655,  34.76104069024033,  0.3950575681406886,326.01991409134047,  49.11724421182434, 346119.6197441473,      0.0, 346119.6197441473,   1.0
  -0.0918511330089159, 0.09214762199429824, 14.180518225451788,57.552338388506655,  33.76104069024033, 0.02000057999999999,326.01991409134047,  49.11724421182434,319392.79868532286,      0.0,319392.79868532286,   1.0
  -0.0918511330089159, 0.09214762199429824, 14.180518225451788,57.552338388506655,  33.76104069024033,  0.3950575681406886,327.01991409134047,  49.11724421182434, 345437.3032418982,      0.0, 345437.3032418982,   1.0
  -0.0918511330089159, 0.09214762199429824, 14.180518225451788,57.552338388506655,  33.76104069024033,  0.3950575681406886,326.01991409134047,  50.11724421182434, 345448.1093118355,      0.0, 345448.1093118355,   1.0
 -0.06736287303399324, 0.06769424340204909, 11.904498262881399,  56.4373007281244,  39.90823693898346, 0.37321129821079185,319.64897631048393,  51.30858531560235, 350832.5473529451,      0.0, 350832.5473529451,   1.0
  0.29999939999999997, 0.06769424340204909, 11.904498262881399,  56.4373007281244,  39.90823693898346, 0.37321129821079185,319.64897631048393,  51.30858531560235,  262631.319749214,      0.0,  262631.319749214,   1.0
 -0.06736287303399324,-0.29999939999999997, 11.904498262881399,  56.4373007281244,  39.90823693898346, 0.37321129821079185,319.64897631048393,  51.30858531560235, 284213.0298421451,      0.0, 284213.0298421451,   1.0
 -0.06736287303399324, 0.06769424340204909, 12.904498262881399,  56.4373007281244,  39.90823693898346, 0.37321129821079185,319.64897631048393,  51.30858531560235, 351275.9397269323,      0.0, 351275.9397269323,   1.0
 -0.06736287303399324, 0.06769424340204909, 11.904498262881399,  57.4373007281244,  39.90823693898346, 0.37321129821079185,319.64897631048393,  51.30858531560235, 351048.7598159744,      0.0, 351048.7598159744,   1.0
 -0.06736287303399324, 0.06769424340204909, 11.904498262881399,  56.4373007281244,  40.90823693898346, 0.37321129821079185,319.64897631048393,  51.30858531560235,351308.47356350947,      0.0,351308.47356350947,   1.0
 -0.06736287303399324, 0.06769424340204909, 11.904498262881399,  56.4373007281244,  39.90823693898346, 0.02000057999999999,319.64897631048393,  51.30858531560235, 324118.6451906023,      0.0, 324118.6451906023,   1.0
 -0.06736287303399324, 0.06769424340204909, 11.904498262881399,  56.4373007281244,  39.90823693898346, 0.37321129821079185,320.64897631048393,  51.30858531560235,  350949.872541644,      0.0,  350949.872541644,   1.0
 -0.06736287303399324, 0.06769424340204909, 11.904498262881399,  56.4373007281244,  39.90823693898346, 0.37321129821079185,319.64897631048393,  52.30858531560235,350745.57838955236,      0.0,350745.57838955236,   1.0
 -0.06390289859248743,  0.0642391973912549, 11.582916782330514, 56.27975577351391, 40.776781373310456, 0.37012461358407334, 318.7488191775247,  51.61820242271643,351420.01672739745,      0.0,351420.01672739745,   1.0
  0.29999939999999997,  0.0642391973912549, 11.582916782330514, 56.27975577351391, 40.776781373310456, 0.37012461358407334, 318.7488191775247,  51.61820242271643,263002.53142979846,      0.0,263002.53142979846,   1.0
 -0.06390289859248743,-0.29999939999999997, 11.582916782330514, 56.27975577351391, 40.776781373310456, 0.37012461358407334, 318.7488191775247,  51.61820242271643, 286373.0094338119,      0.0, 286373.0094338119,   1.0
 -0.06390289859248743,  0.0642391973912549, 12.582916782330514, 56.27975577351391, 40.776781373310456, 0.37012461358407334, 318.7488191775247,  51.61820242271643, 351876.7280154122,      0.0, 351876.7280154122,   1.0
 -0.06390289859248743,  0.0642391973912549, 11.582916782330514, 57.27975577351391, 40.776781373310456, 0.37012461358407334, 318.7488191775247,  51.61820242271643,  351634.471504695,      0.0,  351634.471504695,   1.0
 -0.06390289859248743,  0.0642391973912549, 11.582916782330514, 56.27975577351391, 41.776781373310456, 0.37012461358407334, 318.7488191775247,  51.61820242271643,351817.88056224067,      0.0,351817.88056224067,   1.0
 -0.06390289859248743,  0.0642391973912549, 11.582916782330514, 56.27975577351391, 40.776781373310456, 0.02000057999999999, 318.7488191775247,  51.61820242271643,324005.06002316356,      0.0,324005.06002316356,   1.0
 -0.06390289859248743,  0.0642391973912549, 11.582916782330514, 56.27975577351391, 40.776781373310456, 0.37012461358407334, 319.7488191775247,  51.61820242271643, 351556.2276494454,      0.0, 351556.2276494454,   1.0
 -0.06390289859248743,  0.0642391973912549, 11.582916782330514, 56.27975577351391, 40.776781373310456, 0.37012461358407334, 318.7488191775247,  52.61820242271643,351351.79388769413,      0.0,351351.79388769413,   1.0
 -0.06340402143796657, 0.06374103084356979, 11.536549487809687,56.257040120553484,  40.90201263825107, 0.36967955930129937,318.61902982887364,  51.66284463149553,351523.06406869437,      0.0,351523.06406869437,   1.0
  0.29999939999999997, 0.06374103084356979, 11.536549487809687,56.257040120553484,  40.90201263825107, 0.36967955930129937,318.61902982887364,  51.66284463149553, 262996.1447573417,      0.0, 262996.1447573417,   1.0
 -0.06340402143796657,-0.29999939999999997, 11.536549487809687,56.257040120553484,  40.90201263825107, 0.36967955930129937,318.61902982887364,  51.66284463149553, 286763.2686564982,      0.0, 286763.2686564982,   1.0
 -0.06340402143796657, 0.06374103084356979, 12.536549487809687,56.257040120553484,  40.90201263825107, 0.36967955930129937,318.61902982887364,  51.66284463149553, 351969.5771014886,      0.0, 351969.5771014886,   1.0
 -0.06340402143796657, 0.06374103084356979, 11.536549487809687,57.257040120553484,  40.90201263825107, 0.36967955930129937,318.61902982887364,  51.66284463149553, 351772.9147127317,      0.0, 351772.9147127317,   1.0
 -0.06340402143796657, 0.06374103084356979, 11.536549487809687,56.257040120553484,  41.90201263825107, 0.36967955930129937,318.61902982887364,  51.66284463149553, 352020.6497776222,      0.0, 352020.6497776222,   1.0
 -0.06340402143796657, 0.06374103084356979, 11.536549487809687,56.257040120553484,  40.90201263825107, 0.02000057999999999,318.61902982887364,  51.66284463149553,324026.83141524467,      0.0,324026.83141524467,   1.0
 -0.06340402143796657, 0.06374103084356979, 11.536549487809687,56.257040120553484,  40.90201263825107, 0.36967955930129937,319.61902982887364,  51.66284463149553, 351652.8973753062,      0.0, 351652.8973753062,   1.0
 -0.06340402143796657, 0.06374103084356979, 11.536549487809687,56.257040120553484,  40.90201263825107, 0.36967955930129937,318.61902982887364,  52.66284463149553, 351459.3542533664,      0.0, 351459.3542533664,   1.0
  -0.0633392991857335, 0.06367640078251936, 11.530533987392108,56.254093085983506,  40.91825962299171,  0.3696218198051407,318.60219149726345,   51.6686363264462, 351547.4739977071,      0.0, 351547.4739977071,   1.0
  0.29999939999999997, 0.06367640078251936, 11.530533987392108,56.254093085983506,  40.91825962299171,  0.3696218198051407,318.60219149726345,   51.6686363264462,262999.10185182595,      0.0,262999.10185182595,   1.0
  -0.0633392991857335,-0.29999939999999997, 11.530533987392108,56.254093085983506,  40.91825962299171,  0.3696218198051407,318.60219149726345,   51.6686363264462,286821.04827736295,      0.0,286821.04827736295,   1.0
  -0.0633392991857335, 0.06367640078251936, 12.530533987392108,56.254093085983506,  40.91825962299171,  0.3696218198051407,318.60219149726345,   51.6686363264462, 351985.1570282888,      0.0, 351985.1570282888,   1.0
  -0.0633392991857335, 0.06367640078251936, 11.530533987392108,57.254093085983506,  40.91825962299171,  0.3696218198051407,318.60219149726345,   51.6686363264462,   351762.34967354,      0.0,   351762.34967354,   1.0
  -0.0633392991857335, 0.06367640078251936, 11.530533987392108,56.254093085983506,  41.91825962299171,  0.3696218198051407,318.60219149726345,   51.6686363264462, 352003.9137610544,      0.0, 352003.9137610544,   1.0
  -0.0633392991857335, 0.06367640078251936, 11.530533987392108,56.254093085983506,  40.91825962299171, 0.02000057999999999,318.60219149726345,   51.6686363264462, 324037.6779498812,      0.0, 324037.6779498812,   1.0
  -0.0633392991857335, 0.06367640078251936, 11.530533987392108,56.254093085983506,  40.91825962299171,  0.3696218198051407,319.60219149726345,   51.6686363264462, 351685.1755853219,      0.0, 351685.1755853219,   1.0
  -0.0633392991857335, 0.06367640078251936, 11.530533987392108,56.254093085983506,  40.91825962299171,  0.3696218198051407,318.60219149726345,   52.6686363264462,351480.36532274086,      0.0,351480.36532274086,   1.0
 -0.06333340032619315, 0.06367051032538805, 11.529985727855335,56.253824489907366,  40.91974039162433, 0.36961655736191573,318.60065683260586, 51.669164188098655,  351560.944293061,      0.0,  351560.944293061,   1.0
  0.29999939999999997, 0.06367051032538805, 11.529985727855335,56.253824489907366,  40.91974039162433, 0.36961655736191573,318.60065683260586, 51.669164188098655,262997.96787995193,      0.0,262997.96787995193,   1.0
 -0.06333340032619315,-0.29999939999999997, 11.529985727855335,56.253824489907366,  40.91974039162433, 0.36961655736191573,318.60065683260586, 51.669164188098655,286821.11895398656,      0.0,286821.11895398656,   1.0
 -0.06333340032619315, 0.06367051032538805, 12.529985727855335,56.253824489907366,  40.91974039162433, 0.36961655736191573,318.60065683260586, 51.669164188098655, 352000.4693287115,      0.0, 352000.4693287115,   1.0
 -0.06333340032619315, 0.06367051032538805, 11.529985727855335,57.253824489907366,  40.91974039162433, 0.36961655736191573,318.60065683260586, 51.669164188098655,351771.90056977945,      0.0,351771.90056977945,   1.0
 -0.06333340032619315, 0.06367051032538805, 11.529985727855335,56.253824489907366,  41.91974039162433, 0.36961655736191573,318.60065683260586, 51.669164188098655,352003.36710717645,      0.0,352003.36710717645,   1.0
 -0.06333340032619315, 0.06367051032538805, 11.529985727855335,56.253824489907366,  40.91974039162433, 0.02000057999999999,318.60065683260586, 51.669164188098655,  324049.146503433,      0.0,  324049.146503433,   1.0
 -0.06333340032619315, 0.06367051032538805, 11.529985727855335,56.253824489907366,  40.91974039162433, 0.36961655736191573,319.60065683260586, 51.669164188098655,351698.37036151637,      0.0,351698.37036151637,   1.0
 -0.06333340032619315, 0.06367051032538805, 11.529985727855335,56.253824489907366,  40.91974039162433, 0.36961655736191573,318.60065683260586, 52.669164188098655, 351495.1481978679,      0.0, 351495.1481978679,   1.0
 -0.06333325515538693, 0.06367036536136493, 11.529972235199944, 56.25381787976372,  40.91977683330848,  0.3696164278533013,318.60061906454166,  51.66917717876255,  351560.944293061,      0.0,  351560.944293061,   1.0
            0.2999994, 0.06367036536136493, 11.529972235199944, 56.25381787976372,  40.91977683330848,  0.3696164278533013,318.60061906454166,  51.66917717876255,262997.96787995193,      0.0,262997.96787995193,   1.0
 -0.06333325515538693,-0.29999939999999997, 11.529972235199944, 56.25381787976372,  40.91977683330848,  0.3696164278533013,318.60061906454166,  51.66917717876255,286821.11895398656,      0.0,286821.11895398656,   1.0
 -0.06333325515538693, 0.06367036536136493, 12.529972235199944, 56.25381787976372,  40.91977683330848,  0.3696164278533013,318.60061906454166,  51.66917717876255, 352000.4693287115,      0.0, 352000.4693287115,   1.0
 -0.06333325515538693, 0.06367036536136493, 11.529972235199944, 57.25381787976372,  40.91977683330848,  0.3696164278533013,318.60061906454166,  51.66917717876255,351771.90592427977,      0.0,351771.90592427977,   1.0
 -0.06333325515538693, 0.06367036536136493, 11.529972235199944, 56.25381787976372,  41.91977683330848,  0.3696164278533013,318.60061906454166,  51.66917717876255,352003.36710717645,      0.0,352003.36710717645,   1.0
 -0.06333325515538693, 0.06367036536136493, 11.529972235199944, 56.25381787976372,  40.91977683330848, 0.02000057999999999,318.60061906454166,  51.66917717876255,  324049.146503433,      0.0,  324049.146503433,   1.0
 -0.06333325515538693, 0.06367036536136493, 11.529972235199944, 56.25381787976372,  40.91977683330848,  0.3696164278533013,319.60061906454166,  51.66917717876255,351698.37036151637,      0.0,351698.37036151637,   1.0
 -0.06333325515538693, 0.06367036536136493, 11.529972235199944, 56.25381787976372,  40.91977683330848,  0.3696164278533013,318.60061906454166,  52.66917717876255,351495.14905337483,      0.0,351495.14905337483,   1.0
 -0.06333322451865327, 0.06367033476827061,  11.52996938772048,56.253816484764165,  40.91978452393307, 0.36961640052190436, 318.6006110939989,  51.66917992030213,  351560.944293061,      0.0,  351560.944293061,   1.0
  0.29999939999999997, 0.06367033476827061,  11.52996938772048,56.253816484764165,  40.91978452393307, 0.36961640052190436, 318.6006110939989,  51.66917992030213,262997.96787995193,      0.0,262997.96787995193,   1.0
 -0.06333322451865327,-0.29999939999999997,  11.52996938772048,56.253816484764165,  40.91978452393307, 0.36961640052190436, 318.6006110939989,  51.66917992030213,286821.11895398656,      0.0,286821.11895398656,   1.0
 -0.06333322451865327, 0.06367033476827061,  12.52996938772048,56.253816484764165,  40.91978452393307, 0.36961640052190436, 318.6006110939989,  51.66917992030213, 352000.4693287115,      0.0, 352000.4693287115,   1.0
 -0.06333322451865327, 0.06367033476827061,  11.52996938772048,57.253816484764165,  40.91978452393307, 0.36961640052190436, 318.6006110939989,  51.66917992030213,351771.90592427977,      0.0,351771.90592427977,   1.0
 -0.06333322451865327, 0.06367033476827061,  11.52996938772048,56.253816484764165,  41.91978452393307, 0.36961640052190436, 318.6006110939989,  51.66917992030213,352003.36710717645,      0.0,352003.36710717645,   1.0
 -0.06333322451865327, 0.06367033476827061,  11.52996938772048,56.253816484764165,  40.91978452393307, 0.02000057999999999, 318.6006110939989,  51.66917992030213,  324049.146503433,      0.0,  324049.146503433,   1.0
 -0.06333322451865327, 0.06367033476827061,  11.52996938772048,56.253816484764165,  40.91978452393307, 0.36961640052190436, 319.6006110939989,  51.66917992030213,351698.37036151637,      0.0,351698.37036151637,   1.0
 -0.06333322451865327, 0.06367033476827061,  11.52996938772048,56.253816484764165,  40.91978452393307, 0.36961640052190436, 318.6006110939989,  52.66917992030213, 351494.9715210451,      0.0, 351494.9715210451,   1.0
 -0.06333321805308041,  0.0636703283119074,  11.52996878678873,56.253816190363615,  40.91978614696162,  0.3696163947538894, 318.6006094118964,  51.66918049887633,  351560.944293061,      0.0,  351560.944293061,   1.0
  0.29999939999999997,  0.0636703283119074,  11.52996878678873,56.253816190363615,  40.91978614696162,  0.3696163947538894, 318.6006094118964,  51.66918049887633,262997.96787995193,      0.0,262997.96787995193,   1.0
 -0.06333321805308041,-0.29999939999999997,  11.52996878678873,56.253816190363615,  40.91978614696162,  0.3696163947538894, 318.6006094118964,  51.66918049887633,286821.11895398656,      0.0,286821.11895398656,   1.0
 -0.06333321805308041,  0.0636703283119074,  12.52996878678873,56.253816190363615,  40.91978614696162,  0.3696163947538894, 318.6006094118964,  51.66918049887633, 352000.4693287115,      0.0, 352000.4693287115,   1.0
 -0.06333321805308041,  0.0636703283119074,  11.52996878678873,57.253816190363615,  40.91978614696162,  0.3696163947538894, 318.6006094118964,  51.66918049887633,351771.90592427977,      0.0,351771.90592427977,   1.0
 -0.06333321805308041,  0.0636703283119074,  11.52996878678873,56.253816190363615,  41.91978614696162,  0.3696163947538894, 318.6006094118964,  51.66918049887633,352003.36710717645,      0.0,352003.36710717645,   1.0
 -0.06333321805308041,  0.0636703283119074,  11.52996878678873,56.253816190363615,  40.91978614696162, 0.02000057999999999, 318.6006094118964,  51.66918049887633,  324049.146503433,      0.0,  324049.146503433,   1.0
 -0.06333321805308041,  0.0636703283119074,  11.52996878678873,56.253816190363615,  40.91978614696162,  0.3696163947538894, 319.6006094118964,  51.66918049887633,351698.37036151637,      0.0,351698.37036151637,   1.0
 -0.06333321805308041,  0.0636703283119074,  11.52996878678873,56.253816190363615,  40.91978614696162,  0.3696163947538894, 318.6006094118964,  52.66918049887633, 351494.9715210451,      0.0, 351494.9715210451,   1.0
  -0.0633332166886096, 0.06367032694938016, 11.529968659970296,  56.2538161282344,  40.91978648947963,  0.3696163935366287, 318.6006090569117,  51.66918062097651,  351560.944293061,      0.0,  351560.944293061,   1.0
  0.29999939999999997, 0.06367032694938016, 11.529968659970296,  56.2538161282344,  40.91978648947963,  0.3696163935366287, 318.6006090569117,  51.66918062097651,262997.96787995193,      0.0,262997.96787995193,   1.0
  -0.0633332166886096,          -0.2999994, 11.529968659970296,  56.2538161282344,  40.91978648947963,  0.3696163935366287, 318.6006090569117,  51.66918062097651,286821.11895398656,      0.0,286821.11895398656,   1.0
  -0.0633332166886096, 0.06367032694938016, 12.529968659970296,  56.2538161282344,  40.91978648947963,  0.3696163935366287, 318.6006090569117,  51.66918062097651, 352000.4693287115,      0.0, 352000.4693287115,   1.0
  -0.0633332166886096, 0.06367032694938016, 11.529968659970296,  57.2538161282344,  40.91978648947963,  0.3696163935366287, 318.6006090569117,  51.66918062097651,351771.90592427977,      0.0,351771.90592427977,   1.0
  -0.0633332166886096, 0.06367032694938016, 11.529968659970296,  56.2538161282344,  41.91978648947963,  0.3696163935366287, 318.6006090569117,  51.66918062097651,352003.36710717645,      0.0,352003.36710717645,   1.0
  -0.0633332166886096, 0.06367032694938016, 11.529968659970296,  56.2538161282344,  40.91978648947963, 0.02000057999999999, 318.6006090569117,  51.66918062097651,  324049.146503433,      0.0,  324049.146503433,   1.0
  -0.0633332166886096, 0.06367032694938016, 11.529968659970296,  56.2538161282344,  40.91978648947963,  0.3696163935366287, 319.6006090569117,  51.66918062097651,351698.37036151637,      0.0,351698.37036151637,   1.0
  -0.0633332166886096, 0.06367032694938016, 11.529968659970296,  56.2538161282344,  40.91978648947963,  0.3696163935366287, 318.6006090569117,  52.66918062097651, 351494.9715210451,      0.0, 351494.9715210451,   1.0
 -0.06333321640065669, 0.06367032666183742, 11.529968633206998, 56.25381611512287,  40.91978656176337, 0.36961639327974244,  318.600608981997,  51.66918064674408,  351560.944293061,      0.0,  351560.944293061,   1.0
  0.29999939999999997, 0.06367032666183742, 11.529968633206998, 56.25381611512287,  40.91978656176337, 0.36961639327974244,  318.600608981997,  51.66918064674408,262997.96787995193,      0.0,262997.96787995193,   1.0
 -0.06333321640065669,-0.29999939999999997, 11.529968633206998, 56.25381611512287,  40.91978656176337, 0.36961639327974244,  318.600608981997,  51.66918064674408,286821.11895398656,      0.0,286821.11895398656,   1.0
 -0.06333321640065669, 0.06367032666183742, 12.529968633206998, 56.25381611512287,  40.91978656176337, 0.36961639327974244,  318.600608981997,  51.66918064674408, 352000.4693287115,      0.0, 352000.4693287115,   1.0
 -0.06333321640065669, 0.06367032666183742, 11.529968633206998, 57.25381611512287,  40.91978656176337, 0.36961639327974244,  318.600608981997,  51.66918064674408,351771.90592427977,      0.0,351771.90592427977,   1.0
 -0.06333321640065669, 0.06367032666183742, 11.529968633206998, 56.25381611512287,  41.91978656176337, 0.36961639327974244,  318.600608981997,  51.66918064674408,352003.36710717645,      0.0,352003.36710717645,   1.0
 -0.06333321640065669, 0.06367032666183742, 11.529968633206998, 56.25381611512287,  40.91978656176337, 0.02000057999999999,  318.600608981997,  51.66918064674408,  324049.146503433,      0.0,  324049.146503433,   1.0
 -0.06333321640065669, 0.06367032666183742, 11.529968633206998, 56.25381611512287,  40.91978656176337, 0.36961639327974244,  319.600608981997,  51.66918064674408,351698.37036151637,      0.0,351698.37036151637,   1.0
 -0.06333321640065669, 0.06367032666183742, 11.529968633206998, 56.25381611512287,  40.91978656176337, 0.36961639327974244,  318.600608981997,  52.66918064674408, 351494.9715210451,      0.0, 351494.9715210451,   1.0
 -0.06333321633988814, 0.06367032660115542, 11.529968627558969, 56.25381611235587,  40.91978657701787,  0.3696163932255301, 318.6006089661873,  51.66918065218198,  351560.944293061,      0.0,  351560.944293061,   1.0
  0.29999939999999997, 0.06367032660115542, 11.529968627558969, 56.25381611235587,  40.91978657701787,  0.3696163932255301, 318.6006089661873,  51.66918065218198,262997.96787995193,      0.0,262997.96787995193,   1.0
 -0.06333321633988814,-0.29999939999999997, 11.529968627558969, 56.25381611235587,  40.91978657701787,  0.3696163932255301, 318.6006089661873,  51.66918065218198,286821.11895398656,      0.0,286821.11895398656,   1.0
 -0.06333321633988814, 0.06367032660115542, 12.529968627558969, 56.25381611235587,  40.91978657701787,  0.3696163932255301, 318.6006089661873,  51.66918065218198, 352000.4693287115,      0.0, 352000.4693287115,   1.0
 -0.06333321633988814, 0.06367032660115542, 11.529968627558969, 57.25381611235587,  40.91978657701787,  0.3696163932255301, 318.6006089661873,  51.66918065218198,351771.90592427977,      0.0,351771.90592427977,   1.0
 -0.06333321633988814, 0.06367032660115542, 11.529968627558969, 56.25381611235587,  41.91978657701787,  0.3696163932255301, 318.6006089661873,  51.66918065218198,352003.36710717645,      0.0,352003.36710717645,   1.0
 -0.06333321633988814, 0.06367032660115542, 11.529968627558969, 56.25381611235587,  40.91978657701787, 0.02000057999999999, 318.6006089661873,  51.66918065218198,  324049.146503433,      0.0,  324049.146503433,   1.0
 -0.06333321633988814, 0.06367032660115542, 11.529968627558969, 56.25381611235587,  40.91978657701787,  0.3696163932255301, 319.6006089661873,  51.66918065218198,351698.37036151637,      0.0,351698.37036151637,   1.0
 -0.06333321633988814, 0.06367032660115542, 11.529968627558969, 56.25381611235587,  40.91978657701787,  0.3696163932255301, 318.6006089661873,  52.66918065218198, 351494.9715210451,      0.0, 351494.9715210451,   1.0
 -0.06333321632706378, 0.06367032658834933,  11.52996862636703, 56.25381611177193,  40.91978658023712,  0.3696163932140893,318.60060896285086, 51.669180653329576,  351560.944293061,      0.0,  351560.944293061,   1.0
  0.29999939999999997, 0.06367032658834933,  11.52996862636703, 56.25381611177193,  40.91978658023712,  0.3696163932140893,318.60060896285086, 51.669180653329576,262997.96787995193,      0.0,262997.96787995193,   1.0
 -0.06333321632706378,-0.29999939999999997,  11.52996862636703, 56.25381611177193,  40.91978658023712,  0.3696163932140893,318.60060896285086, 51.669180653329576,286821.11895398656,      0.0,286821.11895398656,   1.0
 -0.06333321632706378, 0.06367032658834933,  12.52996862636703, 56.25381611177193,  40.91978658023712,  0.3696163932140893,318.60060896285086, 51.669180653329576, 352000.4693287115,      0.0, 352000.4693287115,   1.0
 -0.06333321632706378, 0.06367032658834933,  11.52996862636703, 57.25381611177193,  40.91978658023712,  0.3696163932140893,318.60060896285086, 51.669180653329576,351771.90592427977,      0.0,351771.90592427977,   1.0
 -0.06333321632706378, 0.06367032658834933,  11.52996862636703, 56.25381611177193,  41.91978658023712,  0.3696163932140893,318.60060896285086, 51.669180653329576,352003.36710717645,      0.0,352003.36710717645,   1.0
 -0.06333321632706378, 0.06367032658834933,  11.52996862636703, 56.25381611177193,  40.91978658023712, 0.02000057999999999,318.60060896285086, 51.669180653329576,  324049.146503433,      0.0,  324049.146503433,   1.0
 -0.06333321632706378, 0.06367032658834933,  11.52996862636703, 56.25381611177193,  40.91978658023712,  0.3696163932140893,319.60060896285086, 51.669180653329576,351698.37036151637,      0.0,351698.37036151637,   1.0
 -0.06333321632706378, 0.06367032658834933,  11.52996862636703, 56.25381611177193,  40.91978658023712,  0.3696163932140893,318.60060896285086, 52.669180653329576, 351494.9715210451,      0.0, 351494.9715210451,   1.0
 -0.06333321632435737, 0.06367032658564678, 11.529968626115487,56.253816111648696,   40.9197865809165,  0.3696163932116749,318.60060896214674,  51.66918065357176,  351560.944293061,      0.0,  351560.944293061,   1.0
   0.2999993999999999, 0.06367032658564678, 11.529968626115487,56.253816111648696,   40.9197865809165,  0.3696163932116749,318.60060896214674,  51.66918065357176,262997.96787995193,      0.0,262997.96787995193,   1.0
 -0.06333321632435737,          -0.2999994, 11.529968626115487,56.253816111648696,   40.9197865809165,  0.3696163932116749,318.60060896214674,  51.66918065357176,286821.11895398656,      0.0,286821.11895398656,   1.0
 -0.06333321632435737, 0.06367032658564678, 12.529968626115487,56.253816111648696,   40.9197865809165,  0.3696163932116749,318.60060896214674,  51.66918065357176, 352000.4693287115,      0.0, 352000.4693287115,   1.0
 -0.06333321632435737, 0.06367032658564678, 11.529968626115487,57.253816111648696,   40.9197865809165,  0.3696163932116749,318.60060896214674,  51.66918065357176,351771.90592427977,      0.0,351771.90592427977,   1.0
 -0.06333321632435737, 0.06367032658564678, 11.529968626115487,56.253816111648696,   41.9197865809165,  0.3696163932116749,318.60060896214674,  51.66918065357176,352003.36710717645,      0.0,352003.36710717645,   1.0
 -0.06333321632435737, 0.06367032658564678, 11.529968626115487,56.253816111648696,   40.9197865809165, 0.02000057999999999,318.60060896214674,  51.66918065357176,  324049.146503433,      0.0,  324049.146503433,   1.0
 -0.06333321632435737, 0.06367032658564678, 11.529968626115487,56.253816111648696,   40.9197865809165,  0.3696163932116749,319.60060896214674,  51.66918065357176,351698.37036151637,      0.0,351698.37036151637,   1.0
 -0.06333321632435737, 0.06367032658564678, 11.529968626115487,56.253816111648696,   40.9197865809165,  0.3696163932116749,318.60060896214674,  52.66918065357176, 351494.9715210451,      0.0, 351494.9715210451,   1.0
 -0.06333321632378622, 0.06367032658507643, 11.529968626062402, 56.25381611162269, 40.919786581059874, 0.36961639321116535,318.60060896199815,  51.66918065362287,  351560.944293061,      0.0,  351560.944293061,   1.0
            0.2999994, 0.06367032658507643, 11.529968626062402, 56.25381611162269, 40.919786581059874, 0.36961639321116535,318.60060896199815,  51.66918065362287,262997.96787995193,      0.0,262997.96787995193,   1.0
 -0.06333321632378622,-0.29999939999999997, 11.529968626062402, 56.25381611162269, 40.919786581059874, 0.36961639321116535,318.60060896199815,  51.66918065362287,286821.11895398656,      0.0,286821.11895398656,   1.0
 -0.06333321632378622, 0.06367032658507643, 12.529968626062402, 56.25381611162269, 40.919786581059874, 0.36961639321116535,318.60060896199815,  51.66918065362287, 352000.4693287115,      0.0, 352000.4693287115,   1.0
 -0.06333321632378622, 0.06367032658507643, 11.529968626062402, 57.25381611162269, 40.919786581059874, 0.36961639321116535,318.60060896199815,  51.66918065362287,351771.90592427977,      0.0,351771.90592427977,   1.0
 -0.06333321632378622, 0.06367032658507643, 11.529968626062402, 56.25381611162269, 41.919786581059874, 0.36961639321116535,318.60060896199815,  51.66918065362287,352003.36710717645,      0.0,352003.36710717645,   1.0
 -0.06333321632378622, 0.06367032658507643, 11.529968626062402, 56.25381611162269, 40.919786581059874, 0.02000057999999999,318.60060896199815,  51.66918065362287,  324049.146503433,      0.0,  324049.146503433,   1.0
 -0.06333321632378622, 0.06367032658507643, 11.529968626062402, 56.25381611162269, 40.919786581059874, 0.36961639321116535,319.60060896199815,  51.66918065362287,351698.37036151637,      0.0,351698.37036151637,   1.0
 -0.06333321632378622, 0.06367032658507643, 11.529968626062402, 56.25381611162269, 40.919786581059874, 0.36961639321116535,318.60060896199815,  52.66918065362287, 351494.9715210451,      0.0, 351494.9715210451,   1.0
  -0.0633332163236657, 0.06367032658495608,   11.5299686260512,56.253816111617205,  40.91978658109013,  0.3696163932110578, 318.6006089619668,  51.66918065363365,  351560.944293061,      0.0,  351560.944293061,   1.0
   0.2999993999999999, 0.06367032658495608,   11.5299686260512,56.253816111617205,  40.91978658109013,  0.3696163932110578, 318.6006089619668,  51.66918065363365,262997.96787995193,      0.0,262997.96787995193,   1.0
  -0.0633332163236657,-0.29999939999999997,   11.5299686260512,56.253816111617205,  40.91978658109013,  0.3696163932110578, 318.6006089619668,  51.66918065363365,286821.11895398656,      0.0,286821.11895398656,   1.0
  -0.0633332163236657, 0.06367032658495608,   12.5299686260512,56.253816111617205,  40.91978658109013,  0.3696163932110578, 318.6006089619668,  51.66918065363365, 352000.4693287115,      0.0, 352000.4693287115,   1.0
  -0.0633332163236657, 0.06367032658495608,   11.5299686260512,57.253816111617205,  40.91978658109013,  0.3696163932110578, 318.6006089619668,  51.66918065363365,351771.90592427977,      0.0,351771.90592427977,   1.0
  -0.0633332163236657, 0.06367032658495608,   11.5299686260512,56.253816111617205,  41.91978658109013,  0.3696163932110578, 318.6006089619668,  51.66918065363365,352003.36710717645,      0.0,352003.36710717645,   1.0
  -0.0633332163236657, 0.06367032658495608,   11.5299686260512,56.253816111617205,  40.91978658109013, 0.02000057999999999, 318.6006089619668,  51.66918065363365,  324049.146503433,      0.0,  324049.146503433,   1.0
  -0.0633332163236657, 0.06367032658495608,   11.5299686260512,56.253816111617205,  40.91978658109013,  0.3696163932110578, 319.6006089619668,  51.66918065363365,351698.37036151637,      0.0,351698.37036151637,   1.0
  -0.0633332163236657, 0.06367032658495608,   11.5299686260512,56.253816111617205,  40.91978658109013,  0.3696163932110578, 318.6006089619668,  52.66918065363365, 351494.9715210451,      0.0, 351494.9715210451,   1.0
 -0.06333321632374524, 0.06367032658503552, 11.529968626058594, 56.25381611162082,  40.91978658107016,  0.3696163932111288, 318.6006089619875,  51.66918065362653,  351560.944293061,      0.0,  351560.944293061,   1.0
  0.29999939999999997, 0.06367032658503552, 11.529968626058594, 56.25381611162082,  40.91978658107016,  0.3696163932111288, 318.6006089619875,  51.66918065362653,262997.96787995193,      0.0,262997.96787995193,   1.0
 -0.06333321632374524,-0.29999939999999997, 11.529968626058594, 56.25381611162082,  40.91978658107016,  0.3696163932111288, 318.6006089619875,  51.66918065362653,286821.11895398656,      0.0,286821.11895398656,   1.0
 -0.06333321632374524, 0.06367032658503552, 12.529968626058594, 56.25381611162082,  40.91978658107016,  0.3696163932111288, 318.6006089619875,  51.66918065362653, 352000.4693287115,      0.0, 352000.4693287115,   1.0
 -0.06333321632374524, 0.06367032658503552, 11.529968626058594, 57.25381611162082,  40.91978658107016,  0.3696163932111288, 318.6006089619875,  51.66918065362653,351771.90592427977,      0.0,351771.90592427977,   1.0
 -0.06333321632374524, 0.06367032658503552, 11.529968626058594, 56.25381611162082,  41.91978658107016,  0.3696163932111288, 318.6006089619875,  51.66918065362653,352003.36710717645,      0.0,352003.36710717645,   1.0
 -0.06333321632374524, 0.06367032658503552, 11.529968626058594, 56.25381611162082,  40.91978658107016, 0.02000057999999999, 318.6006089619875,  51.66918065362653,  324049.146503433,      0.0,  324049.146503433,   1.0
 -0.06333321632374524, 0.06367032658503552, 11.529968626058594, 56.25381611162082,  40.91978658107016,  0.3696163932111288, 319.6006089619875,  51.66918065362653,351698.37036151637,      0.0,351698.37036151637,   1.0
 -0.06333321632374524, 0.06367032658503552, 11.529968626058594, 56.25381611162082,  40.91978658107016,  0.3696163932111288, 318.6006089619875,  52.66918065362653, 351494.9715210451,      0.0, 351494.9715210451,   1.0
 -0.06333321632368247, 0.06367032658497283,  11.52996862605276,56.253816111617965, 40.919786581085916,  0.3696163932110728,318.60060896197115, 51.669180653632154,  351560.944293061,      0.0,  351560.944293061,   1.0
   0.2999993999999999, 0.06367032658497283,  11.52996862605276,56.253816111617965, 40.919786581085916,  0.3696163932110728,318.60060896197115, 51.669180653632154,262997.96787995193,      0.0,262997.96787995193,   1.0
 -0.06333321632368247,-0.29999939999999997,  11.52996862605276,56.253816111617965, 40.919786581085916,  0.3696163932110728,318.60060896197115, 51.669180653632154,286821.11895398656,      0.0,286821.11895398656,   1.0
 -0.06333321632368247, 0.06367032658497283,  12.52996862605276,56.253816111617965, 40.919786581085916,  0.3696163932110728,318.60060896197115, 51.669180653632154, 352000.4693287115,      0.0, 352000.4693287115,   1.0
 -0.06333321632368247, 0.06367032658497283,  11.52996862605276,57.253816111617965, 40.919786581085916,  0.3696163932110728,318.60060896197115, 51.669180653632154,351771.90592427977,      0.0,351771.90592427977,   1.0
 -0.06333321632368247, 0.06367032658497283,  11.52996862605276,56.253816111617965, 41.919786581085916,  0.3696163932110728,318.60060896197115, 51.669180653632154,352003.36710717645,      0.0,352003.36710717645,   1.0
 -0.06333321632368247, 0.06367032658497283,  11.52996862605276,56.253816111617965, 40.919786581085916, 0.02000057999999999,318.60060896197115, 51.669180653632154,  324049.146503433,      0.0,  324049.146503433,   1.0
 -0.06333321632368247, 0.06367032658497283,  11.52996862605276,56.253816111617965, 40.919786581085916,  0.3696163932110728,319.60060896197115, 51.669180653632154,351698.37036151637,      0.0,351698.37036151637,   1.0
 -0.06333321632368247, 0.06367032658497283,  11.52996862605276,56.253816111617965, 40.919786581085916,  0.3696163932110728,318.60060896197115, 52.669180653632154, 351494.9715210451,      0.0, 351494.9715210451,   1.0
  -0.0633332163237239,  0.0636703265850142, 11.529968626056611,56.253816111619855,  40.91978658107551,  0.3696163932111098,318.60060896198195, 51.669180653628445,  351560.944293061,      0.0,  351560.944293061,   1.0
  0.29999939999999997,  0.0636703265850142, 11.529968626056611,56.253816111619855,  40.91978658107551,  0.3696163932111098,318.60060896198195, 51.669180653628445,262997.96787995193,      0.0,262997.96787995193,   1.0
  -0.0633332163237239,-0.29999939999999997, 11.529968626056611,56.253816111619855,  40.91978658107551,  0.3696163932111098,318.60060896198195, 51.669180653628445,286821.11895398656,      0.0,286821.11895398656,   1.0
  -0.0633332163237239,  0.0636703265850142, 12.529968626056611,56.253816111619855,  40.91978658107551,  0.3696163932111098,318.60060896198195, 51.669180653628445, 352000.4693287115,      0.0, 352000.4693287115,   1.0
  -0.0633332163237239,  0.0636703265850142, 11.529968626056611,57.253816111619855,  40.91978658107551,  0.3696163932111098,318.60060896198195, 51.669180653628445,351771.90592427977,      0.0,351771.90592427977,   1.0
  -0.0633332163237239,  0.0636703265850142, 11.529968626056611,56.253816111619855,  41.91978658107551,  0.3696163932111098,318.60060896198195, 51.669180653628445,352003.36710717645,      0.0,352003.36710717645,   1.0
  -0.0633332163237239,  0.0636703265850142, 11.529968626056611,56.253816111619855,  40.91978658107551, 0.02000057999999999,318.60060896198195, 51.669180653628445,  324049.146503433,      0.0,  324049.146503433,   1.0
  -0.0633332163237239,  0.0636703265850142, 11.529968626056611,56.253816111619855,  40.91978658107551,  0.3696163932111098,319.60060896198195, 51.669180653628445,351698.37036151637,      0.0,351698.37036151637,   1.0
  -0.0633332163237239,  0.0636703265850142, 11.529968626056611,56.253816111619855,  40.91978658107551,  0.3696163932111098,318.60060896198195, 52.669180653628445, 351494.9715210451,      0.0, 351494.9715210451,   1.0
 -0.29999939999999997, 0.29999939999999997,           59.99988,          79.99994,          169.99974,          0.59999942,         499.99955,           5.000115,128974.33960888023,      0.0,128974.33960888023,   1.0
  0.29999939999999997, 0.29999939999999997,           59.99988,          79.99994,          169.99974,          0.59999942,         499.99955,           5.000115,204484.87647460177,      0.0,204484.87647460177,   1.0
 -0.29999939999999997,-0.29999939999999997,           59.99988,          79.99994,          169.99974,          0.59999942,         499.99955,           5.000115,220988.77528569777,      0.0,220988.77528569777,   1.0
 -0.29999939999999997, 0.29999939999999997,           58.99988,          79.99994,          169.99974,          0.59999942,         499.99955,           5.000115,129672.98914713698,      0.0,129672.98914713698,   1.0
 -0.29999939999999997, 0.29999939999999997,           59.99988,          78.99994,          169.99974,          0.59999942,         499.99955,           5.000115,122680.03343220294,      0.0,122680.03343220294,   1.0
 -0.29999939999999997, 0.29999939999999997,           59.99988,          79.99994,          168.99974,          0.59999942,         499.99955,           5.000115,127408.17409469816,      0.0,127408.17409469816,   1.0
 -0.29999939999999997, 0.29999939999999997,           59.99988,          79.99994,          169.99974,0.020000580000000046,         499.99955,           5.000115,148338.81208437143,      0.0,148338.81208437143,   1.0
 -0.29999939999999997, 0.29999939999999997,           59.99988,          79.99994,          169.99974,          0.59999942,         498.99955,           5.000115,128955.35317367298,      0.0,128955.35317367298,   1.0
 -0.29999939999999997, 0.29999939999999997,           59.99988,          79.99994,          169.99974,          0.59999942,         499.99955,           6.000115,129143.55236867338,      0.0,129143.55236867338,   1.0
  -0.0852326240524033, 0.08553854052442113, 16.015029969695952, 58.45111376069909, 52.863928687165526, 0.39093440222721787, 335.3859785895494,  47.35075678253841, 351052.7778565307,      0.0, 351052.7778565307,   1.0
  0.29999939999999997, 0.08553854052442113, 16.015029969695952, 58.45111376069909, 52.863928687165526, 0.39093440222721787, 335.3859785895494,  47.35075678253841,243715.87981042336,      0.0,243715.87981042336,   1.0
  -0.0852326240524033,-0.29999939999999997, 16.015029969695952, 58.45111376069909, 52.863928687165526, 0.39093440222721787, 335.3859785895494,  47.35075678253841, 274201.4626638595,      0.0, 274201.4626638595,   1.0
  -0.0852326240524033, 0.08553854052442113, 17.015029969695952, 58.45111376069909, 52.863928687165526, 0.39093440222721787, 335.3859785895494,  47.35075678253841,350810.23862806667,      0.0,350810.23862806667,   1.0
  -0.0852326240524033, 0.08553854052442113, 16.015029969695952, 59.45111376069909, 52.863928687165526, 0.39093440222721787, 335.3859785895494,  47.35075678253841, 351207.8108030907,      0.0, 351207.8108030907,   1.0
  -0.0852326240524033, 0.08553854052442113, 16.015029969695952, 58.45111376069909, 53.863928687165526, 0.39093440222721787, 335.3859785895494,  47.35075678253841, 350530.8442852332,      0.0, 350530.8442852332,   1.0
  -0.0852326240524033, 0.08553854052442113, 16.015029969695952, 58.45111376069909, 52.863928687165526, 0.02000057999999999, 335.3859785895494,  47.35075678253841, 325637.2468290563,      0.0, 325637.2468290563,   1.0
  -0.0852326240524033, 0.08553854052442113, 16.015029969695952, 58.45111376069909, 52.863928687165526, 0.39093440222721787, 336.3859785895494,  47.35075678253841,351175.13357867626,      0.0,351175.13357867626,   1.0
  -0.0852326240524033, 0.08553854052442113, 16.015029969695952, 58.45111376069909, 52.863928687165526, 0.39093440222721787, 335.3859785895494,  48.35075678253841,351121.72958827484,      0.0,351121.72958827484,   1.0
 -0.06932315267381924, 0.06965173079512771, 12.756724724106288, 56.85482200289065,  44.18675397396187,  0.3754473051106191,323.19175119415337,  50.48800331581208, 352992.8194906027,      0.0, 352992.8194906027,   1.0
  0.29999939999999997, 0.06965173079512771, 12.756724724106288, 56.85482200289065,  44.18675397396187,  0.3754473051106191,323.19175119415337,  50.48800331581208,256624.67038976296,      0.0,256624.67038976296,   1.0
 -0.06932315267381924,-0.29999939999999997, 12.756724724106288, 56.85482200289065,  44.18675397396187,  0.3754473051106191,323.19175119415337,  50.48800331581208, 282874.8999989936,      0.0, 282874.8999989936,   1.0
 -0.06932315267381924, 0.06965173079512771, 13.756724724106288, 56.85482200289065,  44.18675397396187,  0.3754473051106191,323.19175119415337,  50.48800331581208, 353257.6371152502,      0.0, 353257.6371152502,   1.0
 -0.06932315267381924, 0.06965173079512771, 12.756724724106288, 57.85482200289065,  44.18675397396187,  0.3754473051106191,323.19175119415337,  50.48800331581208, 353032.2697984572,      0.0, 353032.2697984572,   1.0
 -0.06932315267381924, 0.06965173079512771, 12.756724724106288, 56.85482200289065,  45.18675397396187,  0.3754473051106191,323.19175119415337,  50.48800331581208, 353076.4354785485,      0.0, 353076.4354785485,   1.0
 -0.06932315267381924, 0.06965173079512771, 12.756724724106288, 56.85482200289065,  44.18675397396187, 0.02000057999999999,323.19175119415337,  50.48800331581208, 326648.4961590235,      0.0, 326648.4961590235,   1.0
 -0.06932315267381924, 0.06965173079512771, 12.756724724106288, 56.85482200289065,  44.18675397396187,  0.3754473051106191,324.19175119415337,  50.48800331581208,   353119.99963471,      0.0,   353119.99963471,   1.0
 -0.06932315267381924, 0.06965173079512771, 12.756724724106288, 56.85482200289065,  44.18675397396187,  0.3754473051106191,323.19175119415337,  51.48800331581208,352945.59124029276,      0.0,352945.59124029276,   1.0
 -0.29999939999999997, 0.29999939999999997, 18.891364268152074,59.859578139494275,  60.52244845845078,          0.59999942,346.15106792044605,  44.58122100120889,309028.66759189544,      0.0,309028.66759189544,   1.0
  0.29999939999999997, 0.29999939999999997, 18.891364268152074,59.859578139494275,  60.52244845845078,          0.59999942,346.15106792044605,  44.58122100120889,242926.92222986836,      0.0,242926.92222986836,   1.0
 -0.29999939999999997,-0.29999939999999997, 18.891364268152074,59.859578139494275,  60.52244845845078,          0.59999942,346.15106792044605,  44.58122100120889,219412.94414995518,      0.0,219412.94414995518,   1.0
 -0.29999939999999997, 0.29999939999999997, 19.891364268152074,59.859578139494275,  60.52244845845078,          0.59999942,346.15106792044605,  44.58122100120889,308589.74384736945,      0.0,308589.74384736945,   1.0
 -0.29999939999999997, 0.29999939999999997, 18.891364268152074,60.859578139494275,  60.52244845845078,          0.59999942,346.15106792044605,  44.58122100120889,309279.02608797234,      0.0,309279.02608797234,   1.0
 -0.29999939999999997, 0.29999939999999997, 18.891364268152074,59.859578139494275,  61.52244845845078,          0.59999942,346.15106792044605,  44.58122100120889,307919.38164482184,      0.0,307919.38164482184,   1.0
 -0.29999939999999997, 0.29999939999999997, 18.891364268152074,59.859578139494275,  60.52244845845078,0.020000580000000046,346.15106792044605,  44.58122100120889, 314065.3639075528,      0.0, 314065.3639075528,   1.0
 -0.29999939999999997, 0.29999939999999997, 18.891364268152074,59.859578139494275,  60.52244845845078,          0.59999942,347.15106792044605,  44.58122100120889, 309156.5843529226,      0.0, 309156.5843529226,   1.0
 -0.29999939999999997, 0.29999939999999997, 18.891364268152074,59.859578139494275,  60.52244845845078,          0.59999942,346.15106792044605,  45.58122100120889, 310146.3600938282,      0.0, 310146.3600938282,   1.0
 -0.11081871712069899, 0.11108818844290426, 13.860264137067068, 57.39533735008757, 47.125326415307086, 0.41584122023227327,327.32182448048115,  49.42545236377269, 347576.4249950303,      0.0, 347576.4249950303,   1.0
   0.2999993999999999, 0.11108818844290426, 13.860264137067068, 57.39533735008757, 47.125326415307086, 0.41584122023227327,327.32182448048115,  49.42545236377269,246444.86048707398,      0.0,246444.86048707398,   1.0
 -0.11081871712069899,-0.29999939999999997, 13.860264137067068, 57.39533735008757, 47.125326415307086, 0.41584122023227327,327.32182448048115,  49.42545236377269,271955.11165333865,      0.0,271955.11165333865,   1.0
 -0.11081871712069899, 0.11108818844290426, 14.860264137067068, 57.39533735008757, 47.125326415307086, 0.41584122023227327,327.32182448048115,  49.42545236377269, 347656.4911524568,      0.0, 347656.4911524568,   1.0
 -0.11081871712069899, 0.11108818844290426, 13.860264137067068, 58.39533735008757, 47.125326415307086, 0.41584122023227327,327.32182448048115,  49.42545236377269, 347545.1357656074,      0.0, 347545.1357656074,   1.0
 -0.11081871712069899, 0.11108818844290426, 13.860264137067068, 57.39533735008757, 48.125326415307086, 0.41584122023227327,327.32182448048115,  49.42545236377269, 347457.0312153316,      0.0, 347457.0312153316,   1.0
 -0.11081871712069899, 0.11108818844290426, 13.860264137067068, 57.39533735008757, 47.125326415307086, 0.02000057999999999,327.32182448048115,  49.42545236377269,  339495.666861919,      0.0,  339495.666861919,   1.0
 -0.11081871712069899, 0.11108818844290426, 13.860264137067068, 57.39533735008757, 47.125326415307086, 0.41584122023227327,328.32182448048115,  49.42545236377269,347759.39210095524,      0.0,347759.39210095524,   1.0
 -0.11081871712069899, 0.11108818844290426, 13.860264137067068, 57.39533735008757, 47.125326415307086, 0.41584122023227327,327.32182448048115,  50.42545236377269, 347665.9280729386,      0.0, 347665.9280729386,   1.0
 -0.07632763116718622, 0.07664623202204106, 12.943002900766874, 56.94606134799276,  44.68278692931431, 0.38226582447537477, 323.8889102735809, 50.308644018237175, 352016.2872659794,      0.0, 352016.2872659794,   1.0
  0.29999939999999997, 0.07664623202204106, 12.943002900766874, 56.94606134799276,  44.68278692931431, 0.38226582447537477, 323.8889102735809, 50.308644018237175,255087.44263576405,      0.0,255087.44263576405,   1.0
 -0.07632763116718622,-0.29999939999999997, 12.943002900766874, 56.94606134799276,  44.68278692931431, 0.38226582447537477, 323.8889102735809, 50.308644018237175, 281208.5696260893,      0.0, 281208.5696260893,   1.0
 -0.07632763116718622, 0.07664623202204106, 13.943002900766874, 56.94606134799276,  44.68278692931431, 0.38226582447537477, 323.8889102735809, 50.308644018237175,352231.46366013703,      0.0,352231.46366013703,   1.0
 -0.07632763116718622, 0.07664623202204106, 12.943002900766874, 57.94606134799276,  44.68278692931431, 0.38226582447537477, 323.8889102735809, 50.308644018237175,352040.18874280393,      0.0,352040.18874280393,   1.0
 -0.07632763116718622, 0.07664623202204106, 12.943002900766874, 56.94606134799276,  45.68278692931431, 0.38226582447537477, 323.8889102735809, 50.308644018237175, 352260.2722591411,      0.0, 352260.2722591411,   1.0
 -0.07632763116718622, 0.07664623202204106, 12.943002900766874, 56.94606134799276,  44.68278692931431, 0.02000057999999999, 323.8889102735809, 50.308644018237175, 329792.3048142109,      0.0, 329792.3048142109,   1.0
 -0.07632763116718622, 0.07664623202204106, 12.943002900766874, 56.94606134799276,  44.68278692931431, 0.38226582447537477, 324.8889102735809, 50.308644018237175, 352159.8958580072,      0.0, 352159.8958580072,   1.0
 -0.07632763116718622, 0.07664623202204106, 12.943002900766874, 56.94606134799276,  44.68278692931431, 0.38226582447537477, 323.8889102735809, 51.308644018237175, 351980.0902824978,      0.0, 351980.0902824978,   1.0
 -0.07043280200356623,  0.0707597995265413, 12.786234908779372, 56.86927613794653,  44.26533550390168,   0.376527494799278,  323.302195120271,  50.45958921981245,352930.32114844234,      0.0,352930.32114844234,   1.0
  0.29999939999999997,  0.0707597995265413, 12.786234908779372, 56.86927613794653,  44.26533550390168,   0.376527494799278,  323.302195120271,  50.45958921981245, 256321.9550841171,      0.0, 256321.9550841171,   1.0
 -0.07043280200356623, -0.2999993999999999, 12.786234908779372, 56.86927613794653,  44.26533550390168,   0.376527494799278,  323.302195120271,  50.45958921981245, 282554.8114835573,      0.0, 282554.8114835573,   1.0
 -0.07043280200356623,  0.0707597995265413, 13.786234908779372, 56.86927613794653,  44.26533550390168,   0.376527494799278,  323.302195120271,  50.45958921981245,353186.50457050814,      0.0,353186.50457050814,   1.0
 -0.07043280200356623,  0.0707597995265413, 12.786234908779372, 57.86927613794653,  44.26533550390168,   0.376527494799278,  323.302195120271,  50.45958921981245, 352887.4767078683,      0.0, 352887.4767078683,   1.0
 -0.07043280200356623,  0.0707597995265413, 12.786234908779372, 56.86927613794653,  45.26533550390168,   0.376527494799278,  323.302195120271,  50.45958921981245,353120.79322390526,      0.0,353120.79322390526,   1.0
 -0.07043280200356623,  0.0707597995265413, 12.786234908779372, 56.86927613794653,  44.26533550390168, 0.02000057999999999,  323.302195120271,  50.45958921981245,327268.93196462723,      0.0,327268.93196462723,   1.0
 -0.07043280200356623,  0.0707597995265413, 12.786234908779372, 56.86927613794653,  44.26533550390168,   0.376527494799278,  324.302195120271,  50.45958921981245,353056.10120002576,      0.0,353056.10120002576,   1.0
 -0.07043280200356623,  0.0707597995265413, 12.786234908779372, 56.86927613794653,  44.26533550390168,   0.376527494799278,  323.302195120271,  51.45958921981245, 352882.6481148387,      0.0, 352882.6481148387,   1.0
 -0.06952862782128494, 0.06985691326123279, 12.762189161730763,56.857498493068654, 44.201305013663884, 0.37564732517967886,323.21220223341174,  50.48274184229147,353012.77286589943,      0.0,353012.77286589943,   1.0
  0.29999939999999997, 0.06985691326123279, 12.762189161730763,56.857498493068654, 44.201305013663884, 0.37564732517967886,323.21220223341174,  50.48274184229147,256587.78383018827,      0.0,256587.78383018827,   1.0
 -0.06952862782128494,-0.29999939999999997, 12.762189161730763,56.857498493068654, 44.201305013663884, 0.37564732517967886,323.21220223341174,  50.48274184229147,282861.01918202615,      0.0,282861.01918202615,   1.0
 -0.06952862782128494, 0.06985691326123279, 13.762189161730763,56.857498493068654, 44.201305013663884, 0.37564732517967886,323.21220223341174,  50.48274184229147,  353272.613447463,      0.0,  353272.613447463,   1.0
 -0.06952862782128494, 0.06985691326123279, 12.762189161730763,57.857498493068654, 44.201305013663884, 0.37564732517967886,323.21220223341174,  50.48274184229147,  353004.297927354,      0.0,  353004.297927354,   1.0
 -0.06952862782128494, 0.06985691326123279, 12.762189161730763,56.857498493068654, 45.201305013663884, 0.37564732517967886,323.21220223341174,  50.48274184229147,353099.01569720096,      0.0,353099.01569720096,   1.0
 -0.06952862782128494, 0.06985691326123279, 12.762189161730763,56.857498493068654, 44.201305013663884, 0.02000057999999999,323.21220223341174,  50.48274184229147,326711.87038567115,      0.0,326711.87038567115,   1.0
 -0.06952862782128494, 0.06985691326123279, 12.762189161730763,56.857498493068654, 44.201305013663884, 0.37564732517967886,324.21220223341174,  50.48274184229147, 353130.5001715872,      0.0, 353130.5001715872,   1.0
 -0.06952862782128494, 0.06985691326123279, 12.762189161730763,56.857498493068654, 44.201305013663884, 0.37564732517967886,323.21220223341174,  51.48274184229147,352963.65691742697,      0.0,352963.65691742697,   1.0
 -0.07012538278159058,  0.0704528181963364, 12.778059354782846, 56.86527173868805,  44.24356513722083, 0.37622823712861425,323.27159753873883, 50.467461111455314, 352944.7882368411,      0.0, 352944.7882368411,   1.0
  0.29999939999999997,  0.0704528181963364, 12.778059354782846, 56.86527173868805,  44.24356513722083, 0.37622823712861425,323.27159753873883, 50.467461111455314,256439.20760089732,      0.0,256439.20760089732,   1.0
 -0.07012538278159058,-0.29999939999999997, 12.778059354782846, 56.86527173868805,  44.24356513722083, 0.37622823712861425,323.27159753873883, 50.467461111455314, 282729.1458531341,      0.0, 282729.1458531341,   1.0
 -0.07012538278159058,  0.0704528181963364, 13.778059354782846, 56.86527173868805,  44.24356513722083, 0.37622823712861425,323.27159753873883, 50.467461111455314, 353212.9621328627,      0.0, 353212.9621328627,   1.0
 -0.07012538278159058,  0.0704528181963364, 12.778059354782846, 57.86527173868805,  44.24356513722083, 0.37622823712861425,323.27159753873883, 50.467461111455314, 352929.9341890998,      0.0, 352929.9341890998,   1.0
 -0.07012538278159058,  0.0704528181963364, 12.778059354782846, 56.86527173868805,  45.24356513722083, 0.37622823712861425,323.27159753873883, 50.467461111455314, 353107.4719148322,      0.0, 353107.4719148322,   1.0
 -0.07012538278159058,  0.0704528181963364, 12.778059354782846, 56.86527173868805,  44.24356513722083, 0.02000057999999999,323.27159753873883, 50.467461111455314,326963.33795140224,      0.0,326963.33795140224,   1.0
 -0.07012538278159058,  0.0704528181963364, 12.778059354782846, 56.86527173868805,  44.24356513722083, 0.37622823712861425,324.27159753873883, 50.467461111455314, 353070.9402763656,      0.0, 353070.9402763656,   1.0
 -0.07012538278159058,  0.0704528181963364, 12.778059354782846, 56.86527173868805,  44.24356513722083, 0.37622823712861425,323.27159753873883, 51.467461111455314,352898.81020061875,      0.0,352898.81020061875,   1.0
 -0.06962700742885854,  0.0699551527356674, 12.764805484121752,  56.8587799719075,  44.20827191741516,  0.3757430929459691, 323.2219940025942,  50.48022269724351, 353042.3790442138,      0.0, 353042.3790442138,   1.0
  0.29999939999999997,  0.0699551527356674, 12.764805484121752,  56.8587799719075,  44.20827191741516,  0.3757430929459691, 323.2219940025942,  50.48022269724351,256572.60180744555,      0.0,256572.60180744555,   1.0
 -0.06962700742885854,-0.29999939999999997, 12.764805484121752,  56.8587799719075,  44.20827191741516,  0.3757430929459691, 323.2219940025942,  50.48022269724351,282837.77723708504,      0.0,282837.77723708504,   1.0
 -0.06962700742885854,  0.0699551527356674, 13.764805484121752,  56.8587799719075,  44.20827191741516,  0.3757430929459691, 323.2219940025942,  50.48022269724351, 353306.3439371515,      0.0, 353306.3439371515,   1.0
 -0.06962700742885854,  0.0699551527356674, 12.764805484121752,  57.8587799719075,  44.20827191741516,  0.3757430929459691, 323.2219940025942,  50.48022269724351,352989.92757748824,      0.0,352989.92757748824,   1.0
 -0.06962700742885854,  0.0699551527356674, 12.764805484121752,  56.8587799719075,  45.20827191741516,  0.3757430929459691, 323.2219940025942,  50.48022269724351, 353106.3134200938,      0.0, 353106.3134200938,   1.0
 -0.06962700742885854,  0.0699551527356674, 12.764805484121752,  56.8587799719075,  44.20827191741516, 0.02000057999999999, 323.2219940025942,  50.48022269724351,326753.58491608547,      0.0,326753.58491608547,   1.0
 -0.06962700742885854,  0.0699551527356674, 12.764805484121752,  56.8587799719075,  44.20827191741516,  0.3757430929459691, 324.2219940025942,  50.48022269724351,353159.42815104965,      0.0,353159.42815104965,   1.0
 -0.06962700742885854,  0.0699551527356674, 12.764805484121752,  56.8587799719075,  44.20827191741516,  0.3757430929459691, 323.2219940025942,  51.48022269724351,352994.27253304527,      0.0,352994.27253304527,   1.0
  -0.0699559351616617, 0.07028361193970895, 12.773553038758074,56.863064537982666, 44.231565442486904,  0.3760632881065149,323.25473233644965,   50.4718000506233,352984.12709717057,      0.0,352984.12709717057,   1.0
  0.29999939999999997, 0.07028361193970895, 12.773553038758074,56.863064537982666, 44.231565442486904,  0.3760632881065149,323.25473233644965,   50.4718000506233,256510.29689312927,      0.0,256510.29689312927,   1.0
  -0.0699559351616617,-0.29999939999999997, 12.773553038758074,56.863064537982666, 44.231565442486904,  0.3760632881065149,323.25473233644965,   50.4718000506233,282796.98130633036,      0.0,282796.98130633036,   1.0
  -0.0699559351616617, 0.07028361193970895, 13.773553038758074,56.863064537982666, 44.231565442486904,  0.3760632881065149,323.25473233644965,   50.4718000506233, 353252.3309819571,      0.0, 353252.3309819571,   1.0
  -0.0699559351616617, 0.07028361193970895, 12.773553038758074,57.863064537982666, 44.231565442486904,  0.3760632881065149,323.25473233644965,   50.4718000506233,352935.61878616724,      0.0,352935.61878616724,   1.0
  -0.0699559351616617, 0.07028361193970895, 12.773553038758074,56.863064537982666, 45.231565442486904,  0.3760632881065149,323.25473233644965,   50.4718000506233, 353097.9894880033,      0.0, 353097.9894880033,   1.0
  -0.0699559351616617, 0.07028361193970895, 12.773553038758074,56.863064537982666, 44.231565442486904, 0.02000057999999999,323.25473233644965,   50.4718000506233, 326948.6741743586,      0.0, 326948.6741743586,   1.0
  -0.0699559351616617, 0.07028361193970895, 12.773553038758074,56.863064537982666, 44.231565442486904,  0.3760632881065149,324.25473233644965,   50.4718000506233,353104.06179840345,      0.0,353104.06179840345,   1.0
  -0.0699559351616617, 0.07028361193970895, 12.773553038758074,56.863064537982666, 44.231565442486904,  0.3760632881065149,323.25473233644965,   51.4718000506233, 352933.1786125413,      0.0, 352933.1786125413,   1.0
  -0.0696755064626807,  0.0700035826868614, 12.766095274874731,56.859411713455174,   44.2117064513496, 0.37579030439812805,323.22682113452197,  50.47898081283375, 353039.3321622256,      0.0, 353039.3321622256,   1.0
   0.2999993999999999,  0.0700035826868614, 12.766095274874731,56.859411713455174,   44.2117064513496, 0.37579030439812805,323.22682113452197,  50.47898081283375,256582.02792007974,      0.0,256582.02792007974,   1.0
  -0.0696755064626807,-0.29999939999999997, 12.766095274874731,56.859411713455174,   44.2117064513496, 0.37579030439812805,323.22682113452197,  50.47898081283375, 282825.6355820666,      0.0, 282825.6355820666,   1.0
  -0.0696755064626807,  0.0700035826868614, 13.766095274874731,56.859411713455174,   44.2117064513496, 0.37579030439812805,323.22682113452197,  50.47898081283375, 353300.9020742139,      0.0, 353300.9020742139,   1.0
  -0.0696755064626807,  0.0700035826868614, 12.766095274874731,57.859411713455174,   44.2117064513496, 0.37579030439812805,323.22682113452197,  50.47898081283375,353007.42364185746,      0.0,353007.42364185746,   1.0
  -0.0696755064626807,  0.0700035826868614, 12.766095274874731,56.859411713455174,   45.2117064513496, 0.37579030439812805,323.22682113452197,  50.47898081283375, 353108.7144125955,      0.0, 353108.7144125955,   1.0
  -0.0696755064626807,  0.0700035826868614, 12.766095274874731,56.859411713455174,   44.2117064513496, 0.02000057999999999,323.22682113452197,  50.47898081283375, 326762.0819749265,      0.0, 326762.0819749265,   1.0
  -0.0696755064626807,  0.0700035826868614, 12.766095274874731,56.859411713455174,   44.2117064513496, 0.37579030439812805,324.22682113452197,  50.47898081283375,353155.02993712196,      0.0,353155.02993712196,   1.0
  -0.0696755064626807,  0.0700035826868614, 12.766095274874731,56.859411713455174,   44.2117064513496, 0.37579030439812805,323.22682113452197,  51.47898081283375,352987.93814429065,      0.0,352987.93814429065,   1.0
 -0.06963587748738188, 0.06996401015956884, 12.765041375820207, 56.85889551203393, 44.208900064299705, 0.37575172751681757,323.22287684374226, 50.479995567205535,353045.41643309843,      0.0,353045.41643309843,   1.0
  0.29999939999999997, 0.06996401015956884, 12.765041375820207, 56.85889551203393, 44.208900064299705, 0.37575172751681757,323.22287684374226, 50.479995567205535, 256572.3784299789,      0.0, 256572.3784299789,   1.0
 -0.06963587748738188,-0.29999939999999997, 12.765041375820207, 56.85889551203393, 44.208900064299705, 0.37575172751681757,323.22287684374226, 50.479995567205535, 282834.7176398083,      0.0, 282834.7176398083,   1.0
 -0.06963587748738188, 0.06996401015956884, 13.765041375820207, 56.85889551203393, 44.208900064299705, 0.37575172751681757,323.22287684374226, 50.479995567205535,  353309.740300485,      0.0,  353309.740300485,   1.0
 -0.06963587748738188, 0.06996401015956884, 12.765041375820207, 57.85889551203393, 44.208900064299705, 0.37575172751681757,323.22287684374226, 50.479995567205535, 352989.9581218732,      0.0, 352989.9581218732,   1.0
 -0.06963587748738188, 0.06996401015956884, 12.765041375820207, 56.85889551203393, 45.208900064299705, 0.37575172751681757,323.22287684374226, 50.479995567205535,353103.76800114766,      0.0,353103.76800114766,   1.0
 -0.06963587748738188, 0.06996401015956884, 12.765041375820207, 56.85889551203393, 44.208900064299705, 0.02000057999999999,323.22287684374226, 50.479995567205535, 326753.6675642964,      0.0, 326753.6675642964,   1.0
 -0.06963587748738188, 0.06996401015956884, 12.765041375820207, 56.85889551203393, 44.208900064299705, 0.37575172751681757,324.22287684374226, 50.479995567205535, 353162.6940017331,      0.0, 353162.6940017331,   1.0
 -0.06963587748738188, 0.06996401015956884, 12.765041375820207, 56.85889551203393, 44.208900064299705, 0.37575172751681757,323.22287684374226, 51.479995567205535, 352996.8928568469,      0.0, 352996.8928568469,   1.0
  -0.0696620326110791, 0.06999012802758192, 12.765736949196192, 56.85923620497195,  44.21075227975263,  0.3757771882584825, 323.2254800756569,  50.47932582932015, 353039.3578162392,      0.0, 353039.3578162392,   1.0
  0.29999939999999997, 0.06999012802758192, 12.765736949196192, 56.85923620497195,  44.21075227975263,  0.3757771882584825, 323.2254800756569,  50.47932582932015,256583.46525815455,      0.0,256583.46525815455,   1.0
  -0.0696620326110791,-0.29999939999999997, 12.765736949196192, 56.85923620497195,  44.21075227975263,  0.3757771882584825, 323.2254800756569,  50.47932582932015, 282828.3097862309,      0.0, 282828.3097862309,   1.0
  -0.0696620326110791, 0.06999012802758192, 13.765736949196192, 56.85923620497195,  44.21075227975263,  0.3757771882584825, 323.2254800756569,  50.47932582932015,353302.47178462904,      0.0,353302.47178462904,   1.0
  -0.0696620326110791, 0.06999012802758192, 12.765736949196192, 57.85923620497195,  44.21075227975263,  0.3757771882584825, 323.2254800756569,  50.47932582932015, 353003.7986442107,      0.0, 353003.7986442107,   1.0
  -0.0696620326110791, 0.06999012802758192, 12.765736949196192, 56.85923620497195,  45.21075227975263,  0.3757771882584825, 323.2254800756569,  50.47932582932015, 353107.3656204863,      0.0, 353107.3656204863,   1.0
  -0.0696620326110791, 0.06999012802758192, 12.765736949196192, 56.85923620497195,  44.21075227975263, 0.02000057999999999, 323.2254800756569,  50.47932582932015,326762.11553546845,      0.0,326762.11553546845,   1.0
  -0.0696620326110791, 0.06999012802758192, 12.765736949196192, 56.85923620497195,  44.21075227975263,  0.3757771882584825, 324.2254800756569,  50.47932582932015, 353154.3210918771,      0.0, 353154.3210918771,   1.0
  -0.0696620326110791, 0.06999012802758192, 12.765736949196192, 56.85923620497195,  44.21075227975263,  0.3757771882584825, 323.2254800756569,  51.47932582932015, 352989.9419535933,      0.0, 352989.9419535933,   1.0
 -0.06963587748738188, 0.06996401015956884, 12.765041375820207, 56.85889551203393, 44.208900064299705, 0.37575172751681757,323.22287684374226, 50.479995567205535,353045.41643309843,      0.0,353045.41643309843,   1.0
  0.29999939999999997, 0.06996401015956884, 12.765041375820207, 56.85889551203393, 44.208900064299705, 0.37575172751681757,323.22287684374226, 50.479995567205535, 256572.3784299789,      0.0, 256572.3784299789,   1.0
 -0.06963587748738188,-0.29999939999999997, 12.765041375820207, 56.85889551203393, 44.208900064299705, 0.37575172751681757,323.22287684374226, 50.479995567205535, 282834.7176398083,      0.0, 282834.7176398083,   1.0
 -0.06963587748738188, 0.06996401015956884, 13.765041375820207, 56.85889551203393, 44.208900064299705, 0.37575172751681757,323.22287684374226, 50.479995567205535,  353309.740300485,      0.0,  353309.740300485,   1.0
 -0.06963587748738188, 0.06996401015956884, 12.765041375820207, 57.85889551203393, 44.208900064299705, 0.37575172751681757,323.22287684374226, 50.479995567205535, 352989.9581218732,      0.0, 352989.9581218732,   1.0
 -0.06963587748738188, 0.06996401015956884, 12.765041375820207, 56.85889551203393, 45.208900064299705, 0.37575172751681757,323.22287684374226, 50.479995567205535,353103.76800114766,      0.0,353103.76800114766,   1.0
 -0.06963587748738188, 0.06996401015956884, 12.765041375820207, 56.85889551203393, 44.208900064299705, 0.02000057999999999,323.22287684374226, 50.479995567205535, 326753.6675642964,      0.0, 326753.6675642964,   1.0
 -0.06963587748738188, 0.06996401015956884, 12.765041375820207, 56.85889551203393, 44.208900064299705, 0.37575172751681757,324.22287684374226, 50.479995567205535, 353162.6940017331,      0.0, 353162.6940017331,   1.0
 -0.06963587748738188, 0.06996401015956884, 12.765041375820207, 56.85889551203393, 44.208900064299705, 0.37575172751681757,323.22287684374226, 51.479995567205535, 352996.8928568469,      0.0, 352996.8928568469,   1.0
 -0.29999939999999997, 0.29999939999999997, 13.051596577452491,  56.9344115661354, 44.935649733797895,          0.59999942,324.22923153254624, 50.216909863429144, 318620.0953290685,      0.0, 318620.0953290685,   1.0
  0.29999939999999997, 0.29999939999999997, 13.051596577452491,  56.9344115661354, 44.935649733797895,          0.59999942,324.22923153254624, 50.216909863429144,  235456.420755747,      0.0,  235456.420755747,   1.0
 -0.29999939999999997,-0.29999939999999997, 13.051596577452491,  56.9344115661354, 44.935649733797895,          0.59999942,324.22923153254624, 50.216909863429144,252952.14959199942,      0.0,252952.14959199942,   1.0
 -0.29999939999999997, 0.29999939999999997, 14.051596577452491,  56.9344115661354, 44.935649733797895,          0.59999942,324.22923153254624, 50.216909863429144, 318696.2899735391,      0.0, 318696.2899735391,   1.0
 -0.29999939999999997, 0.29999939999999997, 13.051596577452491,  57.9344115661354, 44.935649733797895,          0.59999942,324.22923153254624, 50.216909863429144,318244.28539377474,      0.0,318244.28539377474,   1.0
 -0.29999939999999997, 0.29999939999999997, 13.051596577452491,  56.9344115661354, 45.935649733797895,          0.59999942,324.22923153254624, 50.216909863429144,318671.41477827297,      0.0,318671.41477827297,   1.0
 -0.29999939999999997, 0.29999939999999997, 13.051596577452491,  56.9344115661354, 44.935649733797895,0.020000580000000046,324.22923153254624, 50.216909863429144, 341268.1470897639,      0.0, 341268.1470897639,   1.0
 -0.29999939999999997, 0.29999939999999997, 13.051596577452491,  56.9344115661354, 44.935649733797895,          0.59999942,325.22923153254624, 50.216909863429144, 318788.8334504495,      0.0, 318788.8334504495,   1.0
 -0.29999939999999997, 0.29999939999999997, 13.051596577452491,  56.9344115661354, 44.935649733797895,          0.59999942,324.22923153254624, 51.216909863429144,319519.94347950537,      0.0,319519.94347950537,   1.0
 -0.11211157409555889, 0.11237920385617797, 12.817878004090472,56.872819578518396,  44.34290217598389, 0.41709975365875024,323.40843407075295, 50.431486374371225,346607.66042607813,      0.0,346607.66042607813,   1.0
  0.29999939999999997, 0.11237920385617797, 12.817878004090472,56.872819578518396,  44.34290217598389, 0.41709975365875024,323.40843407075295, 50.431486374371225, 249625.0780303782,      0.0, 249625.0780303782,   1.0
 -0.11211157409555889,          -0.2999994, 12.817878004090472,56.872819578518396,  44.34290217598389, 0.41709975365875024,323.40843407075295, 50.431486374371225, 274527.3202346121,      0.0, 274527.3202346121,   1.0
 -0.11211157409555889, 0.11237920385617797, 13.817878004090472,56.872819578518396,  44.34290217598389, 0.41709975365875024,323.40843407075295, 50.431486374371225,346858.10336562013,      0.0,346858.10336562013,   1.0
 -0.11211157409555889, 0.11237920385617797, 12.817878004090472,57.872819578518396,  44.34290217598389, 0.41709975365875024,323.40843407075295, 50.431486374371225,346539.46418012003,      0.0,346539.46418012003,   1.0
 -0.11211157409555889, 0.11237920385617797, 12.817878004090472,56.872819578518396,  45.34290217598389, 0.41709975365875024,323.40843407075295, 50.431486374371225,346799.11290438124,      0.0,346799.11290438124,   1.0
 -0.11211157409555889, 0.11237920385617797, 12.817878004090472,56.872819578518396,  44.34290217598389, 0.02000057999999999,323.40843407075295, 50.431486374371225, 339638.1560566761,      0.0, 339638.1560566761,   1.0
 -0.11211157409555889, 0.11237920385617797, 12.817878004090472,56.872819578518396,  44.34290217598389, 0.41709975365875024,324.40843407075295, 50.431486374371225,346766.67422661034,      0.0,346766.67422661034,   1.0
 -0.11211157409555889, 0.11237920385617797, 12.817878004090472,56.872819578518396,  44.34290217598389, 0.41709975365875024,323.40843407075295, 51.431486374371225, 346729.0455812961,      0.0, 346729.0455812961,   1.0
   -0.076468161373438, 0.07678656205531582, 12.773540232172218, 56.86113522044761, 44.230454518763466,  0.3824026238007733,323.25272402114683,  50.47219278578008, 351706.7119938147,      0.0, 351706.7119938147,   1.0
  0.29999939999999997, 0.07678656205531582, 12.773540232172218, 56.86113522044761, 44.230454518763466,  0.3824026238007733,323.25272402114683,  50.47219278578008, 255654.4247678323,      0.0, 255654.4247678323,   1.0
   -0.076468161373438,-0.29999939999999997, 12.773540232172218, 56.86113522044761, 44.230454518763466,  0.3824026238007733,323.25272402114683,  50.47219278578008,281666.82017670874,      0.0,281666.82017670874,   1.0
   -0.076468161373438, 0.07678656205531582, 13.773540232172218, 56.86113522044761, 44.230454518763466,  0.3824026238007733,323.25272402114683,  50.47219278578008,351943.50529104215,      0.0,351943.50529104215,   1.0
   -0.076468161373438, 0.07678656205531582, 12.773540232172218, 57.86113522044761, 44.230454518763466,  0.3824026238007733,323.25272402114683,  50.47219278578008, 351827.1538641007,      0.0, 351827.1538641007,   1.0
   -0.076468161373438, 0.07678656205531582, 12.773540232172218, 56.86113522044761, 45.230454518763466,  0.3824026238007733,323.25272402114683,  50.47219278578008,352035.90018752264,      0.0,352035.90018752264,   1.0
   -0.076468161373438, 0.07678656205531582, 12.773540232172218, 56.86113522044761, 44.230454518763466, 0.02000057999999999,323.25272402114683,  50.47219278578008,329946.31758801837,      0.0,329946.31758801837,   1.0
   -0.076468161373438, 0.07678656205531582, 12.773540232172218, 56.86113522044761, 44.230454518763466,  0.3824026238007733,324.25272402114683,  50.47219278578008,351823.62886414863,      0.0,351823.62886414863,   1.0
   -0.076468161373438, 0.07678656205531582, 12.773540232172218, 56.86113522044761, 44.230454518763466,  0.3824026238007733,323.25272402114683,  51.47219278578008,351667.57125278073,      0.0,351667.57125278073,   1.0
 -0.07061181963853985,  0.0709385621665648, 12.766255375748912, 56.85921543812068,  44.21197896163582, 0.37670175976587844, 323.2271402963458,  50.47888099652663, 352884.9519248026,      0.0, 352884.9519248026,   1.0
  0.29999939999999997,  0.0709385621665648, 12.766255375748912, 56.85921543812068,  44.21197896163582, 0.37670175976587844, 323.2271402963458,  50.47888099652663,256360.13283176467,      0.0,256360.13283176467,   1.0
 -0.07061181963853985,-0.29999939999999997, 12.766255375748912, 56.85921543812068,  44.21197896163582, 0.37670175976587844, 323.2271402963458,  50.47888099652663, 282590.0108291135,      0.0, 282590.0108291135,   1.0
 -0.07061181963853985,  0.0709385621665648, 13.766255375748912, 56.85921543812068,  44.21197896163582, 0.37670175976587844, 323.2271402963458,  50.47888099652663,353148.79421379196,      0.0,353148.79421379196,   1.0
 -0.07061181963853985,  0.0709385621665648, 12.766255375748912, 57.85921543812068,  44.21197896163582, 0.37670175976587844, 323.2271402963458,  50.47888099652663, 352824.5890557796,      0.0, 352824.5890557796,   1.0
 -0.07061181963853985,  0.0709385621665648, 12.766255375748912, 56.85921543812068,  45.21197896163582, 0.37670175976587844, 323.2271402963458,  50.47888099652663, 353059.4607344939,      0.0, 353059.4607344939,   1.0
 -0.07061181963853985,  0.0709385621665648, 12.766255375748912, 56.85921543812068,  44.21197896163582, 0.02000057999999999, 323.2271402963458,  50.47888099652663, 327330.0321345967,      0.0, 327330.0321345967,   1.0
 -0.07061181963853985,  0.0709385621665648, 12.766255375748912, 56.85921543812068,  44.21197896163582, 0.37670175976587844, 324.2271402963458,  50.47888099652663, 353023.9615499022,      0.0, 353023.9615499022,   1.0
 -0.07061181963853985,  0.0709385621665648, 12.766255375748912, 56.85921543812068,  44.21197896163582, 0.37670175976587844, 323.2271402963458,  51.47888099652663,352837.69265832246,      0.0,352837.69265832246,   1.0
 -0.06978153889894392, 0.07010946408920106,  12.76522256785402, 56.85894326167292, 44.209359596180256,  0.3758935218211864, 323.2235131729792,  50.47982921519565, 353017.6008514909,      0.0, 353017.6008514909,   1.0
            0.2999994, 0.07010946408920106,  12.76522256785402, 56.85894326167292, 44.209359596180256,  0.3758935218211864, 323.2235131729792,  50.47982921519565, 256515.8846769377,      0.0, 256515.8846769377,   1.0
 -0.06978153889894392,-0.29999939999999997,  12.76522256785402, 56.85894326167292, 44.209359596180256,  0.3758935218211864, 323.2235131729792,  50.47982921519565,282810.25886274857,      0.0,282810.25886274857,   1.0
 -0.06978153889894392, 0.07010946408920106,  13.76522256785402, 56.85894326167292, 44.209359596180256,  0.3758935218211864, 323.2235131729792,  50.47982921519565, 353282.8679170218,      0.0, 353282.8679170218,   1.0
 -0.06978153889894392, 0.07010946408920106,  12.76522256785402, 57.85894326167292, 44.209359596180256,  0.3758935218211864, 323.2235131729792,  50.47982921519565,352980.98886664567,      0.0,352980.98886664567,   1.0
 -0.06978153889894392, 0.07010946408920106,  12.76522256785402, 56.85894326167292, 45.209359596180256,  0.3758935218211864, 323.2235131729792,  50.47982921519565,353105.05955307954,      0.0,353105.05955307954,   1.0
 -0.06978153889894392, 0.07010946408920106,  12.76522256785402, 56.85894326167292, 44.209359596180256, 0.02000057999999999, 323.2235131729792,  50.47982921519565, 326848.7493055491,      0.0, 326848.7493055491,   1.0
 -0.06978153889894392, 0.07010946408920106,  12.76522256785402, 56.85894326167292, 44.209359596180256,  0.3758935218211864, 324.2235131729792,  50.47982921519565,353132.34905938734,      0.0,353132.34905938734,   1.0
 -0.06978153889894392, 0.07010946408920106,  12.76522256785402, 56.85894326167292, 44.209359596180256,  0.3758935218211864, 323.2235131729792,  51.47982921519565, 352967.6586623788,      0.0, 352967.6586623788,   1.0
  -0.0696566234200581, 0.06998472654148001, 12.765067182227646,56.858902312811054,  44.20896551346262, 0.37577192267393406, 323.2229674733975,  50.47997187439932, 353042.0933174724,      0.0, 353042.0933174724,   1.0
            0.2999994, 0.06998472654148001, 12.765067182227646,56.858902312811054,  44.20896551346262, 0.37577192267393406, 323.2229674733975,  50.47997187439932,256583.87648619947,      0.0,256583.87648619947,   1.0
  -0.0696566234200581,-0.29999939999999997, 12.765067182227646,56.858902312811054,  44.20896551346262, 0.37577192267393406, 323.2229674733975,  50.47997187439932,282828.99132921174,      0.0,282828.99132921174,   1.0
  -0.0696566234200581, 0.06998472654148001, 13.765067182227646,56.858902312811054,  44.20896551346262, 0.37577192267393406, 323.2229674733975,  50.47997187439932,353305.66522004973,      0.0,353305.66522004973,   1.0
  -0.0696566234200581, 0.06998472654148001, 12.765067182227646,57.858902312811054,  44.20896551346262, 0.37577192267393406, 323.2229674733975,  50.47997187439932, 353001.4848741478,      0.0, 353001.4848741478,   1.0
  -0.0696566234200581, 0.06998472654148001, 12.765067182227646,56.858902312811054,  45.20896551346262, 0.37577192267393406, 323.2229674733975,  50.47997187439932,353106.87420684675,      0.0,353106.87420684675,   1.0
  -0.0696566234200581, 0.06998472654148001, 12.765067182227646,56.858902312811054,  44.20896551346262, 0.02000057999999999, 323.2229674733975,  50.47997187439932,326759.48065302667,      0.0,326759.48065302667,   1.0
  -0.0696566234200581, 0.06998472654148001, 12.765067182227646,56.858902312811054,  44.20896551346262, 0.37577192267393406, 324.2229674733975,  50.47997187439932, 353159.0684909175,      0.0, 353159.0684909175,   1.0
  -0.0696566234200581, 0.06998472654148001, 12.765067182227646,56.858902312811054,  44.20896551346262, 0.37577192267393406, 323.2229674733975,  51.47997187439932, 352992.9878292271,      0.0, 352992.9878292271,   1.0
 -0.06963899299331339, 0.06996712122773487, 12.765045251279398, 56.85889653333588,  44.20890989308197, 0.37575476031041455,323.22289045398736,  50.47999200915493, 353042.1500999367,      0.0, 353042.1500999367,   1.0
  0.29999939999999997, 0.06996712122773487, 12.765045251279398, 56.85889653333588,  44.20890989308197, 0.37575476031041455,323.22289045398736,  50.47999200915493,256572.10660813513,      0.0,256572.10660813513,   1.0
 -0.06963899299331339,-0.29999939999999997, 12.765045251279398, 56.85889653333588,  44.20890989308197, 0.37575476031041455,323.22289045398736,  50.47999200915493, 282834.5822455332,      0.0, 282834.5822455332,   1.0
 -0.06963899299331339, 0.06996712122773487, 13.765045251279398, 56.85889653333588,  44.20890989308197, 0.37575476031041455,323.22289045398736,  50.47999200915493, 353306.4241111258,      0.0, 353306.4241111258,   1.0
 -0.06963899299331339, 0.06996712122773487, 12.765045251279398, 57.85889653333588,  44.20890989308197, 0.37575476031041455,323.22289045398736,  50.47999200915493,352989.76271658373,      0.0,352989.76271658373,   1.0
 -0.06963899299331339, 0.06996712122773487, 12.765045251279398, 56.85889653333588,  45.20890989308197, 0.37575476031041455,323.22289045398736,  50.47999200915493,353109.79524600867,      0.0,353109.79524600867,   1.0
 -0.06963899299331339, 0.06996712122773487, 12.765045251279398, 56.85889653333588,  44.20890989308197, 0.02000057999999999,323.22289045398736,  50.47999200915493,326759.09245613345,      0.0,326759.09245613345,   1.0
 -0.06963899299331339, 0.06996712122773487, 12.765045251279398, 56.85889653333588,  44.20890989308197, 0.37575476031041455,324.22289045398736,  50.47999200915493, 353159.2397102379,      0.0, 353159.2397102379,   1.0
 -0.06963899299331339, 0.06996712122773487, 12.765045251279398, 56.85889653333588,  44.20890989308197, 0.37575476031041455,323.22289045398736,  51.47999200915493,352993.30800131074,      0.0,352993.30800131074,   1.0
 -0.06963606125760205, 0.06996419366802441, 12.765041604416783, 56.85889557227612,  44.20890064405706, 0.37575190640819484,323.22287764655175,  50.47999535733152,353045.41643309843,      0.0,353045.41643309843,   1.0
            0.2999994, 0.06996419366802441, 12.765041604416783, 56.85889557227612,  44.20890064405706, 0.37575190640819484,323.22287764655175,  50.47999535733152, 256572.3784299789,      0.0, 256572.3784299789,   1.0
 -0.06963606125760205,-0.29999939999999997, 12.765041604416783, 56.85889557227612,  44.20890064405706, 0.37575190640819484,323.22287764655175,  50.47999535733152, 282834.7176398083,      0.0, 282834.7176398083,   1.0
 -0.06963606125760205, 0.06996419366802441, 13.765041604416783, 56.85889557227612,  44.20890064405706, 0.37575190640819484,323.22287764655175,  50.47999535733152,  353309.740300485,      0.0,  353309.740300485,   1.0
 -0.06963606125760205, 0.06996419366802441, 12.765041604416783, 57.85889557227612,  44.20890064405706, 0.37575190640819484,323.22287764655175,  50.47999535733152,   352989.95769569,      0.0,   352989.95769569,   1.0
 -0.06963606125760205, 0.06996419366802441, 12.765041604416783, 56.85889557227612,  45.20890064405706, 0.37575190640819484,323.22287764655175,  50.47999535733152,   353103.76981262,      0.0,   353103.76981262,   1.0
 -0.06963606125760205, 0.06996419366802441, 12.765041604416783, 56.85889557227612,  44.20890064405706, 0.02000057999999999,323.22287764655175,  50.47999535733152, 326753.6675642964,      0.0, 326753.6675642964,   1.0
 -0.06963606125760205, 0.06996419366802441, 12.765041604416783, 56.85889557227612,  44.20890064405706, 0.37575190640819484,324.22287764655175,  50.47999535733152, 353162.6940017331,      0.0, 353162.6940017331,   1.0
 -0.06963606125760205, 0.06996419366802441, 12.765041604416783, 56.85889557227612,  44.20890064405706, 0.37575190640819484,323.22287764655175,  51.47999535733152, 352996.8928568469,      0.0, 352996.8928568469,   1.0
 -0.06963591626958296, 0.06996404888652806,   12.7650414240624,56.858895524747226,  44.20890018664959, 0.37575176526940535,323.22287701316424, 50.479995522914486,353045.41643309843,      0.0,353045.41643309843,   1.0
   0.2999993999999999, 0.06996404888652806,   12.7650414240624,56.858895524747226,  44.20890018664959, 0.37575176526940535,323.22287701316424, 50.479995522914486, 256572.3784299789,      0.0, 256572.3784299789,   1.0
 -0.06963591626958296,-0.29999939999999997,   12.7650414240624,56.858895524747226,  44.20890018664959, 0.37575176526940535,323.22287701316424, 50.479995522914486, 282834.7176398083,      0.0, 282834.7176398083,   1.0
 -0.06963591626958296, 0.06996404888652806,   13.7650414240624,56.858895524747226,  44.20890018664959, 0.37575176526940535,323.22287701316424, 50.479995522914486,  353309.740300485,      0.0,  353309.740300485,   1.0
 -0.06963591626958296, 0.06996404888652806,   12.7650414240624,57.858895524747226,  44.20890018664959, 0.37575176526940535,323.22287701316424, 50.479995522914486,   352989.95769569,      0.0,   352989.95769569,   1.0
 -0.06963591626958296, 0.06996404888652806,   12.7650414240624,56.858895524747226,  45.20890018664959, 0.37575176526940535,323.22287701316424, 50.479995522914486,353103.76800114766,      0.0,353103.76800114766,   1.0
 -0.06963591626958296, 0.06996404888652806,   12.7650414240624,56.858895524747226,  44.20890018664959, 0.02000057999999999,323.22287701316424, 50.479995522914486, 326753.6675642964,      0.0, 326753.6675642964,   1.0
 -0.06963591626958296, 0.06996404888652806,   12.7650414240624,56.858895524747226,  44.20890018664959, 0.37575176526940535,324.22287701316424, 50.479995522914486, 353162.6940017331,      0.0, 353162.6940017331,   1.0
 -0.06963591626958296, 0.06996404888652806,   12.7650414240624,56.858895524747226,  44.20890018664959, 0.37575176526940535,323.22287701316424, 51.479995522914486, 352996.8928568469,      0.0, 352996.8928568469,   1.0
 -0.06963588567183578,  0.0699640183323647, 12.765041386001062,  56.8588955147169, 44.208900090119975, 0.37575173548398566, 323.2228768794965, 50.479995557858516,353045.41643309843,      0.0,353045.41643309843,   1.0
  0.29999939999999997,  0.0699640183323647, 12.765041386001062,  56.8588955147169, 44.208900090119975, 0.37575173548398566, 323.2228768794965, 50.479995557858516, 256572.3784299789,      0.0, 256572.3784299789,   1.0
 -0.06963588567183578,-0.29999939999999997, 12.765041386001062,  56.8588955147169, 44.208900090119975, 0.37575173548398566, 323.2228768794965, 50.479995557858516, 282834.7176398083,      0.0, 282834.7176398083,   1.0
 -0.06963588567183578,  0.0699640183323647, 13.765041386001062,  56.8588955147169, 44.208900090119975, 0.37575173548398566, 323.2228768794965, 50.479995557858516,  353309.740300485,      0.0,  353309.740300485,   1.0
 -0.06963588567183578,  0.0699640183323647, 12.765041386001062,  57.8588955147169, 44.208900090119975, 0.37575173548398566, 323.2228768794965, 50.479995557858516, 352989.9581218732,      0.0, 352989.9581218732,   1.0
 -0.06963588567183578,  0.0699640183323647, 12.765041386001062,  56.8588955147169, 45.208900090119975, 0.37575173548398566, 323.2228768794965, 50.479995557858516,353103.76800114766,      0.0,353103.76800114766,   1.0
 -0.06963588567183578,  0.0699640183323647, 12.765041386001062,  56.8588955147169, 44.208900090119975, 0.02000057999999999, 323.2228768794965, 50.479995557858516, 326753.6675642964,      0.0, 326753.6675642964,   1.0
 -0.06963588567183578,  0.0699640183323647, 12.765041386001062,  56.8588955147169, 44.208900090119975, 0.37575173548398566, 324.2228768794965, 50.479995557858516, 353162.6940017331,      0.0, 353162.6940017331,   1.0
 -0.06963588567183578,  0.0699640183323647, 12.765041386001062,  56.8588955147169, 44.208900090119975, 0.37575173548398566, 323.2228768794965, 51.479995557858516, 352996.8928568469,      0.0, 352996.8928568469,   1.0
 -0.06963587921459906, 0.06996401188432574, 12.765041377968737,56.858895512600135,  44.20890006974872, 0.37575172919817956, 323.2228768512877, 50.479995565232976,353045.41643309843,      0.0,353045.41643309843,   1.0
  0.29999939999999997, 0.06996401188432574, 12.765041377968737,56.858895512600135,  44.20890006974872, 0.37575172919817956, 323.2228768512877, 50.479995565232976, 256572.3784299789,      0.0, 256572.3784299789,   1.0
 -0.06963587921459906, -0.2999993999999999, 12.765041377968737,56.858895512600135,  44.20890006974872, 0.37575172919817956, 323.2228768512877, 50.479995565232976, 282834.7176398083,      0.0, 282834.7176398083,   1.0
 -0.06963587921459906, 0.06996401188432574, 13.765041377968737,56.858895512600135,  44.20890006974872, 0.37575172919817956, 323.2228768512877, 50.479995565232976,  353309.740300485,      0.0,  353309.740300485,   1.0
 -0.06963587921459906, 0.06996401188432574, 12.765041377968737,57.858895512600135,  44.20890006974872, 0.37575172919817956, 323.2228768512877, 50.479995565232976, 352989.9581218732,      0.0, 352989.9581218732,   1.0
 -0.06963587921459906, 0.06996401188432574, 12.765041377968737,56.858895512600135,  45.20890006974872, 0.37575172919817956, 323.2228768512877, 50.479995565232976,353103.76800114766,      0.0,353103.76800114766,   1.0
 -0.06963587921459906, 0.06996401188432574, 12.765041377968737,56.858895512600135,  44.20890006974872, 0.02000057999999999, 323.2228768512877, 50.479995565232976, 326753.6675642964,      0.0, 326753.6675642964,   1.0
 -0.06963587921459906, 0.06996401188432574, 12.765041377968737,56.858895512600135,  44.20890006974872, 0.37575172919817956, 324.2228768512877, 50.479995565232976, 353162.6940017331,      0.0, 353162.6940017331,   1.0
 -0.06963587921459906, 0.06996401188432574, 12.765041377968737,56.858895512600135,  44.20890006974872, 0.37575172919817956, 323.2228768512877, 51.479995565232976, 352996.8928568469,      0.0, 352996.8928568469,   1.0
 -0.06963587785188748, 0.06996401052355522, 12.765041376273626,56.858895512153424,  44.20890006544965, 0.37575172787164607, 323.2228768453346, 50.479995566789256,353045.41643309843,      0.0,353045.41643309843,   1.0
  0.29999939999999997, 0.06996401052355522, 12.765041376273626,56.858895512153424,  44.20890006544965, 0.37575172787164607, 323.2228768453346, 50.479995566789256, 256572.3784299789,      0.0, 256572.3784299789,   1.0
 -0.06963587785188748,-0.29999939999999997, 12.765041376273626,56.858895512153424,  44.20890006544965, 0.37575172787164607, 323.2228768453346, 50.479995566789256, 282834.7176398083,      0.0, 282834.7176398083,   1.0
 -0.06963587785188748, 0.06996401052355522, 13.765041376273626,56.858895512153424,  44.20890006544965, 0.37575172787164607, 323.2228768453346, 50.479995566789256,  353309.740300485,      0.0,  353309.740300485,   1.0
 -0.06963587785188748, 0.06996401052355522, 12.765041376273626,57.858895512153424,  44.20890006544965, 0.37575172787164607, 323.2228768453346, 50.479995566789256, 352989.9581218732,      0.0, 352989.9581218732,   1.0
 -0.06963587785188748, 0.06996401052355522, 12.765041376273626,56.858895512153424,  45.20890006544965, 0.37575172787164607, 323.2228768453346, 50.479995566789256,353103.76800114766,      0.0,353103.76800114766,   1.0
 -0.06963587785188748, 0.06996401052355522, 12.765041376273626,56.858895512153424,  44.20890006544965, 0.02000057999999999, 323.2228768453346, 50.479995566789256, 326753.6675642964,      0.0, 326753.6675642964,   1.0
 -0.06963587785188748, 0.06996401052355522, 12.765041376273626,56.858895512153424,  44.20890006544965, 0.37575172787164607, 324.2228768453346, 50.479995566789256, 353162.6940017331,      0.0, 353162.6940017331,   1.0
 -0.06963587785188748, 0.06996401052355522, 12.765041376273626,56.858895512153424,  44.20890006544965, 0.37575172787164607, 323.2228768453346, 51.479995566789256, 352996.8928568469,      0.0, 352996.8928568469,   1.0
 -0.06963587756430582,  0.0699640102363832, 12.765041375915894, 56.85889551205915, 44.208900064542384,  0.3757517275916993, 323.2228768440783,  50.47999556711768,353045.41643309843,      0.0,353045.41643309843,   1.0
  0.29999939999999997,  0.0699640102363832, 12.765041375915894, 56.85889551205915, 44.208900064542384,  0.3757517275916993, 323.2228768440783,  50.47999556711768, 256572.3784299789,      0.0, 256572.3784299789,   1.0
 -0.06963587756430582,-0.29999939999999997, 12.765041375915894, 56.85889551205915, 44.208900064542384,  0.3757517275916993, 323.2228768440783,  50.47999556711768, 282834.7176398083,      0.0, 282834.7176398083,   1.0
 -0.06963587756430582,  0.0699640102363832, 13.765041375915894, 56.85889551205915, 44.208900064542384,  0.3757517275916993, 323.2228768440783,  50.47999556711768,  353309.740300485,      0.0,  353309.740300485,   1.0
 -0.06963587756430582,  0.0699640102363832, 12.765041375915894, 57.85889551205915, 44.208900064542384,  0.3757517275916993, 323.2228768440783,  50.47999556711768, 352989.9581218732,      0.0, 352989.9581218732,   1.0
 -0.06963587756430582,  0.0699640102363832, 12.765041375915894, 56.85889551205915, 45.208900064542384,  0.3757517275916993, 323.2228768440783,  50.47999556711768,353103.76800114766,      0.0,353103.76800114766,   1.0
 -0.06963587756430582,  0.0699640102363832, 12.765041375915894, 56.85889551205915, 44.208900064542384, 0.02000057999999999, 323.2228768440783,  50.47999556711768, 326753.6675642964,      0.0, 326753.6675642964,   1.0
 -0.06963587756430582,  0.0699640102363832, 12.765041375915894, 56.85889551205915, 44.208900064542384,  0.3757517275916993, 324.2228768440783,  50.47999556711768, 353162.6940017331,      0.0, 353162.6940017331,   1.0
 -0.06963587756430582,  0.0699640102363832, 12.765041375915894, 56.85889551205915, 44.208900064542384,  0.3757517275916993, 323.2228768440783,  51.47999556711768, 352996.8928568469,      0.0, 352996.8928568469,   1.0
 -0.06963587750361562, 0.06996401017577945,   12.7650413758404,56.858895512039254,  44.20890006435092,  0.3757517275326203, 323.2228768438132,    50.479995567187,353045.41643309843,      0.0,353045.41643309843,   1.0
  0.29999939999999997, 0.06996401017577945,   12.7650413758404,56.858895512039254,  44.20890006435092,  0.3757517275326203, 323.2228768438132,    50.479995567187, 256572.3784299789,      0.0, 256572.3784299789,   1.0
 -0.06963587750361562,-0.29999939999999997,   12.7650413758404,56.858895512039254,  44.20890006435092,  0.3757517275326203, 323.2228768438132,    50.479995567187, 282834.7176398083,      0.0, 282834.7176398083,   1.0
 -0.06963587750361562, 0.06996401017577945,   13.7650413758404,56.858895512039254,  44.20890006435092,  0.3757517275326203, 323.2228768438132,    50.479995567187,  353309.740300485,      0.0,  353309.740300485,   1.0
 -0.06963587750361562, 0.06996401017577945,   12.7650413758404,57.858895512039254,  44.20890006435092,  0.3757517275326203, 323.2228768438132,    50.479995567187, 352989.9581218732,      0.0, 352989.9581218732,   1.0
 -0.06963587750361562, 0.06996401017577945,   12.7650413758404,56.858895512039254,  45.20890006435092,  0.3757517275326203, 323.2228768438132,    50.479995567187,353103.76800114766,      0.0,353103.76800114766,   1.0
 -0.06963587750361562, 0.06996401017577945,   12.7650413758404,56.858895512039254,  44.20890006435092, 0.02000057999999999, 323.2228768438132,    50.479995567187, 326753.6675642964,      0.0, 326753.6675642964,   1.0
 -0.06963587750361562, 0.06996401017577945,   12.7650413758404,56.858895512039254,  44.20890006435092,  0.3757517275326203, 324.2228768438132,    50.479995567187, 353162.6940017331,      0.0, 353162.6940017331,   1.0
 -0.06963587750361562, 0.06996401017577945,   12.7650413758404,56.858895512039254,  44.20890006435092,  0.3757517275326203, 323.2228768438132,    51.479995567187, 352996.8928568469,      0.0, 352996.8928568469,   1.0
  -0.0696358774908078, 0.06996401016298986, 12.765041375824469,56.858895512035055,  44.20890006431051,  0.3757517275201525, 323.2228768437572,  50.47999556720162,353045.41643309843,      0.0,353045.41643309843,   1.0
  0.29999939999999997, 0.06996401016298986, 12.765041375824469,56.858895512035055,  44.20890006431051,  0.3757517275201525, 323.2228768437572,  50.47999556720162, 256572.3784299789,      0.0, 256572.3784299789,   1.0
  -0.0696358774908078,-0.29999939999999997, 12.765041375824469,56.858895512035055,  44.20890006431051,  0.3757517275201525, 323.2228768437572,  50.47999556720162, 282834.7176398083,      0.0, 282834.7176398083,   1.0
  -0.0696358774908078, 0.06996401016298986, 13.765041375824469,56.858895512035055,  44.20890006431051,  0.3757517275201525, 323.2228768437572,  50.47999556720162,  353309.740300485,      0.0,  353309.740300485,   1.0
  -0.0696358774908078, 0.06996401016298986, 12.765041375824469,57.858895512035055,  44.20890006431051,  0.3757517275201525, 323.2228768437572,  50.47999556720162, 352989.9581218732,      0.0, 352989.9581218732,   1.0
  -0.0696358774908078, 0.06996401016298986, 12.765041375824469,56.858895512035055,  45.20890006431051,  0.3757517275201525, 323.2228768437572,  50.47999556720162,353103.76800114766,      0.0,353103.76800114766,   1.0
  -0.0696358774908078, 0.06996401016298986, 12.765041375824469,56.858895512035055,  44.20890006431051, 0.02000057999999999, 323.2228768437572,  50.47999556720162, 326753.6675642964,      0.0, 326753.6675642964,   1.0
  -0.0696358774908078, 0.06996401016298986, 12.765041375824469,56.858895512035055,  44.20890006431051,  0.3757517275201525, 324.2228768437572,  50.47999556720162, 353162.6940017331,      0.0, 353162.6940017331,   1.0
  -0.0696358774908078, 0.06996401016298986, 12.765041375824469,56.858895512035055,  44.20890006431051,  0.3757517275201525, 323.2228768437572,  51.47999556720162, 352996.8928568469,      0.0, 352996.8928568469,   1.0
 -0.06963587748810487, 0.06996401016029079, 12.765041375821106, 56.85889551203417, 44.208900064301986, 0.37575172751752134,323.22287684374544,  50.47999556720471,353045.41643309843,      0.0,353045.41643309843,   1.0
            0.2999994, 0.06996401016029079, 12.765041375821106, 56.85889551203417, 44.208900064301986, 0.37575172751752134,323.22287684374544,  50.47999556720471, 256572.3784299789,      0.0, 256572.3784299789,   1.0
 -0.06963587748810487,-0.29999939999999997, 12.765041375821106, 56.85889551203417, 44.208900064301986, 0.37575172751752134,323.22287684374544,  50.47999556720471, 282834.7176398083,      0.0, 282834.7176398083,   1.0
 -0.06963587748810487, 0.06996401016029079, 13.765041375821106, 56.85889551203417, 44.208900064301986, 0.37575172751752134,323.22287684374544,  50.47999556720471,  353309.740300485,      0.0,  353309.740300485,   1.0
 -0.06963587748810487, 0.06996401016029079, 12.765041375821106, 57.85889551203417, 44.208900064301986, 0.37575172751752134,323.22287684374544,  50.47999556720471, 352989.9581218732,      0.0, 352989.9581218732,   1.0
 -0.06963587748810487, 0.06996401016029079, 12.765041375821106, 56.85889551203417, 45.208900064301986, 0.37575172751752134,323.22287684374544,  50.47999556720471,353103.76800114766,      0.0,353103.76800114766,   1.0
 -0.06963587748810487, 0.06996401016029079, 12.765041375821106, 56.85889551203417, 44.208900064301986, 0.02000057999999999,323.22287684374544,  50.47999556720471, 326753.6675642964,      0.0, 326753.6675642964,   1.0
 -0.06963587748810487, 0.06996401016029079, 12.765041375821106, 56.85889551203417, 44.208900064301986, 0.37575172751752134,324.22287684374544,  50.47999556720471, 353162.6940017331,      0.0, 353162.6940017331,   1.0
 -0.06963587748810487, 0.06996401016029079, 12.765041375821106, 56.85889551203417, 44.208900064301986, 0.37575172751752134,323.22287684374544,  51.47999556720471, 352996.8928568469,      0.0, 352996.8928568469,   1.0
 -0.06963587748753444, 0.06996401015972117, 12.765041375820397, 56.85889551203398,  44.20890006430019, 0.37575172751696606,323.22287684374294,  50.47999556720536,353045.41643309843,      0.0,353045.41643309843,   1.0
            0.2999994, 0.06996401015972117, 12.765041375820397, 56.85889551203398,  44.20890006430019, 0.37575172751696606,323.22287684374294,  50.47999556720536, 256572.3784299789,      0.0, 256572.3784299789,   1.0
 -0.06963587748753444, -0.2999993999999999, 12.765041375820397, 56.85889551203398,  44.20890006430019, 0.37575172751696606,323.22287684374294,  50.47999556720536, 282834.7176398083,      0.0, 282834.7176398083,   1.0
 -0.06963587748753444, 0.06996401015972117, 13.765041375820397, 56.85889551203398,  44.20890006430019, 0.37575172751696606,323.22287684374294,  50.47999556720536,  353309.740300485,      0.0,  353309.740300485,   1.0
 -0.06963587748753444, 0.06996401015972117, 12.765041375820397, 57.85889551203398,  44.20890006430019, 0.37575172751696606,323.22287684374294,  50.47999556720536, 352989.9581218732,      0.0, 352989.9581218732,   1.0
 -0.06963587748753444, 0.06996401015972117, 12.765041375820397, 56.85889551203398,  45.20890006430019, 0.37575172751696606,323.22287684374294,  50.47999556720536,353103.76800114766,      0.0,353103.76800114766,   1.0
 -0.06963587748753444, 0.06996401015972117, 12.765041375820397, 56.85889551203398,  44.20890006430019, 0.02000057999999999,323.22287684374294,  50.47999556720536, 326753.6675642964,      0.0, 326753.6675642964,   1.0
 -0.06963587748753444, 0.06996401015972117, 12.765041375820397, 56.85889551203398,  44.20890006430019, 0.37575172751696606,324.22287684374294,  50.47999556720536, 353162.6940017331,      0.0, 353162.6940017331,   1.0
 -0.06963587748753444, 0.06996401015972117, 12.765041375820397, 56.85889551203398,  44.20890006430019, 0.37575172751696606,323.22287684374294,  51.47999556720536, 352996.8928568469,      0.0, 352996.8928568469,   1.0
  -0.0696358774874141,   0.069964010159601, 12.765041375820248, 56.85889551203394, 44.208900064299804, 0.37575172751684893,323.22287684374237,   50.4799955672055,353045.41643309843,      0.0,353045.41643309843,   1.0
            0.2999994,   0.069964010159601, 12.765041375820248, 56.85889551203394, 44.208900064299804, 0.37575172751684893,323.22287684374237,   50.4799955672055, 256572.3784299789,      0.0, 256572.3784299789,   1.0
  -0.0696358774874141,-0.29999939999999997, 12.765041375820248, 56.85889551203394, 44.208900064299804, 0.37575172751684893,323.22287684374237,   50.4799955672055, 282834.7176398083,      0.0, 282834.7176398083,   1.0
  -0.0696358774874141,   0.069964010159601, 13.765041375820248, 56.85889551203394, 44.208900064299804, 0.37575172751684893,323.22287684374237,   50.4799955672055,  353309.740300485,      0.0,  353309.740300485,   1.0
  -0.0696358774874141,   0.069964010159601, 12.765041375820248, 57.85889551203394, 44.208900064299804, 0.37575172751684893,323.22287684374237,   50.4799955672055, 352989.9581218732,      0.0, 352989.9581218732,   1.0
  -0.0696358774874141,   0.069964010159601, 12.765041375820248, 56.85889551203394, 45.208900064299804, 0.37575172751684893,323.22287684374237,   50.4799955672055,353103.76800114766,      0.0,353103.76800114766,   1.0
  -0.0696358774874141,   0.069964010159601, 12.765041375820248, 56.85889551203394, 44.208900064299804, 0.02000057999999999,323.22287684374237,   50.4799955672055, 326753.6675642964,      0.0, 326753.6675642964,   1.0
  -0.0696358774874141,   0.069964010159601, 12.765041375820248, 56.85889551203394, 44.208900064299804, 0.37575172751684893,324.22287684374237,   50.4799955672055, 353162.6940017331,      0.0, 353162.6940017331,   1.0
  -0.0696358774874141,   0.069964010159601, 12.765041375820248, 56.85889551203394, 44.208900064299804, 0.37575172751684893,323.22287684374237,   51.4799955672055, 352996.8928568469,      0.0, 352996.8928568469,   1.0
 -0.06963587748749353, 0.06996401015968032, 12.765041375820346, 56.85889551203397,  44.20890006430006, 0.37575172751692626,323.22287684374277,  50.47999556720541,353045.41643309843,      0.0,353045.41643309843,   1.0
   0.2999993999999999, 0.06996401015968032, 12.765041375820346, 56.85889551203397,  44.20890006430006, 0.37575172751692626,323.22287684374277,  50.47999556720541, 256572.3784299789,      0.0, 256572.3784299789,   1.0
 -0.06963587748749353, -0.2999993999999999, 12.765041375820346, 56.85889551203397,  44.20890006430006, 0.37575172751692626,323.22287684374277,  50.47999556720541, 282834.7176398083,      0.0, 282834.7176398083,   1.0
 -0.06963587748749353, 0.06996401015968032, 13.765041375820346, 56.85889551203397,  44.20890006430006, 0.37575172751692626,323.22287684374277,  50.47999556720541,  353309.740300485,      0.0,  353309.740300485,   1.0
 -0.06963587748749353, 0.06996401015968032, 12.765041375820346, 57.85889551203397,  44.20890006430006, 0.37575172751692626,323.22287684374277,  50.47999556720541, 352989.9581218732,      0.0, 352989.9581218732,   1.0
 -0.06963587748749353, 0.06996401015968032, 12.765041375820346, 56.85889551203397,  45.20890006430006, 0.37575172751692626,323.22287684374277,  50.47999556720541,353103.76800114766,      0.0,353103.76800114766,   1.0
 -0.06963587748749353, 0.06996401015968032, 12.765041375820346, 56.85889551203397,  44.20890006430006, 0.02000057999999999,323.22287684374277,  50.47999556720541, 326753.6675642964,      0.0, 326753.6675642964,   1.0
 -0.06963587748749353, 0.06996401015968032, 12.765041375820346, 56.85889551203397,  44.20890006430006, 0.37575172751692626,324.22287684374277,  50.47999556720541, 353162.6940017331,      0.0, 353162.6940017331,   1.0
 -0.06963587748749353, 0.06996401015968032, 12.765041375820346, 56.85889551203397,  44.20890006430006, 0.37575172751692626,323.22287684374277,  51.47999556720541, 352996.8928568469,      0.0, 352996.8928568469,   1.0
 -0.06963587748743084, 0.06996401015961773, 12.765041375820267,56.858895512033946,  44.20890006429986, 0.37575172751686525, 323.2228768437425,  50.47999556720548,353045.41643309843,      0.0,353045.41643309843,   1.0
  0.29999939999999997, 0.06996401015961773, 12.765041375820267,56.858895512033946,  44.20890006429986, 0.37575172751686525, 323.2228768437425,  50.47999556720548, 256572.3784299789,      0.0, 256572.3784299789,   1.0
 -0.06963587748743084,-0.29999939999999997, 12.765041375820267,56.858895512033946,  44.20890006429986, 0.37575172751686525, 323.2228768437425,  50.47999556720548, 282834.7176398083,      0.0, 282834.7176398083,   1.0
 -0.06963587748743084, 0.06996401015961773, 13.765041375820267,56.858895512033946,  44.20890006429986, 0.37575172751686525, 323.2228768437425,  50.47999556720548,  353309.740300485,      0.0,  353309.740300485,   1.0
 -0.06963587748743084, 0.06996401015961773, 12.765041375820267,57.858895512033946,  44.20890006429986, 0.37575172751686525, 323.2228768437425,  50.47999556720548, 352989.9581218732,      0.0, 352989.9581218732,   1.0
 -0.06963587748743084, 0.06996401015961773, 12.765041375820267,56.858895512033946,  45.20890006429986, 0.37575172751686525, 323.2228768437425,  50.47999556720548,353103.76800114766,      0.0,353103.76800114766,   1.0
 -0.06963587748743084, 0.06996401015961773, 12.765041375820267,56.858895512033946,  44.20890006429986, 0.02000057999999999, 323.2228768437425,  50.47999556720548, 326753.6675642964,      0.0, 326753.6675642964,   1.0
 -0.06963587748743084, 0.06996401015961773, 12.765041375820267,56.858895512033946,  44.20890006429986, 0.37575172751686525, 324.2228768437425,  50.47999556720548, 353162.6940017331,      0.0, 353162.6940017331,   1.0
 -0.06963587748743084, 0.06996401015961773, 12.765041375820267,56.858895512033946,  44.20890006429986, 0.37575172751686525, 323.2228768437425,  51.47999556720548, 352996.8928568469,      0.0, 352996.8928568469,   1.0
 -0.29999939999999997, 0.29999939999999997,           59.99988,          20.00006,  160.9120361628222,          0.59999942,         499.99955,           5.000115, 68540.99083953386,      0.0, 68540.99083953386,   1.0
  0.29999939999999997, 0.29999939999999997,           59.99988,          20.00006,  160.9120361628222,          0.59999942,         499.99955,           5.000115, 90515.04503585031,      0.0, 90515.04503585031,   1.0
 -0.29999939999999997,-0.29999939999999997,           59.99988,          20.00006,  160.9120361628222,          0.59999942,         499.99955,           5.000115,112235.15279948927,      0.0,112235.15279948927,   1.0
 -0.29999939999999997, 0.29999939999999997,           58.99988,          20.00006,  160.9120361628222,          0.59999942,         499.99955,           5.000115, 68849.91981230432,      0.0, 68849.91981230432,   1.0
 -0.29999939999999997, 0.29999939999999997,           59.99988,          21.00006,  160.9120361628222,          0.59999942,         499.99955,           5.000115, 66327.03513895487,      0.0, 66327.03513895487,   1.0
 -0.29999939999999997, 0.29999939999999997,           59.99988,          20.00006,  161.9120361628222,          0.59999942,         499.99955,           5.000115, 69132.45948182826,      0.0, 69132.45948182826,   1.0
 -0.29999939999999997, 0.29999939999999997,           59.99988,          20.00006,  160.9120361628222,0.020000580000000046,         499.99955,           5.000115,16945.610461174045,      0.0,16945.610461174045,   1.0
 -0.29999939999999997, 0.29999939999999997,           59.99988,          20.00006,  160.9120361628222,          0.59999942,         498.99955,           5.000115, 68746.56988957588,      0.0, 68746.56988957588,   1.0
 -0.29999939999999997, 0.29999939999999997,           59.99988,          20.00006,  160.9120361628222,          0.59999942,         499.99955,           6.000115, 70284.00145098008,      0.0, 70284.00145098008,   1.0
 -0.08664194686981895, 0.08694585588485311, 16.252047192320603, 54.13787480859704,  52.82424683444974, 0.39230630949066947, 336.2730174914529,  47.12254558556409,350409.33457363275,      0.0,350409.33457363275,   1.0
  0.29999939999999997, 0.08694585588485311, 16.252047192320603, 54.13787480859704,  52.82424683444974, 0.39230630949066947, 336.2730174914529,  47.12254558556409,248696.91894078403,      0.0,248696.91894078403,   1.0
 -0.08664194686981895,-0.29999939999999997, 16.252047192320603, 54.13787480859704,  52.82424683444974, 0.39230630949066947, 336.2730174914529,  47.12254558556409,275854.08055263036,      0.0,275854.08055263036,   1.0
 -0.08664194686981895, 0.08694585588485311, 17.252047192320603, 54.13787480859704,  52.82424683444974, 0.39230630949066947, 336.2730174914529,  47.12254558556409,350173.78979819425,      0.0,350173.78979819425,   1.0
 -0.08664194686981895, 0.08694585588485311, 16.252047192320603, 55.13787480859704,  52.82424683444974, 0.39230630949066947, 336.2730174914529,  47.12254558556409,  350745.784622048,      0.0,  350745.784622048,   1.0
 -0.08664194686981895, 0.08694585588485311, 16.252047192320603, 54.13787480859704,  53.82424683444974, 0.39230630949066947, 336.2730174914529,  47.12254558556409, 349904.9439855501,      0.0, 349904.9439855501,   1.0
 -0.08664194686981895, 0.08694585588485311, 16.252047192320603, 54.13787480859704,  52.82424683444974, 0.02000057999999999, 336.2730174914529,  47.12254558556409,326382.25518377114,      0.0,326382.25518377114,   1.0
 -0.08664194686981895, 0.08694585588485311, 16.252047192320603, 54.13787480859704,  52.82424683444974, 0.39230630949066947, 337.2730174914529,  47.12254558556409, 350552.8389470187,      0.0, 350552.8389470187,   1.0
 -0.08664194686981895, 0.08694585588485311, 16.252047192320603, 54.13787480859704,  52.82424683444974, 0.39230630949066947, 336.2730174914529,  48.12254558556409,350502.84886059037,      0.0,350502.84886059037,   1.0
 -0.07309426605345805, 0.07341747255387411,  13.47416591097472, 56.30554325424877, 45.960934358211205,  0.3791183006929606, 325.8767797643277,  49.79721776790566,353160.79686265544,      0.0,353160.79686265544,   1.0
  0.29999939999999997, 0.07341747255387411,  13.47416591097472, 56.30554325424877, 45.960934358211205,  0.3791183006929606, 325.8767797643277,  49.79721776790566,254533.04206452754,      0.0,254533.04206452754,   1.0
 -0.07309426605345805,-0.29999939999999997,  13.47416591097472, 56.30554325424877, 45.960934358211205,  0.3791183006929606, 325.8767797643277,  49.79721776790566,281594.14842243894,      0.0,281594.14842243894,   1.0
 -0.07309426605345805, 0.07341747255387411,  14.47416591097472, 56.30554325424877, 45.960934358211205,  0.3791183006929606, 325.8767797643277,  49.79721776790566, 353286.9591075319,      0.0, 353286.9591075319,   1.0
 -0.07309426605345805, 0.07341747255387411,  13.47416591097472, 57.30554325424877, 45.960934358211205,  0.3791183006929606, 325.8767797643277,  49.79721776790566,353336.12848156434,      0.0,353336.12848156434,   1.0
 -0.07309426605345805, 0.07341747255387411,  13.47416591097472, 56.30554325424877, 46.960934358211205,  0.3791183006929606, 325.8767797643277,  49.79721776790566,353151.64408143406,      0.0,353151.64408143406,   1.0
 -0.07309426605345805, 0.07341747255387411,  13.47416591097472, 56.30554325424877, 45.960934358211205, 0.02000057999999999, 325.8767797643277,  49.79721776790566, 327936.9643636298,      0.0, 327936.9643636298,   1.0
 -0.07309426605345805, 0.07341747255387411,  13.47416591097472, 56.30554325424877, 45.960934358211205,  0.3791183006929606, 326.8767797643277,  49.79721776790566, 353271.1546922823,      0.0, 353271.1546922823,   1.0
 -0.07309426605345805, 0.07341747255387411,  13.47416591097472, 56.30554325424877, 45.960934358211205,  0.3791183006929606, 325.8767797643277,  50.79721776790566, 353103.8653387253,      0.0, 353103.8653387253,   1.0
 -0.29999939999999997, 0.29999939999999997, 15.180073134176403,54.979848849725244,  50.17638604977117,          0.59999942,  332.265313039354,   48.1530935730575, 318116.9753223328,      0.0, 318116.9753223328,   1.0
  0.29999939999999997, 0.29999939999999997, 15.180073134176403,54.979848849725244,  50.17638604977117,          0.59999942,  332.265313039354,   48.1530935730575, 239012.7469728696,      0.0, 239012.7469728696,   1.0
 -0.29999939999999997,-0.29999939999999997, 15.180073134176403,54.979848849725244,  50.17638604977117,          0.59999942,  332.265313039354,   48.1530935730575, 243145.1796042617,      0.0, 243145.1796042617,   1.0
 -0.29999939999999997, 0.29999939999999997, 16.180073134176403,54.979848849725244,  50.17638604977117,          0.59999942,  332.265313039354,   48.1530935730575,317978.03765854175,      0.0,317978.03765854175,   1.0
 -0.29999939999999997, 0.29999939999999997, 15.180073134176403,55.979848849725244,  50.17638604977117,          0.59999942,  332.265313039354,   48.1530935730575, 318160.4346776799,      0.0, 318160.4346776799,   1.0
 -0.29999939999999997, 0.29999939999999997, 15.180073134176403,54.979848849725244,  51.17638604977117,          0.59999942,  332.265313039354,   48.1530935730575,317834.41809752083,      0.0,317834.41809752083,   1.0
 -0.29999939999999997, 0.29999939999999997, 15.180073134176403,54.979848849725244,  50.17638604977117,0.020000580000000046,  332.265313039354,   48.1530935730575, 342046.3718136861,      0.0, 342046.3718136861,   1.0
 -0.29999939999999997, 0.29999939999999997, 15.180073134176403,54.979848849725244,  50.17638604977117,          0.59999942,  333.265313039354,   48.1530935730575,318309.31636694237,      0.0,318309.31636694237,   1.0
 -0.29999939999999997, 0.29999939999999997, 15.180073134176403,54.979848849725244,  50.17638604977117,          0.59999942,  332.265313039354,   49.1530935730575,318950.02610958565,      0.0,318950.02610958565,   1.0
 -0.11463802363829671, 0.11490205469270329, 13.786498183542923, 56.06282363827887,  46.73273577203917,  0.4195591294920188,  327.046447779697,  49.49619726739009, 346934.3925210211,      0.0, 346934.3925210211,   1.0
  0.29999939999999997, 0.11490205469270329, 13.786498183542923, 56.06282363827887,  46.73273577203917,  0.4195591294920188,  327.046447779697,  49.49619726739009,247621.44948646348,      0.0,247621.44948646348,   1.0
 -0.11463802363829671, -0.2999993999999999, 13.786498183542923, 56.06282363827887,  46.73273577203917,  0.4195591294920188,  327.046447779697,  49.49619726739009, 272504.4880917447,      0.0, 272504.4880917447,   1.0
 -0.11463802363829671, 0.11490205469270329, 14.786498183542923, 56.06282363827887,  46.73273577203917,  0.4195591294920188,  327.046447779697,  49.49619726739009, 347036.6179007498,      0.0, 347036.6179007498,   1.0
 -0.11463802363829671, 0.11490205469270329, 13.786498183542923, 57.06282363827887,  46.73273577203917,  0.4195591294920188,  327.046447779697,  49.49619726739009, 346896.8659027662,      0.0, 346896.8659027662,   1.0
 -0.11463802363829671, 0.11490205469270329, 13.786498183542923, 56.06282363827887,  47.73273577203917,  0.4195591294920188,  327.046447779697,  49.49619726739009, 346875.2588895626,      0.0, 346875.2588895626,   1.0
 -0.11463802363829671, 0.11490205469270329, 13.786498183542923, 56.06282363827887,  46.73273577203917, 0.02000057999999999,  327.046447779697,  49.49619726739009,340607.13126444863,      0.0,340607.13126444863,   1.0
 -0.11463802363829671, 0.11490205469270329, 13.786498183542923, 56.06282363827887,  46.73273577203917,  0.4195591294920188,  328.046447779697,  49.49619726739009,347102.60605624184,      0.0,347102.60605624184,   1.0
 -0.11463802363829671, 0.11490205469270329, 13.786498183542923, 56.06282363827887,  46.73273577203917,  0.4195591294920188,  327.046447779697,  50.49619726739009,347059.76529183984,      0.0,347059.76529183984,   1.0
 -0.07978848508607272, 0.08010215625747741, 13.524494065313098, 56.26643224534457,  46.08529979875411,  0.3856347975526516, 326.0652560684833,  49.74871235383368, 352078.0316765797,      0.0, 352078.0316765797,   1.0
  0.29999939999999997, 0.08010215625747741, 13.524494065313098, 56.26643224534457,  46.08529979875411,  0.3856347975526516, 326.0652560684833,  49.74871235383368,253580.08779122354,      0.0,253580.08779122354,   1.0
 -0.07978848508607272,-0.29999939999999997, 13.524494065313098, 56.26643224534457,  46.08529979875411,  0.3856347975526516, 326.0652560684833,  49.74871235383368,280215.74163755553,      0.0,280215.74163755553,   1.0
 -0.07978848508607272, 0.08010215625747741, 14.524494065313098, 56.26643224534457,  46.08529979875411,  0.3856347975526516, 326.0652560684833,  49.74871235383368, 352163.1350753653,      0.0, 352163.1350753653,   1.0
 -0.07978848508607272, 0.08010215625747741, 13.524494065313098, 57.26643224534457,  46.08529979875411,  0.3856347975526516, 326.0652560684833,  49.74871235383368,352139.14115329523,      0.0,352139.14115329523,   1.0
 -0.07978848508607272, 0.08010215625747741, 13.524494065313098, 56.26643224534457,  47.08529979875411,  0.3856347975526516, 326.0652560684833,  49.74871235383368,352096.45830500295,      0.0,352096.45830500295,   1.0
 -0.07978848508607272, 0.08010215625747741, 13.524494065313098, 56.26643224534457,  46.08529979875411, 0.02000057999999999, 326.0652560684833,  49.74871235383368,330664.37902131106,      0.0,330664.37902131106,   1.0
 -0.07978848508607272, 0.08010215625747741, 13.524494065313098, 56.26643224534457,  46.08529979875411,  0.3856347975526516, 327.0652560684833,  49.74871235383368,352221.70318092714,      0.0,352221.70318092714,   1.0
 -0.07978848508607272, 0.08010215625747741, 13.524494065313098, 56.26643224534457,  46.08529979875411,  0.3856347975526516, 326.0652560684833,  50.74871235383368,352047.48879052093,      0.0,352047.48879052093,   1.0
 -0.07410826464048376, 0.07443002678867633, 13.481789306196491, 56.29961896232273,  45.97977246021697, 0.38010537903262814, 325.9053289804753, 49.789870470021846,  353038.379456365,      0.0,  353038.379456365,   1.0
  0.29999939999999997, 0.07443002678867633, 13.481789306196491, 56.29961896232273,  45.97977246021697, 0.38010537903262814, 325.9053289804753, 49.789870470021846, 254491.5027209253,      0.0, 254491.5027209253,   1.0
 -0.07410826464048376,-0.29999939999999997, 13.481789306196491, 56.29961896232273,  45.97977246021697, 0.38010537903262814, 325.9053289804753, 49.789870470021846, 281263.5282508664,      0.0, 281263.5282508664,   1.0
 -0.07410826464048376, 0.07443002678867633, 14.481789306196491, 56.29961896232273,  45.97977246021697, 0.38010537903262814, 325.9053289804753, 49.789870470021846,353143.65972793073,      0.0,353143.65972793073,   1.0
 -0.07410826464048376, 0.07443002678867633, 13.481789306196491, 57.29961896232273,  45.97977246021697, 0.38010537903262814, 325.9053289804753, 49.789870470021846, 353149.4502567717,      0.0, 353149.4502567717,   1.0
 -0.07410826464048376, 0.07443002678867633, 13.481789306196491, 56.29961896232273,  46.97977246021697, 0.38010537903262814, 325.9053289804753, 49.789870470021846, 353008.4224473495,      0.0, 353008.4224473495,   1.0
 -0.07410826464048376, 0.07443002678867633, 13.481789306196491, 56.29961896232273,  45.97977246021697, 0.02000057999999999, 325.9053289804753, 49.789870470021846,328254.40248986887,      0.0,328254.40248986887,   1.0
 -0.07410826464048376, 0.07443002678867633, 13.481789306196491, 56.29961896232273,  45.97977246021697, 0.38010537903262814, 326.9053289804753, 49.789870470021846,353170.67892002047,      0.0,353170.67892002047,   1.0
 -0.07410826464048376, 0.07443002678867633, 13.481789306196491, 56.29961896232273,  45.97977246021697, 0.38010537903262814, 325.9053289804753, 50.789870470021846, 352997.9422353263,      0.0, 352997.9422353263,   1.0
 -0.07325851419205107, 0.07358148673537171, 13.475400753400494, 56.30458363365976,  45.96398576600276,  0.3792781882726972,325.88140418458875,  49.79602764790298,353160.18321731244,      0.0,353160.18321731244,   1.0
   0.2999993999999999, 0.07358148673537171, 13.475400753400494, 56.30458363365976,  45.96398576600276,  0.3792781882726972,325.88140418458875,  49.79602764790298,254533.78009601714,      0.0,254533.78009601714,   1.0
 -0.07325851419205107,          -0.2999994, 13.475400753400494, 56.30458363365976,  45.96398576600276,  0.3792781882726972,325.88140418458875,  49.79602764790298, 281550.6254787164,      0.0, 281550.6254787164,   1.0
 -0.07325851419205107, 0.07358148673537171, 14.475400753400494, 56.30458363365976,  45.96398576600276,  0.3792781882726972,325.88140418458875,  49.79602764790298, 353272.8280549912,      0.0, 353272.8280549912,   1.0
 -0.07325851419205107, 0.07358148673537171, 13.475400753400494, 57.30458363365976,  45.96398576600276,  0.3792781882726972,325.88140418458875,  49.79602764790298,353315.45885729557,      0.0,353315.45885729557,   1.0
 -0.07325851419205107, 0.07358148673537171, 13.475400753400494, 56.30458363365976,  46.96398576600276,  0.3792781882726972,325.88140418458875,  49.79602764790298, 353131.1012569532,      0.0, 353131.1012569532,   1.0
 -0.07325851419205107, 0.07358148673537171, 13.475400753400494, 56.30458363365976,  45.96398576600276, 0.02000057999999999,325.88140418458875,  49.79602764790298, 327984.3190829248,      0.0, 327984.3190829248,   1.0
 -0.07325851419205107, 0.07358148673537171, 13.475400753400494, 56.30458363365976,  45.96398576600276,  0.3792781882726972,326.88140418458875,  49.79602764790298,353272.15932232235,      0.0,353272.15932232235,   1.0
 -0.07325851419205107, 0.07358148673537171, 13.475400753400494, 56.30458363365976,  45.96398576600276,  0.3792781882726972,325.88140418458875,  50.79602764790298,353102.58932096313,      0.0,353102.58932096313,   1.0
 -0.07312865751129057, 0.07345181502408551, 13.474424471172599,56.305342321980646,   45.9615732839445, 0.37915177910558406,325.87774805873744,  49.79696857201073,353155.06012311275,      0.0,353155.06012311275,   1.0
  0.29999939999999997, 0.07345181502408551, 13.474424471172599,56.305342321980646,   45.9615732839445, 0.37915177910558406,325.87774805873744,  49.79696857201073, 254536.8425511362,      0.0, 254536.8425511362,   1.0
 -0.07312865751129057,          -0.2999994, 13.474424471172599,56.305342321980646,   45.9615732839445, 0.37915177910558406,325.87774805873744,  49.79696857201073,281590.95010589284,      0.0,281590.95010589284,   1.0
 -0.07312865751129057, 0.07345181502408551, 14.474424471172599,56.305342321980646,   45.9615732839445, 0.37915177910558406,325.87774805873744,  49.79696857201073, 353280.8471453134,      0.0, 353280.8471453134,   1.0
 -0.07312865751129057, 0.07345181502408551, 13.474424471172599,57.305342321980646,   45.9615732839445, 0.37915177910558406,325.87774805873744,  49.79696857201073, 353334.5188261325,      0.0, 353334.5188261325,   1.0
 -0.07312865751129057, 0.07345181502408551, 13.474424471172599,56.305342321980646,   46.9615732839445, 0.37915177910558406,325.87774805873744,  49.79696857201073,353150.18224660394,      0.0,353150.18224660394,   1.0
 -0.07312865751129057, 0.07345181502408551, 13.474424471172599,56.305342321980646,   45.9615732839445, 0.02000057999999999,325.87774805873744,  49.79696857201073, 327935.0687532051,      0.0, 327935.0687532051,   1.0
 -0.07312865751129057, 0.07345181502408551, 13.474424471172599,56.305342321980646,   45.9615732839445, 0.37915177910558406,326.87774805873744,  49.79696857201073,353265.91934531316,      0.0,353265.91934531316,   1.0
 -0.07312865751129057, 0.07345181502408551, 13.474424471172599,56.305342321980646,   45.9615732839445, 0.37915177910558406,325.87774805873744,  50.79696857201073,  353099.645151591,      0.0,  353099.645151591,   1.0
 -0.07309938161620609, 0.07342258082995083, 13.474204370551597,56.305513366547274, 45.961029395318846, 0.37912328044465693,325.87692379343036,  49.79718070122348, 353160.5035486666,      0.0, 353160.5035486666,   1.0
  0.29999939999999997, 0.07342258082995083, 13.474204370551597,56.305513366547274, 45.961029395318846, 0.37912328044465693,325.87692379343036,  49.79718070122348,254534.77250352222,      0.0,254534.77250352222,   1.0
 -0.07309938161620609,-0.29999939999999997, 13.474204370551597,56.305513366547274, 45.961029395318846, 0.37912328044465693,325.87692379343036,  49.79718070122348,281592.33471457765,      0.0,281592.33471457765,   1.0
 -0.07309938161620609, 0.07342258082995083, 14.474204370551597,56.305513366547274, 45.961029395318846, 0.37912328044465693,325.87692379343036,  49.79718070122348, 353286.7425791833,      0.0, 353286.7425791833,   1.0
 -0.07309938161620609, 0.07342258082995083, 13.474204370551597,57.305513366547274, 45.961029395318846, 0.37912328044465693,325.87692379343036,  49.79718070122348, 353337.5708618719,      0.0, 353337.5708618719,   1.0
 -0.07309938161620609, 0.07342258082995083, 13.474204370551597,56.305513366547274, 46.961029395318846, 0.37912328044465693,325.87692379343036,  49.79718070122348, 353152.0005766604,      0.0, 353152.0005766604,   1.0
 -0.07309938161620609, 0.07342258082995083, 13.474204370551597,56.305513366547274, 45.961029395318846, 0.02000057999999999,325.87692379343036,  49.79718070122348,327936.19511115394,      0.0,327936.19511115394,   1.0
 -0.07309938161620609, 0.07342258082995083, 13.474204370551597,56.305513366547274, 45.961029395318846, 0.37912328044465693,326.87692379343036,  49.79718070122348, 353270.9950294597,      0.0, 353270.9950294597,   1.0
 -0.07309938161620609, 0.07342258082995083, 13.474204370551597,56.305513366547274, 45.961029395318846, 0.37912328044465693,325.87692379343036,  50.79718070122348,353103.37593498616,      0.0,353103.37593498616,   1.0
 -0.07309520876833814, 0.07341841392593937, 13.474172998448218,56.305537746432265,  45.96095187200196,  0.3791192183800763,  325.876806306545, 49.797210937119964, 353160.8001740896,      0.0, 353160.8001740896,   1.0
  0.29999939999999997, 0.07341841392593937, 13.474172998448218,56.305537746432265,  45.96095187200196,  0.3791192183800763,  325.876806306545, 49.797210937119964,254533.04206452754,      0.0,254533.04206452754,   1.0
 -0.07309520876833814, -0.2999993999999999, 13.474172998448218,56.305537746432265,  45.96095187200196,  0.3791192183800763,  325.876806306545, 49.797210937119964, 281594.1458114831,      0.0, 281594.1458114831,   1.0
 -0.07309520876833814, 0.07341841392593937, 14.474172998448218,56.305537746432265,  45.96095187200196,  0.3791192183800763,  325.876806306545, 49.797210937119964,353286.95913811045,      0.0,353286.95913811045,   1.0
 -0.07309520876833814, 0.07341841392593937, 13.474172998448218,57.305537746432265,  45.96095187200196,  0.3791192183800763,  325.876806306545, 49.797210937119964,353336.12848156434,      0.0,353336.12848156434,   1.0
 -0.07309520876833814, 0.07341841392593937, 13.474172998448218,56.305537746432265,  46.96095187200196,  0.3791192183800763,  325.876806306545, 49.797210937119964,  353152.856943618,      0.0,  353152.856943618,   1.0
 -0.07309520876833814, 0.07341841392593937, 13.474172998448218,56.305537746432265,  45.96095187200196, 0.02000057999999999,  325.876806306545, 49.797210937119964, 327936.9643636298,      0.0, 327936.9643636298,   1.0
 -0.07309520876833814, 0.07341841392593937, 13.474172998448218,56.305537746432265,  45.96095187200196,  0.3791192183800763,  326.876806306545, 49.797210937119964, 353271.1546922823,      0.0, 353271.1546922823,   1.0
 -0.07309520876833814, 0.07341841392593937, 13.474172998448218,56.305537746432265,  45.96095187200196,  0.3791192183800763,  325.876806306545, 50.797210937119964, 353102.9688307834,      0.0, 353102.9688307834,   1.0
 -0.07309595515012252, 0.07341915924456824, 13.474178609859715,56.305533385692875,  45.96096573830943,  0.3791199449464659,325.87682732098745,  49.79720552893757, 353160.6296865125,      0.0, 353160.6296865125,   1.0
  0.29999939999999997, 0.07341915924456824, 13.474178609859715,56.305533385692875,  45.96096573830943,  0.3791199449464659,325.87682732098745,  49.79720552893757,254532.00386052055,      0.0,254532.00386052055,   1.0
 -0.07309595515012252,          -0.2999994, 13.474178609859715,56.305533385692875,  45.96096573830943,  0.3791199449464659,325.87682732098745,  49.79720552893757,281594.11874897574,      0.0,281594.11874897574,   1.0
 -0.07309595515012252, 0.07341915924456824, 14.474178609859715,56.305533385692875,  45.96096573830943,  0.3791199449464659,325.87682732098745,  49.79720552893757, 353286.9350924352,      0.0, 353286.9350924352,   1.0
 -0.07309595515012252, 0.07341915924456824, 13.474178609859715,57.305533385692875,  45.96096573830943,  0.3791199449464659,325.87682732098745,  49.79720552893757, 353338.1571182663,      0.0, 353338.1571182663,   1.0
 -0.07309595515012252, 0.07341915924456824, 13.474178609859715,56.305533385692875,  46.96096573830943,  0.3791199449464659,325.87682732098745,  49.79720552893757,353152.72686101525,      0.0,353152.72686101525,   1.0
 -0.07309595515012252, 0.07341915924456824, 13.474178609859715,56.305533385692875,  45.96096573830943, 0.02000057999999999,325.87682732098745,  49.79720552893757,327936.90895865636,      0.0,327936.90895865636,   1.0
 -0.07309595515012252, 0.07341915924456824, 13.474178609859715,56.305533385692875,  45.96096573830943,  0.3791199449464659,326.87682732098745,  49.79720552893757, 353271.1545819572,      0.0, 353271.1545819572,   1.0
 -0.07309595515012252, 0.07341915924456824, 13.474178609859715,56.305533385692875,  45.96096573830943,  0.3791199449464659,325.87682732098745,  50.79720552893757,353102.94461140974,      0.0,353102.94461140974,   1.0
 -0.07309530904310634, 0.07341851405787495,  13.47417375232914, 56.30553716057642, 45.960953734910184, 0.37911931599268933,325.87680912978965,  49.79721021054243, 353160.8001740896,      0.0, 353160.8001740896,   1.0
  0.29999939999999997, 0.07341851405787495,  13.47417375232914, 56.30553716057642, 45.960953734910184, 0.37911931599268933,325.87680912978965,  49.79721021054243,254533.04206452754,      0.0,254533.04206452754,   1.0
 -0.07309530904310634,          -0.2999994,  13.47417375232914, 56.30553716057642, 45.960953734910184, 0.37911931599268933,325.87680912978965,  49.79721021054243, 281594.1458114831,      0.0, 281594.1458114831,   1.0
 -0.07309530904310634, 0.07341851405787495,  14.47417375232914, 56.30553716057642, 45.960953734910184, 0.37911931599268933,325.87680912978965,  49.79721021054243,353286.95913811045,      0.0,353286.95913811045,   1.0
 -0.07309530904310634, 0.07341851405787495,  13.47417375232914, 57.30553716057642, 45.960953734910184, 0.37911931599268933,325.87680912978965,  49.79721021054243,353336.12848156434,      0.0,353336.12848156434,   1.0
 -0.07309530904310634, 0.07341851405787495,  13.47417375232914, 56.30553716057642, 46.960953734910184, 0.37911931599268933,325.87680912978965,  49.79721021054243,  353152.856943618,      0.0,  353152.856943618,   1.0
 -0.07309530904310634, 0.07341851405787495,  13.47417375232914, 56.30553716057642, 45.960953734910184, 0.02000057999999999,325.87680912978965,  49.79721021054243, 327936.9643636298,      0.0, 327936.9643636298,   1.0
 -0.07309530904310634, 0.07341851405787495,  13.47417375232914, 56.30553716057642, 45.960953734910184, 0.37911931599268933,326.87680912978965,  49.79721021054243, 353271.1546922823,      0.0, 353271.1546922823,   1.0
 -0.07309530904310634, 0.07341851405787495,  13.47417375232914, 56.30553716057642, 45.960953734910184, 0.37911931599268933,325.87680912978965,  50.79721021054243, 353102.9697206707,      0.0, 353102.9697206707,   1.0
 -0.07309573547373702, 0.07341893988109252, 13.474176958299319, 56.30553466915328,  45.96096165715369,  0.3791197311021819,325.87682113598015,  49.79720712068322, 353160.6296865125,      0.0, 353160.6296865125,   1.0
   0.2999993999999999, 0.07341893988109252, 13.474176958299319, 56.30553466915328,  45.96096165715369,  0.3791197311021819,325.87682113598015,  49.79720712068322,254532.00386052055,      0.0,254532.00386052055,   1.0
 -0.07309573547373702,          -0.2999994, 13.474176958299319, 56.30553466915328,  45.96096165715369,  0.3791197311021819,325.87682113598015,  49.79720712068322,281594.11874897574,      0.0,281594.11874897574,   1.0
 -0.07309573547373702, 0.07341893988109252, 14.474176958299319, 56.30553466915328,  45.96096165715369,  0.3791197311021819,325.87682113598015,  49.79720712068322, 353286.9350924352,      0.0, 353286.9350924352,   1.0
 -0.07309573547373702, 0.07341893988109252, 13.474176958299319, 57.30553466915328,  45.96096165715369,  0.3791197311021819,325.87682113598015,  49.79720712068322,353336.12848156434,      0.0,353336.12848156434,   1.0
 -0.07309573547373702, 0.07341893988109252, 13.474176958299319, 56.30553466915328,  46.96096165715369,  0.3791197311021819,325.87682113598015,  49.79720712068322,353152.74322273524,      0.0,353152.74322273524,   1.0
 -0.07309573547373702, 0.07341893988109252, 13.474176958299319, 56.30553466915328,  45.96096165715369, 0.02000057999999999,325.87682113598015,  49.79720712068322,327936.90895865636,      0.0,327936.90895865636,   1.0
 -0.07309573547373702, 0.07341893988109252, 13.474176958299319, 56.30553466915328,  45.96096165715369,  0.3791197311021819,326.87682113598015,  49.79720712068322, 353271.1545819572,      0.0, 353271.1545819572,   1.0
 -0.07309573547373702, 0.07341893988109252, 13.474176958299319, 56.30553466915328,  45.96096165715369,  0.3791197311021819,325.87682113598015,  50.79720712068322,353102.94461140974,      0.0,353102.94461140974,   1.0
 -0.07309535426516678, 0.07341855921552053, 13.474174092315451,  56.3055368963663,  45.96095457504724,  0.3791193600141672,325.87681040302056,  49.79720988286944, 353160.8001740896,      0.0, 353160.8001740896,   1.0
  0.29999939999999997, 0.07341855921552053, 13.474174092315451,  56.3055368963663,  45.96095457504724,  0.3791193600141672,325.87681040302056,  49.79720988286944,254533.04206452754,      0.0,254533.04206452754,   1.0
 -0.07309535426516678,-0.29999939999999997, 13.474174092315451,  56.3055368963663,  45.96095457504724,  0.3791193600141672,325.87681040302056,  49.79720988286944, 281594.1458114831,      0.0, 281594.1458114831,   1.0
 -0.07309535426516678, 0.07341855921552053, 14.474174092315451,  56.3055368963663,  45.96095457504724,  0.3791193600141672,325.87681040302056,  49.79720988286944,353286.95913811045,      0.0,353286.95913811045,   1.0
 -0.07309535426516678, 0.07341855921552053, 13.474174092315451,  57.3055368963663,  45.96095457504724,  0.3791193600141672,325.87681040302056,  49.79720988286944,353336.12848156434,      0.0,353336.12848156434,   1.0
 -0.07309535426516678, 0.07341855921552053, 13.474174092315451,  56.3055368963663,  46.96095457504724,  0.3791193600141672,325.87681040302056,  49.79720988286944,  353152.856943618,      0.0,  353152.856943618,   1.0
 -0.07309535426516678, 0.07341855921552053, 13.474174092315451,  56.3055368963663,  45.96095457504724, 0.02000057999999999,325.87681040302056,  49.79720988286944, 327936.9643636298,      0.0, 327936.9643636298,   1.0
 -0.07309535426516678, 0.07341855921552053, 13.474174092315451,  56.3055368963663,  45.96095457504724,  0.3791193600141672,326.87681040302056,  49.79720988286944, 353271.1546922823,      0.0, 353271.1546922823,   1.0
 -0.07309535426516678, 0.07341855921552053, 13.474174092315451,  56.3055368963663,  45.96095457504724,  0.3791193600141672,325.87681040302056,  50.79720988286944, 353102.9697206707,      0.0, 353102.9697206707,   1.0
 -0.07309560586282314, 0.07341881045479805, 13.474175983864804,56.305535426405704,   45.9609592492375,  0.3791196049322569, 325.8768174867739,  49.79720805982654, 353160.6542546244,      0.0, 353160.6542546244,   1.0
  0.29999939999999997, 0.07341881045479805, 13.474175983864804,56.305535426405704,   45.9609592492375,  0.3791196049322569, 325.8768174867739,  49.79720805982654,254532.57240908447,      0.0,254532.57240908447,   1.0
 -0.07309560586282314,-0.29999939999999997, 13.474175983864804,56.305535426405704,   45.9609592492375,  0.3791196049322569, 325.8768174867739,  49.79720805982654,281594.11874897574,      0.0,281594.11874897574,   1.0
 -0.07309560586282314, 0.07341881045479805, 14.474175983864804,56.305535426405704,   45.9609592492375,  0.3791196049322569, 325.8768174867739,  49.79720805982654,353286.95913811045,      0.0,353286.95913811045,   1.0
 -0.07309560586282314, 0.07341881045479805, 13.474175983864804,57.305535426405704,   45.9609592492375,  0.3791196049322569, 325.8768174867739,  49.79720805982654,353336.12848156434,      0.0,353336.12848156434,   1.0
 -0.07309560586282314, 0.07341881045479805, 13.474175983864804,56.305535426405704,   46.9609592492375,  0.3791196049322569, 325.8768174867739,  49.79720805982654,353152.74322273524,      0.0,353152.74322273524,   1.0
 -0.07309560586282314, 0.07341881045479805, 13.474175983864804,56.305535426405704,   45.9609592492375, 0.02000057999999999, 325.8768174867739,  49.79720805982654, 327936.9643636298,      0.0, 327936.9643636298,   1.0
 -0.07309560586282314, 0.07341881045479805, 13.474175983864804,56.305535426405704,   45.9609592492375,  0.3791196049322569, 326.8768174867739,  49.79720805982654,353271.17903508875,      0.0,353271.17903508875,   1.0
 -0.07309560586282314, 0.07341881045479805, 13.474175983864804,56.305535426405704,   45.9609592492375,  0.3791196049322569, 325.8768174867739,  50.79720805982654, 353102.9697206707,      0.0, 353102.9697206707,   1.0
 -0.07309537613788786, 0.07341858105708583, 13.474174256757887, 56.30553676857481,  45.96095498139943, 0.37911938130619804, 325.8768110188489,  49.79720972438263, 353160.8001740896,      0.0, 353160.8001740896,   1.0
  0.29999939999999997, 0.07341858105708583, 13.474174256757887, 56.30553676857481,  45.96095498139943, 0.37911938130619804, 325.8768110188489,  49.79720972438263,254533.04206452754,      0.0,254533.04206452754,   1.0
 -0.07309537613788786,-0.29999939999999997, 13.474174256757887, 56.30553676857481,  45.96095498139943, 0.37911938130619804, 325.8768110188489,  49.79720972438263, 281594.1458114831,      0.0, 281594.1458114831,   1.0
 -0.07309537613788786, 0.07341858105708583, 14.474174256757887, 56.30553676857481,  45.96095498139943, 0.37911938130619804, 325.8768110188489,  49.79720972438263,353286.95913811045,      0.0,353286.95913811045,   1.0
 -0.07309537613788786, 0.07341858105708583, 13.474174256757887, 57.30553676857481,  45.96095498139943, 0.37911938130619804, 325.8768110188489,  49.79720972438263,353336.12848156434,      0.0,353336.12848156434,   1.0
 -0.07309537613788786, 0.07341858105708583, 13.474174256757887, 56.30553676857481,  46.96095498139943, 0.37911938130619804, 325.8768110188489,  49.79720972438263,  353152.856943618,      0.0,  353152.856943618,   1.0
 -0.07309537613788786, 0.07341858105708583, 13.474174256757887, 56.30553676857481,  45.96095498139943, 0.02000057999999999, 325.8768110188489,  49.79720972438263, 327936.9643636298,      0.0, 327936.9643636298,   1.0
 -0.07309537613788786, 0.07341858105708583, 13.474174256757887, 56.30553676857481,  45.96095498139943, 0.37911938130619804, 326.8768110188489,  49.79720972438263, 353271.1546922823,      0.0, 353271.1546922823,   1.0
 -0.07309537613788786, 0.07341858105708583, 13.474174256757887, 56.30553676857481,  45.96095498139943, 0.37911938130619804, 325.8768110188489,  50.79720972438263, 353102.9697206707,      0.0, 353102.9697206707,   1.0
 -0.07309552775634515, 0.07341873245957589, 13.474175396648452,  56.3055358827432,  45.96095779817255,  0.3791195288993969, 325.8768152876794,  49.79720862577561, 353160.6542546244,      0.0, 353160.6542546244,   1.0
  0.29999939999999997, 0.07341873245957589, 13.474175396648452,  56.3055358827432,  45.96095779817255,  0.3791195288993969, 325.8768152876794,  49.79720862577561,254532.57240908447,      0.0,254532.57240908447,   1.0
 -0.07309552775634515,          -0.2999994, 13.474175396648452,  56.3055358827432,  45.96095779817255,  0.3791195288993969, 325.8768152876794,  49.79720862577561,281594.11874897574,      0.0,281594.11874897574,   1.0
 -0.07309552775634515, 0.07341873245957589, 14.474175396648452,  56.3055358827432,  45.96095779817255,  0.3791195288993969, 325.8768152876794,  49.79720862577561,353286.95913811045,      0.0,353286.95913811045,   1.0
 -0.07309552775634515, 0.07341873245957589, 13.474175396648452,  57.3055358827432,  45.96095779817255,  0.3791195288993969, 325.8768152876794,  49.79720862577561,353336.12848156434,      0.0,353336.12848156434,   1.0
 -0.07309552775634515, 0.07341873245957589, 13.474175396648452,  56.3055358827432,  46.96095779817255,  0.3791195288993969, 325.8768152876794,  49.79720862577561,353152.74322273524,      0.0,353152.74322273524,   1.0
 -0.07309552775634515, 0.07341873245957589, 13.474175396648452,  56.3055358827432,  45.96095779817255, 0.02000057999999999, 325.8768152876794,  49.79720862577561, 327936.9643636298,      0.0, 327936.9643636298,   1.0
 -0.07309552775634515, 0.07341873245957589, 13.474175396648452,  56.3055358827432,  45.96095779817255,  0.3791195288993969, 326.8768152876794,  49.79720862577561, 353271.1586836431,      0.0, 353271.1586836431,   1.0
 -0.07309552775634515, 0.07341873245957589, 13.474175396648452,  56.3055358827432,  45.96095779817255,  0.3791195288993969, 325.8768152876794,  50.79720862577561, 353102.9697206707,      0.0, 353102.9697206707,   1.0
 -0.07309538568466986, 0.07341859059026927, 13.474174328532042, 56.30553671279769,  45.96095515875989, 0.37911939059952626, 325.8768112876393,  49.79720965520793, 353160.8001740896,      0.0, 353160.8001740896,   1.0
   0.2999993999999999, 0.07341859059026927, 13.474174328532042, 56.30553671279769,  45.96095515875989, 0.37911939059952626, 325.8768112876393,  49.79720965520793,254533.04206452754,      0.0,254533.04206452754,   1.0
 -0.07309538568466986,-0.29999939999999997, 13.474174328532042, 56.30553671279769,  45.96095515875989, 0.37911939059952626, 325.8768112876393,  49.79720965520793, 281594.1458114831,      0.0, 281594.1458114831,   1.0
 -0.07309538568466986, 0.07341859059026927, 14.474174328532042, 56.30553671279769,  45.96095515875989, 0.37911939059952626, 325.8768112876393,  49.79720965520793,353286.95913811045,      0.0,353286.95913811045,   1.0
 -0.07309538568466986, 0.07341859059026927, 13.474174328532042, 57.30553671279769,  45.96095515875989, 0.37911939059952626, 325.8768112876393,  49.79720965520793,353336.12848156434,      0.0,353336.12848156434,   1.0
 -0.07309538568466986, 0.07341859059026927, 13.474174328532042, 56.30553671279769,  46.96095515875989, 0.37911939059952626, 325.8768112876393,  49.79720965520793,  353152.856943618,      0.0,  353152.856943618,   1.0
 -0.07309538568466986, 0.07341859059026927, 13.474174328532042, 56.30553671279769,  45.96095515875989, 0.02000057999999999, 325.8768112876393,  49.79720965520793, 327936.9643636298,      0.0, 327936.9643636298,   1.0
 -0.07309538568466986, 0.07341859059026927, 13.474174328532042, 56.30553671279769,  45.96095515875989, 0.37911939059952626, 326.8768112876393,  49.79720965520793, 353271.1546922823,      0.0, 353271.1546922823,   1.0
 -0.07309538568466986, 0.07341859059026927, 13.474174328532042, 56.30553671279769,  45.96095515875989, 0.37911939059952626, 325.8768112876393,  50.79720965520793, 353102.9697206707,      0.0, 353102.9697206707,   1.0
 -0.07309547945197555, 0.07341868422401164, 13.474175033488873, 56.30553616496173, 45.960956900772246,  0.3791194818774409, 325.8768139276658, 49.797208975782596, 353160.6542546244,      0.0, 353160.6542546244,   1.0
  0.29999939999999997, 0.07341868422401164, 13.474175033488873, 56.30553616496173, 45.960956900772246,  0.3791194818774409, 325.8768139276658, 49.797208975782596,254532.57240908447,      0.0,254532.57240908447,   1.0
 -0.07309547945197555,-0.29999939999999997, 13.474175033488873, 56.30553616496173, 45.960956900772246,  0.3791194818774409, 325.8768139276658, 49.797208975782596,281594.11874897574,      0.0,281594.11874897574,   1.0
 -0.07309547945197555, 0.07341868422401164, 14.474175033488873, 56.30553616496173, 45.960956900772246,  0.3791194818774409, 325.8768139276658, 49.797208975782596,353286.95913811045,      0.0,353286.95913811045,   1.0
 -0.07309547945197555, 0.07341868422401164, 13.474175033488873, 57.30553616496173, 45.960956900772246,  0.3791194818774409, 325.8768139276658, 49.797208975782596,353336.12848156434,      0.0,353336.12848156434,   1.0
 -0.07309547945197555, 0.07341868422401164, 13.474175033488873, 56.30553616496173, 46.960956900772246,  0.3791194818774409, 325.8768139276658, 49.797208975782596,353152.74322273524,      0.0,353152.74322273524,   1.0
 -0.07309547945197555, 0.07341868422401164, 13.474175033488873, 56.30553616496173, 45.960956900772246, 0.02000057999999999, 325.8768139276658, 49.797208975782596, 327936.9643636298,      0.0, 327936.9643636298,   1.0
 -0.07309547945197555, 0.07341868422401164, 13.474175033488873, 56.30553616496173, 45.960956900772246,  0.3791194818774409, 326.8768139276658, 49.797208975782596, 353271.1586836431,      0.0, 353271.1586836431,   1.0
 -0.07309547945197555, 0.07341868422401164, 13.474175033488873, 56.30553616496173, 45.960956900772246,  0.3791194818774409, 325.8768139276658, 50.797208975782596, 353102.9697206707,      0.0, 353102.9697206707,   1.0
 -0.07309538568466986, 0.07341859059026927, 13.474174328532042, 56.30553671279769,  45.96095515875989, 0.37911939059952626, 325.8768112876393,  49.79720965520793, 353160.8001740896,      0.0, 353160.8001740896,   1.0
   0.2999993999999999, 0.07341859059026927, 13.474174328532042, 56.30553671279769,  45.96095515875989, 0.37911939059952626, 325.8768112876393,  49.79720965520793,254533.04206452754,      0.0,254533.04206452754,   1.0
 -0.07309538568466986,-0.29999939999999997, 13.474174328532042, 56.30553671279769,  45.96095515875989, 0.37911939059952626, 325.8768112876393,  49.79720965520793, 281594.1458114831,      0.0, 281594.1458114831,   1.0
 -0.07309538568466986, 0.07341859059026927, 14.474174328532042, 56.30553671279769,  45.96095515875989, 0.37911939059952626, 325.8768112876393,  49.79720965520793,353286.95913811045,      0.0,353286.95913811045,   1.0
 -0.07309538568466986, 0.07341859059026927, 13.474174328532042, 57.30553671279769,  45.96095515875989, 0.37911939059952626, 325.8768112876393,  49.79720965520793,353336.12848156434,      0.0,353336.12848156434,   1.0
 -0.07309538568466986, 0.07341859059026927, 13.474174328532042, 56.30553671279769,  46.96095515875989, 0.37911939059952626, 325.8768112876393,  49.79720965520793,  353152.856943618,      0.0,  353152.856943618,   1.0
 -0.07309538568466986, 0.07341859059026927, 13.474174328532042, 56.30553671279769,  45.96095515875989, 0.02000057999999999, 325.8768112876393,  49.79720965520793, 327936.9643636298,      0.0, 327936.9643636298,   1.0
 -0.07309538568466986, 0.07341859059026927, 13.474174328532042, 56.30553671279769,  45.96095515875989, 0.37911939059952626, 326.8768112876393,  49.79720965520793, 353271.1546922823,      0.0, 353271.1546922823,   1.0
 -0.07309538568466986, 0.07341859059026927, 13.474174328532042, 56.30553671279769,  45.96095515875989, 0.37911939059952626, 325.8768112876393,  50.79720965520793, 353102.9697206707,      0.0, 353102.9697206707,   1.0
 -0.29999939999999997, 0.29999939999999997, 15.185363429898844, 54.97573216855657,  50.18949760108004,          0.59999942, 332.2851600453685,  48.14797535970641, 318108.6169030959,      0.0, 318108.6169030959,   1.0
  0.29999939999999997, 0.29999939999999997, 15.185363429898844, 54.97573216855657,  50.18949760108004,          0.59999942, 332.2851600453685,  48.14797535970641, 239052.1391909426,      0.0, 239052.1391909426,   1.0
 -0.29999939999999997,-0.29999939999999997, 15.185363429898844, 54.97573216855657,  50.18949760108004,          0.59999942, 332.2851600453685,  48.14797535970641, 243107.0648544217,      0.0, 243107.0648544217,   1.0
 -0.29999939999999997, 0.29999939999999997, 16.185363429898842, 54.97573216855657,  50.18949760108004,          0.59999942, 332.2851600453685,  48.14797535970641, 317956.1631966705,      0.0, 317956.1631966705,   1.0
 -0.29999939999999997, 0.29999939999999997, 15.185363429898844, 55.97573216855657,  50.18949760108004,          0.59999942, 332.2851600453685,  48.14797535970641,318140.21095256886,      0.0,318140.21095256886,   1.0
 -0.29999939999999997, 0.29999939999999997, 15.185363429898844, 54.97573216855657,  51.18949760108004,          0.59999942, 332.2851600453685,  48.14797535970641,317783.66264687764,      0.0,317783.66264687764,   1.0
 -0.29999939999999997, 0.29999939999999997, 15.185363429898844, 54.97573216855657,  50.18949760108004,0.020000580000000046, 332.2851600453685,  48.14797535970641,342012.48852513416,      0.0,342012.48852513416,   1.0
 -0.29999939999999997, 0.29999939999999997, 15.185363429898844, 54.97573216855657,  50.18949760108004,          0.59999942, 333.2851600453685,  48.14797535970641, 318299.7202521969,      0.0, 318299.7202521969,   1.0
 -0.29999939999999997, 0.29999939999999997, 15.185363429898844, 54.97573216855657,  50.18949760108004,          0.59999942, 332.2851600453685,  49.14797535970641, 318946.5660408352,      0.0, 318946.5660408352,   1.0
 -0.11466057575444921,  0.1149245746853405, 13.787636831424573, 56.06193776720907,  46.73555657276974, 0.41958108288096096, 327.0507183908353,  49.49509628286867,346928.86129113793,      0.0,346928.86129113793,   1.0
  0.29999939999999997,  0.1149245746853405, 13.787636831424573, 56.06193776720907,  46.73555657276974, 0.41958108288096096, 327.0507183908353,  49.49509628286867,247600.88125970197,      0.0,247600.88125970197,   1.0
 -0.11466057575444921,-0.29999939999999997, 13.787636831424573, 56.06193776720907,  46.73555657276974, 0.41958108288096096, 327.0507183908353,  49.49509628286867,272496.01748497057,      0.0,272496.01748497057,   1.0
 -0.11466057575444921,  0.1149245746853405, 14.787636831424573, 56.06193776720907,  46.73555657276974, 0.41958108288096096, 327.0507183908353,  49.49509628286867,347039.08518285153,      0.0,347039.08518285153,   1.0
 -0.11466057575444921,  0.1149245746853405, 13.787636831424573, 57.06193776720907,  46.73555657276974, 0.41958108288096096, 327.0507183908353,  49.49509628286867, 346901.2819879833,      0.0, 346901.2819879833,   1.0
 -0.11466057575444921,  0.1149245746853405, 13.787636831424573, 56.06193776720907,  47.73555657276974, 0.41958108288096096, 327.0507183908353,  49.49509628286867,346865.48910932784,      0.0,346865.48910932784,   1.0
 -0.11466057575444921,  0.1149245746853405, 13.787636831424573, 56.06193776720907,  46.73555657276974, 0.02000057999999999, 327.0507183908353,  49.49509628286867,340619.89503490966,      0.0,340619.89503490966,   1.0
 -0.11466057575444921,  0.1149245746853405, 13.787636831424573, 56.06193776720907,  46.73555657276974, 0.41958108288096096, 328.0507183908353,  49.49509628286867, 347104.6786886339,      0.0, 347104.6786886339,   1.0
 -0.11466057575444921,  0.1149245746853405, 13.787636831424573, 56.06193776720907,  46.73555657276974, 0.41958108288096096, 327.0507183908353,  50.49509628286867, 347065.3031583685,      0.0, 347065.3031583685,   1.0
 -0.07979243711205448, 0.08010610265414411, 13.524679919843035,56.266287652140804,  46.08576020588321, 0.38563864465785896, 326.0659531206943, 49.748532654379595,352057.91475462005,      0.0,352057.91475462005,   1.0
  0.29999939999999997, 0.08010610265414411, 13.524679919843035,56.266287652140804,  46.08576020588321, 0.38563864465785896, 326.0659531206943, 49.748532654379595, 253580.1002202536,      0.0, 253580.1002202536,   1.0
 -0.07979243711205448,          -0.2999994, 13.524679919843035,56.266287652140804,  46.08576020588321, 0.38563864465785896, 326.0659531206943, 49.748532654379595,280210.68675924506,      0.0,280210.68675924506,   1.0
 -0.07979243711205448, 0.08010610265414411, 14.524679919843035,56.266287652140804,  46.08576020588321, 0.38563864465785896, 326.0659531206943, 49.748532654379595,352142.69478141866,      0.0,352142.69478141866,   1.0
 -0.07979243711205448, 0.08010610265414411, 13.524679919843035,57.266287652140804,  46.08576020588321, 0.38563864465785896, 326.0659531206943, 49.748532654379595,352138.77606968087,      0.0,352138.77606968087,   1.0
 -0.07979243711205448, 0.08010610265414411, 13.524679919843035,56.266287652140804,  47.08576020588321, 0.38563864465785896, 326.0659531206943, 49.748532654379595, 352097.1229621528,      0.0, 352097.1229621528,   1.0
 -0.07979243711205448, 0.08010610265414411, 13.524679919843035,56.266287652140804,  46.08576020588321, 0.02000057999999999, 326.0659531206943, 49.748532654379595, 330680.7441705765,      0.0, 330680.7441705765,   1.0
 -0.07979243711205448, 0.08010610265414411, 13.524679919843035,56.266287652140804,  46.08576020588321, 0.38563864465785896, 327.0659531206943, 49.748532654379595,352201.61182475416,      0.0,352201.61182475416,   1.0
 -0.07979243711205448, 0.08010610265414411, 13.524679919843035,56.266287652140804,  46.08576020588321, 0.38563864465785896, 326.0659531206943, 50.748532654379595, 352028.6467435156,      0.0, 352028.6467435156,   1.0
 -0.07410454294325322, 0.07442631039267769, 13.481784854540864,  56.2996223973883,  45.97976163211282, 0.38010175614126507, 325.9053124654784,  49.78987467365006,  353038.867792606,      0.0,  353038.867792606,   1.0
            0.2999994, 0.07442631039267769, 13.481784854540864,  56.2996223973883,  45.97976163211282, 0.38010175614126507, 325.9053124654784,  49.78987467365006,254491.52083386725,      0.0,254491.52083386725,   1.0
 -0.07410454294325322,          -0.2999994, 13.481784854540864,  56.2996223973883,  45.97976163211282, 0.38010175614126507, 325.9053124654784,  49.78987467365006,281263.62595844234,      0.0,281263.62595844234,   1.0
 -0.07410454294325322, 0.07442631039267769, 14.481784854540864,  56.2996223973883,  45.97976163211282, 0.38010175614126507, 325.9053124654784,  49.78987467365006, 353143.0334362186,      0.0, 353143.0334362186,   1.0
 -0.07410454294325322, 0.07442631039267769, 13.481784854540864,  57.2996223973883,  45.97976163211282, 0.38010175614126507, 325.9053124654784,  49.78987467365006, 353149.4503657494,      0.0, 353149.4503657494,   1.0
 -0.07410454294325322, 0.07442631039267769, 13.481784854540864,  56.2996223973883,  46.97976163211282, 0.38010175614126507, 325.9053124654784,  49.78987467365006,353014.62963153876,      0.0,353014.62963153876,   1.0
 -0.07410454294325322, 0.07442631039267769, 13.481784854540864,  56.2996223973883,  45.97976163211282, 0.02000057999999999, 325.9053124654784,  49.78987467365006, 328254.3470518487,      0.0, 328254.3470518487,   1.0
 -0.07410454294325322, 0.07442631039267769, 13.481784854540864,  56.2996223973883,  45.97976163211282, 0.38010175614126507, 326.9053124654784,  49.78987467365006, 353170.5992494777,      0.0, 353170.5992494777,   1.0
 -0.07410454294325322, 0.07442631039267769, 13.481784854540864,  56.2996223973883,  45.97976163211282, 0.38010175614126507, 325.9053124654784,  50.78987467365006,352998.09099301865,      0.0,352998.09099301865,   1.0
 -0.07325881488010698,  0.0735817869951238, 13.475406824391232,56.304578911819995, 45.964000795882285, 0.37927848097790484,325.88142694543063, 49.796021782728836,353160.18321731244,      0.0,353160.18321731244,   1.0
  0.29999939999999997,  0.0735817869951238, 13.475406824391232,56.304578911819995, 45.964000795882285, 0.37927848097790484,325.88142694543063, 49.796021782728836,254533.78009601714,      0.0,254533.78009601714,   1.0
 -0.07325881488010698,-0.29999939999999997, 13.475406824391232,56.304578911819995, 45.964000795882285, 0.37927848097790484,325.88142694543063, 49.796021782728836, 281550.6254787164,      0.0, 281550.6254787164,   1.0
 -0.07325881488010698,  0.0735817869951238, 14.475406824391232,56.304578911819995, 45.964000795882285, 0.37927848097790484,325.88142694543063, 49.796021782728836, 353272.8280549912,      0.0, 353272.8280549912,   1.0
 -0.07325881488010698,  0.0735817869951238, 13.475406824391232,57.304578911819995, 45.964000795882285, 0.37927848097790484,325.88142694543063, 49.796021782728836,353315.46259625664,      0.0,353315.46259625664,   1.0
 -0.07325881488010698,  0.0735817869951238, 13.475406824391232,56.304578911819995, 46.964000795882285, 0.37927848097790484,325.88142694543063, 49.796021782728836, 353131.1012569532,      0.0, 353131.1012569532,   1.0
 -0.07325881488010698,  0.0735817869951238, 13.475406824391232,56.304578911819995, 45.964000795882285, 0.02000057999999999,325.88142694543063, 49.796021782728836, 327984.3190829248,      0.0, 327984.3190829248,   1.0
 -0.07325881488010698,  0.0735817869951238, 13.475406824391232,56.304578911819995, 45.964000795882285, 0.37927848097790484,326.88142694543063, 49.796021782728836,353272.15932232235,      0.0,353272.15932232235,   1.0
 -0.07325881488010698,  0.0735817869951238, 13.475406824391232,56.304578911819995, 45.964000795882285, 0.37927848097790484,325.88142694543063, 50.796021782728836,353102.58932096313,      0.0,353102.58932096313,   1.0
 -0.07312960300248968, 0.07345275916851517, 13.474432377299967, 56.30533617714447, 45.961592826546855, 0.37915269949531133,325.87777767206757,  49.79696094927728, 353155.0757634074,      0.0, 353155.0757634074,   1.0
  0.29999939999999997, 0.07345275916851517, 13.474432377299967, 56.30533617714447, 45.961592826546855, 0.37915269949531133,325.87777767206757,  49.79696094927728, 254536.8683529538,      0.0, 254536.8683529538,   1.0
 -0.07312960300248968,-0.29999939999999997, 13.474432377299967, 56.30533617714447, 45.961592826546855, 0.37915269949531133,325.87777767206757,  49.79696094927728, 281590.9435780396,      0.0, 281590.9435780396,   1.0
 -0.07312960300248968, 0.07345275916851517, 14.474432377299967, 56.30533617714447, 45.961592826546855, 0.37915269949531133,325.87777767206757,  49.79696094927728,353280.86164200224,      0.0,353280.86164200224,   1.0
 -0.07312960300248968, 0.07345275916851517, 13.474432377299967, 57.30533617714447, 45.961592826546855, 0.37915269949531133,325.87777767206757,  49.79696094927728, 353334.9933928913,      0.0, 353334.9933928913,   1.0
 -0.07312960300248968, 0.07345275916851517, 13.474432377299967, 56.30533617714447, 46.961592826546855, 0.37915269949531133,325.87777767206757,  49.79696094927728, 353150.1854708599,      0.0, 353150.1854708599,   1.0
 -0.07312960300248968, 0.07345275916851517, 13.474432377299967, 56.30533617714447, 45.961592826546855, 0.02000057999999999,325.87777767206757,  49.79696094927728,327935.08597012627,      0.0,327935.08597012627,   1.0
 -0.07312960300248968, 0.07345275916851517, 13.474432377299967, 56.30533617714447, 45.961592826546855, 0.37915269949531133,326.87777767206757,  49.79696094927728, 353265.9517477362,      0.0, 353265.9517477362,   1.0
 -0.07312960300248968, 0.07345275916851517, 13.474432377299967, 56.30533617714447, 45.961592826546855, 0.37915269949531133,325.87777767206757,  50.79696094927728, 353099.6577941007,      0.0, 353099.6577941007,   1.0
 -0.07310047119720242, 0.07342366885893441, 13.474212680756205, 56.30550690839914, 45.961049931457715,  0.3791243410987984,325.87695491549897,  49.79717269155304,  353160.503364223,      0.0,  353160.503364223,   1.0
  0.29999939999999997, 0.07342366885893441, 13.474212680756205, 56.30550690839914, 45.961049931457715,  0.3791243410987984,325.87695491549897,  49.79717269155304,254534.77250352222,      0.0,254534.77250352222,   1.0
 -0.07310047119720242,-0.29999939999999997, 13.474212680756205, 56.30550690839914, 45.961049931457715,  0.3791243410987984,325.87695491549897,  49.79717269155304,281592.33471457765,      0.0,281592.33471457765,   1.0
 -0.07310047119720242, 0.07342366885893441, 14.474212680756205, 56.30550690839914, 45.961049931457715,  0.3791243410987984,325.87695491549897,  49.79717269155304,353286.74428589933,      0.0,353286.74428589933,   1.0
 -0.07310047119720242, 0.07342366885893441, 13.474212680756205, 57.30550690839914, 45.961049931457715,  0.3791243410987984,325.87695491549897,  49.79717269155304, 353337.5708618719,      0.0, 353337.5708618719,   1.0
 -0.07310047119720242, 0.07342366885893441, 13.474212680756205, 56.30550690839914, 46.961049931457715,  0.3791243410987984,325.87695491549897,  49.79717269155304, 353152.0005766604,      0.0, 353152.0005766604,   1.0
 -0.07310047119720242, 0.07342366885893441, 13.474212680756205, 56.30550690839914, 45.961049931457715, 0.02000057999999999,325.87695491549897,  49.79717269155304,327936.18666541757,      0.0,327936.18666541757,   1.0
 -0.07310047119720242, 0.07342366885893441, 13.474212680756205, 56.30550690839914, 45.961049931457715,  0.3791243410987984,326.87695491549897,  49.79717269155304, 353271.0296988842,      0.0, 353271.0296988842,   1.0
 -0.07310047119720242, 0.07342366885893441, 13.474212680756205, 56.30550690839914, 45.961049931457715,  0.3791243410987984,325.87695491549897,  50.79717269155304, 353103.4655273652,      0.0, 353103.4655273652,   1.0
 -0.07309632076803178,  0.0734195243416868, 13.474181380432215, 56.30553123260331,  45.96097258480541,  0.3791203008577299, 325.8768376967812,  49.79720285862677,353160.63881202415,      0.0,353160.63881202415,   1.0
  0.29999939999999997,  0.0734195243416868, 13.474181380432215, 56.30553123260331,  45.96097258480541,  0.3791203008577299, 325.8768376967812,  49.79720285862677,254532.00831924225,      0.0,254532.00831924225,   1.0
 -0.07309632076803178,-0.29999939999999997, 13.474181380432215, 56.30553123260331,  45.96097258480541,  0.3791203008577299, 325.8768376967812,  49.79720285862677, 281594.1756215461,      0.0, 281594.1756215461,   1.0
 -0.07309632076803178,  0.0734195243416868, 14.474181380432215, 56.30553123260331,  45.96097258480541,  0.3791203008577299, 325.8768376967812,  49.79720285862677, 353286.9350924352,      0.0, 353286.9350924352,   1.0
 -0.07309632076803178,  0.0734195243416868, 13.474181380432215, 57.30553123260331,  45.96097258480541,  0.3791203008577299, 325.8768376967812,  49.79720285862677, 353338.1571182663,      0.0, 353338.1571182663,   1.0
 -0.07309632076803178,  0.0734195243416868, 13.474181380432215, 56.30553123260331,  46.96097258480541,  0.3791203008577299, 325.8768376967812,  49.79720285862677, 353152.7321199257,      0.0, 353152.7321199257,   1.0
 -0.07309632076803178,  0.0734195243416868, 13.474181380432215, 56.30553123260331,  45.96097258480541, 0.02000057999999999, 325.8768376967812,  49.79720285862677,327936.90895865636,      0.0,327936.90895865636,   1.0
 -0.07309632076803178,  0.0734195243416868, 13.474181380432215, 56.30553123260331,  45.96097258480541,  0.3791203008577299, 326.8768376967812,  49.79720285862677, 353271.1545819572,      0.0, 353271.1545819572,   1.0
 -0.07309632076803178,  0.0734195243416868, 13.474181380432215, 56.30553123260331,  45.96097258480541,  0.3791203008577299, 325.8768376967812,  50.79720285862677, 353102.9418795851,      0.0, 353102.9418795851,   1.0
 -0.07309552339128313, 0.07341872810073151,   13.4741753670419, 56.30553590574771,  45.96095772503559, 0.37911952465022114,325.87681517682574,  49.79720865429805, 353160.6542546244,      0.0, 353160.6542546244,   1.0
  0.29999939999999997, 0.07341872810073151,   13.4741753670419, 56.30553590574771,  45.96095772503559, 0.37911952465022114,325.87681517682574,  49.79720865429805,254532.57240908447,      0.0,254532.57240908447,   1.0
 -0.07309552339128313,-0.29999939999999997,   13.4741753670419, 56.30553590574771,  45.96095772503559, 0.37911952465022114,325.87681517682574,  49.79720865429805,281594.11874897574,      0.0,281594.11874897574,   1.0
 -0.07309552339128313, 0.07341872810073151,   14.4741753670419, 56.30553590574771,  45.96095772503559, 0.37911952465022114,325.87681517682574,  49.79720865429805,353286.95913811045,      0.0,353286.95913811045,   1.0
 -0.07309552339128313, 0.07341872810073151,   13.4741753670419, 57.30553590574771,  45.96095772503559, 0.37911952465022114,325.87681517682574,  49.79720865429805,353336.12848156434,      0.0,353336.12848156434,   1.0
 -0.07309552339128313, 0.07341872810073151,   13.4741753670419, 56.30553590574771,  46.96095772503559, 0.37911952465022114,325.87681517682574,  49.79720865429805,353152.74322273524,      0.0,353152.74322273524,   1.0
 -0.07309552339128313, 0.07341872810073151,   13.4741753670419, 56.30553590574771,  45.96095772503559, 0.02000057999999999,325.87681517682574,  49.79720865429805, 327936.9643636298,      0.0, 327936.9643636298,   1.0
 -0.07309552339128313, 0.07341872810073151,   13.4741753670419, 56.30553590574771,  45.96095772503559, 0.37911952465022114,326.87681517682574,  49.79720865429805, 353271.1586836431,      0.0, 353271.1586836431,   1.0
 -0.07309552339128313, 0.07341872810073151,   13.4741753670419, 56.30553590574771,  45.96095772503559, 0.37911952465022114,325.87681517682574,  50.79720865429805, 353102.9697206707,      0.0, 353102.9697206707,   1.0
 -0.07309539378879225, 0.07341859868284804, 13.474174389649013,56.305536665302284, 45.960955309786854,  0.3791193984884955,325.87681151652043, 49.797209596303745, 353160.8001740896,      0.0, 353160.8001740896,   1.0
  0.29999939999999997, 0.07341859868284804, 13.474174389649013,56.305536665302284, 45.960955309786854,  0.3791193984884955,325.87681151652043, 49.797209596303745,254533.04206452754,      0.0,254533.04206452754,   1.0
 -0.07309539378879225,-0.29999939999999997, 13.474174389649013,56.305536665302284, 45.960955309786854,  0.3791193984884955,325.87681151652043, 49.797209596303745, 281594.1458114831,      0.0, 281594.1458114831,   1.0
 -0.07309539378879225, 0.07341859868284804, 14.474174389649013,56.305536665302284, 45.960955309786854,  0.3791193984884955,325.87681151652043, 49.797209596303745,353286.95913811045,      0.0,353286.95913811045,   1.0
 -0.07309539378879225, 0.07341859868284804, 13.474174389649013,57.305536665302284, 45.960955309786854,  0.3791193984884955,325.87681151652043, 49.797209596303745,353336.12848156434,      0.0,353336.12848156434,   1.0
 -0.07309539378879225, 0.07341859868284804, 13.474174389649013,56.305536665302284, 46.960955309786854,  0.3791193984884955,325.87681151652043, 49.797209596303745,  353152.856943618,      0.0,  353152.856943618,   1.0
 -0.07309539378879225, 0.07341859868284804, 13.474174389649013,56.305536665302284, 45.960955309786854, 0.02000057999999999,325.87681151652043, 49.797209596303745, 327936.9643636298,      0.0, 327936.9643636298,   1.0
 -0.07309539378879225, 0.07341859868284804, 13.474174389649013,56.305536665302284, 45.960955309786854,  0.3791193984884955,326.87681151652043, 49.797209596303745, 353271.1546922823,      0.0, 353271.1546922823,   1.0
 -0.07309539378879225, 0.07341859868284804, 13.474174389649013,56.305536665302284, 45.960955309786854,  0.3791193984884955,325.87681151652043, 50.797209596303745, 353102.9697206707,      0.0, 353102.9697206707,   1.0
 -0.07309538739493417, 0.07341859229809745, 13.474174341429944, 56.30553670277443,  45.96095519063206, 0.37911939226438546,325.87681133594157, 49.797209642777005, 353160.8001740896,      0.0, 353160.8001740896,   1.0
  0.29999939999999997, 0.07341859229809745, 13.474174341429944, 56.30553670277443,  45.96095519063206, 0.37911939226438546,325.87681133594157, 49.797209642777005,254533.04206452754,      0.0,254533.04206452754,   1.0
 -0.07309538739493417,-0.29999939999999997, 13.474174341429944, 56.30553670277443,  45.96095519063206, 0.37911939226438546,325.87681133594157, 49.797209642777005, 281594.1458114831,      0.0, 281594.1458114831,   1.0
 -0.07309538739493417, 0.07341859229809745, 14.474174341429944, 56.30553670277443,  45.96095519063206, 0.37911939226438546,325.87681133594157, 49.797209642777005,353286.95913811045,      0.0,353286.95913811045,   1.0
 -0.07309538739493417, 0.07341859229809745, 13.474174341429944, 57.30553670277443,  45.96095519063206, 0.37911939226438546,325.87681133594157, 49.797209642777005,353336.12848156434,      0.0,353336.12848156434,   1.0
 -0.07309538739493417, 0.07341859229809745, 13.474174341429944, 56.30553670277443,  46.96095519063206, 0.37911939226438546,325.87681133594157, 49.797209642777005,  353152.856943618,      0.0,  353152.856943618,   1.0
 -0.07309538739493417, 0.07341859229809745, 13.474174341429944, 56.30553670277443,  45.96095519063206, 0.02000057999999999,325.87681133594157, 49.797209642777005, 327936.9643636298,      0.0, 327936.9643636298,   1.0
 -0.07309538739493417, 0.07341859229809745, 13.474174341429944, 56.30553670277443,  45.96095519063206, 0.37911939226438546,326.87681133594157, 49.797209642777005, 353271.1546922823,      0.0, 353271.1546922823,   1.0
 -0.07309538739493417, 0.07341859229809745, 13.474174341429944, 56.30553670277443,  45.96095519063206, 0.37911939226438546,325.87681133594157, 50.797209642777005, 353102.9697206707,      0.0, 353102.9697206707,   1.0
 -0.07309538604559776, 0.07341859095068305, 13.474174331253968, 56.30553671068242,  45.96095516548608, 0.37911939095087205,325.87681129783283, 49.797209652584556, 353160.8001740896,      0.0, 353160.8001740896,   1.0
            0.2999994, 0.07341859095068305, 13.474174331253968, 56.30553671068242,  45.96095516548608, 0.37911939095087205,325.87681129783283, 49.797209652584556,254533.04206452754,      0.0,254533.04206452754,   1.0
 -0.07309538604559776,-0.29999939999999997, 13.474174331253968, 56.30553671068242,  45.96095516548608, 0.37911939095087205,325.87681129783283, 49.797209652584556, 281594.1458114831,      0.0, 281594.1458114831,   1.0
 -0.07309538604559776, 0.07341859095068305, 14.474174331253968, 56.30553671068242,  45.96095516548608, 0.37911939095087205,325.87681129783283, 49.797209652584556,353286.95913811045,      0.0,353286.95913811045,   1.0
 -0.07309538604559776, 0.07341859095068305, 13.474174331253968, 57.30553671068242,  45.96095516548608, 0.37911939095087205,325.87681129783283, 49.797209652584556,353336.12848156434,      0.0,353336.12848156434,   1.0
 -0.07309538604559776, 0.07341859095068305, 13.474174331253968, 56.30553671068242,  46.96095516548608, 0.37911939095087205,325.87681129783283, 49.797209652584556,  353152.856943618,      0.0,  353152.856943618,   1.0
 -0.07309538604559776, 0.07341859095068305, 13.474174331253968, 56.30553671068242,  45.96095516548608, 0.02000057999999999,325.87681129783283, 49.797209652584556, 327936.9643636298,      0.0, 327936.9643636298,   1.0
 -0.07309538604559776, 0.07341859095068305, 13.474174331253968, 56.30553671068242,  45.96095516548608, 0.37911939095087205,326.87681129783283, 49.797209652584556, 353271.1546922823,      0.0, 353271.1546922823,   1.0
 -0.07309538604559776, 0.07341859095068305, 13.474174331253968, 56.30553671068242,  45.96095516548608, 0.37911939095087205,325.87681129783283, 50.797209652584556, 353102.9697206707,      0.0, 353102.9697206707,   1.0
 -0.07309538576083878, 0.07341859066632969, 13.474174329106468, 56.30553671235129,  45.96095516017936,   0.379119390673673, 325.8768112897905,   49.7972096546543, 353160.8001740896,      0.0, 353160.8001740896,   1.0
  0.29999939999999997, 0.07341859066632969, 13.474174329106468, 56.30553671235129,  45.96095516017936,   0.379119390673673, 325.8768112897905,   49.7972096546543,254533.04206452754,      0.0,254533.04206452754,   1.0
 -0.07309538576083878, -0.2999993999999999, 13.474174329106468, 56.30553671235129,  45.96095516017936,   0.379119390673673, 325.8768112897905,   49.7972096546543, 281594.1458114831,      0.0, 281594.1458114831,   1.0
 -0.07309538576083878, 0.07341859066632969, 14.474174329106468, 56.30553671235129,  45.96095516017936,   0.379119390673673, 325.8768112897905,   49.7972096546543,353286.95913811045,      0.0,353286.95913811045,   1.0
 -0.07309538576083878, 0.07341859066632969, 13.474174329106468, 57.30553671235129,  45.96095516017936,   0.379119390673673, 325.8768112897905,   49.7972096546543,353336.12848156434,      0.0,353336.12848156434,   1.0
 -0.07309538576083878, 0.07341859066632969, 13.474174329106468, 56.30553671235129,  46.96095516017936,   0.379119390673673, 325.8768112897905,   49.7972096546543,  353152.856943618,      0.0,  353152.856943618,   1.0
 -0.07309538576083878, 0.07341859066632969, 13.474174329106468, 56.30553671235129,  45.96095516017936, 0.02000057999999999, 325.8768112897905,   49.7972096546543, 327936.9643636298,      0.0, 327936.9643636298,   1.0
 -0.07309538576083878, 0.07341859066632969, 13.474174329106468, 56.30553671235129,  45.96095516017936,   0.379119390673673, 326.8768112897905,   49.7972096546543, 353271.1546922823,      0.0, 353271.1546922823,   1.0
 -0.07309538576083878, 0.07341859066632969, 13.474174329106468, 56.30553671235129,  45.96095516017936,   0.379119390673673, 325.8768112897905,   50.7972096546543, 353102.9697206707,      0.0, 353102.9697206707,   1.0
 -0.07309538570074428, 0.07341859060632079, 13.474174328653266,56.305536712703486, 45.960955159059445,  0.3791193906151739,325.87681128809334, 49.797209655091095, 353160.8001740896,      0.0, 353160.8001740896,   1.0
            0.2999994, 0.07341859060632079, 13.474174328653266,56.305536712703486, 45.960955159059445,  0.3791193906151739,325.87681128809334, 49.797209655091095,254533.04206452754,      0.0,254533.04206452754,   1.0
 -0.07309538570074428,-0.29999939999999997, 13.474174328653266,56.305536712703486, 45.960955159059445,  0.3791193906151739,325.87681128809334, 49.797209655091095, 281594.1458114831,      0.0, 281594.1458114831,   1.0
 -0.07309538570074428, 0.07341859060632079, 14.474174328653266,56.305536712703486, 45.960955159059445,  0.3791193906151739,325.87681128809334, 49.797209655091095,353286.95913811045,      0.0,353286.95913811045,   1.0
 -0.07309538570074428, 0.07341859060632079, 13.474174328653266,57.305536712703486, 45.960955159059445,  0.3791193906151739,325.87681128809334, 49.797209655091095,353336.12848156434,      0.0,353336.12848156434,   1.0
 -0.07309538570074428, 0.07341859060632079, 13.474174328653266,56.305536712703486, 46.960955159059445,  0.3791193906151739,325.87681128809334, 49.797209655091095,  353152.856943618,      0.0,  353152.856943618,   1.0
 -0.07309538570074428, 0.07341859060632079, 13.474174328653266,56.305536712703486, 45.960955159059445, 0.02000057999999999,325.87681128809334, 49.797209655091095, 327936.9643636298,      0.0, 327936.9643636298,   1.0
 -0.07309538570074428, 0.07341859060632079, 13.474174328653266,56.305536712703486, 45.960955159059445,  0.3791193906151739,326.87681128809334, 49.797209655091095, 353271.1546922823,      0.0, 353271.1546922823,   1.0
 -0.07309538570074428, 0.07341859060632079, 13.474174328653266,56.305536712703486, 45.960955159059445,  0.3791193906151739,325.87681128809334, 50.797209655091095, 353102.9697206707,      0.0, 353102.9697206707,   1.0
 -0.07309538568806213, 0.07341859059365671, 13.474174328557625, 56.30553671277781, 45.960955158823104, 0.37911939060282845, 325.8768112877351,  49.79720965518327, 353160.8001740896,      0.0, 353160.8001740896,   1.0
  0.29999939999999997, 0.07341859059365671, 13.474174328557625, 56.30553671277781, 45.960955158823104, 0.37911939060282845, 325.8768112877351,  49.79720965518327,254533.04206452754,      0.0,254533.04206452754,   1.0
 -0.07309538568806213, -0.2999993999999999, 13.474174328557625, 56.30553671277781, 45.960955158823104, 0.37911939060282845, 325.8768112877351,  49.79720965518327, 281594.1458114831,      0.0, 281594.1458114831,   1.0
 -0.07309538568806213, 0.07341859059365671, 14.474174328557625, 56.30553671277781, 45.960955158823104, 0.37911939060282845, 325.8768112877351,  49.79720965518327,353286.95913811045,      0.0,353286.95913811045,   1.0
 -0.07309538568806213, 0.07341859059365671, 13.474174328557625, 57.30553671277781, 45.960955158823104, 0.37911939060282845, 325.8768112877351,  49.79720965518327,353336.12848156434,      0.0,353336.12848156434,   1.0
 -0.07309538568806213, 0.07341859059365671, 13.474174328557625, 56.30553671277781, 46.960955158823104, 0.37911939060282845, 325.8768112877351,  49.79720965518327,  353152.856943618,      0.0,  353152.856943618,   1.0
 -0.07309538568806213, 0.07341859059365671, 13.474174328557625, 56.30553671277781, 45.960955158823104, 0.02000057999999999, 325.8768112877351,  49.79720965518327, 327936.9643636298,      0.0, 327936.9643636298,   1.0
 -0.07309538568806213, 0.07341859059365671, 13.474174328557625, 56.30553671277781, 45.960955158823104, 0.37911939060282845, 326.8768112877351,  49.79720965518327, 353271.1546922823,      0.0, 353271.1546922823,   1.0
 -0.07309538568806213, 0.07341859059365671, 13.474174328557625, 56.30553671277781, 45.960955158823104, 0.37911939060282845, 325.8768112877351,  50.79720965518327, 353102.9697206707,      0.0, 353102.9697206707,   1.0
 -0.07309538568538575, 0.07341859059098413,  13.47417432853744,  56.3055367127935,  45.96095515877323, 0.37911939060022315,325.87681128765956,  49.79720965520273, 353160.8001740896,      0.0, 353160.8001740896,   1.0
  0.29999939999999997, 0.07341859059098413,  13.47417432853744,  56.3055367127935,  45.96095515877323, 0.37911939060022315,325.87681128765956,  49.79720965520273,254533.04206452754,      0.0,254533.04206452754,   1.0
 -0.07309538568538575,          -0.2999994,  13.47417432853744,  56.3055367127935,  45.96095515877323, 0.37911939060022315,325.87681128765956,  49.79720965520273, 281594.1458114831,      0.0, 281594.1458114831,   1.0
 -0.07309538568538575, 0.07341859059098413,  14.47417432853744,  56.3055367127935,  45.96095515877323, 0.37911939060022315,325.87681128765956,  49.79720965520273,353286.95913811045,      0.0,353286.95913811045,   1.0
 -0.07309538568538575, 0.07341859059098413,  13.47417432853744,  57.3055367127935,  45.96095515877323, 0.37911939060022315,325.87681128765956,  49.79720965520273,353336.12848156434,      0.0,353336.12848156434,   1.0
 -0.07309538568538575, 0.07341859059098413,  13.47417432853744,  56.3055367127935,  46.96095515877323, 0.37911939060022315,325.87681128765956,  49.79720965520273,  353152.856943618,      0.0,  353152.856943618,   1.0
 -0.07309538568538575, 0.07341859059098413,  13.47417432853744,  56.3055367127935,  45.96095515877323, 0.02000057999999999,325.87681128765956,  49.79720965520273, 327936.9643636298,      0.0, 327936.9643636298,   1.0
 -0.07309538568538575, 0.07341859059098413,  13.47417432853744,  56.3055367127935,  45.96095515877323, 0.37911939060022315,326.87681128765956,  49.79720965520273, 353271.1546922823,      0.0, 353271.1546922823,   1.0
 -0.07309538568538575, 0.07341859059098413,  13.47417432853744,  56.3055367127935,  45.96095515877323, 0.37911939060022315,325.87681128765956,  50.79720965520273, 353102.9697206707,      0.0, 353102.9697206707,   1.0
 -0.07309538568482095, 0.07341859059042015,  13.47417432853318,  56.3055367127968,   45.9609551587627, 0.37911939059967337, 325.8768112876436,  49.79720965520683, 353160.8001740896,      0.0, 353160.8001740896,   1.0
  0.29999939999999997, 0.07341859059042015,  13.47417432853318,  56.3055367127968,   45.9609551587627, 0.37911939059967337, 325.8768112876436,  49.79720965520683,254533.04206452754,      0.0,254533.04206452754,   1.0
 -0.07309538568482095,-0.29999939999999997,  13.47417432853318,  56.3055367127968,   45.9609551587627, 0.37911939059967337, 325.8768112876436,  49.79720965520683, 281594.1458114831,      0.0, 281594.1458114831,   1.0
 -0.07309538568482095, 0.07341859059042015,  14.47417432853318,  56.3055367127968,   45.9609551587627, 0.37911939059967337, 325.8768112876436,  49.79720965520683,353286.95913811045,      0.0,353286.95913811045,   1.0
 -0.07309538568482095, 0.07341859059042015,  13.47417432853318,  57.3055367127968,   45.9609551587627, 0.37911939059967337, 325.8768112876436,  49.79720965520683,353336.12848156434,      0.0,353336.12848156434,   1.0
 -0.07309538568482095, 0.07341859059042015,  13.47417432853318,  56.3055367127968,   46.9609551587627, 0.37911939059967337, 325.8768112876436,  49.79720965520683,  353152.856943618,      0.0,  353152.856943618,   1.0
 -0.07309538568482095, 0.07341859059042015,  13.47417432853318,  56.3055367127968,   45.9609551587627, 0.02000057999999999, 325.8768112876436,  49.79720965520683, 327936.9643636298,      0.0, 327936.9643636298,   1.0
 -0.07309538568482095, 0.07341859059042015,  13.47417432853318,  56.3055367127968,   45.9609551587627, 0.37911939059967337, 326.8768112876436,  49.79720965520683, 353271.1546922823,      0.0, 353271.1546922823,   1.0
 -0.07309538568482095, 0.07341859059042015,  13.47417432853318,  56.3055367127968,   45.9609551587627, 0.37911939059967337, 325.8768112876436,  50.79720965520683, 353102.9697206707,      0.0, 353102.9697206707,   1.0
 -0.07309538568470175, 0.07341859059030112, 13.474174328532282,56.305536712797505, 45.960955158760484,  0.3791193905995573,325.87681128764024, 49.797209655207695, 353160.8001740896,      0.0, 353160.8001740896,   1.0
  0.29999939999999997, 0.07341859059030112, 13.474174328532282,56.305536712797505, 45.960955158760484,  0.3791193905995573,325.87681128764024, 49.797209655207695,254533.04206452754,      0.0,254533.04206452754,   1.0
 -0.07309538568470175,          -0.2999994, 13.474174328532282,56.305536712797505, 45.960955158760484,  0.3791193905995573,325.87681128764024, 49.797209655207695, 281594.1458114831,      0.0, 281594.1458114831,   1.0
 -0.07309538568470175, 0.07341859059030112, 14.474174328532282,56.305536712797505, 45.960955158760484,  0.3791193905995573,325.87681128764024, 49.797209655207695,353286.95913811045,      0.0,353286.95913811045,   1.0
 -0.07309538568470175, 0.07341859059030112, 13.474174328532282,57.305536712797505, 45.960955158760484,  0.3791193905995573,325.87681128764024, 49.797209655207695,353336.12848156434,      0.0,353336.12848156434,   1.0
 -0.07309538568470175, 0.07341859059030112, 13.474174328532282,56.305536712797505, 46.960955158760484,  0.3791193905995573,325.87681128764024, 49.797209655207695,  353152.856943618,      0.0,  353152.856943618,   1.0
 -0.07309538568470175, 0.07341859059030112, 13.474174328532282,56.305536712797505, 45.960955158760484, 0.02000057999999999,325.87681128764024, 49.797209655207695, 327936.9643636298,      0.0, 327936.9643636298,   1.0
 -0.07309538568470175, 0.07341859059030112, 13.474174328532282,56.305536712797505, 45.960955158760484,  0.3791193905995573,326.87681128764024, 49.797209655207695, 353271.1546922823,      0.0, 353271.1546922823,   1.0
 -0.07309538568470175, 0.07341859059030112, 13.474174328532282,56.305536712797505, 45.960955158760484,  0.3791193905995573,325.87681128764024, 50.797209655207695, 353102.9697206707,      0.0, 353102.9697206707,   1.0
 -0.07309538568478043, 0.07341859059037968, 13.474174328532875, 56.30553671279704,  45.96095515876195,  0.3791193905996339,325.87681128764245, 49.797209655207126, 353160.8001740896,      0.0, 353160.8001740896,   1.0
  0.29999939999999997, 0.07341859059037968, 13.474174328532875, 56.30553671279704,  45.96095515876195,  0.3791193905996339,325.87681128764245, 49.797209655207126,254533.04206452754,      0.0,254533.04206452754,   1.0
 -0.07309538568478043,-0.29999939999999997, 13.474174328532875, 56.30553671279704,  45.96095515876195,  0.3791193905996339,325.87681128764245, 49.797209655207126, 281594.1458114831,      0.0, 281594.1458114831,   1.0
 -0.07309538568478043, 0.07341859059037968, 14.474174328532875, 56.30553671279704,  45.96095515876195,  0.3791193905996339,325.87681128764245, 49.797209655207126,353286.95913811045,      0.0,353286.95913811045,   1.0
 -0.07309538568478043, 0.07341859059037968, 13.474174328532875, 57.30553671279704,  45.96095515876195,  0.3791193905996339,325.87681128764245, 49.797209655207126,353336.12848156434,      0.0,353336.12848156434,   1.0
 -0.07309538568478043, 0.07341859059037968, 13.474174328532875, 56.30553671279704,  46.96095515876195,  0.3791193905996339,325.87681128764245, 49.797209655207126,  353152.856943618,      0.0,  353152.856943618,   1.0
 -0.07309538568478043, 0.07341859059037968, 13.474174328532875, 56.30553671279704,  45.96095515876195, 0.02000057999999999,325.87681128764245, 49.797209655207126, 327936.9643636298,      0.0, 327936.9643636298,   1.0
 -0.07309538568478043, 0.07341859059037968, 13.474174328532875, 56.30553671279704,  45.96095515876195,  0.3791193905996339,326.87681128764245, 49.797209655207126, 353271.1546922823,      0.0, 353271.1546922823,   1.0
 -0.07309538568478043, 0.07341859059037968, 13.474174328532875, 56.30553671279704,  45.96095515876195,  0.3791193905996339,325.87681128764245, 50.797209655207126, 353102.9697206707,      0.0, 353102.9697206707,   1.0
 -0.07309538568471835, 0.07341859059031769, 13.474174328532408,56.305536712797405,  45.96095515876079, 0.37911939059957345, 325.8768112876407, 49.797209655207574, 353160.8001740896,      0.0, 353160.8001740896,   1.0
  0.29999939999999997, 0.07341859059031769, 13.474174328532408,56.305536712797405,  45.96095515876079, 0.37911939059957345, 325.8768112876407, 49.797209655207574,254533.04206452754,      0.0,254533.04206452754,   1.0
 -0.07309538568471835,-0.29999939999999997, 13.474174328532408,56.305536712797405,  45.96095515876079, 0.37911939059957345, 325.8768112876407, 49.797209655207574, 281594.1458114831,      0.0, 281594.1458114831,   1.0
 -0.07309538568471835, 0.07341859059031769, 14.474174328532408,56.305536712797405,  45.96095515876079, 0.37911939059957345, 325.8768112876407, 49.797209655207574,353286.95913811045,      0.0,353286.95913811045,   1.0
 -0.07309538568471835, 0.07341859059031769, 13.474174328532408,57.305536712797405,  45.96095515876079, 0.37911939059957345, 325.8768112876407, 49.797209655207574,353336.12848156434,      0.0,353336.12848156434,   1.0
 -0.07309538568471835, 0.07341859059031769, 13.474174328532408,56.305536712797405,  46.96095515876079, 0.37911939059957345, 325.8768112876407, 49.797209655207574,  353152.856943618,      0.0,  353152.856943618,   1.0
 -0.07309538568471835, 0.07341859059031769, 13.474174328532408,56.305536712797405,  45.96095515876079, 0.02000057999999999, 325.8768112876407, 49.797209655207574, 327936.9643636298,      0.0, 327936.9643636298,   1.0
 -0.07309538568471835, 0.07341859059031769, 13.474174328532408,56.305536712797405,  45.96095515876079, 0.37911939059957345, 326.8768112876407, 49.797209655207574, 353271.1546922823,      0.0, 353271.1546922823,   1.0
 -0.07309538568471835, 0.07341859059031769, 13.474174328532408,56.305536712797405,  45.96095515876079, 0.37911939059957345, 325.8768112876407, 50.797209655207574, 353102.9697206707,      0.0, 353102.9697206707,   1.0
 -0.29999939999999997, 0.29999939999999997,           59.99988,          79.99994, 30.074492430181284,          0.59999942,         499.99955,           5.000115,244468.13119459723,      0.0,244468.13119459723,   1.0
  0.29999939999999997, 0.29999939999999997,           59.99988,          79.99994, 30.074492430181284,          0.59999942,         499.99955,           5.000115,159328.30934173008,      0.0,159328.30934173008,   1.0
 -0.29999939999999997,-0.29999939999999997,           59.99988,          79.99994, 30.074492430181284,          0.59999942,         499.99955,           5.000115,103376.03794216155,      0.0,103376.03794216155,   1.0
 -0.29999939999999997, 0.29999939999999997,           58.99988,          79.99994, 30.074492430181284,          0.59999942,         499.99955,           5.000115,244565.93993618924,      0.0,244565.93993618924,   1.0
 -0.29999939999999997, 0.29999939999999997,           59.99988,          78.99994, 30.074492430181284,          0.59999942,         499.99955,           5.000115,253510.53890273307,      0.0,253510.53890273307,   1.0
 -0.29999939999999997, 0.29999939999999997,           59.99988,          79.99994, 31.074492430181284,          0.59999942,         499.99955,           5.000115,243232.31544737724,      0.0,243232.31544737724,   1.0
 -0.29999939999999997, 0.29999939999999997,           59.99988,          79.99994, 30.074492430181284,0.020000580000000046,         499.99955,           5.000115,243083.27785666796,      0.0,243083.27785666796,   1.0
 -0.29999939999999997, 0.29999939999999997,           59.99988,          79.99994, 30.074492430181284,          0.59999942,         498.99955,           5.000115, 244463.0319107876,      0.0, 244463.0319107876,   1.0
 -0.29999939999999997, 0.29999939999999997,           59.99988,          79.99994, 30.074492430181284,          0.59999942,         499.99955,           6.000115, 244490.0990979267,      0.0, 244490.0990979267,   1.0
 -0.11108983873359828, 0.11135892386679949, 21.264775764283815, 60.27309936669984,  43.30081067398358,  0.4161051439447249, 355.0331849230733, 42.296059379213425,351477.51452843484,      0.0,351477.51452843484,   1.0
  0.29999939999999997, 0.11135892386679949, 21.264775764283815, 60.27309936669984,  43.30081067398358,  0.4161051439447249, 355.0331849230733, 42.296059379213425, 233333.4317892834,      0.0, 233333.4317892834,   1.0
 -0.11108983873359828,          -0.2999994, 21.264775764283815, 60.27309936669984,  43.30081067398358,  0.4161051439447249, 355.0331849230733, 42.296059379213425,232191.38593667388,      0.0,232191.38593667388,   1.0
 -0.11108983873359828, 0.11135892386679949, 22.264775764283815, 60.27309936669984,  43.30081067398358,  0.4161051439447249, 355.0331849230733, 42.296059379213425, 351569.3105241049,      0.0, 351569.3105241049,   1.0
 -0.11108983873359828, 0.11135892386679949, 21.264775764283815, 61.27309936669984,  43.30081067398358,  0.4161051439447249, 355.0331849230733, 42.296059379213425, 351042.2520307256,      0.0, 351042.2520307256,   1.0
 -0.11108983873359828, 0.11135892386679949, 21.264775764283815, 60.27309936669984,  44.30081067398358,  0.4161051439447249, 355.0331849230733, 42.296059379213425,350992.43854417955,      0.0,350992.43854417955,   1.0
 -0.11108983873359828, 0.11135892386679949, 21.264775764283815, 60.27309936669984,  43.30081067398358, 0.02000057999999999, 355.0331849230733, 42.296059379213425, 332065.9959274917,      0.0, 332065.9959274917,   1.0
 -0.11108983873359828, 0.11135892386679949, 21.264775764283815, 60.27309936669984,  43.30081067398358,  0.4161051439447249, 356.0331849230733, 42.296059379213425,351635.44482556725,      0.0,351635.44482556725,   1.0
 -0.11108983873359828, 0.11135892386679949, 21.264775764283815, 60.27309936669984,  43.30081067398358,  0.4161051439447249, 355.0331849230733, 43.296059379213425,351671.47112177726,      0.0,351671.47112177726,   1.0
 -0.08026414059916948, 0.08057713424093384, 14.944097115880298, 57.05413241536297, 45.459041791986024, 0.38609782507569623,  331.378006331001, 48.381900219480904, 352882.3030657933,      0.0, 352882.3030657933,   1.0
  0.29999939999999997, 0.08057713424093384, 14.944097115880298, 57.05413241536297, 45.459041791986024, 0.38609782507569623,  331.378006331001, 48.381900219480904, 251242.4975222929,      0.0, 251242.4975222929,   1.0
 -0.08026414059916948,-0.29999939999999997, 14.944097115880298, 57.05413241536297, 45.459041791986024, 0.38609782507569623,  331.378006331001, 48.381900219480904,  273768.493750688,      0.0,  273768.493750688,   1.0
 -0.08026414059916948, 0.08057713424093384, 15.944097115880298, 57.05413241536297, 45.459041791986024, 0.38609782507569623,  331.378006331001, 48.381900219480904,352920.93289728055,      0.0,352920.93289728055,   1.0
 -0.08026414059916948, 0.08057713424093384, 14.944097115880298, 58.05413241536297, 45.459041791986024, 0.38609782507569623,  331.378006331001, 48.381900219480904, 352898.8103728971,      0.0, 352898.8103728971,   1.0
 -0.08026414059916948, 0.08057713424093384, 14.944097115880298, 57.05413241536297, 46.459041791986024, 0.38609782507569623,  331.378006331001, 48.381900219480904, 352997.2994675317,      0.0, 352997.2994675317,   1.0
 -0.08026414059916948, 0.08057713424093384, 14.944097115880298, 57.05413241536297, 45.459041791986024, 0.02000057999999999,  331.378006331001, 48.381900219480904,328783.85720827343,      0.0,328783.85720827343,   1.0
 -0.08026414059916948, 0.08057713424093384, 14.944097115880298, 57.05413241536297, 45.459041791986024, 0.38609782507569623,  332.378006331001, 48.381900219480904,352971.94431955577,      0.0,352971.94431955577,   1.0
 -0.08026414059916948, 0.08057713424093384, 14.944097115880298, 57.05413241536297, 45.459041791986024, 0.38609782507569623,  331.378006331001, 49.381900219480904,352858.89720469835,      0.0,352858.89720469835,   1.0
 -0.07453945328733629, 0.07486060124504693, 13.770274265124574,56.456333164128914, 45.859850177358254,  0.3805251202226697,326.98496711564786,  49.51211098350586,353205.50775761437,      0.0,353205.50775761437,   1.0
  0.29999939999999997, 0.07486060124504693, 13.770274265124574,56.456333164128914, 45.859850177358254,  0.3805251202226697,326.98496711564786,  49.51211098350586,253977.94832103833,      0.0,253977.94832103833,   1.0
 -0.07453945328733629,          -0.2999994, 13.770274265124574,56.456333164128914, 45.859850177358254,  0.3805251202226697,326.98496711564786,  49.51211098350586,279945.79075988266,      0.0,279945.79075988266,   1.0
 -0.07453945328733629, 0.07486060124504693, 14.770274265124574,56.456333164128914, 45.859850177358254,  0.3805251202226697,326.98496711564786,  49.51211098350586, 353286.5242866139,      0.0, 353286.5242866139,   1.0
 -0.07453945328733629, 0.07486060124504693, 13.770274265124574,57.456333164128914, 45.859850177358254,  0.3805251202226697,326.98496711564786,  49.51211098350586,353242.16865519685,      0.0,353242.16865519685,   1.0
 -0.07453945328733629, 0.07486060124504693, 13.770274265124574,56.456333164128914, 46.859850177358254,  0.3805251202226697,326.98496711564786,  49.51211098350586, 353255.3849384055,      0.0, 353255.3849384055,   1.0
 -0.07453945328733629, 0.07486060124504693, 13.770274265124574,56.456333164128914, 45.859850177358254, 0.02000057999999999,326.98496711564786,  49.51211098350586,328003.96592723293,      0.0,328003.96592723293,   1.0
 -0.07453945328733629, 0.07486060124504693, 13.770274265124574,56.456333164128914, 45.859850177358254,  0.3805251202226697,327.98496711564786,  49.51211098350586,353328.32966300624,      0.0,353328.32966300624,   1.0
 -0.07453945328733629, 0.07486060124504693, 13.770274265124574,56.456333164128914, 45.859850177358254,  0.3805251202226697,326.98496711564786,  50.51211098350586, 353134.7307266379,      0.0, 353134.7307266379,   1.0
 -0.07831774691314619, 0.07863351302233228,  14.54499734662335, 56.85088066994339,  45.59531664301258,  0.3842031054256672,  329.884372997781,  48.76617187924939, 353067.9671957928,      0.0, 353067.9671957928,   1.0
  0.29999939999999997, 0.07863351302233228,  14.54499734662335, 56.85088066994339,  45.59531664301258,  0.3842031054256672,  329.884372997781,  48.76617187924939,252026.92119386134,      0.0,252026.92119386134,   1.0
 -0.07831774691314619,-0.29999939999999997,  14.54499734662335, 56.85088066994339,  45.59531664301258,  0.3842031054256672,  329.884372997781,  48.76617187924939,275888.14415990247,      0.0,275888.14415990247,   1.0
 -0.07831774691314619, 0.07863351302233228,  15.54499734662335, 56.85088066994339,  45.59531664301258,  0.3842031054256672,  329.884372997781,  48.76617187924939, 353118.3134281703,      0.0, 353118.3134281703,   1.0
 -0.07831774691314619, 0.07863351302233228,  14.54499734662335, 57.85088066994339,  45.59531664301258,  0.3842031054256672,  329.884372997781,  48.76617187924939, 352923.9726309406,      0.0, 352923.9726309406,   1.0
 -0.07831774691314619, 0.07863351302233228,  14.54499734662335, 56.85088066994339,  46.59531664301258,  0.3842031054256672,  329.884372997781,  48.76617187924939, 353078.3450968439,      0.0, 353078.3450968439,   1.0
 -0.07831774691314619, 0.07863351302233228,  14.54499734662335, 56.85088066994339,  45.59531664301258, 0.02000057999999999,  329.884372997781,  48.76617187924939,328506.20453570795,      0.0,328506.20453570795,   1.0
 -0.07831774691314619, 0.07863351302233228,  14.54499734662335, 56.85088066994339,  45.59531664301258,  0.3842031054256672,  330.884372997781,  48.76617187924939, 353175.3395495737,      0.0, 353175.3395495737,   1.0
 -0.07831774691314619, 0.07863351302233228,  14.54499734662335, 56.85088066994339,  45.59531664301258,  0.3842031054256672,  329.884372997781,  49.76617187924939,353027.91237731895,      0.0,353027.91237731895,   1.0
 -0.07529540687732258, 0.07561547804531918,  13.92527934220582,56.535273456488184,  45.80692282581672,   0.381261004299844, 327.5650745669199,  49.36286494822639, 353250.6111963813,      0.0, 353250.6111963813,   1.0
   0.2999993999999999, 0.07561547804531918,  13.92527934220582,56.535273456488184,  45.80692282581672,   0.381261004299844, 327.5650745669199,  49.36286494822639,253492.35174661514,      0.0,253492.35174661514,   1.0
 -0.07529540687732258, -0.2999993999999999,  13.92527934220582,56.535273456488184,  45.80692282581672,   0.381261004299844, 327.5650745669199,  49.36286494822639,279120.59952838067,      0.0,279120.59952838067,   1.0
 -0.07529540687732258, 0.07561547804531918,  14.92527934220582,56.535273456488184,  45.80692282581672,   0.381261004299844, 327.5650745669199,  49.36286494822639, 353297.8905804739,      0.0, 353297.8905804739,   1.0
 -0.07529540687732258, 0.07561547804531918,  13.92527934220582,57.535273456488184,  45.80692282581672,   0.381261004299844, 327.5650745669199,  49.36286494822639, 353174.9589066991,      0.0, 353174.9589066991,   1.0
 -0.07529540687732258, 0.07561547804531918,  13.92527934220582,56.535273456488184,  46.80692282581672,   0.381261004299844, 327.5650745669199,  49.36286494822639,353151.26534997765,      0.0,353151.26534997765,   1.0
 -0.07529540687732258, 0.07561547804531918,  13.92527934220582,56.535273456488184,  45.80692282581672, 0.02000057999999999, 327.5650745669199,  49.36286494822639,328090.05110475933,      0.0,328090.05110475933,   1.0
 -0.07529540687732258, 0.07561547804531918,  13.92527934220582,56.535273456488184,  45.80692282581672,   0.381261004299844, 328.5650745669199,  49.36286494822639,  353385.005938773,      0.0,  353385.005938773,   1.0
 -0.07529540687732258, 0.07561547804531918,  13.92527934220582,56.535273456488184,  45.80692282581672,   0.381261004299844, 327.5650745669199,  50.36286494822639,353176.85689632146,      0.0,353176.85689632146,   1.0
 -0.07587460375699039, 0.07619384990973381, 14.044041205589197,  56.5957559670817,  45.76637092254116,  0.3818248243106786,   328.00954156873,  49.24851555021873, 353195.0384447217,      0.0, 353195.0384447217,   1.0
  0.29999939999999997, 0.07619384990973381, 14.044041205589197,  56.5957559670817,  45.76637092254116,  0.3818248243106786,   328.00954156873,  49.24851555021873,253251.45268193862,      0.0,253251.45268193862,   1.0
 -0.07587460375699039,-0.29999939999999997, 14.044041205589197,  56.5957559670817,  45.76637092254116,  0.3818248243106786,   328.00954156873,  49.24851555021873, 278540.3697038381,      0.0, 278540.3697038381,   1.0
 -0.07587460375699039, 0.07619384990973381, 15.044041205589197,  56.5957559670817,  45.76637092254116,  0.3818248243106786,   328.00954156873,  49.24851555021873,353265.18327897275,      0.0,353265.18327897275,   1.0
 -0.07587460375699039, 0.07619384990973381, 14.044041205589197,  57.5957559670817,  45.76637092254116,  0.3818248243106786,   328.00954156873,  49.24851555021873,353029.86431768007,      0.0,353029.86431768007,   1.0
 -0.07587460375699039, 0.07619384990973381, 14.044041205589197,  56.5957559670817,  46.76637092254116,  0.3818248243106786,   328.00954156873,  49.24851555021873, 353158.0927443643,      0.0, 353158.0927443643,   1.0
 -0.07587460375699039, 0.07619384990973381, 14.044041205589197,  56.5957559670817,  45.76637092254116, 0.02000057999999999,   328.00954156873,  49.24851555021873, 328289.5724081997,      0.0, 328289.5724081997,   1.0
 -0.07587460375699039, 0.07619384990973381, 14.044041205589197,  56.5957559670817,  45.76637092254116,  0.3818248243106786,   329.00954156873,  49.24851555021873,353329.36789045413,      0.0,353329.36789045413,   1.0
 -0.07587460375699039, 0.07619384990973381, 14.044041205589197,  56.5957559670817,  45.76637092254116,  0.3818248243106786,   328.00954156873,  50.24851555021873,353153.00298758276,      0.0,353153.00298758276,   1.0
 -0.07539848583792709, 0.07571841017896766, 13.946415245845415, 56.54603745495846,  45.79970585316559,  0.3813613466579005,327.64417581586974,  49.34251432565546,353253.39203758753,      0.0,353253.39203758753,   1.0
  0.29999939999999997, 0.07571841017896766, 13.946415245845415, 56.54603745495846,  45.79970585316559,  0.3813613466579005,327.64417581586974,  49.34251432565546, 253417.4824191138,      0.0, 253417.4824191138,   1.0
 -0.07539848583792709,          -0.2999994, 13.946415245845415, 56.54603745495846,  45.79970585316559,  0.3813613466579005,327.64417581586974,  49.34251432565546,279016.99611683225,      0.0,279016.99611683225,   1.0
 -0.07539848583792709, 0.07571841017896766, 14.946415245845415, 56.54603745495846,  45.79970585316559,  0.3813613466579005,327.64417581586974,  49.34251432565546,353295.45562790893,      0.0,353295.45562790893,   1.0
 -0.07539848583792709, 0.07571841017896766, 13.946415245845415, 57.54603745495846,  45.79970585316559,  0.3813613466579005,327.64417581586974,  49.34251432565546,353142.02714959753,      0.0,353142.02714959753,   1.0
 -0.07539848583792709, 0.07571841017896766, 13.946415245845415, 56.54603745495846,  46.79970585316559,  0.3813613466579005,327.64417581586974,  49.34251432565546, 353138.2117469891,      0.0, 353138.2117469891,   1.0
 -0.07539848583792709, 0.07571841017896766, 13.946415245845415, 56.54603745495846,  45.79970585316559, 0.02000057999999999,327.64417581586974,  49.34251432565546, 328121.9716635748,      0.0, 328121.9716635748,   1.0
 -0.07539848583792709, 0.07571841017896766, 13.946415245845415, 56.54603745495846,  45.79970585316559,  0.3813613466579005,328.64417581586974,  49.34251432565546,353385.64646675106,      0.0,353385.64646675106,   1.0
 -0.07539848583792709, 0.07571841017896766, 13.946415245845415, 56.54603745495846,  45.79970585316559,  0.3813613466579005,327.64417581586974,  50.34251432565546, 353182.9275433853,      0.0, 353182.9275433853,   1.0
 -0.07571272366450886, 0.07603220040127333, 14.010848379276311,  56.5788516729598, 45.777704798953465,   0.381667241908734, 327.8853172127575,  49.28047513386721, 353217.4013337726,      0.0, 353217.4013337726,   1.0
  0.29999939999999997, 0.07603220040127333, 14.010848379276311,  56.5788516729598, 45.777704798953465,   0.381667241908734, 327.8853172127575,  49.28047513386721,253283.35702577344,      0.0,253283.35702577344,   1.0
 -0.07571272366450886,-0.29999939999999997, 14.010848379276311,  56.5788516729598, 45.777704798953465,   0.381667241908734, 327.8853172127575,  49.28047513386721,278719.77999546076,      0.0,278719.77999546076,   1.0
 -0.07571272366450886, 0.07603220040127333, 15.010848379276311,  56.5788516729598, 45.777704798953465,   0.381667241908734, 327.8853172127575,  49.28047513386721, 353280.5927316984,      0.0, 353280.5927316984,   1.0
 -0.07571272366450886, 0.07603220040127333, 14.010848379276311,  57.5788516729598, 45.777704798953465,   0.381667241908734, 327.8853172127575,  49.28047513386721, 353047.2416662711,      0.0, 353047.2416662711,   1.0
 -0.07571272366450886, 0.07603220040127333, 14.010848379276311,  56.5788516729598, 46.777704798953465,   0.381667241908734, 327.8853172127575,  49.28047513386721, 353144.9447868724,      0.0, 353144.9447868724,   1.0
 -0.07571272366450886, 0.07603220040127333, 14.010848379276311,  56.5788516729598, 45.777704798953465, 0.02000057999999999, 327.8853172127575,  49.28047513386721,328223.89684181556,      0.0,328223.89684181556,   1.0
 -0.07571272366450886, 0.07603220040127333, 14.010848379276311,  56.5788516729598, 45.777704798953465,   0.381667241908734, 328.8853172127575,  49.28047513386721,  353341.406818328,      0.0,  353341.406818328,   1.0
 -0.07571272366450886, 0.07603220040127333, 14.010848379276311,  56.5788516729598, 45.777704798953465,   0.381667241908734, 327.8853172127575,  50.28047513386721, 353169.7705072708,      0.0, 353169.7705072708,   1.0
 -0.07545262598459185, 0.07577247320773284, 13.957516453271541, 56.55169102822367,  45.79591528372721, 0.38141404945922885,327.68572215272064, 49.331825571284554,   353259.69165777,      0.0,   353259.69165777,   1.0
  0.29999939999999997, 0.07577247320773284, 13.957516453271541, 56.55169102822367,  45.79591528372721, 0.38141404945922885,327.68572215272064, 49.331825571284554,253412.71701306457,      0.0,253412.71701306457,   1.0
 -0.07545262598459185,-0.29999939999999997, 13.957516453271541, 56.55169102822367,  45.79591528372721, 0.38141404945922885,327.68572215272064, 49.331825571284554, 278953.9160403956,      0.0, 278953.9160403956,   1.0
 -0.07545262598459185, 0.07577247320773284, 14.957516453271541, 56.55169102822367,  45.79591528372721, 0.38141404945922885,327.68572215272064, 49.331825571284554, 353305.1000072843,      0.0, 353305.1000072843,   1.0
 -0.07545262598459185, 0.07577247320773284, 13.957516453271541, 57.55169102822367,  45.79591528372721, 0.38141404945922885,327.68572215272064, 49.331825571284554,353116.90264502843,      0.0,353116.90264502843,   1.0
 -0.07545262598459185, 0.07577247320773284, 13.957516453271541, 56.55169102822367,  46.79591528372721, 0.38141404945922885,327.68572215272064, 49.331825571284554,  353135.321625802,      0.0,  353135.321625802,   1.0
 -0.07545262598459185, 0.07577247320773284, 13.957516453271541, 56.55169102822367,  45.79591528372721, 0.02000057999999999,327.68572215272064, 49.331825571284554,328119.57083358034,      0.0,328119.57083358034,   1.0
 -0.07545262598459185, 0.07577247320773284, 13.957516453271541, 56.55169102822367,  45.79591528372721, 0.38141404945922885,328.68572215272064, 49.331825571284554,353395.11850389367,      0.0,353395.11850389367,   1.0
 -0.07545262598459185, 0.07577247320773284, 13.957516453271541, 56.55169102822367,  45.79591528372721, 0.38141404945922885,327.68572215272064, 50.331825571284554,  353197.236988083,      0.0,  353197.236988083,   1.0
 -0.29999939999999997, 0.29999939999999997,           59.99988,          79.99994, 24.460028021341408,          0.59999942,         499.99955,           5.000115,251087.25294957153,      0.0,251087.25294957153,   1.0
  0.29999939999999997, 0.29999939999999997,           59.99988,          79.99994, 24.460028021341408,          0.59999942,         499.99955,           5.000115,175437.63246375314,      0.0,175437.63246375314,   1.0
 -0.29999939999999997,-0.29999939999999997,           59.99988,          79.99994, 24.460028021341408,          0.59999942,         499.99955,           5.000115,128252.21695389727,      0.0,128252.21695389727,   1.0
 -0.29999939999999997, 0.29999939999999997,           58.99988,          79.99994, 24.460028021341408,          0.59999942,         499.99955,           5.000115, 251161.0345448568,      0.0, 251161.0345448568,   1.0
 -0.29999939999999997, 0.29999939999999997,           59.99988,          78.99994, 24.460028021341408,          0.59999942,         499.99955,           5.000115,258275.53411630826,      0.0,258275.53411630826,   1.0
 -0.29999939999999997, 0.29999939999999997,           59.99988,          79.99994, 25.460028021341408,          0.59999942,         499.99955,           5.000115,249025.56207119225,      0.0,249025.56207119225,   1.0
 -0.29999939999999997, 0.29999939999999997,           59.99988,          79.99994, 24.460028021341408,0.020000580000000046,         499.99955,           5.000115, 249342.4868895862,      0.0, 249342.4868895862,   1.0
 -0.29999939999999997, 0.29999939999999997,           59.99988,          79.99994, 24.460028021341408,          0.59999942,         498.99955,           5.000115, 251081.2752342943,      0.0, 251081.2752342943,   1.0
 -0.29999939999999997, 0.29999939999999997,           59.99988,          79.99994, 24.460028021341408,          0.59999942,         499.99955,           6.000115,251126.09639396134,      0.0,251126.09639396134,   1.0
 -0.10994138455951247, 0.11021210556515094,  21.02929010731157, 60.15317228458201,  42.51887749059617, 0.41498717962618875, 354.1518784081539, 42.522795827658065, 351430.8854587203,      0.0, 351430.8854587203,   1.0
  0.29999939999999997, 0.11021210556515094,  21.02929010731157, 60.15317228458201,  42.51887749059617, 0.41498717962618875, 354.1518784081539, 42.522795827658065, 234620.1350149248,      0.0, 234620.1350149248,   1.0
 -0.10994138455951247,-0.29999939999999997,  21.02929010731157, 60.15317228458201,  42.51887749059617, 0.41498717962618875, 354.1518784081539, 42.522795827658065,233057.93492761484,      0.0,233057.93492761484,   1.0
 -0.10994138455951247, 0.11021210556515094,  22.02929010731157, 60.15317228458201,  42.51887749059617, 0.41498717962618875, 354.1518784081539, 42.522795827658065,351593.44075640844,      0.0,351593.44075640844,   1.0
 -0.10994138455951247, 0.11021210556515094,  21.02929010731157, 61.15317228458201,  42.51887749059617, 0.41498717962618875, 354.1518784081539, 42.522795827658065,351278.89702316327,      0.0,351278.89702316327,   1.0
 -0.10994138455951247, 0.11021210556515094,  21.02929010731157, 60.15317228458201,  43.51887749059617, 0.41498717962618875, 354.1518784081539, 42.522795827658065,  351547.090928697,      0.0,  351547.090928697,   1.0
 -0.10994138455951247, 0.11021210556515094,  21.02929010731157, 60.15317228458201,  42.51887749059617, 0.02000057999999999, 354.1518784081539, 42.522795827658065, 331731.3681831954,      0.0, 331731.3681831954,   1.0
 -0.10994138455951247, 0.11021210556515094,  21.02929010731157, 60.15317228458201,  42.51887749059617, 0.41498717962618875, 355.1518784081539, 42.522795827658065,351567.19008457003,      0.0,351567.19008457003,   1.0
 -0.10994138455951247, 0.11021210556515094,  21.02929010731157, 60.15317228458201,  42.51887749059617, 0.41498717962618875, 354.1518784081539, 43.522795827658065,351610.48487832723,      0.0,351610.48487832723,   1.0
 -0.08186730293405681, 0.08217801301141323, 15.272818752479003, 57.22154230016511, 45.186408312101705,  0.3876584256879514, 332.6082490712778,  48.06539187087228,352806.32323336415,      0.0,352806.32323336415,   1.0
  0.29999939999999997, 0.08217801301141323, 15.272818752479003, 57.22154230016511, 45.186408312101705,  0.3876584256879514, 332.6082490712778,  48.06539187087228,250467.58983571292,      0.0,250467.58983571292,   1.0
 -0.08186730293405681, -0.2999993999999999, 15.272818752479003, 57.22154230016511, 45.186408312101705,  0.3876584256879514, 332.6082490712778,  48.06539187087228, 271573.1948356355,      0.0, 271573.1948356355,   1.0
 -0.08186730293405681, 0.08217801301141323, 16.272818752479004, 57.22154230016511, 45.186408312101705,  0.3876584256879514, 332.6082490712778,  48.06539187087228, 352972.8142082498,      0.0, 352972.8142082498,   1.0
 -0.08186730293405681, 0.08217801301141323, 15.272818752479003, 58.22154230016511, 45.186408312101705,  0.3876584256879514, 332.6082490712778,  48.06539187087228,352863.71138157434,      0.0,352863.71138157434,   1.0
 -0.08186730293405681, 0.08217801301141323, 15.272818752479003, 57.22154230016511, 46.186408312101705,  0.3876584256879514, 332.6082490712778,  48.06539187087228, 352801.8705027659,      0.0, 352801.8705027659,   1.0
 -0.08186730293405681, 0.08217801301141323, 15.272818752479003, 57.22154230016511, 45.186408312101705, 0.02000057999999999, 332.6082490712778,  48.06539187087228,329210.39973926614,      0.0,329210.39973926614,   1.0
 -0.08186730293405681, 0.08217801301141323, 15.272818752479003, 57.22154230016511, 45.186408312101705,  0.3876584256879514, 333.6082490712778,  48.06539187087228,352945.24079355807,      0.0,352945.24079355807,   1.0
 -0.08186730293405681, 0.08217801301141323, 15.272818752479003, 57.22154230016511, 45.186408312101705,  0.3876584256879514, 332.6082490712778,  49.06539187087228, 352828.9434106064,      0.0, 352828.9434106064,   1.0
 -0.07661599180241149, 0.07693418191278407, 14.196059679540353, 56.67317525555716,  45.68537509875795,  0.3825465295381683, 328.5784716394776,  49.10214515414096, 353097.7434659202,      0.0, 353097.7434659202,   1.0
   0.2999993999999999, 0.07693418191278407, 14.196059679540353, 56.67317525555716,  45.68537509875795,  0.3825465295381683, 328.5784716394776,  49.10214515414096,252905.78057836826,      0.0,252905.78057836826,   1.0
 -0.07661599180241149,-0.29999939999999997, 14.196059679540353, 56.67317525555716,  45.68537509875795,  0.3825465295381683, 328.5784716394776,  49.10214515414096, 277779.1655407678,      0.0, 277779.1655407678,   1.0
 -0.07661599180241149, 0.07693418191278407, 15.196059679540353, 56.67317525555716,  45.68537509875795,  0.3825465295381683, 328.5784716394776,  49.10214515414096,353203.49801248556,      0.0,353203.49801248556,   1.0
 -0.07661599180241149, 0.07693418191278407, 14.196059679540353, 57.67317525555716,  45.68537509875795,  0.3825465295381683, 328.5784716394776,  49.10214515414096, 352990.7680302651,      0.0, 352990.7680302651,   1.0
 -0.07661599180241149, 0.07693418191278407, 14.196059679540353, 56.67317525555716,  46.68537509875795,  0.3825465295381683, 328.5784716394776,  49.10214515414096,353179.33681586705,      0.0,353179.33681586705,   1.0
 -0.07661599180241149, 0.07693418191278407, 14.196059679540353, 56.67317525555716,  45.68537509875795, 0.02000057999999999, 328.5784716394776,  49.10214515414096, 328379.4533387703,      0.0, 328379.4533387703,   1.0
 -0.07661599180241149, 0.07693418191278407, 14.196059679540353, 56.67317525555716,  45.68537509875795,  0.3825465295381683, 329.5784716394776,  49.10214515414096, 353232.8437706606,      0.0, 353232.8437706606,   1.0
 -0.07661599180241149, 0.07693418191278407, 14.196059679540353, 56.67317525555716,  45.68537509875795,  0.3825465295381683, 328.5784716394776,  50.10214515414096, 353071.6150043291,      0.0, 353071.6150043291,   1.0
 -0.07564484522199627, 0.07596441864566013, 13.996930192560631,  56.5717634810816,  45.77765108021369, 0.38160116554413964,327.83322831364535,  49.29387620578505, 353214.1609606829,      0.0, 353214.1609606829,   1.0
  0.29999939999999997, 0.07596441864566013, 13.996930192560631,  56.5717634810816,  45.77765108021369, 0.38160116554413964,327.83322831364535,  49.29387620578505,253308.22141728597,      0.0,253308.22141728597,   1.0
 -0.07564484522199627,-0.29999939999999997, 13.996930192560631,  56.5717634810816,  45.77765108021369, 0.38160116554413964,327.83322831364535,  49.29387620578505, 278781.6602560243,      0.0, 278781.6602560243,   1.0
 -0.07564484522199627, 0.07596441864566013, 14.996930192560631,  56.5717634810816,  45.77765108021369, 0.38160116554413964,327.83322831364535,  49.29387620578505, 353280.3600458579,      0.0, 353280.3600458579,   1.0
 -0.07564484522199627, 0.07596441864566013, 13.996930192560631,  57.5717634810816,  45.77765108021369, 0.38160116554413964,327.83322831364535,  49.29387620578505, 353061.5063965883,      0.0, 353061.5063965883,   1.0
 -0.07564484522199627, 0.07596441864566013, 13.996930192560631,  56.5717634810816,  46.77765108021369, 0.38160116554413964,327.83322831364535,  49.29387620578505,353128.39303113025,      0.0,353128.39303113025,   1.0
 -0.07564484522199627, 0.07596441864566013, 13.996930192560631,  56.5717634810816,  45.77765108021369, 0.02000057999999999,327.83322831364535,  49.29387620578505,328174.12725094217,      0.0,328174.12725094217,   1.0
 -0.07564484522199627, 0.07596441864566013, 13.996930192560631,  56.5717634810816,  45.77765108021369, 0.38160116554413964,328.83322831364535,  49.29387620578505, 353356.6204891959,      0.0, 353356.6204891959,   1.0
 -0.07564484522199627, 0.07596441864566013, 13.996930192560631,  56.5717634810816,  45.77765108021369, 0.38160116554413964,327.83322831364535,  50.29387620578505,353166.92703452136,      0.0,353166.92703452136,   1.0
 -0.07548003280949175, 0.07579984099400983,  13.96313610646512, 56.55455298006687,  45.79331115401371,  0.3814407286711764,327.70675373925025,  49.32641471007549, 353234.6443211668,      0.0, 353234.6443211668,   1.0
   0.2999993999999999, 0.07579984099400983,  13.96313610646512, 56.55455298006687,  45.79331115401371,  0.3814407286711764,327.70675373925025,  49.32641471007549, 253417.0713514086,      0.0, 253417.0713514086,   1.0
 -0.07548003280949175,-0.29999939999999997,  13.96313610646512, 56.55455298006687,  45.79331115401371,  0.3814407286711764,327.70675373925025,  49.32641471007549,278932.57665820967,      0.0,278932.57665820967,   1.0
 -0.07548003280949175, 0.07579984099400983,  14.96313610646512, 56.55455298006687,  45.79331115401371,  0.3814407286711764,327.70675373925025,  49.32641471007549,353290.86056707654,      0.0,353290.86056707654,   1.0
 -0.07548003280949175, 0.07579984099400983,  13.96313610646512, 57.55455298006687,  45.79331115401371,  0.3814407286711764,327.70675373925025,  49.32641471007549,353127.99140240607,      0.0,353127.99140240607,   1.0
 -0.07548003280949175, 0.07579984099400983,  13.96313610646512, 56.55455298006687,  46.79331115401371,  0.3814407286711764,327.70675373925025,  49.32641471007549,  353146.928983943,      0.0,  353146.928983943,   1.0
 -0.07548003280949175, 0.07579984099400983,  13.96313610646512, 56.55455298006687,  45.79331115401371, 0.02000057999999999,327.70675373925025,  49.32641471007549,  328158.811804091,      0.0,  328158.811804091,   1.0
 -0.07548003280949175, 0.07579984099400983,  13.96313610646512, 56.55455298006687,  45.79331115401371,  0.3814407286711764,328.70675373925025,  49.32641471007549, 353374.2309879988,      0.0, 353374.2309879988,   1.0
 -0.07548003280949175, 0.07579984099400983,  13.96313610646512, 56.55455298006687,  45.79331115401371,  0.3814407286711764,327.70675373925025,  50.32641471007549, 353176.2725107349,      0.0, 353176.2725107349,   1.0
  -0.0754546832222604, 0.07577452751504642, 13.957938281129247, 56.55190585482832,  45.79571981001729, 0.38141605208010837, 327.6873008460642, 49.331419415973265, 353259.6187588652,      0.0, 353259.6187588652,   1.0
  0.29999939999999997, 0.07577452751504642, 13.957938281129247, 56.55190585482832,  45.79571981001729, 0.38141605208010837, 327.6873008460642, 49.331419415973265,253415.78577742638,      0.0,253415.78577742638,   1.0
  -0.0754546832222604,-0.29999939999999997, 13.957938281129247, 56.55190585482832,  45.79571981001729, 0.38141605208010837, 327.6873008460642, 49.331419415973265,278954.38013614237,      0.0,278954.38013614237,   1.0
  -0.0754546832222604, 0.07577452751504642, 14.957938281129247, 56.55190585482832,  45.79571981001729, 0.38141605208010837, 327.6873008460642, 49.331419415973265, 353304.9808818851,      0.0, 353304.9808818851,   1.0
  -0.0754546832222604, 0.07577452751504642, 13.957938281129247, 57.55190585482832,  45.79571981001729, 0.38141605208010837, 327.6873008460642, 49.331419415973265, 353117.1462686528,      0.0, 353117.1462686528,   1.0
  -0.0754546832222604, 0.07577452751504642, 13.957938281129247, 56.55190585482832,  46.79571981001729, 0.38141605208010837, 327.6873008460642, 49.331419415973265, 353135.5210749437,      0.0, 353135.5210749437,   1.0
  -0.0754546832222604, 0.07577452751504642, 13.957938281129247, 56.55190585482832,  45.79571981001729, 0.02000057999999999, 327.6873008460642, 49.331419415973265,328119.71779241564,      0.0,328119.71779241564,   1.0
  -0.0754546832222604, 0.07577452751504642, 13.957938281129247, 56.55190585482832,  45.79571981001729, 0.38141605208010837, 328.6873008460642, 49.331419415973265,  353393.305645936,      0.0,  353393.305645936,   1.0
  -0.0754546832222604, 0.07577452751504642, 13.957938281129247, 56.55190585482832,  45.79571981001729, 0.38141605208010837, 327.6873008460642, 50.331419415973265, 353196.9816825732,      0.0, 353196.9816825732,   1.0
 -0.07545303123495956, 0.07577287788085688,  13.95759954814048, 56.55173334640686,  45.79587677782484, 0.38141444395076485, 327.6860331357771, 49.331745563713355, 353259.6873686185,      0.0, 353259.6873686185,   1.0
  0.29999939999999997, 0.07577287788085688,  13.95759954814048, 56.55173334640686,  45.79587677782484, 0.38141444395076485, 327.6860331357771, 49.331745563713355, 253412.7160403009,      0.0, 253412.7160403009,   1.0
 -0.07545303123495956,          -0.2999994,  13.95759954814048, 56.55173334640686,  45.79587677782484, 0.38141444395076485, 327.6860331357771, 49.331745563713355, 278954.0144133177,      0.0, 278954.0144133177,   1.0
 -0.07545303123495956, 0.07577287788085688,  14.95759954814048, 56.55173334640686,  45.79587677782484, 0.38141444395076485, 327.6860331357771, 49.331745563713355,  353305.096868113,      0.0,  353305.096868113,   1.0
 -0.07545303123495956, 0.07577287788085688,  13.95759954814048, 57.55173334640686,  45.79587677782484, 0.38141444395076485, 327.6860331357771, 49.331745563713355, 353117.1417983425,      0.0, 353117.1417983425,   1.0
 -0.07545303123495956, 0.07577287788085688,  13.95759954814048, 56.55173334640686,  46.79587677782484, 0.38141444395076485, 327.6860331357771, 49.331745563713355, 353135.3325546447,      0.0, 353135.3325546447,   1.0
 -0.07545303123495956, 0.07577287788085688,  13.95759954814048, 56.55173334640686,  45.79587677782484, 0.02000057999999999, 327.6860331357771, 49.331745563713355, 328119.6040586061,      0.0, 328119.6040586061,   1.0
 -0.07545303123495956, 0.07577287788085688,  13.95759954814048, 56.55173334640686,  45.79587677782484, 0.38141444395076485, 328.6860331357771, 49.331745563713355, 353393.5663947879,      0.0, 353393.5663947879,   1.0
 -0.07545303123495956, 0.07577287788085688,  13.95759954814048, 56.55173334640686,  45.79587677782484, 0.38141444395076485, 327.6860331357771, 50.331745563713355,  353197.233038132,      0.0,  353197.233038132,   1.0
  -0.0754527098320914, 0.07577255693579897, 13.957533645845668, 56.55169978398093,  45.79590731674213, 0.38141413108069433, 327.6857864960347,  49.33180901748146,   353259.69165777,      0.0,   353259.69165777,   1.0
  0.29999939999999997, 0.07577255693579897, 13.957533645845668, 56.55169978398093,  45.79590731674213, 0.38141413108069433, 327.6857864960347,  49.33180901748146,253412.71701306457,      0.0,253412.71701306457,   1.0
  -0.0754527098320914,-0.29999939999999997, 13.957533645845668, 56.55169978398093,  45.79590731674213, 0.38141413108069433, 327.6857864960347,  49.33180901748146, 278953.9160403956,      0.0, 278953.9160403956,   1.0
  -0.0754527098320914, 0.07577255693579897, 14.957533645845668, 56.55169978398093,  45.79590731674213, 0.38141413108069433, 327.6857864960347,  49.33180901748146, 353305.1015180021,      0.0, 353305.1015180021,   1.0
  -0.0754527098320914, 0.07577255693579897, 13.957533645845668, 57.55169978398093,  45.79590731674213, 0.38141413108069433, 327.6857864960347,  49.33180901748146,353117.14096913114,      0.0,353117.14096913114,   1.0
  -0.0754527098320914, 0.07577255693579897, 13.957533645845668, 56.55169978398093,  46.79590731674213, 0.38141413108069433, 327.6857864960347,  49.33180901748146,  353135.321625802,      0.0,  353135.321625802,   1.0
  -0.0754527098320914, 0.07577255693579897, 13.957533645845668, 56.55169978398093,  45.79590731674213, 0.02000057999999999, 327.6857864960347,  49.33180901748146,328119.57083358034,      0.0,328119.57083358034,   1.0
  -0.0754527098320914, 0.07577255693579897, 13.957533645845668, 56.55169978398093,  45.79590731674213, 0.38141413108069433, 328.6857864960347,  49.33180901748146, 353393.5709617919,      0.0, 353393.5709617919,   1.0
  -0.0754527098320914, 0.07577255693579897, 13.957533645845668, 56.55169978398093,  45.79590731674213, 0.38141413108069433, 327.6857864960347,  50.33180901748146, 353197.2416462027,      0.0, 353197.2416462027,   1.0
 -0.07545264369188476, 0.07577249088980327, 13.957520084076844, 56.55169287730396,  45.79591360122339, 0.38141406669641786,327.68573574103175, 49.331822075377794,   353259.69165777,      0.0,   353259.69165777,   1.0
  0.29999939999999997, 0.07577249088980327, 13.957520084076844, 56.55169287730396,  45.79591360122339, 0.38141406669641786,327.68573574103175, 49.331822075377794,253412.71701306457,      0.0,253412.71701306457,   1.0
 -0.07545264369188476,-0.29999939999999997, 13.957520084076844, 56.55169287730396,  45.79591360122339, 0.38141406669641786,327.68573574103175, 49.331822075377794, 278953.9160403956,      0.0, 278953.9160403956,   1.0
 -0.07545264369188476, 0.07577249088980327, 14.957520084076844, 56.55169287730396,  45.79591360122339, 0.38141406669641786,327.68573574103175, 49.331822075377794, 353305.1000072843,      0.0, 353305.1000072843,   1.0
 -0.07545264369188476, 0.07577249088980327, 13.957520084076844, 57.55169287730396,  45.79591360122339, 0.38141406669641786,327.68573574103175, 49.331822075377794,353116.90264502843,      0.0,353116.90264502843,   1.0
 -0.07545264369188476, 0.07577249088980327, 13.957520084076844, 56.55169287730396,  46.79591360122339, 0.38141406669641786,327.68573574103175, 49.331822075377794,  353135.321625802,      0.0,  353135.321625802,   1.0
 -0.07545264369188476, 0.07577249088980327, 13.957520084076844, 56.55169287730396,  45.79591360122339, 0.02000057999999999,327.68573574103175, 49.331822075377794,328119.57083358034,      0.0,328119.57083358034,   1.0
 -0.07545264369188476, 0.07577249088980327, 13.957520084076844, 56.55169287730396,  45.79591360122339, 0.38141406669641786,328.68573574103175, 49.331822075377794,353395.11850389367,      0.0,353395.11850389367,   1.0
 -0.07545264369188476, 0.07577249088980327, 13.957520084076844, 56.55169287730396,  45.79591360122339, 0.38141406669641786,327.68573574103175, 50.331822075377794,  353197.236988083,      0.0,  353197.236988083,   1.0
  -0.0754526297214741, 0.07577247693929223, 13.957517219503396,  56.5516914184468, 45.795914928657766,  0.3814140530969021,327.68572502034806, 49.331824833521196,   353259.69165777,      0.0,   353259.69165777,   1.0
  0.29999939999999997, 0.07577247693929223, 13.957517219503396,  56.5516914184468, 45.795914928657766,  0.3814140530969021,327.68572502034806, 49.331824833521196,253412.71701306457,      0.0,253412.71701306457,   1.0
  -0.0754526297214741,-0.29999939999999997, 13.957517219503396,  56.5516914184468, 45.795914928657766,  0.3814140530969021,327.68572502034806, 49.331824833521196, 278953.9160403956,      0.0, 278953.9160403956,   1.0
  -0.0754526297214741, 0.07577247693929223, 14.957517219503396,  56.5516914184468, 45.795914928657766,  0.3814140530969021,327.68572502034806, 49.331824833521196, 353305.1000072843,      0.0, 353305.1000072843,   1.0
  -0.0754526297214741, 0.07577247693929223, 13.957517219503396,  57.5516914184468, 45.795914928657766,  0.3814140530969021,327.68572502034806, 49.331824833521196,353116.90264502843,      0.0,353116.90264502843,   1.0
  -0.0754526297214741, 0.07577247693929223, 13.957517219503396,  56.5516914184468, 46.795914928657766,  0.3814140530969021,327.68572502034806, 49.331824833521196,  353135.321625802,      0.0,  353135.321625802,   1.0
  -0.0754526297214741, 0.07577247693929223, 13.957517219503396,  56.5516914184468, 45.795914928657766, 0.02000057999999999,327.68572502034806, 49.331824833521196,328119.57083358034,      0.0,328119.57083358034,   1.0
  -0.0754526297214741, 0.07577247693929223, 13.957517219503396,  56.5516914184468, 45.795914928657766,  0.3814140530969021,328.68572502034806, 49.331824833521196,353395.11850389367,      0.0,353395.11850389367,   1.0
  -0.0754526297214741, 0.07577247693929223, 13.957517219503396,  56.5516914184468, 45.795914928657766,  0.3814140530969021,327.68572502034806, 50.331824833521196,  353197.236988083,      0.0,  353197.236988083,   1.0
 -0.07545262677320977, 0.07577247399522745,   13.9575166149743, 56.55169111057493,  45.79591520879466, 0.38141405022691005, 327.6857227578942, 49.331825415589684,   353259.69165777,      0.0,   353259.69165777,   1.0
            0.2999994, 0.07577247399522745,   13.9575166149743, 56.55169111057493,  45.79591520879466, 0.38141405022691005, 327.6857227578942, 49.331825415589684,253412.71701306457,      0.0,253412.71701306457,   1.0
 -0.07545262677320977,-0.29999939999999997,   13.9575166149743, 56.55169111057493,  45.79591520879466, 0.38141405022691005, 327.6857227578942, 49.331825415589684, 278953.9160403956,      0.0, 278953.9160403956,   1.0
 -0.07545262677320977, 0.07577247399522745,   14.9575166149743, 56.55169111057493,  45.79591520879466, 0.38141405022691005, 327.6857227578942, 49.331825415589684, 353305.1000072843,      0.0, 353305.1000072843,   1.0
 -0.07545262677320977, 0.07577247399522745,   13.9575166149743, 57.55169111057493,  45.79591520879466, 0.38141405022691005, 327.6857227578942, 49.331825415589684,353116.90264502843,      0.0,353116.90264502843,   1.0
 -0.07545262677320977, 0.07577247399522745,   13.9575166149743, 56.55169111057493,  46.79591520879466, 0.38141405022691005, 327.6857227578942, 49.331825415589684,  353135.321625802,      0.0,  353135.321625802,   1.0
 -0.07545262677320977, 0.07577247399522745,   13.9575166149743, 56.55169111057493,  45.79591520879466, 0.02000057999999999, 327.6857227578942, 49.331825415589684,328119.57083358034,      0.0,328119.57083358034,   1.0
 -0.07545262677320977, 0.07577247399522745,   13.9575166149743, 56.55169111057493,  45.79591520879466, 0.38141405022691005, 328.6857227578942, 49.331825415589684,353395.11850389367,      0.0,353395.11850389367,   1.0
 -0.07545262677320977, 0.07577247399522745,   13.9575166149743, 56.55169111057493,  45.79591520879466, 0.38141405022691005, 327.6857227578942, 50.331825415589684,  353197.236988083,      0.0,  353197.236988083,   1.0
 -0.07545262615101889, 0.07577247337392282, 13.957516487396699, 56.55169104560278,  45.79591526791372,  0.3814140496212375, 327.6857222804343,  49.33182553842728,   353259.69165777,      0.0,   353259.69165777,   1.0
  0.29999939999999997, 0.07577247337392282, 13.957516487396699, 56.55169104560278,  45.79591526791372,  0.3814140496212375, 327.6857222804343,  49.33182553842728,253412.71701306457,      0.0,253412.71701306457,   1.0
 -0.07545262615101889,          -0.2999994, 13.957516487396699, 56.55169104560278,  45.79591526791372,  0.3814140496212375, 327.6857222804343,  49.33182553842728, 278953.9160403956,      0.0, 278953.9160403956,   1.0
 -0.07545262615101889, 0.07577247337392282, 14.957516487396699, 56.55169104560278,  45.79591526791372,  0.3814140496212375, 327.6857222804343,  49.33182553842728, 353305.1000072843,      0.0, 353305.1000072843,   1.0
 -0.07545262615101889, 0.07577247337392282, 13.957516487396699, 57.55169104560278,  45.79591526791372,  0.3814140496212375, 327.6857222804343,  49.33182553842728,353116.90264502843,      0.0,353116.90264502843,   1.0
 -0.07545262615101889, 0.07577247337392282, 13.957516487396699, 56.55169104560278,  46.79591526791372,  0.3814140496212375, 327.6857222804343,  49.33182553842728,  353135.321625802,      0.0,  353135.321625802,   1.0
 -0.07545262615101889, 0.07577247337392282, 13.957516487396699, 56.55169104560278,  45.79591526791372, 0.02000057999999999, 327.6857222804343,  49.33182553842728,328119.57083358034,      0.0,328119.57083358034,   1.0
 -0.07545262615101889, 0.07577247337392282, 13.957516487396699, 56.55169104560278,  45.79591526791372,  0.3814140496212375, 328.6857222804343,  49.33182553842728,353395.11850389367,      0.0,353395.11850389367,   1.0
 -0.07545262615101889, 0.07577247337392282, 13.957516487396699, 56.55169104560278,  45.79591526791372,  0.3814140496212375, 327.6857222804343,  50.33182553842728,  353197.236988083,      0.0,  353197.236988083,   1.0
 -0.07545262601971399, 0.07577247324280495, 13.957516460473189,56.551691031891295,  45.79591528038999, 0.38141404949341856,327.68572217967284, 49.331825564350474,   353259.69165777,      0.0,   353259.69165777,   1.0
  0.29999939999999997, 0.07577247324280495, 13.957516460473189,56.551691031891295,  45.79591528038999, 0.38141404949341856,327.68572217967284, 49.331825564350474,253412.71701306457,      0.0,253412.71701306457,   1.0
 -0.07545262601971399,-0.29999939999999997, 13.957516460473189,56.551691031891295,  45.79591528038999, 0.38141404949341856,327.68572217967284, 49.331825564350474, 278953.9160403956,      0.0, 278953.9160403956,   1.0
 -0.07545262601971399, 0.07577247324280495, 14.957516460473189,56.551691031891295,  45.79591528038999, 0.38141404949341856,327.68572217967284, 49.331825564350474, 353305.1000072843,      0.0, 353305.1000072843,   1.0
 -0.07545262601971399, 0.07577247324280495, 13.957516460473189,57.551691031891295,  45.79591528038999, 0.38141404949341856,327.68572217967284, 49.331825564350474,353116.90264502843,      0.0,353116.90264502843,   1.0
 -0.07545262601971399, 0.07577247324280495, 13.957516460473189,56.551691031891295,  46.79591528038999, 0.38141404949341856,327.68572217967284, 49.331825564350474,  353135.321625802,      0.0,  353135.321625802,   1.0
 -0.07545262601971399, 0.07577247324280495, 13.957516460473189,56.551691031891295,  45.79591528038999, 0.02000057999999999,327.68572217967284, 49.331825564350474,328119.57083358034,      0.0,328119.57083358034,   1.0
 -0.07545262601971399, 0.07577247324280495, 13.957516460473189,56.551691031891295,  45.79591528038999, 0.38141404949341856,328.68572217967284, 49.331825564350474,353395.11850389367,      0.0,353395.11850389367,   1.0
 -0.07545262601971399, 0.07577247324280495, 13.957516460473189,56.551691031891295,  45.79591528038999, 0.38141404949341856,327.68572217967284, 50.331825564350474,  353197.236988083,      0.0,  353197.236988083,   1.0
  -0.0754526259920039, 0.07577247321513433, 13.957516454791353, 56.55169102899767, 45.795915283022936, 0.38141404946644414,327.68572215840857,  49.33182556982121,   353259.69165777,      0.0,   353259.69165777,   1.0
  0.29999939999999997, 0.07577247321513433, 13.957516454791353, 56.55169102899767, 45.795915283022936, 0.38141404946644414,327.68572215840857,  49.33182556982121,253412.71701306457,      0.0,253412.71701306457,   1.0
  -0.0754526259920039, -0.2999993999999999, 13.957516454791353, 56.55169102899767, 45.795915283022936, 0.38141404946644414,327.68572215840857,  49.33182556982121, 278953.9160403956,      0.0, 278953.9160403956,   1.0
  -0.0754526259920039, 0.07577247321513433, 14.957516454791353, 56.55169102899767, 45.795915283022936, 0.38141404946644414,327.68572215840857,  49.33182556982121, 353305.1000072843,      0.0, 353305.1000072843,   1.0
  -0.0754526259920039, 0.07577247321513433, 13.957516454791353, 57.55169102899767, 45.795915283022936, 0.38141404946644414,327.68572215840857,  49.33182556982121,353116.90264502843,      0.0,353116.90264502843,   1.0
  -0.0754526259920039, 0.07577247321513433, 13.957516454791353, 56.55169102899767, 46.795915283022936, 0.38141404946644414,327.68572215840857,  49.33182556982121,  353135.321625802,      0.0,  353135.321625802,   1.0
  -0.0754526259920039, 0.07577247321513433, 13.957516454791353, 56.55169102899767, 45.795915283022936, 0.02000057999999999,327.68572215840857,  49.33182556982121,328119.57083358034,      0.0,328119.57083358034,   1.0
  -0.0754526259920039, 0.07577247321513433, 13.957516454791353, 56.55169102899767, 45.795915283022936, 0.38141404946644414,328.68572215840857,  49.33182556982121,353395.11850389367,      0.0,353395.11850389367,   1.0
  -0.0754526259920039, 0.07577247321513433, 13.957516454791353, 56.55169102899767, 45.795915283022936, 0.38141404946644414,327.68572215840857,  50.33182556982121,  353197.236988083,      0.0,  353197.236988083,   1.0
 -0.07545262598615607, 0.07577247320929482, 13.957516453592278, 56.55169102838702,  45.79591528357858,  0.3814140494607515,  327.685722153921,  49.33182557097573,   353259.69165777,      0.0,   353259.69165777,   1.0
   0.2999993999999999, 0.07577247320929482, 13.957516453592278, 56.55169102838702,  45.79591528357858,  0.3814140494607515,  327.685722153921,  49.33182557097573,253412.71701306457,      0.0,253412.71701306457,   1.0
 -0.07545262598615607,-0.29999939999999997, 13.957516453592278, 56.55169102838702,  45.79591528357858,  0.3814140494607515,  327.685722153921,  49.33182557097573, 278953.9160403956,      0.0, 278953.9160403956,   1.0
 -0.07545262598615607, 0.07577247320929482, 14.957516453592278, 56.55169102838702,  45.79591528357858,  0.3814140494607515,  327.685722153921,  49.33182557097573, 353305.1000072843,      0.0, 353305.1000072843,   1.0
 -0.07545262598615607, 0.07577247320929482, 13.957516453592278, 57.55169102838702,  45.79591528357858,  0.3814140494607515,  327.685722153921,  49.33182557097573,353116.90264502843,      0.0,353116.90264502843,   1.0
 -0.07545262598615607, 0.07577247320929482, 13.957516453592278, 56.55169102838702,  46.79591528357858,  0.3814140494607515,  327.685722153921,  49.33182557097573,  353135.321625802,      0.0,  353135.321625802,   1.0
 -0.07545262598615607, 0.07577247320929482, 13.957516453592278, 56.55169102838702,  45.79591528357858, 0.02000057999999999,  327.685722153921,  49.33182557097573,328119.57083358034,      0.0,328119.57083358034,   1.0
 -0.07545262598615607, 0.07577247320929482, 13.957516453592278, 56.55169102838702,  45.79591528357858,  0.3814140494607515,  328.685722153921,  49.33182557097573,353395.11850389367,      0.0,353395.11850389367,   1.0
 -0.07545262598615607, 0.07577247320929482, 13.957516453592278, 56.55169102838702,  45.79591528357858,  0.3814140494607515,  327.685722153921,  50.33182557097573,  353197.236988083,      0.0,  353197.236988083,   1.0
 -0.07545262598492194, 0.07577247320806246, 13.957516453339226, 56.55169102825814,  45.79591528369585,  0.3814140494595502,327.68572215297394,  49.33182557121938,   353259.69165777,      0.0,   353259.69165777,   1.0
   0.2999993999999999, 0.07577247320806246, 13.957516453339226, 56.55169102825814,  45.79591528369585,  0.3814140494595502,327.68572215297394,  49.33182557121938,253412.71701306457,      0.0,253412.71701306457,   1.0
 -0.07545262598492194,-0.29999939999999997, 13.957516453339226, 56.55169102825814,  45.79591528369585,  0.3814140494595502,327.68572215297394,  49.33182557121938, 278953.9160403956,      0.0, 278953.9160403956,   1.0
 -0.07545262598492194, 0.07577247320806246, 14.957516453339226, 56.55169102825814,  45.79591528369585,  0.3814140494595502,327.68572215297394,  49.33182557121938, 353305.1000072843,      0.0, 353305.1000072843,   1.0
 -0.07545262598492194, 0.07577247320806246, 13.957516453339226, 57.55169102825814,  45.79591528369585,  0.3814140494595502,327.68572215297394,  49.33182557121938,353116.90264502843,      0.0,353116.90264502843,   1.0
 -0.07545262598492194, 0.07577247320806246, 13.957516453339226, 56.55169102825814,  46.79591528369585,  0.3814140494595502,327.68572215297394,  49.33182557121938,  353135.321625802,      0.0,  353135.321625802,   1.0
 -0.07545262598492194, 0.07577247320806246, 13.957516453339226, 56.55169102825814,  45.79591528369585, 0.02000057999999999,327.68572215297394,  49.33182557121938,328119.57083358034,      0.0,328119.57083358034,   1.0
 -0.07545262598492194, 0.07577247320806246, 13.957516453339226, 56.55169102825814,  45.79591528369585,  0.3814140494595502,328.68572215297394,  49.33182557121938,353395.11850389367,      0.0,353395.11850389367,   1.0
 -0.07545262598492194, 0.07577247320806246, 13.957516453339226, 56.55169102825814,  45.79591528369585,  0.3814140494595502,327.68572215297394,  50.33182557121938,  353197.236988083,      0.0,  353197.236988083,   1.0
  -0.0754526259846615,  0.0757724732078024, 13.957516453285823, 56.55169102823095, 45.795915283720596, 0.38141404945929663, 327.6857221527741, 49.331825571270805,   353259.69165777,      0.0,   353259.69165777,   1.0
  0.29999939999999997,  0.0757724732078024, 13.957516453285823, 56.55169102823095, 45.795915283720596, 0.38141404945929663, 327.6857221527741, 49.331825571270805,253412.71701306457,      0.0,253412.71701306457,   1.0
  -0.0754526259846615,-0.29999939999999997, 13.957516453285823, 56.55169102823095, 45.795915283720596, 0.38141404945929663, 327.6857221527741, 49.331825571270805, 278953.9160403956,      0.0, 278953.9160403956,   1.0
  -0.0754526259846615,  0.0757724732078024, 14.957516453285823, 56.55169102823095, 45.795915283720596, 0.38141404945929663, 327.6857221527741, 49.331825571270805, 353305.1000072843,      0.0, 353305.1000072843,   1.0
  -0.0754526259846615,  0.0757724732078024, 13.957516453285823, 57.55169102823095, 45.795915283720596, 0.38141404945929663, 327.6857221527741, 49.331825571270805,353116.90264502843,      0.0,353116.90264502843,   1.0
  -0.0754526259846615,  0.0757724732078024, 13.957516453285823, 56.55169102823095, 46.795915283720596, 0.38141404945929663, 327.6857221527741, 49.331825571270805,  353135.321625802,      0.0,  353135.321625802,   1.0
  -0.0754526259846615,  0.0757724732078024, 13.957516453285823, 56.55169102823095, 45.795915283720596, 0.02000057999999999, 327.6857221527741, 49.331825571270805,328119.57083358034,      0.0,328119.57083358034,   1.0
  -0.0754526259846615,  0.0757724732078024, 13.957516453285823, 56.55169102823095, 45.795915283720596, 0.38141404945929663, 328.6857221527741, 49.331825571270805,353395.11850389367,      0.0,353395.11850389367,   1.0
  -0.0754526259846615,  0.0757724732078024, 13.957516453285823, 56.55169102823095, 45.795915283720596, 0.38141404945929663, 327.6857221527741, 50.331825571270805,  353197.236988083,      0.0,  353197.236988083,   1.0
 -0.07545262598460654,  0.0757724732077475, 13.957516453274554, 56.55169102822521,  45.79591528372582,  0.3814140494592432, 327.6857221527319, 49.331825571281655,   353259.69165777,      0.0,   353259.69165777,   1.0
  0.29999939999999997,  0.0757724732077475, 13.957516453274554, 56.55169102822521,  45.79591528372582,  0.3814140494592432, 327.6857221527319, 49.331825571281655,253412.71701306457,      0.0,253412.71701306457,   1.0
 -0.07545262598460654,-0.29999939999999997, 13.957516453274554, 56.55169102822521,  45.79591528372582,  0.3814140494592432, 327.6857221527319, 49.331825571281655, 278953.9160403956,      0.0, 278953.9160403956,   1.0
 -0.07545262598460654,  0.0757724732077475, 14.957516453274554, 56.55169102822521,  45.79591528372582,  0.3814140494592432, 327.6857221527319, 49.331825571281655, 353305.1000072843,      0.0, 353305.1000072843,   1.0
 -0.07545262598460654,  0.0757724732077475, 13.957516453274554, 57.55169102822521,  45.79591528372582,  0.3814140494592432, 327.6857221527319, 49.331825571281655,353116.90264502843,      0.0,353116.90264502843,   1.0
 -0.07545262598460654,  0.0757724732077475, 13.957516453274554, 56.55169102822521,  46.79591528372582,  0.3814140494592432, 327.6857221527319, 49.331825571281655,  353135.321625802,      0.0,  353135.321625802,   1.0
 -0.07545262598460654,  0.0757724732077475, 13.957516453274554, 56.55169102822521,  45.79591528372582, 0.02000057999999999, 327.6857221527319, 49.331825571281655,328119.57083358034,      0.0,328119.57083358034,   1.0
 -0.07545262598460654,  0.0757724732077475, 13.957516453274554, 56.55169102822521,  45.79591528372582,  0.3814140494592432, 328.6857221527319, 49.331825571281655,353395.11850389367,      0.0,353395.11850389367,   1.0
 -0.07545262598460654,  0.0757724732077475, 13.957516453274554, 56.55169102822521,  45.79591528372582,  0.3814140494592432, 327.6857221527319, 50.331825571281655,  353197.236988083,      0.0,  353197.236988083,   1.0
 -0.07545262598464282, 0.07577247320778373, 13.957516453281992,56.551691028228994, 45.795915283722366,  0.3814140494592785,327.68572215275975,  49.33182557127449,   353259.69165777,      0.0,   353259.69165777,   1.0
  0.29999939999999997, 0.07577247320778373, 13.957516453281992,56.551691028228994, 45.795915283722366,  0.3814140494592785,327.68572215275975,  49.33182557127449,253412.71701306457,      0.0,253412.71701306457,   1.0
 -0.07545262598464282,-0.29999939999999997, 13.957516453281992,56.551691028228994, 45.795915283722366,  0.3814140494592785,327.68572215275975,  49.33182557127449, 278953.9160403956,      0.0, 278953.9160403956,   1.0
 -0.07545262598464282, 0.07577247320778373, 14.957516453281992,56.551691028228994, 45.795915283722366,  0.3814140494592785,327.68572215275975,  49.33182557127449, 353305.1000072843,      0.0, 353305.1000072843,   1.0
 -0.07545262598464282, 0.07577247320778373, 13.957516453281992,57.551691028228994, 45.795915283722366,  0.3814140494592785,327.68572215275975,  49.33182557127449,353116.90264502843,      0.0,353116.90264502843,   1.0
 -0.07545262598464282, 0.07577247320778373, 13.957516453281992,56.551691028228994, 46.795915283722366,  0.3814140494592785,327.68572215275975,  49.33182557127449,  353135.321625802,      0.0,  353135.321625802,   1.0
 -0.07545262598464282, 0.07577247320778373, 13.957516453281992,56.551691028228994, 45.795915283722366, 0.02000057999999999,327.68572215275975,  49.33182557127449,328119.57083358034,      0.0,328119.57083358034,   1.0
 -0.07545262598464282, 0.07577247320778373, 13.957516453281992,56.551691028228994, 45.795915283722366,  0.3814140494592785,328.68572215275975,  49.33182557127449,353395.11850389367,      0.0,353395.11850389367,   1.0
 -0.07545262598464282, 0.07577247320778373, 13.957516453281992,56.551691028228994, 45.795915283722366,  0.3814140494592785,327.68572215275975,  50.33182557127449,  353197.236988083,      0.0,  353197.236988083,   1.0
 -0.29999939999999997, 0.29999939999999997,           59.99988,          20.00006,          -89.99974,          0.59999942,         499.99955,           5.000115,119170.73276482767,      0.0,119170.73276482767,   1.0
  0.29999939999999997, 0.29999939999999997,           59.99988,          20.00006,          -89.99974,          0.59999942,         499.99955,           5.000115,108942.34521264711,      0.0,108942.34521264711,   1.0
 -0.29999939999999997,-0.29999939999999997,           59.99988,          20.00006,          -89.99974,          0.59999942,         499.99955,           5.000115,122803.73671757441,      0.0,122803.73671757441,   1.0
 -0.29999939999999997, 0.29999939999999997,           58.99988,          20.00006,          -89.99974,          0.59999942,         499.99955,           5.000115,119138.87029899668,      0.0,119138.87029899668,   1.0
 -0.29999939999999997, 0.29999939999999997,           59.99988,          21.00006,          -89.99974,          0.59999942,         499.99955,           5.000115,121703.77430787566,      0.0,121703.77430787566,   1.0
 -0.29999939999999997, 0.29999939999999997,           59.99988,          20.00006,          -88.99974,          0.59999942,         499.99955,           5.000115,120075.52462984237,      0.0,120075.52462984237,   1.0
 -0.29999939999999997, 0.29999939999999997,           59.99988,          20.00006,          -89.99974,0.020000580000000046,         499.99955,           5.000115,132427.02938787022,      0.0,132427.02938787022,   1.0
 -0.29999939999999997, 0.29999939999999997,           59.99988,          20.00006,          -89.99974,          0.59999942,         498.99955,           5.000115,119104.99908872321,      0.0,119104.99908872321,   1.0
 -0.29999939999999997, 0.29999939999999997,           59.99988,          20.00006,          -89.99974,          0.59999942,         499.99955,           6.000115,120542.29698708782,      0.0,120542.29698708782,   1.0
 -0.10231527170613432, 0.10259685544195543, 19.465588014581787, 52.17900066488612, 29.550611407033973,  0.4075635294261328, 348.2997137394655,  44.02840030263803, 343477.1088406624,      0.0, 343477.1088406624,   1.0
  0.29999939999999997, 0.10259685544195543, 19.465588014581787, 52.17900066488612, 29.550611407033973,  0.4075635294261328, 348.2997137394655,  44.02840030263803, 262230.8818262345,      0.0, 262230.8818262345,   1.0
 -0.10231527170613432,          -0.2999994, 19.465588014581787, 52.17900066488612, 29.550611407033973,  0.4075635294261328, 348.2997137394655,  44.02840030263803,250444.88775958362,      0.0,250444.88775958362,   1.0
 -0.10231527170613432, 0.10259685544195543, 20.465588014581787, 52.17900066488612, 29.550611407033973,  0.4075635294261328, 348.2997137394655,  44.02840030263803,343980.34542799124,      0.0,343980.34542799124,   1.0
 -0.10231527170613432, 0.10259685544195543, 19.465588014581787, 53.17900066488612, 29.550611407033973,  0.4075635294261328, 348.2997137394655,  44.02840030263803, 343553.9183621369,      0.0, 343553.9183621369,   1.0
 -0.10231527170613432, 0.10259685544195543, 19.465588014581787, 52.17900066488612, 30.550611407033973,  0.4075635294261328, 348.2997137394655,  44.02840030263803, 344319.4298983028,      0.0, 344319.4298983028,   1.0
 -0.10231527170613432, 0.10259685544195543, 19.465588014581787, 52.17900066488612, 29.550611407033973, 0.02000057999999999, 348.2997137394655,  44.02840030263803, 307971.5934051309,      0.0, 307971.5934051309,   1.0
 -0.10231527170613432, 0.10259685544195543, 19.465588014581787, 52.17900066488612, 29.550611407033973,  0.4075635294261328, 349.2997137394655,  44.02840030263803, 343595.3349853304,      0.0, 343595.3349853304,   1.0
 -0.10231527170613432, 0.10259685544195543, 19.465588014581787, 52.17900066488612, 29.550611407033973,  0.4075635294261328, 348.2997137394655,  45.02840030263803, 343743.0975240633,      0.0, 343743.0975240633,   1.0
 -0.07976291497479045, 0.08007662256858028, 14.841322927661446,  55.8500639686252,  43.18924894237025,  0.3856099062921385, 330.9933733015104,  48.48085594667099, 352451.2186730988,      0.0, 352451.2186730988,   1.0
  0.29999939999999997, 0.08007662256858028, 14.841322927661446,  55.8500639686252,  43.18924894237025,  0.3856099062921385, 330.9933733015104,  48.48085594667099,254248.35867074406,      0.0,254248.35867074406,   1.0
 -0.07976291497479045,-0.29999939999999997, 14.841322927661446,  55.8500639686252,  43.18924894237025,  0.3856099062921385, 330.9933733015104,  48.48085594667099, 273633.9133475163,      0.0, 273633.9133475163,   1.0
 -0.07976291497479045, 0.08007662256858028, 15.841322927661446,  55.8500639686252,  43.18924894237025,  0.3856099062921385, 330.9933733015104,  48.48085594667099,352680.80982173444,      0.0,352680.80982173444,   1.0
 -0.07976291497479045, 0.08007662256858028, 14.841322927661446,  56.8500639686252,  43.18924894237025,  0.3856099062921385, 330.9933733015104,  48.48085594667099,352500.90387937863,      0.0,352500.90387937863,   1.0
 -0.07976291497479045, 0.08007662256858028, 14.841322927661446,  55.8500639686252,  44.18924894237025,  0.3856099062921385, 330.9933733015104,  48.48085594667099, 352593.2640947235,      0.0, 352593.2640947235,   1.0
 -0.07976291497479045, 0.08007662256858028, 14.841322927661446,  55.8500639686252,  43.18924894237025, 0.02000057999999999, 330.9933733015104,  48.48085594667099, 328508.0572350602,      0.0, 328508.0572350602,   1.0
 -0.07976291497479045, 0.08007662256858028, 14.841322927661446,  55.8500639686252,  43.18924894237025,  0.3856099062921385, 331.9933733015104,  48.48085594667099,352595.63801846607,      0.0,352595.63801846607,   1.0
 -0.07976291497479045, 0.08007662256858028, 14.841322927661446,  55.8500639686252,  43.18924894237025,  0.3856099062921385, 330.9933733015104,  49.48085594667099, 352417.6123181501,      0.0, 352417.6123181501,   1.0
 -0.07618098468412297, 0.07649979442405577, 14.106863315114825,56.433129100277064, 45.355437136944104,  0.3821230712517783,328.24465369877555, 49.188027526528515, 353138.3984362435,      0.0, 353138.3984362435,   1.0
  0.29999939999999997, 0.07649979442405577, 14.106863315114825,56.433129100277064, 45.355437136944104,  0.3821230712517783,328.24465369877555, 49.188027526528515,253698.92917388218,      0.0,253698.92917388218,   1.0
 -0.07618098468412297,          -0.2999994, 14.106863315114825,56.433129100277064, 45.355437136944104,  0.3821230712517783,328.24465369877555, 49.188027526528515,278205.59693582566,      0.0,278205.59693582566,   1.0
 -0.07618098468412297, 0.07649979442405577, 15.106863315114825,56.433129100277064, 45.355437136944104,  0.3821230712517783,328.24465369877555, 49.188027526528515,353254.03143142245,      0.0,353254.03143142245,   1.0
 -0.07618098468412297, 0.07649979442405577, 14.106863315114825,57.433129100277064, 45.355437136944104,  0.3821230712517783,328.24465369877555, 49.188027526528515,353085.99149793206,      0.0,353085.99149793206,   1.0
 -0.07618098468412297, 0.07649979442405577, 14.106863315114825,56.433129100277064, 46.355437136944104,  0.3821230712517783,328.24465369877555, 49.188027526528515,353219.57262653497,      0.0,353219.57262653497,   1.0
 -0.07618098468412297, 0.07649979442405577, 14.106863315114825,56.433129100277064, 45.355437136944104, 0.02000057999999999,328.24465369877555, 49.188027526528515, 328300.9698590319,      0.0, 328300.9698590319,   1.0
 -0.07618098468412297, 0.07649979442405577, 14.106863315114825,56.433129100277064, 45.355437136944104,  0.3821230712517783,329.24465369877555, 49.188027526528515, 353307.7025692237,      0.0, 353307.7025692237,   1.0
 -0.07618098468412297, 0.07649979442405577, 14.106863315114825,56.433129100277064, 45.355437136944104,  0.3821230712517783,328.24465369877555, 50.188027526528515,353111.38197678997,      0.0,353111.38197678997,   1.0
 -0.07557684303070827, 0.07589651331754081,  13.98298663168346, 56.53147102881833,  45.72079447538449,  0.3815349687161271, 327.7810444515782,  49.30730170911553, 353200.2860645249,      0.0, 353200.2860645249,   1.0
  0.29999939999999997, 0.07589651331754081,  13.98298663168346, 56.53147102881833,  45.72079447538449,  0.3815349687161271, 327.7810444515782,  49.30730170911553,253479.25026381848,      0.0,253479.25026381848,   1.0
 -0.07557684303070827,-0.29999939999999997,  13.98298663168346, 56.53147102881833,  45.72079447538449,  0.3815349687161271, 327.7810444515782,  49.30730170911553,   278924.56252919,      0.0,   278924.56252919,   1.0
 -0.07557684303070827, 0.07589651331754081,  14.98298663168346, 56.53147102881833,  45.72079447538449,  0.3815349687161271, 327.7810444515782,  49.30730170911553, 353273.2075903494,      0.0, 353273.2075903494,   1.0
 -0.07557684303070827, 0.07589651331754081,  13.98298663168346, 57.53147102881833,  45.72079447538449,  0.3815349687161271, 327.7810444515782,  49.30730170911553,353084.53869600967,      0.0,353084.53869600967,   1.0
 -0.07557684303070827, 0.07589651331754081,  13.98298663168346, 56.53147102881833,  46.72079447538449,  0.3815349687161271, 327.7810444515782,  49.30730170911553, 353148.1421631349,      0.0, 353148.1421631349,   1.0
 -0.07557684303070827, 0.07589651331754081,  13.98298663168346, 56.53147102881833,  45.72079447538449, 0.02000057999999999, 327.7810444515782,  49.30730170911553,328171.50004810386,      0.0,328171.50004810386,   1.0
 -0.07557684303070827, 0.07589651331754081,  13.98298663168346, 56.53147102881833,  45.72079447538449,  0.3815349687161271, 328.7810444515782,  49.30730170911553, 353342.5345966896,      0.0, 353342.5345966896,   1.0
 -0.07557684303070827, 0.07589651331754081,  13.98298663168346, 56.53147102881833,  45.72079447538449,  0.3815349687161271, 327.7810444515782,  50.30730170911553, 353145.4722515666,      0.0, 353145.4722515666,   1.0
 -0.07546712065330081, 0.07578694723005507, 13.960488523607951, 56.54933159204451,  45.78714956868149, 0.38142815931471225,327.69684514417565,  49.32896392492668,353235.29714876605,      0.0,353235.29714876605,   1.0
  0.29999939999999997, 0.07578694723005507, 13.960488523607951, 56.54933159204451,  45.78714956868149, 0.38142815931471225,327.69684514417565,  49.32896392492668, 253447.4725450647,      0.0, 253447.4725450647,   1.0
 -0.07546712065330081,-0.29999939999999997, 13.960488523607951, 56.54933159204451,  45.78714956868149, 0.38142815931471225,327.69684514417565,  49.32896392492668,278945.03376438306,      0.0,278945.03376438306,   1.0
 -0.07546712065330081, 0.07578694723005507, 14.960488523607951, 56.54933159204451,  45.78714956868149, 0.38142815931471225,327.69684514417565,  49.32896392492668,353286.58626517723,      0.0,353286.58626517723,   1.0
 -0.07546712065330081, 0.07578694723005507, 13.960488523607951, 57.54933159204451,  45.78714956868149, 0.38142815931471225,327.69684514417565,  49.32896392492668,353124.64961439435,      0.0,353124.64961439435,   1.0
 -0.07546712065330081, 0.07578694723005507, 13.960488523607951, 56.54933159204451,  46.78714956868149, 0.38142815931471225,327.69684514417565,  49.32896392492668,353149.57758374274,      0.0,353149.57758374274,   1.0
 -0.07546712065330081, 0.07578694723005507, 13.960488523607951, 56.54933159204451,  45.78714956868149, 0.02000057999999999,327.69684514417565,  49.32896392492668, 328170.6331655366,      0.0, 328170.6331655366,   1.0
 -0.07546712065330081, 0.07578694723005507, 13.960488523607951, 56.54933159204451,  45.78714956868149, 0.38142815931471225,328.69684514417565,  49.32896392492668, 353371.4954310409,      0.0, 353371.4954310409,   1.0
 -0.07546712065330081, 0.07578694723005507, 13.960488523607951, 56.54933159204451,  45.78714956868149, 0.38142815931471225,327.69684514417565,  50.32896392492668, 353174.0830504097,      0.0, 353174.0830504097,   1.0
 -0.07545342048294301, 0.07577326657439065, 13.957679361788406, 56.55156170011058,  45.79543480733341,  0.3814148228647576, 327.6863318388438, 49.331668715453034, 353259.3664106509,      0.0, 353259.3664106509,   1.0
  0.29999939999999997, 0.07577326657439065, 13.957679361788406, 56.55156170011058,  45.79543480733341,  0.3814148228647576, 327.6863318388438, 49.331668715453034,253415.23770782433,      0.0,253415.23770782433,   1.0
 -0.07545342048294301,-0.29999939999999997, 13.957679361788406, 56.55156170011058,  45.79543480733341,  0.3814148228647576, 327.6863318388438, 49.331668715453034, 278954.0168370808,      0.0, 278954.0168370808,   1.0
 -0.07545342048294301, 0.07577326657439065, 14.957679361788406, 56.55156170011058,  45.79543480733341,  0.3814148228647576, 327.6863318388438, 49.331668715453034,353304.80681868014,      0.0,353304.80681868014,   1.0
 -0.07545342048294301, 0.07577326657439065, 13.957679361788406, 57.55156170011058,  45.79543480733341,  0.3814148228647576, 327.6863318388438, 49.331668715453034,353117.12310144847,      0.0,353117.12310144847,   1.0
 -0.07545342048294301, 0.07577326657439065, 13.957679361788406, 56.55156170011058,  46.79543480733341,  0.3814148228647576, 327.6863318388438, 49.331668715453034, 353135.3661946324,      0.0, 353135.3661946324,   1.0
 -0.07545342048294301, 0.07577326657439065, 13.957679361788406, 56.55156170011058,  45.79543480733341, 0.02000057999999999, 327.6863318388438, 49.331668715453034, 328119.4319764255,      0.0, 328119.4319764255,   1.0
 -0.07545342048294301, 0.07577326657439065, 13.957679361788406, 56.55156170011058,  45.79543480733341,  0.3814148228647576, 328.6863318388438, 49.331668715453034, 353394.7956698492,      0.0, 353394.7956698492,   1.0
 -0.07545342048294301, 0.07577326657439065, 13.957679361788406, 56.55156170011058,  45.79543480733341,  0.3814148228647576, 327.6863318388438, 50.331668715453034, 353196.9316911004,      0.0, 353196.9316911004,   1.0
 -0.07545272393388398, 0.07577257101750479,  13.95753653735842,  56.5516750840784, 45.795856048459335,   0.381414144808104, 327.6857973175389,  49.33180623339966, 353259.6873686185,      0.0, 353259.6873686185,   1.0
  0.29999939999999997, 0.07577257101750479,  13.95753653735842,  56.5516750840784, 45.795856048459335,   0.381414144808104, 327.6857973175389,  49.33180623339966,253412.71701306457,      0.0,253412.71701306457,   1.0
 -0.07545272393388398,-0.29999939999999997,  13.95753653735842,  56.5516750840784, 45.795856048459335,   0.381414144808104, 327.6857973175389,  49.33180623339966, 278954.0144133177,      0.0, 278954.0144133177,   1.0
 -0.07545272393388398, 0.07577257101750479,  14.95753653735842,  56.5516750840784, 45.795856048459335,   0.381414144808104, 327.6857973175389,  49.33180623339966, 353305.0953573687,      0.0, 353305.0953573687,   1.0
 -0.07545272393388398, 0.07577257101750479,  13.95753653735842,  57.5516750840784, 45.795856048459335,   0.381414144808104, 327.6857973175389,  49.33180623339966,353117.14096913114,      0.0,353117.14096913114,   1.0
 -0.07545272393388398, 0.07577257101750479,  13.95753653735842,  56.5516750840784, 46.795856048459335,   0.381414144808104, 327.6857973175389,  49.33180623339966, 353135.3325546447,      0.0, 353135.3325546447,   1.0
 -0.07545272393388398, 0.07577257101750479,  13.95753653735842,  56.5516750840784, 45.795856048459335, 0.02000057999999999, 327.6857973175389,  49.33180623339966,328119.59721040144,      0.0,328119.59721040144,   1.0
 -0.07545272393388398, 0.07577257101750479,  13.95753653735842,  56.5516750840784, 45.795856048459335,   0.381414144808104, 328.6857973175389,  49.33180623339966, 353395.1139374738,      0.0, 353395.1139374738,   1.0
 -0.07545272393388398, 0.07577257101750479,  13.95753653735842,  56.5516750840784, 45.795856048459335,   0.381414144808104, 327.6857973175389,  50.33180623339966, 353197.2324078219,      0.0, 353197.2324078219,   1.0
 -0.07545264517466559, 0.07577249237047198,  13.95752038811476, 56.55168790447141,   45.7959036784452,  0.3814140681398329, 327.6857368788955,  49.33182178263607,   353259.69165777,      0.0,   353259.69165777,   1.0
  0.29999939999999997, 0.07577249237047198,  13.95752038811476, 56.55168790447141,   45.7959036784452,  0.3814140681398329, 327.6857368788955,  49.33182178263607,253412.71701306457,      0.0,253412.71701306457,   1.0
 -0.07545264517466559, -0.2999993999999999,  13.95752038811476, 56.55168790447141,   45.7959036784452,  0.3814140681398329, 327.6857368788955,  49.33182178263607, 278953.9160403956,      0.0, 278953.9160403956,   1.0
 -0.07545264517466559, 0.07577249237047198,  14.95752038811476, 56.55168790447141,   45.7959036784452,  0.3814140681398329, 327.6857368788955,  49.33182178263607, 353305.1000072843,      0.0, 353305.1000072843,   1.0
 -0.07545264517466559, 0.07577249237047198,  13.95752038811476, 57.55168790447141,   45.7959036784452,  0.3814140681398329, 327.6857368788955,  49.33182178263607,353116.90264502843,      0.0,353116.90264502843,   1.0
 -0.07545264517466559, 0.07577249237047198,  13.95752038811476, 56.55168790447141,   46.7959036784452,  0.3814140681398329, 327.6857368788955,  49.33182178263607,  353135.321625802,      0.0,  353135.321625802,   1.0
 -0.07545264517466559, 0.07577249237047198,  13.95752038811476, 56.55168790447141,   45.7959036784452, 0.02000057999999999, 327.6857368788955,  49.33182178263607,328119.57083358034,      0.0,328119.57083358034,   1.0
 -0.07545264517466559, 0.07577249237047198,  13.95752038811476, 56.55168790447141,   45.7959036784452,  0.3814140681398329, 328.6857368788955,  49.33182178263607,353395.11850389367,      0.0,353395.11850389367,   1.0
 -0.07545264517466559, 0.07577249237047198,  13.95752038811476, 56.55168790447141,   45.7959036784452,  0.3814140681398329, 327.6857368788955,  50.33182178263607,  353197.236988083,      0.0,  353197.236988083,   1.0
 -0.07545263003439472, 0.07577247725176713, 13.957517283666443,56.551690368998436,    45.795912834591, 0.38141405340151513,327.68572526047865, 49.331824771742056,   353259.69165777,      0.0,   353259.69165777,   1.0
  0.29999939999999997, 0.07577247725176713, 13.957517283666443,56.551690368998436,    45.795912834591, 0.38141405340151513,327.68572526047865, 49.331824771742056,253412.71701306457,      0.0,253412.71701306457,   1.0
 -0.07545263003439472,-0.29999939999999997, 13.957517283666443,56.551690368998436,    45.795912834591, 0.38141405340151513,327.68572526047865, 49.331824771742056, 278953.9160403956,      0.0, 278953.9160403956,   1.0
 -0.07545263003439472, 0.07577247725176713, 14.957517283666443,56.551690368998436,    45.795912834591, 0.38141405340151513,327.68572526047865, 49.331824771742056, 353305.1000072843,      0.0, 353305.1000072843,   1.0
 -0.07545263003439472, 0.07577247725176713, 13.957517283666443,57.551690368998436,    45.795912834591, 0.38141405340151513,327.68572526047865, 49.331824771742056,353116.90264502843,      0.0,353116.90264502843,   1.0
 -0.07545263003439472, 0.07577247725176713, 13.957517283666443,56.551690368998436,    46.795912834591, 0.38141405340151513,327.68572526047865, 49.331824771742056,  353135.321625802,      0.0,  353135.321625802,   1.0
 -0.07545263003439472, 0.07577247725176713, 13.957517283666443,56.551690368998436,    45.795912834591, 0.02000057999999999,327.68572526047865, 49.331824771742056,328119.57083358034,      0.0,328119.57083358034,   1.0
 -0.07545263003439472, 0.07577247725176713, 13.957517283666443,56.551690368998436,    45.795912834591, 0.38141405340151513,328.68572526047865, 49.331824771742056,353395.11850389367,      0.0,353395.11850389367,   1.0
 -0.07545263003439472, 0.07577247725176713, 13.957517283666443,56.551690368998436,    45.795912834591, 0.38141405340151513,327.68572526047865, 50.331824771742056,  353197.236988083,      0.0,  353197.236988083,   1.0
 -0.07545262683924739,   0.075772474061171, 13.957516628515036,  56.5516908891032,  45.79591476687049, 0.38141405029119446, 327.6857228085705, 49.331825402552035,   353259.69165777,      0.0,   353259.69165777,   1.0
            0.2999994,   0.075772474061171, 13.957516628515036,  56.5516908891032,  45.79591476687049, 0.38141405029119446, 327.6857228085705, 49.331825402552035,253412.71701306457,      0.0,253412.71701306457,   1.0
 -0.07545262683924739,-0.29999939999999997, 13.957516628515036,  56.5516908891032,  45.79591476687049, 0.38141405029119446, 327.6857228085705, 49.331825402552035, 278953.9160403956,      0.0, 278953.9160403956,   1.0
 -0.07545262683924739,   0.075772474061171, 14.957516628515036,  56.5516908891032,  45.79591476687049, 0.38141405029119446, 327.6857228085705, 49.331825402552035, 353305.1000072843,      0.0, 353305.1000072843,   1.0
 -0.07545262683924739,   0.075772474061171, 13.957516628515036,  57.5516908891032,  45.79591476687049, 0.38141405029119446, 327.6857228085705, 49.331825402552035,353116.90264502843,      0.0,353116.90264502843,   1.0
 -0.07545262683924739,   0.075772474061171, 13.957516628515036,  56.5516908891032,  46.79591476687049, 0.38141405029119446, 327.6857228085705, 49.331825402552035,  353135.321625802,      0.0,  353135.321625802,   1.0
 -0.07545262683924739,   0.075772474061171, 13.957516628515036,  56.5516908891032,  45.79591476687049, 0.02000057999999999, 327.6857228085705, 49.331825402552035,328119.57083358034,      0.0,328119.57083358034,   1.0
 -0.07545262683924739,   0.075772474061171, 13.957516628515036,  56.5516908891032,  45.79591476687049, 0.38141405029119446, 328.6857228085705, 49.331825402552035,353395.11850389367,      0.0,353395.11850389367,   1.0
 -0.07545262683924739,   0.075772474061171, 13.957516628515036,  56.5516908891032,  45.79591476687049, 0.38141405029119446, 327.6857228085705, 50.331825402552035,  353197.236988083,      0.0,  353197.236988083,   1.0
 -0.07545262616495521,  0.0757724733878393, 13.957516490254283,56.551690998864196,  45.79591517465167,  0.3814140496348038, 327.6857222911288,  49.33182553567586,   353259.69165777,      0.0,   353259.69165777,   1.0
            0.2999994,  0.0757724733878393, 13.957516490254283,56.551690998864196,  45.79591517465167,  0.3814140496348038, 327.6857222911288,  49.33182553567586,253412.71701306457,      0.0,253412.71701306457,   1.0
 -0.07545262616495521, -0.2999993999999999, 13.957516490254283,56.551690998864196,  45.79591517465167,  0.3814140496348038, 327.6857222911288,  49.33182553567586, 278953.9160403956,      0.0, 278953.9160403956,   1.0
 -0.07545262616495521,  0.0757724733878393, 14.957516490254283,56.551690998864196,  45.79591517465167,  0.3814140496348038, 327.6857222911288,  49.33182553567586, 353305.1000072843,      0.0, 353305.1000072843,   1.0
 -0.07545262616495521,  0.0757724733878393, 13.957516490254283,57.551690998864196,  45.79591517465167,  0.3814140496348038, 327.6857222911288,  49.33182553567586,353116.90264502843,      0.0,353116.90264502843,   1.0
 -0.07545262616495521,  0.0757724733878393, 13.957516490254283,56.551690998864196,  46.79591517465167,  0.3814140496348038, 327.6857222911288,  49.33182553567586,  353135.321625802,      0.0,  353135.321625802,   1.0
 -0.07545262616495521,  0.0757724733878393, 13.957516490254283,56.551690998864196,  45.79591517465167, 0.02000057999999999, 327.6857222911288,  49.33182553567586,328119.57083358034,      0.0,328119.57083358034,   1.0
 -0.07545262616495521,  0.0757724733878393, 13.957516490254283,56.551690998864196,  45.79591517465167,  0.3814140496348038, 328.6857222911288,  49.33182553567586,353395.11850389367,      0.0,353395.11850389367,   1.0
 -0.07545262616495521,  0.0757724733878393, 13.957516490254283,56.551690998864196,  45.79591517465167,  0.3814140496348038, 327.6857222911288,  50.33182553567586,  353197.236988083,      0.0,  353197.236988083,   1.0
 -0.07545262602265507, 0.07577247324574184, 13.957516461076244,56.551691022027754,  45.79591526070831, 0.38141404949628155, 327.6857221819298, 49.331825563769826,   353259.69165777,      0.0,   353259.69165777,   1.0
  0.29999939999999997, 0.07577247324574184, 13.957516461076244,56.551691022027754,  45.79591526070831, 0.38141404949628155, 327.6857221819298, 49.331825563769826,253412.71701306457,      0.0,253412.71701306457,   1.0
 -0.07545262602265507,-0.29999939999999997, 13.957516461076244,56.551691022027754,  45.79591526070831, 0.38141404949628155, 327.6857221819298, 49.331825563769826, 278953.9160403956,      0.0, 278953.9160403956,   1.0
 -0.07545262602265507, 0.07577247324574184, 14.957516461076244,56.551691022027754,  45.79591526070831, 0.38141404949628155, 327.6857221819298, 49.331825563769826, 353305.1000072843,      0.0, 353305.1000072843,   1.0
 -0.07545262602265507, 0.07577247324574184, 13.957516461076244,57.551691022027754,  45.79591526070831, 0.38141404949628155, 327.6857221819298, 49.331825563769826,353116.90264502843,      0.0,353116.90264502843,   1.0
 -0.07545262602265507, 0.07577247324574184, 13.957516461076244,56.551691022027754,  46.79591526070831, 0.38141404949628155, 327.6857221819298, 49.331825563769826,  353135.321625802,      0.0,  353135.321625802,   1.0
 -0.07545262602265507, 0.07577247324574184, 13.957516461076244,56.551691022027754,  45.79591526070831, 0.02000057999999999, 327.6857221819298, 49.331825563769826,328119.57083358034,      0.0,328119.57083358034,   1.0
 -0.07545262602265507, 0.07577247324574184, 13.957516461076244,56.551691022027754,  45.79591526070831, 0.38141404949628155, 328.6857221819298, 49.331825563769826,353395.11850389367,      0.0,353395.11850389367,   1.0
 -0.07545262602265507, 0.07577247324574184, 13.957516461076244,56.551691022027754,  45.79591526070831, 0.38141404949628155, 327.6857221819298, 50.331825563769826,  353197.236988083,      0.0,  353197.236988083,   1.0
 -0.07545262599262456, 0.07577247321575412, 13.957516454918617, 56.55169102691611,  45.79591527886939,  0.3814140494670483,327.68572215888486,  49.33182556969867,   353259.69165777,      0.0,   353259.69165777,   1.0
   0.2999993999999999, 0.07577247321575412, 13.957516454918617, 56.55169102691611,  45.79591527886939,  0.3814140494670483,327.68572215888486,  49.33182556969867,253412.71701306457,      0.0,253412.71701306457,   1.0
 -0.07545262599262456,          -0.2999994, 13.957516454918617, 56.55169102691611,  45.79591527886939,  0.3814140494670483,327.68572215888486,  49.33182556969867, 278953.9160403956,      0.0, 278953.9160403956,   1.0
 -0.07545262599262456, 0.07577247321575412, 14.957516454918617, 56.55169102691611,  45.79591527886939,  0.3814140494670483,327.68572215888486,  49.33182556969867, 353305.1000072843,      0.0, 353305.1000072843,   1.0
 -0.07545262599262456, 0.07577247321575412, 13.957516454918617, 57.55169102691611,  45.79591527886939,  0.3814140494670483,327.68572215888486,  49.33182556969867,353116.90264502843,      0.0,353116.90264502843,   1.0
 -0.07545262599262456, 0.07577247321575412, 13.957516454918617, 56.55169102691611,  46.79591527886939,  0.3814140494670483,327.68572215888486,  49.33182556969867,  353135.321625802,      0.0,  353135.321625802,   1.0
 -0.07545262599262456, 0.07577247321575412, 13.957516454918617, 56.55169102691611,  45.79591527886939, 0.02000057999999999,327.68572215888486,  49.33182556969867,328119.57083358034,      0.0,328119.57083358034,   1.0
 -0.07545262599262456, 0.07577247321575412, 13.957516454918617, 56.55169102691611,  45.79591527886939,  0.3814140494670483,328.68572215888486,  49.33182556969867,353395.11850389367,      0.0,353395.11850389367,   1.0
 -0.07545262599262456, 0.07577247321575412, 13.957516454918617, 56.55169102691611,  45.79591527886939,  0.3814140494670483,327.68572215888486,  50.33182556969867,  353197.236988083,      0.0,  353197.236988083,   1.0
 -0.07545262598628705, 0.07577247320942562, 13.957516453619135,56.551691027947726,  45.79591528270203, 0.38141404946087903, 327.6857221540215, 49.331825570949874,   353259.69165777,      0.0,   353259.69165777,   1.0
  0.29999939999999997, 0.07577247320942562, 13.957516453619135,56.551691027947726,  45.79591528270203, 0.38141404946087903, 327.6857221540215, 49.331825570949874,253412.71701306457,      0.0,253412.71701306457,   1.0
 -0.07545262598628705,          -0.2999994, 13.957516453619135,56.551691027947726,  45.79591528270203, 0.38141404946087903, 327.6857221540215, 49.331825570949874, 278953.9160403956,      0.0, 278953.9160403956,   1.0
 -0.07545262598628705, 0.07577247320942562, 14.957516453619135,56.551691027947726,  45.79591528270203, 0.38141404946087903, 327.6857221540215, 49.331825570949874, 353305.1000072843,      0.0, 353305.1000072843,   1.0
 -0.07545262598628705, 0.07577247320942562, 13.957516453619135,57.551691027947726,  45.79591528270203, 0.38141404946087903, 327.6857221540215, 49.331825570949874,353116.90264502843,      0.0,353116.90264502843,   1.0
 -0.07545262598628705, 0.07577247320942562, 13.957516453619135,56.551691027947726,  46.79591528270203, 0.38141404946087903, 327.6857221540215, 49.331825570949874,  353135.321625802,      0.0,  353135.321625802,   1.0
 -0.07545262598628705, 0.07577247320942562, 13.957516453619135,56.551691027947726,  45.79591528270203, 0.02000057999999999, 327.6857221540215, 49.331825570949874,328119.57083358034,      0.0,328119.57083358034,   1.0
 -0.07545262598628705, 0.07577247320942562, 13.957516453619135,56.551691027947726,  45.79591528270203, 0.38141404946087903, 328.6857221540215, 49.331825570949874,353395.11850389367,      0.0,353395.11850389367,   1.0
 -0.07545262598628705, 0.07577247320942562, 13.957516453619135,56.551691027947726,  45.79591528270203, 0.38141404946087903, 327.6857221540215, 50.331825570949874,  353197.236988083,      0.0,  353197.236988083,   1.0
  -0.0754526259849496, 0.07577247320809008, 13.957516453344896,56.551691028165436,  45.79591528351086, 0.38141404945957713, 327.6857221529952, 49.331825571213926,   353259.69165777,      0.0,   353259.69165777,   1.0
  0.29999939999999997, 0.07577247320809008, 13.957516453344896,56.551691028165436,  45.79591528351086, 0.38141404945957713, 327.6857221529952, 49.331825571213926,253412.71701306457,      0.0,253412.71701306457,   1.0
  -0.0754526259849496, -0.2999993999999999, 13.957516453344896,56.551691028165436,  45.79591528351086, 0.38141404945957713, 327.6857221529952, 49.331825571213926, 278953.9160403956,      0.0, 278953.9160403956,   1.0
  -0.0754526259849496, 0.07577247320809008, 14.957516453344896,56.551691028165436,  45.79591528351086, 0.38141404945957713, 327.6857221529952, 49.331825571213926, 353305.1000072843,      0.0, 353305.1000072843,   1.0
  -0.0754526259849496, 0.07577247320809008, 13.957516453344896,57.551691028165436,  45.79591528351086, 0.38141404945957713, 327.6857221529952, 49.331825571213926,353116.90264502843,      0.0,353116.90264502843,   1.0
  -0.0754526259849496, 0.07577247320809008, 13.957516453344896,56.551691028165436,  46.79591528351086, 0.38141404945957713, 327.6857221529952, 49.331825571213926,  353135.321625802,      0.0,  353135.321625802,   1.0
  -0.0754526259849496, 0.07577247320809008, 13.957516453344896,56.551691028165436,  45.79591528351086, 0.02000057999999999, 327.6857221529952, 49.331825571213926,328119.57083358034,      0.0,328119.57083358034,   1.0
  -0.0754526259849496, 0.07577247320809008, 13.957516453344896,56.551691028165436,  45.79591528351086, 0.38141404945957713, 328.6857221529952, 49.331825571213926,353395.11850389367,      0.0,353395.11850389367,   1.0
  -0.0754526259849496, 0.07577247320809008, 13.957516453344896,56.551691028165436,  45.79591528351086, 0.38141404945957713, 327.6857221529952, 50.331825571213926,  353197.236988083,      0.0,  353197.236988083,   1.0
 -0.07545262598466734, 0.07577247320780822,  13.95751645328702, 56.55169102821139,  45.79591528368156, 0.38141404945930235,327.68572215277857,  49.33182557126965,   353259.69165777,      0.0,   353259.69165777,   1.0
  0.29999939999999997, 0.07577247320780822,  13.95751645328702, 56.55169102821139,  45.79591528368156, 0.38141404945930235,327.68572215277857,  49.33182557126965,253412.71701306457,      0.0,253412.71701306457,   1.0
 -0.07545262598466734,-0.29999939999999997,  13.95751645328702, 56.55169102821139,  45.79591528368156, 0.38141404945930235,327.68572215277857,  49.33182557126965, 278953.9160403956,      0.0, 278953.9160403956,   1.0
 -0.07545262598466734, 0.07577247320780822,  14.95751645328702, 56.55169102821139,  45.79591528368156, 0.38141404945930235,327.68572215277857,  49.33182557126965, 353305.1000072843,      0.0, 353305.1000072843,   1.0
 -0.07545262598466734, 0.07577247320780822,  13.95751645328702, 57.55169102821139,  45.79591528368156, 0.38141404945930235,327.68572215277857,  49.33182557126965,353116.90264502843,      0.0,353116.90264502843,   1.0
 -0.07545262598466734, 0.07577247320780822,  13.95751645328702, 56.55169102821139,  46.79591528368156, 0.38141404945930235,327.68572215277857,  49.33182557126965,  353135.321625802,      0.0,  353135.321625802,   1.0
 -0.07545262598466734, 0.07577247320780822,  13.95751645328702, 56.55169102821139,  45.79591528368156, 0.02000057999999999,327.68572215277857,  49.33182557126965,328119.57083358034,      0.0,328119.57083358034,   1.0
 -0.07545262598466734, 0.07577247320780822,  13.95751645328702, 56.55169102821139,  45.79591528368156, 0.38141404945930235,328.68572215277857,  49.33182557126965,353395.11850389367,      0.0,353395.11850389367,   1.0
 -0.07545262598466734, 0.07577247320780822,  13.95751645328702, 56.55169102821139,  45.79591528368156, 0.38141404945930235,327.68572215277857,  50.33182557126965,  353197.236988083,      0.0,  353197.236988083,   1.0
 -0.07545262598460778, 0.07577247320774874, 13.957516453274808, 56.55169102822108,  45.79591528371758, 0.38141404945924434,327.68572215273286, 49.331825571281406,   353259.69165777,      0.0,   353259.69165777,   1.0
  0.29999939999999997, 0.07577247320774874, 13.957516453274808, 56.55169102822108,  45.79591528371758, 0.38141404945924434,327.68572215273286, 49.331825571281406,253412.71701306457,      0.0,253412.71701306457,   1.0
 -0.07545262598460778,          -0.2999994, 13.957516453274808, 56.55169102822108,  45.79591528371758, 0.38141404945924434,327.68572215273286, 49.331825571281406, 278953.9160403956,      0.0, 278953.9160403956,   1.0
 -0.07545262598460778, 0.07577247320774874, 14.957516453274808, 56.55169102822108,  45.79591528371758, 0.38141404945924434,327.68572215273286, 49.331825571281406, 353305.1000072843,      0.0, 353305.1000072843,   1.0
 -0.07545262598460778, 0.07577247320774874, 13.957516453274808, 57.55169102822108,  45.79591528371758, 0.38141404945924434,327.68572215273286, 49.331825571281406,353116.90264502843,      0.0,353116.90264502843,   1.0
 -0.07545262598460778, 0.07577247320774874, 13.957516453274808, 56.55169102822108,  46.79591528371758, 0.38141404945924434,327.68572215273286, 49.331825571281406,  353135.321625802,      0.0,  353135.321625802,   1.0
 -0.07545262598460778, 0.07577247320774874, 13.957516453274808, 56.55169102822108,  45.79591528371758, 0.02000057999999999,327.68572215273286, 49.331825571281406,328119.57083358034,      0.0,328119.57083358034,   1.0
 -0.07545262598460778, 0.07577247320774874, 13.957516453274808, 56.55169102822108,  45.79591528371758, 0.38141404945924434,328.68572215273286, 49.331825571281406,353395.11850389367,      0.0,353395.11850389367,   1.0
 -0.07545262598460778, 0.07577247320774874, 13.957516453274808, 56.55169102822108,  45.79591528371758, 0.38141404945924434,327.68572215273286, 50.331825571281406,  353197.236988083,      0.0,  353197.236988083,   1.0
 -0.07545262598464708,   0.075772473207788, 13.957516453282867,56.551691028214684,   45.7959152836938, 0.38141404945928264,327.68572215276305,  49.33182557127365,   353259.69165777,      0.0,   353259.69165777,   1.0
  0.29999939999999997,   0.075772473207788, 13.957516453282867,56.551691028214684,   45.7959152836938, 0.38141404945928264,327.68572215276305,  49.33182557127365,253412.71701306457,      0.0,253412.71701306457,   1.0
 -0.07545262598464708,-0.29999939999999997, 13.957516453282867,56.551691028214684,   45.7959152836938, 0.38141404945928264,327.68572215276305,  49.33182557127365, 278953.9160403956,      0.0, 278953.9160403956,   1.0
 -0.07545262598464708,   0.075772473207788, 14.957516453282867,56.551691028214684,   45.7959152836938, 0.38141404945928264,327.68572215276305,  49.33182557127365, 353305.1000072843,      0.0, 353305.1000072843,   1.0
 -0.07545262598464708,   0.075772473207788, 13.957516453282867,57.551691028214684,   45.7959152836938, 0.38141404945928264,327.68572215276305,  49.33182557127365,353116.90264502843,      0.0,353116.90264502843,   1.0
 -0.07545262598464708,   0.075772473207788, 13.957516453282867,56.551691028214684,   46.7959152836938, 0.38141404945928264,327.68572215276305,  49.33182557127365,  353135.321625802,      0.0,  353135.321625802,   1.0
 -0.07545262598464708,   0.075772473207788, 13.957516453282867,56.551691028214684,   45.7959152836938, 0.02000057999999999,327.68572215276305,  49.33182557127365,328119.57083358034,      0.0,328119.57083358034,   1.0
 -0.07545262598464708,   0.075772473207788, 13.957516453282867,56.551691028214684,   45.7959152836938, 0.38141404945928264,328.68572215276305,  49.33182557127365,353395.11850389367,      0.0,353395.11850389367,   1.0
 -0.07545262598464708,   0.075772473207788, 13.957516453282867,56.551691028214684,   45.7959152836938, 0.38141404945928264,327.68572215276305,  50.33182557127365,  353197.236988083,      0.0,  353197.236988083,   1.0
 -0.07545262598461606, 0.07577247320775701, 13.957516453276506, 56.55169102821973,  45.79591528371257, 0.38141404945925245,327.68572215273923,  49.33182557127977,   353259.69165777,      0.0,   353259.69165777,   1.0
  0.29999939999999997, 0.07577247320775701, 13.957516453276506, 56.55169102821973,  45.79591528371257, 0.38141404945925245,327.68572215273923,  49.33182557127977,253412.71701306457,      0.0,253412.71701306457,   1.0
 -0.07545262598461606, -0.2999993999999999, 13.957516453276506, 56.55169102821973,  45.79591528371257, 0.38141404945925245,327.68572215273923,  49.33182557127977, 278953.9160403956,      0.0, 278953.9160403956,   1.0
 -0.07545262598461606, 0.07577247320775701, 14.957516453276506, 56.55169102821973,  45.79591528371257, 0.38141404945925245,327.68572215273923,  49.33182557127977, 353305.1000072843,      0.0, 353305.1000072843,   1.0
 -0.07545262598461606, 0.07577247320775701, 13.957516453276506, 57.55169102821973,  45.79591528371257, 0.38141404945925245,327.68572215273923,  49.33182557127977,353116.90264502843,      0.0,353116.90264502843,   1.0
 -0.07545262598461606, 0.07577247320775701, 13.957516453276506, 56.55169102821973,  46.79591528371257, 0.38141404945925245,327.68572215273923,  49.33182557127977,  353135.321625802,      0.0,  353135.321625802,   1.0
 -0.07545262598461606, 0.07577247320775701, 13.957516453276506, 56.55169102821973,  45.79591528371257, 0.02000057999999999,327.68572215273923,  49.33182557127977,328119.57083358034,      0.0,328119.57083358034,   1.0
 -0.07545262598461606, 0.07577247320775701, 13.957516453276506, 56.55169102821973,  45.79591528371257, 0.38141404945925245,328.68572215273923,  49.33182557127977,353395.11850389367,      0.0,353395.11850389367,   1.0
 -0.07545262598461606, 0.07577247320775701, 13.957516453276506, 56.55169102821973,  45.79591528371257, 0.38141404945925245,327.68572215273923,  50.33182557127977,  353197.236988083,      0.0,  353197.236988083,   1.0
 -0.07545262598459185, 0.07577247320773284, 13.957516453271541, 56.55169102822367,  45.79591528372721, 0.38141404945922885,327.68572215272064, 49.331825571284554,   353259.69165777,      0.0,   353259.69165777,   1.0
