            centre_ra,          centre_dec,              v_sys,       inclination,                phi,     turnover_radius,  maximum_velocity,velocity_dispersion,    log_likelihood,log_prior,     log_posterior,weight
    -0.00508423413837,    0.00500756251759,   -0.1875830757722, 50.10606772710622,   41.5167323017155,    0.31534783973233, 272.4077067336975,  63.03131427177132, 344741.7528006404,      0.0, 344741.7528006404,   1.0
    -0.00508423413837,    0.00500756251759,   -0.1875830757722, 50.10606772710622,   41.5167323017155,    0.31534783973233, 272.4077067336975,  63.03131427177132, 344741.7528006404,      0.0, 344741.7528006404,   1.0
  0.29999939999999997,    0.00500756251759,   -0.1875830757722, 50.10606772710622,   41.5167323017155,    0.31534783973233, 272.4077067336975,  63.03131427177132, 287127.6906673913,      0.0, 287127.6906673913,   1.0
    -0.00508423413837,-0.29999939999999997,   -0.1875830757722, 50.10606772710622,   41.5167323017155,    0.31534783973233, 272.4077067336975,  63.03131427177132, 326696.6385441319,      0.0, 326696.6385441319,   1.0
    -0.00508423413837,    0.00500756251759,    0.8124169242278, 50.10606772710622,   41.5167323017155,    0.31534783973233, 272.4077067336975,  63.03131427177132, 345337.3881753735,      0.0, 345337.3881753735,   1.0
    -0.00508423413837,    0.00500756251759,   -0.1875830757722, 51.10606772710622,   41.5167323017155,    0.31534783973233, 272.4077067336975,  63.03131427177132, 345217.0464149062,      0.0, 345217.0464149062,   1.0
    -0.00508423413837,    0.00500756251759,   -0.1875830757722, 50.10606772710622,   42.5167323017155,    0.31534783973233, 272.4077067336975,  63.03131427177132, 344992.2700520801,      0.0, 344992.2700520801,   1.0
    -0.00508423413837,    0.00500756251759,   -0.1875830757722, 50.10606772710622,   41.5167323017155, 0.02000057999999999, 272.4077067336975,  63.03131427177132,327381.68754043226,      0.0,327381.68754043226,   1.0
    -0.00508423413837,    0.00500756251759,   -0.1875830757722, 50.10606772710622,   41.5167323017155,    0.31534783973233, 273.4077067336975,  63.03131427177132, 344869.1584494061,      0.0, 344869.1584494061,   1.0
    -0.00508423413837,    0.00500756251759,   -0.1875830757722, 50.10606772710622,   41.5167323017155,    0.31534783973233, 272.4077067336975,  64.03131427177132,344590.05431779387,      0.0,344590.05431779387,   1.0
 -0.29999939999999997, 0.29999939999999997,           59.99988,          79.99994,          169.99974,          0.59999942,         499.99955,           5.000115,128974.33960888023,      0.0,128974.33960888023,   1.0
  0.29999939999999997, 0.29999939999999997,           59.99988,          79.99994,          169.99974,          0.59999942,         499.99955,           5.000115,204484.87647460177,      0.0,204484.87647460177,   1.0
 -0.29999939999999997,-0.29999939999999997,           59.99988,          79.99994,          169.99974,          0.59999942,         499.99955,           5.000115,220988.77528569777,      0.0,220988.77528569777,   1.0
 -0.29999939999999997, 0.29999939999999997,           58.99988,          79.99994,          169.99974,          0.59999942,         499.99955,           5.000115,129672.98914713698,      0.0,129672.98914713698,   1.0
 -0.29999939999999997, 0.29999939999999997,           59.99988,          78.99994,          169.99974,          0.59999942,         499.99955,           5.000115,122680.03343220294,      0.0,122680.03343220294,   1.0
 -0.29999939999999997, 0.29999939999999997,           59.99988,          79.99994,          168.99974,          0.59999942,         499.99955,           5.000115,127408.17409469816,      0.0,127408.17409469816,   1.0
 -0.29999939999999997, 0.29999939999999997,           59.99988,          79.99994,          169.99974,0.020000580000000046,         499.99955,           5.000115,148338.81208437143,      0.0,148338.81208437143,   1.0
 -0.29999939999999997, 0.29999939999999997,           59.99988,          79.99994,          169.99974,          0.59999942,         498.99955,           5.000115,128955.35317367298,      0.0,128955.35317367298,   1.0
 -0.29999939999999997, 0.29999939999999997,           59.99988,          79.99994,          169.99974,          0.59999942,         499.99955,           6.000115,129143.55236867338,      0.0,129143.55236867338,   1.0
-0.030875787518323553,0.030805821148507155,  5.076059986419768,52.720410737263926,  52.75310375716674,  0.3402418000199007,  292.311556565547,  57.95624541477382, 349398.5052148039,      0.0, 349398.5052148039,   1.0
  0.29999939999999997,0.030805821148507155,  5.076059986419768,52.720410737263926,  52.75310375716674,  0.3402418000199007,  292.311556565547,  57.95624541477382,269382.87121900136,      0.0,269382.87121900136,   1.0
-0.030875787518323553,-0.29999939999999997,  5.076059986419768,52.720410737263926,  52.75310375716674,  0.3402418000199007,  292.311556565547,  57.95624541477382,319747.03812525957,      0.0,319747.03812525957,   1.0
-0.030875787518323553,0.030805821148507155,  6.076059986419768,52.720410737263926,  52.75310375716674,  0.3402418000199007,  292.311556565547,  57.95624541477382,349708.55881722487,      0.0,349708.55881722487,   1.0
-0.030875787518323553,0.030805821148507155,  5.076059986419768,53.720410737263926,  52.75310375716674,  0.3402418000199007,  292.311556565547,  57.95624541477382,349736.33230245544,      0.0,349736.33230245544,   1.0
-0.030875787518323553,0.030805821148507155,  5.076059986419768,52.720410737263926,  53.75310375716674,  0.3402418000199007,  292.311556565547,  57.95624541477382, 349366.7672188384,      0.0, 349366.7672188384,   1.0
-0.030875787518323553,0.030805821148507155,  5.076059986419768,52.720410737263926,  52.75310375716674, 0.02000057999999999,  292.311556565547,  57.95624541477382,330888.53210384137,      0.0,330888.53210384137,   1.0
-0.030875787518323553,0.030805821148507155,  5.076059986419768,52.720410737263926,  52.75310375716674,  0.3402418000199007,  293.311556565547,  57.95624541477382,349555.08031531284,      0.0,349555.08031531284,   1.0
-0.030875787518323553,0.030805821148507155,  5.076059986419768,52.720410737263926,  52.75310375716674,  0.3402418000199007,  292.311556565547,  58.95624541477382, 349224.9976832123,      0.0, 349224.9976832123,   1.0
 -0.29999939999999997, 0.29999939999999997,           59.99988,          79.99994,          169.99974,          0.59999942,         499.99955,           5.000115,128974.33960888023,      0.0,128974.33960888023,   1.0
  0.29999939999999997, 0.29999939999999997,           59.99988,          79.99994,          169.99974,          0.59999942,         499.99955,           5.000115,204484.87647460177,      0.0,204484.87647460177,   1.0
 -0.29999939999999997,-0.29999939999999997,           59.99988,          79.99994,          169.99974,          0.59999942,         499.99955,           5.000115,220988.77528569777,      0.0,220988.77528569777,   1.0
 -0.29999939999999997, 0.29999939999999997,           58.99988,          79.99994,          169.99974,          0.59999942,         499.99955,           5.000115,129672.98914713698,      0.0,129672.98914713698,   1.0
 -0.29999939999999997, 0.29999939999999997,           59.99988,          78.99994,          169.99974,          0.59999942,         499.99955,           5.000115,122680.03343220294,      0.0,122680.03343220294,   1.0
 -0.29999939999999997, 0.29999939999999997,           59.99988,          79.99994,          168.99974,          0.59999942,         499.99955,           5.000115,127408.17409469816,      0.0,127408.17409469816,   1.0
 -0.29999939999999997, 0.29999939999999997,           59.99988,          79.99994,          169.99974,0.020000580000000046,         499.99955,           5.000115,148338.81208437143,      0.0,148338.81208437143,   1.0
 -0.29999939999999997, 0.29999939999999997,           59.99988,          79.99994,          169.99974,          0.59999942,         498.99955,           5.000115,128955.35317367298,      0.0,128955.35317367298,   1.0
 -0.29999939999999997, 0.29999939999999997,           59.99988,          79.99994,          169.99974,          0.59999942,         499.99955,           6.000115,129143.55236867338,      0.0,129143.55236867338,   1.0
 -0.05088416104952299,0.050819396427888394,  9.159448643618706, 54.74854571290183,  61.46996985297614, 0.35955384566394855,  307.752412580605,  54.01914740863789,347833.31326441467,      0.0,347833.31326441467,   1.0
  0.29999939999999997,0.050819396427888394,  9.159448643618706, 54.74854571290183,  61.46996985297614, 0.35955384566394855,  307.752412580605,  54.01914740863789,258164.60862298487,      0.0,258164.60862298487,   1.0
 -0.05088416104952299,-0.29999939999999997,  9.159448643618706, 54.74854571290183,  61.46996985297614, 0.35955384566394855,  307.752412580605,  54.01914740863789,310704.31372544944,      0.0,310704.31372544944,   1.0
 -0.05088416104952299,0.050819396427888394, 10.159448643618706, 54.74854571290183,  61.46996985297614, 0.35955384566394855,  307.752412580605,  54.01914740863789, 347726.8355307417,      0.0, 347726.8355307417,   1.0
 -0.05088416104952299,0.050819396427888394,  9.159448643618706, 55.74854571290183,  61.46996985297614, 0.35955384566394855,  307.752412580605,  54.01914740863789, 347890.0949231894,      0.0, 347890.0949231894,   1.0
 -0.05088416104952299,0.050819396427888394,  9.159448643618706, 54.74854571290183,  62.46996985297614, 0.35955384566394855,  307.752412580605,  54.01914740863789, 347272.6245313098,      0.0, 347272.6245313098,   1.0
 -0.05088416104952299,0.050819396427888394,  9.159448643618706, 54.74854571290183,  61.46996985297614, 0.02000057999999999,  307.752412580605,  54.01914740863789,323853.50110625295,      0.0,323853.50110625295,   1.0
 -0.05088416104952299,0.050819396427888394,  9.159448643618706, 54.74854571290183,  61.46996985297614, 0.35955384566394855,  308.752412580605,  54.01914740863789, 347978.3177507563,      0.0, 347978.3177507563,   1.0
 -0.05088416104952299,0.050819396427888394,  9.159448643618706, 54.74854571290183,  61.46996985297614, 0.35955384566394855,  307.752412580605,  55.01914740863789, 347832.9083399044,      0.0, 347832.9083399044,   1.0
 -0.03530138234439602,  0.0352325665343592,  5.979253026371941,  53.1690081028001,  54.68116239886624,  0.3445133760752908,295.72687527617654,  57.08540998487114, 349717.6911414486,      0.0, 349717.6911414486,   1.0
  0.29999939999999997,  0.0352325665343592,  5.979253026371941,  53.1690081028001,  54.68116239886624,  0.3445133760752908,295.72687527617654,  57.08540998487114,266058.98210635665,      0.0,266058.98210635665,   1.0
 -0.03530138234439602,-0.29999939999999997,  5.979253026371941,  53.1690081028001,  54.68116239886624,  0.3445133760752908,295.72687527617654,  57.08540998487114, 317867.7614988276,      0.0, 317867.7614988276,   1.0
 -0.03530138234439602,  0.0352325665343592,  6.979253026371941,  53.1690081028001,  54.68116239886624,  0.3445133760752908,295.72687527617654,  57.08540998487114,349944.94317193725,      0.0,349944.94317193725,   1.0
 -0.03530138234439602,  0.0352325665343592,  5.979253026371941,  54.1690081028001,  54.68116239886624,  0.3445133760752908,295.72687527617654,  57.08540998487114,350077.43648022204,      0.0,350077.43648022204,   1.0
 -0.03530138234439602,  0.0352325665343592,  5.979253026371941,  53.1690081028001,  55.68116239886624,  0.3445133760752908,295.72687527617654,  57.08540998487114,349402.12763140927,      0.0,349402.12763140927,   1.0
 -0.03530138234439602,  0.0352325665343592,  5.979253026371941,  53.1690081028001,  54.68116239886624, 0.02000057999999999,295.72687527617654,  57.08540998487114,330394.99624693266,      0.0,330394.99624693266,   1.0
 -0.03530138234439602,  0.0352325665343592,  5.979253026371941,  53.1690081028001,  54.68116239886624,  0.3445133760752908,296.72687527617654,  57.08540998487114, 349845.2513620002,      0.0, 349845.2513620002,   1.0
 -0.03530138234439602,  0.0352325665343592,  5.979253026371941,  53.1690081028001,  54.68116239886624,  0.3445133760752908,295.72687527617654,  58.08540998487114,349555.96906608465,      0.0,349555.96906608465,   1.0
 -0.29999939999999997, 0.29999939999999997, 11.728077729216995, 56.02659292072236,  66.94666181003166,          0.59999942, 317.4622585171873,  51.54243849997166, 309433.8775237878,      0.0, 309433.8775237878,   1.0
  0.29999939999999997, 0.29999939999999997, 11.728077729216995, 56.02659292072236,  66.94666181003166,          0.59999942, 317.4622585171873,  51.54243849997166, 261047.7891435213,      0.0, 261047.7891435213,   1.0
 -0.29999939999999997,-0.29999939999999997, 11.728077729216995, 56.02659292072236,  66.94666181003166,          0.59999942, 317.4622585171873,  51.54243849997166, 256040.2341054316,      0.0, 256040.2341054316,   1.0
 -0.29999939999999997, 0.29999939999999997, 12.728077729216995, 56.02659292072236,  66.94666181003166,          0.59999942, 317.4622585171873,  51.54243849997166,  308925.443318096,      0.0,  308925.443318096,   1.0
 -0.29999939999999997, 0.29999939999999997, 11.728077729216995, 57.02659292072236,  66.94666181003166,          0.59999942, 317.4622585171873,  51.54243849997166, 309801.7905009673,      0.0, 309801.7905009673,   1.0
 -0.29999939999999997, 0.29999939999999997, 11.728077729216995, 56.02659292072236,  67.94666181003166,          0.59999942, 317.4622585171873,  51.54243849997166,308823.59212792723,      0.0,308823.59212792723,   1.0
 -0.29999939999999997, 0.29999939999999997, 11.728077729216995, 56.02659292072236,  66.94666181003166,0.020000580000000046, 317.4622585171873,  51.54243849997166,309443.13276761497,      0.0,309443.13276761497,   1.0
 -0.29999939999999997, 0.29999939999999997, 11.728077729216995, 56.02659292072236,  66.94666181003166,          0.59999942, 318.4622585171873,  51.54243849997166, 309547.9788276688,      0.0, 309547.9788276688,   1.0
 -0.29999939999999997, 0.29999939999999997, 11.728077729216995, 56.02659292072236,  66.94666181003166,          0.59999942, 317.4622585171873,  52.54243849997166, 310290.9667897898,      0.0, 310290.9667897898,   1.0
 -0.08113082493710139, 0.08107392379965443,   6.97459645216728, 53.66376632020824, 56.804793720753345, 0.38874787048891746, 299.4901089690348,  56.12570769578667, 344771.9552509419,      0.0, 344771.9552509419,   1.0
  0.29999939999999997, 0.08107392379965443,   6.97459645216728, 53.66376632020824, 56.804793720753345, 0.38874787048891746, 299.4901089690348,  56.12570769578667,260746.35428669822,      0.0,260746.35428669822,   1.0
 -0.08113082493710139,-0.29999939999999997,   6.97459645216728, 53.66376632020824, 56.804793720753345, 0.38874787048891746, 299.4901089690348,  56.12570769578667, 306818.4331029799,      0.0, 306818.4331029799,   1.0
 -0.08113082493710139, 0.08107392379965443,   7.97459645216728, 53.66376632020824, 56.804793720753345, 0.38874787048891746, 299.4901089690348,  56.12570769578667, 344695.9713915185,      0.0, 344695.9713915185,   1.0
 -0.08113082493710139, 0.08107392379965443,   6.97459645216728, 54.66376632020824, 56.804793720753345, 0.38874787048891746, 299.4901089690348,  56.12570769578667, 345056.3176591332,      0.0, 345056.3176591332,   1.0
 -0.08113082493710139, 0.08107392379965443,   6.97459645216728, 53.66376632020824, 57.804793720753345, 0.38874787048891746, 299.4901089690348,  56.12570769578667, 344386.2881423369,      0.0, 344386.2881423369,   1.0
 -0.08113082493710139, 0.08107392379965443,   6.97459645216728, 53.66376632020824, 56.804793720753345, 0.02000057999999999, 299.4901089690348,  56.12570769578667, 338251.3370160779,      0.0, 338251.3370160779,   1.0
 -0.08113082493710139, 0.08107392379965443,   6.97459645216728, 53.66376632020824, 56.804793720753345, 0.38874787048891746, 300.4901089690348,  56.12570769578667,344911.33420431573,      0.0,344911.33420431573,   1.0
 -0.08113082493710139, 0.08107392379965443,   6.97459645216728, 53.66376632020824, 56.804793720753345, 0.38874787048891746, 299.4901089690348,  57.12570769578667,344786.03698112146,      0.0,344786.03698112146,   1.0
 -0.04289297005355859, 0.04282612789357892,  6.144130373557184,53.250964159644674,   55.0329391722673,  0.3518407626877773,  296.350250055209,  56.92643654574342, 349139.8509087445,      0.0, 349139.8509087445,   1.0
  0.29999939999999997, 0.04282612789357892,  6.144130373557184,53.250964159644674,   55.0329391722673,  0.3518407626877773,  296.350250055209,  56.92643654574342,265343.67107429623,      0.0,265343.67107429623,   1.0
 -0.04289297005355859,-0.29999939999999997,  6.144130373557184,53.250964159644674,   55.0329391722673,  0.3518407626877773,  296.350250055209,  56.92643654574342,315523.11157425283,      0.0,315523.11157425283,   1.0
 -0.04289297005355859, 0.04282612789357892,  7.144130373557184,53.250964159644674,   55.0329391722673,  0.3518407626877773,  296.350250055209,  56.92643654574342,349318.18241603306,      0.0,349318.18241603306,   1.0
 -0.04289297005355859, 0.04282612789357892,  6.144130373557184,54.250964159644674,   55.0329391722673,  0.3518407626877773,  296.350250055209,  56.92643654574342, 349428.9190758686,      0.0, 349428.9190758686,   1.0
 -0.04289297005355859, 0.04282612789357892,  6.144130373557184,53.250964159644674,   56.0329391722673,  0.3518407626877773,  296.350250055209,  56.92643654574342, 348918.4115262581,      0.0, 348918.4115262581,   1.0
 -0.04289297005355859, 0.04282612789357892,  6.144130373557184,53.250964159644674,   55.0329391722673, 0.02000057999999999,  296.350250055209,  56.92643654574342,332413.06839014485,      0.0,332413.06839014485,   1.0
 -0.04289297005355859, 0.04282612789357892,  6.144130373557184,53.250964159644674,   55.0329391722673,  0.3518407626877773,  297.350250055209,  56.92643654574342, 349271.7924508872,      0.0, 349271.7924508872,   1.0
 -0.04289297005355859, 0.04282612789357892,  6.144130373557184,53.250964159644674,   55.0329391722673,  0.3518407626877773,  296.350250055209,  57.92643654574342, 348991.8700879423,      0.0, 348991.8700879423,   1.0
-0.036594182325368436, 0.03652570261561183,   6.00733060901603,53.182964707503665, 54.741067786695794,   0.345761184259311, 295.8330321083632, 57.058337800902116, 349601.1532673753,      0.0, 349601.1532673753,   1.0
  0.29999939999999997, 0.03652570261561183,   6.00733060901603,53.182964707503665, 54.741067786695794,   0.345761184259311, 295.8330321083632, 57.058337800902116, 265975.1438803824,      0.0, 265975.1438803824,   1.0
-0.036594182325368436,-0.29999939999999997,   6.00733060901603,53.182964707503665, 54.741067786695794,   0.345761184259311, 295.8330321083632, 57.058337800902116, 317453.0394414491,      0.0, 317453.0394414491,   1.0
-0.036594182325368436, 0.03652570261561183,   7.00733060901603,53.182964707503665, 54.741067786695794,   0.345761184259311, 295.8330321083632, 57.058337800902116,349817.73318433063,      0.0,349817.73318433063,   1.0
-0.036594182325368436, 0.03652570261561183,   6.00733060901603,54.182964707503665, 54.741067786695794,   0.345761184259311, 295.8330321083632, 57.058337800902116,350021.76064785424,      0.0,350021.76064785424,   1.0
-0.036594182325368436, 0.03652570261561183,   6.00733060901603,53.182964707503665, 55.741067786695794,   0.345761184259311, 295.8330321083632, 57.058337800902116,349337.73089988437,      0.0,349337.73089988437,   1.0
-0.036594182325368436, 0.03652570261561183,   6.00733060901603,53.182964707503665, 54.741067786695794, 0.02000057999999999, 295.8330321083632, 57.058337800902116, 330649.4526906936,      0.0, 330649.4526906936,   1.0
-0.036594182325368436, 0.03652570261561183,   6.00733060901603,53.182964707503665, 54.741067786695794,   0.345761184259311, 296.8330321083632, 57.058337800902116,349733.01713946485,      0.0,349733.01713946485,   1.0
-0.036594182325368436, 0.03652570261561183,   6.00733060901603,53.182964707503665, 54.741067786695794,   0.345761184259311, 295.8330321083632, 58.058337800902116, 349441.2441992197,      0.0, 349441.2441992197,   1.0
-0.035512287830406386, 0.03544352685127458,  5.983833561876818, 53.17128496274857,   54.6909352756614, 0.34471694166577027, 295.7441935455262,  57.08099346862626,349714.88201979245,      0.0,349714.88201979245,   1.0
  0.29999939999999997, 0.03544352685127458,  5.983833561876818, 53.17128496274857,   54.6909352756614, 0.34471694166577027, 295.7441935455262,  57.08099346862626,266026.68370064534,      0.0,266026.68370064534,   1.0
-0.035512287830406386, -0.2999993999999999,  5.983833561876818, 53.17128496274857,   54.6909352756614, 0.34471694166577027, 295.7441935455262,  57.08099346862626,317680.90492484334,      0.0,317680.90492484334,   1.0
-0.035512287830406386, 0.03544352685127458,  6.983833561876818, 53.17128496274857,   54.6909352756614, 0.34471694166577027, 295.7441935455262,  57.08099346862626,349941.23055097676,      0.0,349941.23055097676,   1.0
-0.035512287830406386, 0.03544352685127458,  5.983833561876818, 54.17128496274857,   54.6909352756614, 0.34471694166577027, 295.7441935455262,  57.08099346862626,350042.92632020154,      0.0,350042.92632020154,   1.0
-0.035512287830406386, 0.03544352685127458,  5.983833561876818, 53.17128496274857,   55.6909352756614, 0.34471694166577027, 295.7441935455262,  57.08099346862626,349373.36707501067,      0.0,349373.36707501067,   1.0
-0.035512287830406386, 0.03544352685127458,  5.983833561876818, 53.17128496274857,   54.6909352756614, 0.02000057999999999, 295.7441935455262,  57.08099346862626,330455.01511120814,      0.0,330455.01511120814,   1.0
-0.035512287830406386, 0.03544352685127458,  5.983833561876818, 53.17128496274857,   54.6909352756614, 0.34471694166577027, 296.7441935455262,  57.08099346862626, 349845.8103098241,      0.0, 349845.8103098241,   1.0
-0.035512287830406386, 0.03544352685127458,  5.983833561876818, 53.17128496274857,   54.6909352756614, 0.34471694166577027, 295.7441935455262,  58.08099346862626,349559.00495878886,      0.0,349559.00495878886,   1.0
 -0.03534411353799174, 0.03527530883714919,  5.980181080701554, 53.16946941343307, 54.683142464431256, 0.34455462014542265,295.73038410059985,  57.08451516219844, 349732.0639202666,      0.0, 349732.0639202666,   1.0
  0.29999939999999997, 0.03527530883714919,  5.980181080701554, 53.16946941343307, 54.683142464431256, 0.34455462014542265,295.73038410059985,  57.08451516219844,266045.56160995585,      0.0,266045.56160995585,   1.0
 -0.03534411353799174,-0.29999939999999997,  5.980181080701554, 53.16946941343307, 54.683142464431256, 0.34455462014542265,295.73038410059985,  57.08451516219844,317770.92087900126,      0.0,317770.92087900126,   1.0
 -0.03534411353799174, 0.03527530883714919,  6.980181080701554, 53.16946941343307, 54.683142464431256, 0.34455462014542265,295.73038410059985,  57.08451516219844,349953.76712958666,      0.0,349953.76712958666,   1.0
 -0.03534411353799174, 0.03527530883714919,  5.980181080701554, 54.16946941343307, 54.683142464431256, 0.34455462014542265,295.73038410059985,  57.08451516219844,350071.63119582343,      0.0,350071.63119582343,   1.0
 -0.03534411353799174, 0.03527530883714919,  5.980181080701554, 53.16946941343307, 55.683142464431256, 0.34455462014542265,295.73038410059985,  57.08451516219844, 349387.4156387843,      0.0, 349387.4156387843,   1.0
 -0.03534411353799174, 0.03527530883714919,  5.980181080701554, 53.16946941343307, 54.683142464431256, 0.02000057999999999,295.73038410059985,  57.08451516219844,330362.96268005326,      0.0,330362.96268005326,   1.0
 -0.03534411353799174, 0.03527530883714919,  5.980181080701554, 53.16946941343307, 54.683142464431256, 0.34455462014542265,296.73038410059985,  57.08451516219844,349853.52127517026,      0.0,349853.52127517026,   1.0
 -0.03534411353799174, 0.03527530883714919,  5.980181080701554, 53.16946941343307, 54.683142464431256, 0.34455462014542265,295.73038410059985,  58.08451516219844, 349567.0552505651,      0.0, 349567.0552505651,   1.0
-0.035455108570985404,0.035386332726471945,  5.982591718277228,  53.1706676759813,  54.68828571984315,  0.3446617523488521, 295.7394983342512,   57.0821908444408, 349733.1784888502,      0.0, 349733.1784888502,   1.0
  0.29999939999999997,0.035386332726471945,  5.982591718277228,  53.1706676759813,  54.68828571984315,  0.3446617523488521, 295.7394983342512,   57.0821908444408,266056.49094717554,      0.0,266056.49094717554,   1.0
-0.035455108570985404,-0.29999939999999997,  5.982591718277228,  53.1706676759813,  54.68828571984315,  0.3446617523488521, 295.7394983342512,   57.0821908444408, 317664.3167462003,      0.0, 317664.3167462003,   1.0
-0.035455108570985404,0.035386332726471945,  6.982591718277228,  53.1706676759813,  54.68828571984315,  0.3446617523488521, 295.7394983342512,   57.0821908444408, 349954.3586639309,      0.0, 349954.3586639309,   1.0
-0.035455108570985404,0.035386332726471945,  5.982591718277228,  54.1706676759813,  54.68828571984315,  0.3446617523488521, 295.7394983342512,   57.0821908444408, 350065.4332504157,      0.0, 350065.4332504157,   1.0
-0.035455108570985404,0.035386332726471945,  5.982591718277228,  53.1706676759813,  55.68828571984315,  0.3446617523488521, 295.7394983342512,   57.0821908444408, 349384.2847873458,      0.0, 349384.2847873458,   1.0
-0.035455108570985404,0.035386332726471945,  5.982591718277228,  53.1706676759813,  54.68828571984315, 0.02000057999999999, 295.7394983342512,   57.0821908444408,330376.00529283134,      0.0,330376.00529283134,   1.0
-0.035455108570985404,0.035386332726471945,  5.982591718277228,  53.1706676759813,  54.68828571984315,  0.3446617523488521, 296.7394983342512,   57.0821908444408, 349854.2034383953,      0.0, 349854.2034383953,   1.0
-0.035455108570985404,0.035386332726471945,  5.982591718277228,  53.1706676759813,  54.68828571984315,  0.3446617523488521, 295.7394983342512,   58.0821908444408, 349564.4146688152,      0.0, 349564.4146688152,   1.0
-0.035492846882203256, 0.03542408084884168,  5.983411335052957,  53.1710750852477,   54.6900344266832,  0.3446981772980181, 295.7425971736927, 57.081400576403205, 349725.5808597367,      0.0, 349725.5808597367,   1.0
  0.29999939999999997, 0.03542408084884168,  5.983411335052957,  53.1710750852477,   54.6900344266832,  0.3446981772980181, 295.7425971736927, 57.081400576403205, 266021.4739487943,      0.0, 266021.4739487943,   1.0
-0.035492846882203256,-0.29999939999999997,  5.983411335052957,  53.1710750852477,   54.6900344266832,  0.3446981772980181, 295.7425971736927, 57.081400576403205, 317666.7432554951,      0.0, 317666.7432554951,   1.0
-0.035492846882203256, 0.03542408084884168,  6.983411335052957,  53.1710750852477,   54.6900344266832,  0.3446981772980181, 295.7425971736927, 57.081400576403205,349955.40759184054,      0.0,349955.40759184054,   1.0
-0.035492846882203256, 0.03542408084884168,  5.983411335052957,  54.1710750852477,   54.6900344266832,  0.3446981772980181, 295.7425971736927, 57.081400576403205,350049.71149708517,      0.0,350049.71149708517,   1.0
-0.035492846882203256, 0.03542408084884168,  5.983411335052957,  53.1710750852477,   55.6900344266832,  0.3446981772980181, 295.7425971736927, 57.081400576403205, 349373.1648124589,      0.0, 349373.1648124589,   1.0
-0.035492846882203256, 0.03542408084884168,  5.983411335052957,  53.1710750852477,   54.6900344266832, 0.02000057999999999, 295.7425971736927, 57.081400576403205, 330439.0036626151,      0.0, 330439.0036626151,   1.0
-0.035492846882203256, 0.03542408084884168,  5.983411335052957,  53.1710750852477,   54.6900344266832,  0.3446981772980181, 296.7425971736927, 57.081400576403205, 349856.7647499488,      0.0, 349856.7647499488,   1.0
-0.035492846882203256, 0.03542408084884168,  5.983411335052957,  53.1710750852477,   54.6900344266832,  0.3446981772980181, 295.7425971736927, 58.081400576403205, 349569.7248847011,      0.0, 349569.7248847011,   1.0
-0.035459938869097506,   0.035391164280358,  5.982696624756524, 53.17071982214648,  54.68850954478591,  0.3446664145437811,295.73989496880694,  57.08208969443999, 349729.7069570859,      0.0, 349729.7069570859,   1.0
  0.29999939999999997,   0.035391164280358,  5.982696624756524, 53.17071982214648,  54.68850954478591,  0.3446664145437811,295.73989496880694,  57.08208969443999,266055.84258117614,      0.0,266055.84258117614,   1.0
-0.035459938869097506,-0.29999939999999997,  5.982696624756524, 53.17071982214648,  54.68850954478591,  0.3446664145437811,295.73989496880694,  57.08208969443999,317664.57163266814,      0.0,317664.57163266814,   1.0
-0.035459938869097506,   0.035391164280358,  6.982696624756524, 53.17071982214648,  54.68850954478591,  0.3446664145437811,295.73989496880694,  57.08208969443999,349954.78750630195,      0.0,349954.78750630195,   1.0
-0.035459938869097506,   0.035391164280358,  5.982696624756524, 54.17071982214648,  54.68850954478591,  0.3446664145437811,295.73989496880694,  57.08208969443999,350063.72908643377,      0.0,350063.72908643377,   1.0
-0.035459938869097506,   0.035391164280358,  5.982696624756524, 53.17071982214648,  55.68850954478591,  0.3446664145437811,295.73989496880694,  57.08208969443999, 349380.3055554885,      0.0, 349380.3055554885,   1.0
-0.035459938869097506,   0.035391164280358,  5.982696624756524, 53.17071982214648,  54.68850954478591, 0.02000057999999999,295.73989496880694,  57.08208969443999, 330376.1544050131,      0.0, 330376.1544050131,   1.0
-0.035459938869097506,   0.035391164280358,  5.982696624756524, 53.17071982214648,  54.68850954478591,  0.3446664145437811,296.73989496880694,  57.08208969443999, 349854.1463557633,      0.0, 349854.1463557633,   1.0
-0.035459938869097506,   0.035391164280358,  5.982696624756524, 53.17071982214648,  54.68850954478591,  0.3446664145437811,295.73989496880694,  58.08208969443999,349564.34700667753,      0.0,349564.34700667753,   1.0
-0.035455108570985404,0.035386332726471945,  5.982591718277228,  53.1706676759813,  54.68828571984315,  0.3446617523488521, 295.7394983342512,   57.0821908444408, 349733.1784888502,      0.0, 349733.1784888502,   1.0
  0.29999939999999997,0.035386332726471945,  5.982591718277228,  53.1706676759813,  54.68828571984315,  0.3446617523488521, 295.7394983342512,   57.0821908444408,266056.49094717554,      0.0,266056.49094717554,   1.0
-0.035455108570985404,-0.29999939999999997,  5.982591718277228,  53.1706676759813,  54.68828571984315,  0.3446617523488521, 295.7394983342512,   57.0821908444408, 317664.3167462003,      0.0, 317664.3167462003,   1.0
-0.035455108570985404,0.035386332726471945,  6.982591718277228,  53.1706676759813,  54.68828571984315,  0.3446617523488521, 295.7394983342512,   57.0821908444408, 349954.3586639309,      0.0, 349954.3586639309,   1.0
-0.035455108570985404,0.035386332726471945,  5.982591718277228,  54.1706676759813,  54.68828571984315,  0.3446617523488521, 295.7394983342512,   57.0821908444408, 350065.4332504157,      0.0, 350065.4332504157,   1.0
-0.035455108570985404,0.035386332726471945,  5.982591718277228,  53.1706676759813,  55.68828571984315,  0.3446617523488521, 295.7394983342512,   57.0821908444408, 349384.2847873458,      0.0, 349384.2847873458,   1.0
-0.035455108570985404,0.035386332726471945,  5.982591718277228,  53.1706676759813,  54.68828571984315, 0.02000057999999999, 295.7394983342512,   57.0821908444408,330376.00529283134,      0.0,330376.00529283134,   1.0
-0.035455108570985404,0.035386332726471945,  5.982591718277228,  53.1706676759813,  54.68828571984315,  0.3446617523488521, 296.7394983342512,   57.0821908444408, 349854.2034383953,      0.0, 349854.2034383953,   1.0
-0.035455108570985404,0.035386332726471945,  5.982591718277228,  53.1706676759813,  54.68828571984315,  0.3446617523488521, 295.7394983342512,   58.0821908444408, 349564.4146688152,      0.0, 349564.4146688152,   1.0
 -0.29999939999999997, 0.29999939999999997,  8.560447578680822,54.453390458112146,  60.18099862178231,          0.59999942, 305.4817348541744,  54.59643370311936, 316310.8186302099,      0.0, 316310.8186302099,   1.0
  0.29999939999999997, 0.29999939999999997,  8.560447578680822,54.453390458112146,  60.18099862178231,          0.59999942, 305.4817348541744,  54.59643370311936,258492.86858728196,      0.0,258492.86858728196,   1.0
 -0.29999939999999997,-0.29999939999999997,  8.560447578680822,54.453390458112146,  60.18099862178231,          0.59999942, 305.4817348541744,  54.59643370311936,267692.72609831084,      0.0,267692.72609831084,   1.0
 -0.29999939999999997, 0.29999939999999997,  9.560447578680822,54.453390458112146,  60.18099862178231,          0.59999942, 305.4817348541744,  54.59643370311936,316068.16034684575,      0.0,316068.16034684575,   1.0
 -0.29999939999999997, 0.29999939999999997,  8.560447578680822,55.453390458112146,  60.18099862178231,          0.59999942, 305.4817348541744,  54.59643370311936, 316577.1405051566,      0.0, 316577.1405051566,   1.0
 -0.29999939999999997, 0.29999939999999997,  8.560447578680822,54.453390458112146,  61.18099862178231,          0.59999942, 305.4817348541744,  54.59643370311936, 315672.8018535734,      0.0, 315672.8018535734,   1.0
 -0.29999939999999997, 0.29999939999999997,  8.560447578680822,54.453390458112146,  60.18099862178231,0.020000580000000046, 305.4817348541744,  54.59643370311936, 331722.3543346066,      0.0, 331722.3543346066,   1.0
 -0.29999939999999997, 0.29999939999999997,  8.560447578680822,54.453390458112146,  60.18099862178231,          0.59999942, 306.4817348541744,  54.59643370311936,316473.25767247623,      0.0,316473.25767247623,   1.0
 -0.29999939999999997, 0.29999939999999997,  8.560447578680822,54.453390458112146,  60.18099862178231,          0.59999942, 305.4817348541744,  55.59643370311936,317086.37343400717,      0.0,317086.37343400717,   1.0
 -0.08383952797938936, 0.08378333104666466, 6.4540744270910295,53.405274125963935, 55.692887721654586, 0.39136230572560815, 297.5213264553933,  56.62755273668407,  344366.609623061,      0.0,  344366.609623061,   1.0
  0.29999939999999997, 0.08378333104666466, 6.4540744270910295,53.405274125963935, 55.692887721654586, 0.39136230572560815, 297.5213264553933,  56.62755273668407,261753.80451310438,      0.0,261753.80451310438,   1.0
 -0.08383952797938936, -0.2999993999999999, 6.4540744270910295,53.405274125963935, 55.692887721654586, 0.39136230572560815, 297.5213264553933,  56.62755273668407,307055.71937249205,      0.0,307055.71937249205,   1.0
 -0.08383952797938936, 0.08378333104666466, 7.4540744270910295,53.405274125963935, 55.692887721654586, 0.39136230572560815, 297.5213264553933,  56.62755273668407,344352.63745928445,      0.0,344352.63745928445,   1.0
 -0.08383952797938936, 0.08378333104666466, 6.4540744270910295,54.405274125963935, 55.692887721654586, 0.39136230572560815, 297.5213264553933,  56.62755273668407,344636.83524147794,      0.0,344636.83524147794,   1.0
 -0.08383952797938936, 0.08378333104666466, 6.4540744270910295,53.405274125963935, 56.692887721654586, 0.39136230572560815, 297.5213264553933,  56.62755273668407,  344062.822920598,      0.0,  344062.822920598,   1.0
 -0.08383952797938936, 0.08378333104666466, 6.4540744270910295,53.405274125963935, 55.692887721654586, 0.02000057999999999, 297.5213264553933,  56.62755273668407, 340111.2756411225,      0.0, 340111.2756411225,   1.0
 -0.08383952797938936, 0.08378333104666466, 6.4540744270910295,53.405274125963935, 55.692887721654586, 0.39136230572560815, 298.5213264553933,  56.62755273668407, 344524.0202916113,      0.0, 344524.0202916113,   1.0
 -0.08383952797938936, 0.08378333104666466, 6.4540744270910295,53.405274125963935, 55.692887721654586, 0.39136230572560815, 297.5213264553933,  57.62755273668407, 344360.2053781907,      0.0, 344360.2053781907,   1.0
 -0.04340587087671807,0.043339162059956936,  6.060068042161573,53.209219344927845,  54.85336678986378,  0.3523358136269394,296.03229696724276,   57.0074825070442,349019.74083104066,      0.0,349019.74083104066,   1.0
   0.2999993999999999,0.043339162059956936,  6.060068042161573,53.209219344927845,  54.85336678986378,  0.3523358136269394,296.03229696724276,   57.0074825070442, 265351.6487158984,      0.0, 265351.6487158984,   1.0
 -0.04340587087671807,-0.29999939999999997,  6.060068042161573,53.209219344927845,  54.85336678986378,  0.3523358136269394,296.03229696724276,   57.0074825070442, 315520.1864649597,      0.0, 315520.1864649597,   1.0
 -0.04340587087671807,0.043339162059956936,  7.060068042161573,53.209219344927845,  54.85336678986378,  0.3523358136269394,296.03229696724276,   57.0074825070442, 349203.9840094228,      0.0, 349203.9840094228,   1.0
 -0.04340587087671807,0.043339162059956936,  6.060068042161573,54.209219344927845,  54.85336678986378,  0.3523358136269394,296.03229696724276,   57.0074825070442, 349335.3878195507,      0.0, 349335.3878195507,   1.0
 -0.04340587087671807,0.043339162059956936,  6.060068042161573,53.209219344927845,  55.85336678986378,  0.3523358136269394,296.03229696724276,   57.0074825070442, 348766.9447477926,      0.0, 348766.9447477926,   1.0
 -0.04340587087671807,0.043339162059956936,  6.060068042161573,53.209219344927845,  54.85336678986378, 0.02000057999999999,296.03229696724276,   57.0074825070442, 332611.1802077404,      0.0, 332611.1802077404,   1.0
 -0.04340587087671807,0.043339162059956936,  6.060068042161573,53.209219344927845,  54.85336678986378,  0.3523358136269394,297.03229696724276,   57.0074825070442, 349150.3658853695,      0.0, 349150.3658853695,   1.0
 -0.04340587087671807,0.043339162059956936,  6.060068042161573,53.209219344927845,  54.85336678986378,  0.3523358136269394,296.03229696724276,   58.0074825070442,348870.71432755335,      0.0,348870.71432755335,   1.0
 -0.03676316072356987,0.036694724944574264,  5.995338052318453,53.177010161344604, 54.715444706703536,  0.3459242819010976,295.78766929791874, 57.069899897008355, 349610.8444021494,      0.0, 349610.8444021494,   1.0
  0.29999939999999997,0.036694724944574264,  5.995338052318453,53.177010161344604, 54.715444706703536,  0.3459242819010976,295.78766929791874, 57.069899897008355,265990.56285674847,      0.0,265990.56285674847,   1.0
 -0.03676316072356987,-0.29999939999999997,  5.995338052318453,53.177010161344604, 54.715444706703536,  0.3459242819010976,295.78766929791874, 57.069899897008355, 317380.4907953978,      0.0, 317380.4907953978,   1.0
 -0.03676316072356987,0.036694724944574264,  6.995338052318453,53.177010161344604, 54.715444706703536,  0.3459242819010976,295.78766929791874, 57.069899897008355, 349813.7959910962,      0.0, 349813.7959910962,   1.0
 -0.03676316072356987,0.036694724944574264,  5.995338052318453,54.177010161344604, 54.715444706703536,  0.3459242819010976,295.78766929791874, 57.069899897008355, 350029.9549353693,      0.0, 350029.9549353693,   1.0
 -0.03676316072356987,0.036694724944574264,  5.995338052318453,53.177010161344604, 55.715444706703536,  0.3459242819010976,295.78766929791874, 57.069899897008355,349312.00602397165,      0.0,349312.00602397165,   1.0
 -0.03676316072356987,0.036694724944574264,  5.995338052318453,53.177010161344604, 54.715444706703536, 0.02000057999999999,295.78766929791874, 57.069899897008355,330714.84398065275,      0.0,330714.84398065275,   1.0
 -0.03676316072356987,0.036694724944574264,  5.995338052318453,53.177010161344604, 54.715444706703536,  0.3459242819010976,296.78766929791874, 57.069899897008355,349739.78697772825,      0.0,349739.78697772825,   1.0
 -0.03676316072356987,0.036694724944574264,  5.995338052318453,53.177010161344604, 54.715444706703536,  0.3459242819010976,295.78766929791874, 58.069899897008355, 349436.2811313513,      0.0, 349436.2811313513,   1.0
 -0.03566650443416065, 0.03559778354803974,  5.984651668472364, 53.17169269257976, 54.692674915991766, 0.34486579125047684, 295.7472833009472,   57.0802044898168, 349702.5570778162,      0.0, 349702.5570778162,   1.0
  0.29999939999999997, 0.03559778354803974,  5.984651668472364, 53.17169269257976, 54.692674915991766, 0.34486579125047684, 295.7472833009472,   57.0802044898168, 266074.3096126513,      0.0, 266074.3096126513,   1.0
 -0.03566650443416065,-0.29999939999999997,  5.984651668472364, 53.17169269257976, 54.692674915991766, 0.34486579125047684, 295.7472833009472,   57.0802044898168, 317622.3815093535,      0.0, 317622.3815093535,   1.0
 -0.03566650443416065, 0.03559778354803974,  6.984651668472364, 53.17169269257976, 54.692674915991766, 0.34486579125047684, 295.7472833009472,   57.0802044898168,349934.07956984965,      0.0,349934.07956984965,   1.0
 -0.03566650443416065, 0.03559778354803974,  5.984651668472364, 54.17169269257976, 54.692674915991766, 0.34486579125047684, 295.7472833009472,   57.0802044898168, 350019.6172112163,      0.0, 350019.6172112163,   1.0
 -0.03566650443416065, 0.03559778354803974,  5.984651668472364, 53.17169269257976, 55.692674915991766, 0.34486579125047684, 295.7472833009472,   57.0802044898168,349296.72721883794,      0.0,349296.72721883794,   1.0
 -0.03566650443416065, 0.03559778354803974,  5.984651668472364, 53.17169269257976, 54.692674915991766, 0.02000057999999999, 295.7472833009472,   57.0802044898168,330484.53132656775,      0.0,330484.53132656775,   1.0
 -0.03566650443416065, 0.03559778354803974,  5.984651668472364, 53.17169269257976, 54.692674915991766, 0.34486579125047684, 296.7472833009472,   57.0802044898168,349843.74850332196,      0.0,349843.74850332196,   1.0
 -0.03566650443416065, 0.03559778354803974,  5.984651668472364, 53.17169269257976, 54.692674915991766, 0.34486579125047684, 295.7472833009472,   58.0802044898168,349550.95457585936,      0.0,349550.95457585936,   1.0
 -0.03548543208917864, 0.03541666412812984,  5.982887206260205, 53.17081470870467,  54.68891532473356, 0.34469102055331274, 295.7406150428551,  57.08190591331834, 349725.5800797937,      0.0, 349725.5800797937,   1.0
  0.29999939999999997, 0.03541666412812984,  5.982887206260205, 53.17081470870467,  54.68891532473356, 0.34469102055331274, 295.7406150428551,  57.08190591331834,266050.93343825464,      0.0,266050.93343825464,   1.0
 -0.03548543208917864,-0.29999939999999997,  5.982887206260205, 53.17081470870467,  54.68891532473356, 0.34469102055331274, 295.7406150428551,  57.08190591331834, 317668.6916036756,      0.0, 317668.6916036756,   1.0
 -0.03548543208917864, 0.03541666412812984,  6.982887206260205, 53.17081470870467,  54.68891532473356, 0.34469102055331274, 295.7406150428551,  57.08190591331834, 349955.7115657665,      0.0, 349955.7115657665,   1.0
 -0.03548543208917864, 0.03541666412812984,  5.982887206260205, 54.17081470870467,  54.68891532473356, 0.34469102055331274, 295.7406150428551,  57.08190591331834,350050.25307536917,      0.0,350050.25307536917,   1.0
 -0.03548543208917864, 0.03541666412812984,  5.982887206260205, 53.17081470870467,  55.68891532473356, 0.34469102055331274, 295.7406150428551,  57.08190591331834, 349372.5915644046,      0.0, 349372.5915644046,   1.0
 -0.03548543208917864, 0.03541666412812984,  5.982887206260205, 53.17081470870467,  54.68891532473356, 0.02000057999999999, 295.7406150428551,  57.08190591331834, 330359.7278919144,      0.0, 330359.7278919144,   1.0
 -0.03548543208917864, 0.03541666412812984,  5.982887206260205, 53.17081470870467,  54.68891532473356, 0.34469102055331274, 296.7406150428551,  57.08190591331834,349856.33572904934,      0.0,349856.33572904934,   1.0
 -0.03548543208917864, 0.03541666412812984,  5.982887206260205, 53.17081470870467,  54.68891532473356, 0.34469102055331274, 295.7406150428551,  58.08190591331834,349568.42874934163,      0.0,349568.42874934163,   1.0
-0.035458643084532726,0.035389868158917016,  5.982626160398101, 53.17068481413622, 54.688359106677765,  0.3446651638548823, 295.7396284979632,  57.08215763282907, 349729.7539996437,      0.0, 349729.7539996437,   1.0
  0.29999939999999997,0.035389868158917016,  5.982626160398101, 53.17068481413622, 54.688359106677765,  0.3446651638548823, 295.7396284979632,  57.08215763282907, 266055.8506545507,      0.0, 266055.8506545507,   1.0
-0.035458643084532726,-0.29999939999999997,  5.982626160398101, 53.17068481413622, 54.688359106677765,  0.3446651638548823, 295.7396284979632,  57.08215763282907,  317664.557122764,      0.0,  317664.557122764,   1.0
-0.035458643084532726,0.035389868158917016,  6.982626160398101, 53.17068481413622, 54.688359106677765,  0.3446651638548823, 295.7396284979632,  57.08215763282907,349954.81488007744,      0.0,349954.81488007744,   1.0
-0.035458643084532726,0.035389868158917016,  5.982626160398101, 54.17068481413622, 54.688359106677765,  0.3446651638548823, 295.7396284979632,  57.08215763282907,350065.38775342616,      0.0,350065.38775342616,   1.0
-0.035458643084532726,0.035389868158917016,  5.982626160398101, 53.17068481413622, 55.688359106677765,  0.3446651638548823, 295.7396284979632,  57.08215763282907, 349380.2966574347,      0.0, 349380.2966574347,   1.0
-0.035458643084532726,0.035389868158917016,  5.982626160398101, 53.17068481413622, 54.688359106677765, 0.02000057999999999, 295.7396284979632,  57.08215763282907,330376.21691174427,      0.0,330376.21691174427,   1.0
-0.035458643084532726,0.035389868158917016,  5.982626160398101, 53.17068481413622, 54.688359106677765,  0.3446651638548823, 296.7396284979632,  57.08215763282907,349854.20267196535,      0.0,349854.20267196535,   1.0
-0.035458643084532726,0.035389868158917016,  5.982626160398101, 53.17068481413622, 54.688359106677765,  0.3446651638548823, 295.7396284979632,  58.08215763282907,349564.40175340004,      0.0,349564.40175340004,   1.0
 -0.03545529177801114, 0.03538651598112758,  5.982593503540869, 53.17066856431582,  54.68828952375662, 0.34466192917993926, 295.7395050811221,  57.08218912295904, 349733.1784888502,      0.0, 349733.1784888502,   1.0
  0.29999939999999997, 0.03538651598112758,  5.982593503540869, 53.17066856431582,  54.68828952375662, 0.34466192917993926, 295.7395050811221,  57.08218912295904,266056.49094717554,      0.0,266056.49094717554,   1.0
 -0.03545529177801114,-0.29999939999999997,  5.982593503540869, 53.17066856431582,  54.68828952375662, 0.34466192917993926, 295.7395050811221,  57.08218912295904, 317664.3167462003,      0.0, 317664.3167462003,   1.0
 -0.03545529177801114, 0.03538651598112758,  6.982593503540869, 53.17066856431582,  54.68828952375662, 0.34466192917993926, 295.7395050811221,  57.08218912295904, 349954.3586639309,      0.0, 349954.3586639309,   1.0
 -0.03545529177801114, 0.03538651598112758,  5.982593503540869, 54.17066856431582,  54.68828952375662, 0.34466192917993926, 295.7395050811221,  57.08218912295904, 350065.4332504157,      0.0, 350065.4332504157,   1.0
 -0.03545529177801114, 0.03538651598112758,  5.982593503540869, 53.17066856431582,  55.68828952375662, 0.34466192917993926, 295.7395050811221,  57.08218912295904, 349384.2847873458,      0.0, 349384.2847873458,   1.0
 -0.03545529177801114, 0.03538651598112758,  5.982593503540869, 53.17066856431582,  54.68828952375662, 0.02000057999999999, 295.7395050811221,  57.08218912295904,330376.00529283134,      0.0,330376.00529283134,   1.0
 -0.03545529177801114, 0.03538651598112758,  5.982593503540869, 53.17066856431582,  54.68828952375662, 0.34466192917993926, 296.7395050811221,  57.08218912295904, 349854.2034383953,      0.0, 349854.2034383953,   1.0
 -0.03545529177801114, 0.03538651598112758,  5.982593503540869, 53.17066856431582,  54.68828952375662, 0.34466192917993926, 295.7395050811221,  58.08218912295904, 349564.4146688152,      0.0, 349564.4146688152,   1.0
 -0.03545514723433284, 0.03538637139987102,  5.982592095032803,  53.1706678634522,  54.68828652260728,  0.3446617896666445, 295.7394997580864, 57.082190481145524, 349733.1784888502,      0.0, 349733.1784888502,   1.0
  0.29999939999999997, 0.03538637139987102,  5.982592095032803,  53.1706678634522,  54.68828652260728,  0.3446617896666445, 295.7394997580864, 57.082190481145524,266056.49094717554,      0.0,266056.49094717554,   1.0
 -0.03545514723433284,-0.29999939999999997,  5.982592095032803,  53.1706678634522,  54.68828652260728,  0.3446617896666445, 295.7394997580864, 57.082190481145524, 317664.3167462003,      0.0, 317664.3167462003,   1.0
 -0.03545514723433284, 0.03538637139987102,  6.982592095032803,  53.1706678634522,  54.68828652260728,  0.3446617896666445, 295.7394997580864, 57.082190481145524, 349954.3586639309,      0.0, 349954.3586639309,   1.0
 -0.03545514723433284, 0.03538637139987102,  5.982592095032803,  54.1706678634522,  54.68828652260728,  0.3446617896666445, 295.7394997580864, 57.082190481145524, 350065.4332504157,      0.0, 350065.4332504157,   1.0
 -0.03545514723433284, 0.03538637139987102,  5.982592095032803,  53.1706678634522,  55.68828652260728,  0.3446617896666445, 295.7394997580864, 57.082190481145524, 349384.2847873458,      0.0, 349384.2847873458,   1.0
 -0.03545514723433284, 0.03538637139987102,  5.982592095032803,  53.1706678634522,  54.68828652260728, 0.02000057999999999, 295.7394997580864, 57.082190481145524,330376.00529283134,      0.0,330376.00529283134,   1.0
 -0.03545514723433284, 0.03538637139987102,  5.982592095032803,  53.1706678634522,  54.68828652260728,  0.3446617896666445, 296.7394997580864, 57.082190481145524, 349854.2034383953,      0.0, 349854.2034383953,   1.0
 -0.03545514723433284, 0.03538637139987102,  5.982592095032803,  53.1706678634522,  54.68828652260728,  0.3446617896666445, 295.7394997580864, 58.082190481145524, 349564.4146688152,      0.0, 349564.4146688152,   1.0
  -0.0354551167303569,0.035386340887964704,  5.982591797786347,53.170667715544475,  54.68828588925556,  0.3446617602242626, 295.7394986347322, 57.082190767772296, 349733.1784888502,      0.0, 349733.1784888502,   1.0
  0.29999939999999997,0.035386340887964704,  5.982591797786347,53.170667715544475,  54.68828588925556,  0.3446617602242626, 295.7394986347322, 57.082190767772296,266056.49094717554,      0.0,266056.49094717554,   1.0
  -0.0354551167303569,-0.29999939999999997,  5.982591797786347,53.170667715544475,  54.68828588925556,  0.3446617602242626, 295.7394986347322, 57.082190767772296, 317664.3167462003,      0.0, 317664.3167462003,   1.0
  -0.0354551167303569,0.035386340887964704,  6.982591797786347,53.170667715544475,  54.68828588925556,  0.3446617602242626, 295.7394986347322, 57.082190767772296, 349954.3586639309,      0.0, 349954.3586639309,   1.0
  -0.0354551167303569,0.035386340887964704,  5.982591797786347,54.170667715544475,  54.68828588925556,  0.3446617602242626, 295.7394986347322, 57.082190767772296, 350065.4332504157,      0.0, 350065.4332504157,   1.0
  -0.0354551167303569,0.035386340887964704,  5.982591797786347,53.170667715544475,  55.68828588925556,  0.3446617602242626, 295.7394986347322, 57.082190767772296, 349384.2847873458,      0.0, 349384.2847873458,   1.0
  -0.0354551167303569,0.035386340887964704,  5.982591797786347,53.170667715544475,  54.68828588925556, 0.02000057999999999, 295.7394986347322, 57.082190767772296,330376.00529283134,      0.0,330376.00529283134,   1.0
  -0.0354551167303569,0.035386340887964704,  5.982591797786347,53.170667715544475,  54.68828588925556,  0.3446617602242626, 296.7394986347322, 57.082190767772296, 349854.2034383953,      0.0, 349854.2034383953,   1.0
  -0.0354551167303569,0.035386340887964704,  5.982591797786347,53.170667715544475,  54.68828588925556,  0.3446617602242626, 295.7394986347322, 58.082190767772296, 349564.4146688152,      0.0, 349564.4146688152,   1.0
 -0.03545511029290929,0.035386334448843496,  5.982591735056541, 53.17066768433057, 54.688285755595324,  0.3446617540108499, 295.7394983976636,  57.08219082826096, 349733.1784888502,      0.0, 349733.1784888502,   1.0
            0.2999994,0.035386334448843496,  5.982591735056541, 53.17066768433057, 54.688285755595324,  0.3446617540108499, 295.7394983976636,  57.08219082826096,266056.49094717554,      0.0,266056.49094717554,   1.0
 -0.03545511029290929,-0.29999939999999997,  5.982591735056541, 53.17066768433057, 54.688285755595324,  0.3446617540108499, 295.7394983976636,  57.08219082826096, 317664.3167462003,      0.0, 317664.3167462003,   1.0
 -0.03545511029290929,0.035386334448843496,  6.982591735056541, 53.17066768433057, 54.688285755595324,  0.3446617540108499, 295.7394983976636,  57.08219082826096, 349954.3586639309,      0.0, 349954.3586639309,   1.0
 -0.03545511029290929,0.035386334448843496,  5.982591735056541, 54.17066768433057, 54.688285755595324,  0.3446617540108499, 295.7394983976636,  57.08219082826096, 350065.4332504157,      0.0, 350065.4332504157,   1.0
 -0.03545511029290929,0.035386334448843496,  5.982591735056541, 53.17066768433057, 55.688285755595324,  0.3446617540108499, 295.7394983976636,  57.08219082826096, 349384.2847873458,      0.0, 349384.2847873458,   1.0
 -0.03545511029290929,0.035386334448843496,  5.982591735056541, 53.17066768433057, 54.688285755595324, 0.02000057999999999, 295.7394983976636,  57.08219082826096,330376.00529283134,      0.0,330376.00529283134,   1.0
 -0.03545511029290929,0.035386334448843496,  5.982591735056541, 53.17066768433057, 54.688285755595324,  0.3446617540108499, 296.7394983976636,  57.08219082826096, 349854.2034383953,      0.0, 349854.2034383953,   1.0
 -0.03545511029290929,0.035386334448843496,  5.982591735056541, 53.17066768433057, 54.688285755595324,  0.3446617540108499, 295.7394983976636,  58.08219082826096, 349564.4146688152,      0.0, 349564.4146688152,   1.0
  -0.0354551089343739, 0.03538633308995491,  5.982591721818273,53.170667677743296, 54.688285727388156, 0.34466175269959404, 295.7394983476335,  57.08219084102627, 349733.1784888502,      0.0, 349733.1784888502,   1.0
            0.2999994, 0.03538633308995491,  5.982591721818273,53.170667677743296, 54.688285727388156, 0.34466175269959404, 295.7394983476335,  57.08219084102627,266056.49094717554,      0.0,266056.49094717554,   1.0
  -0.0354551089343739,-0.29999939999999997,  5.982591721818273,53.170667677743296, 54.688285727388156, 0.34466175269959404, 295.7394983476335,  57.08219084102627, 317664.3167462003,      0.0, 317664.3167462003,   1.0
  -0.0354551089343739, 0.03538633308995491,  6.982591721818273,53.170667677743296, 54.688285727388156, 0.34466175269959404, 295.7394983476335,  57.08219084102627, 349954.3586639309,      0.0, 349954.3586639309,   1.0
  -0.0354551089343739, 0.03538633308995491,  5.982591721818273,54.170667677743296, 54.688285727388156, 0.34466175269959404, 295.7394983476335,  57.08219084102627, 350065.4332504157,      0.0, 350065.4332504157,   1.0
  -0.0354551089343739, 0.03538633308995491,  5.982591721818273,53.170667677743296, 55.688285727388156, 0.34466175269959404, 295.7394983476335,  57.08219084102627, 349384.2847873458,      0.0, 349384.2847873458,   1.0
  -0.0354551089343739, 0.03538633308995491,  5.982591721818273,53.170667677743296, 54.688285727388156, 0.02000057999999999, 295.7394983476335,  57.08219084102627,330376.00529283134,      0.0,330376.00529283134,   1.0
  -0.0354551089343739, 0.03538633308995491,  5.982591721818273,53.170667677743296, 54.688285727388156, 0.34466175269959404, 296.7394983476335,  57.08219084102627, 349854.2034383953,      0.0, 349854.2034383953,   1.0
  -0.0354551089343739, 0.03538633308995491,  5.982591721818273,53.170667677743296, 54.688285727388156, 0.34466175269959404, 295.7394983476335,  58.08219084102627, 349564.4146688152,      0.0, 349564.4146688152,   1.0
 -0.03545510864767357, 0.03538633280318004, 5.9825917190245175, 53.17066767635315,  54.68828572143542,  0.3446617524228714,295.73949833707536,  57.08219084372021, 349733.1784888502,      0.0, 349733.1784888502,   1.0
            0.2999994, 0.03538633280318004, 5.9825917190245175, 53.17066767635315,  54.68828572143542,  0.3446617524228714,295.73949833707536,  57.08219084372021,266056.49094717554,      0.0,266056.49094717554,   1.0
 -0.03545510864767357,-0.29999939999999997, 5.9825917190245175, 53.17066767635315,  54.68828572143542,  0.3446617524228714,295.73949833707536,  57.08219084372021, 317664.3167462003,      0.0, 317664.3167462003,   1.0
 -0.03545510864767357, 0.03538633280318004, 6.9825917190245175, 53.17066767635315,  54.68828572143542,  0.3446617524228714,295.73949833707536,  57.08219084372021, 349954.3586639309,      0.0, 349954.3586639309,   1.0
 -0.03545510864767357, 0.03538633280318004, 5.9825917190245175, 54.17066767635315,  54.68828572143542,  0.3446617524228714,295.73949833707536,  57.08219084372021, 350065.4332504157,      0.0, 350065.4332504157,   1.0
 -0.03545510864767357, 0.03538633280318004, 5.9825917190245175, 53.17066767635315,  55.68828572143542,  0.3446617524228714,295.73949833707536,  57.08219084372021, 349384.2847873458,      0.0, 349384.2847873458,   1.0
 -0.03545510864767357, 0.03538633280318004, 5.9825917190245175, 53.17066767635315,  54.68828572143542, 0.02000057999999999,295.73949833707536,  57.08219084372021,330376.00529283134,      0.0,330376.00529283134,   1.0
 -0.03545510864767357, 0.03538633280318004, 5.9825917190245175, 53.17066767635315,  54.68828572143542,  0.3446617524228714,296.73949833707536,  57.08219084372021, 349854.2034383953,      0.0, 349854.2034383953,   1.0
 -0.03545510864767357, 0.03538633280318004, 5.9825917190245175, 53.17066767635315,  54.68828572143542,  0.3446617524228714,295.73949833707536,  58.08219084372021, 349564.4146688152,      0.0, 349564.4146688152,   1.0
 -0.03545510858716939,0.035386332742660134,  5.982591718434933, 53.17066767605977,  54.68828572017918, 0.34466175236447283, 295.7394983348472,  57.08219084428873, 349733.1784888502,      0.0, 349733.1784888502,   1.0
  0.29999939999999997,0.035386332742660134,  5.982591718434933, 53.17066767605977,  54.68828572017918, 0.34466175236447283, 295.7394983348472,  57.08219084428873,266056.49094717554,      0.0,266056.49094717554,   1.0
 -0.03545510858716939,-0.29999939999999997,  5.982591718434933, 53.17066767605977,  54.68828572017918, 0.34466175236447283, 295.7394983348472,  57.08219084428873, 317664.3167462003,      0.0, 317664.3167462003,   1.0
 -0.03545510858716939,0.035386332742660134,  6.982591718434933, 53.17066767605977,  54.68828572017918, 0.34466175236447283, 295.7394983348472,  57.08219084428873, 349954.3586639309,      0.0, 349954.3586639309,   1.0
 -0.03545510858716939,0.035386332742660134,  5.982591718434933, 54.17066767605977,  54.68828572017918, 0.34466175236447283, 295.7394983348472,  57.08219084428873, 350065.4332504157,      0.0, 350065.4332504157,   1.0
 -0.03545510858716939,0.035386332742660134,  5.982591718434933, 53.17066767605977,  55.68828572017918, 0.34466175236447283, 295.7394983348472,  57.08219084428873, 349384.2847873458,      0.0, 349384.2847873458,   1.0
 -0.03545510858716939,0.035386332742660134,  5.982591718434933, 53.17066767605977,  54.68828572017918, 0.02000057999999999, 295.7394983348472,  57.08219084428873,330376.00529283134,      0.0,330376.00529283134,   1.0
 -0.03545510858716939,0.035386332742660134,  5.982591718434933, 53.17066767605977,  54.68828572017918, 0.34466175236447283, 296.7394983348472,  57.08219084428873, 349854.2034383953,      0.0, 349854.2034383953,   1.0
 -0.03545510858716939,0.035386332742660134,  5.982591718434933, 53.17066767605977,  54.68828572017918, 0.34466175236447283, 295.7394983348472,  58.08219084428873, 349564.4146688152,      0.0, 349564.4146688152,   1.0
  -0.0354551085744008,0.035386332729888226,  5.982591718310509, 53.17066767599786,  54.68828571991406, 0.34466175235214863,  295.739498334377,  57.08219084440871, 349733.1784888502,      0.0, 349733.1784888502,   1.0
  0.29999939999999997,0.035386332729888226,  5.982591718310509, 53.17066767599786,  54.68828571991406, 0.34466175235214863,  295.739498334377,  57.08219084440871,266056.49094717554,      0.0,266056.49094717554,   1.0
  -0.0354551085744008,-0.29999939999999997,  5.982591718310509, 53.17066767599786,  54.68828571991406, 0.34466175235214863,  295.739498334377,  57.08219084440871, 317664.3167462003,      0.0, 317664.3167462003,   1.0
  -0.0354551085744008,0.035386332729888226,  6.982591718310509, 53.17066767599786,  54.68828571991406, 0.34466175235214863,  295.739498334377,  57.08219084440871, 349954.3586639309,      0.0, 349954.3586639309,   1.0
  -0.0354551085744008,0.035386332729888226,  5.982591718310509, 54.17066767599786,  54.68828571991406, 0.34466175235214863,  295.739498334377,  57.08219084440871, 350065.4332504157,      0.0, 350065.4332504157,   1.0
  -0.0354551085744008,0.035386332729888226,  5.982591718310509, 53.17066767599786,  55.68828571991406, 0.34466175235214863,  295.739498334377,  57.08219084440871, 349384.2847873458,      0.0, 349384.2847873458,   1.0
  -0.0354551085744008,0.035386332729888226,  5.982591718310509, 53.17066767599786,  54.68828571991406, 0.02000057999999999,  295.739498334377,  57.08219084440871,330376.00529283134,      0.0,330376.00529283134,   1.0
  -0.0354551085744008,0.035386332729888226,  5.982591718310509, 53.17066767599786,  54.68828571991406, 0.34466175235214863,  296.739498334377,  57.08219084440871, 349854.2034383953,      0.0, 349854.2034383953,   1.0
  -0.0354551085744008,0.035386332729888226,  5.982591718310509, 53.17066767599786,  54.68828571991406, 0.34466175235214863,  295.739498334377,  58.08219084440871, 349564.4146688152,      0.0, 349564.4146688152,   1.0
 -0.03545510857170617,0.035386332727192896,  5.982591718284252,53.170667675984795, 54.688285719858115, 0.34466175234954777,295.73949833427776,  57.08219084443403, 349733.1784888502,      0.0, 349733.1784888502,   1.0
   0.2999993999999999,0.035386332727192896,  5.982591718284252,53.170667675984795, 54.688285719858115, 0.34466175234954777,295.73949833427776,  57.08219084443403,266056.49094717554,      0.0,266056.49094717554,   1.0
 -0.03545510857170617,-0.29999939999999997,  5.982591718284252,53.170667675984795, 54.688285719858115, 0.34466175234954777,295.73949833427776,  57.08219084443403, 317664.3167462003,      0.0, 317664.3167462003,   1.0
 -0.03545510857170617,0.035386332727192896,  6.982591718284252,53.170667675984795, 54.688285719858115, 0.34466175234954777,295.73949833427776,  57.08219084443403, 349954.3586639309,      0.0, 349954.3586639309,   1.0
 -0.03545510857170617,0.035386332727192896,  5.982591718284252,54.170667675984795, 54.688285719858115, 0.34466175234954777,295.73949833427776,  57.08219084443403, 350065.4332504157,      0.0, 350065.4332504157,   1.0
 -0.03545510857170617,0.035386332727192896,  5.982591718284252,53.170667675984795, 55.688285719858115, 0.34466175234954777,295.73949833427776,  57.08219084443403, 349384.2847873458,      0.0, 349384.2847873458,   1.0
 -0.03545510857170617,0.035386332727192896,  5.982591718284252,53.170667675984795, 54.688285719858115, 0.02000057999999999,295.73949833427776,  57.08219084443403,330376.00529283134,      0.0,330376.00529283134,   1.0
 -0.03545510857170617,0.035386332727192896,  5.982591718284252,53.170667675984795, 54.688285719858115, 0.34466175234954777,296.73949833427776,  57.08219084443403, 349854.2034383953,      0.0, 349854.2034383953,   1.0
 -0.03545510857170617,0.035386332727192896,  5.982591718284252,53.170667675984795, 54.688285719858115, 0.34466175234954777,295.73949833427776,  58.08219084443403, 349564.4146688152,      0.0, 349564.4146688152,   1.0
 -0.03545510857113751,0.035386332726624094, 5.9825917182787105, 53.17066767598204, 54.688285719846306, 0.34466175234899893,295.73949833425684, 57.082190844439374, 349733.1784888502,      0.0, 349733.1784888502,   1.0
   0.2999993999999999,0.035386332726624094, 5.9825917182787105, 53.17066767598204, 54.688285719846306, 0.34466175234899893,295.73949833425684, 57.082190844439374,266056.49094717554,      0.0,266056.49094717554,   1.0
 -0.03545510857113751,-0.29999939999999997, 5.9825917182787105, 53.17066767598204, 54.688285719846306, 0.34466175234899893,295.73949833425684, 57.082190844439374, 317664.3167462003,      0.0, 317664.3167462003,   1.0
 -0.03545510857113751,0.035386332726624094, 6.9825917182787105, 53.17066767598204, 54.688285719846306, 0.34466175234899893,295.73949833425684, 57.082190844439374, 349954.3586639309,      0.0, 349954.3586639309,   1.0
 -0.03545510857113751,0.035386332726624094, 5.9825917182787105, 54.17066767598204, 54.688285719846306, 0.34466175234899893,295.73949833425684, 57.082190844439374, 350065.4332504157,      0.0, 350065.4332504157,   1.0
 -0.03545510857113751,0.035386332726624094, 5.9825917182787105, 53.17066767598204, 55.688285719846306, 0.34466175234899893,295.73949833425684, 57.082190844439374, 349384.2847873458,      0.0, 349384.2847873458,   1.0
 -0.03545510857113751,0.035386332726624094, 5.9825917182787105, 53.17066767598204, 54.688285719846306, 0.02000057999999999,295.73949833425684, 57.082190844439374,330376.00529283134,      0.0,330376.00529283134,   1.0
 -0.03545510857113751,0.035386332726624094, 5.9825917182787105, 53.17066767598204, 54.688285719846306, 0.34466175234899893,296.73949833425684, 57.082190844439374, 349854.2034383953,      0.0, 349854.2034383953,   1.0
 -0.03545510857113751,0.035386332726624094, 5.9825917182787105, 53.17066767598204, 54.688285719846306, 0.34466175234899893,295.73949833425684, 58.082190844439374, 349564.4146688152,      0.0, 349564.4146688152,   1.0
  -0.0354551085710175, 0.03538633272650406,  5.982591718277541,53.170667675981456,  54.68828571984382,  0.3446617523488831, 295.7394983342524, 57.082190844440504, 349733.1784888502,      0.0, 349733.1784888502,   1.0
  0.29999939999999997, 0.03538633272650406,  5.982591718277541,53.170667675981456,  54.68828571984382,  0.3446617523488831, 295.7394983342524, 57.082190844440504,266056.49094717554,      0.0,266056.49094717554,   1.0
  -0.0354551085710175,-0.29999939999999997,  5.982591718277541,53.170667675981456,  54.68828571984382,  0.3446617523488831, 295.7394983342524, 57.082190844440504, 317664.3167462003,      0.0, 317664.3167462003,   1.0
  -0.0354551085710175, 0.03538633272650406,  6.982591718277541,53.170667675981456,  54.68828571984382,  0.3446617523488831, 295.7394983342524, 57.082190844440504, 349954.3586639309,      0.0, 349954.3586639309,   1.0
  -0.0354551085710175, 0.03538633272650406,  5.982591718277541,54.170667675981456,  54.68828571984382,  0.3446617523488831, 295.7394983342524, 57.082190844440504, 350065.4332504157,      0.0, 350065.4332504157,   1.0
  -0.0354551085710175, 0.03538633272650406,  5.982591718277541,53.170667675981456,  55.68828571984382,  0.3446617523488831, 295.7394983342524, 57.082190844440504, 349384.2847873458,      0.0, 349384.2847873458,   1.0
  -0.0354551085710175, 0.03538633272650406,  5.982591718277541,53.170667675981456,  54.68828571984382, 0.02000057999999999, 295.7394983342524, 57.082190844440504,330376.00529283134,      0.0,330376.00529283134,   1.0
  -0.0354551085710175, 0.03538633272650406,  5.982591718277541,53.170667675981456,  54.68828571984382,  0.3446617523488831, 296.7394983342524, 57.082190844440504, 349854.2034383953,      0.0, 349854.2034383953,   1.0
  -0.0354551085710175, 0.03538633272650406,  5.982591718277541,53.170667675981456,  54.68828571984382,  0.3446617523488831, 295.7394983342524, 58.082190844440504, 349564.4146688152,      0.0, 349564.4146688152,   1.0
 -0.03545510857109671, 0.03538633272658328,  5.982591718278313, 53.17066767598184,  54.68828571984546,  0.3446617523489595, 295.7394983342553,  57.08219084443976, 349733.1784888502,      0.0, 349733.1784888502,   1.0
            0.2999994, 0.03538633272658328,  5.982591718278313, 53.17066767598184,  54.68828571984546,  0.3446617523489595, 295.7394983342553,  57.08219084443976,266056.49094717554,      0.0,266056.49094717554,   1.0
 -0.03545510857109671,-0.29999939999999997,  5.982591718278313, 53.17066767598184,  54.68828571984546,  0.3446617523489595, 295.7394983342553,  57.08219084443976, 317664.3167462003,      0.0, 317664.3167462003,   1.0
 -0.03545510857109671, 0.03538633272658328,  6.982591718278313, 53.17066767598184,  54.68828571984546,  0.3446617523489595, 295.7394983342553,  57.08219084443976, 349954.3586639309,      0.0, 349954.3586639309,   1.0
 -0.03545510857109671, 0.03538633272658328,  5.982591718278313, 54.17066767598184,  54.68828571984546,  0.3446617523489595, 295.7394983342553,  57.08219084443976, 350065.4332504157,      0.0, 350065.4332504157,   1.0
 -0.03545510857109671, 0.03538633272658328,  5.982591718278313, 53.17066767598184,  55.68828571984546,  0.3446617523489595, 295.7394983342553,  57.08219084443976, 349384.2847873458,      0.0, 349384.2847873458,   1.0
 -0.03545510857109671, 0.03538633272658328,  5.982591718278313, 53.17066767598184,  54.68828571984546, 0.02000057999999999, 295.7394983342553,  57.08219084443976,330376.00529283134,      0.0,330376.00529283134,   1.0
 -0.03545510857109671, 0.03538633272658328,  5.982591718278313, 53.17066767598184,  54.68828571984546,  0.3446617523489595, 296.7394983342553,  57.08219084443976, 349854.2034383953,      0.0, 349854.2034383953,   1.0
 -0.03545510857109671, 0.03538633272658328,  5.982591718278313, 53.17066767598184,  54.68828571984546,  0.3446617523489595, 295.7394983342553,  58.08219084443976, 349564.4146688152,      0.0, 349564.4146688152,   1.0
-0.035455108571034205, 0.03538633272652076,  5.982591718277703,53.170667675981534,  54.68828571984417,  0.3446617523488992,  295.739498334253,  57.08219084444034, 349733.1784888502,      0.0, 349733.1784888502,   1.0
            0.2999994, 0.03538633272652076,  5.982591718277703,53.170667675981534,  54.68828571984417,  0.3446617523488992,  295.739498334253,  57.08219084444034,266056.49094717554,      0.0,266056.49094717554,   1.0
-0.035455108571034205,-0.29999939999999997,  5.982591718277703,53.170667675981534,  54.68828571984417,  0.3446617523488992,  295.739498334253,  57.08219084444034, 317664.3167462003,      0.0, 317664.3167462003,   1.0
-0.035455108571034205, 0.03538633272652076,  6.982591718277703,53.170667675981534,  54.68828571984417,  0.3446617523488992,  295.739498334253,  57.08219084444034, 349954.3586639309,      0.0, 349954.3586639309,   1.0
-0.035455108571034205, 0.03538633272652076,  5.982591718277703,54.170667675981534,  54.68828571984417,  0.3446617523488992,  295.739498334253,  57.08219084444034, 350065.4332504157,      0.0, 350065.4332504157,   1.0
-0.035455108571034205, 0.03538633272652076,  5.982591718277703,53.170667675981534,  55.68828571984417,  0.3446617523488992,  295.739498334253,  57.08219084444034, 349384.2847873458,      0.0, 349384.2847873458,   1.0
-0.035455108571034205, 0.03538633272652076,  5.982591718277703,53.170667675981534,  54.68828571984417, 0.02000057999999999,  295.739498334253,  57.08219084444034,330376.00529283134,      0.0,330376.00529283134,   1.0
-0.035455108571034205, 0.03538633272652076,  5.982591718277703,53.170667675981534,  54.68828571984417,  0.3446617523488992,  296.739498334253,  57.08219084444034, 349854.2034383953,      0.0, 349854.2034383953,   1.0
-0.035455108571034205, 0.03538633272652076,  5.982591718277703,53.170667675981534,  54.68828571984417,  0.3446617523488992,  295.739498334253,  58.08219084444034, 349564.4146688152,      0.0, 349564.4146688152,   1.0
 -0.29999939999999997, 0.29999939999999997,           59.99988,          79.99994,          -89.99974,          0.59999942,         499.99955,           5.000115,215485.58540442638,      0.0,215485.58540442638,   1.0
  0.29999939999999997, 0.29999939999999997,           59.99988,          79.99994,          -89.99974,          0.59999942,         499.99955,           5.000115,235847.90889371434,      0.0,235847.90889371434,   1.0
 -0.29999939999999997,-0.29999939999999997,           59.99988,          79.99994,          -89.99974,          0.59999942,         499.99955,           5.000115, 228745.8897994933,      0.0, 228745.8897994933,   1.0
 -0.29999939999999997, 0.29999939999999997,           58.99988,          79.99994,          -89.99974,          0.59999942,         499.99955,           5.000115,215253.85359184406,      0.0,215253.85359184406,   1.0
 -0.29999939999999997, 0.29999939999999997,           59.99988,          78.99994,          -89.99974,          0.59999942,         499.99955,           5.000115, 208437.7414728873,      0.0, 208437.7414728873,   1.0
 -0.29999939999999997, 0.29999939999999997,           59.99988,          79.99994,          -88.99974,          0.59999942,         499.99955,           5.000115,213891.01556181491,      0.0,213891.01556181491,   1.0
 -0.29999939999999997, 0.29999939999999997,           59.99988,          79.99994,          -89.99974,0.020000580000000046,         499.99955,           5.000115,210059.57394177385,      0.0,210059.57394177385,   1.0
 -0.29999939999999997, 0.29999939999999997,           59.99988,          79.99994,          -89.99974,          0.59999942,         498.99955,           5.000115,215512.59225882575,      0.0,215512.59225882575,   1.0
 -0.29999939999999997, 0.29999939999999997,           59.99988,          79.99994,          -89.99974,          0.59999942,         499.99955,           6.000115,215659.25385830793,      0.0,215659.25385830793,   1.0
-0.060787275995877195, 0.06072508597182726, 11.155165971153988,55.739778559942394,  40.83328521269511,  0.3691123141503563, 315.2989823021834, 52.094928189856894,351292.82540673733,      0.0,351292.82540673733,   1.0
  0.29999939999999997, 0.06072508597182726, 11.155165971153988,55.739778559942394,  40.83328521269511,  0.3691123141503563, 315.2989823021834, 52.094928189856894,265660.07433395606,      0.0,265660.07433395606,   1.0
-0.060787275995877195,-0.29999939999999997, 11.155165971153988,55.739778559942394,  40.83328521269511,  0.3691123141503563, 315.2989823021834, 52.094928189856894, 289541.9718343251,      0.0, 289541.9718343251,   1.0
-0.060787275995877195, 0.06072508597182726, 12.155165971153988,55.739778559942394,  40.83328521269511,  0.3691123141503563, 315.2989823021834, 52.094928189856894, 351707.9863446064,      0.0, 351707.9863446064,   1.0
-0.060787275995877195, 0.06072508597182726, 11.155165971153988,56.739778559942394,  40.83328521269511,  0.3691123141503563, 315.2989823021834, 52.094928189856894, 351349.8241082309,      0.0, 351349.8241082309,   1.0
-0.060787275995877195, 0.06072508597182726, 11.155165971153988,55.739778559942394,  41.83328521269511,  0.3691123141503563, 315.2989823021834, 52.094928189856894, 351750.5698925635,      0.0, 351750.5698925635,   1.0
-0.060787275995877195, 0.06072508597182726, 11.155165971153988,55.739778559942394,  40.83328521269511, 0.02000057999999999, 315.2989823021834, 52.094928189856894,324551.24772168044,      0.0,324551.24772168044,   1.0
-0.060787275995877195, 0.06072508597182726, 11.155165971153988,55.739778559942394,  40.83328521269511,  0.3691123141503563, 316.2989823021834, 52.094928189856894,351419.53099931864,      0.0,351419.53099931864,   1.0
-0.060787275995877195, 0.06072508597182726, 11.155165971153988,55.739778559942394,  40.83328521269511,  0.3691123141503563, 315.2989823021834, 53.094928189856894,351217.16249652416,      0.0,351217.16249652416,   1.0
 -0.29999939999999997, 0.29999939999999997,  30.70999345268922, 65.45156870148287,-11.541290748856959,  0.5975950999306011, 389.2401986511083,  33.24150539369023, 206523.1422607343,      0.0, 206523.1422607343,   1.0
  0.29999939999999997, 0.29999939999999997,  30.70999345268922, 65.45156870148287,-11.541290748856959,  0.5975950999306011, 389.2401986511083,  33.24150539369023,238345.72868756816,      0.0,238345.72868756816,   1.0
 -0.29999939999999997,-0.29999939999999997,  30.70999345268922, 65.45156870148287,-11.541290748856959,  0.5975950999306011, 389.2401986511083,  33.24150539369023,255723.53178062424,      0.0,255723.53178062424,   1.0
 -0.29999939999999997, 0.29999939999999997,  31.70999345268922, 65.45156870148287,-11.541290748856959,  0.5975950999306011, 389.2401986511083,  33.24150539369023,208264.44458497383,      0.0,208264.44458497383,   1.0
 -0.29999939999999997, 0.29999939999999997,  30.70999345268922, 66.45156870148287,-11.541290748856959,  0.5975950999306011, 389.2401986511083,  33.24150539369023,208075.15583860682,      0.0,208075.15583860682,   1.0
 -0.29999939999999997, 0.29999939999999997,  30.70999345268922, 65.45156870148287,-10.541290748856959,  0.5975950999306011, 389.2401986511083,  33.24150539369023, 210170.4136631797,      0.0, 210170.4136631797,   1.0
 -0.29999939999999997, 0.29999939999999997,  30.70999345268922, 65.45156870148287,-11.541290748856959,0.020000580000000046, 389.2401986511083,  33.24150539369023, 93188.99347203091,      0.0, 93188.99347203091,   1.0
 -0.29999939999999997, 0.29999939999999997,  30.70999345268922, 65.45156870148287,-11.541290748856959,  0.5975950999306011, 390.2401986511083,  33.24150539369023,206120.18198224614,      0.0,206120.18198224614,   1.0
 -0.29999939999999997, 0.29999939999999997,  30.70999345268922, 65.45156870148287,-11.541290748856959,  0.5975950999306011, 389.2401986511083,  34.24150539369023,208959.68669650846,      0.0,208959.68669650846,   1.0
  -0.0929918309315987, 0.09293801340143597, 13.787785527998874,57.047253590480764, 33.782221576974656, 0.39987240399596863, 325.2535110445559,  49.55673706474875, 344866.8701731224,      0.0, 344866.8701731224,   1.0
  0.29999939999999997, 0.09293801340143597, 13.787785527998874,57.047253590480764, 33.782221576974656, 0.39987240399596863, 325.2535110445559,  49.55673706474875, 262041.5618214012,      0.0, 262041.5618214012,   1.0
  -0.0929918309315987,-0.29999939999999997, 13.787785527998874,57.047253590480764, 33.782221576974656, 0.39987240399596863, 325.2535110445559,  49.55673706474875,271246.87128281535,      0.0,271246.87128281535,   1.0
  -0.0929918309315987, 0.09293801340143597, 14.787785527998874,57.047253590480764, 33.782221576974656, 0.39987240399596863, 325.2535110445559,  49.55673706474875, 345384.0852990161,      0.0, 345384.0852990161,   1.0
  -0.0929918309315987, 0.09293801340143597, 13.787785527998874,58.047253590480764, 33.782221576974656, 0.39987240399596863, 325.2535110445559,  49.55673706474875, 344735.8234812366,      0.0, 344735.8234812366,   1.0
  -0.0929918309315987, 0.09293801340143597, 13.787785527998874,57.047253590480764, 34.782221576974656, 0.39987240399596863, 325.2535110445559,  49.55673706474875,345488.94153023046,      0.0,345488.94153023046,   1.0
  -0.0929918309315987, 0.09293801340143597, 13.787785527998874,57.047253590480764, 33.782221576974656, 0.02000057999999999, 325.2535110445559,  49.55673706474875, 319703.3264281687,      0.0, 319703.3264281687,   1.0
  -0.0929918309315987, 0.09293801340143597, 13.787785527998874,57.047253590480764, 33.782221576974656, 0.39987240399596863, 326.2535110445559,  49.55673706474875,344945.34916429885,      0.0,344945.34916429885,   1.0
  -0.0929918309315987, 0.09293801340143597, 13.787785527998874,57.047253590480764, 33.782221576974656, 0.39987240399596863, 325.2535110445559,  50.55673706474875, 344967.4532157775,      0.0, 344967.4532157775,   1.0
 -0.06533117412487789, 0.06527016541693013, 11.526615137354058, 55.92425660526351, 39.838416166196446, 0.37345240563668003,  316.703515437879, 51.736802392824615,350425.62211711984,      0.0,350425.62211711984,   1.0
  0.29999939999999997, 0.06527016541693013, 11.526615137354058, 55.92425660526351, 39.838416166196446, 0.37345240563668003,  316.703515437879, 51.736802392824615, 265187.5476003818,      0.0, 265187.5476003818,   1.0
 -0.06533117412487789,-0.29999939999999997, 11.526615137354058, 55.92425660526351, 39.838416166196446, 0.37345240563668003,  316.703515437879, 51.736802392824615,287098.16424624925,      0.0,287098.16424624925,   1.0
 -0.06533117412487789, 0.06527016541693013, 12.526615137354058, 55.92425660526351, 39.838416166196446, 0.37345240563668003,  316.703515437879, 51.736802392824615, 350843.6711356847,      0.0, 350843.6711356847,   1.0
 -0.06533117412487789, 0.06527016541693013, 11.526615137354058, 56.92425660526351, 39.838416166196446, 0.37345240563668003,  316.703515437879, 51.736802392824615, 350635.5435695336,      0.0, 350635.5435695336,   1.0
 -0.06533117412487789, 0.06527016541693013, 11.526615137354058, 55.92425660526351, 40.838416166196446, 0.37345240563668003,  316.703515437879, 51.736802392824615,350856.57632830465,      0.0,350856.57632830465,   1.0
 -0.06533117412487789, 0.06527016541693013, 11.526615137354058, 55.92425660526351, 39.838416166196446, 0.02000057999999999,  316.703515437879, 51.736802392824615,324476.73357822595,      0.0,324476.73357822595,   1.0
 -0.06533117412487789, 0.06527016541693013, 11.526615137354058, 55.92425660526351, 39.838416166196446, 0.37345240563668003,  317.703515437879, 51.736802392824615, 350569.6994561523,      0.0, 350569.6994561523,   1.0
 -0.06533117412487789, 0.06527016541693013, 11.526615137354058, 55.92425660526351, 39.838416166196446, 0.37345240563668003,  316.703515437879, 52.736802392824615,350402.81939165527,      0.0,350402.81939165527,   1.0
 -0.06140544169736896, 0.06134341238314928,  11.20569904383163, 55.76487551349598,  40.69794020614749, 0.36970275337720837,315.49005925559356, 52.046207668784504,351221.52783798927,      0.0,351221.52783798927,   1.0
  0.29999939999999997, 0.06134341238314928,  11.20569904383163, 55.76487551349598,  40.69794020614749, 0.36970275337720837,315.49005925559356, 52.046207668784504,265533.02886657015,      0.0,265533.02886657015,   1.0
 -0.06140544169736896,-0.29999939999999997,  11.20569904383163, 55.76487551349598,  40.69794020614749, 0.36970275337720837,315.49005925559356, 52.046207668784504, 289149.6958847163,      0.0, 289149.6958847163,   1.0
 -0.06140544169736896, 0.06134341238314928,  12.20569904383163, 55.76487551349598,  40.69794020614749, 0.36970275337720837,315.49005925559356, 52.046207668784504,351634.50762697373,      0.0,351634.50762697373,   1.0
 -0.06140544169736896, 0.06134341238314928,  11.20569904383163, 56.76487551349598,  40.69794020614749, 0.36970275337720837,315.49005925559356, 52.046207668784504,351290.55926634505,      0.0,351290.55926634505,   1.0
 -0.06140544169736896, 0.06134341238314928,  11.20569904383163, 55.76487551349598,  41.69794020614749, 0.36970275337720837,315.49005925559356, 52.046207668784504,  351630.426808259,      0.0,  351630.426808259,   1.0
 -0.06140544169736896, 0.06134341238314928,  11.20569904383163, 55.76487551349598,  40.69794020614749, 0.02000057999999999,315.49005925559356, 52.046207668784504,324560.16697289114,      0.0,324560.16697289114,   1.0
 -0.06140544169736896, 0.06134341238314928,  11.20569904383163, 55.76487551349598,  40.69794020614749, 0.36970275337720837,316.49005925559356, 52.046207668784504,351345.97219158587,      0.0,351345.97219158587,   1.0
 -0.06140544169736896, 0.06134341238314928,  11.20569904383163, 55.76487551349598,  40.69794020614749, 0.36970275337720837,315.49005925559356, 53.046207668784504,351154.35832254554,      0.0,351154.35832254554,   1.0
-0.060884691768414566, 0.06082252707037711, 11.163129399570835, 55.74373354986315,  40.81195640338056,  0.3692053605508301, 315.3290938224208,   52.0872503986316, 351321.6558088385,      0.0, 351321.6558088385,   1.0
  0.29999939999999997, 0.06082252707037711, 11.163129399570835, 55.74373354986315,  40.81195640338056,  0.3692053605508301, 315.3290938224208,   52.0872503986316,265628.43325791333,      0.0,265628.43325791333,   1.0
-0.060884691768414566,-0.29999939999999997, 11.163129399570835, 55.74373354986315,  40.81195640338056,  0.3692053605508301, 315.3290938224208,   52.0872503986316, 289495.7160782283,      0.0, 289495.7160782283,   1.0
-0.060884691768414566, 0.06082252707037711, 12.163129399570835, 55.74373354986315,  40.81195640338056,  0.3692053605508301, 315.3290938224208,   52.0872503986316, 351736.7780561633,      0.0, 351736.7780561633,   1.0
-0.060884691768414566, 0.06082252707037711, 11.163129399570835, 56.74373354986315,  40.81195640338056,  0.3692053605508301, 315.3290938224208,   52.0872503986316,  351345.780032736,      0.0,  351345.780032736,   1.0
-0.060884691768414566, 0.06082252707037711, 11.163129399570835, 55.74373354986315,  41.81195640338056,  0.3692053605508301, 315.3290938224208,   52.0872503986316, 351746.4748254614,      0.0, 351746.4748254614,   1.0
-0.060884691768414566, 0.06082252707037711, 11.163129399570835, 55.74373354986315,  40.81195640338056, 0.02000057999999999, 315.3290938224208,   52.0872503986316, 324602.2192234233,      0.0, 324602.2192234233,   1.0
-0.060884691768414566, 0.06082252707037711, 11.163129399570835, 55.74373354986315,  40.81195640338056,  0.3692053605508301, 316.3290938224208,   52.0872503986316,351449.98400250654,      0.0,351449.98400250654,   1.0
-0.060884691768414566, 0.06082252707037711, 11.163129399570835, 55.74373354986315,  40.81195640338056,  0.3692053605508301, 315.3290938224208,   53.0872503986316,351254.19282406755,      0.0,351254.19282406755,   1.0
  -0.0609558602914931, 0.06089371409574595, 11.168947199135594, 55.74662292582475,  40.79637432854399, 0.36927333696498776,315.35109223568725,  52.08164127551142,351331.95020242815,      0.0,351331.95020242815,   1.0
  0.29999939999999997, 0.06089371409574595, 11.168947199135594, 55.74662292582475,  40.79637432854399, 0.36927333696498776,315.35109223568725,  52.08164127551142,265618.22321249597,      0.0,265618.22321249597,   1.0
  -0.0609558602914931,-0.29999939999999997, 11.168947199135594, 55.74662292582475,  40.79637432854399, 0.36927333696498776,315.35109223568725,  52.08164127551142, 289478.2821732355,      0.0, 289478.2821732355,   1.0
  -0.0609558602914931, 0.06089371409574595, 12.168947199135594, 55.74662292582475,  40.79637432854399, 0.36927333696498776,315.35109223568725,  52.08164127551142, 351743.4526041771,      0.0, 351743.4526041771,   1.0
  -0.0609558602914931, 0.06089371409574595, 11.168947199135594, 56.74662292582475,  40.79637432854399, 0.36927333696498776,315.35109223568725,  52.08164127551142,351353.02241876005,      0.0,351353.02241876005,   1.0
  -0.0609558602914931, 0.06089371409574595, 11.168947199135594, 55.74662292582475,  41.79637432854399, 0.36927333696498776,315.35109223568725,  52.08164127551142, 351727.7172563325,      0.0, 351727.7172563325,   1.0
  -0.0609558602914931, 0.06089371409574595, 11.168947199135594, 55.74662292582475,  40.79637432854399, 0.02000057999999999,315.35109223568725,  52.08164127551142, 324605.8879119365,      0.0, 324605.8879119365,   1.0
  -0.0609558602914931, 0.06089371409574595, 11.168947199135594, 55.74662292582475,  40.79637432854399, 0.36927333696498776,316.35109223568725,  52.08164127551142,351460.64983268944,      0.0,351460.64983268944,   1.0
  -0.0609558602914931, 0.06089371409574595, 11.168947199135594, 55.74662292582475,  40.79637432854399, 0.36927333696498776,315.35109223568725,  53.08164127551142, 351262.6332923289,      0.0, 351262.6332923289,   1.0
-0.061180650994431034,0.061118563239447615, 11.187323121483612,55.755749219660366,  40.74715726734574, 0.36948804517109807, 315.4205757456404,  52.06392447214797,351262.13728501555,      0.0,351262.13728501555,   1.0
  0.29999939999999997,0.061118563239447615, 11.187323121483612,55.755749219660366,  40.74715726734574, 0.36948804517109807, 315.4205757456404,  52.06392447214797,265576.22792294365,      0.0,265576.22792294365,   1.0
-0.061180650994431034, -0.2999993999999999, 11.187323121483612,55.755749219660366,  40.74715726734574, 0.36948804517109807, 315.4205757456404,  52.06392447214797, 289416.2670127695,      0.0, 289416.2670127695,   1.0
-0.061180650994431034,0.061118563239447615, 12.187323121483612,55.755749219660366,  40.74715726734574, 0.36948804517109807, 315.4205757456404,  52.06392447214797, 351673.0559426265,      0.0, 351673.0559426265,   1.0
-0.061180650994431034,0.061118563239447615, 11.187323121483612,56.755749219660366,  40.74715726734574, 0.36948804517109807, 315.4205757456404,  52.06392447214797, 351312.2092426063,      0.0, 351312.2092426063,   1.0
-0.061180650994431034,0.061118563239447615, 11.187323121483612,55.755749219660366,  41.74715726734574, 0.36948804517109807, 315.4205757456404,  52.06392447214797, 351693.0397683219,      0.0, 351693.0397683219,   1.0
-0.061180650994431034,0.061118563239447615, 11.187323121483612,55.755749219660366,  40.74715726734574, 0.02000057999999999, 315.4205757456404,  52.06392447214797,324611.30311094306,      0.0,324611.30311094306,   1.0
-0.061180650994431034,0.061118563239447615, 11.187323121483612,55.755749219660366,  40.74715726734574, 0.36948804517109807, 316.4205757456404,  52.06392447214797,  351386.151256028,      0.0,  351386.151256028,   1.0
-0.061180650994431034,0.061118563239447615, 11.187323121483612,55.755749219660366,  40.74715726734574, 0.36948804517109807, 315.4205757456404,  53.06392447214797,351194.38672236615,      0.0,351194.38672236615,   1.0
 -0.06098152406432322, 0.06091938454060682, 11.171045130635962,  55.7476648511745, 40.790755344033286, 0.36929784964524703,315.35902498820576, 52.079618593919825,351312.35112561885,      0.0,351312.35112561885,   1.0
  0.29999939999999997, 0.06091938454060682, 11.171045130635962,  55.7476648511745, 40.790755344033286, 0.36929784964524703,315.35902498820576, 52.079618593919825, 265620.7520784869,      0.0, 265620.7520784869,   1.0
 -0.06098152406432322,-0.29999939999999997, 11.171045130635962,  55.7476648511745, 40.790755344033286, 0.36929784964524703,315.35902498820576, 52.079618593919825, 289469.3128414592,      0.0, 289469.3128414592,   1.0
 -0.06098152406432322, 0.06091938454060682, 12.171045130635962,  55.7476648511745, 40.790755344033286, 0.36929784964524703,315.35902498820576, 52.079618593919825, 351724.8765860561,      0.0, 351724.8765860561,   1.0
 -0.06098152406432322, 0.06091938454060682, 11.171045130635962,  56.7476648511745, 40.790755344033286, 0.36929784964524703,315.35902498820576, 52.079618593919825, 351351.1218199438,      0.0, 351351.1218199438,   1.0
 -0.06098152406432322, 0.06091938454060682, 11.171045130635962,  55.7476648511745, 41.790755344033286, 0.36929784964524703,315.35902498820576, 52.079618593919825, 351728.0857521737,      0.0, 351728.0857521737,   1.0
 -0.06098152406432322, 0.06091938454060682, 11.171045130635962,  55.7476648511745, 40.790755344033286, 0.02000057999999999,315.35902498820576, 52.079618593919825, 324631.0556288166,      0.0, 324631.0556288166,   1.0
 -0.06098152406432322, 0.06091938454060682, 11.171045130635962,  55.7476648511745, 40.790755344033286, 0.36929784964524703,316.35902498820576, 52.079618593919825, 351442.1831679939,      0.0, 351442.1831679939,   1.0
 -0.06098152406432322, 0.06091938454060682, 11.171045130635962,  55.7476648511745, 40.790755344033286, 0.36929784964524703,315.35902498820576, 53.079618593919825,351243.13687023474,      0.0,351243.13687023474,   1.0
 -0.06095762324894972, 0.06089547751153371, 11.169091315279644,  55.7466945002607,  40.79598833577872,  0.3692750208488318, 315.3516371713558,  52.08150232861465,   351332.00282148,      0.0,   351332.00282148,   1.0
  0.29999939999999997, 0.06089547751153371, 11.169091315279644,  55.7466945002607,  40.79598833577872,  0.3692750208488318, 315.3516371713558,  52.08150232861465, 265618.1460895657,      0.0, 265618.1460895657,   1.0
 -0.06095762324894972,          -0.2999994, 11.169091315279644,  55.7466945002607,  40.79598833577872,  0.3692750208488318, 315.3516371713558,  52.08150232861465, 289478.3694494271,      0.0, 289478.3694494271,   1.0
 -0.06095762324894972, 0.06089547751153371, 12.169091315279644,  55.7466945002607,  40.79598833577872,  0.3692750208488318, 315.3516371713558,  52.08150232861465,351743.37505689467,      0.0,351743.37505689467,   1.0
 -0.06095762324894972, 0.06089547751153371, 11.169091315279644,  56.7466945002607,  40.79598833577872,  0.3692750208488318, 315.3516371713558,  52.08150232861465,351353.04630879866,      0.0,351353.04630879866,   1.0
 -0.06095762324894972, 0.06089547751153371, 11.169091315279644,  55.7466945002607,  41.79598833577872,  0.3692750208488318, 315.3516371713558,  52.08150232861465, 351727.3398107797,      0.0, 351727.3398107797,   1.0
 -0.06095762324894972, 0.06089547751153371, 11.169091315279644,  55.7466945002607,  40.79598833577872, 0.02000057999999999, 315.3516371713558,  52.08150232861465, 324606.0699110987,      0.0, 324606.0699110987,   1.0
 -0.06095762324894972, 0.06089547751153371, 11.169091315279644,  55.7466945002607,  40.79598833577872,  0.3692750208488318, 316.3516371713558,  52.08150232861465,351460.58413189347,      0.0,351460.58413189347,   1.0
 -0.06095762324894972, 0.06089547751153371, 11.169091315279644,  55.7466945002607,  40.79598833577872,  0.3692750208488318, 315.3516371713558,  53.08150232861465,351262.58299805975,      0.0,351262.58299805975,   1.0
 -0.06095918550269491, 0.06089704017143139, 11.169219024536007,55.746757926312306,  40.79564628632036,  0.3692765130310917,315.35212006887883,  52.08137920011313, 351332.1262487457,      0.0, 351332.1262487457,   1.0
  0.29999939999999997, 0.06089704017143139, 11.169219024536007,55.746757926312306,  40.79564628632036,  0.3692765130310917,315.35212006887883,  52.08137920011313,265617.80159713124,      0.0,265617.80159713124,   1.0
 -0.06095918550269491,-0.29999939999999997, 11.169219024536007,55.746757926312306,  40.79564628632036,  0.3692765130310917,315.35212006887883,  52.08137920011313,289478.36682275956,      0.0,289478.36682275956,   1.0
 -0.06095918550269491, 0.06089704017143139, 12.169219024536007,55.746757926312306,  40.79564628632036,  0.3692765130310917,315.35212006887883,  52.08137920011313,351743.37261804607,      0.0,351743.37261804607,   1.0
 -0.06095918550269491, 0.06089704017143139, 11.169219024536007,56.746757926312306,  40.79564628632036,  0.3692765130310917,315.35212006887883,  52.08137920011313,351360.79945468553,      0.0,351360.79945468553,   1.0
 -0.06095918550269491, 0.06089704017143139, 11.169219024536007,55.746757926312306,  41.79564628632036,  0.3692765130310917,315.35212006887883,  52.08137920011313, 351727.4572201561,      0.0, 351727.4572201561,   1.0
 -0.06095918550269491, 0.06089704017143139, 11.169219024536007,55.746757926312306,  40.79564628632036, 0.02000057999999999,315.35212006887883,  52.08137920011313, 324603.2213475165,      0.0, 324603.2213475165,   1.0
 -0.06095918550269491, 0.06089704017143139, 11.169219024536007,55.746757926312306,  40.79564628632036,  0.3692765130310917,316.35212006887883,  52.08137920011313,351460.56429175474,      0.0,351460.56429175474,   1.0
 -0.06095918550269491, 0.06089704017143139, 11.169219024536007,55.746757926312306,  40.79564628632036,  0.3692765130310917,315.35212006887883,  53.08137920011313,351262.81577370065,      0.0,351262.81577370065,   1.0
 -0.06097035478350907,0.060908212356019106, 11.170132077585984,  55.7472113887434, 40.793200815176824,  0.3692871813381694,315.35557252854227, 52.080498897016476,351311.90062744706,      0.0,351311.90062744706,   1.0
   0.2999993999999999,0.060908212356019106, 11.170132077585984,  55.7472113887434, 40.793200815176824,  0.3692871813381694,315.35557252854227, 52.080498897016476, 265618.8157519063,      0.0, 265618.8157519063,   1.0
 -0.06097035478350907,-0.29999939999999997, 11.170132077585984,  55.7472113887434, 40.793200815176824,  0.3692871813381694,315.35557252854227, 52.080498897016476, 289474.0906269627,      0.0, 289474.0906269627,   1.0
 -0.06097035478350907,0.060908212356019106, 12.170132077585984,  55.7472113887434, 40.793200815176824,  0.3692871813381694,315.35557252854227, 52.080498897016476, 351725.0512387552,      0.0, 351725.0512387552,   1.0
 -0.06097035478350907,0.060908212356019106, 11.170132077585984,  56.7472113887434, 40.793200815176824,  0.3692871813381694,315.35557252854227, 52.080498897016476,351351.07456579927,      0.0,351351.07456579927,   1.0
 -0.06097035478350907,0.060908212356019106, 11.170132077585984,  55.7472113887434, 41.793200815176824,  0.3692871813381694,315.35557252854227, 52.080498897016476,351726.69248588977,      0.0,351726.69248588977,   1.0
 -0.06097035478350907,0.060908212356019106, 11.170132077585984,  55.7472113887434, 40.793200815176824, 0.02000057999999999,315.35557252854227, 52.080498897016476,324628.75109362934,      0.0,324628.75109362934,   1.0
 -0.06097035478350907,0.060908212356019106, 11.170132077585984,  55.7472113887434, 40.793200815176824,  0.3692871813381694,316.35557252854227, 52.080498897016476,351442.18101875077,      0.0,351442.18101875077,   1.0
 -0.06097035478350907,0.060908212356019106, 11.170132077585984,  55.7472113887434, 40.793200815176824,  0.3692871813381694,315.35557252854227, 53.080498897016476, 351243.4661343144,      0.0, 351243.4661343144,   1.0
 -0.06095918550269491, 0.06089704017143139, 11.169219024536007,55.746757926312306,  40.79564628632036,  0.3692765130310917,315.35212006887883,  52.08137920011313, 351332.1262487457,      0.0, 351332.1262487457,   1.0
  0.29999939999999997, 0.06089704017143139, 11.169219024536007,55.746757926312306,  40.79564628632036,  0.3692765130310917,315.35212006887883,  52.08137920011313,265617.80159713124,      0.0,265617.80159713124,   1.0
 -0.06095918550269491,-0.29999939999999997, 11.169219024536007,55.746757926312306,  40.79564628632036,  0.3692765130310917,315.35212006887883,  52.08137920011313,289478.36682275956,      0.0,289478.36682275956,   1.0
 -0.06095918550269491, 0.06089704017143139, 12.169219024536007,55.746757926312306,  40.79564628632036,  0.3692765130310917,315.35212006887883,  52.08137920011313,351743.37261804607,      0.0,351743.37261804607,   1.0
 -0.06095918550269491, 0.06089704017143139, 11.169219024536007,56.746757926312306,  40.79564628632036,  0.3692765130310917,315.35212006887883,  52.08137920011313,351360.79945468553,      0.0,351360.79945468553,   1.0
 -0.06095918550269491, 0.06089704017143139, 11.169219024536007,55.746757926312306,  41.79564628632036,  0.3692765130310917,315.35212006887883,  52.08137920011313, 351727.4572201561,      0.0, 351727.4572201561,   1.0
 -0.06095918550269491, 0.06089704017143139, 11.169219024536007,55.746757926312306,  40.79564628632036, 0.02000057999999999,315.35212006887883,  52.08137920011313, 324603.2213475165,      0.0, 324603.2213475165,   1.0
 -0.06095918550269491, 0.06089704017143139, 11.169219024536007,55.746757926312306,  40.79564628632036,  0.3692765130310917,316.35212006887883,  52.08137920011313,351460.56429175474,      0.0,351460.56429175474,   1.0
 -0.06095918550269491, 0.06089704017143139, 11.169219024536007,55.746757926312306,  40.79564628632036,  0.3692765130310917,315.35212006887883,  53.08137920011313,351262.81577370065,      0.0,351262.81577370065,   1.0
 -0.29999939999999997, 0.29999939999999997, 31.573743148905727, 65.88049128588234,-13.854836981241085,          0.59999942,392.50630332255065,  32.40873788121212,199779.08053676964,      0.0,199779.08053676964,   1.0
  0.29999939999999997, 0.29999939999999997, 31.573743148905727, 65.88049128588234,-13.854836981241085,          0.59999942,392.50630332255065,  32.40873788121212, 238935.6306612886,      0.0, 238935.6306612886,   1.0
 -0.29999939999999997,-0.29999939999999997, 31.573743148905727, 65.88049128588234,-13.854836981241085,          0.59999942,392.50630332255065,  32.40873788121212,255376.06037911988,      0.0,255376.06037911988,   1.0
 -0.29999939999999997, 0.29999939999999997,  32.57374314890573, 65.88049128588234,-13.854836981241085,          0.59999942,392.50630332255065,  32.40873788121212,201475.80059394328,      0.0,201475.80059394328,   1.0
 -0.29999939999999997, 0.29999939999999997, 31.573743148905727, 66.88049128588234,-13.854836981241085,          0.59999942,392.50630332255065,  32.40873788121212,200914.62544014212,      0.0,200914.62544014212,   1.0
 -0.29999939999999997, 0.29999939999999997, 31.573743148905727, 65.88049128588234,-12.854836981241085,          0.59999942,392.50630332255065,  32.40873788121212, 202114.1623463879,      0.0, 202114.1623463879,   1.0
 -0.29999939999999997, 0.29999939999999997, 31.573743148905727, 65.88049128588234,-13.854836981241085,0.020000580000000046,392.50630332255065,  32.40873788121212, 82020.03236461623,      0.0, 82020.03236461623,   1.0
 -0.29999939999999997, 0.29999939999999997, 31.573743148905727, 65.88049128588234,-13.854836981241085,          0.59999942,393.50630332255065,  32.40873788121212, 199288.2395601871,      0.0, 199288.2395601871,   1.0
 -0.29999939999999997, 0.29999939999999997, 31.573743148905727, 65.88049128588234,-13.854836981241085,          0.59999942,392.50630332255065,  33.40873788121212,202201.78204951482,      0.0,202201.78204951482,   1.0
 -0.08940012834896598, 0.08934537705313012,  13.59694402322279,56.952466898356974,  34.29334593320831,  0.3967278647805364,324.53190482134414, 49.740733428176036, 345620.5944093471,      0.0, 345620.5944093471,   1.0
  0.29999939999999997, 0.08934537705313012,  13.59694402322279,56.952466898356974,  34.29334593320831,  0.3967278647805364,324.53190482134414, 49.740733428176036,262806.87808795995,      0.0,262806.87808795995,   1.0
 -0.08940012834896598,-0.29999939999999997,  13.59694402322279,56.952466898356974,  34.29334593320831,  0.3967278647805364,324.53190482134414, 49.740733428176036, 272318.2879888847,      0.0, 272318.2879888847,   1.0
 -0.08940012834896598, 0.08934537705313012,  14.59694402322279,56.952466898356974,  34.29334593320831,  0.3967278647805364,324.53190482134414, 49.740733428176036, 346148.2260444111,      0.0, 346148.2260444111,   1.0
 -0.08940012834896598, 0.08934537705313012,  13.59694402322279,57.952466898356974,  34.29334593320831,  0.3967278647805364,324.53190482134414, 49.740733428176036,345647.74542201427,      0.0,345647.74542201427,   1.0
 -0.08940012834896598, 0.08934537705313012,  13.59694402322279,56.952466898356974,  35.29334593320831,  0.3967278647805364,324.53190482134414, 49.740733428176036, 346074.7347424888,      0.0, 346074.7347424888,   1.0
 -0.08940012834896598, 0.08934537705313012,  13.59694402322279,56.952466898356974,  34.29334593320831, 0.02000057999999999,324.53190482134414, 49.740733428176036,320027.33523643936,      0.0,320027.33523643936,   1.0
 -0.08940012834896598, 0.08934537705313012,  13.59694402322279,56.952466898356974,  34.29334593320831,  0.3967278647805364,325.53190482134414, 49.740733428176036,345712.24488325964,      0.0,345712.24488325964,   1.0
 -0.08940012834896598, 0.08934537705313012,  13.59694402322279,56.952466898356974,  34.29334593320831,  0.3967278647805364,324.53190482134414, 50.740733428176036, 345693.3528252605,      0.0, 345693.3528252605,   1.0
 -0.06490743062712917, 0.06484631175495614, 11.506242077581135,55.914137559121706,  39.89298016144723,  0.3730873805642011, 316.6264814917115,  51.75644471017621, 350461.8665959227,      0.0, 350461.8665959227,   1.0
  0.29999939999999997, 0.06484631175495614, 11.506242077581135,55.914137559121706,  39.89298016144723,  0.3730873805642011, 316.6264814917115,  51.75644471017621, 265130.6132357318,      0.0, 265130.6132357318,   1.0
 -0.06490743062712917,-0.29999939999999997, 11.506242077581135,55.914137559121706,  39.89298016144723,  0.3730873805642011, 316.6264814917115,  51.75644471017621, 287273.4330500999,      0.0, 287273.4330500999,   1.0
 -0.06490743062712917, 0.06484631175495614, 12.506242077581135,55.914137559121706,  39.89298016144723,  0.3730873805642011, 316.6264814917115,  51.75644471017621, 350881.9801370066,      0.0, 350881.9801370066,   1.0
 -0.06490743062712917, 0.06484631175495614, 11.506242077581135,56.914137559121706,  39.89298016144723,  0.3730873805642011, 316.6264814917115,  51.75644471017621, 350605.5270184713,      0.0, 350605.5270184713,   1.0
 -0.06490743062712917, 0.06484631175495614, 11.506242077581135,55.914137559121706,  40.89298016144723,  0.3730873805642011, 316.6264814917115,  51.75644471017621,350933.65404262755,      0.0,350933.65404262755,   1.0
 -0.06490743062712917, 0.06484631175495614, 11.506242077581135,55.914137559121706,  39.89298016144723, 0.02000057999999999, 316.6264814917115,  51.75644471017621, 324365.9210068772,      0.0, 324365.9210068772,   1.0
 -0.06490743062712917, 0.06484631175495614, 11.506242077581135,55.914137559121706,  39.89298016144723,  0.3730873805642011, 317.6264814917115,  51.75644471017621,350618.56230829575,      0.0,350618.56230829575,   1.0
 -0.06490743062712917, 0.06484631175495614, 11.506242077581135,55.914137559121706,  39.89298016144723,  0.3730873805642011, 316.6264814917115,  52.75644471017621,350437.34100314206,      0.0,350437.34100314206,   1.0
 -0.06147967960417487,0.061417669590219465, 11.213648512990803,55.768823453866815,  40.67664850913206,  0.3697788967509448, 315.5201181497561, 52.038543337584514, 351215.4897503491,      0.0, 351215.4897503491,   1.0
  0.29999939999999997,0.061417669590219465, 11.213648512990803,55.768823453866815,  40.67664850913206,  0.3697788967509448, 315.5201181497561, 52.038543337584514, 265523.9691113329,      0.0, 265523.9691113329,   1.0
 -0.06147967960417487,          -0.2999994, 11.213648512990803,55.768823453866815,  40.67664850913206,  0.3697788967509448, 315.5201181497561, 52.038543337584514, 289158.2961274844,      0.0, 289158.2961274844,   1.0
 -0.06147967960417487,0.061417669590219465, 12.213648512990803,55.768823453866815,  40.67664850913206,  0.3697788967509448, 315.5201181497561, 52.038543337584514, 351644.4281222678,      0.0, 351644.4281222678,   1.0
 -0.06147967960417487,0.061417669590219465, 11.213648512990803,56.768823453866815,  40.67664850913206,  0.3697788967509448, 315.5201181497561, 52.038543337584514, 351240.8003522065,      0.0, 351240.8003522065,   1.0
 -0.06147967960417487,0.061417669590219465, 11.213648512990803,55.768823453866815,  41.67664850913206,  0.3697788967509448, 315.5201181497561, 52.038543337584514, 351617.2793780133,      0.0, 351617.2793780133,   1.0
 -0.06147967960417487,0.061417669590219465, 11.213648512990803,55.768823453866815,  40.67664850913206, 0.02000057999999999, 315.5201181497561, 52.038543337584514,324547.65412825404,      0.0,324547.65412825404,   1.0
 -0.06147967960417487,0.061417669590219465, 11.213648512990803,55.768823453866815,  40.67664850913206,  0.3697788967509448, 316.5201181497561, 52.038543337584514, 351341.0561131517,      0.0, 351341.0561131517,   1.0
 -0.06147967960417487,0.061417669590219465, 11.213648512990803,55.768823453866815,  40.67664850913206,  0.3697788967509448, 315.5201181497561, 53.038543337584514,  351146.604439392,      0.0,  351146.604439392,   1.0
 -0.06102704669094634,0.060964919002136964, 11.175011670161332, 55.74963479449388,  40.78013154650618, 0.36934201301676006, 315.3740233898961,  52.07579432888654, 351286.5930307449,      0.0, 351286.5930307449,   1.0
  0.29999939999999997,0.060964919002136964, 11.175011670161332, 55.74963479449388,  40.78013154650618, 0.36934201301676006, 315.3740233898961,  52.07579432888654, 265602.7330677125,      0.0, 265602.7330677125,   1.0
 -0.06102704669094634,-0.29999939999999997, 11.175011670161332, 55.74963479449388,  40.78013154650618, 0.36934201301676006, 315.3740233898961,  52.07579432888654,289483.45815275447,      0.0,289483.45815275447,   1.0
 -0.06102704669094634,0.060964919002136964, 12.175011670161332, 55.74963479449388,  40.78013154650618, 0.36934201301676006, 315.3740233898961,  52.07579432888654,351698.38449710526,      0.0,351698.38449710526,   1.0
 -0.06102704669094634,0.060964919002136964, 11.175011670161332, 56.74963479449388,  40.78013154650618, 0.36934201301676006, 315.3740233898961,  52.07579432888654, 351337.2518531674,      0.0, 351337.2518531674,   1.0
 -0.06102704669094634,0.060964919002136964, 11.175011670161332, 55.74963479449388,  41.78013154650618, 0.36934201301676006, 315.3740233898961,  52.07579432888654, 351737.5485375931,      0.0, 351737.5485375931,   1.0
 -0.06102704669094634,0.060964919002136964, 11.175011670161332, 55.74963479449388,  40.78013154650618, 0.02000057999999999, 315.3740233898961,  52.07579432888654, 324669.4800734389,      0.0, 324669.4800734389,   1.0
 -0.06102704669094634,0.060964919002136964, 11.175011670161332, 55.74963479449388,  40.78013154650618, 0.36934201301676006, 316.3740233898961,  52.07579432888654,351415.47962787375,      0.0,351415.47962787375,   1.0
 -0.06102704669094634,0.060964919002136964, 11.175011670161332, 55.74963479449388,  40.78013154650618, 0.36934201301676006, 315.3740233898961,  53.07579432888654, 351216.0812701676,      0.0, 351216.0812701676,   1.0
-0.060964276273854784,0.060902132266082626,  11.16965357385718, 55.74697374153669,   40.7944824105906,  0.3692814266709292, 315.3537631994784, 52.080960237490984,351330.35753579077,      0.0,351330.35753579077,   1.0
   0.2999993999999999,0.060902132266082626,  11.16965357385718, 55.74697374153669,   40.7944824105906,  0.3692814266709292, 315.3537631994784, 52.080960237490984, 265619.5342862098,      0.0, 265619.5342862098,   1.0
-0.060964276273854784, -0.2999993999999999,  11.16965357385718, 55.74697374153669,   40.7944824105906,  0.3692814266709292, 315.3537631994784, 52.080960237490984, 289477.5945825405,      0.0, 289477.5945825405,   1.0
-0.060964276273854784,0.060902132266082626,  12.16965357385718, 55.74697374153669,   40.7944824105906,  0.3692814266709292, 315.3537631994784, 52.080960237490984,351742.50143291533,      0.0,351742.50143291533,   1.0
-0.060964276273854784,0.060902132266082626,  11.16965357385718, 56.74697374153669,   40.7944824105906,  0.3692814266709292, 315.3537631994784, 52.080960237490984,351349.99413300917,      0.0,351349.99413300917,   1.0
-0.060964276273854784,0.060902132266082626,  11.16965357385718, 55.74697374153669,   41.7944824105906,  0.3692814266709292, 315.3537631994784, 52.080960237490984,351726.98996682535,      0.0,351726.98996682535,   1.0
-0.060964276273854784,0.060902132266082626,  11.16965357385718, 55.74697374153669,   40.7944824105906, 0.02000057999999999, 315.3537631994784, 52.080960237490984,324604.50860050437,      0.0,324604.50860050437,   1.0
-0.060964276273854784,0.060902132266082626,  11.16965357385718, 55.74697374153669,   40.7944824105906,  0.3692814266709292, 316.3537631994784, 52.080960237490984,351459.20073630416,      0.0,351459.20073630416,   1.0
-0.060964276273854784,0.060902132266082626,  11.16965357385718, 55.74697374153669,   40.7944824105906,  0.3692814266709292, 315.3537631994784, 53.080960237490984,351261.42057206284,      0.0,351261.42057206284,   1.0
 -0.06095973540781061, 0.06089759021951063, 11.169265964554961, 55.74678123867348,   40.7955205644606, 0.36927704380248144,  315.352297559851,  52.08133394376945, 351332.1262487457,      0.0, 351332.1262487457,   1.0
  0.29999939999999997, 0.06089759021951063, 11.169265964554961, 55.74678123867348,   40.7955205644606, 0.36927704380248144,  315.352297559851,  52.08133394376945,265617.80159713124,      0.0,265617.80159713124,   1.0
 -0.06095973540781061,-0.29999939999999997, 11.169265964554961, 55.74678123867348,   40.7955205644606, 0.36927704380248144,  315.352297559851,  52.08133394376945,289477.92586223496,      0.0,289477.92586223496,   1.0
 -0.06095973540781061, 0.06089759021951063, 12.169265964554961, 55.74678123867348,   40.7955205644606, 0.36927704380248144,  315.352297559851,  52.08133394376945, 351743.3730134134,      0.0, 351743.3730134134,   1.0
 -0.06095973540781061, 0.06089759021951063, 11.169265964554961, 56.74678123867348,   40.7955205644606, 0.36927704380248144,  315.352297559851,  52.08133394376945,351360.80225421494,      0.0,351360.80225421494,   1.0
 -0.06095973540781061, 0.06089759021951063, 11.169265964554961, 55.74678123867348,   41.7955205644606, 0.36927704380248144,  315.352297559851,  52.08133394376945,351727.46261997207,      0.0,351727.46261997207,   1.0
 -0.06095973540781061, 0.06089759021951063, 11.169265964554961, 55.74678123867348,   40.7955205644606, 0.02000057999999999,  315.352297559851,  52.08133394376945, 324603.0897242007,      0.0, 324603.0897242007,   1.0
 -0.06095973540781061, 0.06089759021951063, 11.169265964554961, 55.74678123867348,   40.7955205644606, 0.36927704380248144,  316.352297559851,  52.08133394376945,351460.55927175167,      0.0,351460.55927175167,   1.0
 -0.06095973540781061, 0.06089759021951063, 11.169265964554961, 55.74678123867348,   40.7955205644606, 0.36927704380248144,  315.352297559851,  53.08133394376945,351262.81577370065,      0.0,351262.81577370065,   1.0
-0.060959301552832836,0.060897156251739866, 11.169228930600742,  55.7467628460751,  40.79561975439922, 0.36927662504331205, 315.3521575259805, 52.081369649365605, 351332.1262487457,      0.0, 351332.1262487457,   1.0
  0.29999939999999997,0.060897156251739866, 11.169228930600742,  55.7467628460751,  40.79561975439922, 0.36927662504331205, 315.3521575259805, 52.081369649365605,265617.80159713124,      0.0,265617.80159713124,   1.0
-0.060959301552832836,-0.29999939999999997, 11.169228930600742,  55.7467628460751,  40.79561975439922, 0.36927662504331205, 315.3521575259805, 52.081369649365605,289478.36682275956,      0.0,289478.36682275956,   1.0
-0.060959301552832836,0.060897156251739866, 12.169228930600742,  55.7467628460751,  40.79561975439922, 0.36927662504331205, 315.3521575259805, 52.081369649365605,351743.37261804607,      0.0,351743.37261804607,   1.0
-0.060959301552832836,0.060897156251739866, 11.169228930600742,  56.7467628460751,  40.79561975439922, 0.36927662504331205, 315.3521575259805, 52.081369649365605,351360.79945468553,      0.0,351360.79945468553,   1.0
-0.060959301552832836,0.060897156251739866, 11.169228930600742,  55.7467628460751,  41.79561975439922, 0.36927662504331205, 315.3521575259805, 52.081369649365605, 351727.4572201561,      0.0, 351727.4572201561,   1.0
-0.060959301552832836,0.060897156251739866, 11.169228930600742,  55.7467628460751,  40.79561975439922, 0.02000057999999999, 315.3521575259805, 52.081369649365605, 324603.0897242007,      0.0, 324603.0897242007,   1.0
-0.060959301552832836,0.060897156251739866, 11.169228930600742,  55.7467628460751,  40.79561975439922, 0.36927662504331205, 316.3521575259805, 52.081369649365605, 351460.5637178523,      0.0, 351460.5637178523,   1.0
-0.060959301552832836,0.060897156251739866, 11.169228930600742,  55.7467628460751,  40.79561975439922, 0.36927662504331205, 315.3521575259805, 53.081369649365605,351262.81577370065,      0.0,351262.81577370065,   1.0
 -0.06095920999349015, 0.06089706466859371, 11.169221115075556, 55.74675896456099, 40.795640687121086, 0.36927653666973964, 315.3521279736881,  52.08137718455842, 351332.1262487457,      0.0, 351332.1262487457,   1.0
  0.29999939999999997, 0.06089706466859371, 11.169221115075556, 55.74675896456099, 40.795640687121086, 0.36927653666973964, 315.3521279736881,  52.08137718455842,265617.80159713124,      0.0,265617.80159713124,   1.0
 -0.06095920999349015,          -0.2999994, 11.169221115075556, 55.74675896456099, 40.795640687121086, 0.36927653666973964, 315.3521279736881,  52.08137718455842,289478.36682275956,      0.0,289478.36682275956,   1.0
 -0.06095920999349015, 0.06089706466859371, 12.169221115075556, 55.74675896456099, 40.795640687121086, 0.36927653666973964, 315.3521279736881,  52.08137718455842,351743.37261804607,      0.0,351743.37261804607,   1.0
 -0.06095920999349015, 0.06089706466859371, 11.169221115075556, 56.74675896456099, 40.795640687121086, 0.36927653666973964, 315.3521279736881,  52.08137718455842,351360.79945468553,      0.0,351360.79945468553,   1.0
 -0.06095920999349015, 0.06089706466859371, 11.169221115075556, 55.74675896456099, 41.795640687121086, 0.36927653666973964, 315.3521279736881,  52.08137718455842, 351727.4572201561,      0.0, 351727.4572201561,   1.0
 -0.06095920999349015, 0.06089706466859371, 11.169221115075556, 55.74675896456099, 40.795640687121086, 0.02000057999999999, 315.3521279736881,  52.08137718455842, 324603.2213475165,      0.0, 324603.2213475165,   1.0
 -0.06095920999349015, 0.06089706466859371, 11.169221115075556, 55.74675896456099, 40.795640687121086, 0.36927653666973964, 316.3521279736881,  52.08137718455842,351460.56429175474,      0.0,351460.56429175474,   1.0
 -0.06095920999349015, 0.06089706466859371, 11.169221115075556, 55.74675896456099, 40.795640687121086, 0.36927653666973964, 315.3521279736881,  53.08137718455842,351262.81577370065,      0.0,351262.81577370065,   1.0
 -0.06095919067114272, 0.06089704534122289, 11.169219465715823, 55.74675814542051,  40.79564510468584, 0.36927651801970546,315.35212173708084, 52.081378774757844, 351332.1262487457,      0.0, 351332.1262487457,   1.0
   0.2999993999999999, 0.06089704534122289, 11.169219465715823, 55.74675814542051,  40.79564510468584, 0.36927651801970546,315.35212173708084, 52.081378774757844,265617.80159713124,      0.0,265617.80159713124,   1.0
 -0.06095919067114272,-0.29999939999999997, 11.169219465715823, 55.74675814542051,  40.79564510468584, 0.36927651801970546,315.35212173708084, 52.081378774757844,289478.36682275956,      0.0,289478.36682275956,   1.0
 -0.06095919067114272, 0.06089704534122289, 12.169219465715823, 55.74675814542051,  40.79564510468584, 0.36927651801970546,315.35212173708084, 52.081378774757844,351743.37261804607,      0.0,351743.37261804607,   1.0
 -0.06095919067114272, 0.06089704534122289, 11.169219465715823, 56.74675814542051,  40.79564510468584, 0.36927651801970546,315.35212173708084, 52.081378774757844,351360.79945468553,      0.0,351360.79945468553,   1.0
 -0.06095919067114272, 0.06089704534122289, 11.169219465715823, 55.74675814542051,  41.79564510468584, 0.36927651801970546,315.35212173708084, 52.081378774757844, 351727.4572201561,      0.0, 351727.4572201561,   1.0
 -0.06095919067114272, 0.06089704534122289, 11.169219465715823, 55.74675814542051,  40.79564510468584, 0.02000057999999999,315.35212173708084, 52.081378774757844, 324603.2213475165,      0.0, 324603.2213475165,   1.0
 -0.06095919067114272, 0.06089704534122289, 11.169219465715823, 55.74675814542051,  40.79564510468584, 0.36927651801970546,316.35212173708084, 52.081378774757844,351460.56429175474,      0.0,351460.56429175474,   1.0
 -0.06095919067114272, 0.06089704534122289, 11.169219465715823, 55.74675814542051,  40.79564510468584, 0.36927651801970546,315.35212173708084, 53.081378774757844,351262.81577370065,      0.0,351262.81577370065,   1.0
-0.060959186593425196, 0.06089704126244524,  11.16921911764098,55.746757972552096,  40.79564603695254, 0.36927651408387047, 315.3521204209301,  52.08137911034771, 351332.1262487457,      0.0, 351332.1262487457,   1.0
  0.29999939999999997, 0.06089704126244524,  11.16921911764098,55.746757972552096,  40.79564603695254, 0.36927651408387047, 315.3521204209301,  52.08137911034771,265617.80159713124,      0.0,265617.80159713124,   1.0
-0.060959186593425196,-0.29999939999999997,  11.16921911764098,55.746757972552096,  40.79564603695254, 0.36927651408387047, 315.3521204209301,  52.08137911034771,289478.36682275956,      0.0,289478.36682275956,   1.0
-0.060959186593425196, 0.06089704126244524,  12.16921911764098,55.746757972552096,  40.79564603695254, 0.36927651408387047, 315.3521204209301,  52.08137911034771,351743.37261804607,      0.0,351743.37261804607,   1.0
-0.060959186593425196, 0.06089704126244524,  11.16921911764098,56.746757972552096,  40.79564603695254, 0.36927651408387047, 315.3521204209301,  52.08137911034771,351360.79945468553,      0.0,351360.79945468553,   1.0
-0.060959186593425196, 0.06089704126244524,  11.16921911764098,55.746757972552096,  41.79564603695254, 0.36927651408387047, 315.3521204209301,  52.08137911034771, 351727.4572201561,      0.0, 351727.4572201561,   1.0
-0.060959186593425196, 0.06089704126244524,  11.16921911764098,55.746757972552096,  40.79564603695254, 0.02000057999999999, 315.3521204209301,  52.08137911034771, 324603.2213475165,      0.0, 324603.2213475165,   1.0
-0.060959186593425196, 0.06089704126244524,  11.16921911764098,55.746757972552096,  40.79564603695254, 0.36927651408387047, 316.3521204209301,  52.08137911034771,351460.56429175474,      0.0,351460.56429175474,   1.0
-0.060959186593425196, 0.06089704126244524,  11.16921911764098,55.746757972552096,  40.79564603695254, 0.36927651408387047, 315.3521204209301,  53.08137911034771,351262.81577370065,      0.0,351262.81577370065,   1.0
 -0.06095918573287863, 0.06089704040167495, 11.169219044184539, 55.74675793607058,  40.79564623369469, 0.36927651325326627,315.35212014317443,  52.08137918116937, 351332.1262487457,      0.0, 351332.1262487457,   1.0
  0.29999939999999997, 0.06089704040167495, 11.169219044184539, 55.74675793607058,  40.79564623369469, 0.36927651325326627,315.35212014317443,  52.08137918116937,265617.80159713124,      0.0,265617.80159713124,   1.0
 -0.06095918573287863,-0.29999939999999997, 11.169219044184539, 55.74675793607058,  40.79564623369469, 0.36927651325326627,315.35212014317443,  52.08137918116937,289478.36682275956,      0.0,289478.36682275956,   1.0
 -0.06095918573287863, 0.06089704040167495, 12.169219044184539, 55.74675793607058,  40.79564623369469, 0.36927651325326627,315.35212014317443,  52.08137918116937,351743.37261804607,      0.0,351743.37261804607,   1.0
 -0.06095918573287863, 0.06089704040167495, 11.169219044184539, 56.74675793607058,  40.79564623369469, 0.36927651325326627,315.35212014317443,  52.08137918116937,351360.79945468553,      0.0,351360.79945468553,   1.0
 -0.06095918573287863, 0.06089704040167495, 11.169219044184539, 55.74675793607058,  41.79564623369469, 0.36927651325326627,315.35212014317443,  52.08137918116937, 351727.4572201561,      0.0, 351727.4572201561,   1.0
 -0.06095918573287863, 0.06089704040167495, 11.169219044184539, 55.74675793607058,  40.79564623369469, 0.02000057999999999,315.35212014317443,  52.08137918116937, 324603.2213475165,      0.0, 324603.2213475165,   1.0
 -0.06095918573287863, 0.06089704040167495, 11.169219044184539, 55.74675793607058,  40.79564623369469, 0.36927651325326627,316.35212014317443,  52.08137918116937,351460.56429175474,      0.0,351460.56429175474,   1.0
 -0.06095918573287863, 0.06089704040167495, 11.169219044184539, 55.74675793607058,  40.79564623369469, 0.36927651325326627,315.35212014317443,  53.08137918116937,351262.81577370065,      0.0,351262.81577370065,   1.0
-0.060959185551272034, 0.06089704022002114,  11.16921902868256, 55.74675792837166,  40.79564627521444,  0.3692765130779786, 315.3521200845579, 52.081379196115314, 351332.1262487457,      0.0, 351332.1262487457,   1.0
  0.29999939999999997, 0.06089704022002114,  11.16921902868256, 55.74675792837166,  40.79564627521444,  0.3692765130779786, 315.3521200845579, 52.081379196115314,265617.80159713124,      0.0,265617.80159713124,   1.0
-0.060959185551272034,-0.29999939999999997,  11.16921902868256, 55.74675792837166,  40.79564627521444,  0.3692765130779786, 315.3521200845579, 52.081379196115314,289478.36682275956,      0.0,289478.36682275956,   1.0
-0.060959185551272034, 0.06089704022002114,  12.16921902868256, 55.74675792837166,  40.79564627521444,  0.3692765130779786, 315.3521200845579, 52.081379196115314,351743.37261804607,      0.0,351743.37261804607,   1.0
-0.060959185551272034, 0.06089704022002114,  11.16921902868256, 56.74675792837166,  40.79564627521444,  0.3692765130779786, 315.3521200845579, 52.081379196115314,351360.79945468553,      0.0,351360.79945468553,   1.0
-0.060959185551272034, 0.06089704022002114,  11.16921902868256, 55.74675792837166,  41.79564627521444,  0.3692765130779786, 315.3521200845579, 52.081379196115314, 351727.4572201561,      0.0, 351727.4572201561,   1.0
-0.060959185551272034, 0.06089704022002114,  11.16921902868256, 55.74675792837166,  40.79564627521444, 0.02000057999999999, 315.3521200845579, 52.081379196115314, 324603.2213475165,      0.0, 324603.2213475165,   1.0
-0.060959185551272034, 0.06089704022002114,  11.16921902868256, 55.74675792837166,  40.79564627521444,  0.3692765130779786, 316.3521200845579, 52.081379196115314,351460.56429175474,      0.0,351460.56429175474,   1.0
-0.060959185551272034, 0.06089704022002114,  11.16921902868256, 55.74675792837166,  40.79564627521444,  0.3692765130779786, 315.3521200845579, 53.081379196115314,351262.81577370065,      0.0,351262.81577370065,   1.0
-0.060959185512946455,  0.0608970401816856, 11.169219025411081,  55.7467579267469,  40.79564628397661,  0.3692765130409866, 315.3521200721877,  52.08137919926945, 351332.1262487457,      0.0, 351332.1262487457,   1.0
  0.29999939999999997,  0.0608970401816856, 11.169219025411081,  55.7467579267469,  40.79564628397661,  0.3692765130409866, 315.3521200721877,  52.08137919926945,265617.80159713124,      0.0,265617.80159713124,   1.0
-0.060959185512946455, -0.2999993999999999, 11.169219025411081,  55.7467579267469,  40.79564628397661,  0.3692765130409866, 315.3521200721877,  52.08137919926945,289478.36682275956,      0.0,289478.36682275956,   1.0
-0.060959185512946455,  0.0608970401816856, 12.169219025411081,  55.7467579267469,  40.79564628397661,  0.3692765130409866, 315.3521200721877,  52.08137919926945,351743.37261804607,      0.0,351743.37261804607,   1.0
-0.060959185512946455,  0.0608970401816856, 11.169219025411081,  56.7467579267469,  40.79564628397661,  0.3692765130409866, 315.3521200721877,  52.08137919926945,351360.79945468553,      0.0,351360.79945468553,   1.0
-0.060959185512946455,  0.0608970401816856, 11.169219025411081,  55.7467579267469,  41.79564628397661,  0.3692765130409866, 315.3521200721877,  52.08137919926945, 351727.4572201561,      0.0, 351727.4572201561,   1.0
-0.060959185512946455,  0.0608970401816856, 11.169219025411081,  55.7467579267469,  40.79564628397661, 0.02000057999999999, 315.3521200721877,  52.08137919926945, 324603.2213475165,      0.0, 324603.2213475165,   1.0
-0.060959185512946455,  0.0608970401816856, 11.169219025411081,  55.7467579267469,  40.79564628397661,  0.3692765130409866, 316.3521200721877,  52.08137919926945,351460.56429175474,      0.0,351460.56429175474,   1.0
-0.060959185512946455,  0.0608970401816856, 11.169219025411081,  55.7467579267469,  40.79564628397661,  0.3692765130409866, 315.3521200721877,  53.08137919926945,351262.81577370065,      0.0,351262.81577370065,   1.0
-0.060959185504858356,0.060897040173595395, 11.169219024720679, 55.74675792640402,  40.79564628582575,  0.3692765130331799, 315.3521200695771, 52.081379199935085, 351332.1262487457,      0.0, 351332.1262487457,   1.0
  0.29999939999999997,0.060897040173595395, 11.169219024720679, 55.74675792640402,  40.79564628582575,  0.3692765130331799, 315.3521200695771, 52.081379199935085,265617.80159713124,      0.0,265617.80159713124,   1.0
-0.060959185504858356,-0.29999939999999997, 11.169219024720679, 55.74675792640402,  40.79564628582575,  0.3692765130331799, 315.3521200695771, 52.081379199935085,289478.36682275956,      0.0,289478.36682275956,   1.0
-0.060959185504858356,0.060897040173595395, 12.169219024720679, 55.74675792640402,  40.79564628582575,  0.3692765130331799, 315.3521200695771, 52.081379199935085,351743.37261804607,      0.0,351743.37261804607,   1.0
-0.060959185504858356,0.060897040173595395, 11.169219024720679, 56.74675792640402,  40.79564628582575,  0.3692765130331799, 315.3521200695771, 52.081379199935085,351360.79945468553,      0.0,351360.79945468553,   1.0
-0.060959185504858356,0.060897040173595395, 11.169219024720679, 55.74675792640402,  41.79564628582575,  0.3692765130331799, 315.3521200695771, 52.081379199935085, 351727.4572201561,      0.0, 351727.4572201561,   1.0
-0.060959185504858356,0.060897040173595395, 11.169219024720679, 55.74675792640402,  40.79564628582575, 0.02000057999999999, 315.3521200695771, 52.081379199935085, 324603.2213475165,      0.0, 324603.2213475165,   1.0
-0.060959185504858356,0.060897040173595395, 11.169219024720679, 55.74675792640402,  40.79564628582575,  0.3692765130331799, 316.3521200695771, 52.081379199935085,351460.56429175474,      0.0,351460.56429175474,   1.0
-0.060959185504858356,0.060897040173595395, 11.169219024720679, 55.74675792640402,  40.79564628582575,  0.3692765130331799, 315.3521200695771, 53.081379199935085,351262.81577370065,      0.0,351262.81577370065,   1.0
-0.060959185503151464, 0.06089704017188806, 11.169219024574979, 55.74675792633166, 40.795646286215984, 0.36927651303153236,315.35212006902617,  52.08137920007556, 351332.1262487457,      0.0, 351332.1262487457,   1.0
   0.2999993999999999, 0.06089704017188806, 11.169219024574979, 55.74675792633166, 40.795646286215984, 0.36927651303153236,315.35212006902617,  52.08137920007556,265617.80159713124,      0.0,265617.80159713124,   1.0
-0.060959185503151464,-0.29999939999999997, 11.169219024574979, 55.74675792633166, 40.795646286215984, 0.36927651303153236,315.35212006902617,  52.08137920007556,289478.36682275956,      0.0,289478.36682275956,   1.0
-0.060959185503151464, 0.06089704017188806, 12.169219024574979, 55.74675792633166, 40.795646286215984, 0.36927651303153236,315.35212006902617,  52.08137920007556,351743.37261804607,      0.0,351743.37261804607,   1.0
-0.060959185503151464, 0.06089704017188806, 11.169219024574979, 56.74675792633166, 40.795646286215984, 0.36927651303153236,315.35212006902617,  52.08137920007556,351360.79945468553,      0.0,351360.79945468553,   1.0
-0.060959185503151464, 0.06089704017188806, 11.169219024574979, 55.74675792633166, 41.795646286215984, 0.36927651303153236,315.35212006902617,  52.08137920007556, 351727.4572201561,      0.0, 351727.4572201561,   1.0
-0.060959185503151464, 0.06089704017188806, 11.169219024574979, 55.74675792633166, 40.795646286215984, 0.02000057999999999,315.35212006902617,  52.08137920007556, 324603.2213475165,      0.0, 324603.2213475165,   1.0
-0.060959185503151464, 0.06089704017188806, 11.169219024574979, 55.74675792633166, 40.795646286215984, 0.36927651303153236,316.35212006902617,  52.08137920007556,351460.56429175474,      0.0,351460.56429175474,   1.0
-0.060959185503151464, 0.06089704017188806, 11.169219024574979, 55.74675792633166, 40.795646286215984, 0.36927651303153236,315.35212006902617,  53.08137920007556,351262.81577370065,      0.0,351262.81577370065,   1.0
 -0.06095918550279125, 0.06089704017152776,  11.16921902454423, 55.74675792631639, 40.795646286298336,  0.3692765130311847, 315.3521200689099, 52.081379200105204, 351332.1262487457,      0.0, 351332.1262487457,   1.0
            0.2999994, 0.06089704017152776,  11.16921902454423, 55.74675792631639, 40.795646286298336,  0.3692765130311847, 315.3521200689099, 52.081379200105204,265617.80159713124,      0.0,265617.80159713124,   1.0
 -0.06095918550279125,-0.29999939999999997,  11.16921902454423, 55.74675792631639, 40.795646286298336,  0.3692765130311847, 315.3521200689099, 52.081379200105204,289478.36682275956,      0.0,289478.36682275956,   1.0
 -0.06095918550279125, 0.06089704017152776,  12.16921902454423, 55.74675792631639, 40.795646286298336,  0.3692765130311847, 315.3521200689099, 52.081379200105204,351743.37261804607,      0.0,351743.37261804607,   1.0
 -0.06095918550279125, 0.06089704017152776,  11.16921902454423, 56.74675792631639, 40.795646286298336,  0.3692765130311847, 315.3521200689099, 52.081379200105204,351360.79945468553,      0.0,351360.79945468553,   1.0
 -0.06095918550279125, 0.06089704017152776,  11.16921902454423, 55.74675792631639, 41.795646286298336,  0.3692765130311847, 315.3521200689099, 52.081379200105204, 351727.4572201561,      0.0, 351727.4572201561,   1.0
 -0.06095918550279125, 0.06089704017152776,  11.16921902454423, 55.74675792631639, 40.795646286298336, 0.02000057999999999, 315.3521200689099, 52.081379200105204, 324603.2213475165,      0.0, 324603.2213475165,   1.0
 -0.06095918550279125, 0.06089704017152776,  11.16921902454423, 55.74675792631639, 40.795646286298336,  0.3692765130311847, 316.3521200689099, 52.081379200105204,351460.56429175474,      0.0,351460.56429175474,   1.0
 -0.06095918550279125, 0.06089704017152776,  11.16921902454423, 55.74675792631639, 40.795646286298336,  0.3692765130311847, 315.3521200689099, 53.081379200105204,351262.81577370065,      0.0,351262.81577370065,   1.0
 -0.06095918550271524, 0.06089704017145172, 11.169219024537743,55.746757926313165, 40.795646286315716,  0.3692765130311113,315.35212006888537,  52.08137920011146, 351332.1262487457,      0.0, 351332.1262487457,   1.0
  0.29999939999999997, 0.06089704017145172, 11.169219024537743,55.746757926313165, 40.795646286315716,  0.3692765130311113,315.35212006888537,  52.08137920011146,265617.80159713124,      0.0,265617.80159713124,   1.0
 -0.06095918550271524,-0.29999939999999997, 11.169219024537743,55.746757926313165, 40.795646286315716,  0.3692765130311113,315.35212006888537,  52.08137920011146,289478.36682275956,      0.0,289478.36682275956,   1.0
 -0.06095918550271524, 0.06089704017145172, 12.169219024537743,55.746757926313165, 40.795646286315716,  0.3692765130311113,315.35212006888537,  52.08137920011146,351743.37261804607,      0.0,351743.37261804607,   1.0
 -0.06095918550271524, 0.06089704017145172, 11.169219024537743,56.746757926313165, 40.795646286315716,  0.3692765130311113,315.35212006888537,  52.08137920011146,351360.79945468553,      0.0,351360.79945468553,   1.0
 -0.06095918550271524, 0.06089704017145172, 11.169219024537743,55.746757926313165, 41.795646286315716,  0.3692765130311113,315.35212006888537,  52.08137920011146, 351727.4572201561,      0.0, 351727.4572201561,   1.0
 -0.06095918550271524, 0.06089704017145172, 11.169219024537743,55.746757926313165, 40.795646286315716, 0.02000057999999999,315.35212006888537,  52.08137920011146, 324603.2213475165,      0.0, 324603.2213475165,   1.0
 -0.06095918550271524, 0.06089704017145172, 11.169219024537743,55.746757926313165, 40.795646286315716,  0.3692765130311113,316.35212006888537,  52.08137920011146,351460.56429175474,      0.0,351460.56429175474,   1.0
 -0.06095918550271524, 0.06089704017145172, 11.169219024537743,55.746757926313165, 40.795646286315716,  0.3692765130311113,315.35212006888537,  53.08137920011146,351262.81577370065,      0.0,351262.81577370065,   1.0
-0.060959185502765405,  0.0608970401715019, 11.169219024542025,  55.7467579263153,  40.79564628630425, 0.36927651303115977,315.35212006890157,  52.08137920010733, 351332.1262487457,      0.0, 351332.1262487457,   1.0
  0.29999939999999997,  0.0608970401715019, 11.169219024542025,  55.7467579263153,  40.79564628630425, 0.36927651303115977,315.35212006890157,  52.08137920010733,265617.80159713124,      0.0,265617.80159713124,   1.0
-0.060959185502765405,-0.29999939999999997, 11.169219024542025,  55.7467579263153,  40.79564628630425, 0.36927651303115977,315.35212006890157,  52.08137920010733,289478.36682275956,      0.0,289478.36682275956,   1.0
-0.060959185502765405,  0.0608970401715019, 12.169219024542025,  55.7467579263153,  40.79564628630425, 0.36927651303115977,315.35212006890157,  52.08137920010733,351743.37261804607,      0.0,351743.37261804607,   1.0
-0.060959185502765405,  0.0608970401715019, 11.169219024542025,  56.7467579263153,  40.79564628630425, 0.36927651303115977,315.35212006890157,  52.08137920010733,351360.79945468553,      0.0,351360.79945468553,   1.0
-0.060959185502765405,  0.0608970401715019, 11.169219024542025,  55.7467579263153,  41.79564628630425, 0.36927651303115977,315.35212006890157,  52.08137920010733, 351727.4572201561,      0.0, 351727.4572201561,   1.0
-0.060959185502765405,  0.0608970401715019, 11.169219024542025,  55.7467579263153,  40.79564628630425, 0.02000057999999999,315.35212006890157,  52.08137920010733, 324603.2213475165,      0.0, 324603.2213475165,   1.0
-0.060959185502765405,  0.0608970401715019, 11.169219024542025,  55.7467579263153,  40.79564628630425, 0.36927651303115977,316.35212006890157,  52.08137920010733,351460.56429175474,      0.0,351460.56429175474,   1.0
-0.060959185502765405,  0.0608970401715019, 11.169219024542025,  55.7467579263153,  40.79564628630425, 0.36927651303115977,315.35212006890157,  53.08137920010733,351262.81577370065,      0.0,351262.81577370065,   1.0
-0.060959185502725804, 0.06089704017146229, 11.169219024538643, 55.74675792631361,   40.7956462863133,  0.3692765130311215, 315.3521200688888,  52.08137920011059, 351332.1262487457,      0.0, 351332.1262487457,   1.0
   0.2999993999999999, 0.06089704017146229, 11.169219024538643, 55.74675792631361,   40.7956462863133,  0.3692765130311215, 315.3521200688888,  52.08137920011059,265617.80159713124,      0.0,265617.80159713124,   1.0
-0.060959185502725804,-0.29999939999999997, 11.169219024538643, 55.74675792631361,   40.7956462863133,  0.3692765130311215, 315.3521200688888,  52.08137920011059,289478.36682275956,      0.0,289478.36682275956,   1.0
-0.060959185502725804, 0.06089704017146229, 12.169219024538643, 55.74675792631361,   40.7956462863133,  0.3692765130311215, 315.3521200688888,  52.08137920011059,351743.37261804607,      0.0,351743.37261804607,   1.0
-0.060959185502725804, 0.06089704017146229, 11.169219024538643, 56.74675792631361,   40.7956462863133,  0.3692765130311215, 315.3521200688888,  52.08137920011059,351360.79945468553,      0.0,351360.79945468553,   1.0
-0.060959185502725804, 0.06089704017146229, 11.169219024538643, 55.74675792631361,   41.7956462863133,  0.3692765130311215, 315.3521200688888,  52.08137920011059, 351727.4572201561,      0.0, 351727.4572201561,   1.0
-0.060959185502725804, 0.06089704017146229, 11.169219024538643, 55.74675792631361,   40.7956462863133, 0.02000057999999999, 315.3521200688888,  52.08137920011059, 324603.2213475165,      0.0, 324603.2213475165,   1.0
-0.060959185502725804, 0.06089704017146229, 11.169219024538643, 55.74675792631361,   40.7956462863133,  0.3692765130311215, 316.3521200688888,  52.08137920011059,351460.56429175474,      0.0,351460.56429175474,   1.0
-0.060959185502725804, 0.06089704017146229, 11.169219024538643, 55.74675792631361,   40.7956462863133,  0.3692765130311215, 315.3521200688888,  53.08137920011059,351262.81577370065,      0.0,351262.81577370065,   1.0
 -0.29999939999999997, 0.29999939999999997,           59.99988,          79.99994,          169.99974,          0.59999942,         499.99955,           5.000115,128974.33960888023,      0.0,128974.33960888023,   1.0
  0.29999939999999997, 0.29999939999999997,           59.99988,          79.99994,          169.99974,          0.59999942,         499.99955,           5.000115,204484.87647460177,      0.0,204484.87647460177,   1.0
 -0.29999939999999997,-0.29999939999999997,           59.99988,          79.99994,          169.99974,          0.59999942,         499.99955,           5.000115,220988.77528569777,      0.0,220988.77528569777,   1.0
 -0.29999939999999997, 0.29999939999999997,           58.99988,          79.99994,          169.99974,          0.59999942,         499.99955,           5.000115,129672.98914713698,      0.0,129672.98914713698,   1.0
 -0.29999939999999997, 0.29999939999999997,           59.99988,          78.99994,          169.99974,          0.59999942,         499.99955,           5.000115,122680.03343220294,      0.0,122680.03343220294,   1.0
 -0.29999939999999997, 0.29999939999999997,           59.99988,          79.99994,          168.99974,          0.59999942,         499.99955,           5.000115,127408.17409469816,      0.0,127408.17409469816,   1.0
 -0.29999939999999997, 0.29999939999999997,           59.99988,          79.99994,          169.99974,0.020000580000000046,         499.99955,           5.000115,148338.81208437143,      0.0,148338.81208437143,   1.0
 -0.29999939999999997, 0.29999939999999997,           59.99988,          79.99994,          169.99974,          0.59999942,         498.99955,           5.000115,128955.35317367298,      0.0,128955.35317367298,   1.0
 -0.29999939999999997, 0.29999939999999997,           59.99988,          79.99994,          169.99974,          0.59999942,         499.99955,           6.000115,129143.55236867338,      0.0,129143.55236867338,   1.0
 -0.08196866042536018, 0.08191197710717879, 15.460992897725642, 57.87839348246146, 52.151518654874685,  0.3895549717759585, 331.5809607132476,  47.94336149618907,351431.52725173265,      0.0,351431.52725173265,   1.0
  0.29999939999999997, 0.08191197710717879, 15.460992897725642, 57.87839348246146, 52.151518654874685,  0.3895549717759585, 331.5809607132476,  47.94336149618907,247117.62686973845,      0.0,247117.62686973845,   1.0
 -0.08196866042536018,-0.29999939999999997, 15.460992897725642, 57.87839348246146, 52.151518654874685,  0.3895549717759585, 331.5809607132476,  47.94336149618907, 277510.3888428217,      0.0, 277510.3888428217,   1.0
 -0.08196866042536018, 0.08191197710717879, 16.460992897725642, 57.87839348246146, 52.151518654874685,  0.3895549717759585, 331.5809607132476,  47.94336149618907,351331.39449281304,      0.0,351331.39449281304,   1.0
 -0.08196866042536018, 0.08191197710717879, 15.460992897725642, 58.87839348246146, 52.151518654874685,  0.3895549717759585, 331.5809607132476,  47.94336149618907, 351485.5380909878,      0.0, 351485.5380909878,   1.0
 -0.08196866042536018, 0.08191197710717879, 15.460992897725642, 57.87839348246146, 53.151518654874685,  0.3895549717759585, 331.5809607132476,  47.94336149618907, 350953.4592665259,      0.0, 350953.4592665259,   1.0
 -0.08196866042536018, 0.08191197710717879, 15.460992897725642, 57.87839348246146, 52.151518654874685, 0.02000057999999999, 331.5809607132476,  47.94336149618907,326643.78906963865,      0.0,326643.78906963865,   1.0
 -0.08196866042536018, 0.08191197710717879, 15.460992897725642, 57.87839348246146, 52.151518654874685,  0.3895549717759585, 332.5809607132476,  47.94336149618907, 351593.8991915755,      0.0, 351593.8991915755,   1.0
 -0.08196866042536018, 0.08191197710717879, 15.460992897725642, 57.87839348246146, 52.151518654874685,  0.3895549717759585, 331.5809607132476,  48.94336149618907, 351509.1819198041,      0.0, 351509.1819198041,   1.0
 -0.29999939999999997, 0.29999939999999997, 18.781671636403154, 59.52814052866899, 60.936311308501516,          0.59999942,344.13964166444185,  44.74176744836098,308829.28370095254,      0.0,308829.28370095254,   1.0
  0.29999939999999997, 0.29999939999999997, 18.781671636403154, 59.52814052866899, 60.936311308501516,          0.59999942,344.13964166444185,  44.74176744836098,244556.18750149856,      0.0,244556.18750149856,   1.0
 -0.29999939999999997,-0.29999939999999997, 18.781671636403154, 59.52814052866899, 60.936311308501516,          0.59999942,344.13964166444185,  44.74176744836098, 221013.6099499651,      0.0, 221013.6099499651,   1.0
 -0.29999939999999997, 0.29999939999999997, 19.781671636403154, 59.52814052866899, 60.936311308501516,          0.59999942,344.13964166444185,  44.74176744836098,308309.24505422276,      0.0,308309.24505422276,   1.0
 -0.29999939999999997, 0.29999939999999997, 18.781671636403154, 60.52814052866899, 60.936311308501516,          0.59999942,344.13964166444185,  44.74176744836098, 308621.8482434903,      0.0, 308621.8482434903,   1.0
 -0.29999939999999997, 0.29999939999999997, 18.781671636403154, 59.52814052866899, 61.936311308501516,          0.59999942,344.13964166444185,  44.74176744836098, 307978.1235147767,      0.0, 307978.1235147767,   1.0
 -0.29999939999999997, 0.29999939999999997, 18.781671636403154, 59.52814052866899, 60.936311308501516,0.020000580000000046,344.13964166444185,  44.74176744836098, 313334.0900477561,      0.0, 313334.0900477561,   1.0
 -0.29999939999999997, 0.29999939999999997, 18.781671636403154, 59.52814052866899, 60.936311308501516,          0.59999942,345.13964166444185,  44.74176744836098,308946.37864230154,      0.0,308946.37864230154,   1.0
 -0.29999939999999997, 0.29999939999999997, 18.781671636403154, 59.52814052866899, 60.936311308501516,          0.59999942,344.13964166444185,  45.74176744836098, 309901.4608996056,      0.0, 309901.4608996056,   1.0
 -0.11875821411794102, 0.11871109529503115, 16.021309708973103,58.156764585793205,  53.63382615719894, 0.42506444783583996,333.70005762620275,  47.40313851499748, 344900.1238173997,      0.0, 344900.1238173997,   1.0
  0.29999939999999997, 0.11871109529503115, 16.021309708973103,58.156764585793205,  53.63382615719894, 0.42506444783583996,333.70005762620275,  47.40313851499748,243044.36271008957,      0.0,243044.36271008957,   1.0
 -0.11875821411794102,-0.29999939999999997, 16.021309708973103,58.156764585793205,  53.63382615719894, 0.42506444783583996,333.70005762620275,  47.40313851499748, 266802.6553736864,      0.0, 266802.6553736864,   1.0
 -0.11875821411794102, 0.11871109529503115, 17.021309708973103,58.156764585793205,  53.63382615719894, 0.42506444783583996,333.70005762620275,  47.40313851499748, 344672.5452576817,      0.0, 344672.5452576817,   1.0
 -0.11875821411794102, 0.11871109529503115, 16.021309708973103,59.156764585793205,  53.63382615719894, 0.42506444783583996,333.70005762620275,  47.40313851499748,344753.03248717956,      0.0,344753.03248717956,   1.0
 -0.11875821411794102, 0.11871109529503115, 16.021309708973103,58.156764585793205,  54.63382615719894, 0.42506444783583996,333.70005762620275,  47.40313851499748,344114.44354202866,      0.0,344114.44354202866,   1.0
 -0.11875821411794102, 0.11871109529503115, 16.021309708973103,58.156764585793205,  53.63382615719894, 0.02000057999999999,333.70005762620275,  47.40313851499748, 334017.5889824161,      0.0, 334017.5889824161,   1.0
 -0.11875821411794102, 0.11871109529503115, 16.021309708973103,58.156764585793205,  53.63382615719894, 0.42506444783583996,334.70005762620275,  47.40313851499748,345045.40503400273,      0.0,345045.40503400273,   1.0
 -0.11875821411794102, 0.11871109529503115, 16.021309708973103,58.156764585793205,  53.63382615719894, 0.42506444783583996,333.70005762620275,  48.40313851499748, 345109.3444370163,      0.0, 345109.3444370163,   1.0
 -0.08759418911676509, 0.08753896831544429, 15.546671520638233, 57.92095949567642,   52.3781798275948,  0.3949847624730906, 331.9049940131161,  47.86075544160509, 350391.3463044326,      0.0, 350391.3463044326,   1.0
  0.29999939999999997, 0.08753896831544429, 15.546671520638233, 57.92095949567642,   52.3781798275948,  0.3949847624730906, 331.9049940131161,  47.86075544160509, 246068.3241413167,      0.0, 246068.3241413167,   1.0
 -0.08759418911676509,-0.29999939999999997, 15.546671520638233, 57.92095949567642,   52.3781798275948,  0.3949847624730906, 331.9049940131161,  47.86075544160509,275772.33428048575,      0.0,275772.33428048575,   1.0
 -0.08759418911676509, 0.08753896831544429, 16.546671520638235, 57.92095949567642,   52.3781798275948,  0.3949847624730906, 331.9049940131161,  47.86075544160509, 350268.7577169219,      0.0, 350268.7577169219,   1.0
 -0.08759418911676509, 0.08753896831544429, 15.546671520638233, 58.92095949567642,   52.3781798275948,  0.3949847624730906, 331.9049940131161,  47.86075544160509, 350712.8983529068,      0.0, 350712.8983529068,   1.0
 -0.08759418911676509, 0.08753896831544429, 15.546671520638233, 57.92095949567642,   53.3781798275948,  0.3949847624730906, 331.9049940131161,  47.86075544160509,349902.76514390326,      0.0,349902.76514390326,   1.0
 -0.08759418911676509, 0.08753896831544429, 15.546671520638233, 57.92095949567642,   52.3781798275948, 0.02000057999999999, 331.9049940131161,  47.86075544160509,328217.63431676535,      0.0,328217.63431676535,   1.0
 -0.08759418911676509, 0.08753896831544429, 15.546671520638233, 57.92095949567642,   52.3781798275948,  0.3949847624730906, 332.9049940131161,  47.86075544160509, 350557.9032636272,      0.0, 350557.9032636272,   1.0
 -0.08759418911676509, 0.08753896831544429, 15.546671520638233, 57.92095949567642,   52.3781798275948,  0.3949847624730906, 331.9049940131161,  48.86075544160509, 350473.6069888581,      0.0, 350473.6069888581,   1.0
 -0.08278061796841076, 0.08272414574178394,  15.47335927393102,57.884537224215066,  52.18423366869872, 0.39033867758488244, 331.6277298786826, 47.931438597418044, 351176.7109669681,      0.0, 351176.7109669681,   1.0
  0.29999939999999997, 0.08272414574178394,  15.47335927393102,57.884537224215066,  52.18423366869872, 0.39033867758488244, 331.6277298786826, 47.931438597418044,247004.49991026823,      0.0,247004.49991026823,   1.0
 -0.08278061796841076,-0.29999939999999997,  15.47335927393102,57.884537224215066,  52.18423366869872, 0.39033867758488244, 331.6277298786826, 47.931438597418044, 277287.7733417999,      0.0, 277287.7733417999,   1.0
 -0.08278061796841076, 0.08272414574178394,  16.47335927393102,57.884537224215066,  52.18423366869872, 0.39033867758488244, 331.6277298786826, 47.931438597418044, 351051.5550784285,      0.0, 351051.5550784285,   1.0
 -0.08278061796841076, 0.08272414574178394,  15.47335927393102,58.884537224215066,  52.18423366869872, 0.39033867758488244, 331.6277298786826, 47.931438597418044, 351365.7161441903,      0.0, 351365.7161441903,   1.0
 -0.08278061796841076, 0.08272414574178394,  15.47335927393102,57.884537224215066,  53.18423366869872, 0.39033867758488244, 331.6277298786826, 47.931438597418044,350848.65570835525,      0.0,350848.65570835525,   1.0
 -0.08278061796841076, 0.08272414574178394,  15.47335927393102,57.884537224215066,  52.18423366869872, 0.02000057999999999, 331.6277298786826, 47.931438597418044,327011.85997306264,      0.0,327011.85997306264,   1.0
 -0.08278061796841076, 0.08272414574178394,  15.47335927393102,57.884537224215066,  52.18423366869872, 0.39033867758488244, 332.6277298786826, 47.931438597418044,351323.77134510316,      0.0,351323.77134510316,   1.0
 -0.08278061796841076, 0.08272414574178394,  15.47335927393102,57.884537224215066,  52.18423366869872, 0.39033867758488244, 331.6277298786826, 48.931438597418044,351241.58803106647,      0.0,351241.58803106647,   1.0
 -0.08206415242998481, 0.08200749393767749,  15.46244727186614,  57.8791160303594,  52.15536617409305,   0.389647141174926,331.58646110104524, 47.941959278161384,351413.90473960177,      0.0,351413.90473960177,   1.0
  0.29999939999999997, 0.08200749393767749,  15.46244727186614,  57.8791160303594,  52.15536617409305,   0.389647141174926,331.58646110104524, 47.941959278161384,247119.62240042584,      0.0,247119.62240042584,   1.0
 -0.08206415242998481,-0.29999939999999997,  15.46244727186614,  57.8791160303594,  52.15536617409305,   0.389647141174926,331.58646110104524, 47.941959278161384,277473.81939346355,      0.0,277473.81939346355,   1.0
 -0.08206415242998481, 0.08200749393767749,  16.46244727186614,  57.8791160303594,  52.15536617409305,   0.389647141174926,331.58646110104524, 47.941959278161384, 351309.1890484255,      0.0, 351309.1890484255,   1.0
 -0.08206415242998481, 0.08200749393767749,  15.46244727186614,  58.8791160303594,  52.15536617409305,   0.389647141174926,331.58646110104524, 47.941959278161384,351456.63080144906,      0.0,351456.63080144906,   1.0
 -0.08206415242998481, 0.08200749393767749,  15.46244727186614,  57.8791160303594,  53.15536617409305,   0.389647141174926,331.58646110104524, 47.941959278161384, 350929.7401778455,      0.0, 350929.7401778455,   1.0
 -0.08206415242998481, 0.08200749393767749,  15.46244727186614,  57.8791160303594,  52.15536617409305, 0.02000057999999999,331.58646110104524, 47.941959278161384, 326661.6518512019,      0.0, 326661.6518512019,   1.0
 -0.08206415242998481, 0.08200749393767749,  15.46244727186614,  57.8791160303594,  52.15536617409305,   0.389647141174926,332.58646110104524, 47.941959278161384, 351570.9311773137,      0.0, 351570.9311773137,   1.0
 -0.08206415242998481, 0.08200749393767749,  15.46244727186614,  57.8791160303594,  52.15536617409305,   0.389647141174926,331.58646110104524, 48.941959278161384, 351489.2471168202,      0.0, 351489.2471168202,   1.0
 -0.08198237779052686, 0.08192569803856635, 15.461201817637342, 57.87849727600319,  52.15207134854062, 0.38956821185095536, 331.5817508404239, 47.943160068469496,351428.93990185356,      0.0,351428.93990185356,   1.0
  0.29999939999999997, 0.08192569803856635, 15.461201817637342, 57.87849727600319,  52.15207134854062, 0.38956821185095536, 331.5817508404239, 47.943160068469496,247122.02704151825,      0.0,247122.02704151825,   1.0
 -0.08198237779052686,-0.29999939999999997, 15.461201817637342, 57.87849727600319,  52.15207134854062, 0.38956821185095536, 331.5817508404239, 47.943160068469496,277506.05487324356,      0.0,277506.05487324356,   1.0
 -0.08198237779052686, 0.08192569803856635, 16.461201817637342, 57.87849727600319,  52.15207134854062, 0.38956821185095536, 331.5817508404239, 47.943160068469496, 351328.9105619528,      0.0, 351328.9105619528,   1.0
 -0.08198237779052686, 0.08192569803856635, 15.461201817637342, 58.87849727600319,  52.15207134854062, 0.38956821185095536, 331.5817508404239, 47.943160068469496, 351482.4355525635,      0.0, 351482.4355525635,   1.0
 -0.08198237779052686, 0.08192569803856635, 15.461201817637342, 57.87849727600319,  53.15207134854062, 0.38956821185095536, 331.5817508404239, 47.943160068469496,350939.04101631924,      0.0,350939.04101631924,   1.0
 -0.08198237779052686, 0.08192569803856635, 15.461201817637342, 57.87849727600319,  52.15207134854062, 0.02000057999999999, 331.5817508404239, 47.943160068469496, 326674.2910659734,      0.0, 326674.2910659734,   1.0
 -0.08198237779052686, 0.08192569803856635, 15.461201817637342, 57.87849727600319,  52.15207134854062, 0.38956821185095536, 332.5817508404239, 47.943160068469496, 351591.6356057827,      0.0, 351591.6356057827,   1.0
 -0.08198237779052686, 0.08192569803856635, 15.461201817637342, 57.87849727600319,  52.15207134854062, 0.38956821185095536, 331.5817508404239, 48.943160068469496, 351504.6543017322,      0.0, 351504.6543017322,   1.0
 -0.08197061694798265,  0.0819139341384552, 15.461022696198494, 57.87840828664652, 52.151597486169734, 0.38955686022216807,331.58107340994087,  47.94333276633568,351431.52615844045,      0.0,351431.52615844045,   1.0
  0.29999939999999997,  0.0819139341384552, 15.461022696198494, 57.87840828664652, 52.151597486169734, 0.38955686022216807,331.58107340994087,  47.94333276633568, 247116.7642116341,      0.0, 247116.7642116341,   1.0
 -0.08197061694798265,-0.29999939999999997, 15.461022696198494, 57.87840828664652, 52.151597486169734, 0.38955686022216807,331.58107340994087,  47.94333276633568, 277510.3888428217,      0.0, 277510.3888428217,   1.0
 -0.08197061694798265,  0.0819139341384552, 16.461022696198494, 57.87840828664652, 52.151597486169734, 0.38955686022216807,331.58107340994087,  47.94333276633568, 351331.4364300525,      0.0, 351331.4364300525,   1.0
 -0.08197061694798265,  0.0819139341384552, 15.461022696198494, 58.87840828664652, 52.151597486169734, 0.38955686022216807,331.58107340994087,  47.94333276633568, 351485.5554910803,      0.0, 351485.5554910803,   1.0
 -0.08197061694798265,  0.0819139341384552, 15.461022696198494, 57.87840828664652, 53.151597486169734, 0.38955686022216807,331.58107340994087,  47.94333276633568,350953.45393200486,      0.0,350953.45393200486,   1.0
 -0.08197061694798265,  0.0819139341384552, 15.461022696198494, 57.87840828664652, 52.151597486169734, 0.02000057999999999,331.58107340994087,  47.94333276633568,326643.78906963865,      0.0,326643.78906963865,   1.0
 -0.08197061694798265,  0.0819139341384552, 15.461022696198494, 57.87840828664652, 52.151597486169734, 0.38955686022216807,332.58107340994087,  47.94333276633568, 351593.8991915755,      0.0, 351593.8991915755,   1.0
 -0.08197061694798265,  0.0819139341384552, 15.461022696198494, 57.87840828664652, 52.151597486169734, 0.38955686022216807,331.58107340994087,  48.94333276633568, 351509.1718435332,      0.0, 351509.1718435332,   1.0
 -0.08196907328033004, 0.08191239006948209, 15.460999185640471, 57.87839660636164, 52.151535289434165,  0.3895553702658068, 331.5809844939028,  47.94335543376862,351431.52725173265,      0.0,351431.52725173265,   1.0
  0.29999939999999997, 0.08191239006948209, 15.460999185640471, 57.87839660636164, 52.151535289434165,  0.3895553702658068, 331.5809844939028,  47.94335543376862,247117.62686973845,      0.0,247117.62686973845,   1.0
 -0.08196907328033004,-0.29999939999999997, 15.460999185640471, 57.87839660636164, 52.151535289434165,  0.3895553702658068, 331.5809844939028,  47.94335543376862, 277510.3888428217,      0.0, 277510.3888428217,   1.0
 -0.08196907328033004, 0.08191239006948209,  16.46099918564047, 57.87839660636164, 52.151535289434165,  0.3895553702658068, 331.5809844939028,  47.94335543376862,351331.39449281304,      0.0,351331.39449281304,   1.0
 -0.08196907328033004, 0.08191239006948209, 15.460999185640471, 58.87839660636164, 52.151535289434165,  0.3895553702658068, 331.5809844939028,  47.94335543376862,  351485.552860401,      0.0,  351485.552860401,   1.0
 -0.08196907328033004, 0.08191239006948209, 15.460999185640471, 57.87839660636164, 53.151535289434165,  0.3895553702658068, 331.5809844939028,  47.94335543376862, 350953.4592665259,      0.0, 350953.4592665259,   1.0
 -0.08196907328033004, 0.08191239006948209, 15.460999185640471, 57.87839660636164, 52.151535289434165, 0.02000057999999999, 331.5809844939028,  47.94335543376862,326643.78906963865,      0.0,326643.78906963865,   1.0
 -0.08196907328033004, 0.08191239006948209, 15.460999185640471, 57.87839660636164, 52.151535289434165,  0.3895553702658068, 332.5809844939028,  47.94335543376862, 351593.8991915755,      0.0, 351593.8991915755,   1.0
 -0.08196907328033004, 0.08191239006948209, 15.460999185640471, 57.87839660636164, 52.151535289434165,  0.3895553702658068, 331.5809844939028,  48.94335543376862, 351509.1874958933,      0.0, 351509.1874958933,   1.0
 -0.08196874755279569, 0.08191206425726556, 15.460994224704688,57.878394141718175,   52.1515221653726, 0.38955505587183015,331.58096573183195,  47.94336021679755,351431.52725173265,      0.0,351431.52725173265,   1.0
  0.29999939999999997, 0.08191206425726556, 15.460994224704688,57.878394141718175,   52.1515221653726, 0.38955505587183015,331.58096573183195,  47.94336021679755,247117.62686973845,      0.0,247117.62686973845,   1.0
 -0.08196874755279569,-0.29999939999999997, 15.460994224704688,57.878394141718175,   52.1515221653726, 0.38955505587183015,331.58096573183195,  47.94336021679755, 277510.3888428217,      0.0, 277510.3888428217,   1.0
 -0.08196874755279569, 0.08191206425726556, 16.460994224704688,57.878394141718175,   52.1515221653726, 0.38955505587183015,331.58096573183195,  47.94336021679755,351331.39449281304,      0.0,351331.39449281304,   1.0
 -0.08196874755279569, 0.08191206425726556, 15.460994224704688,58.878394141718175,   52.1515221653726, 0.38955505587183015,331.58096573183195,  47.94336021679755, 351485.5380909878,      0.0, 351485.5380909878,   1.0
 -0.08196874755279569, 0.08191206425726556, 15.460994224704688,57.878394141718175,   53.1515221653726, 0.38955505587183015,331.58096573183195,  47.94336021679755, 350953.4592665259,      0.0, 350953.4592665259,   1.0
 -0.08196874755279569, 0.08191206425726556, 15.460994224704688,57.878394141718175,   52.1515221653726, 0.02000057999999999,331.58096573183195,  47.94336021679755,326643.78906963865,      0.0,326643.78906963865,   1.0
 -0.08196874755279569, 0.08191206425726556, 15.460994224704688,57.878394141718175,   52.1515221653726, 0.38955505587183015,332.58096573183195,  47.94336021679755, 351593.8991915755,      0.0, 351593.8991915755,   1.0
 -0.08196874755279569, 0.08191206425726556, 15.460994224704688,57.878394141718175,   52.1515221653726, 0.38955505587183015,331.58096573183195,  48.94336021679755, 351509.1874958933,      0.0, 351509.1874958933,   1.0
 -0.08196867881241764,  0.0819119954990165, 15.460993177766479, 57.87839362158861,  52.15151939571741, 0.38955498952324574, 331.5809617723514,  47.94336122619093,351431.52725173265,      0.0,351431.52725173265,   1.0
  0.29999939999999997,  0.0819119954990165, 15.460993177766479, 57.87839362158861,  52.15151939571741, 0.38955498952324574, 331.5809617723514,  47.94336122619093,247117.62686973845,      0.0,247117.62686973845,   1.0
 -0.08196867881241764,-0.29999939999999997, 15.460993177766479, 57.87839362158861,  52.15151939571741, 0.38955498952324574, 331.5809617723514,  47.94336122619093, 277510.3888428217,      0.0, 277510.3888428217,   1.0
 -0.08196867881241764,  0.0819119954990165,  16.46099317776648, 57.87839362158861,  52.15151939571741, 0.38955498952324574, 331.5809617723514,  47.94336122619093,351331.39449281304,      0.0,351331.39449281304,   1.0
 -0.08196867881241764,  0.0819119954990165, 15.460993177766479, 58.87839362158861,  52.15151939571741, 0.38955498952324574, 331.5809617723514,  47.94336122619093, 351485.5380909878,      0.0, 351485.5380909878,   1.0
 -0.08196867881241764,  0.0819119954990165, 15.460993177766479, 57.87839362158861,  53.15151939571741, 0.38955498952324574, 331.5809617723514,  47.94336122619093, 350953.4592665259,      0.0, 350953.4592665259,   1.0
 -0.08196867881241764,  0.0819119954990165, 15.460993177766479, 57.87839362158861,  52.15151939571741, 0.02000057999999999, 331.5809617723514,  47.94336122619093,326643.78906963865,      0.0,326643.78906963865,   1.0
 -0.08196867881241764,  0.0819119954990165, 15.460993177766479, 57.87839362158861,  52.15151939571741, 0.38955498952324574, 332.5809617723514,  47.94336122619093, 351593.8991915755,      0.0, 351593.8991915755,   1.0
 -0.08196867881241764,  0.0819119954990165, 15.460993177766479, 57.87839362158861,  52.15151939571741, 0.38955498952324574, 331.5809617723514,  48.94336122619093, 351509.1819198041,      0.0, 351509.1819198041,   1.0
 -0.08196866430569745, 0.08191198098852487, 15.460992956824436,57.878393511822345,  52.15151881121942,   0.389554975521281,  331.580960936757,  47.94336143920965,351431.52725173265,      0.0,351431.52725173265,   1.0
  0.29999939999999997, 0.08191198098852487, 15.460992956824436,57.878393511822345,  52.15151881121942,   0.389554975521281,  331.580960936757,  47.94336143920965,247117.62686973845,      0.0,247117.62686973845,   1.0
 -0.08196866430569745,-0.29999939999999997, 15.460992956824436,57.878393511822345,  52.15151881121942,   0.389554975521281,  331.580960936757,  47.94336143920965, 277510.3888428217,      0.0, 277510.3888428217,   1.0
 -0.08196866430569745, 0.08191198098852487, 16.460992956824434,57.878393511822345,  52.15151881121942,   0.389554975521281,  331.580960936757,  47.94336143920965,351331.39449281304,      0.0,351331.39449281304,   1.0
 -0.08196866430569745, 0.08191198098852487, 15.460992956824436,58.878393511822345,  52.15151881121942,   0.389554975521281,  331.580960936757,  47.94336143920965, 351485.5380909878,      0.0, 351485.5380909878,   1.0
 -0.08196866430569745, 0.08191198098852487, 15.460992956824436,57.878393511822345,  53.15151881121942,   0.389554975521281,  331.580960936757,  47.94336143920965, 350953.4592665259,      0.0, 350953.4592665259,   1.0
 -0.08196866430569745, 0.08191198098852487, 15.460992956824436,57.878393511822345,  52.15151881121942, 0.02000057999999999,  331.580960936757,  47.94336143920965,326643.78906963865,      0.0,326643.78906963865,   1.0
 -0.08196866430569745, 0.08191198098852487, 15.460992956824436,57.878393511822345,  52.15151881121942,   0.389554975521281,  332.580960936757,  47.94336143920965, 351593.8991915755,      0.0, 351593.8991915755,   1.0
 -0.08196866430569745, 0.08191198098852487, 15.460992956824436,57.878393511822345,  52.15151881121942,   0.389554975521281,  331.580960936757,  48.94336143920965, 351509.1819198041,      0.0, 351509.1819198041,   1.0
 -0.08196866124425234, 0.08191197792628384, 15.460992910197636, 57.87839348865767,  52.15151868786911,  0.3895549725663576, 331.5809607604162,  47.94336148416434,351431.52725173265,      0.0,351431.52725173265,   1.0
  0.29999939999999997, 0.08191197792628384, 15.460992910197636, 57.87839348865767,  52.15151868786911,  0.3895549725663576, 331.5809607604162,  47.94336148416434,247117.62686973845,      0.0,247117.62686973845,   1.0
 -0.08196866124425234,-0.29999939999999997, 15.460992910197636, 57.87839348865767,  52.15151868786911,  0.3895549725663576, 331.5809607604162,  47.94336148416434, 277510.3888428217,      0.0, 277510.3888428217,   1.0
 -0.08196866124425234, 0.08191197792628384, 16.460992910197636, 57.87839348865767,  52.15151868786911,  0.3895549725663576, 331.5809607604162,  47.94336148416434,351331.39449281304,      0.0,351331.39449281304,   1.0
 -0.08196866124425234, 0.08191197792628384, 15.460992910197636, 58.87839348865767,  52.15151868786911,  0.3895549725663576, 331.5809607604162,  47.94336148416434, 351485.5380909878,      0.0, 351485.5380909878,   1.0
 -0.08196866124425234, 0.08191197792628384, 15.460992910197636, 57.87839348865767,  53.15151868786911,  0.3895549725663576, 331.5809607604162,  47.94336148416434, 350953.4592665259,      0.0, 350953.4592665259,   1.0
 -0.08196866124425234, 0.08191197792628384, 15.460992910197636, 57.87839348865767,  52.15151868786911, 0.02000057999999999, 331.5809607604162,  47.94336148416434,326643.78906963865,      0.0,326643.78906963865,   1.0
 -0.08196866124425234, 0.08191197792628384, 15.460992910197636, 57.87839348865767,  52.15151868786911,  0.3895549725663576, 332.5809607604162,  47.94336148416434, 351593.8991915755,      0.0, 351593.8991915755,   1.0
 -0.08196866124425234, 0.08191197792628384, 15.460992910197636, 57.87839348865767,  52.15151868786911,  0.3895549725663576, 331.5809607604162,  48.94336148416434, 351509.1819198041,      0.0, 351509.1819198041,   1.0
 -0.08196866059817619, 0.08191197728003974, 15.460992900357686, 57.87839348376909, 52.151518661837706, 0.38955497194276145, 331.5809607232019, 47.943361493651416,351431.52725173265,      0.0,351431.52725173265,   1.0
  0.29999939999999997, 0.08191197728003974, 15.460992900357686, 57.87839348376909, 52.151518661837706, 0.38955497194276145, 331.5809607232019, 47.943361493651416,247117.62686973845,      0.0,247117.62686973845,   1.0
 -0.08196866059817619,-0.29999939999999997, 15.460992900357686, 57.87839348376909, 52.151518661837706, 0.38955497194276145, 331.5809607232019, 47.943361493651416, 277510.3888428217,      0.0, 277510.3888428217,   1.0
 -0.08196866059817619, 0.08191197728003974, 16.460992900357688, 57.87839348376909, 52.151518661837706, 0.38955497194276145, 331.5809607232019, 47.943361493651416,351331.39449281304,      0.0,351331.39449281304,   1.0
 -0.08196866059817619, 0.08191197728003974, 15.460992900357686, 58.87839348376909, 52.151518661837706, 0.38955497194276145, 331.5809607232019, 47.943361493651416, 351485.5380909878,      0.0, 351485.5380909878,   1.0
 -0.08196866059817619, 0.08191197728003974, 15.460992900357686, 57.87839348376909, 53.151518661837706, 0.38955497194276145, 331.5809607232019, 47.943361493651416, 350953.4592665259,      0.0, 350953.4592665259,   1.0
 -0.08196866059817619, 0.08191197728003974, 15.460992900357686, 57.87839348376909, 52.151518661837706, 0.02000057999999999, 331.5809607232019, 47.943361493651416,326643.78906963865,      0.0,326643.78906963865,   1.0
 -0.08196866059817619, 0.08191197728003974, 15.460992900357686, 57.87839348376909, 52.151518661837706, 0.38955497194276145, 332.5809607232019, 47.943361493651416, 351593.8991915755,      0.0, 351593.8991915755,   1.0
 -0.08196866059817619, 0.08191197728003974, 15.460992900357686, 57.87839348376909, 52.151518661837706, 0.38955497194276145, 331.5809607232019, 48.943361493651416, 351509.1819198041,      0.0, 351509.1819198041,   1.0
 -0.08196866046183063, 0.08191197714365872, 15.460992898281098,57.878393482737415,  52.15151865634414, 0.38955497181115994, 331.5809607153483, 47.943361495653534,351431.52725173265,      0.0,351431.52725173265,   1.0
            0.2999994, 0.08191197714365872, 15.460992898281098,57.878393482737415,  52.15151865634414, 0.38955497181115994, 331.5809607153483, 47.943361495653534,247117.62686973845,      0.0,247117.62686973845,   1.0
 -0.08196866046183063,-0.29999939999999997, 15.460992898281098,57.878393482737415,  52.15151865634414, 0.38955497181115994, 331.5809607153483, 47.943361495653534, 277510.3888428217,      0.0, 277510.3888428217,   1.0
 -0.08196866046183063, 0.08191197714365872,   16.4609928982811,57.878393482737415,  52.15151865634414, 0.38955497181115994, 331.5809607153483, 47.943361495653534,351331.39449281304,      0.0,351331.39449281304,   1.0
 -0.08196866046183063, 0.08191197714365872, 15.460992898281098,58.878393482737415,  52.15151865634414, 0.38955497181115994, 331.5809607153483, 47.943361495653534, 351485.5380909878,      0.0, 351485.5380909878,   1.0
 -0.08196866046183063, 0.08191197714365872, 15.460992898281098,57.878393482737415,  53.15151865634414, 0.38955497181115994, 331.5809607153483, 47.943361495653534, 350953.4592665259,      0.0, 350953.4592665259,   1.0
 -0.08196866046183063, 0.08191197714365872, 15.460992898281098,57.878393482737415,  52.15151865634414, 0.02000057999999999, 331.5809607153483, 47.943361495653534,326643.78906963865,      0.0,326643.78906963865,   1.0
 -0.08196866046183063, 0.08191197714365872, 15.460992898281098,57.878393482737415,  52.15151865634414, 0.38955497181115994, 332.5809607153483, 47.943361495653534, 351593.8991915755,      0.0, 351593.8991915755,   1.0
 -0.08196866046183063, 0.08191197714365872, 15.460992898281098,57.878393482737415,  52.15151865634414, 0.38955497181115994, 331.5809607153483, 48.943361495653534, 351509.1819198041,      0.0, 351509.1819198041,   1.0
 -0.08196866043305678,  0.0819119771148774, 15.460992897842864,  57.8783934825197, 52.151518655184795, 0.38955497178338727, 331.5809607136909,  47.94336149607605,351431.52725173265,      0.0,351431.52725173265,   1.0
  0.29999939999999997,  0.0819119771148774, 15.460992897842864,  57.8783934825197, 52.151518655184795, 0.38955497178338727, 331.5809607136909,  47.94336149607605,247117.62686973845,      0.0,247117.62686973845,   1.0
 -0.08196866043305678,-0.29999939999999997, 15.460992897842864,  57.8783934825197, 52.151518655184795, 0.38955497178338727, 331.5809607136909,  47.94336149607605, 277510.3888428217,      0.0, 277510.3888428217,   1.0
 -0.08196866043305678,  0.0819119771148774, 16.460992897842864,  57.8783934825197, 52.151518655184795, 0.38955497178338727, 331.5809607136909,  47.94336149607605,351331.39449281304,      0.0,351331.39449281304,   1.0
 -0.08196866043305678,  0.0819119771148774, 15.460992897842864,  58.8783934825197, 52.151518655184795, 0.38955497178338727, 331.5809607136909,  47.94336149607605, 351485.5380909878,      0.0, 351485.5380909878,   1.0
 -0.08196866043305678,  0.0819119771148774, 15.460992897842864,  57.8783934825197, 53.151518655184795, 0.38955497178338727, 331.5809607136909,  47.94336149607605, 350953.4592665259,      0.0, 350953.4592665259,   1.0
 -0.08196866043305678,  0.0819119771148774, 15.460992897842864,  57.8783934825197, 52.151518655184795, 0.02000057999999999, 331.5809607136909,  47.94336149607605,326643.78906963865,      0.0,326643.78906963865,   1.0
 -0.08196866043305678,  0.0819119771148774, 15.460992897842864,  57.8783934825197, 52.151518655184795, 0.38955497178338727, 332.5809607136909,  47.94336149607605, 351593.8991915755,      0.0, 351593.8991915755,   1.0
 -0.08196866043305678,  0.0819119771148774, 15.460992897842864,  57.8783934825197, 52.151518655184795, 0.38955497178338727, 331.5809607136909,  48.94336149607605, 351509.1819198041,      0.0, 351509.1819198041,   1.0
 -0.08196866042698443, 0.08191197710880346,  15.46099289775038,57.878393482473754, 52.151518654940126, 0.38955497177752624,331.58096071334114,  47.94336149616522,351431.52725173265,      0.0,351431.52725173265,   1.0
  0.29999939999999997, 0.08191197710880346,  15.46099289775038,57.878393482473754, 52.151518654940126, 0.38955497177752624,331.58096071334114,  47.94336149616522,247117.62686973845,      0.0,247117.62686973845,   1.0
 -0.08196866042698443, -0.2999993999999999,  15.46099289775038,57.878393482473754, 52.151518654940126, 0.38955497177752624,331.58096071334114,  47.94336149616522, 277510.3888428217,      0.0, 277510.3888428217,   1.0
 -0.08196866042698443, 0.08191197710880346,  16.46099289775038,57.878393482473754, 52.151518654940126, 0.38955497177752624,331.58096071334114,  47.94336149616522,351331.39449281304,      0.0,351331.39449281304,   1.0
 -0.08196866042698443, 0.08191197710880346,  15.46099289775038,58.878393482473754, 52.151518654940126, 0.38955497177752624,331.58096071334114,  47.94336149616522, 351485.5380909878,      0.0, 351485.5380909878,   1.0
 -0.08196866042698443, 0.08191197710880346,  15.46099289775038,57.878393482473754, 53.151518654940126, 0.38955497177752624,331.58096071334114,  47.94336149616522, 350953.4592665259,      0.0, 350953.4592665259,   1.0
 -0.08196866042698443, 0.08191197710880346,  15.46099289775038,57.878393482473754, 52.151518654940126, 0.02000057999999999,331.58096071334114,  47.94336149616522,326643.78906963865,      0.0,326643.78906963865,   1.0
 -0.08196866042698443, 0.08191197710880346,  15.46099289775038,57.878393482473754, 52.151518654940126, 0.38955497177752624,332.58096071334114,  47.94336149616522, 351593.8991915755,      0.0, 351593.8991915755,   1.0
 -0.08196866042698443, 0.08191197710880346,  15.46099289775038,57.878393482473754, 52.151518654940126, 0.38955497177752624,331.58096071334114,  48.94336149616522, 351509.1819198041,      0.0, 351509.1819198041,   1.0
 -0.08196866042570297, 0.08191197710752167, 15.460992897730863,57.878393482464055,   52.1515186548885, 0.38955497177628934, 331.5809607132673,  47.94336149618404,351431.52725173265,      0.0,351431.52725173265,   1.0
            0.2999994, 0.08191197710752167, 15.460992897730863,57.878393482464055,   52.1515186548885, 0.38955497177628934, 331.5809607132673,  47.94336149618404,247117.62686973845,      0.0,247117.62686973845,   1.0
 -0.08196866042570297,-0.29999939999999997, 15.460992897730863,57.878393482464055,   52.1515186548885, 0.38955497177628934, 331.5809607132673,  47.94336149618404, 277510.3888428217,      0.0, 277510.3888428217,   1.0
 -0.08196866042570297, 0.08191197710752167,  16.46099289773086,57.878393482464055,   52.1515186548885, 0.38955497177628934, 331.5809607132673,  47.94336149618404,351331.39449281304,      0.0,351331.39449281304,   1.0
 -0.08196866042570297, 0.08191197710752167, 15.460992897730863,58.878393482464055,   52.1515186548885, 0.38955497177628934, 331.5809607132673,  47.94336149618404, 351485.5380909878,      0.0, 351485.5380909878,   1.0
 -0.08196866042570297, 0.08191197710752167, 15.460992897730863,57.878393482464055,   53.1515186548885, 0.38955497177628934, 331.5809607132673,  47.94336149618404, 350953.4592665259,      0.0, 350953.4592665259,   1.0
 -0.08196866042570297, 0.08191197710752167, 15.460992897730863,57.878393482464055,   52.1515186548885, 0.02000057999999999, 331.5809607132673,  47.94336149618404,326643.78906963865,      0.0,326643.78906963865,   1.0
 -0.08196866042570297, 0.08191197710752167, 15.460992897730863,57.878393482464055,   52.1515186548885, 0.38955497177628934, 332.5809607132673,  47.94336149618404, 351593.8991915755,      0.0, 351593.8991915755,   1.0
 -0.08196866042570297, 0.08191197710752167, 15.460992897730863,57.878393482464055,   52.1515186548885, 0.38955497177628934, 331.5809607132673,  48.94336149618404, 351509.1819198041,      0.0, 351509.1819198041,   1.0
 -0.08196866042543252, 0.08191197710725115, 15.460992897726744, 57.87839348246201,   52.1515186548776,  0.3895549717760283, 331.5809607132517, 47.943361496188004,351431.52725173265,      0.0,351431.52725173265,   1.0
            0.2999994, 0.08191197710725115, 15.460992897726744, 57.87839348246201,   52.1515186548776,  0.3895549717760283, 331.5809607132517, 47.943361496188004,247117.62686973845,      0.0,247117.62686973845,   1.0
 -0.08196866042543252, -0.2999993999999999, 15.460992897726744, 57.87839348246201,   52.1515186548776,  0.3895549717760283, 331.5809607132517, 47.943361496188004, 277510.3888428217,      0.0, 277510.3888428217,   1.0
 -0.08196866042543252, 0.08191197710725115, 16.460992897726744, 57.87839348246201,   52.1515186548776,  0.3895549717760283, 331.5809607132517, 47.943361496188004,351331.39449281304,      0.0,351331.39449281304,   1.0
 -0.08196866042543252, 0.08191197710725115, 15.460992897726744, 58.87839348246201,   52.1515186548776,  0.3895549717760283, 331.5809607132517, 47.943361496188004, 351485.5380909878,      0.0, 351485.5380909878,   1.0
 -0.08196866042543252, 0.08191197710725115, 15.460992897726744, 57.87839348246201,   53.1515186548776,  0.3895549717760283, 331.5809607132517, 47.943361496188004, 350953.4592665259,      0.0, 350953.4592665259,   1.0
 -0.08196866042543252, 0.08191197710725115, 15.460992897726744, 57.87839348246201,   52.1515186548776, 0.02000057999999999, 331.5809607132517, 47.943361496188004,326643.78906963865,      0.0,326643.78906963865,   1.0
 -0.08196866042543252, 0.08191197710725115, 15.460992897726744, 57.87839348246201,   52.1515186548776,  0.3895549717760283, 332.5809607132517, 47.943361496188004, 351593.8991915755,      0.0, 351593.8991915755,   1.0
 -0.08196866042543252, 0.08191197710725115, 15.460992897726744, 57.87839348246201,   52.1515186548776,  0.3895549717760283, 331.5809607132517, 48.943361496188004, 351509.1819198041,      0.0, 351509.1819198041,   1.0
 -0.08196866042537543, 0.08191197710719406, 15.460992897725875,57.878393482461576, 52.151518654875304,  0.3895549717759732,331.58096071324843,  47.94336149618884,351431.52725173265,      0.0,351431.52725173265,   1.0
  0.29999939999999997, 0.08191197710719406, 15.460992897725875,57.878393482461576, 52.151518654875304,  0.3895549717759732,331.58096071324843,  47.94336149618884,247117.62686973845,      0.0,247117.62686973845,   1.0
 -0.08196866042537543,-0.29999939999999997, 15.460992897725875,57.878393482461576, 52.151518654875304,  0.3895549717759732,331.58096071324843,  47.94336149618884, 277510.3888428217,      0.0, 277510.3888428217,   1.0
 -0.08196866042537543, 0.08191197710719406, 16.460992897725873,57.878393482461576, 52.151518654875304,  0.3895549717759732,331.58096071324843,  47.94336149618884,351331.39449281304,      0.0,351331.39449281304,   1.0
 -0.08196866042537543, 0.08191197710719406, 15.460992897725875,58.878393482461576, 52.151518654875304,  0.3895549717759732,331.58096071324843,  47.94336149618884, 351485.5380909878,      0.0, 351485.5380909878,   1.0
 -0.08196866042537543, 0.08191197710719406, 15.460992897725875,57.878393482461576, 53.151518654875304,  0.3895549717759732,331.58096071324843,  47.94336149618884, 350953.4592665259,      0.0, 350953.4592665259,   1.0
 -0.08196866042537543, 0.08191197710719406, 15.460992897725875,57.878393482461576, 52.151518654875304, 0.02000057999999999,331.58096071324843,  47.94336149618884,326643.78906963865,      0.0,326643.78906963865,   1.0
 -0.08196866042537543, 0.08191197710719406, 15.460992897725875,57.878393482461576, 52.151518654875304,  0.3895549717759732,332.58096071324843,  47.94336149618884, 351593.8991915755,      0.0, 351593.8991915755,   1.0
 -0.08196866042537543, 0.08191197710719406, 15.460992897725875,57.878393482461576, 52.151518654875304,  0.3895549717759732,331.58096071324843,  48.94336149618884, 351509.1819198041,      0.0, 351509.1819198041,   1.0
  -0.0819686604254131, 0.08191197710723173, 15.460992897726449, 57.87839348246186,  52.15151865487682, 0.38955497177600956,331.58096071325065, 47.943361496188295,351431.52725173265,      0.0,351431.52725173265,   1.0
  0.29999939999999997, 0.08191197710723173, 15.460992897726449, 57.87839348246186,  52.15151865487682, 0.38955497177600956,331.58096071325065, 47.943361496188295,247117.62686973845,      0.0,247117.62686973845,   1.0
  -0.0819686604254131,-0.29999939999999997, 15.460992897726449, 57.87839348246186,  52.15151865487682, 0.38955497177600956,331.58096071325065, 47.943361496188295, 277510.3888428217,      0.0, 277510.3888428217,   1.0
  -0.0819686604254131, 0.08191197710723173,  16.46099289772645, 57.87839348246186,  52.15151865487682, 0.38955497177600956,331.58096071325065, 47.943361496188295,351331.39449281304,      0.0,351331.39449281304,   1.0
  -0.0819686604254131, 0.08191197710723173, 15.460992897726449, 58.87839348246186,  52.15151865487682, 0.38955497177600956,331.58096071325065, 47.943361496188295, 351485.5380909878,      0.0, 351485.5380909878,   1.0
  -0.0819686604254131, 0.08191197710723173, 15.460992897726449, 57.87839348246186,  53.15151865487682, 0.38955497177600956,331.58096071325065, 47.943361496188295, 350953.4592665259,      0.0, 350953.4592665259,   1.0
  -0.0819686604254131, 0.08191197710723173, 15.460992897726449, 57.87839348246186,  52.15151865487682, 0.02000057999999999,331.58096071325065, 47.943361496188295,326643.78906963865,      0.0,326643.78906963865,   1.0
  -0.0819686604254131, 0.08191197710723173, 15.460992897726449, 57.87839348246186,  52.15151865487682, 0.38955497177600956,332.58096071325065, 47.943361496188295, 351593.8991915755,      0.0, 351593.8991915755,   1.0
  -0.0819686604254131, 0.08191197710723173, 15.460992897726449, 57.87839348246186,  52.15151865487682, 0.38955497177600956,331.58096071325065, 48.943361496188295, 351509.1819198041,      0.0, 351509.1819198041,   1.0
 -0.29999939999999997, 0.29999939999999997,          -59.99988,          79.99994,          -89.99974,          0.59999942,         499.99955,         119.999885,215667.48730809081,      0.0,215667.48730809081,   1.0
  0.29999939999999997, 0.29999939999999997,          -59.99988,          79.99994,          -89.99974,          0.59999942,         499.99955,         119.999885, 267282.0283392846,      0.0, 267282.0283392846,   1.0
 -0.29999939999999997,-0.29999939999999997,          -59.99988,          79.99994,          -89.99974,          0.59999942,         499.99955,         119.999885, 245607.3258419343,      0.0, 245607.3258419343,   1.0
 -0.29999939999999997, 0.29999939999999997,          -58.99988,          79.99994,          -89.99974,          0.59999942,         499.99955,         119.999885,215869.01821960133,      0.0,215869.01821960133,   1.0
 -0.29999939999999997, 0.29999939999999997,          -59.99988,          78.99994,          -89.99974,          0.59999942,         499.99955,         119.999885,213837.95406334772,      0.0,213837.95406334772,   1.0
 -0.29999939999999997, 0.29999939999999997,          -59.99988,          79.99994,          -88.99974,          0.59999942,         499.99955,         119.999885,215799.70307979593,      0.0,215799.70307979593,   1.0
 -0.29999939999999997, 0.29999939999999997,          -59.99988,          79.99994,          -89.99974,0.020000580000000046,         499.99955,         119.999885,202709.17056427427,      0.0,202709.17056427427,   1.0
 -0.29999939999999997, 0.29999939999999997,          -59.99988,          79.99994,          -89.99974,          0.59999942,         498.99955,         119.999885,215721.58227854734,      0.0,215721.58227854734,   1.0
 -0.29999939999999997, 0.29999939999999997,          -59.99988,          79.99994,          -89.99974,          0.59999942,         499.99955,         118.999885, 215457.9675120738,      0.0, 215457.9675120738,   1.0
  -0.1154533262708339, 0.11540534824793344,   3.87188340647843, 61.27577035954764, 30.320251170032247, 0.42187455222394754, 357.4463051845596,  59.00963873864941, 332483.1194610664,      0.0, 332483.1194610664,   1.0
   0.2999993999999999, 0.11540534824793344,   3.87188340647843, 61.27577035954764, 30.320251170032247, 0.42187455222394754, 357.4463051845596,  59.00963873864941,244654.41639154765,      0.0,244654.41639154765,   1.0
  -0.1154533262708339, -0.2999993999999999,   3.87188340647843, 61.27577035954764, 30.320251170032247, 0.42187455222394754, 357.4463051845596,  59.00963873864941,280737.26391387265,      0.0,280737.26391387265,   1.0
  -0.1154533262708339, 0.11540534824793344,   4.87188340647843, 61.27577035954764, 30.320251170032247, 0.42187455222394754, 357.4463051845596,  59.00963873864941, 333335.5720614479,      0.0, 333335.5720614479,   1.0
  -0.1154533262708339, 0.11540534824793344,   3.87188340647843, 62.27577035954764, 30.320251170032247, 0.42187455222394754, 357.4463051845596,  59.00963873864941,332336.69357473275,      0.0,332336.69357473275,   1.0
  -0.1154533262708339, 0.11540534824793344,   3.87188340647843, 61.27577035954764, 31.320251170032247, 0.42187455222394754, 357.4463051845596,  59.00963873864941,333972.00473087403,      0.0,333972.00473087403,   1.0
  -0.1154533262708339, 0.11540534824793344,   3.87188340647843, 61.27577035954764, 30.320251170032247, 0.02000057999999999, 357.4463051845596,  59.00963873864941, 298685.6731156405,      0.0, 298685.6731156405,   1.0
  -0.1154533262708339, 0.11540534824793344,   3.87188340647843, 61.27577035954764, 30.320251170032247, 0.42187455222394754, 358.4463051845596,  59.00963873864941,332448.23679135385,      0.0,332448.23679135385,   1.0
  -0.1154533262708339, 0.11540534824793344,   3.87188340647843, 61.27577035954764, 30.320251170032247, 0.42187455222394754, 357.4463051845596,  60.00963873864941, 332603.7386333337,      0.0, 332603.7386333337,   1.0
 -0.08887060656414135, 0.08881571760399323, 13.072215602645118, 58.57866961264596,  47.65160119961135, 0.39621676749192736, 336.9123925759952, 50.224371252617786, 352130.1966054811,      0.0, 352130.1966054811,   1.0
  0.29999939999999997, 0.08881571760399323, 13.072215602645118, 58.57866961264596,  47.65160119961135, 0.39621676749192736, 336.9123925759952, 50.224371252617786,244923.24543400196,      0.0,244923.24543400196,   1.0
 -0.08887060656414135,          -0.2999994, 13.072215602645118, 58.57866961264596,  47.65160119961135, 0.39621676749192736, 336.9123925759952, 50.224371252617786, 275841.5706648001,      0.0, 275841.5706648001,   1.0
 -0.08887060656414135, 0.08881571760399323, 14.072215602645118, 58.57866961264596,  47.65160119961135, 0.39621676749192736, 336.9123925759952, 50.224371252617786,352207.53139595705,      0.0,352207.53139595705,   1.0
 -0.08887060656414135, 0.08881571760399323, 13.072215602645118, 59.57866961264596,  47.65160119961135, 0.39621676749192736, 336.9123925759952, 50.224371252617786,  352229.580034248,      0.0,  352229.580034248,   1.0
 -0.08887060656414135, 0.08881571760399323, 13.072215602645118, 58.57866961264596,  48.65160119961135, 0.39621676749192736, 336.9123925759952, 50.224371252617786, 352285.5674504581,      0.0, 352285.5674504581,   1.0
 -0.08887060656414135, 0.08881571760399323, 13.072215602645118, 58.57866961264596,  47.65160119961135, 0.02000057999999999, 336.9123925759952, 50.224371252617786, 330770.7221869503,      0.0, 330770.7221869503,   1.0
 -0.08887060656414135, 0.08881571760399323, 13.072215602645118, 58.57866961264596,  47.65160119961135, 0.39621676749192736, 337.9123925759952, 50.224371252617786, 352255.9120126061,      0.0, 352255.9120126061,   1.0
 -0.08887060656414135, 0.08881571760399323, 13.072215602645118, 58.57866961264596,  47.65160119961135, 0.39621676749192736, 336.9123925759952, 51.224371252617786, 352154.0605040797,      0.0, 352154.0605040797,   1.0
 -0.29999939999999997, 0.29999939999999997,  13.70045066481743,58.398191421588905, 48.835480874835696,          0.59999942, 335.5193315538393,  49.62745014875537, 319827.8724784655,      0.0, 319827.8724784655,   1.0
  0.29999939999999997, 0.29999939999999997,  13.70045066481743,58.398191421588905, 48.835480874835696,          0.59999942, 335.5193315538393,  49.62745014875537,233479.40074054725,      0.0,233479.40074054725,   1.0
 -0.29999939999999997,-0.29999939999999997,  13.70045066481743,58.398191421588905, 48.835480874835696,          0.59999942, 335.5193315538393,  49.62745014875537,242855.13478576762,      0.0,242855.13478576762,   1.0
 -0.29999939999999997, 0.29999939999999997,  14.70045066481743,58.398191421588905, 48.835480874835696,          0.59999942, 335.5193315538393,  49.62745014875537,  319930.700929599,      0.0,  319930.700929599,   1.0
 -0.29999939999999997, 0.29999939999999997,  13.70045066481743,59.398191421588905, 48.835480874835696,          0.59999942, 335.5193315538393,  49.62745014875537, 319997.4367078613,      0.0, 319997.4367078613,   1.0
 -0.29999939999999997, 0.29999939999999997,  13.70045066481743,58.398191421588905, 49.835480874835696,          0.59999942, 335.5193315538393,  49.62745014875537,319942.29872429656,      0.0,319942.29872429656,   1.0
 -0.29999939999999997, 0.29999939999999997,  13.70045066481743,58.398191421588905, 48.835480874835696,0.020000580000000046, 335.5193315538393,  49.62745014875537,341365.58026666264,      0.0,341365.58026666264,   1.0
 -0.29999939999999997, 0.29999939999999997,  13.70045066481743,58.398191421588905, 48.835480874835696,          0.59999942, 336.5193315538393,  49.62745014875537, 320003.9507163507,      0.0, 320003.9507163507,   1.0
 -0.29999939999999997, 0.29999939999999997,  13.70045066481743,58.398191421588905, 48.835480874835696,          0.59999942, 335.5193315538393,  50.62745014875537, 320769.7372928503,      0.0, 320769.7372928503,   1.0
 -0.12704612590061884, 0.12700116175709755, 13.185810718562353, 58.54603622067518, 47.865665897742254, 0.43306398508200006,336.66050448852616, 50.116438209606414, 346611.1212344417,      0.0, 346611.1212344417,   1.0
            0.2999994, 0.12700116175709755, 13.185810718562353, 58.54603622067518, 47.865665897742254, 0.43306398508200006,336.66050448852616, 50.116438209606414,240620.53393864905,      0.0,240620.53393864905,   1.0
 -0.12704612590061884,          -0.2999994, 13.185810718562353, 58.54603622067518, 47.865665897742254, 0.43306398508200006,336.66050448852616, 50.116438209606414, 267171.3542034747,      0.0, 267171.3542034747,   1.0
 -0.12704612590061884, 0.12700116175709755, 14.185810718562353, 58.54603622067518, 47.865665897742254, 0.43306398508200006,336.66050448852616, 50.116438209606414, 346535.3666177044,      0.0, 346535.3666177044,   1.0
 -0.12704612590061884, 0.12700116175709755, 13.185810718562353, 59.54603622067518, 47.865665897742254, 0.43306398508200006,336.66050448852616, 50.116438209606414,346546.50431099423,      0.0,346546.50431099423,   1.0
 -0.12704612590061884, 0.12700116175709755, 13.185810718562353, 58.54603622067518, 48.865665897742254, 0.43306398508200006,336.66050448852616, 50.116438209606414,346611.87754069327,      0.0,346611.87754069327,   1.0
 -0.12704612590061884, 0.12700116175709755, 13.185810718562353, 58.54603622067518, 47.865665897742254, 0.02000057999999999,336.66050448852616, 50.116438209606414,340436.27649255574,      0.0,340436.27649255574,   1.0
 -0.12704612590061884, 0.12700116175709755, 13.185810718562353, 58.54603622067518, 47.865665897742254, 0.43306398508200006,337.66050448852616, 50.116438209606414,  346740.290928462,      0.0,  346740.290928462,   1.0
 -0.12704612590061884, 0.12700116175709755, 13.185810718562353, 58.54603622067518, 47.865665897742254, 0.43306398508200006,336.66050448852616, 51.116438209606414, 346697.9549033963,      0.0, 346697.9549033963,   1.0
 -0.09504687137760347, 0.09499358811390109, 13.090593702789269, 58.57338998648563, 47.686233872220654, 0.40217813167062216, 336.8716406082786,  50.20690919663669,351419.70294279774,      0.0,351419.70294279774,   1.0
  0.29999939999999997, 0.09499358811390109, 13.090593702789269, 58.57338998648563, 47.686233872220654, 0.40217813167062216, 336.8716406082786,  50.20690919663669, 243915.9904377942,      0.0, 243915.9904377942,   1.0
 -0.09504687137760347,-0.29999939999999997, 13.090593702789269, 58.57338998648563, 47.686233872220654, 0.40217813167062216, 336.8716406082786,  50.20690919663669,274291.88078127813,      0.0,274291.88078127813,   1.0
 -0.09504687137760347, 0.09499358811390109, 14.090593702789269, 58.57338998648563, 47.686233872220654, 0.40217813167062216, 336.8716406082786,  50.20690919663669,  351531.708029206,      0.0,  351531.708029206,   1.0
 -0.09504687137760347, 0.09499358811390109, 13.090593702789269, 59.57338998648563, 47.686233872220654, 0.40217813167062216, 336.8716406082786,  50.20690919663669, 351411.2484103015,      0.0, 351411.2484103015,   1.0
 -0.09504687137760347, 0.09499358811390109, 13.090593702789269, 58.57338998648563, 48.686233872220654, 0.40217813167062216, 336.8716406082786,  50.20690919663669, 351412.3528315958,      0.0, 351412.3528315958,   1.0
 -0.09504687137760347, 0.09499358811390109, 13.090593702789269, 58.57338998648563, 47.686233872220654, 0.02000057999999999, 336.8716406082786,  50.20690919663669, 332892.6486817993,      0.0, 332892.6486817993,   1.0
 -0.09504687137760347, 0.09499358811390109, 13.090593702789269, 58.57338998648563, 47.686233872220654, 0.40217813167062216, 337.8716406082786,  50.20690919663669,351538.24916117813,      0.0,351538.24916117813,   1.0
 -0.09504687137760347, 0.09499358811390109, 13.090593702789269, 58.57338998648563, 47.686233872220654, 0.40217813167062216, 336.8716406082786,  51.20690919663669,351428.87869807717,      0.0,351428.87869807717,   1.0
 -0.08988848893408787, 0.08983386460153474, 13.075244414507114, 58.57779950125165, 47.657308854308454,  0.3971992330567293, 336.9056764278487, 50.221493409866056,351994.14288818196,      0.0,351994.14288818196,   1.0
  0.29999939999999997, 0.08983386460153474, 13.075244414507114, 58.57779950125165, 47.657308854308454,  0.3971992330567293, 336.9056764278487, 50.221493409866056,244797.97679431931,      0.0,244797.97679431931,   1.0
 -0.08988848893408787,-0.29999939999999997, 13.075244414507114, 58.57779950125165, 47.657308854308454,  0.3971992330567293, 336.9056764278487, 50.221493409866056,275663.45949056646,      0.0,275663.45949056646,   1.0
 -0.08988848893408787, 0.08983386460153474, 14.075244414507114, 58.57779950125165, 47.657308854308454,  0.3971992330567293, 336.9056764278487, 50.221493409866056, 352071.8109974434,      0.0, 352071.8109974434,   1.0
 -0.08988848893408787, 0.08983386460153474, 13.075244414507114, 59.57779950125165, 47.657308854308454,  0.3971992330567293, 336.9056764278487, 50.221493409866056,352066.44879650994,      0.0,352066.44879650994,   1.0
 -0.08988848893408787, 0.08983386460153474, 13.075244414507114, 58.57779950125165, 48.657308854308454,  0.3971992330567293, 336.9056764278487, 50.221493409866056, 352072.2938657646,      0.0, 352072.2938657646,   1.0
 -0.08988848893408787, 0.08983386460153474, 13.075244414507114, 58.57779950125165, 47.657308854308454, 0.02000057999999999, 336.9056764278487, 50.221493409866056, 331167.8683743987,      0.0, 331167.8683743987,   1.0
 -0.08988848893408787, 0.08983386460153474, 13.075244414507114, 58.57779950125165, 47.657308854308454,  0.3971992330567293, 337.9056764278487, 50.221493409866056,352129.71342134045,      0.0,352129.71342134045,   1.0
 -0.08988848893408787, 0.08983386460153474, 13.075244414507114, 58.57779950125165, 47.657308854308454,  0.3971992330567293, 336.9056764278487, 51.221493409866056, 352023.3194882743,      0.0, 352023.3194882743,   1.0
 -0.08903157478826881, 0.08897672767640817, 13.072694579863937, 58.57853201296837,  47.65250380984182,  0.3963721348918371,336.91133048230733,  50.22391614969947,352098.66851136566,      0.0,352098.66851136566,   1.0
   0.2999993999999999, 0.08897672767640817, 13.072694579863937, 58.57853201296837,  47.65250380984182,  0.3963721348918371,336.91133048230733,  50.22391614969947,244911.95473079092,      0.0,244911.95473079092,   1.0
 -0.08903157478826881,-0.29999939999999997, 13.072694579863937, 58.57853201296837,  47.65250380984182,  0.3963721348918371,336.91133048230733,  50.22391614969947,275834.86807968694,      0.0,275834.86807968694,   1.0
 -0.08903157478826881, 0.08897672767640817, 14.072694579863937, 58.57853201296837,  47.65250380984182,  0.3963721348918371,336.91133048230733,  50.22391614969947,352167.25215553737,      0.0,352167.25215553737,   1.0
 -0.08903157478826881, 0.08897672767640817, 13.072694579863937, 59.57853201296837,  47.65250380984182,  0.3963721348918371,336.91133048230733,  50.22391614969947, 352217.4038013094,      0.0, 352217.4038013094,   1.0
 -0.08903157478826881, 0.08897672767640817, 13.072694579863937, 58.57853201296837,  48.65250380984182,  0.3963721348918371,336.91133048230733,  50.22391614969947,352267.44842205115,      0.0,352267.44842205115,   1.0
 -0.08903157478826881, 0.08897672767640817, 13.072694579863937, 58.57853201296837,  47.65250380984182, 0.02000057999999999,336.91133048230733,  50.22391614969947,330791.47447075066,      0.0,330791.47447075066,   1.0
 -0.08903157478826881, 0.08897672767640817, 13.072694579863937, 58.57853201296837,  47.65250380984182,  0.3963721348918371,337.91133048230733,  50.22391614969947, 352220.2171328488,      0.0, 352220.2171328488,   1.0
 -0.08903157478826881, 0.08897672767640817, 13.072694579863937, 58.57853201296837,  47.65250380984182,  0.3963721348918371,336.91133048230733,  51.22391614969947, 352114.4364591611,      0.0, 352114.4364591611,   1.0
 -0.08889339273879725, 0.08883850970256606, 13.072283405210644,58.578650134452026,  47.65172897038393, 0.39623876083085724,336.91224222922705,  50.22430682962599, 352129.8705645989,      0.0, 352129.8705645989,   1.0
  0.29999939999999997, 0.08883850970256606, 13.072283405210644,58.578650134452026,  47.65172897038393, 0.39623876083085724,336.91224222922705,  50.22430682962599,244926.89367846958,      0.0,244926.89367846958,   1.0
 -0.08889339273879725,-0.29999939999999997, 13.072283405210644,58.578650134452026,  47.65172897038393, 0.39623876083085724,336.91224222922705,  50.22430682962599, 275840.3956571148,      0.0, 275840.3956571148,   1.0
 -0.08889339273879725, 0.08883850970256606, 14.072283405210644,58.578650134452026,  47.65172897038393, 0.39623876083085724,336.91224222922705,  50.22430682962599, 352207.2261717141,      0.0, 352207.2261717141,   1.0
 -0.08889339273879725, 0.08883850970256606, 13.072283405210644,59.578650134452026,  47.65172897038393, 0.39623876083085724,336.91224222922705,  50.22430682962599,352229.36237007414,      0.0,352229.36237007414,   1.0
 -0.08889339273879725, 0.08883850970256606, 13.072283405210644,58.578650134452026,  48.65172897038393, 0.39623876083085724,336.91224222922705,  50.22430682962599,352267.68471171125,      0.0,352267.68471171125,   1.0
 -0.08889339273879725, 0.08883850970256606, 13.072283405210644,58.578650134452026,  47.65172897038393, 0.02000057999999999,336.91224222922705,  50.22430682962599,330771.54907723446,      0.0,330771.54907723446,   1.0
 -0.08889339273879725, 0.08883850970256606, 13.072283405210644,58.578650134452026,  47.65172897038393, 0.39623876083085724,337.91224222922705,  50.22430682962599,352256.67579210765,      0.0,352256.67579210765,   1.0
 -0.08889339273879725, 0.08883850970256606, 13.072283405210644,58.578650134452026,  47.65172897038393, 0.39623876083085724,336.91224222922705,  51.22430682962599,352148.72435256804,      0.0,352148.72435256804,   1.0
 -0.08887525061904157, 0.08882036286624817, 13.072229421499815,58.578665642791286,  47.65162724059855,  0.3962212499588167, 336.9123619337898,   50.2243581225547,  352129.730743256,      0.0,  352129.730743256,   1.0
  0.29999939999999997, 0.08882036286624817, 13.072229421499815,58.578665642791286,  47.65162724059855,  0.3962212499588167, 336.9123619337898,   50.2243581225547, 244924.9492591949,      0.0, 244924.9492591949,   1.0
 -0.08887525061904157,-0.29999939999999997, 13.072229421499815,58.578665642791286,  47.65162724059855,  0.3962212499588167, 336.9123619337898,   50.2243581225547, 275841.4894103676,      0.0, 275841.4894103676,   1.0
 -0.08887525061904157, 0.08882036286624817, 14.072229421499815,58.578665642791286,  47.65162724059855,  0.3962212499588167, 336.9123619337898,   50.2243581225547, 352207.1403837266,      0.0, 352207.1403837266,   1.0
 -0.08887525061904157, 0.08882036286624817, 13.072229421499815,59.578665642791286,  47.65162724059855,  0.3962212499588167, 336.9123619337898,   50.2243581225547,352228.33020535694,      0.0,352228.33020535694,   1.0
 -0.08887525061904157, 0.08882036286624817, 13.072229421499815,58.578665642791286,  48.65162724059855,  0.3962212499588167, 336.9123619337898,   50.2243581225547, 352285.2542327985,      0.0, 352285.2542327985,   1.0
 -0.08887525061904157, 0.08882036286624817, 13.072229421499815,58.578665642791286,  47.65162724059855, 0.02000057999999999, 336.9123619337898,   50.2243581225547,330770.39086354896,      0.0,330770.39086354896,   1.0
 -0.08887525061904157, 0.08882036286624817, 13.072229421499815,58.578665642791286,  47.65162724059855,  0.3962212499588167, 337.9123619337898,   50.2243581225547, 352255.6493692664,      0.0, 352255.6493692664,   1.0
 -0.08887525061904157, 0.08882036286624817, 13.072229421499815,58.578665642791286,  47.65162724059855,  0.3962212499588167, 336.9123619337898,   51.2243581225547,352153.97560318327,      0.0,352153.97560318327,   1.0
  -0.0888713884045286, 0.08881649964764222, 13.072217929090206, 58.57866894430918, 47.651605583688614, 0.39621752212849476,336.91238741728927,  50.22436904213281, 352130.1741751211,      0.0, 352130.1741751211,   1.0
            0.2999994, 0.08881649964764222, 13.072217929090206, 58.57866894430918, 47.651605583688614, 0.39621752212849476,336.91238741728927,  50.22436904213281,244922.00145457877,      0.0,244922.00145457877,   1.0
  -0.0888713884045286,-0.29999939999999997, 13.072217929090206, 58.57866894430918, 47.651605583688614, 0.39621752212849476,336.91238741728927,  50.22436904213281,  275841.581600482,      0.0,  275841.581600482,   1.0
  -0.0888713884045286, 0.08881649964764222, 14.072217929090206, 58.57866894430918, 47.651605583688614, 0.39621752212849476,336.91238741728927,  50.22436904213281, 352207.5055191899,      0.0, 352207.5055191899,   1.0
  -0.0888713884045286, 0.08881649964764222, 13.072217929090206, 59.57866894430918, 47.651605583688614, 0.39621752212849476,336.91238741728927,  50.22436904213281,  352229.580034248,      0.0,  352229.580034248,   1.0
  -0.0888713884045286, 0.08881649964764222, 13.072217929090206, 58.57866894430918, 48.651605583688614, 0.39621752212849476,336.91238741728927,  50.22436904213281, 352285.5674504581,      0.0, 352285.5674504581,   1.0
  -0.0888713884045286, 0.08881649964764222, 13.072217929090206, 58.57866894430918, 47.651605583688614, 0.02000057999999999,336.91238741728927,  50.22436904213281,  330770.542238065,      0.0,  330770.542238065,   1.0
  -0.0888713884045286, 0.08881649964764222, 13.072217929090206, 58.57866894430918, 47.651605583688614, 0.39621752212849476,337.91238741728927,  50.22436904213281, 352255.6541460253,      0.0, 352255.6541460253,   1.0
  -0.0888713884045286, 0.08881649964764222, 13.072217929090206, 58.57866894430918, 47.651605583688614, 0.39621752212849476,336.91238741728927,  51.22436904213281, 352154.0369809577,      0.0, 352154.0369809577,   1.0
 -0.08887076041718775, 0.08881587149703812, 13.072216060450407,58.578669481128514, 47.651602062324066, 0.39621691599171927, 336.9123915608486, 50.224370817631495, 352130.1966054811,      0.0, 352130.1966054811,   1.0
   0.2999993999999999, 0.08881587149703812, 13.072216060450407,58.578669481128514, 47.651602062324066, 0.39621691599171927, 336.9123915608486, 50.224370817631495,244923.24543400196,      0.0,244923.24543400196,   1.0
 -0.08887076041718775,-0.29999939999999997, 13.072216060450407,58.578669481128514, 47.651602062324066, 0.39621691599171927, 336.9123915608486, 50.224370817631495, 275841.5706648001,      0.0, 275841.5706648001,   1.0
 -0.08887076041718775, 0.08881587149703812, 14.072216060450407,58.578669481128514, 47.651602062324066, 0.39621691599171927, 336.9123915608486, 50.224370817631495,352207.53139595705,      0.0,352207.53139595705,   1.0
 -0.08887076041718775, 0.08881587149703812, 13.072216060450407,59.578669481128514, 47.651602062324066, 0.39621691599171927, 336.9123915608486, 50.224370817631495,  352229.580034248,      0.0,  352229.580034248,   1.0
 -0.08887076041718775, 0.08881587149703812, 13.072216060450407,58.578669481128514, 48.651602062324066, 0.39621691599171927, 336.9123915608486, 50.224370817631495, 352285.5674504581,      0.0, 352285.5674504581,   1.0
 -0.08887076041718775, 0.08881587149703812, 13.072216060450407,58.578669481128514, 47.651602062324066, 0.02000057999999999, 336.9123915608486, 50.224370817631495, 330770.7221869503,      0.0, 330770.7221869503,   1.0
 -0.08887076041718775, 0.08881587149703812, 13.072216060450407,58.578669481128514, 47.651602062324066, 0.39621691599171927, 337.9123915608486, 50.224370817631495, 352255.9133443895,      0.0, 352255.9133443895,   1.0
 -0.08887076041718775, 0.08881587149703812, 13.072216060450407,58.578669481128514, 47.651602062324066, 0.39621691599171927, 336.9123915608486, 51.224370817631495, 352154.0605040797,      0.0, 352154.0605040797,   1.0
 -0.08887063903272957, 0.08881575008102259, 13.072215699258683,58.578669584890996,  47.65160138167511,  0.3962167988307842, 336.9123923617624,  50.22437116081986, 352130.1966054811,      0.0, 352130.1966054811,   1.0
  0.29999939999999997, 0.08881575008102259, 13.072215699258683,58.578669584890996,  47.65160138167511,  0.3962167988307842, 336.9123923617624,  50.22437116081986,244923.24543400196,      0.0,244923.24543400196,   1.0
 -0.08887063903272957,-0.29999939999999997, 13.072215699258683,58.578669584890996,  47.65160138167511,  0.3962167988307842, 336.9123923617624,  50.22437116081986, 275841.5706648001,      0.0, 275841.5706648001,   1.0
 -0.08887063903272957, 0.08881575008102259, 14.072215699258683,58.578669584890996,  47.65160138167511,  0.3962167988307842, 336.9123923617624,  50.22437116081986,352207.53139595705,      0.0,352207.53139595705,   1.0
 -0.08887063903272957, 0.08881575008102259, 13.072215699258683,59.578669584890996,  47.65160138167511,  0.3962167988307842, 336.9123923617624,  50.22437116081986,  352229.580034248,      0.0,  352229.580034248,   1.0
 -0.08887063903272957, 0.08881575008102259, 13.072215699258683,58.578669584890996,  48.65160138167511,  0.3962167988307842, 336.9123923617624,  50.22437116081986, 352285.5674504581,      0.0, 352285.5674504581,   1.0
 -0.08887063903272957, 0.08881575008102259, 13.072215699258683,58.578669584890996,  47.65160138167511, 0.02000057999999999, 336.9123923617624,  50.22437116081986, 330770.7221869503,      0.0, 330770.7221869503,   1.0
 -0.08887063903272957, 0.08881575008102259, 13.072215699258683,58.578669584890996,  47.65160138167511,  0.3962167988307842, 337.9123923617624,  50.22437116081986, 352255.9120126061,      0.0, 352255.9120126061,   1.0
 -0.08887063903272957, 0.08881575008102259, 13.072215699258683,58.578669584890996,  47.65160138167511,  0.3962167988307842, 336.9123923617624,  51.22437116081986, 352154.0605040797,      0.0, 352154.0605040797,   1.0
 -0.08887061341619341, 0.08881572445782669, 13.072215623034092, 58.57866960678865,  47.65160123803342, 0.39621677410556505, 336.9123925307843,  50.22437123324509, 352130.1966054811,      0.0, 352130.1966054811,   1.0
  0.29999939999999997, 0.08881572445782669, 13.072215623034092, 58.57866960678865,  47.65160123803342, 0.39621677410556505, 336.9123925307843,  50.22437123324509,244923.24543400196,      0.0,244923.24543400196,   1.0
 -0.08887061341619341,-0.29999939999999997, 13.072215623034092, 58.57866960678865,  47.65160123803342, 0.39621677410556505, 336.9123925307843,  50.22437123324509, 275841.5706648001,      0.0, 275841.5706648001,   1.0
 -0.08887061341619341, 0.08881572445782669, 14.072215623034092, 58.57866960678865,  47.65160123803342, 0.39621677410556505, 336.9123925307843,  50.22437123324509,352207.53139595705,      0.0,352207.53139595705,   1.0
 -0.08887061341619341, 0.08881572445782669, 13.072215623034092, 59.57866960678865,  47.65160123803342, 0.39621677410556505, 336.9123925307843,  50.22437123324509,  352229.580034248,      0.0,  352229.580034248,   1.0
 -0.08887061341619341, 0.08881572445782669, 13.072215623034092, 58.57866960678865,  48.65160123803342, 0.39621677410556505, 336.9123925307843,  50.22437123324509, 352285.5674504581,      0.0, 352285.5674504581,   1.0
 -0.08887061341619341, 0.08881572445782669, 13.072215623034092, 58.57866960678865,  47.65160123803342, 0.02000057999999999, 336.9123925307843,  50.22437123324509, 330770.7221869503,      0.0, 330770.7221869503,   1.0
 -0.08887061341619341, 0.08881572445782669, 13.072215623034092, 58.57866960678865,  47.65160123803342, 0.39621677410556505, 337.9123925307843,  50.22437123324509, 352255.9120126061,      0.0, 352255.9120126061,   1.0
 -0.08887061341619341, 0.08881572445782669, 13.072215623034092, 58.57866960678865,  47.65160123803342, 0.39621677410556505, 336.9123925307843,  51.22437123324509, 352154.0605040797,      0.0, 352154.0605040797,   1.0
 -0.08887060801017332, 0.08881571905040114, 13.072215606947932, 58.57866961140986,   47.6516012077198, 0.39621676888764523,336.91239256645406, 50.224371248529444, 352130.1966054811,      0.0, 352130.1966054811,   1.0
  0.29999939999999997, 0.08881571905040114, 13.072215606947932, 58.57866961140986,   47.6516012077198, 0.39621676888764523,336.91239256645406, 50.224371248529444,244923.24543400196,      0.0,244923.24543400196,   1.0
 -0.08887060801017332,-0.29999939999999997, 13.072215606947932, 58.57866961140986,   47.6516012077198, 0.39621676888764523,336.91239256645406, 50.224371248529444, 275841.5706648001,      0.0, 275841.5706648001,   1.0
 -0.08887060801017332, 0.08881571905040114, 14.072215606947932, 58.57866961140986,   47.6516012077198, 0.39621676888764523,336.91239256645406, 50.224371248529444,352207.53139595705,      0.0,352207.53139595705,   1.0
 -0.08887060801017332, 0.08881571905040114, 13.072215606947932, 59.57866961140986,   47.6516012077198, 0.39621676888764523,336.91239256645406, 50.224371248529444,  352229.580034248,      0.0,  352229.580034248,   1.0
 -0.08887060801017332, 0.08881571905040114, 13.072215606947932, 58.57866961140986,   48.6516012077198, 0.39621676888764523,336.91239256645406, 50.224371248529444, 352285.5674504581,      0.0, 352285.5674504581,   1.0
 -0.08887060801017332, 0.08881571905040114, 13.072215606947932, 58.57866961140986,   47.6516012077198, 0.02000057999999999,336.91239256645406, 50.224371248529444, 330770.7221869503,      0.0, 330770.7221869503,   1.0
 -0.08887060801017332, 0.08881571905040114, 13.072215606947932, 58.57866961140986,   47.6516012077198, 0.39621676888764523,337.91239256645406, 50.224371248529444, 352255.9120126061,      0.0, 352255.9120126061,   1.0
 -0.08887060801017332, 0.08881571905040114, 13.072215606947932, 58.57866961140986,   47.6516012077198, 0.39621676888764523,336.91239256645406, 51.224371248529444, 352154.0605040797,      0.0, 352154.0605040797,   1.0
 -0.08887060686930663, 0.08881571790923785, 13.072215603553168,  58.5786696123851,  47.65160120132253,  0.3962167677864745, 336.9123925739817, 50.224371251754995, 352130.1966054811,      0.0, 352130.1966054811,   1.0
  0.29999939999999997, 0.08881571790923785, 13.072215603553168,  58.5786696123851,  47.65160120132253,  0.3962167677864745, 336.9123925739817, 50.224371251754995,244923.24543400196,      0.0,244923.24543400196,   1.0
 -0.08887060686930663,-0.29999939999999997, 13.072215603553168,  58.5786696123851,  47.65160120132253,  0.3962167677864745, 336.9123925739817, 50.224371251754995, 275841.5706648001,      0.0, 275841.5706648001,   1.0
 -0.08887060686930663, 0.08881571790923785, 14.072215603553168,  58.5786696123851,  47.65160120132253,  0.3962167677864745, 336.9123925739817, 50.224371251754995,352207.53139595705,      0.0,352207.53139595705,   1.0
 -0.08887060686930663, 0.08881571790923785, 13.072215603553168,  59.5786696123851,  47.65160120132253,  0.3962167677864745, 336.9123925739817, 50.224371251754995,  352229.580034248,      0.0,  352229.580034248,   1.0
 -0.08887060686930663, 0.08881571790923785, 13.072215603553168,  58.5786696123851,  48.65160120132253,  0.3962167677864745, 336.9123925739817, 50.224371251754995, 352285.5674504581,      0.0, 352285.5674504581,   1.0
 -0.08887060686930663, 0.08881571790923785, 13.072215603553168,  58.5786696123851,  47.65160120132253, 0.02000057999999999, 336.9123925739817, 50.224371251754995, 330770.7221869503,      0.0, 330770.7221869503,   1.0
 -0.08887060686930663, 0.08881571790923785, 13.072215603553168,  58.5786696123851,  47.65160120132253,  0.3962167677864745, 337.9123925739817, 50.224371251754995, 352255.9120126061,      0.0, 352255.9120126061,   1.0
 -0.08887060686930663, 0.08881571790923785, 13.072215603553168,  58.5786696123851,  47.65160120132253,  0.3962167677864745, 336.9123925739817, 51.224371251754995, 352154.0605040797,      0.0, 352154.0605040797,   1.0
 -0.08887060662854232, 0.08881571766841094,  13.07221560283675, 58.57866961259091,  47.65160119997247,  0.3962167675540875, 336.9123925755703,  50.22437125243571, 352130.1966054811,      0.0, 352130.1966054811,   1.0
            0.2999994, 0.08881571766841094,  13.07221560283675, 58.57866961259091,  47.65160119997247,  0.3962167675540875, 336.9123925755703,  50.22437125243571,244923.24543400196,      0.0,244923.24543400196,   1.0
 -0.08887060662854232,-0.29999939999999997,  13.07221560283675, 58.57866961259091,  47.65160119997247,  0.3962167675540875, 336.9123925755703,  50.22437125243571, 275841.5706648001,      0.0, 275841.5706648001,   1.0
 -0.08887060662854232, 0.08881571766841094,  14.07221560283675, 58.57866961259091,  47.65160119997247,  0.3962167675540875, 336.9123925755703,  50.22437125243571,352207.53139595705,      0.0,352207.53139595705,   1.0
 -0.08887060662854232, 0.08881571766841094,  13.07221560283675, 59.57866961259091,  47.65160119997247,  0.3962167675540875, 336.9123925755703,  50.22437125243571,  352229.580034248,      0.0,  352229.580034248,   1.0
 -0.08887060662854232, 0.08881571766841094,  13.07221560283675, 58.57866961259091,  48.65160119997247,  0.3962167675540875, 336.9123925755703,  50.22437125243571, 352285.5674504581,      0.0, 352285.5674504581,   1.0
 -0.08887060662854232, 0.08881571766841094,  13.07221560283675, 58.57866961259091,  47.65160119997247, 0.02000057999999999, 336.9123925755703,  50.22437125243571, 330770.7221869503,      0.0, 330770.7221869503,   1.0
 -0.08887060662854232, 0.08881571766841094,  13.07221560283675, 58.57866961259091,  47.65160119997247,  0.3962167675540875, 337.9123925755703,  50.22437125243571, 352255.9120126061,      0.0, 352255.9120126061,   1.0
 -0.08887060662854232, 0.08881571766841094,  13.07221560283675, 58.57866961259091,  47.65160119997247,  0.3962167675540875, 336.9123925755703,  51.22437125243571, 352154.0605040797,      0.0, 352154.0605040797,   1.0
  -0.0888706065777323,  0.0888157176175877, 13.072215602685558, 58.57866961263434,  47.65160119968756,  0.3962167675050454, 336.9123925759055,  50.22437125257936, 352130.1966054811,      0.0, 352130.1966054811,   1.0
            0.2999994,  0.0888157176175877, 13.072215602685558, 58.57866961263434,  47.65160119968756,  0.3962167675050454, 336.9123925759055,  50.22437125257936,244923.24543400196,      0.0,244923.24543400196,   1.0
  -0.0888706065777323,-0.29999939999999997, 13.072215602685558, 58.57866961263434,  47.65160119968756,  0.3962167675050454, 336.9123925759055,  50.22437125257936, 275841.5706648001,      0.0, 275841.5706648001,   1.0
  -0.0888706065777323,  0.0888157176175877, 14.072215602685558, 58.57866961263434,  47.65160119968756,  0.3962167675050454, 336.9123925759055,  50.22437125257936,352207.53139595705,      0.0,352207.53139595705,   1.0
  -0.0888706065777323,  0.0888157176175877, 13.072215602685558, 59.57866961263434,  47.65160119968756,  0.3962167675050454, 336.9123925759055,  50.22437125257936,  352229.580034248,      0.0,  352229.580034248,   1.0
  -0.0888706065777323,  0.0888157176175877, 13.072215602685558, 58.57866961263434,  48.65160119968756,  0.3962167675050454, 336.9123925759055,  50.22437125257936, 352285.5674504581,      0.0, 352285.5674504581,   1.0
  -0.0888706065777323,  0.0888157176175877, 13.072215602685558, 58.57866961263434,  47.65160119968756, 0.02000057999999999, 336.9123925759055,  50.22437125257936, 330770.7221869503,      0.0, 330770.7221869503,   1.0
  -0.0888706065777323,  0.0888157176175877, 13.072215602685558, 58.57866961263434,  47.65160119968756,  0.3962167675050454, 337.9123925759055,  50.22437125257936, 352255.9120126061,      0.0, 352255.9120126061,   1.0
  -0.0888706065777323,  0.0888157176175877, 13.072215602685558, 58.57866961263434,  47.65160119968756,  0.3962167675050454, 336.9123925759055,  51.22437125257936, 352154.0605040797,      0.0, 352154.0605040797,   1.0
 -0.08887060656700953, 0.08881571760686216, 13.072215602653653, 58.57866961264351,  47.65160119962743, 0.39621676749469575, 336.9123925759763,  50.22437125260968, 352130.1966054811,      0.0, 352130.1966054811,   1.0
  0.29999939999999997, 0.08881571760686216, 13.072215602653653, 58.57866961264351,  47.65160119962743, 0.39621676749469575, 336.9123925759763,  50.22437125260968,244923.24543400196,      0.0,244923.24543400196,   1.0
 -0.08887060656700953,          -0.2999994, 13.072215602653653, 58.57866961264351,  47.65160119962743, 0.39621676749469575, 336.9123925759763,  50.22437125260968, 275841.5706648001,      0.0, 275841.5706648001,   1.0
 -0.08887060656700953, 0.08881571760686216, 14.072215602653653, 58.57866961264351,  47.65160119962743, 0.39621676749469575, 336.9123925759763,  50.22437125260968,352207.53139595705,      0.0,352207.53139595705,   1.0
 -0.08887060656700953, 0.08881571760686216, 13.072215602653653, 59.57866961264351,  47.65160119962743, 0.39621676749469575, 336.9123925759763,  50.22437125260968,  352229.580034248,      0.0,  352229.580034248,   1.0
 -0.08887060656700953, 0.08881571760686216, 13.072215602653653, 58.57866961264351,  48.65160119962743, 0.39621676749469575, 336.9123925759763,  50.22437125260968, 352285.5674504581,      0.0, 352285.5674504581,   1.0
 -0.08887060656700953, 0.08881571760686216, 13.072215602653653, 58.57866961264351,  47.65160119962743, 0.02000057999999999, 336.9123925759763,  50.22437125260968, 330770.7221869503,      0.0, 330770.7221869503,   1.0
 -0.08887060656700953, 0.08881571760686216, 13.072215602653653, 58.57866961264351,  47.65160119962743, 0.39621676749469575, 337.9123925759763,  50.22437125260968, 352255.9120126061,      0.0, 352255.9120126061,   1.0
 -0.08887060656700953, 0.08881571760686216, 13.072215602653653, 58.57866961264351,  47.65160119962743, 0.39621676749469575, 336.9123925759763,  51.22437125260968, 352154.0605040797,      0.0, 352154.0605040797,   1.0
 -0.08887060656474664, 0.08881571760459868, 13.072215602646919, 58.57866961264544, 47.651601199614745,  0.3962167674925116,336.91239257599125,  50.22437125261607, 352130.1966054811,      0.0, 352130.1966054811,   1.0
  0.29999939999999997, 0.08881571760459868, 13.072215602646919, 58.57866961264544, 47.651601199614745,  0.3962167674925116,336.91239257599125,  50.22437125261607,244923.24543400196,      0.0,244923.24543400196,   1.0
 -0.08887060656474664,-0.29999939999999997, 13.072215602646919, 58.57866961264544, 47.651601199614745,  0.3962167674925116,336.91239257599125,  50.22437125261607, 275841.5706648001,      0.0, 275841.5706648001,   1.0
 -0.08887060656474664, 0.08881571760459868, 14.072215602646919, 58.57866961264544, 47.651601199614745,  0.3962167674925116,336.91239257599125,  50.22437125261607,352207.53139595705,      0.0,352207.53139595705,   1.0
 -0.08887060656474664, 0.08881571760459868, 13.072215602646919, 59.57866961264544, 47.651601199614745,  0.3962167674925116,336.91239257599125,  50.22437125261607,  352229.580034248,      0.0,  352229.580034248,   1.0
 -0.08887060656474664, 0.08881571760459868, 13.072215602646919, 58.57866961264544, 48.651601199614745,  0.3962167674925116,336.91239257599125,  50.22437125261607, 352285.5674504581,      0.0, 352285.5674504581,   1.0
 -0.08887060656474664, 0.08881571760459868, 13.072215602646919, 58.57866961264544, 47.651601199614745, 0.02000057999999999,336.91239257599125,  50.22437125261607, 330770.7221869503,      0.0, 330770.7221869503,   1.0
 -0.08887060656474664, 0.08881571760459868, 13.072215602646919, 58.57866961264544, 47.651601199614745,  0.3962167674925116,337.91239257599125,  50.22437125261607, 352255.9120126061,      0.0, 352255.9120126061,   1.0
 -0.08887060656474664, 0.08881571760459868, 13.072215602646919, 58.57866961264544, 47.651601199614745,  0.3962167674925116,336.91239257599125,  51.22437125261607, 352154.0605040797,      0.0, 352154.0605040797,   1.0
 -0.08887060656426911, 0.08881571760412102, 13.072215602645498,58.578669612645854,  47.65160119961207, 0.39621676749205065, 336.9123925759944,  50.22437125261742, 352130.1966054811,      0.0, 352130.1966054811,   1.0
  0.29999939999999997, 0.08881571760412102, 13.072215602645498,58.578669612645854,  47.65160119961207, 0.39621676749205065, 336.9123925759944,  50.22437125261742,244923.24543400196,      0.0,244923.24543400196,   1.0
 -0.08887060656426911,          -0.2999994, 13.072215602645498,58.578669612645854,  47.65160119961207, 0.39621676749205065, 336.9123925759944,  50.22437125261742, 275841.5706648001,      0.0, 275841.5706648001,   1.0
 -0.08887060656426911, 0.08881571760412102, 14.072215602645498,58.578669612645854,  47.65160119961207, 0.39621676749205065, 336.9123925759944,  50.22437125261742,352207.53139595705,      0.0,352207.53139595705,   1.0
 -0.08887060656426911, 0.08881571760412102, 13.072215602645498,59.578669612645854,  47.65160119961207, 0.39621676749205065, 336.9123925759944,  50.22437125261742,  352229.580034248,      0.0,  352229.580034248,   1.0
 -0.08887060656426911, 0.08881571760412102, 13.072215602645498,58.578669612645854,  48.65160119961207, 0.39621676749205065, 336.9123925759944,  50.22437125261742, 352285.5674504581,      0.0, 352285.5674504581,   1.0
 -0.08887060656426911, 0.08881571760412102, 13.072215602645498,58.578669612645854,  47.65160119961207, 0.02000057999999999, 336.9123925759944,  50.22437125261742, 330770.7221869503,      0.0, 330770.7221869503,   1.0
 -0.08887060656426911, 0.08881571760412102, 13.072215602645498,58.578669612645854,  47.65160119961207, 0.39621676749205065, 337.9123925759944,  50.22437125261742, 352255.9120126061,      0.0, 352255.9120126061,   1.0
 -0.08887060656426911, 0.08881571760412102, 13.072215602645498,58.578669612645854,  47.65160119961207, 0.39621676749205065, 336.9123925759944,  51.22437125261742, 352154.0605040797,      0.0, 352154.0605040797,   1.0
 -0.08887060656416831, 0.08881571760402021, 13.072215602645198, 58.57866961264594,   47.6516011996115,  0.3962167674919534,336.91239257599506,  50.22437125261771, 352130.1966054811,      0.0, 352130.1966054811,   1.0
   0.2999993999999999, 0.08881571760402021, 13.072215602645198, 58.57866961264594,   47.6516011996115,  0.3962167674919534,336.91239257599506,  50.22437125261771,244923.24543400196,      0.0,244923.24543400196,   1.0
 -0.08887060656416831,          -0.2999994, 13.072215602645198, 58.57866961264594,   47.6516011996115,  0.3962167674919534,336.91239257599506,  50.22437125261771, 275841.5706648001,      0.0, 275841.5706648001,   1.0
 -0.08887060656416831, 0.08881571760402021, 14.072215602645198, 58.57866961264594,   47.6516011996115,  0.3962167674919534,336.91239257599506,  50.22437125261771,352207.53139595705,      0.0,352207.53139595705,   1.0
 -0.08887060656416831, 0.08881571760402021, 13.072215602645198, 59.57866961264594,   47.6516011996115,  0.3962167674919534,336.91239257599506,  50.22437125261771,  352229.580034248,      0.0,  352229.580034248,   1.0
 -0.08887060656416831, 0.08881571760402021, 13.072215602645198, 58.57866961264594,   48.6516011996115,  0.3962167674919534,336.91239257599506,  50.22437125261771, 352285.5674504581,      0.0, 352285.5674504581,   1.0
 -0.08887060656416831, 0.08881571760402021, 13.072215602645198, 58.57866961264594,   47.6516011996115, 0.02000057999999999,336.91239257599506,  50.22437125261771, 330770.7221869503,      0.0, 330770.7221869503,   1.0
 -0.08887060656416831, 0.08881571760402021, 13.072215602645198, 58.57866961264594,   47.6516011996115,  0.3962167674919534,337.91239257599506,  50.22437125261771, 352255.9120126061,      0.0, 352255.9120126061,   1.0
 -0.08887060656416831, 0.08881571760402021, 13.072215602645198, 58.57866961264594,   47.6516011996115,  0.3962167674919534,336.91239257599506,  51.22437125261771, 352154.0605040797,      0.0, 352154.0605040797,   1.0
 -0.08887060656423483, 0.08881571760408674, 13.072215602645397, 58.57866961264588, 47.651601199611875, 0.39621676749201756, 336.9123925759946,  50.22437125261752, 352130.1966054811,      0.0, 352130.1966054811,   1.0
  0.29999939999999997, 0.08881571760408674, 13.072215602645397, 58.57866961264588, 47.651601199611875, 0.39621676749201756, 336.9123925759946,  50.22437125261752,244923.24543400196,      0.0,244923.24543400196,   1.0
 -0.08887060656423483,-0.29999939999999997, 13.072215602645397, 58.57866961264588, 47.651601199611875, 0.39621676749201756, 336.9123925759946,  50.22437125261752, 275841.5706648001,      0.0, 275841.5706648001,   1.0
 -0.08887060656423483, 0.08881571760408674, 14.072215602645397, 58.57866961264588, 47.651601199611875, 0.39621676749201756, 336.9123925759946,  50.22437125261752,352207.53139595705,      0.0,352207.53139595705,   1.0
 -0.08887060656423483, 0.08881571760408674, 13.072215602645397, 59.57866961264588, 47.651601199611875, 0.39621676749201756, 336.9123925759946,  50.22437125261752,  352229.580034248,      0.0,  352229.580034248,   1.0
 -0.08887060656423483, 0.08881571760408674, 13.072215602645397, 58.57866961264588, 48.651601199611875, 0.39621676749201756, 336.9123925759946,  50.22437125261752, 352285.5674504581,      0.0, 352285.5674504581,   1.0
 -0.08887060656423483, 0.08881571760408674, 13.072215602645397, 58.57866961264588, 47.651601199611875, 0.02000057999999999, 336.9123925759946,  50.22437125261752, 330770.7221869503,      0.0, 330770.7221869503,   1.0
 -0.08887060656423483, 0.08881571760408674, 13.072215602645397, 58.57866961264588, 47.651601199611875, 0.39621676749201756, 337.9123925759946,  50.22437125261752, 352255.9120126061,      0.0, 352255.9120126061,   1.0
 -0.08887060656423483, 0.08881571760408674, 13.072215602645397, 58.57866961264588, 47.651601199611875, 0.39621676749201756, 336.9123925759946,  51.22437125261752, 352154.0605040797,      0.0, 352154.0605040797,   1.0
 -0.29999939999999997, 0.29999939999999997,           59.99988,          79.99994,          169.99974,          0.59999942,         499.99955,   97.9521685035198, 207596.9367935171,      0.0, 207596.9367935171,   1.0
  0.29999939999999997, 0.29999939999999997,           59.99988,          79.99994,          169.99974,          0.59999942,         499.99955,   97.9521685035198,264090.61123057944,      0.0,264090.61123057944,   1.0
 -0.29999939999999997,-0.29999939999999997,           59.99988,          79.99994,          169.99974,          0.59999942,         499.99955,   97.9521685035198, 263527.3015095816,      0.0, 263527.3015095816,   1.0
 -0.29999939999999997, 0.29999939999999997,           58.99988,          79.99994,          169.99974,          0.59999942,         499.99955,   97.9521685035198,208147.57674592367,      0.0,208147.57674592367,   1.0
 -0.29999939999999997, 0.29999939999999997,           59.99988,          78.99994,          169.99974,          0.59999942,         499.99955,   97.9521685035198,207841.04232898878,      0.0,207841.04232898878,   1.0
 -0.29999939999999997, 0.29999939999999997,           59.99988,          79.99994,          168.99974,          0.59999942,         499.99955,   97.9521685035198,207149.45199738588,      0.0,207149.45199738588,   1.0
 -0.29999939999999997, 0.29999939999999997,           59.99988,          79.99994,          169.99974,0.020000580000000046,         499.99955,   97.9521685035198,171668.07819909215,      0.0,171668.07819909215,   1.0
 -0.29999939999999997, 0.29999939999999997,           59.99988,          79.99994,          169.99974,          0.59999942,         498.99955,   97.9521685035198,207731.26031394006,      0.0,207731.26031394006,   1.0
 -0.29999939999999997, 0.29999939999999997,           59.99988,          79.99994,          169.99974,          0.59999942,         499.99955,   98.9521685035198,208219.49425269588,      0.0,208219.49425269588,   1.0
 -0.11354763500464675, 0.11349916154287099, 18.557186601315806, 61.08241763288502,  61.95182265063446,  0.4200351687141703, 355.9742474586927,   55.8028628974393, 340636.3270851073,      0.0, 340636.3270851073,   1.0
  0.29999939999999997, 0.11349916154287099, 18.557186601315806, 61.08241763288502,  61.95182265063446,  0.4200351687141703, 355.9742474586927,   55.8028628974393,251780.43399404688,      0.0,251780.43399404688,   1.0
 -0.11354763500464675,-0.29999939999999997, 18.557186601315806, 61.08241763288502,  61.95182265063446,  0.4200351687141703, 355.9742474586927,   55.8028628974393, 273862.6724736489,      0.0, 273862.6724736489,   1.0
 -0.11354763500464675, 0.11349916154287099, 19.557186601315806, 61.08241763288502,  61.95182265063446,  0.4200351687141703, 355.9742474586927,   55.8028628974393,340081.09055182996,      0.0,340081.09055182996,   1.0
 -0.11354763500464675, 0.11349916154287099, 18.557186601315806, 62.08241763288502,  61.95182265063446,  0.4200351687141703, 355.9742474586927,   55.8028628974393,340324.93556612416,      0.0,340324.93556612416,   1.0
 -0.11354763500464675, 0.11349916154287099, 18.557186601315806, 61.08241763288502,  62.95182265063446,  0.4200351687141703, 355.9742474586927,   55.8028628974393, 339348.3318534019,      0.0, 339348.3318534019,   1.0
 -0.11354763500464675, 0.11349916154287099, 18.557186601315806, 61.08241763288502,  61.95182265063446, 0.02000057999999999, 355.9742474586927,   55.8028628974393,307852.59765789134,      0.0,307852.59765789134,   1.0
 -0.11354763500464675, 0.11349916154287099, 18.557186601315806, 61.08241763288502,  61.95182265063446,  0.4200351687141703, 356.9742474586927,   55.8028628974393, 340690.4228907921,      0.0, 340690.4228907921,   1.0
 -0.11354763500464675, 0.11349916154287099, 18.557186601315806, 61.08241763288502,  61.95182265063446,  0.4200351687141703, 355.9742474586927,   56.8028628974393, 340754.3046129951,      0.0, 340754.3046129951,   1.0
 -0.09309850469137379, 0.09304471489410175, 14.011951870693489, 59.00763502034696, 50.101648199295866, 0.40029755761477287, 340.1782469212392,  51.18013034795559, 351654.5045308186,      0.0, 351654.5045308186,   1.0
   0.2999993999999999, 0.09304471489410175, 14.011951870693489, 59.00763502034696, 50.101648199295866, 0.40029755761477287, 340.1782469212392,  51.18013034795559,244460.41243994454,      0.0,244460.41243994454,   1.0
 -0.09309850469137379,-0.29999939999999997, 14.011951870693489, 59.00763502034696, 50.101648199295866, 0.40029755761477287, 340.1782469212392,  51.18013034795559,   274771.06456757,      0.0,   274771.06456757,   1.0
 -0.09309850469137379, 0.09304471489410175, 15.011951870693489, 59.00763502034696, 50.101648199295866, 0.40029755761477287, 340.1782469212392,  51.18013034795559, 351609.8996875375,      0.0, 351609.8996875375,   1.0
 -0.09309850469137379, 0.09304471489410175, 14.011951870693489, 60.00763502034696, 50.101648199295866, 0.40029755761477287, 340.1782469212392,  51.18013034795559, 351767.4292430834,      0.0, 351767.4292430834,   1.0
 -0.09309850469137379, 0.09304471489410175, 14.011951870693489, 59.00763502034696, 51.101648199295866, 0.40029755761477287, 340.1782469212392,  51.18013034795559, 351486.4682810561,      0.0, 351486.4682810561,   1.0
 -0.09309850469137379, 0.09304471489410175, 14.011951870693489, 59.00763502034696, 50.101648199295866, 0.02000057999999999, 340.1782469212392,  51.18013034795559, 330355.8551601553,      0.0, 330355.8551601553,   1.0
 -0.09309850469137379, 0.09304471489410175, 14.011951870693489, 59.00763502034696, 50.101648199295866, 0.40029755761477287, 341.1782469212392,  51.18013034795559,351775.90369981196,      0.0,351775.90369981196,   1.0
 -0.09309850469137379, 0.09304471489410175, 14.011951870693489, 59.00763502034696, 50.101648199295866, 0.40029755761477287, 340.1782469212392,  52.18013034795559,351604.50937710557,      0.0,351604.50937710557,   1.0
 -0.08969932510010477, 0.08964465158901007, 13.256415136506298, 58.66275195662657,  48.13183967781452, 0.39701665110179857, 337.5525390388978,  50.41171145202333, 352206.5829733559,      0.0, 352206.5829733559,   1.0
  0.29999939999999997, 0.08964465158901007, 13.256415136506298, 58.66275195662657,  48.13183967781452, 0.39701665110179857, 337.5525390388978,  50.41171145202333, 244641.3559319119,      0.0, 244641.3559319119,   1.0
 -0.08969932510010477,-0.29999939999999997, 13.256415136506298, 58.66275195662657,  48.13183967781452, 0.39701665110179857, 337.5525390388978,  50.41171145202333,275733.64648290013,      0.0,275733.64648290013,   1.0
 -0.08969932510010477, 0.08964465158901007, 14.256415136506298, 58.66275195662657,  48.13183967781452, 0.39701665110179857, 337.5525390388978,  50.41171145202333,352188.55331008293,      0.0,352188.55331008293,   1.0
 -0.08969932510010477, 0.08964465158901007, 13.256415136506298, 59.66275195662657,  48.13183967781452, 0.39701665110179857, 337.5525390388978,  50.41171145202333, 352136.2580842332,      0.0, 352136.2580842332,   1.0
 -0.08969932510010477, 0.08964465158901007, 13.256415136506298, 58.66275195662657,  49.13183967781452, 0.39701665110179857, 337.5525390388978,  50.41171145202333,352134.04126851284,      0.0,352134.04126851284,   1.0
 -0.08969932510010477, 0.08964465158901007, 13.256415136506298, 58.66275195662657,  48.13183967781452, 0.02000057999999999, 337.5525390388978,  50.41171145202333, 330641.7735248555,      0.0, 330641.7735248555,   1.0
 -0.08969932510010477, 0.08964465158901007, 13.256415136506298, 58.66275195662657,  48.13183967781452, 0.39701665110179857, 338.5525390388978,  50.41171145202333,352303.50618571346,      0.0,352303.50618571346,   1.0
 -0.08969932510010477, 0.08964465158901007, 13.256415136506298, 58.66275195662657,  48.13183967781452, 0.39701665110179857, 337.5525390388978,  51.41171145202333,352181.38448145567,      0.0,352181.38448145567,   1.0
 -0.29999939999999997, 0.29999939999999997, 13.461087236151142,58.724503618250864,  48.65512236173465,          0.59999942, 338.3444361065818,  50.61866964617389,321214.45539115946,      0.0,321214.45539115946,   1.0
  0.29999939999999997, 0.29999939999999997, 13.461087236151142,58.724503618250864,  48.65512236173465,          0.59999942, 338.3444361065818,  50.61866964617389,233117.74131233414,      0.0,233117.74131233414,   1.0
 -0.29999939999999997,-0.29999939999999997, 13.461087236151142,58.724503618250864,  48.65512236173465,          0.59999942, 338.3444361065818,  50.61866964617389,243567.49771406018,      0.0,243567.49771406018,   1.0
 -0.29999939999999997, 0.29999939999999997, 14.461087236151142,58.724503618250864,  48.65512236173465,          0.59999942, 338.3444361065818,  50.61866964617389,321193.14175623265,      0.0,321193.14175623265,   1.0
 -0.29999939999999997, 0.29999939999999997, 13.461087236151142,59.724503618250864,  48.65512236173465,          0.59999942, 338.3444361065818,  50.61866964617389, 321061.2039952633,      0.0, 321061.2039952633,   1.0
 -0.29999939999999997, 0.29999939999999997, 13.461087236151142,58.724503618250864,  49.65512236173465,          0.59999942, 338.3444361065818,  50.61866964617389, 321017.2546142405,      0.0, 321017.2546142405,   1.0
 -0.29999939999999997, 0.29999939999999997, 13.461087236151142,58.724503618250864,  48.65512236173465,0.020000580000000046, 338.3444361065818,  50.61866964617389, 341708.4296189411,      0.0, 341708.4296189411,   1.0
 -0.29999939999999997, 0.29999939999999997, 13.461087236151142,58.724503618250864,  48.65512236173465,          0.59999942, 339.3444361065818,  50.61866964617389, 321372.7392132438,      0.0, 321372.7392132438,   1.0
 -0.29999939999999997, 0.29999939999999997, 13.461087236151142,58.724503618250864,  48.65512236173465,          0.59999942, 338.3444361065818,  51.61866964617389,321996.20933690947,      0.0,321996.20933690947,   1.0
 -0.12797590989692495, 0.12793118747731014, 13.293667377055087,58.673991337847106, 48.227082031072406,  0.4339614176204206,  337.696671727752, 50.449379783199966,  346668.907798428,      0.0,  346668.907798428,   1.0
   0.2999993999999999, 0.12793118747731014, 13.293667377055087,58.673991337847106, 48.227082031072406,  0.4339614176204206,  337.696671727752, 50.449379783199966,240462.58499250657,      0.0,240462.58499250657,   1.0
 -0.12797590989692495,-0.29999939999999997, 13.293667377055087,58.673991337847106, 48.227082031072406,  0.4339614176204206,  337.696671727752, 50.449379783199966,266923.68826340715,      0.0,266923.68826340715,   1.0
 -0.12797590989692495, 0.12793118747731014, 14.293667377055087,58.673991337847106, 48.227082031072406,  0.4339614176204206,  337.696671727752, 50.449379783199966, 346629.5813155655,      0.0, 346629.5813155655,   1.0
 -0.12797590989692495, 0.12793118747731014, 13.293667377055087,59.673991337847106, 48.227082031072406,  0.4339614176204206,  337.696671727752, 50.449379783199966,  346731.991976784,      0.0,  346731.991976784,   1.0
 -0.12797590989692495, 0.12793118747731014, 13.293667377055087,58.673991337847106, 49.227082031072406,  0.4339614176204206,  337.696671727752, 50.449379783199966,  346638.492627963,      0.0,  346638.492627963,   1.0
 -0.12797590989692495, 0.12793118747731014, 13.293667377055087,58.673991337847106, 48.227082031072406, 0.02000057999999999,  337.696671727752, 50.449379783199966,340368.53374281514,      0.0,340368.53374281514,   1.0
 -0.12797590989692495, 0.12793118747731014, 13.293667377055087,58.673991337847106, 48.227082031072406,  0.4339614176204206,  338.696671727752, 50.449379783199966, 346819.3112417582,      0.0, 346819.3112417582,   1.0
 -0.12797590989692495, 0.12793118747731014, 13.293667377055087,58.673991337847106, 48.227082031072406,  0.4339614176204206,  337.696671727752, 51.449379783199966,346749.14416061866,      0.0,346749.14416061866,   1.0
 -0.09588738463514522, 0.09583431988687101, 13.262437593409212, 58.66456899334756, 48.147237220603294,  0.4029893996095075, 337.5758405341673,  50.41780117703783, 351353.7478755743,      0.0, 351353.7478755743,   1.0
  0.29999939999999997, 0.09583431988687101, 13.262437593409212, 58.66456899334756, 48.147237220603294,  0.4029893996095075, 337.5758405341673,  50.41780117703783, 243732.6668205862,      0.0, 243732.6668205862,   1.0
 -0.09588738463514522,-0.29999939999999997, 13.262437593409212, 58.66456899334756, 48.147237220603294,  0.4029893996095075, 337.5758405341673,  50.41780117703783,274266.07990862295,      0.0,274266.07990862295,   1.0
 -0.09588738463514522, 0.09583431988687101, 14.262437593409212, 58.66456899334756, 48.147237220603294,  0.4029893996095075, 337.5758405341673,  50.41780117703783, 351403.9364613845,      0.0, 351403.9364613845,   1.0
 -0.09588738463514522, 0.09583431988687101, 13.262437593409212, 59.66456899334756, 48.147237220603294,  0.4029893996095075, 337.5758405341673,  50.41780117703783, 351407.1916900892,      0.0, 351407.1916900892,   1.0
 -0.09588738463514522, 0.09583431988687101, 13.262437593409212, 58.66456899334756, 49.147237220603294,  0.4029893996095075, 337.5758405341673,  50.41780117703783, 351428.8786690433,      0.0, 351428.8786690433,   1.0
 -0.09588738463514522, 0.09583431988687101, 13.262437593409212, 58.66456899334756, 48.147237220603294, 0.02000057999999999, 337.5758405341673,  50.41780117703783, 332757.7063272451,      0.0, 332757.7063272451,   1.0
 -0.09588738463514522, 0.09583431988687101, 13.262437593409212, 58.66456899334756, 48.147237220603294,  0.4029893996095075, 338.5758405341673,  50.41780117703783,351498.55924467207,      0.0,351498.55924467207,   1.0
 -0.09588738463514522, 0.09583431988687101, 13.262437593409212, 58.66456899334756, 48.147237220603294,  0.4029893996095075, 337.5758405341673,  51.41780117703783,351362.36231534707,      0.0,351362.36231534707,   1.0
 -0.09067631749218004, 0.09062189797816267, 13.257365982978028, 58.66303883671272, 48.134270695498834, 0.39795964943896184,337.55621796012883,  50.41267291901881, 352058.3651911119,      0.0, 352058.3651911119,   1.0
  0.29999939999999997, 0.09062189797816267, 13.257365982978028, 58.66303883671272, 48.134270695498834, 0.39795964943896184,337.55621796012883,  50.41267291901881, 244599.2697264281,      0.0, 244599.2697264281,   1.0
 -0.09067631749218004,-0.29999939999999997, 13.257365982978028, 58.66303883671272, 48.134270695498834, 0.39795964943896184,337.55621796012883,  50.41267291901881,  275504.678118094,      0.0,  275504.678118094,   1.0
 -0.09067631749218004, 0.09062189797816267, 14.257365982978028, 58.66303883671272, 48.134270695498834, 0.39795964943896184,337.55621796012883,  50.41267291901881,352046.35630064027,      0.0,352046.35630064027,   1.0
 -0.09067631749218004, 0.09062189797816267, 13.257365982978028, 59.66303883671272, 48.134270695498834, 0.39795964943896184,337.55621796012883,  50.41267291901881,352028.32215219527,      0.0,352028.32215219527,   1.0
 -0.09067631749218004, 0.09062189797816267, 13.257365982978028, 58.66303883671272, 49.134270695498834, 0.39795964943896184,337.55621796012883,  50.41267291901881,352012.50647282414,      0.0,352012.50647282414,   1.0
 -0.09067631749218004, 0.09062189797816267, 13.257365982978028, 58.66303883671272, 48.134270695498834, 0.02000057999999999,337.55621796012883,  50.41267291901881, 331040.6794450871,      0.0, 331040.6794450871,   1.0
 -0.09067631749218004, 0.09062189797816267, 13.257365982978028, 58.66303883671272, 48.134270695498834, 0.39795964943896184,338.55621796012883,  50.41267291901881, 352179.9158740745,      0.0, 352179.9158740745,   1.0
 -0.09067631749218004, 0.09062189797816267, 13.257365982978028, 58.66303883671272, 48.134270695498834, 0.39795964943896184,337.55621796012883,  51.41267291901881,352049.38386337605,      0.0,352049.38386337605,   1.0
 -0.08984881585415595, 0.08979418120745256,  13.25656062664235, 58.66279585248569, 48.132211650687275,  0.3971609403855586, 337.5531019549588, 50.411858567218204,352196.39908487786,      0.0,352196.39908487786,   1.0
  0.29999939999999997, 0.08979418120745256,  13.25656062664235, 58.66279585248569, 48.132211650687275,  0.3971609403855586, 337.5531019549588, 50.411858567218204, 244650.4180243574,      0.0, 244650.4180243574,   1.0
 -0.08984881585415595,          -0.2999994,  13.25656062664235, 58.66279585248569, 48.132211650687275,  0.3971609403855586, 337.5531019549588, 50.411858567218204, 275715.3024789818,      0.0, 275715.3024789818,   1.0
 -0.08984881585415595, 0.08979418120745256,  14.25656062664235, 58.66279585248569, 48.132211650687275,  0.3971609403855586, 337.5531019549588, 50.411858567218204,352186.67764687253,      0.0,352186.67764687253,   1.0
 -0.08984881585415595, 0.08979418120745256,  13.25656062664235, 59.66279585248569, 48.132211650687275,  0.3971609403855586, 337.5531019549588, 50.411858567218204, 352119.9875513703,      0.0, 352119.9875513703,   1.0
 -0.08984881585415595, 0.08979418120745256,  13.25656062664235, 58.66279585248569, 49.132211650687275,  0.3971609403855586, 337.5531019549588, 50.411858567218204, 352134.5408150067,      0.0, 352134.5408150067,   1.0
 -0.08984881585415595, 0.08979418120745256,  13.25656062664235, 58.66279585248569, 48.132211650687275, 0.02000057999999999, 337.5531019549588, 50.411858567218204,330700.11618430115,      0.0,330700.11618430115,   1.0
 -0.08984881585415595, 0.08979418120745256,  13.25656062664235, 58.66279585248569, 48.132211650687275,  0.3971609403855586, 338.5531019549588, 50.411858567218204, 352294.6307257726,      0.0, 352294.6307257726,   1.0
 -0.08984881585415595, 0.08979418120745256,  13.25656062664235, 58.66279585248569, 48.132211650687275,  0.3971609403855586, 337.5531019549588, 51.411858567218204, 352173.1588019869,      0.0, 352173.1588019869,   1.0
 -0.08972624198240248, 0.08967157546912013, 13.256441333048636, 58.66275986039079, 48.131906654197756, 0.39704263142206947,337.55264039597137, 50.411737941169164,352192.38939507515,      0.0,352192.38939507515,   1.0
  0.29999939999999997, 0.08967157546912013, 13.256441333048636, 58.66275986039079, 48.131906654197756, 0.39704263142206947,337.55264039597137, 50.411737941169164,244657.37020999013,      0.0,244657.37020999013,   1.0
 -0.08972624198240248,-0.29999939999999997, 13.256441333048636, 58.66275986039079, 48.131906654197756, 0.39704263142206947,337.55264039597137, 50.411737941169164, 275731.5890326854,      0.0, 275731.5890326854,   1.0
 -0.08972624198240248, 0.08967157546912013, 14.256441333048636, 58.66275986039079, 48.131906654197756, 0.39704263142206947,337.55264039597137, 50.411737941169164, 352172.2401667473,      0.0, 352172.2401667473,   1.0
 -0.08972624198240248, 0.08967157546912013, 13.256441333048636, 59.66275986039079, 48.131906654197756, 0.39704263142206947,337.55264039597137, 50.411737941169164, 352133.6620804095,      0.0, 352133.6620804095,   1.0
 -0.08972624198240248, 0.08967157546912013, 13.256441333048636, 58.66275986039079, 49.131906654197756, 0.39704263142206947,337.55264039597137, 50.411737941169164, 352119.9803267064,      0.0, 352119.9803267064,   1.0
 -0.08972624198240248, 0.08967157546912013, 13.256441333048636, 58.66275986039079, 48.131906654197756, 0.02000057999999999,337.55264039597137, 50.411737941169164, 330635.1605716315,      0.0, 330635.1605716315,   1.0
 -0.08972624198240248, 0.08967157546912013, 13.256441333048636, 58.66275986039079, 48.131906654197756, 0.39704263142206947,338.55264039597137, 50.411737941169164, 352284.8432829231,      0.0, 352284.8432829231,   1.0
 -0.08972624198240248, 0.08967157546912013, 13.256441333048636, 58.66275986039079, 48.131906654197756, 0.39704263142206947,337.55264039597137, 51.411737941169164, 352167.4156390999,      0.0, 352167.4156390999,   1.0
 -0.08970179584156546, 0.08964712297281058,  13.25641754112666, 58.66275268212508,  48.13184582567834,    0.39701903587481,337.55254834261734, 50.411713883502216,352198.83808419167,      0.0,352198.83808419167,   1.0
  0.29999939999999997, 0.08964712297281058,  13.25641754112666, 58.66275268212508,  48.13184582567834,    0.39701903587481,337.55254834261734, 50.411713883502216, 244641.4017170907,      0.0, 244641.4017170907,   1.0
 -0.08970179584156546,-0.29999939999999997,  13.25641754112666, 58.66275268212508,  48.13184582567834,    0.39701903587481,337.55254834261734, 50.411713883502216, 275732.7482986331,      0.0, 275732.7482986331,   1.0
 -0.08970179584156546, 0.08964712297281058,  14.25641754112666, 58.66275268212508,  48.13184582567834,    0.39701903587481,337.55254834261734, 50.411713883502216,352179.74623988004,      0.0,352179.74623988004,   1.0
 -0.08970179584156546, 0.08964712297281058,  13.25641754112666, 59.66275268212508,  48.13184582567834,    0.39701903587481,337.55254834261734, 50.411713883502216, 352134.7595972306,      0.0, 352134.7595972306,   1.0
 -0.08970179584156546, 0.08964712297281058,  13.25641754112666, 58.66275268212508,  49.13184582567834,    0.39701903587481,337.55254834261734, 50.411713883502216, 352134.0437170618,      0.0, 352134.0437170618,   1.0
 -0.08970179584156546, 0.08964712297281058,  13.25641754112666, 58.66275268212508,  48.13184582567834, 0.02000057999999999,337.55254834261734, 50.411713883502216, 330638.7954247663,      0.0, 330638.7954247663,   1.0
 -0.08970179584156546, 0.08964712297281058,  13.25641754112666, 58.66275268212508,  48.13184582567834,    0.39701903587481,338.55254834261734, 50.411713883502216, 352295.6866480656,      0.0, 352295.6866480656,   1.0
 -0.08970179584156546, 0.08964712297281058,  13.25641754112666, 58.66275268212508,  48.13184582567834,    0.39701903587481,337.55254834261734, 51.411713883502216, 352173.8411294727,      0.0, 352173.8411294727,   1.0
 -0.08969938592867407,  0.0896447124333935, 13.256415195706996,58.662751974488025,  48.13183982917222, 0.39701670981386245, 337.5525392679513,  50.41171151188527, 352206.5829733559,      0.0, 352206.5829733559,   1.0
   0.2999993999999999,  0.0896447124333935, 13.256415195706996,58.662751974488025,  48.13183982917222, 0.39701670981386245, 337.5525392679513,  50.41171151188527, 244641.3559319119,      0.0, 244641.3559319119,   1.0
 -0.08969938592867407,-0.29999939999999997, 13.256415195706996,58.662751974488025,  48.13183982917222, 0.39701670981386245, 337.5525392679513,  50.41171151188527,275733.64648290013,      0.0,275733.64648290013,   1.0
 -0.08969938592867407,  0.0896447124333935, 14.256415195706996,58.662751974488025,  48.13183982917222, 0.39701670981386245, 337.5525392679513,  50.41171151188527,352188.55331008293,      0.0,352188.55331008293,   1.0
 -0.08969938592867407,  0.0896447124333935, 13.256415195706996,59.662751974488025,  48.13183982917222, 0.39701670981386245, 337.5525392679513,  50.41171151188527, 352136.2580842332,      0.0, 352136.2580842332,   1.0
 -0.08969938592867407,  0.0896447124333935, 13.256415195706996,58.662751974488025,  49.13183982917222, 0.39701670981386245, 337.5525392679513,  50.41171151188527,352134.04126851284,      0.0,352134.04126851284,   1.0
 -0.08969938592867407,  0.0896447124333935, 13.256415195706996,58.662751974488025,  48.13183982917222, 0.02000057999999999, 337.5525392679513,  50.41171151188527, 330641.7735248555,      0.0, 330641.7735248555,   1.0
 -0.08969938592867407,  0.0896447124333935, 13.256415195706996,58.662751974488025,  48.13183982917222, 0.39701670981386245, 338.5525392679513,  50.41171151188527,352303.50618571346,      0.0,352303.50618571346,   1.0
 -0.08969938592867407,  0.0896447124333935, 13.256415195706996,58.662751974488025,  48.13183982917222, 0.39701670981386245, 337.5525392679513,  51.41171151188527,352181.38448145567,      0.0,352181.38448145567,   1.0
 -0.08969933793714387, 0.08964466442938651, 13.256415148999798, 58.66275196039599,   48.1318397097565, 0.39701666349217807, 337.5525390872364,  50.41171146465638, 352206.5829733559,      0.0, 352206.5829733559,   1.0
  0.29999939999999997, 0.08964466442938651, 13.256415148999798, 58.66275196039599,   48.1318397097565, 0.39701666349217807, 337.5525390872364,  50.41171146465638, 244641.3559319119,      0.0, 244641.3559319119,   1.0
 -0.08969933793714387,-0.29999939999999997, 13.256415148999798, 58.66275196039599,   48.1318397097565, 0.39701666349217807, 337.5525390872364,  50.41171146465638,275733.64648290013,      0.0,275733.64648290013,   1.0
 -0.08969933793714387, 0.08964466442938651, 14.256415148999798, 58.66275196039599,   48.1318397097565, 0.39701666349217807, 337.5525390872364,  50.41171146465638,352188.55331008293,      0.0,352188.55331008293,   1.0
 -0.08969933793714387, 0.08964466442938651, 13.256415148999798, 59.66275196039599,   48.1318397097565, 0.39701666349217807, 337.5525390872364,  50.41171146465638, 352136.2580842332,      0.0, 352136.2580842332,   1.0
 -0.08969933793714387, 0.08964466442938651, 13.256415148999798, 58.66275196039599,   49.1318397097565, 0.39701666349217807, 337.5525390872364,  50.41171146465638,352134.04126851284,      0.0,352134.04126851284,   1.0
 -0.08969933793714387, 0.08964466442938651, 13.256415148999798, 58.66275196039599,   48.1318397097565, 0.02000057999999999, 337.5525390872364,  50.41171146465638, 330641.7735248555,      0.0, 330641.7735248555,   1.0
 -0.08969933793714387, 0.08964466442938651, 13.256415148999798, 58.66275196039599,   48.1318397097565, 0.39701666349217807, 338.5525390872364,  50.41171146465638,352303.50618571346,      0.0,352303.50618571346,   1.0
 -0.08969933793714387, 0.08964466442938651, 13.256415148999798, 58.66275196039599,   48.1318397097565, 0.39701666349217807, 337.5525390872364,  51.41171146465638,352181.38448145567,      0.0,352181.38448145567,   1.0
 -0.08969932780918648, 0.08964465429879608,  13.25641513914288, 58.66275195742205,  48.13183968455544,  0.3970166537166189,  337.552539049099,  50.41171145468937, 352206.5829733559,      0.0, 352206.5829733559,   1.0
  0.29999939999999997, 0.08964465429879608,  13.25641513914288, 58.66275195742205,  48.13183968455544,  0.3970166537166189,  337.552539049099,  50.41171145468937, 244641.3559319119,      0.0, 244641.3559319119,   1.0
 -0.08969932780918648,-0.29999939999999997,  13.25641513914288, 58.66275195742205,  48.13183968455544,  0.3970166537166189,  337.552539049099,  50.41171145468937,275733.64648290013,      0.0,275733.64648290013,   1.0
 -0.08969932780918648, 0.08964465429879608,  14.25641513914288, 58.66275195742205,  48.13183968455544,  0.3970166537166189,  337.552539049099,  50.41171145468937,352188.55331008293,      0.0,352188.55331008293,   1.0
 -0.08969932780918648, 0.08964465429879608,  13.25641513914288, 59.66275195742205,  48.13183968455544,  0.3970166537166189,  337.552539049099,  50.41171145468937, 352136.2580842332,      0.0, 352136.2580842332,   1.0
 -0.08969932780918648, 0.08964465429879608,  13.25641513914288, 58.66275195742205,  49.13183968455544,  0.3970166537166189,  337.552539049099,  50.41171145468937,352134.04126851284,      0.0,352134.04126851284,   1.0
 -0.08969932780918648, 0.08964465429879608,  13.25641513914288, 58.66275195742205,  48.13183968455544, 0.02000057999999999,  337.552539049099,  50.41171145468937, 330641.7735248555,      0.0, 330641.7735248555,   1.0
 -0.08969932780918648, 0.08964465429879608,  13.25641513914288, 58.66275195742205,  48.13183968455544,  0.3970166537166189,  338.552539049099,  50.41171145468937,352303.50618571346,      0.0,352303.50618571346,   1.0
 -0.08969932780918648, 0.08964465429879608,  13.25641513914288, 58.66275195742205,  48.13183968455544,  0.3970166537166189,  337.552539049099,  51.41171145468937,352181.38448145567,      0.0,352181.38448145567,   1.0
 -0.08969932567181946, 0.08964465216087339, 13.256415137062714,58.662751956794445, 48.131839679237096, 0.39701665165362066,337.55253904105064,  50.41171145258596, 352206.5829733559,      0.0, 352206.5829733559,   1.0
   0.2999993999999999, 0.08964465216087339, 13.256415137062714,58.662751956794445, 48.131839679237096, 0.39701665165362066,337.55253904105064,  50.41171145258596, 244641.3559319119,      0.0, 244641.3559319119,   1.0
 -0.08969932567181946,          -0.2999994, 13.256415137062714,58.662751956794445, 48.131839679237096, 0.39701665165362066,337.55253904105064,  50.41171145258596,275733.64648290013,      0.0,275733.64648290013,   1.0
 -0.08969932567181946, 0.08964465216087339, 14.256415137062714,58.662751956794445, 48.131839679237096, 0.39701665165362066,337.55253904105064,  50.41171145258596,352188.55331008293,      0.0,352188.55331008293,   1.0
 -0.08969932567181946, 0.08964465216087339, 13.256415137062714,59.662751956794445, 48.131839679237096, 0.39701665165362066,337.55253904105064,  50.41171145258596, 352136.2580842332,      0.0, 352136.2580842332,   1.0
 -0.08969932567181946, 0.08964465216087339, 13.256415137062714,58.662751956794445, 49.131839679237096, 0.39701665165362066,337.55253904105064,  50.41171145258596,352134.04126851284,      0.0,352134.04126851284,   1.0
 -0.08969932567181946, 0.08964465216087339, 13.256415137062714,58.662751956794445, 48.131839679237096, 0.02000057999999999,337.55253904105064,  50.41171145258596, 330641.7735248555,      0.0, 330641.7735248555,   1.0
 -0.08969932567181946, 0.08964465216087339, 13.256415137062714,58.662751956794445, 48.131839679237096, 0.39701665165362066,338.55253904105064,  50.41171145258596,352303.50618571346,      0.0,352303.50618571346,   1.0
 -0.08969932567181946, 0.08964465216087339, 13.256415137062714,58.662751956794445, 48.131839679237096, 0.39701665165362066,337.55253904105064,  51.41171145258596,352181.38448145567,      0.0,352181.38448145567,   1.0
 -0.08969932522075733,   0.089644651709694, 13.256415136623723,   58.662751956662,  48.13183967811474,  0.3970166512182531,337.55253903935215,  50.41171145214207, 352206.5829733559,      0.0, 352206.5829733559,   1.0
            0.2999994,   0.089644651709694, 13.256415136623723,   58.662751956662,  48.13183967811474,  0.3970166512182531,337.55253903935215,  50.41171145214207, 244641.3559319119,      0.0, 244641.3559319119,   1.0
 -0.08969932522075733,-0.29999939999999997, 13.256415136623723,   58.662751956662,  48.13183967811474,  0.3970166512182531,337.55253903935215,  50.41171145214207,275733.64648290013,      0.0,275733.64648290013,   1.0
 -0.08969932522075733,   0.089644651709694, 14.256415136623723,   58.662751956662,  48.13183967811474,  0.3970166512182531,337.55253903935215,  50.41171145214207,352188.55331008293,      0.0,352188.55331008293,   1.0
 -0.08969932522075733,   0.089644651709694, 13.256415136623723,   59.662751956662,  48.13183967811474,  0.3970166512182531,337.55253903935215,  50.41171145214207, 352136.2580842332,      0.0, 352136.2580842332,   1.0
 -0.08969932522075733,   0.089644651709694, 13.256415136623723,   58.662751956662,  49.13183967811474,  0.3970166512182531,337.55253903935215,  50.41171145214207,352134.04126851284,      0.0,352134.04126851284,   1.0
 -0.08969932522075733,   0.089644651709694, 13.256415136623723,   58.662751956662,  48.13183967811474, 0.02000057999999999,337.55253903935215,  50.41171145214207, 330641.7735248555,      0.0, 330641.7735248555,   1.0
 -0.08969932522075733,   0.089644651709694, 13.256415136623723,   58.662751956662,  48.13183967811474,  0.3970166512182531,338.55253903935215,  50.41171145214207,352303.50618571346,      0.0,352303.50618571346,   1.0
 -0.08969932522075733,   0.089644651709694, 13.256415136623723,   58.662751956662,  48.13183967811474,  0.3970166512182531,337.55253903935215,  51.41171145214207,352181.38448145567,      0.0,352181.38448145567,   1.0
 -0.08969932512556683, 0.08964465161447875, 13.256415136531079, 58.66275195663405,  48.13183967787788,  0.3970166511263747, 337.5525390389937, 50.411711452048394, 352206.5829733559,      0.0, 352206.5829733559,   1.0
  0.29999939999999997, 0.08964465161447875, 13.256415136531079, 58.66275195663405,  48.13183967787788,  0.3970166511263747, 337.5525390389937, 50.411711452048394, 244641.3559319119,      0.0, 244641.3559319119,   1.0
 -0.08969932512556683,-0.29999939999999997, 13.256415136531079, 58.66275195663405,  48.13183967787788,  0.3970166511263747, 337.5525390389937, 50.411711452048394,275733.64648290013,      0.0,275733.64648290013,   1.0
 -0.08969932512556683, 0.08964465161447875, 14.256415136531079, 58.66275195663405,  48.13183967787788,  0.3970166511263747, 337.5525390389937, 50.411711452048394,352188.55331008293,      0.0,352188.55331008293,   1.0
 -0.08969932512556683, 0.08964465161447875, 13.256415136531079, 59.66275195663405,  48.13183967787788,  0.3970166511263747, 337.5525390389937, 50.411711452048394, 352136.2580842332,      0.0, 352136.2580842332,   1.0
 -0.08969932512556683, 0.08964465161447875, 13.256415136531079, 58.66275195663405,  49.13183967787788,  0.3970166511263747, 337.5525390389937, 50.411711452048394,352134.04126851284,      0.0,352134.04126851284,   1.0
 -0.08969932512556683, 0.08964465161447875, 13.256415136531079, 58.66275195663405,  48.13183967787788, 0.02000057999999999, 337.5525390389937, 50.411711452048394, 330641.7735248555,      0.0, 330641.7735248555,   1.0
 -0.08969932512556683, 0.08964465161447875, 13.256415136531079, 58.66275195663405,  48.13183967787788,  0.3970166511263747, 338.5525390389937, 50.411711452048394,352303.50618571346,      0.0,352303.50618571346,   1.0
 -0.08969932512556683, 0.08964465161447875, 13.256415136531079, 58.66275195663405,  48.13183967787788,  0.3970166511263747, 337.5525390389937, 51.411711452048394,352181.38448145567,      0.0,352181.38448145567,   1.0
 -0.08969932510547818, 0.08964465159438488, 13.256415136511528, 58.66275195662815,  48.13183967782789, 0.39701665110698503,337.55253903891804,  50.41171145202862, 352206.5829733559,      0.0, 352206.5829733559,   1.0
  0.29999939999999997, 0.08964465159438488, 13.256415136511528, 58.66275195662815,  48.13183967782789, 0.39701665110698503,337.55253903891804,  50.41171145202862, 244641.3559319119,      0.0, 244641.3559319119,   1.0
 -0.08969932510547818,-0.29999939999999997, 13.256415136511528, 58.66275195662815,  48.13183967782789, 0.39701665110698503,337.55253903891804,  50.41171145202862,275733.64648290013,      0.0,275733.64648290013,   1.0
 -0.08969932510547818, 0.08964465159438488, 14.256415136511528, 58.66275195662815,  48.13183967782789, 0.39701665110698503,337.55253903891804,  50.41171145202862,352188.55331008293,      0.0,352188.55331008293,   1.0
 -0.08969932510547818, 0.08964465159438488, 13.256415136511528, 59.66275195662815,  48.13183967782789, 0.39701665110698503,337.55253903891804,  50.41171145202862, 352136.2580842332,      0.0, 352136.2580842332,   1.0
 -0.08969932510547818, 0.08964465159438488, 13.256415136511528, 58.66275195662815,  49.13183967782789, 0.39701665110698503,337.55253903891804,  50.41171145202862,352134.04126851284,      0.0,352134.04126851284,   1.0
 -0.08969932510547818, 0.08964465159438488, 13.256415136511528, 58.66275195662815,  48.13183967782789, 0.02000057999999999,337.55253903891804,  50.41171145202862, 330641.7735248555,      0.0, 330641.7735248555,   1.0
 -0.08969932510547818, 0.08964465159438488, 13.256415136511528, 58.66275195662815,  48.13183967782789, 0.39701665110698503,338.55253903891804,  50.41171145202862,352303.50618571346,      0.0,352303.50618571346,   1.0
 -0.08969932510547818, 0.08964465159438488, 13.256415136511528, 58.66275195662815,  48.13183967782789, 0.39701665110698503,337.55253903891804,  51.41171145202862,352181.38448145567,      0.0,352181.38448145567,   1.0
 -0.08969932510123875, 0.08964465159014434, 13.256415136507401,58.662751956626906,  48.13183967781734,  0.3970166511028931,337.55253903890207,  50.41171145202445, 352206.5829733559,      0.0, 352206.5829733559,   1.0
  0.29999939999999997, 0.08964465159014434, 13.256415136507401,58.662751956626906,  48.13183967781734,  0.3970166511028931,337.55253903890207,  50.41171145202445, 244641.3559319119,      0.0, 244641.3559319119,   1.0
 -0.08969932510123875,-0.29999939999999997, 13.256415136507401,58.662751956626906,  48.13183967781734,  0.3970166511028931,337.55253903890207,  50.41171145202445,275733.64648290013,      0.0,275733.64648290013,   1.0
 -0.08969932510123875, 0.08964465159014434, 14.256415136507401,58.662751956626906,  48.13183967781734,  0.3970166511028931,337.55253903890207,  50.41171145202445,352188.55331008293,      0.0,352188.55331008293,   1.0
 -0.08969932510123875, 0.08964465159014434, 13.256415136507401,59.662751956626906,  48.13183967781734,  0.3970166511028931,337.55253903890207,  50.41171145202445, 352136.2580842332,      0.0, 352136.2580842332,   1.0
 -0.08969932510123875, 0.08964465159014434, 13.256415136507401,58.662751956626906,  49.13183967781734,  0.3970166511028931,337.55253903890207,  50.41171145202445,352134.04126851284,      0.0,352134.04126851284,   1.0
 -0.08969932510123875, 0.08964465159014434, 13.256415136507401,58.662751956626906,  48.13183967781734, 0.02000057999999999,337.55253903890207,  50.41171145202445, 330641.7735248555,      0.0, 330641.7735248555,   1.0
 -0.08969932510123875, 0.08964465159014434, 13.256415136507401,58.662751956626906,  48.13183967781734,  0.3970166511028931,338.55253903890207,  50.41171145202445,352303.50618571346,      0.0,352303.50618571346,   1.0
 -0.08969932510123875, 0.08964465159014434, 13.256415136507401,58.662751956626906,  48.13183967781734,  0.3970166511028931,337.55253903890207,  51.41171145202445,352181.38448145567,      0.0,352181.38448145567,   1.0
 -0.08969932510034409, 0.08964465158924945, 13.256415136506531, 58.66275195662664, 48.131839677815115, 0.39701665110202955, 337.5525390388987,  50.41171145202357, 352206.5829733559,      0.0, 352206.5829733559,   1.0
            0.2999994, 0.08964465158924945, 13.256415136506531, 58.66275195662664, 48.131839677815115, 0.39701665110202955, 337.5525390388987,  50.41171145202357, 244641.3559319119,      0.0, 244641.3559319119,   1.0
 -0.08969932510034409,-0.29999939999999997, 13.256415136506531, 58.66275195662664, 48.131839677815115, 0.39701665110202955, 337.5525390388987,  50.41171145202357,275733.64648290013,      0.0,275733.64648290013,   1.0
 -0.08969932510034409, 0.08964465158924945, 14.256415136506531, 58.66275195662664, 48.131839677815115, 0.39701665110202955, 337.5525390388987,  50.41171145202357,352188.55331008293,      0.0,352188.55331008293,   1.0
 -0.08969932510034409, 0.08964465158924945, 13.256415136506531, 59.66275195662664, 48.131839677815115, 0.39701665110202955, 337.5525390388987,  50.41171145202357, 352136.2580842332,      0.0, 352136.2580842332,   1.0
 -0.08969932510034409, 0.08964465158924945, 13.256415136506531, 58.66275195662664, 49.131839677815115, 0.39701665110202955, 337.5525390388987,  50.41171145202357,352134.04126851284,      0.0,352134.04126851284,   1.0
 -0.08969932510034409, 0.08964465158924945, 13.256415136506531, 58.66275195662664, 48.131839677815115, 0.02000057999999999, 337.5525390388987,  50.41171145202357, 330641.7735248555,      0.0, 330641.7735248555,   1.0
 -0.08969932510034409, 0.08964465158924945, 13.256415136506531, 58.66275195662664, 48.131839677815115, 0.39701665110202955, 338.5525390388987,  50.41171145202357,352303.50618571346,      0.0,352303.50618571346,   1.0
 -0.08969932510034409, 0.08964465158924945, 13.256415136506531, 58.66275195662664, 48.131839677815115, 0.39701665110202955, 337.5525390388987,  51.41171145202357,352181.38448145567,      0.0,352181.38448145567,   1.0
 -0.08969932510015528,  0.0896446515890606, 13.256415136506348,58.662751956626586,  48.13183967781465,  0.3970166511018473,  337.552539038898,  50.41171145202338, 352206.5829733559,      0.0, 352206.5829733559,   1.0
  0.29999939999999997,  0.0896446515890606, 13.256415136506348,58.662751956626586,  48.13183967781465,  0.3970166511018473,  337.552539038898,  50.41171145202338, 244641.3559319119,      0.0, 244641.3559319119,   1.0
 -0.08969932510015528,-0.29999939999999997, 13.256415136506348,58.662751956626586,  48.13183967781465,  0.3970166511018473,  337.552539038898,  50.41171145202338,275733.64648290013,      0.0,275733.64648290013,   1.0
 -0.08969932510015528,  0.0896446515890606, 14.256415136506348,58.662751956626586,  48.13183967781465,  0.3970166511018473,  337.552539038898,  50.41171145202338,352188.55331008293,      0.0,352188.55331008293,   1.0
 -0.08969932510015528,  0.0896446515890606, 13.256415136506348,59.662751956626586,  48.13183967781465,  0.3970166511018473,  337.552539038898,  50.41171145202338, 352136.2580842332,      0.0, 352136.2580842332,   1.0
 -0.08969932510015528,  0.0896446515890606, 13.256415136506348,58.662751956626586,  49.13183967781465,  0.3970166511018473,  337.552539038898,  50.41171145202338,352134.04126851284,      0.0,352134.04126851284,   1.0
 -0.08969932510015528,  0.0896446515890606, 13.256415136506348,58.662751956626586,  48.13183967781465, 0.02000057999999999,  337.552539038898,  50.41171145202338, 330641.7735248555,      0.0, 330641.7735248555,   1.0
 -0.08969932510015528,  0.0896446515890606, 13.256415136506348,58.662751956626586,  48.13183967781465,  0.3970166511018473,  338.552539038898,  50.41171145202338,352303.50618571346,      0.0,352303.50618571346,   1.0
 -0.08969932510015528,  0.0896446515890606, 13.256415136506348,58.662751956626586,  48.13183967781465,  0.3970166511018473,  337.552539038898,  51.41171145202338,352181.38448145567,      0.0,352181.38448145567,   1.0
 -0.08969932510027989, 0.08964465158918523, 13.256415136506469, 58.66275195662662,  48.13183967781495,  0.3970166511019676, 337.5525390388985,   50.4117114520235, 352206.5829733559,      0.0, 352206.5829733559,   1.0
  0.29999939999999997, 0.08964465158918523, 13.256415136506469, 58.66275195662662,  48.13183967781495,  0.3970166511019676, 337.5525390388985,   50.4117114520235, 244641.3559319119,      0.0, 244641.3559319119,   1.0
 -0.08969932510027989,-0.29999939999999997, 13.256415136506469, 58.66275195662662,  48.13183967781495,  0.3970166511019676, 337.5525390388985,   50.4117114520235,275733.64648290013,      0.0,275733.64648290013,   1.0
 -0.08969932510027989, 0.08964465158918523, 14.256415136506469, 58.66275195662662,  48.13183967781495,  0.3970166511019676, 337.5525390388985,   50.4117114520235,352188.55331008293,      0.0,352188.55331008293,   1.0
 -0.08969932510027989, 0.08964465158918523, 13.256415136506469, 59.66275195662662,  48.13183967781495,  0.3970166511019676, 337.5525390388985,   50.4117114520235, 352136.2580842332,      0.0, 352136.2580842332,   1.0
 -0.08969932510027989, 0.08964465158918523, 13.256415136506469, 58.66275195662662,  49.13183967781495,  0.3970166511019676, 337.5525390388985,   50.4117114520235,352134.04126851284,      0.0,352134.04126851284,   1.0
 -0.08969932510027989, 0.08964465158918523, 13.256415136506469, 58.66275195662662,  48.13183967781495, 0.02000057999999999, 337.5525390388985,   50.4117114520235, 330641.7735248555,      0.0, 330641.7735248555,   1.0
 -0.08969932510027989, 0.08964465158918523, 13.256415136506469, 58.66275195662662,  48.13183967781495,  0.3970166511019676, 338.5525390388985,   50.4117114520235,352303.50618571346,      0.0,352303.50618571346,   1.0
 -0.08969932510027989, 0.08964465158918523, 13.256415136506469, 58.66275195662662,  48.13183967781495,  0.3970166511019676, 337.5525390388985,   51.4117114520235,352181.38448145567,      0.0,352181.38448145567,   1.0
 -0.08969932510018155, 0.08964465158908687, 13.256415136506373, 58.66275195662659,  48.13183967781471,  0.3970166511018727, 337.5525390388981,  50.41171145202341, 352206.5829733559,      0.0, 352206.5829733559,   1.0
            0.2999994, 0.08964465158908687, 13.256415136506373, 58.66275195662659,  48.13183967781471,  0.3970166511018727, 337.5525390388981,  50.41171145202341, 244641.3559319119,      0.0, 244641.3559319119,   1.0
 -0.08969932510018155,-0.29999939999999997, 13.256415136506373, 58.66275195662659,  48.13183967781471,  0.3970166511018727, 337.5525390388981,  50.41171145202341,275733.64648290013,      0.0,275733.64648290013,   1.0
 -0.08969932510018155, 0.08964465158908687, 14.256415136506373, 58.66275195662659,  48.13183967781471,  0.3970166511018727, 337.5525390388981,  50.41171145202341,352188.55331008293,      0.0,352188.55331008293,   1.0
 -0.08969932510018155, 0.08964465158908687, 13.256415136506373, 59.66275195662659,  48.13183967781471,  0.3970166511018727, 337.5525390388981,  50.41171145202341, 352136.2580842332,      0.0, 352136.2580842332,   1.0
 -0.08969932510018155, 0.08964465158908687, 13.256415136506373, 58.66275195662659,  49.13183967781471,  0.3970166511018727, 337.5525390388981,  50.41171145202341,352134.04126851284,      0.0,352134.04126851284,   1.0
 -0.08969932510018155, 0.08964465158908687, 13.256415136506373, 58.66275195662659,  48.13183967781471, 0.02000057999999999, 337.5525390388981,  50.41171145202341, 330641.7735248555,      0.0, 330641.7735248555,   1.0
 -0.08969932510018155, 0.08964465158908687, 13.256415136506373, 58.66275195662659,  48.13183967781471,  0.3970166511018727, 338.5525390388981,  50.41171145202341,352303.50618571346,      0.0,352303.50618571346,   1.0
 -0.08969932510018155, 0.08964465158908687, 13.256415136506373, 58.66275195662659,  48.13183967781471,  0.3970166511018727, 337.5525390388981,  51.41171145202341,352181.38448145567,      0.0,352181.38448145567,   1.0
 -0.08969932510016079, 0.08964465158906611, 13.256415136506353,58.662751956626586,  48.13183967781466, 0.39701665110185264,337.55253903889803,  50.41171145202339, 352206.5829733559,      0.0, 352206.5829733559,   1.0
            0.2999994, 0.08964465158906611, 13.256415136506353,58.662751956626586,  48.13183967781466, 0.39701665110185264,337.55253903889803,  50.41171145202339, 244641.3559319119,      0.0, 244641.3559319119,   1.0
 -0.08969932510016079,-0.29999939999999997, 13.256415136506353,58.662751956626586,  48.13183967781466, 0.39701665110185264,337.55253903889803,  50.41171145202339,275733.64648290013,      0.0,275733.64648290013,   1.0
 -0.08969932510016079, 0.08964465158906611, 14.256415136506353,58.662751956626586,  48.13183967781466, 0.39701665110185264,337.55253903889803,  50.41171145202339,352188.55331008293,      0.0,352188.55331008293,   1.0
 -0.08969932510016079, 0.08964465158906611, 13.256415136506353,59.662751956626586,  48.13183967781466, 0.39701665110185264,337.55253903889803,  50.41171145202339, 352136.2580842332,      0.0, 352136.2580842332,   1.0
 -0.08969932510016079, 0.08964465158906611, 13.256415136506353,58.662751956626586,  49.13183967781466, 0.39701665110185264,337.55253903889803,  50.41171145202339,352134.04126851284,      0.0,352134.04126851284,   1.0
 -0.08969932510016079, 0.08964465158906611, 13.256415136506353,58.662751956626586,  48.13183967781466, 0.02000057999999999,337.55253903889803,  50.41171145202339, 330641.7735248555,      0.0, 330641.7735248555,   1.0
 -0.08969932510016079, 0.08964465158906611, 13.256415136506353,58.662751956626586,  48.13183967781466, 0.39701665110185264,338.55253903889803,  50.41171145202339,352303.50618571346,      0.0,352303.50618571346,   1.0
 -0.08969932510016079, 0.08964465158906611, 13.256415136506353,58.662751956626586,  48.13183967781466, 0.39701665110185264,337.55253903889803,  51.41171145202339,352181.38448145567,      0.0,352181.38448145567,   1.0
 -0.29999939999999997, 0.29999939999999997,-22.802910982890353,          20.00006,          -89.99974,          0.59999942,         499.99955,           5.000115, 102367.4025848353,      0.0, 102367.4025848353,   1.0
  0.29999939999999997, 0.29999939999999997,-22.802910982890353,          20.00006,          -89.99974,          0.59999942,         499.99955,           5.000115, 124623.8937569682,      0.0, 124623.8937569682,   1.0
 -0.29999939999999997,-0.29999939999999997,-22.802910982890353,          20.00006,          -89.99974,          0.59999942,         499.99955,           5.000115,101615.61051955761,      0.0,101615.61051955761,   1.0
 -0.29999939999999997, 0.29999939999999997,-21.802910982890353,          20.00006,          -89.99974,          0.59999942,         499.99955,           5.000115,102977.30959296174,      0.0,102977.30959296174,   1.0
 -0.29999939999999997, 0.29999939999999997,-22.802910982890353,          21.00006,          -89.99974,          0.59999942,         499.99955,           5.000115,104667.67816434742,      0.0,104667.67816434742,   1.0
 -0.29999939999999997, 0.29999939999999997,-22.802910982890353,          20.00006,          -88.99974,          0.59999942,         499.99955,           5.000115,102635.48244526464,      0.0,102635.48244526464,   1.0
 -0.29999939999999997, 0.29999939999999997,-22.802910982890353,          20.00006,          -89.99974,0.020000580000000046,         499.99955,           5.000115, 94840.63700802141,      0.0, 94840.63700802141,   1.0
 -0.29999939999999997, 0.29999939999999997,-22.802910982890353,          20.00006,          -89.99974,          0.59999942,         498.99955,           5.000115, 102259.6580299965,      0.0, 102259.6580299965,   1.0
 -0.29999939999999997, 0.29999939999999997,-22.802910982890353,          20.00006,          -89.99974,          0.59999942,         499.99955,           6.000115,103731.42221521086,      0.0,103731.42221521086,   1.0
 -0.10888579738976056, 0.10883611195014466,  9.966586249365898, 55.13540814458838,   35.5295725265721,  0.4155355378525369, 352.3731950744518, 46.268639523159216, 343150.1972055626,      0.0, 343150.1972055626,   1.0
  0.29999939999999997, 0.10883611195014466,  9.966586249365898, 55.13540814458838,   35.5295725265721,  0.4155355378525369, 352.3731950744518, 46.268639523159216,235819.11429966742,      0.0,235819.11429966742,   1.0
 -0.10888579738976056,-0.29999939999999997,  9.966586249365898, 55.13540814458838,   35.5295725265721,  0.4155355378525369, 352.3731950744518, 46.268639523159216,263821.48414285085,      0.0,263821.48414285085,   1.0
 -0.10888579738976056, 0.10883611195014466, 10.966586249365898, 55.13540814458838,   35.5295725265721,  0.4155355378525369, 352.3731950744518, 46.268639523159216, 343876.3808721523,      0.0, 343876.3808721523,   1.0
 -0.10888579738976056, 0.10883611195014466,  9.966586249365898, 56.13540814458838,   35.5295725265721,  0.4155355378525369, 352.3731950744518, 46.268639523159216,343318.82408283895,      0.0,343318.82408283895,   1.0
 -0.10888579738976056, 0.10883611195014466,  9.966586249365898, 55.13540814458838,   36.5295725265721,  0.4155355378525369, 352.3731950744518, 46.268639523159216, 344127.3381971928,      0.0, 344127.3381971928,   1.0
 -0.10888579738976056, 0.10883611195014466,  9.966586249365898, 55.13540814458838,   35.5295725265721, 0.02000057999999999, 352.3731950744518, 46.268639523159216,314870.37039938883,      0.0,314870.37039938883,   1.0
 -0.10888579738976056, 0.10883611195014466,  9.966586249365898, 55.13540814458838,   35.5295725265721,  0.4155355378525369, 353.3731950744518, 46.268639523159216,  343262.355141315,      0.0,  343262.355141315,   1.0
 -0.10888579738976056, 0.10883611195014466,  9.966586249365898, 55.13540814458838,   35.5295725265721,  0.4155355378525369, 352.3731950744518, 47.268639523159216,343432.47918350453,      0.0,343432.47918350453,   1.0
 -0.09262827568003927, 0.09257436363330498, 12.754199508671984, 58.12427799706144,  46.20801454081831,  0.3998436900315949,339.81501691575846,  49.77924224426286,351809.71702390455,      0.0,351809.71702390455,   1.0
  0.29999939999999997, 0.09257436363330498, 12.754199508671984, 58.12427799706144,  46.20801454081831,  0.3998436900315949,339.81501691575846,  49.77924224426286,242796.07341692864,      0.0,242796.07341692864,   1.0
 -0.09262827568003927,          -0.2999994, 12.754199508671984, 58.12427799706144,  46.20801454081831,  0.3998436900315949,339.81501691575846,  49.77924224426286, 273259.3091934373,      0.0, 273259.3091934373,   1.0
 -0.09262827568003927, 0.09257436363330498, 13.754199508671984, 58.12427799706144,  46.20801454081831,  0.3998436900315949,339.81501691575846,  49.77924224426286,352000.97157615394,      0.0,352000.97157615394,   1.0
 -0.09262827568003927, 0.09257436363330498, 12.754199508671984, 59.12427799706144,  46.20801454081831,  0.3998436900315949,339.81501691575846,  49.77924224426286,351811.06492400705,      0.0,351811.06492400705,   1.0
 -0.09262827568003927, 0.09257436363330498, 12.754199508671984, 58.12427799706144,  47.20801454081831,  0.3998436900315949,339.81501691575846,  49.77924224426286,351904.03144775465,      0.0,351904.03144775465,   1.0
 -0.09262827568003927, 0.09257436363330498, 12.754199508671984, 58.12427799706144,  46.20801454081831, 0.02000057999999999,339.81501691575846,  49.77924224426286, 331183.6457100978,      0.0, 331183.6457100978,   1.0
 -0.09262827568003927, 0.09257436363330498, 12.754199508671984, 58.12427799706144,  46.20801454081831,  0.3998436900315949,340.81501691575846,  49.77924224426286, 351934.5646426393,      0.0, 351934.5646426393,   1.0
 -0.09262827568003927, 0.09257436363330498, 12.754199508671984, 58.12427799706144,  46.20801454081831,  0.3998436900315949,339.81501691575846,  50.77924224426286,351875.55002642586,      0.0,351875.55002642586,   1.0
 -0.09022388383560899, 0.09016934669854011, 13.166471114749154,  58.5663142696043, 47.787293310898164,  0.3975229580283799, 337.9577362253313,  50.29843973957416,352091.52581323666,      0.0,352091.52581323666,   1.0
  0.29999939999999997, 0.09016934669854011, 13.166471114749154,  58.5663142696043, 47.787293310898164,  0.3975229580283799, 337.9577362253313,  50.29843973957416, 244411.3332693015,      0.0, 244411.3332693015,   1.0
 -0.09022388383560899,-0.29999939999999997, 13.166471114749154,  58.5663142696043, 47.787293310898164,  0.3975229580283799, 337.9577362253313,  50.29843973957416, 275372.1921427889,      0.0, 275372.1921427889,   1.0
 -0.09022388383560899, 0.09016934669854011, 14.166471114749154,  58.5663142696043, 47.787293310898164,  0.3975229580283799, 337.9577362253313,  50.29843973957416,352138.96782367985,      0.0,352138.96782367985,   1.0
 -0.09022388383560899, 0.09016934669854011, 13.166471114749154,  59.5663142696043, 47.787293310898164,  0.3975229580283799, 337.9577362253313,  50.29843973957416,  352118.100391846,      0.0,  352118.100391846,   1.0
 -0.09022388383560899, 0.09016934669854011, 13.166471114749154,  58.5663142696043, 48.787293310898164,  0.3975229580283799, 337.9577362253313,  50.29843973957416,352166.85697344487,      0.0,352166.85697344487,   1.0
 -0.09022388383560899, 0.09016934669854011, 13.166471114749154,  58.5663142696043, 47.787293310898164, 0.02000057999999999, 337.9577362253313,  50.29843973957416, 330824.8008046601,      0.0, 330824.8008046601,   1.0
 -0.09022388383560899, 0.09016934669854011, 13.166471114749154,  58.5663142696043, 47.787293310898164,  0.3975229580283799, 338.9577362253313,  50.29843973957416, 352200.1230860397,      0.0, 352200.1230860397,   1.0
 -0.09022388383560899, 0.09016934669854011, 13.166471114749154,  58.5663142696043, 47.787293310898164,  0.3975229580283799, 337.9577362253313,  51.29843973957416,352093.51943145716,      0.0,352093.51943145716,   1.0
 -0.08978075525310948, 0.08972610291210889, 13.242452628672922, 58.64778140122805,  48.07835384014517,  0.3970952479255827,337.61544003864316,  50.39412765777582, 352216.9201705762,      0.0, 352216.9201705762,   1.0
  0.29999939999999997, 0.08972610291210889, 13.242452628672922, 58.64778140122805,  48.07835384014517,  0.3970952479255827,337.61544003864316,  50.39412765777582,244599.03273569787,      0.0,244599.03273569787,   1.0
 -0.08978075525310948, -0.2999993999999999, 13.242452628672922, 58.64778140122805,  48.07835384014517,  0.3970952479255827,337.61544003864316,  50.39412765777582,  275671.988106103,      0.0,  275671.988106103,   1.0
 -0.08978075525310948, 0.08972610291210889, 14.242452628672922, 58.64778140122805,  48.07835384014517,  0.3970952479255827,337.61544003864316,  50.39412765777582,352213.19134791207,      0.0,352213.19134791207,   1.0
 -0.08978075525310948, 0.08972610291210889, 13.242452628672922, 59.64778140122805,  48.07835384014517,  0.3970952479255827,337.61544003864316,  50.39412765777582,352131.28287283896,      0.0,352131.28287283896,   1.0
 -0.08978075525310948, 0.08972610291210889, 13.242452628672922, 58.64778140122805,  49.07835384014517,  0.3970952479255827,337.61544003864316,  50.39412765777582,352172.76867786056,      0.0,352172.76867786056,   1.0
 -0.08978075525310948, 0.08972610291210889, 13.242452628672922, 58.64778140122805,  48.07835384014517, 0.02000057999999999,337.61544003864316,  50.39412765777582,330651.25065722514,      0.0,330651.25065722514,   1.0
 -0.08978075525310948, 0.08972610291210889, 13.242452628672922, 58.64778140122805,  48.07835384014517,  0.3970952479255827,338.61544003864316,  50.39412765777582,352324.37281708955,      0.0,352324.37281708955,   1.0
 -0.08978075525310948, 0.08972610291210889, 13.242452628672922, 58.64778140122805,  48.07835384014517,  0.3970952479255827,337.61544003864316,  51.39412765777582, 352199.5455167798,      0.0, 352199.5455167798,   1.0
 -0.09007322011755917,  0.0900186438111535, 13.192304829483236, 58.59401309435637,  47.88625389084215, 0.39737753659342884,337.84135552185734,  50.33097363176272,  352145.219438664,      0.0,  352145.219438664,   1.0
            0.2999994,  0.0900186438111535, 13.192304829483236, 58.59401309435637,  47.88625389084215, 0.39737753659342884,337.84135552185734,  50.33097363176272,244449.78265480555,      0.0,244449.78265480555,   1.0
 -0.09007322011755917,-0.29999939999999997, 13.192304829483236, 58.59401309435637,  47.88625389084215, 0.39737753659342884,337.84135552185734,  50.33097363176272, 275529.2106385276,      0.0, 275529.2106385276,   1.0
 -0.09007322011755917,  0.0900186438111535, 14.192304829483236, 58.59401309435637,  47.88625389084215, 0.39737753659342884,337.84135552185734,  50.33097363176272, 352168.0156643524,      0.0, 352168.0156643524,   1.0
 -0.09007322011755917,  0.0900186438111535, 13.192304829483236, 59.59401309435637,  47.88625389084215, 0.39737753659342884,337.84135552185734,  50.33097363176272, 352119.7599922722,      0.0, 352119.7599922722,   1.0
 -0.09007322011755917,  0.0900186438111535, 13.192304829483236, 58.59401309435637,  48.88625389084215, 0.39737753659342884,337.84135552185734,  50.33097363176272, 352234.7864986235,      0.0, 352234.7864986235,   1.0
 -0.09007322011755917,  0.0900186438111535, 13.192304829483236, 58.59401309435637,  47.88625389084215, 0.02000057999999999,337.84135552185734,  50.33097363176272, 330835.7176271775,      0.0, 330835.7176271775,   1.0
 -0.09007322011755917,  0.0900186438111535, 13.192304829483236, 58.59401309435637,  47.88625389084215, 0.39737753659342884,338.84135552185734,  50.33097363176272,352252.30875144864,      0.0,352252.30875144864,   1.0
 -0.09007322011755917,  0.0900186438111535, 13.192304829483236, 58.59401309435637,  47.88625389084215, 0.39737753659342884,337.84135552185734,  51.33097363176272,352134.31272035255,      0.0,352134.31272035255,   1.0
 -0.08982400167431628, 0.08976936057645808, 13.235037335042925, 58.63983074756261, 48.049948255983814, 0.39713698960506466,337.64884588437644,   50.3847891493194, 352206.3083159856,      0.0, 352206.3083159856,   1.0
            0.2999994, 0.08976936057645808, 13.235037335042925, 58.63983074756261, 48.049948255983814, 0.39713698960506466,337.64884588437644,   50.3847891493194,244609.13909757644,      0.0,244609.13909757644,   1.0
 -0.08982400167431628,-0.29999939999999997, 13.235037335042925, 58.63983074756261, 48.049948255983814, 0.39713698960506466,337.64884588437644,   50.3847891493194, 275681.6701368472,      0.0, 275681.6701368472,   1.0
 -0.08982400167431628, 0.08976936057645808, 14.235037335042925, 58.63983074756261, 48.049948255983814, 0.39713698960506466,337.64884588437644,   50.3847891493194, 352206.7787576863,      0.0, 352206.7787576863,   1.0
 -0.08982400167431628, 0.08976936057645808, 13.235037335042925, 59.63983074756261, 48.049948255983814, 0.39713698960506466,337.64884588437644,   50.3847891493194,352142.14822202554,      0.0,352142.14822202554,   1.0
 -0.08982400167431628, 0.08976936057645808, 13.235037335042925, 58.63983074756261, 49.049948255983814, 0.39713698960506466,337.64884588437644,   50.3847891493194,352181.85609148093,      0.0,352181.85609148093,   1.0
 -0.08982400167431628, 0.08976936057645808, 13.235037335042925, 58.63983074756261, 48.049948255983814, 0.02000057999999999,337.64884588437644,   50.3847891493194,330667.69288430957,      0.0,330667.69288430957,   1.0
 -0.08982400167431628, 0.08976936057645808, 13.235037335042925, 58.63983074756261, 48.049948255983814, 0.39713698960506466,338.64884588437644,   50.3847891493194,352314.65198581136,      0.0,352314.65198581136,   1.0
 -0.08982400167431628, 0.08976936057645808, 13.235037335042925, 58.63983074756261, 48.049948255983814, 0.39713698960506466,337.64884588437644,   51.3847891493194,352192.98325003707,      0.0,352192.98325003707,   1.0
 -0.08978692032761865, 0.08973226958940525, 13.241395527612058,58.646647980915425,  48.07430442893508, 0.39710119848881925, 337.6202022714994,  50.39279638922615, 352217.7637773033,      0.0, 352217.7637773033,   1.0
  0.29999939999999997, 0.08973226958940525, 13.241395527612058,58.646647980915425,  48.07430442893508, 0.39710119848881925, 337.6202022714994,  50.39279638922615,244621.96341591305,      0.0,244621.96341591305,   1.0
 -0.08978692032761865, -0.2999993999999999, 13.241395527612058,58.646647980915425,  48.07430442893508, 0.39710119848881925, 337.6202022714994,  50.39279638922615,275674.96654110483,      0.0,275674.96654110483,   1.0
 -0.08978692032761865, 0.08973226958940525, 14.241395527612058,58.646647980915425,  48.07430442893508, 0.39710119848881925, 337.6202022714994,  50.39279638922615,  352216.400656211,      0.0,  352216.400656211,   1.0
 -0.08978692032761865, 0.08973226958940525, 13.241395527612058,59.646647980915425,  48.07430442893508, 0.39710119848881925, 337.6202022714994,  50.39279638922615,352135.45520474756,      0.0,352135.45520474756,   1.0
 -0.08978692032761865, 0.08973226958940525, 13.241395527612058,58.646647980915425,  49.07430442893508, 0.39710119848881925, 337.6202022714994,  50.39279638922615, 352170.4817148827,      0.0, 352170.4817148827,   1.0
 -0.08978692032761865, 0.08973226958940525, 13.241395527612058,58.646647980915425,  48.07430442893508, 0.02000057999999999, 337.6202022714994,  50.39279638922615,330658.04597884056,      0.0,330658.04597884056,   1.0
 -0.08978692032761865, 0.08973226958940525, 13.241395527612058,58.646647980915425,  48.07430442893508, 0.39710119848881925, 338.6202022714994,  50.39279638922615,352324.56938491866,      0.0,352324.56938491866,   1.0
 -0.08978692032761865, 0.08973226958940525, 13.241395527612058,58.646647980915425,  48.07430442893508, 0.39710119848881925, 337.6202022714994,  51.39279638922615,352203.93811851065,      0.0,352203.93811851065,   1.0
 -0.08981139401643909, 0.08975674964086013, 13.237199120516431,58.642148606902566, 48.058229354787244,  0.3971248206255412,337.63910705599824,   50.3875116108877, 352207.4023466341,      0.0, 352207.4023466341,   1.0
   0.2999993999999999, 0.08975674964086013, 13.237199120516431,58.642148606902566, 48.058229354787244,  0.3971248206255412,337.63910705599824,   50.3875116108877,244618.77187516956,      0.0,244618.77187516956,   1.0
 -0.08981139401643909,-0.29999939999999997, 13.237199120516431,58.642148606902566, 48.058229354787244,  0.3971248206255412,337.63910705599824,   50.3875116108877,  275695.432725542,      0.0,  275695.432725542,   1.0
 -0.08981139401643909, 0.08975674964086013, 14.237199120516431,58.642148606902566, 48.058229354787244,  0.3971248206255412,337.63910705599824,   50.3875116108877,352208.52639982535,      0.0,352208.52639982535,   1.0
 -0.08981139401643909, 0.08975674964086013, 13.237199120516431,59.642148606902566, 48.058229354787244,  0.3971248206255412,337.63910705599824,   50.3875116108877, 352141.9426387408,      0.0, 352141.9426387408,   1.0
 -0.08981139401643909, 0.08975674964086013, 13.237199120516431,58.642148606902566, 49.058229354787244,  0.3971248206255412,337.63910705599824,   50.3875116108877, 352177.7609297804,      0.0, 352177.7609297804,   1.0
 -0.08981139401643909, 0.08975674964086013, 13.237199120516431,58.642148606902566, 48.058229354787244, 0.02000057999999999,337.63910705599824,   50.3875116108877, 330667.4774669518,      0.0, 330667.4774669518,   1.0
 -0.08981139401643909, 0.08975674964086013, 13.237199120516431,58.642148606902566, 48.058229354787244,  0.3971248206255412,338.63910705599824,   50.3875116108877, 352315.3114264984,      0.0, 352315.3114264984,   1.0
 -0.08981139401643909, 0.08975674964086013, 13.237199120516431,58.642148606902566, 48.058229354787244,  0.3971248206255412,337.63910705599824,   51.3875116108877,352195.52737933164,      0.0,352195.52737933164,   1.0
 -0.08978974023041071, 0.08973509022531159, 13.240912009979207, 58.64612955488515, 48.072452229750695,  0.3971039202742348,337.62238051504016,  50.39218746748569,  352210.679953006,      0.0,  352210.679953006,   1.0
  0.29999939999999997, 0.08973509022531159, 13.240912009979207, 58.64612955488515, 48.072452229750695,  0.3971039202742348,337.62238051504016,  50.39218746748569,244613.13301092727,      0.0,244613.13301092727,   1.0
 -0.08978974023041071,          -0.2999994, 13.240912009979207, 58.64612955488515, 48.072452229750695,  0.3971039202742348,337.62238051504016,  50.39218746748569, 275672.5171835337,      0.0, 275672.5171835337,   1.0
 -0.08978974023041071, 0.08973509022531159, 14.240912009979207, 58.64612955488515, 48.072452229750695,  0.3971039202742348,337.62238051504016,  50.39218746748569, 352211.1797818595,      0.0, 352211.1797818595,   1.0
 -0.08978974023041071, 0.08973509022531159, 13.240912009979207, 59.64612955488515, 48.072452229750695,  0.3971039202742348,337.62238051504016,  50.39218746748569, 352136.8952017296,      0.0, 352136.8952017296,   1.0
 -0.08978974023041071, 0.08973509022531159, 13.240912009979207, 58.64612955488515, 49.072452229750695,  0.3971039202742348,337.62238051504016,  50.39218746748569, 352168.1649959966,      0.0, 352168.1649959966,   1.0
 -0.08978974023041071, 0.08973509022531159, 13.240912009979207, 58.64612955488515, 48.072452229750695, 0.02000057999999999,337.62238051504016,  50.39218746748569,330649.17839141947,      0.0,330649.17839141947,   1.0
 -0.08978974023041071, 0.08973509022531159, 13.240912009979207, 58.64612955488515, 48.072452229750695,  0.3971039202742348,338.62238051504016,  50.39218746748569,352319.83996319864,      0.0,352319.83996319864,   1.0
 -0.08978974023041071, 0.08973509022531159, 13.240912009979207, 58.64612955488515, 48.072452229750695,  0.3971039202742348,337.62238051504016,  51.39218746748569, 352199.4001792908,      0.0, 352199.4001792908,   1.0
 -0.08978692032761865, 0.08973226958940525, 13.241395527612058,58.646647980915425,  48.07430442893508, 0.39710119848881925, 337.6202022714994,  50.39279638922615, 352217.7637773033,      0.0, 352217.7637773033,   1.0
  0.29999939999999997, 0.08973226958940525, 13.241395527612058,58.646647980915425,  48.07430442893508, 0.39710119848881925, 337.6202022714994,  50.39279638922615,244621.96341591305,      0.0,244621.96341591305,   1.0
 -0.08978692032761865, -0.2999993999999999, 13.241395527612058,58.646647980915425,  48.07430442893508, 0.39710119848881925, 337.6202022714994,  50.39279638922615,275674.96654110483,      0.0,275674.96654110483,   1.0
 -0.08978692032761865, 0.08973226958940525, 14.241395527612058,58.646647980915425,  48.07430442893508, 0.39710119848881925, 337.6202022714994,  50.39279638922615,  352216.400656211,      0.0,  352216.400656211,   1.0
 -0.08978692032761865, 0.08973226958940525, 13.241395527612058,59.646647980915425,  48.07430442893508, 0.39710119848881925, 337.6202022714994,  50.39279638922615,352135.45520474756,      0.0,352135.45520474756,   1.0
 -0.08978692032761865, 0.08973226958940525, 13.241395527612058,58.646647980915425,  49.07430442893508, 0.39710119848881925, 337.6202022714994,  50.39279638922615, 352170.4817148827,      0.0, 352170.4817148827,   1.0
 -0.08978692032761865, 0.08973226958940525, 13.241395527612058,58.646647980915425,  48.07430442893508, 0.02000057999999999, 337.6202022714994,  50.39279638922615,330658.04597884056,      0.0,330658.04597884056,   1.0
 -0.08978692032761865, 0.08973226958940525, 13.241395527612058,58.646647980915425,  48.07430442893508, 0.39710119848881925, 338.6202022714994,  50.39279638922615,352324.56938491866,      0.0,352324.56938491866,   1.0
 -0.08978692032761865, 0.08973226958940525, 13.241395527612058,58.646647980915425,  48.07430442893508, 0.39710119848881925, 337.6202022714994,  51.39279638922615,352203.93811851065,      0.0,352203.93811851065,   1.0
 -0.29999939999999997, 0.29999939999999997, 12.685942548325016, 58.02882507206286, 45.920948004483265,          0.59999942,340.17928873591035,  49.68682005833708,320690.77502744354,      0.0,320690.77502744354,   1.0
  0.29999939999999997, 0.29999939999999997, 12.685942548325016, 58.02882507206286, 45.920948004483265,          0.59999942,340.17928873591035,  49.68682005833708, 227436.2334044361,      0.0, 227436.2334044361,   1.0
 -0.29999939999999997,-0.29999939999999997, 12.685942548325016, 58.02882507206286, 45.920948004483265,          0.59999942,340.17928873591035,  49.68682005833708,245037.74722448946,      0.0,245037.74722448946,   1.0
 -0.29999939999999997, 0.29999939999999997, 13.685942548325016, 58.02882507206286, 45.920948004483265,          0.59999942,340.17928873591035,  49.68682005833708, 320849.1174139455,      0.0, 320849.1174139455,   1.0
 -0.29999939999999997, 0.29999939999999997, 12.685942548325016, 59.02882507206286, 45.920948004483265,          0.59999942,340.17928873591035,  49.68682005833708,320515.64102051547,      0.0,320515.64102051547,   1.0
 -0.29999939999999997, 0.29999939999999997, 12.685942548325016, 58.02882507206286, 46.920948004483265,          0.59999942,340.17928873591035,  49.68682005833708, 320929.2535392409,      0.0, 320929.2535392409,   1.0
 -0.29999939999999997, 0.29999939999999997, 12.685942548325016, 58.02882507206286, 45.920948004483265,0.020000580000000046,340.17928873591035,  49.68682005833708,  342255.666112725,      0.0,  342255.666112725,   1.0
 -0.29999939999999997, 0.29999939999999997, 12.685942548325016, 58.02882507206286, 45.920948004483265,          0.59999942,341.17928873591035,  49.68682005833708, 320869.9887057524,      0.0, 320869.9887057524,   1.0
 -0.29999939999999997, 0.29999939999999997, 12.685942548325016, 58.02882507206286, 45.920948004483265,          0.59999942,340.17928873591035,  50.68682005833708,321538.59690598655,      0.0,321538.59690598655,   1.0
   -0.127915471178162, 0.12787073304577598, 13.140646907935249, 58.53458664072512,   47.6837264762987, 0.43390308184241866,338.08437194658865,  50.26474569274259,346587.48799870396,      0.0,346587.48799870396,   1.0
  0.29999939999999997, 0.12787073304577598, 13.140646907935249, 58.53458664072512,   47.6837264762987, 0.43390308184241866,338.08437194658865,  50.26474569274259, 240049.9587134536,      0.0, 240049.9587134536,   1.0
   -0.127915471178162, -0.2999993999999999, 13.140646907935249, 58.53458664072512,   47.6837264762987, 0.43390308184241866,338.08437194658865,  50.26474569274259,266681.09021082707,      0.0,266681.09021082707,   1.0
   -0.127915471178162, 0.12787073304577598, 14.140646907935249, 58.53458664072512,   47.6837264762987, 0.43390308184241866,338.08437194658865,  50.26474569274259, 346578.8954281643,      0.0, 346578.8954281643,   1.0
   -0.127915471178162, 0.12787073304577598, 13.140646907935249, 59.53458664072512,   47.6837264762987, 0.43390308184241866,338.08437194658865,  50.26474569274259, 346686.7281098213,      0.0, 346686.7281098213,   1.0
   -0.127915471178162, 0.12787073304577598, 13.140646907935249, 58.53458664072512,   48.6837264762987, 0.43390308184241866,338.08437194658865,  50.26474569274259,346758.10041151824,      0.0,346758.10041151824,   1.0
   -0.127915471178162, 0.12787073304577598, 13.140646907935249, 58.53458664072512,   47.6837264762987, 0.02000057999999999,338.08437194658865,  50.26474569274259,340289.77890990896,      0.0,340289.77890990896,   1.0
   -0.127915471178162, 0.12787073304577598, 13.140646907935249, 58.53458664072512,   47.6837264762987, 0.43390308184241866,339.08437194658865,  50.26474569274259, 346700.3264570032,      0.0, 346700.3264570032,   1.0
   -0.127915471178162, 0.12787073304577598, 13.140646907935249, 58.53458664072512,   47.6837264762987, 0.43390308184241866,338.08437194658865,  51.26474569274259, 346685.2158435073,      0.0, 346685.2158435073,   1.0
 -0.09593024627771306, 0.09587719267254705, 13.225162767753892,  58.6285924995547,  48.01137395771494,  0.4030307698985675,337.69498994495177,  50.37216468020267,351312.96115258377,      0.0,351312.96115258377,   1.0
  0.29999939999999997, 0.09587719267254705, 13.225162767753892,  58.6285924995547,  48.01137395771494,  0.4030307698985675,337.69498994495177,  50.37216468020267, 243677.2969633019,      0.0, 243677.2969633019,   1.0
 -0.09593024627771306,          -0.2999994, 13.225162767753892,  58.6285924995547,  48.01137395771494,  0.4030307698985675,337.69498994495177,  50.37216468020267, 274161.7772609731,      0.0, 274161.7772609731,   1.0
 -0.09593024627771306, 0.09587719267254705, 14.225162767753892,  58.6285924995547,  48.01137395771494,  0.4030307698985675,337.69498994495177,  50.37216468020267,351375.15565246943,      0.0,351375.15565246943,   1.0
 -0.09593024627771306, 0.09587719267254705, 13.225162767753892,  59.6285924995547,  48.01137395771494,  0.4030307698985675,337.69498994495177,  50.37216468020267,351417.39305520535,      0.0,351417.39305520535,   1.0
 -0.09593024627771306, 0.09587719267254705, 13.225162767753892,  58.6285924995547,  49.01137395771494,  0.4030307698985675,337.69498994495177,  50.37216468020267, 351473.1868480174,      0.0, 351473.1868480174,   1.0
 -0.09593024627771306, 0.09587719267254705, 13.225162767753892,  58.6285924995547,  48.01137395771494, 0.02000057999999999,337.69498994495177,  50.37216468020267,332898.59431365813,      0.0,332898.59431365813,   1.0
 -0.09593024627771306, 0.09587719267254705, 13.225162767753892,  58.6285924995547,  48.01137395771494,  0.4030307698985675,338.69498994495177,  50.37216468020267, 351451.1502843723,      0.0, 351451.1502843723,   1.0
 -0.09593024627771306, 0.09587719267254705, 13.225162767753892,  58.6285924995547,  48.01137395771494,  0.4030307698985675,337.69498994495177,  51.37216468020267,351325.66230469465,      0.0,351325.66230469465,   1.0
 -0.09074300921173123, 0.09068860703613123, 13.238869215092596, 58.64383799733869, 48.064510528286746, 0.39802402064712017, 337.6318415144498,  50.38958546605231, 352030.8756877462,      0.0, 352030.8756877462,   1.0
  0.29999939999999997, 0.09068860703613123, 13.238869215092596, 58.64383799733869, 48.064510528286746, 0.39802402064712017, 337.6318415144498,  50.38958546605231,244517.75570428275,      0.0,244517.75570428275,   1.0
 -0.09074300921173123,-0.29999939999999997, 13.238869215092596, 58.64383799733869, 48.064510528286746, 0.39802402064712017, 337.6318415144498,  50.38958546605231, 275424.0976977594,      0.0, 275424.0976977594,   1.0
 -0.09074300921173123, 0.09068860703613123, 14.238869215092596, 58.64383799733869, 48.064510528286746, 0.39802402064712017, 337.6318415144498,  50.38958546605231,352020.88871636335,      0.0,352020.88871636335,   1.0
 -0.09074300921173123, 0.09068860703613123, 13.238869215092596, 59.64383799733869, 48.064510528286746, 0.39802402064712017, 337.6318415144498,  50.38958546605231, 351973.1638710763,      0.0, 351973.1638710763,   1.0
 -0.09074300921173123, 0.09068860703613123, 13.238869215092596, 58.64383799733869, 49.064510528286746, 0.39802402064712017, 337.6318415144498,  50.38958546605231,351980.13035068306,      0.0,351980.13035068306,   1.0
 -0.09074300921173123, 0.09068860703613123, 13.238869215092596, 58.64383799733869, 48.064510528286746, 0.02000057999999999, 337.6318415144498,  50.38958546605231,331058.81003175996,      0.0,331058.81003175996,   1.0
 -0.09074300921173123, 0.09068860703613123, 13.238869215092596, 58.64383799733869, 48.064510528286746, 0.39802402064712017, 338.6318415144498,  50.38958546605231,352151.57211121946,      0.0,352151.57211121946,   1.0
 -0.09074300921173123, 0.09068860703613123, 13.238869215092596, 58.64383799733869, 48.064510528286746, 0.39802402064712017, 337.6318415144498,  51.38958546605231, 352023.2981764403,      0.0, 352023.2981764403,   1.0
 -0.08992274804695913,  0.0898681326210409, 13.241036624508421, 58.64624877780057,  48.07291304868726, 0.39723230013763217,337.62185581213885,   50.3923402262282,352199.74975224177,      0.0,352199.74975224177,   1.0
            0.2999994,  0.0898681326210409, 13.241036624508421, 58.64624877780057,  48.07291304868726, 0.39723230013763217,337.62185581213885,   50.3923402262282, 244591.1304241531,      0.0, 244591.1304241531,   1.0
 -0.08992274804695913,          -0.2999994, 13.241036624508421, 58.64624877780057,  48.07291304868726, 0.39723230013763217,337.62185581213885,   50.3923402262282, 275663.5268387204,      0.0, 275663.5268387204,   1.0
 -0.08992274804695913,  0.0898681326210409, 14.241036624508421, 58.64624877780057,  48.07291304868726, 0.39723230013763217,337.62185581213885,   50.3923402262282, 352196.2812682772,      0.0, 352196.2812682772,   1.0
 -0.08992274804695913,  0.0898681326210409, 13.241036624508421, 59.64624877780057,  48.07291304868726, 0.39723230013763217,337.62185581213885,   50.3923402262282,352110.87745173316,      0.0,352110.87745173316,   1.0
 -0.08992274804695913,  0.0898681326210409, 13.241036624508421, 58.64624877780057,  49.07291304868726, 0.39723230013763217,337.62185581213885,   50.3923402262282,352163.11587673944,      0.0,352163.11587673944,   1.0
 -0.08992274804695913,  0.0898681326210409, 13.241036624508421, 58.64624877780057,  48.07291304868726, 0.02000057999999999,337.62185581213885,   50.3923402262282, 330730.0653957295,      0.0, 330730.0653957295,   1.0
 -0.08992274804695913,  0.0898681326210409, 13.241036624508421, 58.64624877780057,  48.07291304868726, 0.39723230013763217,338.62185581213885,   50.3923402262282, 352304.6963047283,      0.0, 352304.6963047283,   1.0
 -0.08992274804695913,  0.0898681326210409, 13.241036624508421, 58.64624877780057,  48.07291304868726, 0.39723230013763217,337.62185581213885,   51.3923402262282, 352183.1288674254,      0.0, 352183.1288674254,   1.0
  -0.0898084386833383, 0.08975379353943609,  13.24133866878611, 58.64658473760492,  48.07408400106322, 0.39712196812205974, 337.6204642318404, 50.392724122109364, 352209.4559221685,      0.0, 352209.4559221685,   1.0
  0.29999939999999997, 0.08975379353943609,  13.24133866878611, 58.64658473760492,  48.07408400106322, 0.39712196812205974, 337.6204642318404, 50.392724122109364,244588.32300436118,      0.0,244588.32300436118,   1.0
  -0.0898084386833383,-0.29999939999999997,  13.24133866878611, 58.64658473760492,  48.07408400106322, 0.39712196812205974, 337.6204642318404, 50.392724122109364, 275682.4979395992,      0.0, 275682.4979395992,   1.0
  -0.0898084386833383, 0.08975379353943609,  14.24133866878611, 58.64658473760492,  48.07408400106322, 0.39712196812205974, 337.6204642318404, 50.392724122109364,352209.37926003826,      0.0,352209.37926003826,   1.0
  -0.0898084386833383, 0.08975379353943609,  13.24133866878611, 59.64658473760492,  48.07408400106322, 0.39712196812205974, 337.6204642318404, 50.392724122109364, 352135.7087830395,      0.0, 352135.7087830395,   1.0
  -0.0898084386833383, 0.08975379353943609,  13.24133866878611, 58.64658473760492,  49.07408400106322, 0.39712196812205974, 337.6204642318404, 50.392724122109364, 352171.7733949196,      0.0, 352171.7733949196,   1.0
  -0.0898084386833383, 0.08975379353943609,  13.24133866878611, 58.64658473760492,  48.07408400106322, 0.02000057999999999, 337.6204642318404, 50.392724122109364, 330655.6548860445,      0.0, 330655.6548860445,   1.0
  -0.0898084386833383, 0.08975379353943609,  13.24133866878611, 58.64658473760492,  48.07408400106322, 0.39712196812205974, 338.6204642318404, 50.392724122109364,  352318.366602497,      0.0,  352318.366602497,   1.0
  -0.0898084386833383, 0.08975379353943609,  13.24133866878611, 58.64658473760492,  48.07408400106322, 0.39712196812205974, 337.6204642318404, 51.392724122109364, 352197.0164325056,      0.0, 352197.0164325056,   1.0
 -0.08978924633788751, 0.08973459620438692, 13.241389381500582, 58.64664114467796,  48.07428060195219,  0.3971034435665021, 337.6202305879029,  50.39278857756722,352216.59859128046,      0.0,352216.59859128046,   1.0
   0.2999993999999999, 0.08973459620438692, 13.241389381500582, 58.64664114467796,  48.07428060195219,  0.3971034435665021, 337.6202305879029,  50.39278857756722,244614.56378259437,      0.0,244614.56378259437,   1.0
 -0.08978924633788751, -0.2999993999999999, 13.241389381500582, 58.64664114467796,  48.07428060195219,  0.3971034435665021, 337.6202305879029,  50.39278857756722,275675.00616667396,      0.0,275675.00616667396,   1.0
 -0.08978924633788751, 0.08973459620438692, 14.241389381500582, 58.64664114467796,  48.07428060195219,  0.3971034435665021, 337.6202305879029,  50.39278857756722,352215.04937304195,      0.0,352215.04937304195,   1.0
 -0.08978924633788751, 0.08973459620438692, 13.241389381500582, 59.64664114467796,  48.07428060195219,  0.3971034435665021, 337.6202305879029,  50.39278857756722, 352134.4912826385,      0.0, 352134.4912826385,   1.0
 -0.08978924633788751, 0.08973459620438692, 13.241389381500582, 58.64664114467796,  49.07428060195219,  0.3971034435665021, 337.6202305879029,  50.39278857756722,352170.53755757667,      0.0,352170.53755757667,   1.0
 -0.08978924633788751, 0.08973459620438692, 13.241389381500582, 58.64664114467796,  48.07428060195219, 0.02000057999999999, 337.6202305879029,  50.39278857756722,330646.54336434114,      0.0,330646.54336434114,   1.0
 -0.08978924633788751, 0.08973459620438692, 13.241389381500582, 58.64664114467796,  48.07428060195219,  0.3971034435665021, 338.6202305879029,  50.39278857756722,352323.31689102185,      0.0,352323.31689102185,   1.0
 -0.08978924633788751, 0.08973459620438692, 13.241389381500582, 58.64664114467796,  48.07428060195219,  0.3971034435665021, 337.6202305879029,  51.39278857756722,352202.62943467114,      0.0,352202.62943467114,   1.0
 -0.08978714040036515, 0.08973248971936595, 13.241394946104895,  58.6466473341128,  48.07430217457291,  0.3971014109042236,337.62020495062285, 50.392795650135156, 352217.7487073253,      0.0, 352217.7487073253,   1.0
   0.2999993999999999, 0.08973248971936595, 13.241394946104895,  58.6466473341128,  48.07430217457291,  0.3971014109042236,337.62020495062285, 50.392795650135156, 244621.9552910386,      0.0, 244621.9552910386,   1.0
 -0.08978714040036515, -0.2999993999999999, 13.241394946104895,  58.6466473341128,  48.07430217457291,  0.3971014109042236,337.62020495062285, 50.392795650135156,  275675.468903032,      0.0,  275675.468903032,   1.0
 -0.08978714040036515, 0.08973248971936595, 14.241394946104895,  58.6466473341128,  48.07430217457291,  0.3971014109042236,337.62020495062285, 50.392795650135156,  352216.400656211,      0.0,  352216.400656211,   1.0
 -0.08978714040036515, 0.08973248971936595, 13.241394946104895,  59.6466473341128,  48.07430217457291,  0.3971014109042236,337.62020495062285, 50.392795650135156,352135.45520474756,      0.0,352135.45520474756,   1.0
 -0.08978714040036515, 0.08973248971936595, 13.241394946104895,  58.6466473341128,  49.07430217457291,  0.3971014109042236,337.62020495062285, 50.392795650135156, 352170.4645226876,      0.0, 352170.4645226876,   1.0
 -0.08978714040036515, 0.08973248971936595, 13.241394946104895,  58.6466473341128,  48.07430217457291, 0.02000057999999999,337.62020495062285, 50.392795650135156,330658.04597884056,      0.0,330658.04597884056,   1.0
 -0.08978714040036515, 0.08973248971936595, 13.241394946104895,  58.6466473341128,  48.07430217457291,  0.3971014109042236,338.62020495062285, 50.392795650135156,352324.56938491866,      0.0,352324.56938491866,   1.0
 -0.08978714040036515, 0.08973248971936595, 13.241394946104895,  58.6466473341128,  48.07430217457291,  0.3971014109042236,337.62020495062285, 51.392795650135156,352203.93811851065,      0.0,352203.93811851065,   1.0
 -0.08978695993688567, 0.08973230920896982, 13.241395422950882,  58.6466478645022,  48.07430402318909, 0.39710123671989783,  337.620202753695,  50.39279625620262, 352217.7487073253,      0.0, 352217.7487073253,   1.0
  0.29999939999999997, 0.08973230920896982, 13.241395422950882,  58.6466478645022,  48.07430402318909, 0.39710123671989783,  337.620202753695,  50.39279625620262, 244621.9552910386,      0.0, 244621.9552910386,   1.0
 -0.08978695993688567,          -0.2999994, 13.241395422950882,  58.6466478645022,  48.07430402318909, 0.39710123671989783,  337.620202753695,  50.39279625620262,  275675.468903032,      0.0,  275675.468903032,   1.0
 -0.08978695993688567, 0.08973230920896982, 14.241395422950882,  58.6466478645022,  48.07430402318909, 0.39710123671989783,  337.620202753695,  50.39279625620262,  352216.400656211,      0.0,  352216.400656211,   1.0
 -0.08978695993688567, 0.08973230920896982, 13.241395422950882,  59.6466478645022,  48.07430402318909, 0.39710123671989783,  337.620202753695,  50.39279625620262,352135.45520474756,      0.0,352135.45520474756,   1.0
 -0.08978695993688567, 0.08973230920896982, 13.241395422950882,  58.6466478645022,  49.07430402318909, 0.39710123671989783,  337.620202753695,  50.39279625620262, 352170.4645226876,      0.0, 352170.4645226876,   1.0
 -0.08978695993688567, 0.08973230920896982, 13.241395422950882,  58.6466478645022,  48.07430402318909, 0.02000057999999999,  337.620202753695,  50.39279625620262,330658.04597884056,      0.0,330658.04597884056,   1.0
 -0.08978695993688567, 0.08973230920896982, 13.241395422950882,  58.6466478645022,  48.07430402318909, 0.39710123671989783,  338.620202753695,  50.39279625620262,352324.56938491866,      0.0,352324.56938491866,   1.0
 -0.08978695993688567, 0.08973230920896982, 13.241395422950882,  58.6466478645022,  48.07430402318909, 0.39710123671989783,  337.620202753695,  51.39279625620262,352203.93811851065,      0.0,352203.93811851065,   1.0
 -0.08978692463903394, 0.08973227390194143,  13.24139551621983,58.646647968244004,  48.07430438477017,  0.3971012026502206, 337.6202023239858, 50.392796374746716, 352217.7637773033,      0.0, 352217.7637773033,   1.0
  0.29999939999999997, 0.08973227390194143,  13.24139551621983,58.646647968244004,  48.07430438477017,  0.3971012026502206, 337.6202023239858, 50.392796374746716,244621.96341591305,      0.0,244621.96341591305,   1.0
 -0.08978692463903394,-0.29999939999999997,  13.24139551621983,58.646647968244004,  48.07430438477017,  0.3971012026502206, 337.6202023239858, 50.392796374746716,275674.96654110483,      0.0,275674.96654110483,   1.0
 -0.08978692463903394, 0.08973227390194143,  14.24139551621983,58.646647968244004,  48.07430438477017,  0.3971012026502206, 337.6202023239858, 50.392796374746716,  352216.400656211,      0.0,  352216.400656211,   1.0
 -0.08978692463903394, 0.08973227390194143,  13.24139551621983,59.646647968244004,  48.07430438477017,  0.3971012026502206, 337.6202023239858, 50.392796374746716,352135.45520474756,      0.0,352135.45520474756,   1.0
 -0.08978692463903394, 0.08973227390194143,  13.24139551621983,58.646647968244004,  49.07430438477017,  0.3971012026502206, 337.6202023239858, 50.392796374746716, 352170.4817148827,      0.0, 352170.4817148827,   1.0
 -0.08978692463903394, 0.08973227390194143,  13.24139551621983,58.646647968244004,  48.07430438477017, 0.02000057999999999, 337.6202023239858, 50.392796374746716,330658.04597884056,      0.0,330658.04597884056,   1.0
 -0.08978692463903394, 0.08973227390194143,  13.24139551621983,58.646647968244004,  48.07430438477017,  0.3971012026502206, 338.6202023239858, 50.392796374746716,352324.56938491866,      0.0,352324.56938491866,   1.0
 -0.08978692463903394, 0.08973227390194143,  13.24139551621983,58.646647968244004,  48.07430438477017,  0.3971012026502206, 337.6202023239858, 51.392796374746716,352203.93811851065,      0.0,352203.93811851065,   1.0
 -0.08978692123748394, 0.08973227049950708, 13.241395525207883,  58.6466479782413,  48.07430441961468, 0.39710119936702615, 337.6202022825759,  50.39279638617046, 352217.7637773033,      0.0, 352217.7637773033,   1.0
  0.29999939999999997, 0.08973227049950708, 13.241395525207883,  58.6466479782413,  48.07430441961468, 0.39710119936702615, 337.6202022825759,  50.39279638617046,244621.96341591305,      0.0,244621.96341591305,   1.0
 -0.08978692123748394,          -0.2999994, 13.241395525207883,  58.6466479782413,  48.07430441961468, 0.39710119936702615, 337.6202022825759,  50.39279638617046,275674.96654110483,      0.0,275674.96654110483,   1.0
 -0.08978692123748394, 0.08973227049950708, 14.241395525207883,  58.6466479782413,  48.07430441961468, 0.39710119936702615, 337.6202022825759,  50.39279638617046,  352216.400656211,      0.0,  352216.400656211,   1.0
 -0.08978692123748394, 0.08973227049950708, 13.241395525207883,  59.6466479782413,  48.07430441961468, 0.39710119936702615, 337.6202022825759,  50.39279638617046,352135.45520474756,      0.0,352135.45520474756,   1.0
 -0.08978692123748394, 0.08973227049950708, 13.241395525207883,  58.6466479782413,  49.07430441961468, 0.39710119936702615, 337.6202022825759,  50.39279638617046, 352170.4817148827,      0.0, 352170.4817148827,   1.0
 -0.08978692123748394, 0.08973227049950708, 13.241395525207883,  58.6466479782413,  48.07430441961468, 0.02000057999999999, 337.6202022825759,  50.39279638617046,330658.04597884056,      0.0,330658.04597884056,   1.0
 -0.08978692123748394, 0.08973227049950708, 13.241395525207883,  58.6466479782413,  48.07430441961468, 0.39710119936702615, 338.6202022825759,  50.39279638617046,352324.56938491866,      0.0,352324.56938491866,   1.0
 -0.08978692123748394, 0.08973227049950708, 13.241395525207883,  58.6466479782413,  48.07430441961468, 0.39710119936702615, 337.6202022825759,  51.39279638617046,352203.93811851065,      0.0,352203.93811851065,   1.0
 -0.08978692051963327,  0.0897322697814698,  13.24139552710469,58.646647980351084,  48.07430442696813,  0.3971011986741528,  337.620202273837,  50.39279638858129, 352217.7637773033,      0.0, 352217.7637773033,   1.0
  0.29999939999999997,  0.0897322697814698,  13.24139552710469,58.646647980351084,  48.07430442696813,  0.3971011986741528,  337.620202273837,  50.39279638858129,244621.96341591305,      0.0,244621.96341591305,   1.0
 -0.08978692051963327,-0.29999939999999997,  13.24139552710469,58.646647980351084,  48.07430442696813,  0.3971011986741528,  337.620202273837,  50.39279638858129,275674.96654110483,      0.0,275674.96654110483,   1.0
 -0.08978692051963327,  0.0897322697814698,  14.24139552710469,58.646647980351084,  48.07430442696813,  0.3971011986741528,  337.620202273837,  50.39279638858129,  352216.400656211,      0.0,  352216.400656211,   1.0
 -0.08978692051963327,  0.0897322697814698,  13.24139552710469,59.646647980351084,  48.07430442696813,  0.3971011986741528,  337.620202273837,  50.39279638858129,352135.45520474756,      0.0,352135.45520474756,   1.0
 -0.08978692051963327,  0.0897322697814698,  13.24139552710469,58.646647980351084,  49.07430442696813,  0.3971011986741528,  337.620202273837,  50.39279638858129, 352170.4817148827,      0.0, 352170.4817148827,   1.0
 -0.08978692051963327,  0.0897322697814698,  13.24139552710469,58.646647980351084,  48.07430442696813, 0.02000057999999999,  337.620202273837,  50.39279638858129,330658.04597884056,      0.0,330658.04597884056,   1.0
 -0.08978692051963327,  0.0897322697814698,  13.24139552710469,58.646647980351084,  48.07430442696813,  0.3971011986741528,  338.620202273837,  50.39279638858129,352324.56938491866,      0.0,352324.56938491866,   1.0
 -0.08978692051963327,  0.0897322697814698,  13.24139552710469,58.646647980351084,  48.07430442696813,  0.3971011986741528,  337.620202273837,  51.39279638858129,352203.93811851065,      0.0,352203.93811851065,   1.0
 -0.08978692036814069, 0.08973226962993783, 13.241395527504984, 58.64664798079633,  48.07430442851998, 0.39710119852793135, 337.6202022719927,  50.39279638909006, 352217.7637773033,      0.0, 352217.7637773033,   1.0
  0.29999939999999997, 0.08973226962993783, 13.241395527504984, 58.64664798079633,  48.07430442851998, 0.39710119852793135, 337.6202022719927,  50.39279638909006,244621.96341591305,      0.0,244621.96341591305,   1.0
 -0.08978692036814069, -0.2999993999999999, 13.241395527504984, 58.64664798079633,  48.07430442851998, 0.39710119852793135, 337.6202022719927,  50.39279638909006,275674.96654110483,      0.0,275674.96654110483,   1.0
 -0.08978692036814069, 0.08973226962993783, 14.241395527504984, 58.64664798079633,  48.07430442851998, 0.39710119852793135, 337.6202022719927,  50.39279638909006,  352216.400656211,      0.0,  352216.400656211,   1.0
 -0.08978692036814069, 0.08973226962993783, 13.241395527504984, 59.64664798079633,  48.07430442851998, 0.39710119852793135, 337.6202022719927,  50.39279638909006,352135.45520474756,      0.0,352135.45520474756,   1.0
 -0.08978692036814069, 0.08973226962993783, 13.241395527504984, 58.64664798079633,  49.07430442851998, 0.39710119852793135, 337.6202022719927,  50.39279638909006, 352170.4817148827,      0.0, 352170.4817148827,   1.0
 -0.08978692036814069, 0.08973226962993783, 13.241395527504984, 58.64664798079633,  48.07430442851998, 0.02000057999999999, 337.6202022719927,  50.39279638909006,330658.04597884056,      0.0,330658.04597884056,   1.0
 -0.08978692036814069, 0.08973226962993783, 13.241395527504984, 58.64664798079633,  48.07430442851998, 0.39710119852793135, 338.6202022719927,  50.39279638909006,352324.56938491866,      0.0,352324.56938491866,   1.0
 -0.08978692036814069, 0.08973226962993783, 13.241395527504984, 58.64664798079633,  48.07430442851998, 0.39710119852793135, 337.6202022719927,  51.39279638909006,352203.93811851065,      0.0,352203.93811851065,   1.0
 -0.08978692033617026, 0.08973226959795909,  13.24139552758946, 58.64664798089029, 48.074304428847476,  0.3971011984970733, 337.6202022716035,  50.39279638919743, 352217.7637773033,      0.0, 352217.7637773033,   1.0
  0.29999939999999997, 0.08973226959795909,  13.24139552758946, 58.64664798089029, 48.074304428847476,  0.3971011984970733, 337.6202022716035,  50.39279638919743,244621.96341591305,      0.0,244621.96341591305,   1.0
 -0.08978692033617026,-0.29999939999999997,  13.24139552758946, 58.64664798089029, 48.074304428847476,  0.3971011984970733, 337.6202022716035,  50.39279638919743,275674.96654110483,      0.0,275674.96654110483,   1.0
 -0.08978692033617026, 0.08973226959795909,  14.24139552758946, 58.64664798089029, 48.074304428847476,  0.3971011984970733, 337.6202022716035,  50.39279638919743,  352216.400656211,      0.0,  352216.400656211,   1.0
 -0.08978692033617026, 0.08973226959795909,  13.24139552758946, 59.64664798089029, 48.074304428847476,  0.3971011984970733, 337.6202022716035,  50.39279638919743,352135.45520474756,      0.0,352135.45520474756,   1.0
 -0.08978692033617026, 0.08973226959795909,  13.24139552758946, 58.64664798089029, 49.074304428847476,  0.3971011984970733, 337.6202022716035,  50.39279638919743, 352170.4817148827,      0.0, 352170.4817148827,   1.0
 -0.08978692033617026, 0.08973226959795909,  13.24139552758946, 58.64664798089029, 48.074304428847476, 0.02000057999999999, 337.6202022716035,  50.39279638919743,330658.04597884056,      0.0,330658.04597884056,   1.0
 -0.08978692033617026, 0.08973226959795909,  13.24139552758946, 58.64664798089029, 48.074304428847476,  0.3971011984970733, 338.6202022716035,  50.39279638919743,352324.56938491866,      0.0,352324.56938491866,   1.0
 -0.08978692033617026, 0.08973226959795909,  13.24139552758946, 58.64664798089029, 48.074304428847476,  0.3971011984970733, 337.6202022716035,  51.39279638919743,352203.93811851065,      0.0,352203.93811851065,   1.0
 -0.08978692032942334, 0.08973226959121042,  13.24139552760729,58.646647980910124,  48.07430442891659, 0.39710119849056114, 337.6202022715214,  50.39279638922009, 352217.7637773033,      0.0, 352217.7637773033,   1.0
   0.2999993999999999, 0.08973226959121042,  13.24139552760729,58.646647980910124,  48.07430442891659, 0.39710119849056114, 337.6202022715214,  50.39279638922009,244621.96341591305,      0.0,244621.96341591305,   1.0
 -0.08978692032942334,          -0.2999994,  13.24139552760729,58.646647980910124,  48.07430442891659, 0.39710119849056114, 337.6202022715214,  50.39279638922009,275674.96654110483,      0.0,275674.96654110483,   1.0
 -0.08978692032942334, 0.08973226959121042,  14.24139552760729,58.646647980910124,  48.07430442891659, 0.39710119849056114, 337.6202022715214,  50.39279638922009,  352216.400656211,      0.0,  352216.400656211,   1.0
 -0.08978692032942334, 0.08973226959121042,  13.24139552760729,59.646647980910124,  48.07430442891659, 0.39710119849056114, 337.6202022715214,  50.39279638922009,352135.45520474756,      0.0,352135.45520474756,   1.0
 -0.08978692032942334, 0.08973226959121042,  13.24139552760729,58.646647980910124,  49.07430442891659, 0.39710119849056114, 337.6202022715214,  50.39279638922009, 352170.4817148827,      0.0, 352170.4817148827,   1.0
 -0.08978692032942334, 0.08973226959121042,  13.24139552760729,58.646647980910124,  48.07430442891659, 0.02000057999999999, 337.6202022715214,  50.39279638922009,330658.04597884056,      0.0,330658.04597884056,   1.0
 -0.08978692032942334, 0.08973226959121042,  13.24139552760729,58.646647980910124,  48.07430442891659, 0.39710119849056114, 338.6202022715214,  50.39279638922009,352324.56938491866,      0.0,352324.56938491866,   1.0
 -0.08978692032942334, 0.08973226959121042,  13.24139552760729,58.646647980910124,  48.07430442891659, 0.39710119849056114, 337.6202022715214,  51.39279638922009,352203.93811851065,      0.0,352203.93811851065,   1.0
 -0.08978692032799952, 0.08973226958978622,  13.24139552761105,  58.6466479809143,  48.07430442893118, 0.39710119848918685,337.62020227150407,  50.39279638922487, 352217.7637773033,      0.0, 352217.7637773033,   1.0
  0.29999939999999997, 0.08973226958978622,  13.24139552761105,  58.6466479809143,  48.07430442893118, 0.39710119848918685,337.62020227150407,  50.39279638922487,244621.96341591305,      0.0,244621.96341591305,   1.0
 -0.08978692032799952,          -0.2999994,  13.24139552761105,  58.6466479809143,  48.07430442893118, 0.39710119848918685,337.62020227150407,  50.39279638922487,275674.96654110483,      0.0,275674.96654110483,   1.0
 -0.08978692032799952, 0.08973226958978622,  14.24139552761105,  58.6466479809143,  48.07430442893118, 0.39710119848918685,337.62020227150407,  50.39279638922487,  352216.400656211,      0.0,  352216.400656211,   1.0
 -0.08978692032799952, 0.08973226958978622,  13.24139552761105,  59.6466479809143,  48.07430442893118, 0.39710119848918685,337.62020227150407,  50.39279638922487,352135.45520474756,      0.0,352135.45520474756,   1.0
 -0.08978692032799952, 0.08973226958978622,  13.24139552761105,  58.6466479809143,  49.07430442893118, 0.39710119848918685,337.62020227150407,  50.39279638922487, 352170.4817148827,      0.0, 352170.4817148827,   1.0
 -0.08978692032799952, 0.08973226958978622,  13.24139552761105,  58.6466479809143,  48.07430442893118, 0.02000057999999999,337.62020227150407,  50.39279638922487,330658.04597884056,      0.0,330658.04597884056,   1.0
 -0.08978692032799952, 0.08973226958978622,  13.24139552761105,  58.6466479809143,  48.07430442893118, 0.39710119848918685,338.62020227150407,  50.39279638922487,352324.56938491866,      0.0,352324.56938491866,   1.0
 -0.08978692032799952, 0.08973226958978622,  13.24139552761105,  58.6466479809143,  48.07430442893118, 0.39710119848918685,337.62020227150407,  51.39279638922487,352203.93811851065,      0.0,352203.93811851065,   1.0
 -0.08978692032769904, 0.08973226958948566, 13.241395527611845, 58.64664798091519, 48.074304428934255, 0.39710119848889686, 337.6202022715004,  50.39279638922588, 352217.7637773033,      0.0, 352217.7637773033,   1.0
  0.29999939999999997, 0.08973226958948566, 13.241395527611845, 58.64664798091519, 48.074304428934255, 0.39710119848889686, 337.6202022715004,  50.39279638922588,244621.96341591305,      0.0,244621.96341591305,   1.0
 -0.08978692032769904,-0.29999939999999997, 13.241395527611845, 58.64664798091519, 48.074304428934255, 0.39710119848889686, 337.6202022715004,  50.39279638922588,275674.96654110483,      0.0,275674.96654110483,   1.0
 -0.08978692032769904, 0.08973226958948566, 14.241395527611845, 58.64664798091519, 48.074304428934255, 0.39710119848889686, 337.6202022715004,  50.39279638922588,  352216.400656211,      0.0,  352216.400656211,   1.0
 -0.08978692032769904, 0.08973226958948566, 13.241395527611845, 59.64664798091519, 48.074304428934255, 0.39710119848889686, 337.6202022715004,  50.39279638922588,352135.45520474756,      0.0,352135.45520474756,   1.0
 -0.08978692032769904, 0.08973226958948566, 13.241395527611845, 58.64664798091519, 49.074304428934255, 0.39710119848889686, 337.6202022715004,  50.39279638922588, 352170.4817148827,      0.0, 352170.4817148827,   1.0
 -0.08978692032769904, 0.08973226958948566, 13.241395527611845, 58.64664798091519, 48.074304428934255, 0.02000057999999999, 337.6202022715004,  50.39279638922588,330658.04597884056,      0.0,330658.04597884056,   1.0
 -0.08978692032769904, 0.08973226958948566, 13.241395527611845, 58.64664798091519, 48.074304428934255, 0.39710119848889686, 338.6202022715004,  50.39279638922588,352324.56938491866,      0.0,352324.56938491866,   1.0
 -0.08978692032769904, 0.08973226958948566, 13.241395527611845, 58.64664798091519, 48.074304428934255, 0.39710119848889686, 337.6202022715004,  51.39279638922588,352203.93811851065,      0.0,352203.93811851065,   1.0
  -0.0897869203276356, 0.08973226958942221, 13.241395527612013,58.646647980915375,  48.07430442893491,  0.3971011984888356,337.62020227149964,  50.39279638922609, 352217.7637773033,      0.0, 352217.7637773033,   1.0
            0.2999994, 0.08973226958942221, 13.241395527612013,58.646647980915375,  48.07430442893491,  0.3971011984888356,337.62020227149964,  50.39279638922609,244621.96341591305,      0.0,244621.96341591305,   1.0
  -0.0897869203276356,-0.29999939999999997, 13.241395527612013,58.646647980915375,  48.07430442893491,  0.3971011984888356,337.62020227149964,  50.39279638922609,275674.96654110483,      0.0,275674.96654110483,   1.0
  -0.0897869203276356, 0.08973226958942221, 14.241395527612013,58.646647980915375,  48.07430442893491,  0.3971011984888356,337.62020227149964,  50.39279638922609,  352216.400656211,      0.0,  352216.400656211,   1.0
  -0.0897869203276356, 0.08973226958942221, 13.241395527612013,59.646647980915375,  48.07430442893491,  0.3971011984888356,337.62020227149964,  50.39279638922609,352135.45520474756,      0.0,352135.45520474756,   1.0
  -0.0897869203276356, 0.08973226958942221, 13.241395527612013,58.646647980915375,  49.07430442893491,  0.3971011984888356,337.62020227149964,  50.39279638922609, 352170.4817148827,      0.0, 352170.4817148827,   1.0
  -0.0897869203276356, 0.08973226958942221, 13.241395527612013,58.646647980915375,  48.07430442893491, 0.02000057999999999,337.62020227149964,  50.39279638922609,330658.04597884056,      0.0,330658.04597884056,   1.0
  -0.0897869203276356, 0.08973226958942221, 13.241395527612013,58.646647980915375,  48.07430442893491,  0.3971011984888356,338.62020227149964,  50.39279638922609,352324.56938491866,      0.0,352324.56938491866,   1.0
  -0.0897869203276356, 0.08973226958942221, 13.241395527612013,58.646647980915375,  48.07430442893491,  0.3971011984888356,337.62020227149964,  51.39279638922609,352203.93811851065,      0.0,352203.93811851065,   1.0
 -0.08978692032767747, 0.08973226958946409, 13.241395527611902,58.646647980915255, 48.074304428934475, 0.39710119848887604,337.62020227150015,  50.39279638922595, 352217.7637773033,      0.0, 352217.7637773033,   1.0
  0.29999939999999997, 0.08973226958946409, 13.241395527611902,58.646647980915255, 48.074304428934475, 0.39710119848887604,337.62020227150015,  50.39279638922595,244621.96341591305,      0.0,244621.96341591305,   1.0
 -0.08978692032767747, -0.2999993999999999, 13.241395527611902,58.646647980915255, 48.074304428934475, 0.39710119848887604,337.62020227150015,  50.39279638922595,275674.96654110483,      0.0,275674.96654110483,   1.0
 -0.08978692032767747, 0.08973226958946409, 14.241395527611902,58.646647980915255, 48.074304428934475, 0.39710119848887604,337.62020227150015,  50.39279638922595,  352216.400656211,      0.0,  352216.400656211,   1.0
 -0.08978692032767747, 0.08973226958946409, 13.241395527611902,59.646647980915255, 48.074304428934475, 0.39710119848887604,337.62020227150015,  50.39279638922595,352135.45520474756,      0.0,352135.45520474756,   1.0
 -0.08978692032767747, 0.08973226958946409, 13.241395527611902,58.646647980915255, 49.074304428934475, 0.39710119848887604,337.62020227150015,  50.39279638922595, 352170.4817148827,      0.0, 352170.4817148827,   1.0
 -0.08978692032767747, 0.08973226958946409, 13.241395527611902,58.646647980915255, 48.074304428934475, 0.02000057999999999,337.62020227150015,  50.39279638922595,330658.04597884056,      0.0,330658.04597884056,   1.0
 -0.08978692032767747, 0.08973226958946409, 13.241395527611902,58.646647980915255, 48.074304428934475, 0.39710119848887604,338.62020227150015,  50.39279638922595,352324.56938491866,      0.0,352324.56938491866,   1.0
 -0.08978692032767747, 0.08973226958946409, 13.241395527611902,58.646647980915255, 48.074304428934475, 0.39710119848887604,337.62020227150015,  51.39279638922595,352203.93811851065,      0.0,352203.93811851065,   1.0
 -0.08978692032764442, 0.08973226958943104,  13.24139552761199, 58.64664798091535, 48.074304428934816,  0.3971011984888441,337.62020227149975,  50.39279638922606, 352217.7637773033,      0.0, 352217.7637773033,   1.0
  0.29999939999999997, 0.08973226958943104,  13.24139552761199, 58.64664798091535, 48.074304428934816,  0.3971011984888441,337.62020227149975,  50.39279638922606,244621.96341591305,      0.0,244621.96341591305,   1.0
 -0.08978692032764442,-0.29999939999999997,  13.24139552761199, 58.64664798091535, 48.074304428934816,  0.3971011984888441,337.62020227149975,  50.39279638922606,275674.96654110483,      0.0,275674.96654110483,   1.0
 -0.08978692032764442, 0.08973226958943104,  14.24139552761199, 58.64664798091535, 48.074304428934816,  0.3971011984888441,337.62020227149975,  50.39279638922606,  352216.400656211,      0.0,  352216.400656211,   1.0
 -0.08978692032764442, 0.08973226958943104,  13.24139552761199, 59.64664798091535, 48.074304428934816,  0.3971011984888441,337.62020227149975,  50.39279638922606,352135.45520474756,      0.0,352135.45520474756,   1.0
 -0.08978692032764442, 0.08973226958943104,  13.24139552761199, 58.64664798091535, 49.074304428934816,  0.3971011984888441,337.62020227149975,  50.39279638922606, 352170.4817148827,      0.0, 352170.4817148827,   1.0
 -0.08978692032764442, 0.08973226958943104,  13.24139552761199, 58.64664798091535, 48.074304428934816, 0.02000057999999999,337.62020227149975,  50.39279638922606,330658.04597884056,      0.0,330658.04597884056,   1.0
 -0.08978692032764442, 0.08973226958943104,  13.24139552761199, 58.64664798091535, 48.074304428934816,  0.3971011984888441,338.62020227149975,  50.39279638922606,352324.56938491866,      0.0,352324.56938491866,   1.0
 -0.08978692032764442, 0.08973226958943104,  13.24139552761199, 58.64664798091535, 48.074304428934816,  0.3971011984888441,337.62020227149975,  51.39279638922606,352203.93811851065,      0.0,352203.93811851065,   1.0
 -0.29999939999999997, 0.29999939999999997, 10.515153347926148,          20.00006, -46.48982024442444,          0.59999942,         499.99955, 22.741478853022933,151571.65845387528,      0.0,151571.65845387528,   1.0
  0.29999939999999997, 0.29999939999999997, 10.515153347926148,          20.00006, -46.48982024442444,          0.59999942,         499.99955, 22.741478853022933,180817.49263485713,      0.0,180817.49263485713,   1.0
 -0.29999939999999997,-0.29999939999999997, 10.515153347926148,          20.00006, -46.48982024442444,          0.59999942,         499.99955, 22.741478853022933,180578.78011609707,      0.0,180578.78011609707,   1.0
 -0.29999939999999997, 0.29999939999999997, 11.515153347926148,          20.00006, -46.48982024442444,          0.59999942,         499.99955, 22.741478853022933,152120.20233311114,      0.0,152120.20233311114,   1.0
 -0.29999939999999997, 0.29999939999999997, 10.515153347926148,          21.00006, -46.48982024442444,          0.59999942,         499.99955, 22.741478853022933, 152257.4705376099,      0.0, 152257.4705376099,   1.0
 -0.29999939999999997, 0.29999939999999997, 10.515153347926148,          20.00006, -45.48982024442444,          0.59999942,         499.99955, 22.741478853022933,151519.54474380604,      0.0,151519.54474380604,   1.0
 -0.29999939999999997, 0.29999939999999997, 10.515153347926148,          20.00006, -46.48982024442444,0.020000580000000046,         499.99955, 22.741478853022933, 84060.24804182863,      0.0, 84060.24804182863,   1.0
 -0.29999939999999997, 0.29999939999999997, 10.515153347926148,          20.00006, -46.48982024442444,          0.59999942,         498.99955, 22.741478853022933,151504.66008944248,      0.0,151504.66008944248,   1.0
 -0.29999939999999997, 0.29999939999999997, 10.515153347926148,          20.00006, -46.48982024442444,          0.59999942,         499.99955, 23.741478853022933,155418.88028332024,      0.0,155418.88028332024,   1.0
 -0.11033319965871317, 0.11028389051265802, 12.974931170047096, 54.86930996041762,  38.83155669451232,  0.4169325783452775, 353.4912458995007,  47.69014193761098, 348234.4669030197,      0.0, 348234.4669030197,   1.0
  0.29999939999999997, 0.11028389051265802, 12.974931170047096, 54.86930996041762,  38.83155669451232,  0.4169325783452775, 353.4912458995007,  47.69014193761098,240117.86203910154,      0.0,240117.86203910154,   1.0
 -0.11033319965871317,-0.29999939999999997, 12.974931170047096, 54.86930996041762,  38.83155669451232,  0.4169325783452775, 353.4912458995007,  47.69014193761098,261263.33052352574,      0.0,261263.33052352574,   1.0
 -0.11033319965871317, 0.11028389051265802, 13.974931170047096, 54.86930996041762,  38.83155669451232,  0.4169325783452775, 353.4912458995007,  47.69014193761098, 348683.8808500083,      0.0, 348683.8808500083,   1.0
 -0.11033319965871317, 0.11028389051265802, 12.974931170047096, 55.86930996041762,  38.83155669451232,  0.4169325783452775, 353.4912458995007,  47.69014193761098, 348395.4168931088,      0.0, 348395.4168931088,   1.0
 -0.11033319965871317, 0.11028389051265802, 12.974931170047096, 54.86930996041762,  39.83155669451232,  0.4169325783452775, 353.4912458995007,  47.69014193761098, 349011.8362063456,      0.0, 349011.8362063456,   1.0
 -0.11033319965871317, 0.11028389051265802, 12.974931170047096, 54.86930996041762,  38.83155669451232, 0.02000057999999999, 353.4912458995007,  47.69014193761098,324655.78549924155,      0.0,324655.78549924155,   1.0
 -0.11033319965871317, 0.11028389051265802, 12.974931170047096, 54.86930996041762,  38.83155669451232,  0.4169325783452775, 354.4912458995007,  47.69014193761098, 348340.8866411226,      0.0, 348340.8866411226,   1.0
 -0.11033319965871317, 0.11028389051265802, 12.974931170047096, 54.86930996041762,  38.83155669451232,  0.4169325783452775, 353.4912458995007,  48.69014193761098,348311.56282224564,      0.0,348311.56282224564,   1.0
  -0.0935954693253993, 0.09354180872827828, 13.192002518513206, 57.94646393783791,  46.36102792502803,  0.4007772305654696, 340.5621289497608,  49.89182043454472, 351901.9462745087,      0.0, 351901.9462745087,   1.0
  0.29999939999999997, 0.09354180872827828, 13.192002518513206, 57.94646393783791,  46.36102792502803,  0.4007772305654696, 340.5621289497608,  49.89182043454472,243233.60638341273,      0.0,243233.60638341273,   1.0
  -0.0935954693253993,-0.29999939999999997, 13.192002518513206, 57.94646393783791,  46.36102792502803,  0.4007772305654696, 340.5621289497608,  49.89182043454472,272541.66717181244,      0.0,272541.66717181244,   1.0
  -0.0935954693253993, 0.09354180872827828, 14.192002518513206, 57.94646393783791,  46.36102792502803,  0.4007772305654696, 340.5621289497608,  49.89182043454472,351996.09214230254,      0.0,351996.09214230254,   1.0
  -0.0935954693253993, 0.09354180872827828, 13.192002518513206, 58.94646393783791,  46.36102792502803,  0.4007772305654696, 340.5621289497608,  49.89182043454472,352036.54729040223,      0.0,352036.54729040223,   1.0
  -0.0935954693253993, 0.09354180872827828, 13.192002518513206, 57.94646393783791,  47.36102792502803,  0.4007772305654696, 340.5621289497608,  49.89182043454472,352068.72873460915,      0.0,352068.72873460915,   1.0
  -0.0935954693253993, 0.09354180872827828, 13.192002518513206, 57.94646393783791,  46.36102792502803, 0.02000057999999999, 340.5621289497608,  49.89182043454472, 331431.8260197689,      0.0, 331431.8260197689,   1.0
  -0.0935954693253993, 0.09354180872827828, 13.192002518513206, 57.94646393783791,  46.36102792502803,  0.4007772305654696, 341.5621289497608,  49.89182043454472, 351988.6912151207,      0.0, 351988.6912151207,   1.0
  -0.0935954693253993, 0.09354180872827828, 13.192002518513206, 57.94646393783791,  46.36102792502803,  0.4007772305654696, 340.5621289497608,  50.89182043454472,  351902.477853717,      0.0,  351902.477853717,   1.0
 -0.09053221802761795, 0.09047776105082897, 13.231729774040588,  58.5096284605716,  47.73903211431635,  0.3978205638569549, 338.1959100248072,  50.29476004336409,352087.20222756144,      0.0,352087.20222756144,   1.0
  0.29999939999999997, 0.09047776105082897, 13.231729774040588,  58.5096284605716,  47.73903211431635,  0.3978205638569549, 338.1959100248072,  50.29476004336409, 244437.8446357567,      0.0, 244437.8446357567,   1.0
 -0.09053221802761795,          -0.2999994, 13.231729774040588,  58.5096284605716,  47.73903211431635,  0.3978205638569549, 338.1959100248072,  50.29476004336409,275050.17892573145,      0.0,275050.17892573145,   1.0
 -0.09053221802761795, 0.09047776105082897, 14.231729774040588,  58.5096284605716,  47.73903211431635,  0.3978205638569549, 338.1959100248072,  50.29476004336409, 352110.5299150278,      0.0, 352110.5299150278,   1.0
 -0.09053221802761795, 0.09047776105082897, 13.231729774040588,  59.5096284605716,  47.73903211431635,  0.3978205638569549, 338.1959100248072,  50.29476004336409,352128.04155272787,      0.0,352128.04155272787,   1.0
 -0.09053221802761795, 0.09047776105082897, 13.231729774040588,  58.5096284605716,  48.73903211431635,  0.3978205638569549, 338.1959100248072,  50.29476004336409, 352156.9680081196,      0.0, 352156.9680081196,   1.0
 -0.09053221802761795, 0.09047776105082897, 13.231729774040588,  58.5096284605716,  47.73903211431635, 0.02000057999999999, 338.1959100248072,  50.29476004336409,330796.48993343714,      0.0,330796.48993343714,   1.0
 -0.09053221802761795, 0.09047776105082897, 13.231729774040588,  58.5096284605716,  47.73903211431635,  0.3978205638569549, 339.1959100248072,  50.29476004336409,  352201.455163412,      0.0,  352201.455163412,   1.0
 -0.09053221802761795, 0.09047776105082897, 13.231729774040588,  58.5096284605716,  47.73903211431635,  0.3978205638569549, 338.1959100248072,  51.29476004336409,352092.82375115756,      0.0,352092.82375115756,   1.0
 -0.08990661084515703, 0.08985199122391228, 13.239843263265383,  58.6246434352113,  48.02046162645086, 0.39721672442323636,337.71265762047517,  50.37705231679199,352211.67224144377,      0.0,352211.67224144377,   1.0
   0.2999993999999999, 0.08985199122391228, 13.239843263265383,  58.6246434352113,  48.02046162645086, 0.39721672442323636,337.71265762047517,  50.37705231679199,244618.20247417284,      0.0,244618.20247417284,   1.0
 -0.08990661084515703,-0.29999939999999997, 13.239843263265383,  58.6246434352113,  48.02046162645086, 0.39721672442323636,337.71265762047517,  50.37705231679199,275640.54306051694,      0.0,275640.54306051694,   1.0
 -0.08990661084515703, 0.08985199122391228, 14.239843263265383,  58.6246434352113,  48.02046162645086, 0.39721672442323636,337.71265762047517,  50.37705231679199,352212.70172972954,      0.0,352212.70172972954,   1.0
 -0.08990661084515703, 0.08985199122391228, 13.239843263265383,  59.6246434352113,  48.02046162645086, 0.39721672442323636,337.71265762047517,  50.37705231679199, 352140.1812723726,      0.0, 352140.1812723726,   1.0
 -0.08990661084515703, 0.08985199122391228, 13.239843263265383,  58.6246434352113,  49.02046162645086, 0.39721672442323636,337.71265762047517,  50.37705231679199, 352179.3662213554,      0.0, 352179.3662213554,   1.0
 -0.08990661084515703, 0.08985199122391228, 13.239843263265383,  58.6246434352113,  48.02046162645086, 0.02000057999999999,337.71265762047517,  50.37705231679199,330666.33350154106,      0.0,330666.33350154106,   1.0
 -0.08990661084515703, 0.08985199122391228, 13.239843263265383,  58.6246434352113,  48.02046162645086, 0.39721672442323636,338.71265762047517,  50.37705231679199, 352320.1548933823,      0.0, 352320.1548933823,   1.0
 -0.08990661084515703, 0.08985199122391228, 13.239843263265383,  58.6246434352113,  48.02046162645086, 0.39721672442323636,337.71265762047517,  51.37705231679199,352201.99989277555,      0.0,352201.99989277555,   1.0
 -0.08980988754347431, 0.08975524277624466,  13.24109766616866, 58.64242556495979,  48.06397262243644,  0.3971233665696936, 337.6379433758125, 50.389775285153085,352208.94837455184,      0.0,352208.94837455184,   1.0
  0.29999939999999997, 0.08975524277624466,  13.24109766616866, 58.64242556495979,  48.06397262243644,  0.3971233665696936, 337.6379433758125, 50.389775285153085,244633.50358951505,      0.0,244633.50358951505,   1.0
 -0.08980988754347431, -0.2999993999999999,  13.24109766616866, 58.64242556495979,  48.06397262243644,  0.3971233665696936, 337.6379433758125, 50.389775285153085,275692.83619351534,      0.0,275692.83619351534,   1.0
 -0.08980988754347431, 0.08975524277624466,  14.24109766616866, 58.64242556495979,  48.06397262243644,  0.3971233665696936, 337.6379433758125, 50.389775285153085,352208.01577315154,      0.0,352208.01577315154,   1.0
 -0.08980988754347431, 0.08975524277624466,  13.24109766616866, 59.64242556495979,  48.06397262243644,  0.3971233665696936, 337.6379433758125, 50.389775285153085, 352139.2229241357,      0.0, 352139.2229241357,   1.0
 -0.08980988754347431, 0.08975524277624466,  13.24109766616866, 58.64242556495979,  49.06397262243644,  0.3971233665696936, 337.6379433758125, 50.389775285153085, 352170.6349019676,      0.0, 352170.6349019676,   1.0
 -0.08980988754347431, 0.08975524277624466,  13.24109766616866, 58.64242556495979,  48.06397262243644, 0.02000057999999999, 337.6379433758125, 50.389775285153085,330659.64148657897,      0.0,330659.64148657897,   1.0
 -0.08980988754347431, 0.08975524277624466,  13.24109766616866, 58.64242556495979,  48.06397262243644,  0.3971233665696936, 338.6379433758125, 50.389775285153085,352319.33357947535,      0.0,352319.33357947535,   1.0
 -0.08980988754347431, 0.08975524277624466,  13.24109766616866, 58.64242556495979,  48.06397262243644,  0.3971233665696936, 337.6379433758125, 51.389775285153085,352196.17849871505,      0.0,352196.17849871505,   1.0
 -0.08978965275833177, 0.08973500273049179, 13.241360090763234, 58.64614563622057,  48.07307524444984, 0.39710383584571146,337.62231294693413, 50.392436965706615,352212.96326861525,      0.0,352212.96326861525,   1.0
  0.29999939999999997, 0.08973500273049179, 13.241360090763234, 58.64614563622057,  48.07307524444984, 0.39710383584571146,337.62231294693413, 50.392436965706615,244613.79190476274,      0.0,244613.79190476274,   1.0
 -0.08978965275833177,-0.29999939999999997, 13.241360090763234, 58.64614563622057,  48.07307524444984, 0.39710383584571146,337.62231294693413, 50.392436965706615, 275673.8804414647,      0.0, 275673.8804414647,   1.0
 -0.08978965275833177, 0.08973500273049179, 14.241360090763234, 58.64614563622057,  48.07307524444984, 0.39710383584571146,337.62231294693413, 50.392436965706615,352211.00139216584,      0.0,352211.00139216584,   1.0
 -0.08978965275833177, 0.08973500273049179, 13.241360090763234, 59.64614563622057,  48.07307524444984, 0.39710383584571146,337.62231294693413, 50.392436965706615,352137.47298911354,      0.0,352137.47298911354,   1.0
 -0.08978965275833177, 0.08973500273049179, 13.241360090763234, 58.64614563622057,  49.07307524444984, 0.39710383584571146,337.62231294693413, 50.392436965706615,  352170.585759204,      0.0,  352170.585759204,   1.0
 -0.08978965275833177, 0.08973500273049179, 13.241360090763234, 58.64614563622057,  48.07307524444984, 0.02000057999999999,337.62231294693413, 50.392436965706615, 330649.5685273964,      0.0, 330649.5685273964,   1.0
 -0.08978965275833177, 0.08973500273049179, 13.241360090763234, 58.64614563622057,  48.07307524444984, 0.39710383584571146,338.62231294693413, 50.392436965706615, 352319.6891982991,      0.0, 352319.6891982991,   1.0
 -0.08978965275833177, 0.08973500273049179, 13.241360090763234, 58.64614563622057,  48.07307524444984, 0.39710383584571146,337.62231294693413, 51.392436965706615, 352199.2889202565,      0.0, 352199.2889202565,   1.0
 -0.08978704923524139, 0.08973239853054121, 13.241393855811227, 58.64662428184774,  48.07424643981604,  0.3971013229111534, 337.6203018466328,   50.3927794327371, 352217.7637773033,      0.0, 352217.7637773033,   1.0
  0.29999939999999997, 0.08973239853054121, 13.241393855811227, 58.64662428184774,  48.07424643981604,  0.3971013229111534, 337.6203018466328,   50.3927794327371,244621.96361179417,      0.0,244621.96361179417,   1.0
 -0.08978704923524139,-0.29999939999999997, 13.241393855811227, 58.64662428184774,  48.07424643981604,  0.3971013229111534, 337.6203018466328,   50.3927794327371,275674.96654110483,      0.0,275674.96654110483,   1.0
 -0.08978704923524139, 0.08973239853054121, 14.241393855811227, 58.64662428184774,  48.07424643981604,  0.3971013229111534, 337.6203018466328,   50.3927794327371, 352216.4015166374,      0.0, 352216.4015166374,   1.0
 -0.08978704923524139, 0.08973239853054121, 13.241393855811227, 59.64662428184774,  48.07424643981604,  0.3971013229111534, 337.6203018466328,   50.3927794327371,352135.55704298615,      0.0,352135.55704298615,   1.0
 -0.08978704923524139, 0.08973239853054121, 13.241393855811227, 58.64662428184774,  49.07424643981604,  0.3971013229111534, 337.6203018466328,   50.3927794327371, 352170.4817148827,      0.0, 352170.4817148827,   1.0
 -0.08978704923524139, 0.08973239853054121, 13.241393855811227, 58.64662428184774,  48.07424643981604, 0.02000057999999999, 337.6203018466328,   50.3927794327371,330658.04597884056,      0.0,330658.04597884056,   1.0
 -0.08978704923524139, 0.08973239853054121, 13.241393855811227, 58.64662428184774,  48.07424643981604,  0.3971013229111534, 338.6203018466328,   50.3927794327371,352324.56938491866,      0.0,352324.56938491866,   1.0
 -0.08978704923524139, 0.08973239853054121, 13.241393855811227, 58.64662428184774,  48.07424643981604,  0.3971013229111534, 337.6203018466328,   51.3927794327371, 352203.9310851396,      0.0, 352203.9310851396,   1.0
 -0.08978694753210825, 0.08973229680096745,  13.24139517479748, 58.64664297949637, 48.074292190990164, 0.39710122474673964, 337.6202232857003,  50.39279281075173, 352217.7637773033,      0.0, 352217.7637773033,   1.0
  0.29999939999999997, 0.08973229680096745,  13.24139517479748, 58.64664297949637, 48.074292190990164, 0.39710122474673964, 337.6202232857003,  50.39279281075173,244621.96341591305,      0.0,244621.96341591305,   1.0
 -0.08978694753210825,-0.29999939999999997,  13.24139517479748, 58.64664297949637, 48.074292190990164, 0.39710122474673964, 337.6202232857003,  50.39279281075173,275674.96654110483,      0.0,275674.96654110483,   1.0
 -0.08978694753210825, 0.08973229680096745,  14.24139517479748, 58.64664297949637, 48.074292190990164, 0.39710122474673964, 337.6202232857003,  50.39279281075173,  352216.400656211,      0.0,  352216.400656211,   1.0
 -0.08978694753210825, 0.08973229680096745,  13.24139517479748, 59.64664297949637, 48.074292190990164, 0.39710122474673964, 337.6202232857003,  50.39279281075173, 352135.5393535788,      0.0, 352135.5393535788,   1.0
 -0.08978694753210825, 0.08973229680096745,  13.24139517479748, 58.64664297949637, 49.074292190990164, 0.39710122474673964, 337.6202232857003,  50.39279281075173, 352170.4817148827,      0.0, 352170.4817148827,   1.0
 -0.08978694753210825, 0.08973229680096745,  13.24139517479748, 58.64664297949637, 48.074292190990164, 0.02000057999999999, 337.6202232857003,  50.39279281075173,330658.04597884056,      0.0,330658.04597884056,   1.0
 -0.08978694753210825, 0.08973229680096745,  13.24139517479748, 58.64664297949637, 48.074292190990164, 0.39710122474673964, 338.6202232857003,  50.39279281075173,352324.56938491866,      0.0,352324.56938491866,   1.0
 -0.08978694753210825, 0.08973229680096745,  13.24139517479748, 58.64664297949637, 48.074292190990164, 0.39710122474673964, 337.6202232857003,  51.39279281075173, 352203.9310851396,      0.0, 352203.9310851396,   1.0
  -0.0897869260688053, 0.08973227533208449, 13.241395453154702,58.646646925424925,  48.07430184626115,  0.3971012040302436,337.62020670629863,  50.39279563403133, 352217.7637773033,      0.0, 352217.7637773033,   1.0
  0.29999939999999997, 0.08973227533208449, 13.241395453154702,58.646646925424925,  48.07430184626115,  0.3971012040302436,337.62020670629863,  50.39279563403133,244621.96341591305,      0.0,244621.96341591305,   1.0
  -0.0897869260688053,-0.29999939999999997, 13.241395453154702,58.646646925424925,  48.07430184626115,  0.3971012040302436,337.62020670629863,  50.39279563403133,275674.96654110483,      0.0,275674.96654110483,   1.0
  -0.0897869260688053, 0.08973227533208449, 14.241395453154702,58.646646925424925,  48.07430184626115,  0.3971012040302436,337.62020670629863,  50.39279563403133,  352216.400656211,      0.0,  352216.400656211,   1.0
  -0.0897869260688053, 0.08973227533208449, 13.241395453154702,59.646646925424925,  48.07430184626115,  0.3971012040302436,337.62020670629863,  50.39279563403133, 352135.5393535788,      0.0, 352135.5393535788,   1.0
  -0.0897869260688053, 0.08973227533208449, 13.241395453154702,58.646646925424925,  49.07430184626115,  0.3971012040302436,337.62020670629863,  50.39279563403133, 352170.4817148827,      0.0, 352170.4817148827,   1.0
  -0.0897869260688053, 0.08973227533208449, 13.241395453154702,58.646646925424925,  48.07430184626115, 0.02000057999999999,337.62020670629863,  50.39279563403133,330658.04597884056,      0.0,330658.04597884056,   1.0
  -0.0897869260688053, 0.08973227533208449, 13.241395453154702,58.646646925424925,  48.07430184626115,  0.3971012040302436,338.62020670629863,  50.39279563403133,352324.56938491866,      0.0,352324.56938491866,   1.0
  -0.0897869260688053, 0.08973227533208449, 13.241395453154702,58.646646925424925,  48.07430184626115,  0.3971012040302436,337.62020670629863,  51.39279563403133,352203.93811851065,      0.0,352203.93811851065,   1.0
 -0.08978692153922903, 0.08973227080133062, 13.241395511898704, 58.64664775816649, 48.074303883891915,  0.3971011996582721,  337.620203207412,  50.39279622985111, 352217.7637773033,      0.0, 352217.7637773033,   1.0
  0.29999939999999997, 0.08973227080133062, 13.241395511898704, 58.64664775816649, 48.074303883891915,  0.3971011996582721,  337.620203207412,  50.39279622985111,244621.96341591305,      0.0,244621.96341591305,   1.0
 -0.08978692153922903,-0.29999939999999997, 13.241395511898704, 58.64664775816649, 48.074303883891915,  0.3971011996582721,  337.620203207412,  50.39279622985111,275674.96654110483,      0.0,275674.96654110483,   1.0
 -0.08978692153922903, 0.08973227080133062, 14.241395511898704, 58.64664775816649, 48.074303883891915,  0.3971011996582721,  337.620203207412,  50.39279622985111,  352216.400656211,      0.0,  352216.400656211,   1.0
 -0.08978692153922903, 0.08973227080133062, 13.241395511898704, 59.64664775816649, 48.074303883891915,  0.3971011996582721,  337.620203207412,  50.39279622985111,352135.45520474756,      0.0,352135.45520474756,   1.0
 -0.08978692153922903, 0.08973227080133062, 13.241395511898704, 58.64664775816649, 49.074303883891915,  0.3971011996582721,  337.620203207412,  50.39279622985111, 352170.4817148827,      0.0, 352170.4817148827,   1.0
 -0.08978692153922903, 0.08973227080133062, 13.241395511898704, 58.64664775816649, 48.074303883891915, 0.02000057999999999,  337.620203207412,  50.39279622985111,330658.04597884056,      0.0,330658.04597884056,   1.0
 -0.08978692153922903, 0.08973227080133062, 13.241395511898704, 58.64664775816649, 48.074303883891915,  0.3971011996582721,  338.620203207412,  50.39279622985111,352324.56938491866,      0.0,352324.56938491866,   1.0
 -0.08978692153922903, 0.08973227080133062, 13.241395511898704, 58.64664775816649, 48.074303883891915,  0.3971011996582721,  337.620203207412,  51.39279622985111,352203.93811851065,      0.0,352203.93811851065,   1.0
 -0.08978692058331246, 0.08973226984516554, 13.241395524295969,  58.6466479339073,  48.07430431391117,  0.3971011987356163,337.62020246901096, 50.392796355592225, 352217.7637773033,      0.0, 352217.7637773033,   1.0
  0.29999939999999997, 0.08973226984516554, 13.241395524295969,  58.6466479339073,  48.07430431391117,  0.3971011987356163,337.62020246901096, 50.392796355592225,244621.96341591305,      0.0,244621.96341591305,   1.0
 -0.08978692058331246,-0.29999939999999997, 13.241395524295969,  58.6466479339073,  48.07430431391117,  0.3971011987356163,337.62020246901096, 50.392796355592225,275674.96654110483,      0.0,275674.96654110483,   1.0
 -0.08978692058331246, 0.08973226984516554, 14.241395524295969,  58.6466479339073,  48.07430431391117,  0.3971011987356163,337.62020246901096, 50.392796355592225,  352216.400656211,      0.0,  352216.400656211,   1.0
 -0.08978692058331246, 0.08973226984516554, 13.241395524295969,  59.6466479339073,  48.07430431391117,  0.3971011987356163,337.62020246901096, 50.392796355592225,352135.45520474756,      0.0,352135.45520474756,   1.0
 -0.08978692058331246, 0.08973226984516554, 13.241395524295969,  58.6466479339073,  49.07430431391117,  0.3971011987356163,337.62020246901096, 50.392796355592225, 352170.4817148827,      0.0, 352170.4817148827,   1.0
 -0.08978692058331246, 0.08973226984516554, 13.241395524295969,  58.6466479339073,  48.07430431391117, 0.02000057999999999,337.62020246901096, 50.392796355592225,330658.04597884056,      0.0,330658.04597884056,   1.0
 -0.08978692058331246, 0.08973226984516554, 13.241395524295969,  58.6466479339073,  48.07430431391117,  0.3971011987356163,338.62020246901096, 50.392796355592225,352324.56938491866,      0.0,352324.56938491866,   1.0
 -0.08978692058331246, 0.08973226984516554, 13.241395524295969,  58.6466479339073,  48.07430431391117,  0.3971011987356163,337.62020246901096, 51.392796355592225,352203.93811851065,      0.0,352203.93811851065,   1.0
 -0.08978692038157934, 0.08973226964337998, 13.241395526912243,58.646647970995005,  48.07430440466085,  0.3971011985409024,337.62020231318155,  50.39279638212817, 352217.7637773033,      0.0, 352217.7637773033,   1.0
            0.2999994, 0.08973226964337998, 13.241395526912243,58.646647970995005,  48.07430440466085,  0.3971011985409024,337.62020231318155,  50.39279638212817,244621.96341591305,      0.0,244621.96341591305,   1.0
 -0.08978692038157934,-0.29999939999999997, 13.241395526912243,58.646647970995005,  48.07430440466085,  0.3971011985409024,337.62020231318155,  50.39279638212817,275674.96654110483,      0.0,275674.96654110483,   1.0
 -0.08978692038157934, 0.08973226964337998, 14.241395526912243,58.646647970995005,  48.07430440466085,  0.3971011985409024,337.62020231318155,  50.39279638212817,  352216.400656211,      0.0,  352216.400656211,   1.0
 -0.08978692038157934, 0.08973226964337998, 13.241395526912243,59.646647970995005,  48.07430440466085,  0.3971011985409024,337.62020231318155,  50.39279638212817,352135.45520474756,      0.0,352135.45520474756,   1.0
 -0.08978692038157934, 0.08973226964337998, 13.241395526912243,58.646647970995005,  49.07430440466085,  0.3971011985409024,337.62020231318155,  50.39279638212817, 352170.4817148827,      0.0, 352170.4817148827,   1.0
 -0.08978692038157934, 0.08973226964337998, 13.241395526912243,58.646647970995005,  48.07430440466085, 0.02000057999999999,337.62020231318155,  50.39279638212817,330658.04597884056,      0.0,330658.04597884056,   1.0
 -0.08978692038157934, 0.08973226964337998, 13.241395526912243,58.646647970995005,  48.07430440466085,  0.3971011985409024,338.62020231318155,  50.39279638212817,352324.56938491866,      0.0,352324.56938491866,   1.0
 -0.08978692038157934, 0.08973226964337998, 13.241395526912243,58.646647970995005,  48.07430440466085,  0.3971011985409024,337.62020231318155,  51.39279638212817,352203.93811851065,      0.0,352203.93811851065,   1.0
 -0.08978692033900632, 0.08973226960079587, 13.241395527464372, 58.64664797882185, 48.074304423812336,  0.3971011984998107,337.62020228029587,  50.39279638772822, 352217.7637773033,      0.0, 352217.7637773033,   1.0
  0.29999939999999997, 0.08973226960079587, 13.241395527464372, 58.64664797882185, 48.074304423812336,  0.3971011984998107,337.62020228029587,  50.39279638772822,244621.96341591305,      0.0,244621.96341591305,   1.0
 -0.08978692033900632,-0.29999939999999997, 13.241395527464372, 58.64664797882185, 48.074304423812336,  0.3971011984998107,337.62020228029587,  50.39279638772822,275674.96654110483,      0.0,275674.96654110483,   1.0
 -0.08978692033900632, 0.08973226960079587, 14.241395527464372, 58.64664797882185, 48.074304423812336,  0.3971011984998107,337.62020228029587,  50.39279638772822,  352216.400656211,      0.0,  352216.400656211,   1.0
 -0.08978692033900632, 0.08973226960079587, 13.241395527464372, 59.64664797882185, 48.074304423812336,  0.3971011984998107,337.62020228029587,  50.39279638772822,352135.45520474756,      0.0,352135.45520474756,   1.0
 -0.08978692033900632, 0.08973226960079587, 13.241395527464372, 58.64664797882185, 49.074304423812336,  0.3971011984998107,337.62020228029587,  50.39279638772822, 352170.4817148827,      0.0, 352170.4817148827,   1.0
 -0.08978692033900632, 0.08973226960079587, 13.241395527464372, 58.64664797882185, 48.074304423812336, 0.02000057999999999,337.62020228029587,  50.39279638772822,330658.04597884056,      0.0,330658.04597884056,   1.0
 -0.08978692033900632, 0.08973226960079587, 13.241395527464372, 58.64664797882185, 48.074304423812336,  0.3971011984998107,338.62020228029587,  50.39279638772822,352324.56938491866,      0.0,352324.56938491866,   1.0
 -0.08978692033900632, 0.08973226960079587, 13.241395527464372, 58.64664797882185, 48.074304423812336,  0.3971011984998107,337.62020228029587,  51.39279638772822,352203.93811851065,      0.0,352203.93811851065,   1.0
 -0.08978692033002185, 0.08973226959180908,  13.24139552758089, 58.64664798047361, 48.074304427853995, 0.39710119849113884, 337.6202022733558,  50.39279638891003, 352217.7637773033,      0.0, 352217.7637773033,   1.0
  0.29999939999999997, 0.08973226959180908,  13.24139552758089, 58.64664798047361, 48.074304427853995, 0.39710119849113884, 337.6202022733558,  50.39279638891003,244621.96341591305,      0.0,244621.96341591305,   1.0
 -0.08978692033002185,-0.29999939999999997,  13.24139552758089, 58.64664798047361, 48.074304427853995, 0.39710119849113884, 337.6202022733558,  50.39279638891003,275674.96654110483,      0.0,275674.96654110483,   1.0
 -0.08978692033002185, 0.08973226959180908,  14.24139552758089, 58.64664798047361, 48.074304427853995, 0.39710119849113884, 337.6202022733558,  50.39279638891003,  352216.400656211,      0.0,  352216.400656211,   1.0
 -0.08978692033002185, 0.08973226959180908,  13.24139552758089, 59.64664798047361, 48.074304427853995, 0.39710119849113884, 337.6202022733558,  50.39279638891003,352135.45520474756,      0.0,352135.45520474756,   1.0
 -0.08978692033002185, 0.08973226959180908,  13.24139552758089, 58.64664798047361, 49.074304427853995, 0.39710119849113884, 337.6202022733558,  50.39279638891003, 352170.4817148827,      0.0, 352170.4817148827,   1.0
 -0.08978692033002185, 0.08973226959180908,  13.24139552758089, 58.64664798047361, 48.074304427853995, 0.02000057999999999, 337.6202022733558,  50.39279638891003,330658.04597884056,      0.0,330658.04597884056,   1.0
 -0.08978692033002185, 0.08973226959180908,  13.24139552758089, 58.64664798047361, 48.074304427853995, 0.39710119849113884, 338.6202022733558,  50.39279638891003,352324.56938491866,      0.0,352324.56938491866,   1.0
 -0.08978692033002185, 0.08973226959180908,  13.24139552758089, 58.64664798047361, 48.074304427853995, 0.39710119849113884, 337.6202022733558,  51.39279638891003,352203.93811851065,      0.0,352203.93811851065,   1.0
 -0.08978692032812581, 0.08973226958991254,  13.24139552760548, 58.64664798082219,  48.07430442870693, 0.39710119848930875, 337.6202022718912, 50.392796389159436, 352217.7637773033,      0.0, 352217.7637773033,   1.0
  0.29999939999999997, 0.08973226958991254,  13.24139552760548, 58.64664798082219,  48.07430442870693, 0.39710119848930875, 337.6202022718912, 50.392796389159436,244621.96341591305,      0.0,244621.96341591305,   1.0
 -0.08978692032812581,-0.29999939999999997,  13.24139552760548, 58.64664798082219,  48.07430442870693, 0.39710119848930875, 337.6202022718912, 50.392796389159436,275674.96654110483,      0.0,275674.96654110483,   1.0
 -0.08978692032812581, 0.08973226958991254,  14.24139552760548, 58.64664798082219,  48.07430442870693, 0.39710119848930875, 337.6202022718912, 50.392796389159436,  352216.400656211,      0.0,  352216.400656211,   1.0
 -0.08978692032812581, 0.08973226958991254,  13.24139552760548, 59.64664798082219,  48.07430442870693, 0.39710119848930875, 337.6202022718912, 50.392796389159436,352135.45520474756,      0.0,352135.45520474756,   1.0
 -0.08978692032812581, 0.08973226958991254,  13.24139552760548, 58.64664798082219,  49.07430442870693, 0.39710119848930875, 337.6202022718912, 50.392796389159436, 352170.4817148827,      0.0, 352170.4817148827,   1.0
 -0.08978692032812581, 0.08973226958991254,  13.24139552760548, 58.64664798082219,  48.07430442870693, 0.02000057999999999, 337.6202022718912, 50.392796389159436,330658.04597884056,      0.0,330658.04597884056,   1.0
 -0.08978692032812581, 0.08973226958991254,  13.24139552760548, 58.64664798082219,  48.07430442870693, 0.39710119848930875, 338.6202022718912, 50.392796389159436,352324.56938491866,      0.0,352324.56938491866,   1.0
 -0.08978692032812581, 0.08973226958991254,  13.24139552760548, 58.64664798082219,  48.07430442870693, 0.39710119848930875, 337.6202022718912, 51.392796389159436,352203.93811851065,      0.0,352203.93811851065,   1.0
 -0.08978692032772567,  0.0897322695895123,  13.24139552761067, 58.64664798089575,  48.07430442888693, 0.39710119848892256,337.62020227158206,  50.39279638921207, 352217.7637773033,      0.0, 352217.7637773033,   1.0
  0.29999939999999997,  0.0897322695895123,  13.24139552761067, 58.64664798089575,  48.07430442888693, 0.39710119848892256,337.62020227158206,  50.39279638921207,244621.96341591305,      0.0,244621.96341591305,   1.0
 -0.08978692032772567,-0.29999939999999997,  13.24139552761067, 58.64664798089575,  48.07430442888693, 0.39710119848892256,337.62020227158206,  50.39279638921207,275674.96654110483,      0.0,275674.96654110483,   1.0
 -0.08978692032772567,  0.0897322695895123,  14.24139552761067, 58.64664798089575,  48.07430442888693, 0.39710119848892256,337.62020227158206,  50.39279638921207,  352216.400656211,      0.0,  352216.400656211,   1.0
 -0.08978692032772567,  0.0897322695895123,  13.24139552761067, 59.64664798089575,  48.07430442888693, 0.39710119848892256,337.62020227158206,  50.39279638921207,352135.45520474756,      0.0,352135.45520474756,   1.0
 -0.08978692032772567,  0.0897322695895123,  13.24139552761067, 58.64664798089575,  49.07430442888693, 0.39710119848892256,337.62020227158206,  50.39279638921207, 352170.4817148827,      0.0, 352170.4817148827,   1.0
 -0.08978692032772567,  0.0897322695895123,  13.24139552761067, 58.64664798089575,  48.07430442888693, 0.02000057999999999,337.62020227158206,  50.39279638921207,330658.04597884056,      0.0,330658.04597884056,   1.0
 -0.08978692032772567,  0.0897322695895123,  13.24139552761067, 58.64664798089575,  48.07430442888693, 0.39710119848892256,338.62020227158206,  50.39279638921207,352324.56938491866,      0.0,352324.56938491866,   1.0
 -0.08978692032772567,  0.0897322695895123,  13.24139552761067, 58.64664798089575,  48.07430442888693, 0.39710119848892256,337.62020227158206,  51.39279638921207,352203.93811851065,      0.0,352203.93811851065,   1.0
 -0.08978692032764124, 0.08973226958942784, 13.241395527611765,58.646647980911276,  48.07430442892492, 0.39710119848884107,337.62020227151686,  50.39279638922318, 352217.7637773033,      0.0, 352217.7637773033,   1.0
  0.29999939999999997, 0.08973226958942784, 13.241395527611765,58.646647980911276,  48.07430442892492, 0.39710119848884107,337.62020227151686,  50.39279638922318,244621.96341591305,      0.0,244621.96341591305,   1.0
 -0.08978692032764124,          -0.2999994, 13.241395527611765,58.646647980911276,  48.07430442892492, 0.39710119848884107,337.62020227151686,  50.39279638922318,275674.96654110483,      0.0,275674.96654110483,   1.0
 -0.08978692032764124, 0.08973226958942784, 14.241395527611765,58.646647980911276,  48.07430442892492, 0.39710119848884107,337.62020227151686,  50.39279638922318,  352216.400656211,      0.0,  352216.400656211,   1.0
 -0.08978692032764124, 0.08973226958942784, 13.241395527611765,59.646647980911276,  48.07430442892492, 0.39710119848884107,337.62020227151686,  50.39279638922318,352135.45520474756,      0.0,352135.45520474756,   1.0
 -0.08978692032764124, 0.08973226958942784, 13.241395527611765,58.646647980911276,  49.07430442892492, 0.39710119848884107,337.62020227151686,  50.39279638922318, 352170.4817148827,      0.0, 352170.4817148827,   1.0
 -0.08978692032764124, 0.08973226958942784, 13.241395527611765,58.646647980911276,  48.07430442892492, 0.02000057999999999,337.62020227151686,  50.39279638922318,330658.04597884056,      0.0,330658.04597884056,   1.0
 -0.08978692032764124, 0.08973226958942784, 13.241395527611765,58.646647980911276,  48.07430442892492, 0.39710119848884107,338.62020227151686,  50.39279638922318,352324.56938491866,      0.0,352324.56938491866,   1.0
 -0.08978692032764124, 0.08973226958942784, 13.241395527611765,58.646647980911276,  48.07430442892492, 0.39710119848884107,337.62020227151686,  51.39279638922318,352203.93811851065,      0.0,352203.93811851065,   1.0
 -0.08978692032769696, 0.08973226958948359, 13.241395527611042, 58.64664798090103,  48.07430442889985, 0.39710119848889486, 337.6202022715599, 50.392796389215846, 352217.7637773033,      0.0, 352217.7637773033,   1.0
  0.29999939999999997, 0.08973226958948359, 13.241395527611042, 58.64664798090103,  48.07430442889985, 0.39710119848889486, 337.6202022715599, 50.392796389215846,244621.96341591305,      0.0,244621.96341591305,   1.0
 -0.08978692032769696,-0.29999939999999997, 13.241395527611042, 58.64664798090103,  48.07430442889985, 0.39710119848889486, 337.6202022715599, 50.392796389215846,275674.96654110483,      0.0,275674.96654110483,   1.0
 -0.08978692032769696, 0.08973226958948359, 14.241395527611042, 58.64664798090103,  48.07430442889985, 0.39710119848889486, 337.6202022715599, 50.392796389215846,  352216.400656211,      0.0,  352216.400656211,   1.0
 -0.08978692032769696, 0.08973226958948359, 13.241395527611042, 59.64664798090103,  48.07430442889985, 0.39710119848889486, 337.6202022715599, 50.392796389215846,352135.45520474756,      0.0,352135.45520474756,   1.0
 -0.08978692032769696, 0.08973226958948359, 13.241395527611042, 58.64664798090103,  49.07430442889985, 0.39710119848889486, 337.6202022715599, 50.392796389215846, 352170.4817148827,      0.0, 352170.4817148827,   1.0
 -0.08978692032769696, 0.08973226958948359, 13.241395527611042, 58.64664798090103,  48.07430442889985, 0.02000057999999999, 337.6202022715599, 50.392796389215846,330658.04597884056,      0.0,330658.04597884056,   1.0
 -0.08978692032769696, 0.08973226958948359, 13.241395527611042, 58.64664798090103,  48.07430442889985, 0.39710119848889486, 338.6202022715599, 50.392796389215846,352324.56938491866,      0.0,352324.56938491866,   1.0
 -0.08978692032769696, 0.08973226958948359, 13.241395527611042, 58.64664798090103,  48.07430442889985, 0.39710119848889486, 337.6202022715599, 51.392796389215846,352203.93811851065,      0.0,352203.93811851065,   1.0
 -0.08978692032765298,  0.0897322695894396, 13.241395527611612, 58.64664798090911,  48.07430442891963,  0.3971011984888524,337.62020227152595,  50.39279638922163, 352217.7637773033,      0.0, 352217.7637773033,   1.0
   0.2999993999999999,  0.0897322695894396, 13.241395527611612, 58.64664798090911,  48.07430442891963,  0.3971011984888524,337.62020227152595,  50.39279638922163,244621.96341591305,      0.0,244621.96341591305,   1.0
 -0.08978692032765298,-0.29999939999999997, 13.241395527611612, 58.64664798090911,  48.07430442891963,  0.3971011984888524,337.62020227152595,  50.39279638922163,275674.96654110483,      0.0,275674.96654110483,   1.0
 -0.08978692032765298,  0.0897322695894396, 14.241395527611612, 58.64664798090911,  48.07430442891963,  0.3971011984888524,337.62020227152595,  50.39279638922163,  352216.400656211,      0.0,  352216.400656211,   1.0
 -0.08978692032765298,  0.0897322695894396, 13.241395527611612, 59.64664798090911,  48.07430442891963,  0.3971011984888524,337.62020227152595,  50.39279638922163,352135.45520474756,      0.0,352135.45520474756,   1.0
 -0.08978692032765298,  0.0897322695894396, 13.241395527611612, 58.64664798090911,  49.07430442891963,  0.3971011984888524,337.62020227152595,  50.39279638922163, 352170.4817148827,      0.0, 352170.4817148827,   1.0
 -0.08978692032765298,  0.0897322695894396, 13.241395527611612, 58.64664798090911,  48.07430442891963, 0.02000057999999999,337.62020227152595,  50.39279638922163,330658.04597884056,      0.0,330658.04597884056,   1.0
 -0.08978692032765298,  0.0897322695894396, 13.241395527611612, 58.64664798090911,  48.07430442891963,  0.3971011984888524,338.62020227152595,  50.39279638922163,352324.56938491866,      0.0,352324.56938491866,   1.0
 -0.08978692032765298,  0.0897322695894396, 13.241395527611612, 58.64664798090911,  48.07430442891963,  0.3971011984888524,337.62020227152595,  51.39279638922163,352203.93811851065,      0.0,352203.93811851065,   1.0
 -0.08978692032761865, 0.08973226958940525, 13.241395527612058,58.646647980915425,  48.07430442893508, 0.39710119848881925, 337.6202022714994,  50.39279638922615, 352217.7637773033,      0.0, 352217.7637773033,   1.0
