            centre_ra,          centre_dec,             v_sys,       inclination,                phi,     turnover_radius,  maximum_velocity,velocity_dispersion,     log_likelihood,log_prior,      log_posterior,weight
    -0.00165220712193,    0.00164755644159,  0.01787758994492, 49.43193317948521,  38.40195552989235,    0.31487170361455, 271.9155572849998,  63.30161606870428,  344138.7607258853,      0.0,  344138.7607258853,   1.0
    -0.00165220712193,    0.00164755644159,  0.01787758994492, 49.43193317948521,  38.40195552989235,    0.31487170361455, 271.9155572849998,  63.30161606870428,  344138.7607258853,      0.0,  344138.7607258853,   1.0
  0.29999939999999997,    0.00164755644159,  0.01787758994492, 49.43193317948521,  38.40195552989235,    0.31487170361455, 271.9155572849998,  63.30161606870428,  291770.7124460994,      0.0,  291770.7124460994,   1.0
    -0.00165220712193,-0.29999939999999997,  0.01787758994492, 49.43193317948521,  38.40195552989235,    0.31487170361455, 271.9155572849998,  63.30161606870428, 326092.51092894544,      0.0, 326092.51092894544,   1.0
    -0.00165220712193,    0.00164755644159,  1.01787758994492, 49.43193317948521,  38.40195552989235,    0.31487170361455, 271.9155572849998,  63.30161606870428,  344719.7640494974,      0.0,  344719.7640494974,   1.0
    -0.00165220712193,    0.00164755644159,  0.01787758994492, 50.43193317948521,  38.40195552989235,    0.31487170361455, 271.9155572849998,  63.30161606870428,  344354.2752702879,      0.0,  344354.2752702879,   1.0
    -0.00165220712193,    0.00164755644159,  0.01787758994492, 49.43193317948521,  39.40195552989235,    0.31487170361455, 271.9155572849998,  63.30161606870428,  344415.8548679806,      0.0,  344415.8548679806,   1.0
    -0.00165220712193,    0.00164755644159,  0.01787758994492, 49.43193317948521,  38.40195552989235, 0.02000057999999999, 271.9155572849998,  63.30161606870428,  325620.4817202276,      0.0,  325620.4817202276,   1.0
    -0.00165220712193,    0.00164755644159,  0.01787758994492, 49.43193317948521,  38.40195552989235,    0.31487170361455, 272.9155572849998,  63.30161606870428,  344234.6261830147,      0.0,  344234.6261830147,   1.0
    -0.00165220712193,    0.00164755644159,  0.01787758994492, 49.43193317948521,  38.40195552989235,    0.31487170361455, 271.9155572849998,  64.30161606870428,    343950.14963399,      0.0,    343950.14963399,   1.0
 -0.29999939999999997, 0.29999939999999997,          59.99988,          79.99994,          169.99974,          0.59999942, 463.6464716261485,           5.000115, 137788.44648613094,      0.0, 137788.44648613094,   1.0
  0.29999939999999997, 0.29999939999999997,          59.99988,          79.99994,          169.99974,          0.59999942, 463.6464716261485,           5.000115, 205576.04484768672,      0.0, 205576.04484768672,   1.0
 -0.29999939999999997,-0.29999939999999997,          59.99988,          79.99994,          169.99974,          0.59999942, 463.6464716261485,           5.000115, 218719.23155169818,      0.0, 218719.23155169818,   1.0
 -0.29999939999999997, 0.29999939999999997,          58.99988,          79.99994,          169.99974,          0.59999942, 463.6464716261485,           5.000115, 138605.63281828497,      0.0, 138605.63281828497,   1.0
 -0.29999939999999997, 0.29999939999999997,          59.99988,          78.99994,          169.99974,          0.59999942, 463.6464716261485,           5.000115, 132379.44588817656,      0.0, 132379.44588817656,   1.0
 -0.29999939999999997, 0.29999939999999997,          59.99988,          79.99994,          168.99974,          0.59999942, 463.6464716261485,           5.000115, 137040.51016909693,      0.0, 137040.51016909693,   1.0
 -0.29999939999999997, 0.29999939999999997,          59.99988,          79.99994,          169.99974,0.020000580000000046, 463.6464716261485,           5.000115, 153342.32062582608,      0.0, 153342.32062582608,   1.0
 -0.29999939999999997, 0.29999939999999997,          59.99988,          79.99994,          169.99974,          0.59999942, 464.6464716261485,           5.000115,  137709.2608311724,      0.0,  137709.2608311724,   1.0
 -0.29999939999999997, 0.29999939999999997,          59.99988,          79.99994,          169.99974,          0.59999942, 463.6464716261485,           6.000115, 138323.81342912948,      0.0, 138323.81342912948,   1.0
-0.030910462579293776,0.030906267980983997,  5.90018113176115,52.429670626750465,  51.30746189147919, 0.34283355397923454, 290.7181879273463,  57.58411561106447,  349354.6081209586,      0.0,  349354.6081209586,   1.0
  0.29999939999999997,0.030906267980983997,  5.90018113176115,52.429670626750465,  51.30746189147919, 0.34283355397923454, 290.7181879273463,  57.58411561106447,  272365.1344607655,      0.0,  272365.1344607655,   1.0
-0.030910462579293776,-0.29999939999999997,  5.90018113176115,52.429670626750465,  51.30746189147919, 0.34283355397923454, 290.7181879273463,  57.58411561106447,  318357.8407658924,      0.0,  318357.8407658924,   1.0
-0.030910462579293776,0.030906267980983997,  6.90018113176115,52.429670626750465,  51.30746189147919, 0.34283355397923454, 290.7181879273463,  57.58411561106447,  349644.9198774788,      0.0,  349644.9198774788,   1.0
-0.030910462579293776,0.030906267980983997,  5.90018113176115,53.429670626750465,  51.30746189147919, 0.34283355397923454, 290.7181879273463,  57.58411561106447, 349662.77049707423,      0.0, 349662.77049707423,   1.0
-0.030910462579293776,0.030906267980983997,  5.90018113176115,52.429670626750465,  52.30746189147919, 0.34283355397923454, 290.7181879273463,  57.58411561106447, 349244.02865381463,      0.0, 349244.02865381463,   1.0
-0.030910462579293776,0.030906267980983997,  5.90018113176115,52.429670626750465,  51.30746189147919, 0.02000057999999999, 290.7181879273463,  57.58411561106447, 331256.12834268395,      0.0, 331256.12834268395,   1.0
-0.030910462579293776,0.030906267980983997,  5.90018113176115,52.429670626750465,  51.30746189147919, 0.34283355397923454, 291.7181879273463,  57.58411561106447, 349488.43532214325,      0.0, 349488.43532214325,   1.0
-0.030910462579293776,0.030906267980983997,  5.90018113176115,52.429670626750465,  51.30746189147919, 0.34283355397923454, 290.7181879273463,  58.58411561106447, 349213.64617484057,      0.0, 349213.64617484057,   1.0
 -0.29999939999999997, 0.29999939999999997,          59.99988,          79.99994,          169.99974,          0.59999942,         499.99955,           5.000115, 128974.33960888023,      0.0, 128974.33960888023,   1.0
  0.29999939999999997, 0.29999939999999997,          59.99988,          79.99994,          169.99974,          0.59999942,         499.99955,           5.000115, 204484.87647460177,      0.0, 204484.87647460177,   1.0
 -0.29999939999999997,-0.29999939999999997,          59.99988,          79.99994,          169.99974,          0.59999942,         499.99955,           5.000115, 220988.77528569777,      0.0, 220988.77528569777,   1.0
 -0.29999939999999997, 0.29999939999999997,          58.99988,          79.99994,          169.99974,          0.59999942,         499.99955,           5.000115, 129672.98914713698,      0.0, 129672.98914713698,   1.0
 -0.29999939999999997, 0.29999939999999997,          59.99988,          78.99994,          169.99974,          0.59999942,         499.99955,           5.000115, 122680.03343220294,      0.0, 122680.03343220294,   1.0
 -0.29999939999999997, 0.29999939999999997,          59.99988,          79.99994,          168.99974,          0.59999942,         499.99955,           5.000115, 127408.17409469816,      0.0, 127408.17409469816,   1.0
 -0.29999939999999997, 0.29999939999999997,          59.99988,          79.99994,          169.99974,0.020000580000000046,         499.99955,           5.000115, 148338.81208437143,      0.0, 148338.81208437143,   1.0
 -0.29999939999999997, 0.29999939999999997,          59.99988,          79.99994,          169.99974,          0.59999942,         498.99955,           5.000115, 128955.35317367298,      0.0, 128955.35317367298,   1.0
 -0.29999939999999997, 0.29999939999999997,          59.99988,          79.99994,          169.99974,          0.59999942,         499.99955,           6.000115, 129143.55236867338,      0.0, 129143.55236867338,   1.0
 -0.04895660526467345, 0.04895269197231527, 9.528315734284526,54.278639297677806, 59.267424151281524, 0.36008008947974174,304.75340378406145,  54.05762958346629, 348497.33607937035,      0.0, 348497.33607937035,   1.0
  0.29999939999999997, 0.04895269197231527, 9.528315734284526,54.278639297677806, 59.267424151281524, 0.36008008947974174,304.75340378406145,  54.05762958346629, 261293.18059141535,      0.0, 261293.18059141535,   1.0
 -0.04895660526467345,-0.29999939999999997, 9.528315734284526,54.278639297677806, 59.267424151281524, 0.36008008947974174,304.75340378406145,  54.05762958346629, 310252.20654803014,      0.0, 310252.20654803014,   1.0
 -0.04895660526467345, 0.04895269197231527,10.528315734284526,54.278639297677806, 59.267424151281524, 0.36008008947974174,304.75340378406145,  54.05762958346629, 348473.06538862677,      0.0, 348473.06538862677,   1.0
 -0.04895660526467345, 0.04895269197231527, 9.528315734284526,55.278639297677806, 59.267424151281524, 0.36008008947974174,304.75340378406145,  54.05762958346629,  348812.8134334907,      0.0,  348812.8134334907,   1.0
 -0.04895660526467345, 0.04895269197231527, 9.528315734284526,54.278639297677806, 60.267424151281524, 0.36008008947974174,304.75340378406145,  54.05762958346629,  347963.4197389495,      0.0,  347963.4197389495,   1.0
 -0.04895660526467345, 0.04895269197231527, 9.528315734284526,54.278639297677806, 59.267424151281524, 0.02000057999999999,304.75340378406145,  54.05762958346629, 326313.19119649415,      0.0, 326313.19119649415,   1.0
 -0.04895660526467345, 0.04895269197231527, 9.528315734284526,54.278639297677806, 59.267424151281524, 0.36008008947974174,305.75340378406145,  54.05762958346629, 348654.70637771586,      0.0, 348654.70637771586,   1.0
 -0.04895660526467345, 0.04895269197231527, 9.528315734284526,54.278639297677806, 59.267424151281524, 0.36008008947974174,304.75340378406145,  55.05762958346629,   348452.230828791,      0.0,   348452.230828791,   1.0
 -0.03484190807931523, 0.03483777476496163,  6.69058901588581,  52.8324780126683, 53.041580830480704,   0.346590800919289, 293.7758322773722, 56.815852394608704, 349767.44236128393,      0.0, 349767.44236128393,   1.0
  0.29999939999999997, 0.03483777476496163,  6.69058901588581,  52.8324780126683, 53.041580830480704,   0.346590800919289, 293.7758322773722, 56.815852394608704, 268979.71859923925,      0.0, 268979.71859923925,   1.0
 -0.03484190807931523,-0.29999939999999997,  6.69058901588581,  52.8324780126683, 53.041580830480704,   0.346590800919289, 293.7758322773722, 56.815852394608704, 316718.52533155197,      0.0, 316718.52533155197,   1.0
 -0.03484190807931523, 0.03483777476496163,  7.69058901588581,  52.8324780126683, 53.041580830480704,   0.346590800919289, 293.7758322773722, 56.815852394608704, 349928.33133033034,      0.0, 349928.33133033034,   1.0
 -0.03484190807931523, 0.03483777476496163,  6.69058901588581,  53.8324780126683, 53.041580830480704,   0.346590800919289, 293.7758322773722, 56.815852394608704,  350095.7197326224,      0.0,  350095.7197326224,   1.0
 -0.03484190807931523, 0.03483777476496163,  6.69058901588581,  52.8324780126683, 54.041580830480704,   0.346590800919289, 293.7758322773722, 56.815852394608704,  349592.4848718506,      0.0,  349592.4848718506,   1.0
 -0.03484190807931523, 0.03483777476496163,  6.69058901588581,  52.8324780126683, 53.041580830480704, 0.02000057999999999, 293.7758322773722, 56.815852394608704,  331024.0931675056,      0.0,  331024.0931675056,   1.0
 -0.03484190807931523, 0.03483777476496163,  6.69058901588581,  52.8324780126683, 53.041580830480704,   0.346590800919289, 294.7758322773722, 56.815852394608704,  349913.8560608963,      0.0,  349913.8560608963,   1.0
 -0.03484190807931523, 0.03483777476496163,  6.69058901588581,  52.8324780126683, 53.041580830480704,   0.346590800919289, 293.7758322773722, 57.815852394608704, 349617.49394481274,      0.0, 349617.49394481274,   1.0
-0.044157608221651656,0.044153620121815035, 8.563488650028964, 53.78694446077457,  57.15063742220924,  0.3554937313691878, 301.0210294717871,  54.99542533925471,  349196.9616065867,      0.0,  349196.9616065867,   1.0
  0.29999939999999997,0.044153620121815035, 8.563488650028964, 53.78694446077457,  57.15063742220924,  0.3554937313691878, 301.0210294717871,  54.99542533925471,  263730.8623389036,      0.0,  263730.8623389036,   1.0
-0.044157608221651656,          -0.2999994, 8.563488650028964, 53.78694446077457,  57.15063742220924,  0.3554937313691878, 301.0210294717871,  54.99542533925471, 312754.25981653755,      0.0, 312754.25981653755,   1.0
-0.044157608221651656,0.044153620121815035, 9.563488650028964, 53.78694446077457,  57.15063742220924,  0.3554937313691878, 301.0210294717871,  54.99542533925471,  349187.0595704031,      0.0,  349187.0595704031,   1.0
-0.044157608221651656,0.044153620121815035, 8.563488650028964, 54.78694446077457,  57.15063742220924,  0.3554937313691878, 301.0210294717871,  54.99542533925471, 349582.18629423034,      0.0, 349582.18629423034,   1.0
-0.044157608221651656,0.044153620121815035, 8.563488650028964, 53.78694446077457,  58.15063742220924,  0.3554937313691878, 301.0210294717871,  54.99542533925471,  348853.6422564108,      0.0,  348853.6422564108,   1.0
-0.044157608221651656,0.044153620121815035, 8.563488650028964, 53.78694446077457,  57.15063742220924, 0.02000057999999999, 301.0210294717871,  54.99542533925471, 329488.00736319064,      0.0, 329488.00736319064,   1.0
-0.044157608221651656,0.044153620121815035, 8.563488650028964, 53.78694446077457,  57.15063742220924,  0.3554937313691878, 302.0210294717871,  54.99542533925471,   349351.393339122,      0.0,   349351.393339122,   1.0
-0.044157608221651656,0.044153620121815035, 8.563488650028964, 53.78694446077457,  57.15063742220924,  0.3554937313691878, 301.0210294717871,  55.99542533925471,  349122.5098540932,      0.0,  349122.5098540932,   1.0
-0.036655647233143934, 0.03665154219162556, 7.055237012894537, 53.01830979573296, 53.841601946644154, 0.34832417503976015,295.18645065580193, 56.461420652867766, 349872.82298813894,      0.0, 349872.82298813894,   1.0
   0.2999993999999999, 0.03665154219162556, 7.055237012894537, 53.01830979573296, 53.841601946644154, 0.34832417503976015,295.18645065580193, 56.461420652867766, 267458.58255854645,      0.0, 267458.58255854645,   1.0
-0.036655647233143934, -0.2999993999999999, 7.055237012894537, 53.01830979573296, 53.841601946644154, 0.34832417503976015,295.18645065580193, 56.461420652867766, 316032.27265503607,      0.0, 316032.27265503607,   1.0
-0.036655647233143934, 0.03665154219162556, 8.055237012894537, 53.01830979573296, 53.841601946644154, 0.34832417503976015,295.18645065580193, 56.461420652867766,  350079.3951301077,      0.0,  350079.3951301077,   1.0
-0.036655647233143934, 0.03665154219162556, 7.055237012894537, 54.01830979573296, 53.841601946644154, 0.34832417503976015,295.18645065580193, 56.461420652867766,  350308.7190069186,      0.0,  350308.7190069186,   1.0
-0.036655647233143934, 0.03665154219162556, 7.055237012894537, 53.01830979573296, 54.841601946644154, 0.34832417503976015,295.18645065580193, 56.461420652867766, 349547.16794602294,      0.0, 349547.16794602294,   1.0
-0.036655647233143934, 0.03665154219162556, 7.055237012894537, 53.01830979573296, 53.841601946644154, 0.02000057999999999,295.18645065580193, 56.461420652867766,  330767.6889104075,      0.0,  330767.6889104075,   1.0
-0.036655647233143934, 0.03665154219162556, 7.055237012894537, 53.01830979573296, 53.841601946644154, 0.34832417503976015,296.18645065580193, 56.461420652867766,  350022.5522000714,      0.0,  350022.5522000714,   1.0
-0.036655647233143934, 0.03665154219162556, 7.055237012894537, 53.01830979573296, 53.841601946644154, 0.34832417503976015,295.18645065580193, 57.461420652867766, 349737.00167142396,      0.0, 349737.00167142396,   1.0
 -0.29999939999999997, 0.29999939999999997, 41.99246880502902, 70.82589549948932,  130.4902237232012,          0.59999942, 381.5546107938215, 22.502206577977994, 107071.57146553003,      0.0, 107071.57146553003,   1.0
  0.29999939999999997, 0.29999939999999997, 41.99246880502902, 70.82589549948932,  130.4902237232012,          0.59999942, 381.5546107938215, 22.502206577977994,  227263.2525695567,      0.0,  227263.2525695567,   1.0
 -0.29999939999999997,-0.29999939999999997, 41.99246880502902, 70.82589549948932,  130.4902237232012,          0.59999942, 381.5546107938215, 22.502206577977994, 204441.05911580648,      0.0, 204441.05911580648,   1.0
 -0.29999939999999997, 0.29999939999999997, 42.99246880502902, 70.82589549948932,  130.4902237232012,          0.59999942, 381.5546107938215, 22.502206577977994, 105891.24366627261,      0.0, 105891.24366627261,   1.0
 -0.29999939999999997, 0.29999939999999997, 41.99246880502902, 71.82589549948932,  130.4902237232012,          0.59999942, 381.5546107938215, 22.502206577977994, 109767.62029861985,      0.0, 109767.62029861985,   1.0
 -0.29999939999999997, 0.29999939999999997, 41.99246880502902, 70.82589549948932,  131.4902237232012,          0.59999942, 381.5546107938215, 22.502206577977994,  106959.4258569876,      0.0,  106959.4258569876,   1.0
 -0.29999939999999997, 0.29999939999999997, 41.99246880502902, 70.82589549948932,  130.4902237232012,0.020000580000000046, 381.5546107938215, 22.502206577977994,-143913.42383438605,      0.0,-143913.42383438605,   1.0
 -0.29999939999999997, 0.29999939999999997, 41.99246880502902, 70.82589549948932,  130.4902237232012,          0.59999942, 382.5546107938215, 22.502206577977994, 106748.63308933377,      0.0, 106748.63308933377,   1.0
 -0.29999939999999997, 0.29999939999999997, 41.99246880502902, 70.82589549948932,  130.4902237232012,          0.59999942, 381.5546107938215, 23.502206577977994, 109451.94312149088,      0.0, 109451.94312149088,   1.0
 -0.05517051425435773,0.055166697825335495,    9.511563369318, 54.27030486988918,   59.2305243138615, 0.36601866615265777,  301.258723048905,  54.07385563134944, 347231.42019747454,      0.0, 347231.42019747454,   1.0
            0.2999994,0.055166697825335495,    9.511563369318, 54.27030486988918,   59.2305243138615, 0.36601866615265777,  301.258723048905,  54.07385563134944, 261927.74854014543,      0.0, 261927.74854014543,   1.0
 -0.05517051425435773,-0.29999939999999997,    9.511563369318, 54.27030486988918,   59.2305243138615, 0.36601866615265777,  301.258723048905,  54.07385563134944,  308840.8898927661,      0.0,  308840.8898927661,   1.0
 -0.05517051425435773,0.055166697825335495,   10.511563369318, 54.27030486988918,   59.2305243138615, 0.36601866615265777,  301.258723048905,  54.07385563134944,  347184.3158994661,      0.0,  347184.3158994661,   1.0
 -0.05517051425435773,0.055166697825335495,    9.511563369318, 55.27030486988918,   59.2305243138615, 0.36601866615265777,  301.258723048905,  54.07385563134944,  347464.9367110209,      0.0,  347464.9367110209,   1.0
 -0.05517051425435773,0.055166697825335495,    9.511563369318, 54.27030486988918,   60.2305243138615, 0.36601866615265777,  301.258723048905,  54.07385563134944,  346572.7872475332,      0.0,  346572.7872475332,   1.0
 -0.05517051425435773,0.055166697825335495,    9.511563369318, 54.27030486988918,   59.2305243138615, 0.02000057999999999,  301.258723048905,  54.07385563134944,  329060.4652818112,      0.0,  329060.4652818112,   1.0
 -0.05517051425435773,0.055166697825335495,    9.511563369318, 54.27030486988918,   59.2305243138615, 0.36601866615265777,  302.258723048905,  54.07385563134944, 347383.45974964194,      0.0, 347383.45974964194,   1.0
 -0.05517051425435773,0.055166697825335495,    9.511563369318, 54.27030486988918,   59.2305243138615, 0.36601866615265777,  301.258723048905,  55.07385563134944,  347243.2151348917,      0.0,  347243.2151348917,   1.0
 -0.03968915785730423, 0.03968510010259987, 7.457686141482825, 53.22343902266706, 54.724533119468596, 0.35122327373264217,  296.181343181693, 56.070237510674474, 349629.10596065683,      0.0, 349629.10596065683,   1.0
            0.2999994, 0.03968510010259987, 7.457686141482825, 53.22343902266706, 54.724533119468596, 0.35122327373264217,  296.181343181693, 56.070237510674474, 266702.51436276967,      0.0, 266702.51436276967,   1.0
 -0.03968915785730423,-0.29999939999999997, 7.457686141482825, 53.22343902266706, 54.724533119468596, 0.35122327373264217,  296.181343181693, 56.070237510674474,  314661.9497412748,      0.0,  314661.9497412748,   1.0
 -0.03968915785730423, 0.03968510010259987, 8.457686141482824, 53.22343902266706, 54.724533119468596, 0.35122327373264217,  296.181343181693, 56.070237510674474,  349811.8675456633,      0.0,  349811.8675456633,   1.0
 -0.03968915785730423, 0.03968510010259987, 7.457686141482825, 54.22343902266706, 54.724533119468596, 0.35122327373264217,  296.181343181693, 56.070237510674474,  350025.0510412867,      0.0,  350025.0510412867,   1.0
 -0.03968915785730423, 0.03968510010259987, 7.457686141482825, 53.22343902266706, 55.724533119468596, 0.35122327373264217,  296.181343181693, 56.070237510674474,   349356.058630877,      0.0,   349356.058630877,   1.0
 -0.03968915785730423, 0.03968510010259987, 7.457686141482825, 53.22343902266706, 54.724533119468596, 0.02000057999999999,  296.181343181693, 56.070237510674474, 331632.89505097654,      0.0, 331632.89505097654,   1.0
 -0.03968915785730423, 0.03968510010259987, 7.457686141482825, 53.22343902266706, 54.724533119468596, 0.35122327373264217,  297.181343181693, 56.070237510674474, 349797.91361828125,      0.0, 349797.91361828125,   1.0
 -0.03968915785730423, 0.03968510010259987, 7.457686141482825, 53.22343902266706, 54.724533119468596, 0.35122327373264217,  296.181343181693, 57.070237510674474,  349530.4222346385,      0.0,  349530.4222346385,   1.0
-0.037164813037148935, 0.03716071593258271,  7.12278691118622,53.052740130977206, 53.989799337782905,  0.3488107801978547,295.35344042956746,  56.39576171713775, 349941.93263567745,      0.0, 349941.93263567745,   1.0
  0.29999939999999997, 0.03716071593258271,  7.12278691118622,53.052740130977206, 53.989799337782905,  0.3488107801978547,295.35344042956746,  56.39576171713775,  267320.0156531323,      0.0,  267320.0156531323,   1.0
-0.037164813037148935,-0.29999939999999997,  7.12278691118622,53.052740130977206, 53.989799337782905,  0.3488107801978547,295.35344042956746,  56.39576171713775,  315681.8475584857,      0.0,  315681.8475584857,   1.0
-0.037164813037148935, 0.03716071593258271, 8.122786911186221,53.052740130977206, 53.989799337782905,  0.3488107801978547,295.35344042956746,  56.39576171713775,  350128.4785842676,      0.0,  350128.4785842676,   1.0
-0.037164813037148935, 0.03716071593258271,  7.12278691118622,54.052740130977206, 53.989799337782905,  0.3488107801978547,295.35344042956746,  56.39576171713775,  350217.3917154025,      0.0,  350217.3917154025,   1.0
-0.037164813037148935, 0.03716071593258271,  7.12278691118622,53.052740130977206, 54.989799337782905,  0.3488107801978547,295.35344042956746,  56.39576171713775,  349586.1314537264,      0.0,  349586.1314537264,   1.0
-0.037164813037148935, 0.03716071593258271,  7.12278691118622,53.052740130977206, 53.989799337782905, 0.02000057999999999,295.35344042956746,  56.39576171713775,  330934.7439235862,      0.0,  330934.7439235862,   1.0
-0.037164813037148935, 0.03716071593258271,  7.12278691118622,53.052740130977206, 53.989799337782905,  0.3488107801978547,296.35344042956746,  56.39576171713775, 350083.67832859966,      0.0, 350083.67832859966,   1.0
-0.037164813037148935, 0.03716071593258271,  7.12278691118622,53.052740130977206, 53.989799337782905,  0.3488107801978547,295.35344042956746,  57.39576171713775, 349826.18427178264,      0.0, 349826.18427178264,   1.0
-0.038830880618451434,0.038826809484794035, 7.343820403181979, 53.16540139949251,  54.47472363369546,  0.3504030259308144,295.89985624597034,  56.18091574087199, 349827.56753736385,      0.0, 349827.56753736385,   1.0
  0.29999939999999997,0.038826809484794035, 7.343820403181979, 53.16540139949251,  54.47472363369546,  0.3504030259308144,295.89985624597034,  56.18091574087199,  266871.4492198699,      0.0,  266871.4492198699,   1.0
-0.038830880618451434,-0.29999939999999997, 7.343820403181979, 53.16540139949251,  54.47472363369546,  0.3504030259308144,295.89985624597034,  56.18091574087199,  314939.7246681649,      0.0,  314939.7246681649,   1.0
-0.038830880618451434,0.038826809484794035,  8.34382040318198, 53.16540139949251,  54.47472363369546,  0.3504030259308144,295.89985624597034,  56.18091574087199,  349996.5412940751,      0.0,  349996.5412940751,   1.0
-0.038830880618451434,0.038826809484794035, 7.343820403181979, 54.16540139949251,  54.47472363369546,  0.3504030259308144,295.89985624597034,  56.18091574087199,  350125.7384233228,      0.0,  350125.7384233228,   1.0
-0.038830880618451434,0.038826809484794035, 7.343820403181979, 53.16540139949251,  55.47472363369546,  0.3504030259308144,295.89985624597034,  56.18091574087199, 349422.30252274015,      0.0, 349422.30252274015,   1.0
-0.038830880618451434,0.038826809484794035, 7.343820403181979, 53.16540139949251,  54.47472363369546, 0.02000057999999999,295.89985624597034,  56.18091574087199, 330819.56378535775,      0.0, 330819.56378535775,   1.0
-0.038830880618451434,0.038826809484794035, 7.343820403181979, 53.16540139949251,  54.47472363369546,  0.3504030259308144,296.89985624597034,  56.18091574087199, 350012.72250626306,      0.0, 350012.72250626306,   1.0
-0.038830880618451434,0.038826809484794035, 7.343820403181979, 53.16540139949251,  54.47472363369546,  0.3504030259308144,295.89985624597034,  57.18091574087199, 349730.27067899023,      0.0, 349730.27067899023,   1.0
-0.037451944428029474,    0.03744785179931, 7.160879996184794, 53.07215626216552,  54.07337157045806, 0.34908518907361646,295.44761015900923,  56.35873499344264,  349897.4369400942,      0.0,  349897.4369400942,   1.0
  0.29999939999999997,    0.03744785179931, 7.160879996184794, 53.07215626216552,  54.07337157045806, 0.34908518907361646,295.44761015900923,  56.35873499344264,  267281.2903414184,      0.0,  267281.2903414184,   1.0
-0.037451944428029474,-0.29999939999999997, 7.160879996184794, 53.07215626216552,  54.07337157045806, 0.34908518907361646,295.44761015900923,  56.35873499344264, 315619.97015075793,      0.0, 315619.97015075793,   1.0
-0.037451944428029474,    0.03744785179931, 8.160879996184793, 53.07215626216552,  54.07337157045806, 0.34908518907361646,295.44761015900923,  56.35873499344264, 350081.66751814145,      0.0, 350081.66751814145,   1.0
-0.037451944428029474,    0.03744785179931, 7.160879996184794, 54.07215626216552,  54.07337157045806, 0.34908518907361646,295.44761015900923,  56.35873499344264, 350227.80891027313,      0.0, 350227.80891027313,   1.0
-0.037451944428029474,    0.03744785179931, 7.160879996184794, 53.07215626216552,  55.07337157045806, 0.34908518907361646,295.44761015900923,  56.35873499344264,  349578.8045708345,      0.0,  349578.8045708345,   1.0
-0.037451944428029474,    0.03744785179931, 7.160879996184794, 53.07215626216552,  54.07337157045806, 0.02000057999999999,295.44761015900923,  56.35873499344264, 330726.27903705806,      0.0, 330726.27903705806,   1.0
-0.037451944428029474,    0.03744785179931, 7.160879996184794, 53.07215626216552,  54.07337157045806, 0.34908518907361646,296.44761015900923,  56.35873499344264, 350043.77876664867,      0.0, 350043.77876664867,   1.0
-0.037451944428029474,    0.03744785179931, 7.160879996184794, 53.07215626216552,  54.07337157045806, 0.34908518907361646,295.44761015900923,  57.35873499344264,  349799.7453042596,      0.0,  349799.7453042596,   1.0
-0.037204652562298254, 0.03720055607875646, 7.128072332655331,53.055434122199856,  54.00139499806664, 0.34884885447205227,295.36650649417606, 56.390624253465376, 349938.23198634386,      0.0, 349938.23198634386,   1.0
  0.29999939999999997, 0.03720055607875646, 7.128072332655331,53.055434122199856,  54.00139499806664, 0.34884885447205227,295.36650649417606, 56.390624253465376,  267331.2141052626,      0.0,  267331.2141052626,   1.0
-0.037204652562298254,-0.29999939999999997, 7.128072332655331,53.055434122199856,  54.00139499806664, 0.34884885447205227,295.36650649417606, 56.390624253465376,  315655.3644127639,      0.0,  315655.3644127639,   1.0
-0.037204652562298254, 0.03720055607875646, 8.128072332655332,53.055434122199856,  54.00139499806664, 0.34884885447205227,295.36650649417606, 56.390624253465376,  350127.1713531165,      0.0,  350127.1713531165,   1.0
-0.037204652562298254, 0.03720055607875646, 7.128072332655331,54.055434122199856,  54.00139499806664, 0.34884885447205227,295.36650649417606, 56.390624253465376, 350205.44228773087,      0.0, 350205.44228773087,   1.0
-0.037204652562298254, 0.03720055607875646, 7.128072332655331,53.055434122199856,  55.00139499806664, 0.34884885447205227,295.36650649417606, 56.390624253465376, 349581.63061507535,      0.0, 349581.63061507535,   1.0
-0.037204652562298254, 0.03720055607875646, 7.128072332655331,53.055434122199856,  54.00139499806664, 0.02000057999999999,295.36650649417606, 56.390624253465376,  330928.5049127446,      0.0,  330928.5049127446,   1.0
-0.037204652562298254, 0.03720055607875646, 7.128072332655331,53.055434122199856,  54.00139499806664, 0.34884885447205227,296.36650649417606, 56.390624253465376,  350079.3319191675,      0.0,  350079.3319191675,   1.0
-0.037204652562298254, 0.03720055607875646, 7.128072332655331,53.055434122199856,  54.00139499806664, 0.34884885447205227,295.36650649417606, 57.390624253465376, 349826.50204535294,      0.0, 349826.50204535294,   1.0
-0.037164813037148935, 0.03716071593258271,  7.12278691118622,53.052740130977206, 53.989799337782905,  0.3488107801978547,295.35344042956746,  56.39576171713775, 349941.93263567745,      0.0, 349941.93263567745,   1.0
  0.29999939999999997, 0.03716071593258271,  7.12278691118622,53.052740130977206, 53.989799337782905,  0.3488107801978547,295.35344042956746,  56.39576171713775,  267320.0156531323,      0.0,  267320.0156531323,   1.0
-0.037164813037148935,-0.29999939999999997,  7.12278691118622,53.052740130977206, 53.989799337782905,  0.3488107801978547,295.35344042956746,  56.39576171713775,  315681.8475584857,      0.0,  315681.8475584857,   1.0
-0.037164813037148935, 0.03716071593258271, 8.122786911186221,53.052740130977206, 53.989799337782905,  0.3488107801978547,295.35344042956746,  56.39576171713775,  350128.4785842676,      0.0,  350128.4785842676,   1.0
-0.037164813037148935, 0.03716071593258271,  7.12278691118622,54.052740130977206, 53.989799337782905,  0.3488107801978547,295.35344042956746,  56.39576171713775,  350217.3917154025,      0.0,  350217.3917154025,   1.0
-0.037164813037148935, 0.03716071593258271,  7.12278691118622,53.052740130977206, 54.989799337782905,  0.3488107801978547,295.35344042956746,  56.39576171713775,  349586.1314537264,      0.0,  349586.1314537264,   1.0
-0.037164813037148935, 0.03716071593258271,  7.12278691118622,53.052740130977206, 53.989799337782905, 0.02000057999999999,295.35344042956746,  56.39576171713775,  330934.7439235862,      0.0,  330934.7439235862,   1.0
-0.037164813037148935, 0.03716071593258271,  7.12278691118622,53.052740130977206, 53.989799337782905,  0.3488107801978547,296.35344042956746,  56.39576171713775, 350083.67832859966,      0.0, 350083.67832859966,   1.0
-0.037164813037148935, 0.03716071593258271,  7.12278691118622,53.052740130977206, 53.989799337782905,  0.3488107801978547,295.35344042956746,  57.39576171713775, 349826.18427178264,      0.0, 349826.18427178264,   1.0
 -0.29999939999999997, 0.29999939999999997, 8.809726250084726, 53.90632129042937,  57.68489993419449,          0.59999942,294.65827620985635,  54.75761779995047,     315463.5947705,      0.0,     315463.5947705,   1.0
  0.29999939999999997, 0.29999939999999997, 8.809726250084726, 53.90632129042937,  57.68489993419449,          0.59999942,294.65827620985635,  54.75761779995047, 259824.50759990606,      0.0, 259824.50759990606,   1.0
 -0.29999939999999997,-0.29999939999999997, 8.809726250084726, 53.90632129042937,  57.68489993419449,          0.59999942,294.65827620985635,  54.75761779995047, 270674.47989951295,      0.0, 270674.47989951295,   1.0
 -0.29999939999999997, 0.29999939999999997, 9.809726250084726, 53.90632129042937,  57.68489993419449,          0.59999942,294.65827620985635,  54.75761779995047,  315367.5999486306,      0.0,  315367.5999486306,   1.0
 -0.29999939999999997, 0.29999939999999997, 8.809726250084726, 54.90632129042937,  57.68489993419449,          0.59999942,294.65827620985635,  54.75761779995047,  315523.5873767318,      0.0,  315523.5873767318,   1.0
 -0.29999939999999997, 0.29999939999999997, 8.809726250084726, 53.90632129042937,  58.68489993419449,          0.59999942,294.65827620985635,  54.75761779995047,  315024.1305281973,      0.0,  315024.1305281973,   1.0
 -0.29999939999999997, 0.29999939999999997, 8.809726250084726, 53.90632129042937,  57.68489993419449,0.020000580000000046,294.65827620985635,  54.75761779995047,   335032.673862454,      0.0,   335032.673862454,   1.0
 -0.29999939999999997, 0.29999939999999997, 8.809726250084726, 53.90632129042937,  57.68489993419449,          0.59999942,295.65827620985635,  54.75761779995047,  315654.1918745033,      0.0,  315654.1918745033,   1.0
 -0.29999939999999997, 0.29999939999999997, 8.809726250084726, 53.90632129042937,  57.68489993419449,          0.59999942,294.65827620985635,  55.75761779995047, 316273.58428091835,      0.0, 316273.58428091835,   1.0
 -0.08479112122645668, 0.08478776652785387, 7.428464690429189, 53.20741124878714,  54.65936114024107, 0.39432681258578717, 295.2274748717133,  56.09892579474285,   343572.262022979,      0.0,   343572.262022979,   1.0
   0.2999993999999999, 0.08478776652785387, 7.428464690429189, 53.20741124878714,  54.65936114024107, 0.39432681258578717, 295.2274748717133,  56.09892579474285, 263807.51626467204,      0.0, 263807.51626467204,   1.0
 -0.08479112122645668,-0.29999939999999997, 7.428464690429189, 53.20741124878714,  54.65936114024107, 0.39432681258578717, 295.2274748717133,  56.09892579474285, 305243.05149225774,      0.0, 305243.05149225774,   1.0
 -0.08479112122645668, 0.08478776652785387,  8.42846469042919, 53.20741124878714,  54.65936114024107, 0.39432681258578717, 295.2274748717133,  56.09892579474285,  343637.1640202739,      0.0,  343637.1640202739,   1.0
 -0.08479112122645668, 0.08478776652785387, 7.428464690429189, 54.20741124878714,  54.65936114024107, 0.39432681258578717, 295.2274748717133,  56.09892579474285,  344107.5664767938,      0.0,  344107.5664767938,   1.0
 -0.08479112122645668, 0.08478776652785387, 7.428464690429189, 53.20741124878714,  55.65936114024107, 0.39432681258578717, 295.2274748717133,  56.09892579474285, 343568.70403994387,      0.0, 343568.70403994387,   1.0
 -0.08479112122645668, 0.08478776652785387, 7.428464690429189, 53.20741124878714,  54.65936114024107, 0.02000057999999999, 295.2274748717133,  56.09892579474285, 341124.72005809745,      0.0, 341124.72005809745,   1.0
 -0.08479112122645668, 0.08478776652785387, 7.428464690429189, 53.20741124878714,  54.65936114024107, 0.39432681258578717, 296.2274748717133,  56.09892579474285, 343727.18357653427,      0.0, 343727.18357653427,   1.0
 -0.08479112122645668, 0.08478776652785387, 7.428464690429189, 53.20741124878714,  54.65936114024107, 0.39432681258578717, 295.2274748717133,  57.09892579474285, 343620.03118802956,      0.0, 343620.03118802956,   1.0
 -0.04456022851959664, 0.04455624669586499, 7.170252571809506, 53.07675746977223, 54.093768927461625,  0.3558785119498799,295.33388049153683,  56.34966902048152, 349013.50694479246,      0.0, 349013.50694479246,   1.0
  0.29999939999999997, 0.04455624669586499, 7.170252571809506, 53.07675746977223, 54.093768927461625,  0.3558785119498799,295.33388049153683,  56.34966902048152, 266716.29092085874,      0.0, 266716.29092085874,   1.0
 -0.04456022851959664,-0.29999939999999997, 7.170252571809506, 53.07675746977223, 54.093768927461625,  0.3558785119498799,295.33388049153683,  56.34966902048152, 314089.05823923793,      0.0, 314089.05823923793,   1.0
 -0.04456022851959664, 0.04455624669586499, 8.170252571809506, 53.07675746977223, 54.093768927461625,  0.3558785119498799,295.33388049153683,  56.34966902048152, 349127.99870800436,      0.0, 349127.99870800436,   1.0
 -0.04456022851959664, 0.04455624669586499, 7.170252571809506, 54.07675746977223, 54.093768927461625,  0.3558785119498799,295.33388049153683,  56.34966902048152,  349348.2662357995,      0.0,  349348.2662357995,   1.0
 -0.04456022851959664, 0.04455624669586499, 7.170252571809506, 53.07675746977223, 55.093768927461625,  0.3558785119498799,295.33388049153683,  56.34966902048152, 348682.77257501846,      0.0, 348682.77257501846,   1.0
 -0.04456022851959664, 0.04455624669586499, 7.170252571809506, 53.07675746977223, 54.093768927461625, 0.02000057999999999,295.33388049153683,  56.34966902048152, 333074.13639926363,      0.0, 333074.13639926363,   1.0
 -0.04456022851959664, 0.04455624669586499, 7.170252571809506, 53.07675746977223, 54.093768927461625,  0.3558785119498799,296.33388049153683,  56.34966902048152,  349177.4924537712,      0.0,  349177.4924537712,   1.0
 -0.04456022851959664, 0.04455624669586499, 7.170252571809506, 53.07675746977223, 54.093768927461625,  0.3558785119498799,295.33388049153683,  57.34966902048152,  348882.5167835059,      0.0,  348882.5167835059,   1.0
 -0.03827947624209037, 0.03827539651305968, 7.129941103607266,53.056360109313644,  54.00547000244303, 0.34987605375078445, 295.3504922864556,  56.38881446270679, 349826.20585572097,      0.0, 349826.20585572097,   1.0
  0.29999939999999997, 0.03827539651305968, 7.129941103607266,53.056360109313644,  54.00547000244303, 0.34987605375078445, 295.3504922864556,  56.38881446270679, 267290.30836274027,      0.0, 267290.30836274027,   1.0
 -0.03827947624209037,-0.29999939999999997, 7.129941103607266,53.056360109313644,  54.00547000244303, 0.34987605375078445, 295.3504922864556,  56.38881446270679,  315394.2130828687,      0.0,  315394.2130828687,   1.0
 -0.03827947624209037, 0.03827539651305968, 8.129941103607266,53.056360109313644,  54.00547000244303, 0.34987605375078445, 295.3504922864556,  56.38881446270679, 349985.20983431424,      0.0, 349985.20983431424,   1.0
 -0.03827947624209037, 0.03827539651305968, 7.129941103607266,54.056360109313644,  54.00547000244303, 0.34987605375078445, 295.3504922864556,  56.38881446270679, 350254.47840279335,      0.0, 350254.47840279335,   1.0
 -0.03827947624209037, 0.03827539651305968, 7.129941103607266,53.056360109313644,  55.00547000244303, 0.34987605375078445, 295.3504922864556,  56.38881446270679,  349464.7472711444,      0.0,  349464.7472711444,   1.0
 -0.03827947624209037, 0.03827539651305968, 7.129941103607266,53.056360109313644,  54.00547000244303, 0.02000057999999999, 295.3504922864556,  56.38881446270679, 330989.27409512486,      0.0, 330989.27409512486,   1.0
 -0.03827947624209037, 0.03827539651305968, 7.129941103607266,53.056360109313644,  54.00547000244303, 0.34987605375078445, 296.3504922864556,  56.38881446270679, 349955.35706396983,      0.0, 349955.35706396983,   1.0
 -0.03827947624209037, 0.03827539651305968, 7.129941103607266,53.056360109313644,  54.00547000244303, 0.34987605375078445, 295.3504922864556,  57.38881446270679, 349700.94846242643,      0.0, 349700.94846242643,   1.0
 -0.03733985378898214, 0.03733575941297715, 7.123910367324889, 53.05330859302639,  53.99226017520149,  0.3489780650627235,  295.352977468931, 56.394670757434966,  349925.2621279224,      0.0,  349925.2621279224,   1.0
  0.29999939999999997, 0.03733575941297715, 7.123910367324889, 53.05330859302639,  53.99226017520149,  0.3489780650627235,  295.352977468931, 56.394670757434966, 267314.56108888425,      0.0, 267314.56108888425,   1.0
 -0.03733985378898214, -0.2999993999999999, 7.123910367324889, 53.05330859302639,  53.99226017520149,  0.3489780650627235,  295.352977468931, 56.394670757434966,  315663.4694490854,      0.0,  315663.4694490854,   1.0
 -0.03733985378898214, 0.03733575941297715,  8.12391036732489, 53.05330859302639,  53.99226017520149,  0.3489780650627235,  295.352977468931, 56.394670757434966, 350113.54872488946,      0.0, 350113.54872488946,   1.0
 -0.03733985378898214, 0.03733575941297715, 7.123910367324889, 54.05330859302639,  53.99226017520149,  0.3489780650627235,  295.352977468931, 56.394670757434966,  350210.7827005678,      0.0,  350210.7827005678,   1.0
 -0.03733985378898214, 0.03733575941297715, 7.123910367324889, 53.05330859302639,  54.99226017520149,  0.3489780650627235,  295.352977468931, 56.394670757434966,  349581.4613888208,      0.0,  349581.4613888208,   1.0
 -0.03733985378898214, 0.03733575941297715, 7.123910367324889, 53.05330859302639,  53.99226017520149, 0.02000057999999999,  295.352977468931, 56.394670757434966, 330678.38846917957,      0.0, 330678.38846917957,   1.0
 -0.03733985378898214, 0.03733575941297715, 7.123910367324889, 53.05330859302639,  53.99226017520149,  0.3489780650627235,  296.352977468931, 56.394670757434966,  350057.6498563979,      0.0,  350057.6498563979,   1.0
 -0.03733985378898214, 0.03733575941297715, 7.123910367324889, 53.05330859302639,  53.99226017520149,  0.3489780650627235,  295.352977468931, 57.394670757434966, 349808.84060159634,      0.0, 349808.84060159634,   1.0
 -0.03719284929642544, 0.03718875262889259, 7.122966855040778,53.052831181485345,  53.99019348985996, 0.34883757419751127, 295.3533662772098,    56.395586978234,  349947.3316272098,      0.0,  349947.3316272098,   1.0
            0.2999994, 0.03718875262889259, 7.122966855040778,53.052831181485345,  53.99019348985996, 0.34883757419751127, 295.3533662772098,    56.395586978234,  267331.0497726697,      0.0,  267331.0497726697,   1.0
 -0.03719284929642544,-0.29999939999999997, 7.122966855040778,53.052831181485345,  53.99019348985996, 0.34883757419751127, 295.3533662772098,    56.395586978234,  315675.0884796814,      0.0,  315675.0884796814,   1.0
 -0.03719284929642544, 0.03718875262889259, 8.122966855040778,53.052831181485345,  53.99019348985996, 0.34883757419751127, 295.3533662772098,    56.395586978234,  350134.7508955271,      0.0,  350134.7508955271,   1.0
 -0.03719284929642544, 0.03718875262889259, 7.122966855040778,54.052831181485345,  53.99019348985996, 0.34883757419751127, 295.3533662772098,    56.395586978234,  350205.6868424069,      0.0,  350205.6868424069,   1.0
 -0.03719284929642544, 0.03718875262889259, 7.122966855040778,53.052831181485345,  54.99019348985996, 0.34883757419751127, 295.3533662772098,    56.395586978234,  349583.8520770689,      0.0,  349583.8520770689,   1.0
 -0.03719284929642544, 0.03718875262889259, 7.122966855040778,53.052831181485345,  53.99019348985996, 0.02000057999999999, 295.3533662772098,    56.395586978234,  330923.6019535904,      0.0,  330923.6019535904,   1.0
 -0.03719284929642544, 0.03718875262889259, 7.122966855040778,53.052831181485345,  53.99019348985996, 0.34883757419751127, 296.3533662772098,    56.395586978234,   350088.712104307,      0.0,   350088.712104307,   1.0
 -0.03719284929642544, 0.03718875262889259, 7.122966855040778,53.052831181485345,  53.99019348985996, 0.34883757419751127, 295.3533662772098,    57.395586978234,  349831.6405552997,      0.0,  349831.6405552997,   1.0
 -0.03728987226151286,  0.0372857771063884, 7.123589573148291,53.053146273102435, 53.991557502185366, 0.34893029816855137, 295.3531096637458,  56.39498227250664,  349938.9745414416,      0.0,  349938.9745414416,   1.0
  0.29999939999999997,  0.0372857771063884, 7.123589573148291,53.053146273102435, 53.991557502185366, 0.34893029816855137, 295.3531096637458,  56.39498227250664, 267309.12571466534,      0.0, 267309.12571466534,   1.0
 -0.03728987226151286,-0.29999939999999997, 7.123589573148291,53.053146273102435, 53.991557502185366, 0.34893029816855137, 295.3531096637458,  56.39498227250664, 315666.21751043794,      0.0, 315666.21751043794,   1.0
 -0.03728987226151286,  0.0372857771063884,  8.12358957314829,53.053146273102435, 53.991557502185366, 0.34893029816855137, 295.3531096637458,  56.39498227250664,  350123.7663456332,      0.0,  350123.7663456332,   1.0
 -0.03728987226151286,  0.0372857771063884, 7.123589573148291,54.053146273102435, 53.991557502185366, 0.34893029816855137, 295.3531096637458,  56.39498227250664, 350200.46180408454,      0.0, 350200.46180408454,   1.0
 -0.03728987226151286,  0.0372857771063884, 7.123589573148291,53.053146273102435, 54.991557502185366, 0.34893029816855137, 295.3531096637458,  56.39498227250664, 349581.59118288785,      0.0, 349581.59118288785,   1.0
 -0.03728987226151286,  0.0372857771063884, 7.123589573148291,53.053146273102435, 53.991557502185366, 0.02000057999999999, 295.3531096637458,  56.39498227250664,  330694.3891859035,      0.0,  330694.3891859035,   1.0
 -0.03728987226151286,  0.0372857771063884, 7.123589573148291,53.053146273102435, 53.991557502185366, 0.34893029816855137, 296.3531096637458,  56.39498227250664,  350069.8356189076,      0.0,  350069.8356189076,   1.0
 -0.03728987226151286,  0.0372857771063884, 7.123589573148291,53.053146273102435, 53.991557502185366, 0.34893029816855137, 295.3531096637458,  57.39498227250664, 349824.06390846975,      0.0, 349824.06390846975,   1.0
 -0.03720875065373646,0.037204654234076324, 7.123068914003031,53.052882822706415, 53.990417041545314, 0.34885277098100964, 295.3533242201321,  56.39548787136966,   349944.117946896,      0.0,   349944.117946896,   1.0
  0.29999939999999997,0.037204654234076324, 7.123068914003031,53.052882822706415, 53.990417041545314, 0.34885277098100964, 295.3533242201321,  56.39548787136966,  267332.1308060647,      0.0,  267332.1308060647,   1.0
 -0.03720875065373646,-0.29999939999999997, 7.123068914003031,53.052882822706415, 53.990417041545314, 0.34885277098100964, 295.3533242201321,  56.39548787136966,  315692.4480457409,      0.0,  315692.4480457409,   1.0
 -0.03720875065373646,0.037204654234076324, 8.123068914003031,53.052882822706415, 53.990417041545314, 0.34885277098100964, 295.3533242201321,  56.39548787136966,  350132.1617954547,      0.0,  350132.1617954547,   1.0
 -0.03720875065373646,0.037204654234076324, 7.123068914003031,54.052882822706415, 53.990417041545314, 0.34885277098100964, 295.3533242201321,  56.39548787136966,  350203.7476538927,      0.0,  350203.7476538927,   1.0
 -0.03720875065373646,0.037204654234076324, 7.123068914003031,53.052882822706415, 54.990417041545314, 0.34885277098100964, 295.3533242201321,  56.39548787136966, 349578.97630662273,      0.0, 349578.97630662273,   1.0
 -0.03720875065373646,0.037204654234076324, 7.123068914003031,53.052882822706415, 53.990417041545314, 0.02000057999999999, 295.3533242201321,  56.39548787136966,  330923.6786514115,      0.0,  330923.6786514115,   1.0
 -0.03720875065373646,0.037204654234076324, 7.123068914003031,53.052882822706415, 53.990417041545314, 0.34885277098100964, 296.3533242201321,  56.39548787136966,  350083.6066617287,      0.0,  350083.6066617287,   1.0
 -0.03720875065373646,0.037204654234076324, 7.123068914003031,53.052882822706415, 53.990417041545314, 0.34885277098100964, 295.3533242201321,  57.39548787136966, 349830.05882916553,      0.0, 349830.05882916553,   1.0
 -0.03719486423111542,0.037190767594991674, 7.122979787404943,53.052837725183835, 53.990221817130205,  0.3488394998523876, 295.3533609479625,  56.39557441994384,  349947.3210251545,      0.0,  349947.3210251545,   1.0
  0.29999939999999997,0.037190767594991674, 7.122979787404943,53.052837725183835, 53.990221817130205,  0.3488394998523876, 295.3533609479625,  56.39557441994384, 267330.97173609183,      0.0, 267330.97173609183,   1.0
 -0.03719486423111542,-0.29999939999999997, 7.122979787404943,53.052837725183835, 53.990221817130205,  0.3488394998523876, 295.3533609479625,  56.39557441994384,  315675.0795255706,      0.0,  315675.0795255706,   1.0
 -0.03719486423111542,0.037190767594991674, 8.122979787404944,53.052837725183835, 53.990221817130205,  0.3488394998523876, 295.3533609479625,  56.39557441994384, 350134.72550037375,      0.0, 350134.72550037375,   1.0
 -0.03719486423111542,0.037190767594991674, 7.122979787404943,54.052837725183835, 53.990221817130205,  0.3488394998523876, 295.3533609479625,  56.39557441994384, 350206.53181759745,      0.0, 350206.53181759745,   1.0
 -0.03719486423111542,0.037190767594991674, 7.122979787404943,53.052837725183835, 54.990221817130205,  0.3488394998523876, 295.3533609479625,  56.39557441994384,  349583.8550241719,      0.0,  349583.8550241719,   1.0
 -0.03719486423111542,0.037190767594991674, 7.122979787404943,53.052837725183835, 53.990221817130205, 0.02000057999999999, 295.3533609479625,  56.39557441994384, 330923.61688636633,      0.0, 330923.61688636633,   1.0
 -0.03719486423111542,0.037190767594991674, 7.122979787404943,53.052837725183835, 53.990221817130205,  0.3488394998523876, 296.3533609479625,  56.39557441994384,  350087.0917752872,      0.0,  350087.0917752872,   1.0
 -0.03719486423111542,0.037190767594991674, 7.122979787404943,53.052837725183835, 53.990221817130205,  0.3488394998523876, 295.3533609479625,  57.39557441994384,  349831.6796464896,      0.0,  349831.6796464896,   1.0
 -0.03719284929642544, 0.03718875262889259, 7.122966855040778,53.052831181485345,  53.99019348985996, 0.34883757419751127, 295.3533662772098,    56.395586978234,  349947.3316272098,      0.0,  349947.3316272098,   1.0
            0.2999994, 0.03718875262889259, 7.122966855040778,53.052831181485345,  53.99019348985996, 0.34883757419751127, 295.3533662772098,    56.395586978234,  267331.0497726697,      0.0,  267331.0497726697,   1.0
 -0.03719284929642544,-0.29999939999999997, 7.122966855040778,53.052831181485345,  53.99019348985996, 0.34883757419751127, 295.3533662772098,    56.395586978234,  315675.0884796814,      0.0,  315675.0884796814,   1.0
 -0.03719284929642544, 0.03718875262889259, 8.122966855040778,53.052831181485345,  53.99019348985996, 0.34883757419751127, 295.3533662772098,    56.395586978234,  350134.7508955271,      0.0,  350134.7508955271,   1.0
 -0.03719284929642544, 0.03718875262889259, 7.122966855040778,54.052831181485345,  53.99019348985996, 0.34883757419751127, 295.3533662772098,    56.395586978234,  350205.6868424069,      0.0,  350205.6868424069,   1.0
 -0.03719284929642544, 0.03718875262889259, 7.122966855040778,53.052831181485345,  54.99019348985996, 0.34883757419751127, 295.3533662772098,    56.395586978234,  349583.8520770689,      0.0,  349583.8520770689,   1.0
 -0.03719284929642544, 0.03718875262889259, 7.122966855040778,53.052831181485345,  53.99019348985996, 0.02000057999999999, 295.3533662772098,    56.395586978234,  330923.6019535904,      0.0,  330923.6019535904,   1.0
 -0.03719284929642544, 0.03718875262889259, 7.122966855040778,53.052831181485345,  53.99019348985996, 0.34883757419751127, 296.3533662772098,    56.395586978234,   350088.712104307,      0.0,   350088.712104307,   1.0
 -0.03719284929642544, 0.03718875262889259, 7.122966855040778,53.052831181485345,  53.99019348985996, 0.34883757419751127, 295.3533662772098,    57.395586978234,  349831.6405552997,      0.0,  349831.6405552997,   1.0
 -0.29999939999999997, 0.29999939999999997, 7.652961795326126, 53.31611591362571, 55.144658580533985,          0.59999942,295.32774571757255,  55.88233466667338,  317142.9532305872,      0.0,  317142.9532305872,   1.0
  0.29999939999999997, 0.29999939999999997, 7.652961795326126, 53.31611591362571, 55.144658580533985,          0.59999942,295.32774571757255,  55.88233466667338, 258075.07415678885,      0.0, 258075.07415678885,   1.0
 -0.29999939999999997,-0.29999939999999997, 7.652961795326126, 53.31611591362571, 55.144658580533985,          0.59999942,295.32774571757255,  55.88233466667338,  274612.0515746529,      0.0,  274612.0515746529,   1.0
 -0.29999939999999997, 0.29999939999999997, 8.652961795326126, 53.31611591362571, 55.144658580533985,          0.59999942,295.32774571757255,  55.88233466667338, 317042.54887297464,      0.0, 317042.54887297464,   1.0
 -0.29999939999999997, 0.29999939999999997, 7.652961795326126, 54.31611591362571, 55.144658580533985,          0.59999942,295.32774571757255,  55.88233466667338, 317270.83528868033,      0.0, 317270.83528868033,   1.0
 -0.29999939999999997, 0.29999939999999997, 7.652961795326126, 53.31611591362571, 56.144658580533985,          0.59999942,295.32774571757255,  55.88233466667338,  316888.6017126681,      0.0,  316888.6017126681,   1.0
 -0.29999939999999997, 0.29999939999999997, 7.652961795326126, 53.31611591362571, 55.144658580533985,0.020000580000000046,295.32774571757255,  55.88233466667338,  338831.6501292058,      0.0,  338831.6501292058,   1.0
 -0.29999939999999997, 0.29999939999999997, 7.652961795326126, 53.31611591362571, 55.144658580533985,          0.59999942,296.32774571757255,  55.88233466667338,  317296.5354906346,      0.0,  317296.5354906346,   1.0
 -0.29999939999999997, 0.29999939999999997, 7.652961795326126, 53.31611591362571, 55.144658580533985,          0.59999942,295.32774571757255,  56.88233466667338, 317896.38577293203,      0.0, 317896.38577293203,   1.0
 -0.08544957875403326, 0.08544623431956416,  7.22028491038902, 53.10117571496521,  54.20217720715986,  0.3949560944951077,295.34866181146623,  56.30134321651587,  343472.2774805987,      0.0,  343472.2774805987,   1.0
  0.29999939999999997, 0.08544623431956416,  7.22028491038902, 53.10117571496521,  54.20217720715986,  0.3949560944951077,295.34866181146623,  56.30134321651587,  263777.4271113123,      0.0,  263777.4271113123,   1.0
 -0.08544957875403326,-0.29999939999999997,  7.22028491038902, 53.10117571496521,  54.20217720715986,  0.3949560944951077,295.34866181146623,  56.30134321651587,  305483.1315358559,      0.0,  305483.1315358559,   1.0
 -0.08544957875403326, 0.08544623431956416, 8.220284910389019, 53.10117571496521,  54.20217720715986,  0.3949560944951077,295.34866181146623,  56.30134321651587,  343580.9867984669,      0.0,  343580.9867984669,   1.0
 -0.08544957875403326, 0.08544623431956416,  7.22028491038902, 54.10117571496521,  54.20217720715986,  0.3949560944951077,295.34866181146623,  56.30134321651587, 344185.46493129525,      0.0, 344185.46493129525,   1.0
 -0.08544957875403326, 0.08544623431956416,  7.22028491038902, 53.10117571496521,  55.20217720715986,  0.3949560944951077,295.34866181146623,  56.30134321651587,  343406.5887821852,      0.0,  343406.5887821852,   1.0
 -0.08544957875403326, 0.08544623431956416,  7.22028491038902, 53.10117571496521,  54.20217720715986, 0.02000057999999999,295.34866181146623,  56.30134321651587, 341459.07878267573,      0.0, 341459.07878267573,   1.0
 -0.08544957875403326, 0.08544623431956416,  7.22028491038902, 53.10117571496521,  54.20217720715986,  0.3949560944951077,296.34866181146623,  56.30134321651587,  343676.9653420563,      0.0,  343676.9653420563,   1.0
 -0.08544957875403326, 0.08544623431956416,  7.22028491038902, 53.10117571496521,  54.20217720715986,  0.3949560944951077,295.34866181146623,  57.30134321651587,  343528.7844161677,      0.0,  343528.7844161677,   1.0
-0.044716845641089825, 0.04471286625872913,7.1381402971894685,53.060368867882154,   54.0232451436297, 0.35602818951770765, 295.3526327757177,  56.38089286765824,  349008.8186830128,      0.0,  349008.8186830128,   1.0
            0.2999994, 0.04471286625872913,7.1381402971894685,53.060368867882154,   54.0232451436297, 0.35602818951770765, 295.3526327757177,  56.38089286765824,  266744.3712810732,      0.0,  266744.3712810732,   1.0
-0.044716845641089825,-0.29999939999999997,7.1381402971894685,53.060368867882154,   54.0232451436297, 0.35602818951770765, 295.3526327757177,  56.38089286765824, 314097.03817756596,      0.0, 314097.03817756596,   1.0
-0.044716845641089825, 0.04471286625872913,  8.13814029718947,53.060368867882154,   54.0232451436297, 0.35602818951770765, 295.3526327757177,  56.38089286765824, 349117.86680939497,      0.0, 349117.86680939497,   1.0
-0.044716845641089825, 0.04471286625872913,7.1381402971894685,54.060368867882154,   54.0232451436297, 0.35602818951770765, 295.3526327757177,  56.38089286765824,  349384.1625849748,      0.0,  349384.1625849748,   1.0
-0.044716845641089825, 0.04471286625872913,7.1381402971894685,53.060368867882154,   55.0232451436297, 0.35602818951770765, 295.3526327757177,  56.38089286765824,  348709.1480086161,      0.0,  348709.1480086161,   1.0
-0.044716845641089825, 0.04471286625872913,7.1381402971894685,53.060368867882154,   54.0232451436297, 0.02000057999999999, 295.3526327757177,  56.38089286765824, 333042.29646907665,      0.0, 333042.29646907665,   1.0
-0.044716845641089825, 0.04471286625872913,7.1381402971894685,53.060368867882154,   54.0232451436297, 0.35602818951770765, 296.3526327757177,  56.38089286765824, 349168.83874664886,      0.0, 349168.83874664886,   1.0
-0.044716845641089825, 0.04471286625872913,7.1381402971894685,53.060368867882154,   54.0232451436297, 0.35602818951770765, 295.3526327757177,  57.38089286765824,  348870.5444201616,      0.0,  348870.5444201616,   1.0
 -0.03833057948849634, 0.03832650055607065, 7.125261285082925, 53.05397098179879,  53.99519134773617, 0.34992489266160864,295.35325536184575,  56.39336502962028,  349818.5175266388,      0.0,  349818.5175266388,   1.0
  0.29999939999999997, 0.03832650055607065, 7.125261285082925, 53.05397098179879,  53.99519134773617, 0.34992489266160864,295.35325536184575,  56.39336502962028,  267284.8290633008,      0.0,  267284.8290633008,   1.0
 -0.03833057948849634, -0.2999993999999999, 7.125261285082925, 53.05397098179879,  53.99519134773617, 0.34992489266160864,295.35325536184575,  56.39336502962028,  315401.2889419251,      0.0,  315401.2889419251,   1.0
 -0.03833057948849634, 0.03832650055607065, 8.125261285082924, 53.05397098179879,  53.99519134773617, 0.34992489266160864,295.35325536184575,  56.39336502962028, 349979.73219964677,      0.0, 349979.73219964677,   1.0
 -0.03833057948849634, 0.03832650055607065, 7.125261285082925, 54.05397098179879,  53.99519134773617, 0.34992489266160864,295.35325536184575,  56.39336502962028,  350231.7984957275,      0.0,  350231.7984957275,   1.0
 -0.03833057948849634, 0.03832650055607065, 7.125261285082925, 53.05397098179879,  54.99519134773617, 0.34992489266160864,295.35325536184575,  56.39336502962028,   349462.238260415,      0.0,   349462.238260415,   1.0
 -0.03833057948849634, 0.03832650055607065, 7.125261285082925, 53.05397098179879,  53.99519134773617, 0.02000057999999999,295.35325536184575,  56.39336502962028,  330994.9266558974,      0.0,  330994.9266558974,   1.0
 -0.03833057948849634, 0.03832650055607065, 7.125261285082925, 53.05397098179879,  53.99519134773617, 0.34992489266160864,296.35325536184575,  56.39336502962028,  349947.9140790894,      0.0,  349947.9140790894,   1.0
 -0.03833057948849634, 0.03832650055607065, 7.125261285082925, 53.05397098179879,  53.99519134773617, 0.34992489266160864,295.35325536184575,  57.39336502962028, 349696.50062302756,      0.0, 349696.50062302756,   1.0
 -0.03736776805910119, 0.03736367411822798, 7.123319609030094,53.053006418515984, 53.990961878641265,  0.3490047424784446, 295.3533492246798, 56.395245367802154,  349911.8678668315,      0.0,  349911.8678668315,   1.0
  0.29999939999999997, 0.03736367411822798, 7.123319609030094,53.053006418515984, 53.990961878641265,  0.3490047424784446, 295.3533492246798, 56.395245367802154,  267342.7889392037,      0.0,  267342.7889392037,   1.0
 -0.03736776805910119,-0.29999939999999997, 7.123319609030094,53.053006418515984, 53.990961878641265,  0.3490047424784446, 295.3533492246798, 56.395245367802154,  315664.4582441478,      0.0,  315664.4582441478,   1.0
 -0.03736776805910119, 0.03736367411822798, 8.123319609030094,53.053006418515984, 53.990961878641265,  0.3490047424784446, 295.3533492246798, 56.395245367802154, 350100.83631335956,      0.0, 350100.83631335956,   1.0
 -0.03736776805910119, 0.03736367411822798, 7.123319609030094,54.053006418515984, 53.990961878641265,  0.3490047424784446, 295.3533492246798, 56.395245367802154, 350217.77474389743,      0.0, 350217.77474389743,   1.0
 -0.03736776805910119, 0.03736367411822798, 7.123319609030094,53.053006418515984, 54.990961878641265,  0.3490047424784446, 295.3533492246798, 56.395245367802154,  349611.9175411735,      0.0,  349611.9175411735,   1.0
 -0.03736776805910119, 0.03736367411822798, 7.123319609030094,53.053006418515984, 53.990961878641265, 0.02000057999999999, 295.3533492246798, 56.395245367802154,  330701.3206573096,      0.0,  330701.3206573096,   1.0
 -0.03736776805910119, 0.03736367411822798, 7.123319609030094,53.053006418515984, 53.990961878641265,  0.3490047424784446, 296.3533492246798, 56.395245367802154, 350040.87746756355,      0.0, 350040.87746756355,   1.0
 -0.03736776805910119, 0.03736367411822798, 7.123319609030094,53.053006418515984, 53.990961878641265,  0.3490047424784446, 295.3533492246798, 57.395245367802154, 349798.74952068063,      0.0, 349798.74952068063,   1.0
 -0.03721502176241455, 0.03721092544050939, 7.123011569659787, 53.05285339429455,  53.99029088978356, 0.34885876422290796,295.35336411565413, 56.395543676157274, 349945.10487349855,      0.0, 349945.10487349855,   1.0
  0.29999939999999997, 0.03721092544050939, 7.123011569659787, 53.05285339429455,  53.99029088978356, 0.34885876422290796,295.35336411565413, 56.395543676157274,  267331.7896298233,      0.0,  267331.7896298233,   1.0
 -0.03721502176241455,-0.29999939999999997, 7.123011569659787, 53.05285339429455,  53.99029088978356, 0.34885876422290796,295.35336411565413, 56.395543676157274,  315689.4173073361,      0.0,  315689.4173073361,   1.0
 -0.03721502176241455, 0.03721092544050939, 8.123011569659788, 53.05285339429455,  53.99029088978356, 0.34885876422290796,295.35336411565413, 56.395543676157274, 350131.69778591563,      0.0, 350131.69778591563,   1.0
 -0.03721502176241455, 0.03721092544050939, 7.123011569659787, 54.05285339429455,  53.99029088978356, 0.34885876422290796,295.35336411565413, 56.395543676157274, 350203.08330423606,      0.0, 350203.08330423606,   1.0
 -0.03721502176241455, 0.03721092544050939, 7.123011569659787, 53.05285339429455,  54.99029088978356, 0.34885876422290796,295.35336411565413, 56.395543676157274,   349578.721773052,      0.0,   349578.721773052,   1.0
 -0.03721502176241455, 0.03721092544050939, 7.123011569659787, 53.05285339429455,  53.99029088978356, 0.02000057999999999,295.35336411565413, 56.395543676157274,  330921.2321661499,      0.0,  330921.2321661499,   1.0
 -0.03721502176241455, 0.03721092544050939, 7.123011569659787, 53.05285339429455,  53.99029088978356, 0.34885876422290796,296.35336411565413, 56.395543676157274,  350084.0583965812,      0.0,  350084.0583965812,   1.0
 -0.03721502176241455, 0.03721092544050939, 7.123011569659787, 53.05285339429455,  53.99029088978356, 0.34885876422290796,295.35336411565413, 57.395543676157274, 349829.16992446536,      0.0, 349829.16992446536,   1.0
-0.037196361325379415,  0.0371922647125926, 7.122973937655616,  53.0528346999045, 53.990208917614005,  0.3488409306118481, 295.3533659348281,  56.39558011936015,  349947.3220889389,      0.0,  349947.3220889389,   1.0
  0.29999939999999997,  0.0371922647125926, 7.122973937655616,  53.0528346999045, 53.990208917614005,  0.3488409306118481, 295.3533659348281,  56.39558011936015,  267330.7050442009,      0.0,  267330.7050442009,   1.0
-0.037196361325379415, -0.2999993999999999, 7.122973937655616,  53.0528346999045, 53.990208917614005,  0.3488409306118481, 295.3533659348281,  56.39558011936015,  315675.0934462898,      0.0,  315675.0934462898,   1.0
-0.037196361325379415,  0.0371922647125926, 8.122973937655615,  53.0528346999045, 53.990208917614005,  0.3488409306118481, 295.3533659348281,  56.39558011936015,   350133.829156526,      0.0,   350133.829156526,   1.0
-0.037196361325379415,  0.0371922647125926, 7.122973937655616,  54.0528346999045, 53.990208917614005,  0.3488409306118481, 295.3533659348281,  56.39558011936015,  350204.9861310702,      0.0,  350204.9861310702,   1.0
-0.037196361325379415,  0.0371922647125926, 7.122973937655616,  53.0528346999045, 54.990208917614005,  0.3488409306118481, 295.3533659348281,  56.39558011936015,  349583.9075841558,      0.0,  349583.9075841558,   1.0
-0.037196361325379415,  0.0371922647125926, 7.122973937655616,  53.0528346999045, 53.990208917614005, 0.02000057999999999, 295.3533659348281,  56.39558011936015,   330923.649076157,      0.0,   330923.649076157,   1.0
-0.037196361325379415,  0.0371922647125926, 7.122973937655616,  53.0528346999045, 53.990208917614005,  0.3488409306118481, 296.3533659348281,  56.39558011936015,    350087.08231214,      0.0,    350087.08231214,   1.0
-0.037196361325379415,  0.0371922647125926, 7.122973937655616,  53.0528346999045, 53.990208917614005,  0.3488409306118481, 295.3533659348281,  57.39558011936015, 349829.98648046626,      0.0, 349829.98648046626,   1.0
-0.037193584682869096, 0.03718948802679956, 7.122968338074946, 53.05283191820984,  53.99019672028925, 0.34883827699969056, 295.3533662055182, 56.395585542049126,   349947.316646562,      0.0,   349947.316646562,   1.0
  0.29999939999999997, 0.03718948802679956, 7.122968338074946, 53.05283191820984,  53.99019672028925, 0.34883827699969056, 295.3533662055182, 56.395585542049126,  267331.0497726697,      0.0,  267331.0497726697,   1.0
-0.037193584682869096,-0.29999939999999997, 7.122968338074946, 53.05283191820984,  53.99019672028925, 0.34883827699969056, 295.3533662055182, 56.395585542049126,  315675.0809853256,      0.0,  315675.0809853256,   1.0
-0.037193584682869096, 0.03718948802679956, 8.122968338074946, 53.05283191820984,  53.99019672028925, 0.34883827699969056, 295.3533662055182, 56.395585542049126,  350134.7345513975,      0.0,  350134.7345513975,   1.0
-0.037193584682869096, 0.03718948802679956, 7.122968338074946, 54.05283191820984,  53.99019672028925, 0.34883827699969056, 295.3533662055182, 56.395585542049126,   350205.649851369,      0.0,   350205.649851369,   1.0
-0.037193584682869096, 0.03718948802679956, 7.122968338074946, 53.05283191820984,  54.99019672028925, 0.34883827699969056, 295.3533662055182, 56.395585542049126,  349583.8520770689,      0.0,  349583.8520770689,   1.0
-0.037193584682869096, 0.03718948802679956, 7.122968338074946, 53.05283191820984,  53.99019672028925, 0.02000057999999999, 295.3533662055182, 56.395585542049126, 330923.59494012146,      0.0, 330923.59494012146,   1.0
-0.037193584682869096, 0.03718948802679956, 7.122968338074946, 53.05283191820984,  53.99019672028925, 0.34883827699969056, 296.3533662055182, 56.395585542049126, 350088.58436081844,      0.0, 350088.58436081844,   1.0
-0.037193584682869096, 0.03718948802679956, 7.122968338074946, 53.05283191820984,  53.99019672028925, 0.34883827699969056, 295.3533662055182, 57.395585542049126,  349831.6263797968,      0.0,  349831.6263797968,   1.0
  -0.0371929946802861, 0.03718889801501951,7.1229671482325205, 53.05283132713373,  53.99019412850687,  0.3488377131395532,295.35336626303655, 56.395586694304235,  349947.3316272098,      0.0,  349947.3316272098,   1.0
  0.29999939999999997, 0.03718889801501951,7.1229671482325205, 53.05283132713373,  53.99019412850687,  0.3488377131395532,295.35336626303655, 56.395586694304235,  267331.0497726697,      0.0,  267331.0497726697,   1.0
  -0.0371929946802861,-0.29999939999999997,7.1229671482325205, 53.05283132713373,  53.99019412850687,  0.3488377131395532,295.35336626303655, 56.395586694304235,  315675.0884796814,      0.0,  315675.0884796814,   1.0
  -0.0371929946802861, 0.03718889801501951,  8.12296714823252, 53.05283132713373,  53.99019412850687,  0.3488377131395532,295.35336626303655, 56.395586694304235,  350134.7508955271,      0.0,  350134.7508955271,   1.0
  -0.0371929946802861, 0.03718889801501951,7.1229671482325205, 54.05283132713373,  53.99019412850687,  0.3488377131395532,295.35336626303655, 56.395586694304235,  350205.6868424069,      0.0,  350205.6868424069,   1.0
  -0.0371929946802861, 0.03718889801501951,7.1229671482325205, 53.05283132713373,  54.99019412850687,  0.3488377131395532,295.35336626303655, 56.395586694304235,  349583.8520770689,      0.0,  349583.8520770689,   1.0
  -0.0371929946802861, 0.03718889801501951,7.1229671482325205, 53.05283132713373,  53.99019412850687, 0.02000057999999999,295.35336626303655, 56.395586694304235,  330923.6019535904,      0.0,  330923.6019535904,   1.0
  -0.0371929946802861, 0.03718889801501951,7.1229671482325205, 53.05283132713373,  53.99019412850687,  0.3488377131395532,296.35336626303655, 56.395586694304235,   350088.712104307,      0.0,   350088.712104307,   1.0
  -0.0371929946802861, 0.03718889801501951,7.1229671482325205, 53.05283132713373,  53.99019412850687,  0.3488377131395532,295.35336626303655, 57.395586694304235,  349831.6415827034,      0.0,  349831.6415827034,   1.0
-0.037192879977707746, 0.03718878331065316, 7.122966916914899, 53.05283121222245,  53.99019362463769,  0.3488376035193355,295.35336627421873,  56.39558691831449,  349947.3316272098,      0.0,  349947.3316272098,   1.0
  0.29999939999999997, 0.03718878331065316, 7.122966916914899, 53.05283121222245,  53.99019362463769,  0.3488376035193355,295.35336627421873,  56.39558691831449,  267331.0497726697,      0.0,  267331.0497726697,   1.0
-0.037192879977707746,-0.29999939999999997, 7.122966916914899, 53.05283121222245,  53.99019362463769,  0.3488376035193355,295.35336627421873,  56.39558691831449,  315675.0884796814,      0.0,  315675.0884796814,   1.0
-0.037192879977707746, 0.03718878331065316, 8.122966916914898, 53.05283121222245,  53.99019362463769,  0.3488376035193355,295.35336627421873,  56.39558691831449,  350134.7508955271,      0.0,  350134.7508955271,   1.0
-0.037192879977707746, 0.03718878331065316, 7.122966916914899, 54.05283121222245,  53.99019362463769,  0.3488376035193355,295.35336627421873,  56.39558691831449,  350205.6868424069,      0.0,  350205.6868424069,   1.0
-0.037192879977707746, 0.03718878331065316, 7.122966916914899, 53.05283121222245,  54.99019362463769,  0.3488376035193355,295.35336627421873,  56.39558691831449,  349583.8520770689,      0.0,  349583.8520770689,   1.0
-0.037192879977707746, 0.03718878331065316, 7.122966916914899, 53.05283121222245,  53.99019362463769, 0.02000057999999999,295.35336627421873,  56.39558691831449,  330923.6019535904,      0.0,  330923.6019535904,   1.0
-0.037192879977707746, 0.03718878331065316, 7.122966916914899, 53.05283121222245,  53.99019362463769,  0.3488376035193355,296.35336627421873,  56.39558691831449,   350088.712104307,      0.0,   350088.712104307,   1.0
-0.037192879977707746, 0.03718878331065316, 7.122966916914899, 53.05283121222245,  53.99019362463769,  0.3488376035193355,295.35336627421873,  57.39558691831449,  349831.6405552997,      0.0,  349831.6405552997,   1.0
 -0.03719285577129104,0.037188759103859124, 7.122966868098466, 53.05283118797199,  53.99019351830296,  0.3488375803854818, 295.3533662765785, 56.395586965588805,  349947.3316272098,      0.0,  349947.3316272098,   1.0
  0.29999939999999997,0.037188759103859124, 7.122966868098466, 53.05283118797199,  53.99019351830296,  0.3488375803854818, 295.3533662765785, 56.395586965588805,  267331.0497726697,      0.0,  267331.0497726697,   1.0
 -0.03719285577129104,-0.29999939999999997, 7.122966868098466, 53.05283118797199,  53.99019351830296,  0.3488375803854818, 295.3533662765785, 56.395586965588805,  315675.0884796814,      0.0,  315675.0884796814,   1.0
 -0.03719285577129104,0.037188759103859124, 8.122966868098466, 53.05283118797199,  53.99019351830296,  0.3488375803854818, 295.3533662765785, 56.395586965588805,  350134.7508955271,      0.0,  350134.7508955271,   1.0
 -0.03719285577129104,0.037188759103859124, 7.122966868098466, 54.05283118797199,  53.99019351830296,  0.3488375803854818, 295.3533662765785, 56.395586965588805,  350205.6868424069,      0.0,  350205.6868424069,   1.0
 -0.03719285577129104,0.037188759103859124, 7.122966868098466, 53.05283118797199,  54.99019351830296,  0.3488375803854818, 295.3533662765785, 56.395586965588805,  349583.8520770689,      0.0,  349583.8520770689,   1.0
 -0.03719285577129104,0.037188759103859124, 7.122966868098466, 53.05283118797199,  53.99019351830296, 0.02000057999999999, 295.3533662765785, 56.395586965588805,  330923.6019535904,      0.0,  330923.6019535904,   1.0
 -0.03719285577129104,0.037188759103859124, 7.122966868098466, 53.05283118797199,  53.99019351830296,  0.3488375803854818, 296.3533662765785, 56.395586965588805,   350088.712104307,      0.0,   350088.712104307,   1.0
 -0.03719285577129104,0.037188759103859124, 7.122966868098466, 53.05283118797199,  53.99019351830296,  0.3488375803854818, 295.3533662765785, 57.395586965588805,  349831.6405552997,      0.0,  349831.6405552997,   1.0
 -0.03719285066285735,0.037188753995345804, 7.122966857796424, 53.05283118285426,  53.99019349586247,  0.3488375755033979, 295.3533662770766,  56.39558697556541,  349947.3316272098,      0.0,  349947.3316272098,   1.0
   0.2999993999999999,0.037188753995345804, 7.122966857796424, 53.05283118285426,  53.99019349586247,  0.3488375755033979, 295.3533662770766,  56.39558697556541,  267331.0497726697,      0.0,  267331.0497726697,   1.0
 -0.03719285066285735,-0.29999939999999997, 7.122966857796424, 53.05283118285426,  53.99019349586247,  0.3488375755033979, 295.3533662770766,  56.39558697556541,  315675.0884796814,      0.0,  315675.0884796814,   1.0
 -0.03719285066285735,0.037188753995345804, 8.122966857796424, 53.05283118285426,  53.99019349586247,  0.3488375755033979, 295.3533662770766,  56.39558697556541,  350134.7508955271,      0.0,  350134.7508955271,   1.0
 -0.03719285066285735,0.037188753995345804, 7.122966857796424, 54.05283118285426,  53.99019349586247,  0.3488375755033979, 295.3533662770766,  56.39558697556541,  350205.6868424069,      0.0,  350205.6868424069,   1.0
 -0.03719285066285735,0.037188753995345804, 7.122966857796424, 53.05283118285426,  54.99019349586247,  0.3488375755033979, 295.3533662770766,  56.39558697556541,  349583.8520770689,      0.0,  349583.8520770689,   1.0
 -0.03719285066285735,0.037188753995345804, 7.122966857796424, 53.05283118285426,  53.99019349586247, 0.02000057999999999, 295.3533662770766,  56.39558697556541,  330923.6019535904,      0.0,  330923.6019535904,   1.0
 -0.03719285066285735,0.037188753995345804, 7.122966857796424, 53.05283118285426,  53.99019349586247,  0.3488375755033979, 296.3533662770766,  56.39558697556541,   350088.712104307,      0.0,   350088.712104307,   1.0
 -0.03719285066285735,0.037188753995345804, 7.122966857796424, 53.05283118285426,  53.99019349586247,  0.3488375755033979, 295.3533662770766,  57.39558697556541,  349831.6405552997,      0.0,  349831.6405552997,   1.0
 -0.03719284958479223,0.037188752917263874,  7.12296685562232, 53.05283118177424,  53.99019349112671,  0.3488375744731008,295.35336627718164,  56.39558697767083,  349947.3316272098,      0.0,  349947.3316272098,   1.0
  0.29999939999999997,0.037188752917263874,  7.12296685562232, 53.05283118177424,  53.99019349112671,  0.3488375744731008,295.35336627718164,  56.39558697767083,  267331.0497726697,      0.0,  267331.0497726697,   1.0
 -0.03719284958479223,-0.29999939999999997,  7.12296685562232, 53.05283118177424,  53.99019349112671,  0.3488375744731008,295.35336627718164,  56.39558697767083,  315675.0884796814,      0.0,  315675.0884796814,   1.0
 -0.03719284958479223,0.037188752917263874,  8.12296685562232, 53.05283118177424,  53.99019349112671,  0.3488375744731008,295.35336627718164,  56.39558697767083,  350134.7508955271,      0.0,  350134.7508955271,   1.0
 -0.03719284958479223,0.037188752917263874,  7.12296685562232, 54.05283118177424,  53.99019349112671,  0.3488375744731008,295.35336627718164,  56.39558697767083,  350205.6868424069,      0.0,  350205.6868424069,   1.0
 -0.03719284958479223,0.037188752917263874,  7.12296685562232, 53.05283118177424,  54.99019349112671,  0.3488375744731008,295.35336627718164,  56.39558697767083,  349583.8520770689,      0.0,  349583.8520770689,   1.0
 -0.03719284958479223,0.037188752917263874,  7.12296685562232, 53.05283118177424,  53.99019349112671, 0.02000057999999999,295.35336627718164,  56.39558697767083,  330923.6019535904,      0.0,  330923.6019535904,   1.0
 -0.03719284958479223,0.037188752917263874,  7.12296685562232, 53.05283118177424,  53.99019349112671,  0.3488375744731008,296.35336627718164,  56.39558697767083,   350088.712104307,      0.0,   350088.712104307,   1.0
 -0.03719284958479223,0.037188752917263874,  7.12296685562232, 53.05283118177424,  53.99019349112671,  0.3488375744731008,295.35336627718164,  57.39558697767083,  349831.6405552997,      0.0,  349831.6405552997,   1.0
-0.037192849357281295, 0.03718875268974939, 7.122966855163504, 53.05283118154631,  53.99019349012729, 0.34883757425567063,295.35336627720386,  56.39558697811515,  349947.3316272098,      0.0,  349947.3316272098,   1.0
  0.29999939999999997, 0.03718875268974939, 7.122966855163504, 53.05283118154631,  53.99019349012729, 0.34883757425567063,295.35336627720386,  56.39558697811515,  267331.0497726697,      0.0,  267331.0497726697,   1.0
-0.037192849357281295, -0.2999993999999999, 7.122966855163504, 53.05283118154631,  53.99019349012729, 0.34883757425567063,295.35336627720386,  56.39558697811515,  315675.0884796814,      0.0,  315675.0884796814,   1.0
-0.037192849357281295, 0.03718875268974939, 8.122966855163504, 53.05283118154631,  53.99019349012729, 0.34883757425567063,295.35336627720386,  56.39558697811515,  350134.7508955271,      0.0,  350134.7508955271,   1.0
-0.037192849357281295, 0.03718875268974939, 7.122966855163504, 54.05283118154631,  53.99019349012729, 0.34883757425567063,295.35336627720386,  56.39558697811515,  350205.6868424069,      0.0,  350205.6868424069,   1.0
-0.037192849357281295, 0.03718875268974939, 7.122966855163504, 53.05283118154631,  54.99019349012729, 0.34883757425567063,295.35336627720386,  56.39558697811515,  349583.8520770689,      0.0,  349583.8520770689,   1.0
-0.037192849357281295, 0.03718875268974939, 7.122966855163504, 53.05283118154631,  53.99019349012729, 0.02000057999999999,295.35336627720386,  56.39558697811515,  330923.6019535904,      0.0,  330923.6019535904,   1.0
-0.037192849357281295, 0.03718875268974939, 7.122966855163504, 53.05283118154631,  53.99019349012729, 0.34883757425567063,296.35336627720386,  56.39558697811515,   350088.712104307,      0.0,   350088.712104307,   1.0
-0.037192849357281295, 0.03718875268974939, 7.122966855163504, 53.05283118154631,  53.99019349012729, 0.34883757425567063,295.35336627720386,  57.39558697811515,  349831.6405552997,      0.0,  349831.6405552997,   1.0
 -0.03719284930926826,  0.0371887526417356, 7.122966855066678, 53.05283118149821,  53.99019348991638,   0.348837574209785, 295.3533662772085,  56.39558697820892,  349947.3316272098,      0.0,  349947.3316272098,   1.0
  0.29999939999999997,  0.0371887526417356, 7.122966855066678, 53.05283118149821,  53.99019348991638,   0.348837574209785, 295.3533662772085,  56.39558697820892,  267331.0497726697,      0.0,  267331.0497726697,   1.0
 -0.03719284930926826,-0.29999939999999997, 7.122966855066678, 53.05283118149821,  53.99019348991638,   0.348837574209785, 295.3533662772085,  56.39558697820892,  315675.0884796814,      0.0,  315675.0884796814,   1.0
 -0.03719284930926826,  0.0371887526417356, 8.122966855066679, 53.05283118149821,  53.99019348991638,   0.348837574209785, 295.3533662772085,  56.39558697820892,  350134.7508955271,      0.0,  350134.7508955271,   1.0
 -0.03719284930926826,  0.0371887526417356, 7.122966855066678, 54.05283118149821,  53.99019348991638,   0.348837574209785, 295.3533662772085,  56.39558697820892,  350205.6868424069,      0.0,  350205.6868424069,   1.0
 -0.03719284930926826,  0.0371887526417356, 7.122966855066678, 53.05283118149821,  54.99019348991638,   0.348837574209785, 295.3533662772085,  56.39558697820892,  349583.8520770689,      0.0,  349583.8520770689,   1.0
 -0.03719284930926826,  0.0371887526417356, 7.122966855066678, 53.05283118149821,  53.99019348991638, 0.02000057999999999, 295.3533662772085,  56.39558697820892,  330923.6019535904,      0.0,  330923.6019535904,   1.0
 -0.03719284930926826,  0.0371887526417356, 7.122966855066678, 53.05283118149821,  53.99019348991638,   0.348837574209785, 296.3533662772085,  56.39558697820892,   350088.712104307,      0.0,   350088.712104307,   1.0
 -0.03719284930926826,  0.0371887526417356, 7.122966855066678, 53.05283118149821,  53.99019348991638,   0.348837574209785, 295.3533662772085,  57.39558697820892,  349831.6405552997,      0.0,  349831.6405552997,   1.0
 -0.03719284929913572,0.037188752631602914,7.1229668550462435, 53.05283118148806,  53.99019348987187,  0.3488375742001015, 295.3533662772095,  56.39558697822871,  349947.3316272098,      0.0,  349947.3316272098,   1.0
  0.29999939999999997,0.037188752631602914,7.1229668550462435, 53.05283118148806,  53.99019348987187,  0.3488375742001015, 295.3533662772095,  56.39558697822871,  267331.0497726697,      0.0,  267331.0497726697,   1.0
 -0.03719284929913572,-0.29999939999999997,7.1229668550462435, 53.05283118148806,  53.99019348987187,  0.3488375742001015, 295.3533662772095,  56.39558697822871,  315675.0884796814,      0.0,  315675.0884796814,   1.0
 -0.03719284929913572,0.037188752631602914, 8.122966855046243, 53.05283118148806,  53.99019348987187,  0.3488375742001015, 295.3533662772095,  56.39558697822871,  350134.7508955271,      0.0,  350134.7508955271,   1.0
 -0.03719284929913572,0.037188752631602914,7.1229668550462435, 54.05283118148806,  53.99019348987187,  0.3488375742001015, 295.3533662772095,  56.39558697822871,  350205.6868424069,      0.0,  350205.6868424069,   1.0
 -0.03719284929913572,0.037188752631602914,7.1229668550462435, 53.05283118148806,  54.99019348987187,  0.3488375742001015, 295.3533662772095,  56.39558697822871,  349583.8520770689,      0.0,  349583.8520770689,   1.0
 -0.03719284929913572,0.037188752631602914,7.1229668550462435, 53.05283118148806,  53.99019348987187, 0.02000057999999999, 295.3533662772095,  56.39558697822871,  330923.6019535904,      0.0,  330923.6019535904,   1.0
 -0.03719284929913572,0.037188752631602914,7.1229668550462435, 53.05283118148806,  53.99019348987187,  0.3488375742001015, 296.3533662772095,  56.39558697822871,   350088.712104307,      0.0,   350088.712104307,   1.0
 -0.03719284929913572,0.037188752631602914,7.1229668550462435, 53.05283118148806,  53.99019348987187,  0.3488375742001015, 295.3533662772095,  57.39558697822871,  349831.6405552997,      0.0,  349831.6405552997,   1.0
 -0.03719284929699739,0.037188752629464555, 7.122966855041931, 53.05283118148592,  53.99019348986248,  0.3488375741980579, 295.3533662772097, 56.395586978232885,  349947.3316272098,      0.0,  349947.3316272098,   1.0
  0.29999939999999997,0.037188752629464555, 7.122966855041931, 53.05283118148592,  53.99019348986248,  0.3488375741980579, 295.3533662772097, 56.395586978232885,  267331.0497726697,      0.0,  267331.0497726697,   1.0
 -0.03719284929699739,          -0.2999994, 7.122966855041931, 53.05283118148592,  53.99019348986248,  0.3488375741980579, 295.3533662772097, 56.395586978232885,  315675.0884796814,      0.0,  315675.0884796814,   1.0
 -0.03719284929699739,0.037188752629464555,  8.12296685504193, 53.05283118148592,  53.99019348986248,  0.3488375741980579, 295.3533662772097, 56.395586978232885,  350134.7508955271,      0.0,  350134.7508955271,   1.0
 -0.03719284929699739,0.037188752629464555, 7.122966855041931, 54.05283118148592,  53.99019348986248,  0.3488375741980579, 295.3533662772097, 56.395586978232885,  350205.6868424069,      0.0,  350205.6868424069,   1.0
 -0.03719284929699739,0.037188752629464555, 7.122966855041931, 53.05283118148592,  54.99019348986248,  0.3488375741980579, 295.3533662772097, 56.395586978232885,  349583.8520770689,      0.0,  349583.8520770689,   1.0
 -0.03719284929699739,0.037188752629464555, 7.122966855041931, 53.05283118148592,  53.99019348986248, 0.02000057999999999, 295.3533662772097, 56.395586978232885,  330923.6019535904,      0.0,  330923.6019535904,   1.0
 -0.03719284929699739,0.037188752629464555, 7.122966855041931, 53.05283118148592,  53.99019348986248,  0.3488375741980579, 296.3533662772097, 56.395586978232885,   350088.712104307,      0.0,   350088.712104307,   1.0
 -0.03719284929699739,0.037188752629464555, 7.122966855041931, 53.05283118148592,  53.99019348986248,  0.3488375741980579, 295.3533662772097, 57.395586978232885,  349831.6405552997,      0.0,  349831.6405552997,   1.0
 -0.03719284929654614, 0.03718875262901329, 7.122966855041021,53.052831181485466, 53.990193489860495,  0.3488375741976266, 295.3533662772098, 56.395586978233766,  349947.3316272098,      0.0,  349947.3316272098,   1.0
  0.29999939999999997, 0.03718875262901329, 7.122966855041021,53.052831181485466, 53.990193489860495,  0.3488375741976266, 295.3533662772098, 56.395586978233766,  267331.0497726697,      0.0,  267331.0497726697,   1.0
 -0.03719284929654614,-0.29999939999999997, 7.122966855041021,53.052831181485466, 53.990193489860495,  0.3488375741976266, 295.3533662772098, 56.395586978233766,  315675.0884796814,      0.0,  315675.0884796814,   1.0
 -0.03719284929654614, 0.03718875262901329, 8.122966855041021,53.052831181485466, 53.990193489860495,  0.3488375741976266, 295.3533662772098, 56.395586978233766,  350134.7508955271,      0.0,  350134.7508955271,   1.0
 -0.03719284929654614, 0.03718875262901329, 7.122966855041021,54.052831181485466, 53.990193489860495,  0.3488375741976266, 295.3533662772098, 56.395586978233766,  350205.6868424069,      0.0,  350205.6868424069,   1.0
 -0.03719284929654614, 0.03718875262901329, 7.122966855041021,53.052831181485466, 54.990193489860495,  0.3488375741976266, 295.3533662772098, 56.395586978233766,  349583.8520770689,      0.0,  349583.8520770689,   1.0
 -0.03719284929654614, 0.03718875262901329, 7.122966855041021,53.052831181485466, 53.990193489860495, 0.02000057999999999, 295.3533662772098, 56.395586978233766,  330923.6019535904,      0.0,  330923.6019535904,   1.0
 -0.03719284929654614, 0.03718875262901329, 7.122966855041021,53.052831181485466, 53.990193489860495,  0.3488375741976266, 296.3533662772098, 56.395586978233766,   350088.712104307,      0.0,   350088.712104307,   1.0
 -0.03719284929654614, 0.03718875262901329, 7.122966855041021,53.052831181485466, 53.990193489860495,  0.3488375741976266, 295.3533662772098, 57.395586978233766,  349831.6405552997,      0.0,  349831.6405552997,   1.0
-0.037192849296450906,0.037188752628918055, 7.122966855040829,53.052831181485374, 53.990193489860076,  0.3488375741975356, 295.3533662772098,  56.39558697823395,  349947.3316272098,      0.0,  349947.3316272098,   1.0
  0.29999939999999997,0.037188752628918055, 7.122966855040829,53.052831181485374, 53.990193489860076,  0.3488375741975356, 295.3533662772098,  56.39558697823395,  267331.0497726697,      0.0,  267331.0497726697,   1.0
-0.037192849296450906,-0.29999939999999997, 7.122966855040829,53.052831181485374, 53.990193489860076,  0.3488375741975356, 295.3533662772098,  56.39558697823395,  315675.0884796814,      0.0,  315675.0884796814,   1.0
-0.037192849296450906,0.037188752628918055,  8.12296685504083,53.052831181485374, 53.990193489860076,  0.3488375741975356, 295.3533662772098,  56.39558697823395,  350134.7508955271,      0.0,  350134.7508955271,   1.0
-0.037192849296450906,0.037188752628918055, 7.122966855040829,54.052831181485374, 53.990193489860076,  0.3488375741975356, 295.3533662772098,  56.39558697823395,  350205.6868424069,      0.0,  350205.6868424069,   1.0
-0.037192849296450906,0.037188752628918055, 7.122966855040829,53.052831181485374, 54.990193489860076,  0.3488375741975356, 295.3533662772098,  56.39558697823395,  349583.8520770689,      0.0,  349583.8520770689,   1.0
-0.037192849296450906,0.037188752628918055, 7.122966855040829,53.052831181485374, 53.990193489860076, 0.02000057999999999, 295.3533662772098,  56.39558697823395,  330923.6019535904,      0.0,  330923.6019535904,   1.0
-0.037192849296450906,0.037188752628918055, 7.122966855040829,53.052831181485374, 53.990193489860076,  0.3488375741975356, 296.3533662772098,  56.39558697823395,   350088.712104307,      0.0,   350088.712104307,   1.0
-0.037192849296450906,0.037188752628918055, 7.122966855040829,53.052831181485374, 53.990193489860076,  0.3488375741975356, 295.3533662772098,  57.39558697823395,  349831.6405552997,      0.0,  349831.6405552997,   1.0
 -0.03719284929651376,0.037188752628980914, 7.122966855040956, 53.05283118148543,  53.99019348986035,  0.3488375741975957, 295.3533662772098,  56.39558697823383,  349947.3316272098,      0.0,  349947.3316272098,   1.0
   0.2999993999999999,0.037188752628980914, 7.122966855040956, 53.05283118148543,  53.99019348986035,  0.3488375741975957, 295.3533662772098,  56.39558697823383,  267331.0497726697,      0.0,  267331.0497726697,   1.0
 -0.03719284929651376,-0.29999939999999997, 7.122966855040956, 53.05283118148543,  53.99019348986035,  0.3488375741975957, 295.3533662772098,  56.39558697823383,  315675.0884796814,      0.0,  315675.0884796814,   1.0
 -0.03719284929651376,0.037188752628980914, 8.122966855040957, 53.05283118148543,  53.99019348986035,  0.3488375741975957, 295.3533662772098,  56.39558697823383,  350134.7508955271,      0.0,  350134.7508955271,   1.0
 -0.03719284929651376,0.037188752628980914, 7.122966855040956, 54.05283118148543,  53.99019348986035,  0.3488375741975957, 295.3533662772098,  56.39558697823383,  350205.6868424069,      0.0,  350205.6868424069,   1.0
 -0.03719284929651376,0.037188752628980914, 7.122966855040956, 53.05283118148543,  54.99019348986035,  0.3488375741975957, 295.3533662772098,  56.39558697823383,  349583.8520770689,      0.0,  349583.8520770689,   1.0
 -0.03719284929651376,0.037188752628980914, 7.122966855040956, 53.05283118148543,  53.99019348986035, 0.02000057999999999, 295.3533662772098,  56.39558697823383,  330923.6019535904,      0.0,  330923.6019535904,   1.0
 -0.03719284929651376,0.037188752628980914, 7.122966855040956, 53.05283118148543,  53.99019348986035,  0.3488375741975957, 296.3533662772098,  56.39558697823383,   350088.712104307,      0.0,   350088.712104307,   1.0
 -0.03719284929651376,0.037188752628980914, 7.122966855040956, 53.05283118148543,  53.99019348986035,  0.3488375741975957, 295.3533662772098,  57.39558697823383,  349831.6405552997,      0.0,  349831.6405552997,   1.0
 -0.29999939999999997, 0.29999939999999997,          59.99988,          79.99994,          -89.99974,          0.59999942,         499.99955,           5.000115, 215485.58540442638,      0.0, 215485.58540442638,   1.0
  0.29999939999999997, 0.29999939999999997,          59.99988,          79.99994,          -89.99974,          0.59999942,         499.99955,           5.000115, 235847.90889371434,      0.0, 235847.90889371434,   1.0
 -0.29999939999999997,-0.29999939999999997,          59.99988,          79.99994,          -89.99974,          0.59999942,         499.99955,           5.000115,  228745.8897994933,      0.0,  228745.8897994933,   1.0
 -0.29999939999999997, 0.29999939999999997,          58.99988,          79.99994,          -89.99974,          0.59999942,         499.99955,           5.000115, 215253.85359184406,      0.0, 215253.85359184406,   1.0
 -0.29999939999999997, 0.29999939999999997,          59.99988,          78.99994,          -89.99974,          0.59999942,         499.99955,           5.000115,  208437.7414728873,      0.0,  208437.7414728873,   1.0
 -0.29999939999999997, 0.29999939999999997,          59.99988,          79.99994,          -88.99974,          0.59999942,         499.99955,           5.000115, 213891.01556181491,      0.0, 213891.01556181491,   1.0
 -0.29999939999999997, 0.29999939999999997,          59.99988,          79.99994,          -89.99974,0.020000580000000046,         499.99955,           5.000115, 210059.57394177385,      0.0, 210059.57394177385,   1.0
 -0.29999939999999997, 0.29999939999999997,          59.99988,          79.99994,          -89.99974,          0.59999942,         498.99955,           5.000115, 215512.59225882575,      0.0, 215512.59225882575,   1.0
 -0.29999939999999997, 0.29999939999999997,          59.99988,          79.99994,          -89.99974,          0.59999942,         499.99955,           6.000115, 215659.25385830793,      0.0, 215659.25385830793,   1.0
 -0.06220905080324032, 0.06220534409197087,12.156248981195395, 55.61789016660318, 40.283985705115356,  0.3727453319326124, 314.8333608051405,  51.50332124093298,  351076.6948580458,      0.0,  351076.6948580458,   1.0
   0.2999993999999999, 0.06220534409197087,12.156248981195395, 55.61789016660318, 40.283985705115356,  0.3727453319326124, 314.8333608051405,  51.50332124093298, 267430.84730456665,      0.0, 267430.84730456665,   1.0
 -0.06220905080324032,-0.29999939999999997,12.156248981195395, 55.61789016660318, 40.283985705115356,  0.3727453319326124, 314.8333608051405,  51.50332124093298,  287620.1177482133,      0.0,  287620.1177482133,   1.0
 -0.06220905080324032, 0.06220534409197087,13.156248981195395, 55.61789016660318, 40.283985705115356,  0.3727453319326124, 314.8333608051405,  51.50332124093298,  351421.4594899027,      0.0,  351421.4594899027,   1.0
 -0.06220905080324032, 0.06220534409197087,12.156248981195395, 56.61789016660318, 40.283985705115356,  0.3727453319326124, 314.8333608051405,  51.50332124093298, 351161.94219458016,      0.0, 351161.94219458016,   1.0
 -0.06220905080324032, 0.06220534409197087,12.156248981195395, 55.61789016660318, 41.283985705115356,  0.3727453319326124, 314.8333608051405,  51.50332124093298,  351650.1701237492,      0.0,  351650.1701237492,   1.0
 -0.06220905080324032, 0.06220534409197087,12.156248981195395, 55.61789016660318, 40.283985705115356, 0.02000057999999999, 314.8333608051405,  51.50332124093298, 325106.01228636404,      0.0, 325106.01228636404,   1.0
 -0.06220905080324032, 0.06220534409197087,12.156248981195395, 55.61789016660318, 40.283985705115356,  0.3727453319326124, 315.8333608051405,  51.50332124093298,  351217.0190151924,      0.0,  351217.0190151924,   1.0
 -0.06220905080324032, 0.06220534409197087,12.156248981195395, 55.61789016660318, 40.283985705115356,  0.3727453319326124, 314.8333608051405,  52.50332124093298, 350992.05518420064,      0.0, 350992.05518420064,   1.0
 -0.29999939999999997, 0.29999939999999997,28.419354045618032, 63.90547326470997,-3.9982082001738277,          0.59999942,  377.772636040212, 35.696496955609206, 235530.88551885815,      0.0, 235530.88551885815,   1.0
  0.29999939999999997, 0.29999939999999997,28.419354045618032, 63.90547326470997,-3.9982082001738277,          0.59999942,  377.772636040212, 35.696496955609206, 234857.94590392947,      0.0, 234857.94590392947,   1.0
 -0.29999939999999997,-0.29999939999999997,28.419354045618032, 63.90547326470997,-3.9982082001738277,          0.59999942,  377.772636040212, 35.696496955609206, 257423.52599039924,      0.0, 257423.52599039924,   1.0
 -0.29999939999999997, 0.29999939999999997,29.419354045618032, 63.90547326470997,-3.9982082001738277,          0.59999942,  377.772636040212, 35.696496955609206, 237180.79466139502,      0.0, 237180.79466139502,   1.0
 -0.29999939999999997, 0.29999939999999997,28.419354045618032, 64.90547326470997,-3.9982082001738277,          0.59999942,  377.772636040212, 35.696496955609206, 237209.26209491398,      0.0, 237209.26209491398,   1.0
 -0.29999939999999997, 0.29999939999999997,28.419354045618032, 63.90547326470997,-2.9982082001738277,          0.59999942,  377.772636040212, 35.696496955609206, 238123.07200578647,      0.0, 238123.07200578647,   1.0
 -0.29999939999999997, 0.29999939999999997,28.419354045618032, 63.90547326470997,-3.9982082001738277,0.020000580000000046,  377.772636040212, 35.696496955609206, 133218.83605302428,      0.0, 133218.83605302428,   1.0
 -0.29999939999999997, 0.29999939999999997,28.419354045618032, 63.90547326470997,-3.9982082001738277,          0.59999942,  378.772636040212, 35.696496955609206,   235161.072406468,      0.0,   235161.072406468,   1.0
 -0.29999939999999997, 0.29999939999999997,28.419354045618032, 63.90547326470997,-3.9982082001738277,          0.59999942,  377.772636040212, 36.696496955609206, 237558.94074951316,      0.0, 237558.94074951316,   1.0
  -0.0922911025524426, 0.09228786476466228, 14.21363932442528,56.666324236678804,  34.68199532524139,  0.4014944769696309,322.79559535786433,  49.50365343377482, 345314.39216500055,      0.0, 345314.39216500055,   1.0
  0.29999939999999997, 0.09228786476466228, 14.21363932442528,56.666324236678804,  34.68199532524139,  0.4014944769696309,322.79559535786433,  49.50365343377482,  262933.1005249289,      0.0,  262933.1005249289,   1.0
  -0.0922911025524426,-0.29999939999999997, 14.21363932442528,56.666324236678804,  34.68199532524139,  0.4014944769696309,322.79559535786433,  49.50365343377482,  272089.0179756394,      0.0,  272089.0179756394,   1.0
  -0.0922911025524426, 0.09228786476466228, 15.21363932442528,56.666324236678804,  34.68199532524139,  0.4014944769696309,322.79559535786433,  49.50365343377482,   345833.232722756,      0.0,   345833.232722756,   1.0
  -0.0922911025524426, 0.09228786476466228, 14.21363932442528,57.666324236678804,  34.68199532524139,  0.4014944769696309,322.79559535786433,  49.50365343377482, 345459.01070849237,      0.0, 345459.01070849237,   1.0
  -0.0922911025524426, 0.09228786476466228, 14.21363932442528,56.666324236678804,  35.68199532524139,  0.4014944769696309,322.79559535786433,  49.50365343377482,  345695.7751792241,      0.0,  345695.7751792241,   1.0
  -0.0922911025524426, 0.09228786476466228, 14.21363932442528,56.666324236678804,  34.68199532524139, 0.02000057999999999,322.79559535786433,  49.50365343377482,   322503.122573585,      0.0,   322503.122573585,   1.0
  -0.0922911025524426, 0.09228786476466228, 14.21363932442528,56.666324236678804,  34.68199532524139,  0.4014944769696309,323.79559535786433,  49.50365343377482,  345428.1699183916,      0.0,  345428.1699183916,   1.0
  -0.0922911025524426, 0.09228786476466228, 14.21363932442528,56.666324236678804,  34.68199532524139,  0.4014944769696309,322.79559535786433,  50.50365343377482,   345416.385406315,      0.0,   345416.385406315,   1.0
   -0.066222083804663, 0.06621843964914782,12.430710823526638, 55.75775431410572,  39.53666393147062,   0.376580551310536, 315.8955460008693,  51.23655975242444, 350197.96227615123,      0.0, 350197.96227615123,   1.0
  0.29999939999999997, 0.06621843964914782,12.430710823526638, 55.75775431410572,  39.53666393147062,   0.376580551310536, 315.8955460008693,  51.23655975242444, 266673.74021728814,      0.0, 266673.74021728814,   1.0
   -0.066222083804663,-0.29999939999999997,12.430710823526638, 55.75775431410572,  39.53666393147062,   0.376580551310536, 315.8955460008693,  51.23655975242444,  285467.2361200716,      0.0,  285467.2361200716,   1.0
   -0.066222083804663, 0.06621843964914782,13.430710823526638, 55.75775431410572,  39.53666393147062,   0.376580551310536, 315.8955460008693,  51.23655975242444,  350564.2785477945,      0.0,  350564.2785477945,   1.0
   -0.066222083804663, 0.06621843964914782,12.430710823526638, 56.75775431410572,  39.53666393147062,   0.376580551310536, 315.8955460008693,  51.23655975242444, 350492.94433058635,      0.0, 350492.94433058635,   1.0
   -0.066222083804663, 0.06621843964914782,12.430710823526638, 55.75775431410572,  40.53666393147062,   0.376580551310536, 315.8955460008693,  51.23655975242444,  350646.8502999279,      0.0,  350646.8502999279,   1.0
   -0.066222083804663, 0.06621843964914782,12.430710823526638, 55.75775431410572,  39.53666393147062, 0.02000057999999999, 315.8955460008693,  51.23655975242444,  325259.9136556978,      0.0,  325259.9136556978,   1.0
   -0.066222083804663, 0.06621843964914782,12.430710823526638, 55.75775431410572,  39.53666393147062,   0.376580551310536, 316.8955460008693,  51.23655975242444, 350359.63191912917,      0.0, 350359.63191912917,   1.0
   -0.066222083804663, 0.06621843964914782,12.430710823526638, 55.75775431410572,  39.53666393147062,   0.376580551310536, 315.8955460008693,  52.23655975242444, 350155.55369786086,      0.0, 350155.55369786086,   1.0
 -0.06271217901181893, 0.06270848014338669,12.190659237728632,  55.6354254318134,  40.19029131858218,  0.3732261670153133,314.96653073783637,  51.46987640512339, 351005.62236693385,      0.0, 351005.62236693385,   1.0
  0.29999939999999997, 0.06270848014338669,12.190659237728632,  55.6354254318134,  40.19029131858218,  0.3732261670153133,314.96653073783637,  51.46987640512339,  267348.7463073687,      0.0,  267348.7463073687,   1.0
 -0.06271217901181893,-0.29999939999999997,12.190659237728632,  55.6354254318134,  40.19029131858218,  0.3732261670153133,314.96653073783637,  51.46987640512339, 287334.43476175104,      0.0, 287334.43476175104,   1.0
 -0.06271217901181893, 0.06270848014338669,13.190659237728632,  55.6354254318134,  40.19029131858218,  0.3732261670153133,314.96653073783637,  51.46987640512339,   351370.629076799,      0.0,   351370.629076799,   1.0
 -0.06271217901181893, 0.06270848014338669,12.190659237728632,  56.6354254318134,  40.19029131858218,  0.3732261670153133,314.96653073783637,  51.46987640512339, 351095.39150657656,      0.0, 351095.39150657656,   1.0
 -0.06271217901181893, 0.06270848014338669,12.190659237728632,  55.6354254318134,  41.19029131858218,  0.3732261670153133,314.96653073783637,  51.46987640512339, 351399.79541055765,      0.0, 351399.79541055765,   1.0
 -0.06271217901181893, 0.06270848014338669,12.190659237728632,  55.6354254318134,  40.19029131858218, 0.02000057999999999,314.96653073783637,  51.46987640512339,  325107.8128871566,      0.0,  325107.8128871566,   1.0
 -0.06271217901181893, 0.06270848014338669,12.190659237728632,  55.6354254318134,  40.19029131858218,  0.3732261670153133,315.96653073783637,  51.46987640512339,  351160.0014062105,      0.0,  351160.0014062105,   1.0
 -0.06271217901181893, 0.06270848014338669,12.190659237728632,  55.6354254318134,  40.19029131858218,  0.3732261670153133,314.96653073783637,  52.46987640512339, 350937.45123775344,      0.0, 350937.45123775344,   1.0
 -0.06228178588286796, 0.06227808030540372,12.161223523879103, 55.62042516442205,  40.27044071091913,  0.3728148441909825, 314.8526126091409,  51.49848626496808,  351040.1706420481,      0.0,  351040.1706420481,   1.0
  0.29999939999999997, 0.06227808030540372,12.161223523879103, 55.62042516442205,  40.27044071091913,  0.3728148441909825, 314.8526126091409,  51.49848626496808,  267431.8206064458,      0.0,  267431.8206064458,   1.0
 -0.06228178588286796,-0.29999939999999997,12.161223523879103, 55.62042516442205,  40.27044071091913,  0.3728148441909825, 314.8526126091409,  51.49848626496808, 287561.25217147014,      0.0, 287561.25217147014,   1.0
 -0.06228178588286796, 0.06227808030540372,13.161223523879103, 55.62042516442205,  40.27044071091913,  0.3728148441909825, 314.8526126091409,  51.49848626496808,  351390.0717679344,      0.0,  351390.0717679344,   1.0
 -0.06228178588286796, 0.06227808030540372,12.161223523879103, 56.62042516442205,  40.27044071091913,  0.3728148441909825, 314.8526126091409,  51.49848626496808,  351140.2240222624,      0.0,  351140.2240222624,   1.0
 -0.06228178588286796, 0.06227808030540372,12.161223523879103, 55.62042516442205,  41.27044071091913,  0.3728148441909825, 314.8526126091409,  51.49848626496808, 351551.61166420334,      0.0, 351551.61166420334,   1.0
 -0.06228178588286796, 0.06227808030540372,12.161223523879103, 55.62042516442205,  40.27044071091913, 0.02000057999999999, 314.8526126091409,  51.49848626496808,  325081.5000396976,      0.0,  325081.5000396976,   1.0
 -0.06228178588286796, 0.06227808030540372,12.161223523879103, 55.62042516442205,  40.27044071091913,  0.3728148441909825, 315.8526126091409,  51.49848626496808, 351183.94092229236,      0.0, 351183.94092229236,   1.0
 -0.06228178588286796, 0.06227808030540372,12.161223523879103, 55.62042516442205,  40.27044071091913,  0.3728148441909825, 314.8526126091409,  52.49848626496808,  350959.2027923622,      0.0,  350959.2027923622,   1.0
-0.062215200900294816, 0.06221149428489399,12.156669602448071,55.618104512730234,  40.28284041140927, 0.37275120952479546, 314.8349886367684,  51.50291242071044,  351076.0712476433,      0.0,  351076.0712476433,   1.0
  0.29999939999999997, 0.06221149428489399,12.156669602448071,55.618104512730234,  40.28284041140927, 0.37275120952479546, 314.8349886367684,  51.50291242071044, 267431.70076008554,      0.0, 267431.70076008554,   1.0
-0.062215200900294816,-0.29999939999999997,12.156669602448071,55.618104512730234,  40.28284041140927, 0.37275120952479546, 314.8349886367684,  51.50291242071044, 287612.17941778037,      0.0, 287612.17941778037,   1.0
-0.062215200900294816, 0.06221149428489399,13.156669602448071,55.618104512730234,  40.28284041140927, 0.37275120952479546, 314.8349886367684,  51.50291242071044,  351421.0916175415,      0.0,  351421.0916175415,   1.0
-0.062215200900294816, 0.06221149428489399,12.156669602448071,56.618104512730234,  40.28284041140927, 0.37275120952479546, 314.8349886367684,  51.50291242071044,  351163.0708321336,      0.0,  351163.0708321336,   1.0
-0.062215200900294816, 0.06221149428489399,12.156669602448071,55.618104512730234,  41.28284041140927, 0.37275120952479546, 314.8349886367684,  51.50291242071044,  351641.1447990894,      0.0,  351641.1447990894,   1.0
-0.062215200900294816, 0.06221149428489399,12.156669602448071,55.618104512730234,  40.28284041140927, 0.02000057999999999, 314.8349886367684,  51.50291242071044,  325107.0453838658,      0.0,  325107.0453838658,   1.0
-0.062215200900294816, 0.06221149428489399,12.156669602448071,55.618104512730234,  40.28284041140927, 0.37275120952479546, 315.8349886367684,  51.50291242071044, 351217.21956280305,      0.0, 351217.21956280305,   1.0
-0.062215200900294816, 0.06221149428489399,12.156669602448071,55.618104512730234,  40.28284041140927, 0.37275120952479546, 314.8349886367684,  52.50291242071044,  350991.1071612577,      0.0,  350991.1071612577,   1.0
-0.062210042544652906,0.062206335848842866,12.156316808989265,55.617924731249715,  40.28380101937986, 0.37274627973091906,  314.833623303118, 51.503255316128644,  351076.8589411712,      0.0,  351076.8589411712,   1.0
  0.29999939999999997,0.062206335848842866,12.156316808989265,55.617924731249715,  40.28380101937986, 0.37274627973091906,  314.833623303118, 51.503255316128644,  267430.5280495604,      0.0,  267430.5280495604,   1.0
-0.062210042544652906,-0.29999939999999997,12.156316808989265,55.617924731249715,  40.28380101937986, 0.37274627973091906,  314.833623303118, 51.503255316128644, 287611.26021819987,      0.0, 287611.26021819987,   1.0
-0.062210042544652906,0.062206335848842866,13.156316808989265,55.617924731249715,  40.28380101937986, 0.37274627973091906,  314.833623303118, 51.503255316128644,  351421.5911766211,      0.0,  351421.5911766211,   1.0
-0.062210042544652906,0.062206335848842866,12.156316808989265,56.617924731249715,  40.28380101937986, 0.37274627973091906,  314.833623303118, 51.503255316128644, 351161.94524585403,      0.0, 351161.94524585403,   1.0
-0.062210042544652906,0.062206335848842866,12.156316808989265,55.617924731249715,  41.28380101937986, 0.37274627973091906,  314.833623303118, 51.503255316128644,  351650.1675147515,      0.0,  351650.1675147515,   1.0
-0.062210042544652906,0.062206335848842866,12.156316808989265,55.617924731249715,  40.28380101937986, 0.02000057999999999,  314.833623303118, 51.503255316128644, 325105.93768547097,      0.0, 325105.93768547097,   1.0
-0.062210042544652906,0.062206335848842866,12.156316808989265,55.617924731249715,  40.28380101937986, 0.37274627973091906,  315.833623303118, 51.503255316128644,  351217.5747518506,      0.0,  351217.5747518506,   1.0
-0.062210042544652906,0.062206335848842866,12.156316808989265,55.617924731249715,  40.28380101937986, 0.37274627973091906,  314.833623303118, 52.503255316128644,  350992.2473306277,      0.0,  350992.2473306277,   1.0
 -0.06221078746512756, 0.06220708078092945,12.156367756052443, 55.61795069357475,  40.28366229754773, 0.37274699164468567,314.83382047156886,  51.50320579844599, 351076.84307629504,      0.0, 351076.84307629504,   1.0
  0.29999939999999997, 0.06220708078092945,12.156367756052443, 55.61795069357475,  40.28366229754773, 0.37274699164468567,314.83382047156886,  51.50320579844599,  267430.5198755122,      0.0,  267430.5198755122,   1.0
 -0.06221078746512756,-0.29999939999999997,12.156367756052443, 55.61795069357475,  40.28366229754773, 0.37274699164468567,314.83382047156886,  51.50320579844599,  287611.8365511857,      0.0,  287611.8365511857,   1.0
 -0.06221078746512756, 0.06220708078092945,13.156367756052443, 55.61795069357475,  40.28366229754773, 0.37274699164468567,314.83382047156886,  51.50320579844599,  351421.5865358431,      0.0,  351421.5865358431,   1.0
 -0.06221078746512756, 0.06220708078092945,12.156367756052443, 56.61795069357475,  40.28366229754773, 0.37274699164468567,314.83382047156886,  51.50320579844599, 351161.94101007166,      0.0, 351161.94101007166,   1.0
 -0.06221078746512756, 0.06220708078092945,12.156367756052443, 55.61795069357475,  41.28366229754773, 0.37274699164468567,314.83382047156886,  51.50320579844599,  351642.0792749604,      0.0,  351642.0792749604,   1.0
 -0.06221078746512756, 0.06220708078092945,12.156367756052443, 55.61795069357475,  40.28366229754773, 0.02000057999999999,314.83382047156886,  51.50320579844599, 325105.94701077277,      0.0, 325105.94701077277,   1.0
 -0.06221078746512756, 0.06220708078092945,12.156367756052443, 55.61795069357475,  40.28366229754773, 0.37274699164468567,315.83382047156886,  51.50320579844599,  351217.5916597382,      0.0,  351217.5916597382,   1.0
 -0.06221078746512756, 0.06220708078092945,12.156367756052443, 55.61795069357475,  40.28366229754773, 0.37274699164468567,314.83382047156886,  52.50320579844599,  350992.2397205514,      0.0,  350992.2397205514,   1.0
-0.062210190051066566,0.062206483357555874,12.156326897339406,55.617929872213864,  40.28377355019268, 0.37274642070146574,314.83366234568973,  51.50324551081918,  351076.8589411712,      0.0,  351076.8589411712,   1.0
            0.2999994,0.062206483357555874,12.156326897339406,55.617929872213864,  40.28377355019268, 0.37274642070146574,314.83366234568973,  51.50324551081918,  267430.5280495604,      0.0,  267430.5280495604,   1.0
-0.062210190051066566,-0.29999939999999997,12.156326897339406,55.617929872213864,  40.28377355019268, 0.37274642070146574,314.83366234568973,  51.50324551081918, 287611.26021819987,      0.0, 287611.26021819987,   1.0
-0.062210190051066566,0.062206483357555874,13.156326897339406,55.617929872213864,  40.28377355019268, 0.37274642070146574,314.83366234568973,  51.50324551081918,  351421.5911766211,      0.0,  351421.5911766211,   1.0
-0.062210190051066566,0.062206483357555874,12.156326897339406,56.617929872213864,  40.28377355019268, 0.37274642070146574,314.83366234568973,  51.50324551081918, 351161.94524585403,      0.0, 351161.94524585403,   1.0
-0.062210190051066566,0.062206483357555874,12.156326897339406,55.617929872213864,  41.28377355019268, 0.37274642070146574,314.83366234568973,  51.50324551081918,  351650.1675147515,      0.0,  351650.1675147515,   1.0
-0.062210190051066566,0.062206483357555874,12.156326897339406,55.617929872213864,  40.28377355019268, 0.02000057999999999,314.83366234568973,  51.50324551081918, 325105.93768547097,      0.0, 325105.93768547097,   1.0
-0.062210190051066566,0.062206483357555874,12.156326897339406,55.617929872213864,  40.28377355019268, 0.37274642070146574,315.83366234568973,  51.50324551081918,  351217.5805903083,      0.0,  351217.5805903083,   1.0
-0.062210190051066566,0.062206483357555874,12.156326897339406,55.617929872213864,  40.28377355019268, 0.37274642070146574,314.83366234568973,  52.50324551081918,  350992.2473306277,      0.0,  350992.2473306277,   1.0
-0.062210306585248405, 0.06220659989355427,12.156334867417458,55.617933933718966,  40.28375184876848,  0.3727465320721303, 314.8336931904106, 51.503237764351155,  351076.8523649071,      0.0,  351076.8523649071,   1.0
  0.29999939999999997, 0.06220659989355427,12.156334867417458,55.617933933718966,  40.28375184876848,  0.3727465320721303, 314.8336931904106, 51.503237764351155, 267430.52008593106,      0.0, 267430.52008593106,   1.0
-0.062210306585248405,-0.29999939999999997,12.156334867417458,55.617933933718966,  40.28375184876848,  0.3727465320721303, 314.8336931904106, 51.503237764351155,  287611.8893088106,      0.0,  287611.8893088106,   1.0
-0.062210306585248405, 0.06220659989355427,13.156334867417458,55.617933933718966,  40.28375184876848,  0.3727465320721303, 314.8336931904106, 51.503237764351155,  351421.5911766211,      0.0,  351421.5911766211,   1.0
-0.062210306585248405, 0.06220659989355427,12.156334867417458,56.617933933718966,  40.28375184876848,  0.3727465320721303, 314.8336931904106, 51.503237764351155, 351161.94101007166,      0.0, 351161.94101007166,   1.0
-0.062210306585248405, 0.06220659989355427,12.156334867417458,55.617933933718966,  41.28375184876848,  0.3727465320721303, 314.8336931904106, 51.503237764351155, 351650.16253055964,      0.0, 351650.16253055964,   1.0
-0.062210306585248405, 0.06220659989355427,12.156334867417458,55.617933933718966,  40.28375184876848, 0.02000057999999999, 314.8336931904106, 51.503237764351155, 325105.93411563965,      0.0, 325105.93411563965,   1.0
-0.062210306585248405, 0.06220659989355427,12.156334867417458,55.617933933718966,  40.28375184876848,  0.3727465320721303, 315.8336931904106, 51.503237764351155, 351217.60056131944,      0.0, 351217.60056131944,   1.0
-0.062210306585248405, 0.06220659989355427,12.156334867417458,55.617933933718966,  40.28375184876848,  0.3727465320721303, 314.8336931904106, 52.503237764351155,  350992.2473306277,      0.0,  350992.2473306277,   1.0
-0.062210190051066566,0.062206483357555874,12.156326897339406,55.617929872213864,  40.28377355019268, 0.37274642070146574,314.83366234568973,  51.50324551081918,  351076.8589411712,      0.0,  351076.8589411712,   1.0
            0.2999994,0.062206483357555874,12.156326897339406,55.617929872213864,  40.28377355019268, 0.37274642070146574,314.83366234568973,  51.50324551081918,  267430.5280495604,      0.0,  267430.5280495604,   1.0
-0.062210190051066566,-0.29999939999999997,12.156326897339406,55.617929872213864,  40.28377355019268, 0.37274642070146574,314.83366234568973,  51.50324551081918, 287611.26021819987,      0.0, 287611.26021819987,   1.0
-0.062210190051066566,0.062206483357555874,13.156326897339406,55.617929872213864,  40.28377355019268, 0.37274642070146574,314.83366234568973,  51.50324551081918,  351421.5911766211,      0.0,  351421.5911766211,   1.0
-0.062210190051066566,0.062206483357555874,12.156326897339406,56.617929872213864,  40.28377355019268, 0.37274642070146574,314.83366234568973,  51.50324551081918, 351161.94524585403,      0.0, 351161.94524585403,   1.0
-0.062210190051066566,0.062206483357555874,12.156326897339406,55.617929872213864,  41.28377355019268, 0.37274642070146574,314.83366234568973,  51.50324551081918,  351650.1675147515,      0.0,  351650.1675147515,   1.0
-0.062210190051066566,0.062206483357555874,12.156326897339406,55.617929872213864,  40.28377355019268, 0.02000057999999999,314.83366234568973,  51.50324551081918, 325105.93768547097,      0.0, 325105.93768547097,   1.0
-0.062210190051066566,0.062206483357555874,12.156326897339406,55.617929872213864,  40.28377355019268, 0.37274642070146574,315.83366234568973,  51.50324551081918,  351217.5805903083,      0.0,  351217.5805903083,   1.0
-0.062210190051066566,0.062206483357555874,12.156326897339406,55.617929872213864,  40.28377355019268, 0.37274642070146574,314.83366234568973,  52.50324551081918,  350992.2473306277,      0.0,  350992.2473306277,   1.0
 -0.29999939999999997, 0.29999939999999997,28.430047001238133, 63.91092192416472, -4.027324584572021,          0.59999942, 377.8140202723579,  35.68610387778672, 235455.63411911027,      0.0, 235455.63411911027,   1.0
  0.29999939999999997, 0.29999939999999997,28.430047001238133, 63.91092192416472, -4.027324584572021,          0.59999942, 377.8140202723579,  35.68610387778672, 234963.34812928515,      0.0, 234963.34812928515,   1.0
 -0.29999939999999997,-0.29999939999999997,28.430047001238133, 63.91092192416472, -4.027324584572021,          0.59999942, 377.8140202723579,  35.68610387778672,  257401.9891850631,      0.0,  257401.9891850631,   1.0
 -0.29999939999999997, 0.29999939999999997,29.430047001238133, 63.91092192416472, -4.027324584572021,          0.59999942, 377.8140202723579,  35.68610387778672, 237102.34626541502,      0.0, 237102.34626541502,   1.0
 -0.29999939999999997, 0.29999939999999997,28.430047001238133, 64.91092192416471, -4.027324584572021,          0.59999942, 377.8140202723579,  35.68610387778672, 237134.00066318194,      0.0, 237134.00066318194,   1.0
 -0.29999939999999997, 0.29999939999999997,28.430047001238133, 63.91092192416472, -3.027324584572021,          0.59999942, 377.8140202723579,  35.68610387778672,  238067.8283367126,      0.0,  238067.8283367126,   1.0
 -0.29999939999999997, 0.29999939999999997,28.430047001238133, 63.91092192416472, -4.027324584572021,0.020000580000000046, 377.8140202723579,  35.68610387778672,  133074.0588305783,      0.0,  133074.0588305783,   1.0
 -0.29999939999999997, 0.29999939999999997,28.430047001238133, 63.91092192416472, -4.027324584572021,          0.59999942, 378.8140202723579,  35.68610387778672,  235103.7038383724,      0.0,  235103.7038383724,   1.0
 -0.29999939999999997, 0.29999939999999997,28.430047001238133, 63.91092192416472, -4.027324584572021,          0.59999942, 377.8140202723579,  36.68610387778672, 237497.88335294297,      0.0, 237497.88335294297,   1.0
 -0.09229355767291698, 0.09229031992340743,14.215160031802576,56.667099128621665,   34.6778545297195, 0.40149682330608394, 322.8014808218543,  49.50217537573786,  345315.3953965487,      0.0,  345315.3953965487,   1.0
  0.29999939999999997, 0.09229031992340743,14.215160031802576,56.667099128621665,   34.6778545297195, 0.40149682330608394, 322.8014808218543,  49.50217537573786,  262960.7180790416,      0.0,  262960.7180790416,   1.0
 -0.09229355767291698,-0.29999939999999997,14.215160031802576,56.667099128621665,   34.6778545297195, 0.40149682330608394, 322.8014808218543,  49.50217537573786,  272066.6416514553,      0.0,  272066.6416514553,   1.0
 -0.09229355767291698, 0.09229031992340743,15.215160031802576,56.667099128621665,   34.6778545297195, 0.40149682330608394, 322.8014808218543,  49.50217537573786,  345835.0709990585,      0.0,  345835.0709990585,   1.0
 -0.09229355767291698, 0.09229031992340743,14.215160031802576,57.667099128621665,   34.6778545297195, 0.40149682330608394, 322.8014808218543,  49.50217537573786,  345458.5306553991,      0.0,  345458.5306553991,   1.0
 -0.09229355767291698, 0.09229031992340743,14.215160031802576,56.667099128621665,   35.6778545297195, 0.40149682330608394, 322.8014808218543,  49.50217537573786,  345700.1387157924,      0.0,  345700.1387157924,   1.0
 -0.09229355767291698, 0.09229031992340743,14.215160031802576,56.667099128621665,   34.6778545297195, 0.02000057999999999, 322.8014808218543,  49.50217537573786, 322504.92867938156,      0.0, 322504.92867938156,   1.0
 -0.09229355767291698, 0.09229031992340743,14.215160031802576,56.667099128621665,   34.6778545297195, 0.40149682330608394, 323.8014808218543,  49.50217537573786,  345428.1943559128,      0.0,  345428.1943559128,   1.0
 -0.09229355767291698, 0.09229031992340743,14.215160031802576,56.667099128621665,   34.6778545297195, 0.40149682330608394, 322.8014808218543,  50.50217537573786, 345419.23985830834,      0.0, 345419.23985830834,   1.0
 -0.06622674314455909, 0.06622309906167438,  12.4312101052023,55.758008738230224,  39.53530444039808,  0.3765850041995732, 315.8974782838223,  51.23607447656573,  350198.1292915395,      0.0,  350198.1292915395,   1.0
   0.2999993999999999, 0.06622309906167438,  12.4312101052023,55.758008738230224,  39.53530444039808,  0.3765850041995732, 315.8974782838223,  51.23607447656573,  266674.0198588371,      0.0,  266674.0198588371,   1.0
 -0.06622674314455909,-0.29999939999999997,  12.4312101052023,55.758008738230224,  39.53530444039808,  0.3765850041995732, 315.8974782838223,  51.23607447656573, 285463.60549683275,      0.0, 285463.60549683275,   1.0
 -0.06622674314455909, 0.06622309906167438,  13.4312101052023,55.758008738230224,  39.53530444039808,  0.3765850041995732, 315.8974782838223,  51.23607447656573, 350564.47018604865,      0.0, 350564.47018604865,   1.0
 -0.06622674314455909, 0.06622309906167438,  12.4312101052023,56.758008738230224,  39.53530444039808,  0.3765850041995732, 315.8974782838223,  51.23607447656573,  350491.8789377137,      0.0,  350491.8789377137,   1.0
 -0.06622674314455909, 0.06622309906167438,  12.4312101052023,55.758008738230224,  40.53530444039808,  0.3765850041995732, 315.8974782838223,  51.23607447656573,  350647.1658228567,      0.0,  350647.1658228567,   1.0
 -0.06622674314455909, 0.06622309906167438,  12.4312101052023,55.758008738230224,  39.53530444039808, 0.02000057999999999, 315.8974782838223,  51.23607447656573, 325260.88243510603,      0.0, 325260.88243510603,   1.0
 -0.06622674314455909, 0.06622309906167438,  12.4312101052023,55.758008738230224,  39.53530444039808,  0.3765850041995732, 316.8974782838223,  51.23607447656573,  350360.3129669221,      0.0,  350360.3129669221,   1.0
 -0.06622674314455909, 0.06622309906167438,  12.4312101052023,55.758008738230224,  39.53530444039808,  0.3765850041995732, 315.8974782838223,  52.23607447656573,  350156.3223638215,      0.0,  350156.3223638215,   1.0
  -0.0627140153356357, 0.06271031649582835,12.190807484848428, 55.63550097681277, 40.189887660113335,  0.3732279219733921, 314.9671044676493,  51.46973231698652, 351005.77621968806,      0.0, 351005.77621968806,   1.0
  0.29999939999999997, 0.06271031649582835,12.190807484848428, 55.63550097681277, 40.189887660113335,  0.3732279219733921, 314.9671044676493,  51.46973231698652, 267348.83027018764,      0.0, 267348.83027018764,   1.0
  -0.0627140153356357,-0.29999939999999997,12.190807484848428, 55.63550097681277, 40.189887660113335,  0.3732279219733921, 314.9671044676493,  51.46973231698652, 287332.87659852864,      0.0, 287332.87659852864,   1.0
  -0.0627140153356357, 0.06271031649582835,13.190807484848428, 55.63550097681277, 40.189887660113335,  0.3732279219733921, 314.9671044676493,  51.46973231698652, 351370.63748418435,      0.0, 351370.63748418435,   1.0
  -0.0627140153356357, 0.06271031649582835,12.190807484848428, 56.63550097681277, 40.189887660113335,  0.3732279219733921, 314.9671044676493,  51.46973231698652,  351095.4675043073,      0.0,  351095.4675043073,   1.0
  -0.0627140153356357, 0.06271031649582835,12.190807484848428, 55.63550097681277, 41.189887660113335,  0.3732279219733921, 314.9671044676493,  51.46973231698652, 351399.90530320286,      0.0, 351399.90530320286,   1.0
  -0.0627140153356357, 0.06271031649582835,12.190807484848428, 55.63550097681277, 40.189887660113335, 0.02000057999999999, 314.9671044676493,  51.46973231698652,  325107.7332081883,      0.0,  325107.7332081883,   1.0
  -0.0627140153356357, 0.06271031649582835,12.190807484848428, 55.63550097681277, 40.189887660113335,  0.3732279219733921, 315.9671044676493,  51.46973231698652, 351159.99770662823,      0.0, 351159.99770662823,   1.0
  -0.0627140153356357, 0.06271031649582835,12.190807484848428, 55.63550097681277, 40.189887660113335,  0.3732279219733921, 314.9671044676493,  52.46973231698652,  350937.5370061216,      0.0,  350937.5370061216,   1.0
  -0.0622830660203355, 0.06227936046282624,12.161314352936898,  55.6204714502529,   40.2701933956237,   0.372816067606793,  314.852964124058, 51.498397984189104, 351040.03570206964,      0.0, 351040.03570206964,   1.0
  0.29999939999999997, 0.06227936046282624,12.161314352936898,  55.6204714502529,   40.2701933956237,   0.372816067606793,  314.852964124058, 51.498397984189104,  267431.8514447029,      0.0,  267431.8514447029,   1.0
  -0.0622830660203355,-0.29999939999999997,12.161314352936898,  55.6204714502529,   40.2701933956237,   0.372816067606793,  314.852964124058, 51.498397984189104, 287561.48097588494,      0.0, 287561.48097588494,   1.0
  -0.0622830660203355, 0.06227936046282624,13.161314352936898,  55.6204714502529,   40.2701933956237,   0.372816067606793,  314.852964124058, 51.498397984189104, 351390.03227980307,      0.0, 351390.03227980307,   1.0
  -0.0622830660203355, 0.06227936046282624,12.161314352936898,  56.6204714502529,   40.2701933956237,   0.372816067606793,  314.852964124058, 51.498397984189104, 351140.47573585337,      0.0, 351140.47573585337,   1.0
  -0.0622830660203355, 0.06227936046282624,12.161314352936898,  55.6204714502529,   41.2701933956237,   0.372816067606793,  314.852964124058, 51.498397984189104, 351551.49548748945,      0.0, 351551.49548748945,   1.0
  -0.0622830660203355, 0.06227936046282624,12.161314352936898,  55.6204714502529,   40.2701933956237, 0.02000057999999999,  314.852964124058, 51.498397984189104,  325078.1338724955,      0.0,  325078.1338724955,   1.0
  -0.0622830660203355, 0.06227936046282624,12.161314352936898,  55.6204714502529,   40.2701933956237,   0.372816067606793,  315.852964124058, 51.498397984189104, 351183.71470347274,      0.0, 351183.71470347274,   1.0
  -0.0622830660203355, 0.06227936046282624,12.161314352936898,  55.6204714502529,   40.2701933956237,   0.372816067606793,  314.852964124058, 52.498397984189104, 350959.17312197015,      0.0, 350959.17312197015,   1.0
 -0.06221633104075066, 0.06221262444296662,12.156747171864483, 55.61814404164002,  40.28262920055379,  0.3727522895898172, 314.8352888355057, 51.502837027593124,  351075.8889699123,      0.0,  351075.8889699123,   1.0
  0.29999939999999997, 0.06221262444296662,12.156747171864483, 55.61814404164002,  40.28262920055379,  0.3727522895898172, 314.8352888355057, 51.502837027593124, 267431.80572713085,      0.0, 267431.80572713085,   1.0
 -0.06221633104075066,-0.29999939999999997,12.156747171864483, 55.61814404164002,  40.28262920055379,  0.3727522895898172, 314.8352888355057, 51.502837027593124,  287615.6601195539,      0.0,  287615.6601195539,   1.0
 -0.06221633104075066, 0.06221262444296662,13.156747171864483, 55.61814404164002,  40.28262920055379,  0.3727522895898172, 314.8352888355057, 51.502837027593124,  351421.1226869061,      0.0,  351421.1226869061,   1.0
 -0.06221633104075066, 0.06221262444296662,12.156747171864483, 56.61814404164002,  40.28262920055379,  0.3727522895898172, 314.8352888355057, 51.502837027593124,  351163.0728871724,      0.0,  351163.0728871724,   1.0
 -0.06221633104075066, 0.06221262444296662,12.156747171864483, 55.61814404164002,  41.28262920055379,  0.3727522895898172, 314.8352888355057, 51.502837027593124,  351640.9880562228,      0.0,  351640.9880562228,   1.0
 -0.06221633104075066, 0.06221262444296662,12.156747171864483, 55.61814404164002,  40.28262920055379, 0.02000057999999999, 314.8352888355057, 51.502837027593124, 325107.24787133187,      0.0, 325107.24787133187,   1.0
 -0.06221633104075066, 0.06221262444296662,12.156747171864483, 55.61814404164002,  40.28262920055379,  0.3727522895898172, 315.8352888355057, 51.502837027593124,  351217.2604407047,      0.0,  351217.2604407047,   1.0
 -0.06221633104075066, 0.06221262444296662,12.156747171864483, 55.61814404164002,  40.28262920055379,  0.3727522895898172, 314.8352888355057, 52.502837027593124,   350991.184157599,      0.0,   350991.184157599,   1.0
  -0.0622110674860916,0.062207360806258494,12.156386946876598, 55.61796047310484,  40.28361004357474,  0.3727472592581907,314.83389474131417,   51.5031871460428, 351076.84307629504,      0.0, 351076.84307629504,   1.0
  0.29999939999999997,0.062207360806258494,12.156386946876598, 55.61796047310484,  40.28361004357474,  0.3727472592581907,314.83389474131417,   51.5031871460428,  267430.5198755122,      0.0,  267430.5198755122,   1.0
  -0.0622110674860916,-0.29999939999999997,12.156386946876598, 55.61796047310484,  40.28361004357474,  0.3727472592581907,314.83389474131417,   51.5031871460428, 287611.85174807615,      0.0, 287611.85174807615,   1.0
  -0.0622110674860916,0.062207360806258494,13.156386946876598, 55.61796047310484,  40.28361004357474,  0.3727472592581907,314.83389474131417,   51.5031871460428,  351421.5865358431,      0.0,  351421.5865358431,   1.0
  -0.0622110674860916,0.062207360806258494,12.156386946876598, 56.61796047310484,  40.28361004357474,  0.3727472592581907,314.83389474131417,   51.5031871460428,  351162.0995824028,      0.0,  351162.0995824028,   1.0
  -0.0622110674860916,0.062207360806258494,12.156386946876598, 55.61796047310484,  41.28361004357474,  0.3727472592581907,314.83389474131417,   51.5031871460428,  351642.0792749604,      0.0,  351642.0792749604,   1.0
  -0.0622110674860916,0.062207360806258494,12.156386946876598, 55.61796047310484,  40.28361004357474, 0.02000057999999999,314.83389474131417,   51.5031871460428, 325105.94701077277,      0.0, 325105.94701077277,   1.0
  -0.0622110674860916,0.062207360806258494,12.156386946876598, 55.61796047310484,  40.28361004357474,  0.3727472592581907,315.83389474131417,   51.5031871460428,  351217.5916597382,      0.0,  351217.5916597382,   1.0
  -0.0622110674860916,0.062207360806258494,12.156386946876598, 55.61796047310484,  40.28361004357474,  0.3727472592581907,314.83389474131417,   52.5031871460428,  350992.2397205514,      0.0,  350992.2397205514,   1.0
 -0.06221036542301014,0.062206658732233175,12.156338899372317,55.617935988379244,  40.28374087031034, 0.37274658830284757, 314.8337087943397,   51.5032338455175,  351076.8523649071,      0.0,  351076.8523649071,   1.0
  0.29999939999999997,0.062206658732233175,12.156338899372317,55.617935988379244,  40.28374087031034, 0.37274658830284757, 314.8337087943397,   51.5032338455175, 267430.52008593106,      0.0, 267430.52008593106,   1.0
 -0.06221036542301014,-0.29999939999999997,12.156338899372317,55.617935988379244,  40.28374087031034, 0.37274658830284757, 314.8337087943397,   51.5032338455175,  287611.8893088106,      0.0,  287611.8893088106,   1.0
 -0.06221036542301014,0.062206658732233175,13.156338899372317,55.617935988379244,  40.28374087031034, 0.37274658830284757, 314.8337087943397,   51.5032338455175,  351421.5911766211,      0.0,  351421.5911766211,   1.0
 -0.06221036542301014,0.062206658732233175,12.156338899372317,56.617935988379244,  40.28374087031034, 0.37274658830284757, 314.8337087943397,   51.5032338455175, 351161.94101007166,      0.0, 351161.94101007166,   1.0
 -0.06221036542301014,0.062206658732233175,12.156338899372317,55.617935988379244,  41.28374087031034, 0.37274658830284757, 314.8337087943397,   51.5032338455175, 351650.16253055964,      0.0, 351650.16253055964,   1.0
 -0.06221036542301014,0.062206658732233175,12.156338899372317,55.617935988379244,  40.28374087031034, 0.02000057999999999, 314.8337087943397,   51.5032338455175, 325105.93411563965,      0.0, 325105.93411563965,   1.0
 -0.06221036542301014,0.062206658732233175,12.156338899372317,55.617935988379244,  40.28374087031034, 0.37274658830284757, 315.8337087943397,   51.5032338455175, 351217.60056131944,      0.0, 351217.60056131944,   1.0
 -0.06221036542301014,0.062206658732233175,12.156338899372317,55.617935988379244,  40.28374087031034, 0.37274658830284757, 314.8337087943397,   52.5032338455175,  350992.2473306277,      0.0,  350992.2473306277,   1.0
 -0.06221022327396687,0.062206516580974064,12.156329171034587, 55.61793103087555, 40.283767359233906,  0.3727464524522914,314.83367114503835,   51.5032433009152,  351076.8523649071,      0.0,  351076.8523649071,   1.0
  0.29999939999999997,0.062206516580974064,12.156329171034587, 55.61793103087555, 40.283767359233906,  0.3727464524522914,314.83367114503835,   51.5032433009152, 267430.52008593106,      0.0, 267430.52008593106,   1.0
 -0.06221022327396687, -0.2999993999999999,12.156329171034587, 55.61793103087555, 40.283767359233906,  0.3727464524522914,314.83367114503835,   51.5032433009152,  287611.2575119603,      0.0,  287611.2575119603,   1.0
 -0.06221022327396687,0.062206516580974064,13.156329171034587, 55.61793103087555, 40.283767359233906,  0.3727464524522914,314.83367114503835,   51.5032433009152,  351421.5911766211,      0.0,  351421.5911766211,   1.0
 -0.06221022327396687,0.062206516580974064,12.156329171034587, 56.61793103087555, 40.283767359233906,  0.3727464524522914,314.83367114503835,   51.5032433009152, 351161.94524585403,      0.0, 351161.94524585403,   1.0
 -0.06221022327396687,0.062206516580974064,12.156329171034587, 55.61793103087555, 41.283767359233906,  0.3727464524522914,314.83367114503835,   51.5032433009152, 351650.16253055964,      0.0, 351650.16253055964,   1.0
 -0.06221022327396687,0.062206516580974064,12.156329171034587, 55.61793103087555, 40.283767359233906, 0.02000057999999999,314.83367114503835,   51.5032433009152, 325105.93768547097,      0.0, 325105.93768547097,   1.0
 -0.06221022327396687,0.062206516580974064,12.156329171034587, 55.61793103087555, 40.283767359233906,  0.3727464524522914,315.83367114503835,   51.5032433009152,  351217.5805903083,      0.0,  351217.5805903083,   1.0
 -0.06221022327396687,0.062206516580974064,12.156329171034587, 55.61793103087555, 40.283767359233906,  0.3727464524522914,314.83367114503835,   52.5032433009152,  350992.2473306277,      0.0,  350992.2473306277,   1.0
 -0.06221019445036076,0.062206487756918644,12.156327198416491, 55.61793002564097, 40.283772730401246, 0.37274642490583143,314.83366351087767, 51.503245218189164,  351076.8589411712,      0.0,  351076.8589411712,   1.0
  0.29999939999999997,0.062206487756918644,12.156327198416491, 55.61793002564097, 40.283772730401246, 0.37274642490583143,314.83366351087767, 51.503245218189164,  267430.5280495604,      0.0,  267430.5280495604,   1.0
 -0.06221019445036076,          -0.2999994,12.156327198416491, 55.61793002564097, 40.283772730401246, 0.37274642490583143,314.83366351087767, 51.503245218189164, 287611.26021819987,      0.0, 287611.26021819987,   1.0
 -0.06221019445036076,0.062206487756918644,13.156327198416491, 55.61793002564097, 40.283772730401246, 0.37274642490583143,314.83366351087767, 51.503245218189164,  351421.5911766211,      0.0,  351421.5911766211,   1.0
 -0.06221019445036076,0.062206487756918644,12.156327198416491, 56.61793002564097, 40.283772730401246, 0.37274642490583143,314.83366351087767, 51.503245218189164, 351161.94524585403,      0.0, 351161.94524585403,   1.0
 -0.06221019445036076,0.062206487756918644,12.156327198416491, 55.61793002564097, 41.283772730401246, 0.37274642490583143,314.83366351087767, 51.503245218189164,  351650.1675147515,      0.0,  351650.1675147515,   1.0
 -0.06221019445036076,0.062206487756918644,12.156327198416491, 55.61793002564097, 40.283772730401246, 0.02000057999999999,314.83366351087767, 51.503245218189164, 325105.93768547097,      0.0, 325105.93768547097,   1.0
 -0.06221019445036076,0.062206487756918644,12.156327198416491, 55.61793002564097, 40.283772730401246, 0.37274642490583143,315.83366351087767, 51.503245218189164,  351217.5805903083,      0.0,  351217.5805903083,   1.0
 -0.06221019445036076,0.062206487756918644,12.156327198416491, 55.61793002564097, 40.283772730401246, 0.37274642490583143,314.83366351087767, 52.503245218189164,  350992.2473306277,      0.0,  350992.2473306277,   1.0
  -0.0622101909794775, 0.06220648428598128,12.156326960877612, 55.61792990459256,   40.2837733771869, 0.37274642158873966,314.83366259158674,  51.50324544906361,  351076.8589411712,      0.0,  351076.8589411712,   1.0
  0.29999939999999997, 0.06220648428598128,12.156326960877612, 55.61792990459256,   40.2837733771869, 0.37274642158873966,314.83366259158674,  51.50324544906361,  267430.5280495604,      0.0,  267430.5280495604,   1.0
  -0.0622101909794775,-0.29999939999999997,12.156326960877612, 55.61792990459256,   40.2837733771869, 0.37274642158873966,314.83366259158674,  51.50324544906361, 287611.26021819987,      0.0, 287611.26021819987,   1.0
  -0.0622101909794775, 0.06220648428598128,13.156326960877612, 55.61792990459256,   40.2837733771869, 0.37274642158873966,314.83366259158674,  51.50324544906361,  351421.5911766211,      0.0,  351421.5911766211,   1.0
  -0.0622101909794775, 0.06220648428598128,12.156326960877612, 56.61792990459256,   40.2837733771869, 0.37274642158873966,314.83366259158674,  51.50324544906361, 351161.94524585403,      0.0, 351161.94524585403,   1.0
  -0.0622101909794775, 0.06220648428598128,12.156326960877612, 55.61792990459256,   41.2837733771869, 0.37274642158873966,314.83366259158674,  51.50324544906361,  351650.1675147515,      0.0,  351650.1675147515,   1.0
  -0.0622101909794775, 0.06220648428598128,12.156326960877612, 55.61792990459256,   40.2837733771869, 0.02000057999999999,314.83366259158674,  51.50324544906361, 325105.93768547097,      0.0, 325105.93768547097,   1.0
  -0.0622101909794775, 0.06220648428598128,12.156326960877612, 55.61792990459256,   40.2837733771869, 0.37274642158873966,315.83366259158674,  51.50324544906361,  351217.5805903083,      0.0,  351217.5805903083,   1.0
  -0.0622101909794775, 0.06220648428598128,12.156326960877612, 55.61792990459256,   40.2837733771869, 0.37274642158873966,314.83366259158674,  52.50324544906361,  350992.2473306277,      0.0,  350992.2473306277,   1.0
 -0.06221019024699502, 0.06220648355348738,12.156326910748277, 55.61792987904695,  40.28377351368217,  0.3727464208887128,314.83366239758294,  51.50324549778651,  351076.8589411712,      0.0,  351076.8589411712,   1.0
  0.29999939999999997, 0.06220648355348738,12.156326910748277, 55.61792987904695,  40.28377351368217,  0.3727464208887128,314.83366239758294,  51.50324549778651,  267430.5280495604,      0.0,  267430.5280495604,   1.0
 -0.06221019024699502,-0.29999939999999997,12.156326910748277, 55.61792987904695,  40.28377351368217,  0.3727464208887128,314.83366239758294,  51.50324549778651, 287611.26021819987,      0.0, 287611.26021819987,   1.0
 -0.06221019024699502, 0.06220648355348738,13.156326910748277, 55.61792987904695,  40.28377351368217,  0.3727464208887128,314.83366239758294,  51.50324549778651,  351421.5911766211,      0.0,  351421.5911766211,   1.0
 -0.06221019024699502, 0.06220648355348738,12.156326910748277, 56.61792987904695,  40.28377351368217,  0.3727464208887128,314.83366239758294,  51.50324549778651, 351161.94524585403,      0.0, 351161.94524585403,   1.0
 -0.06221019024699502, 0.06220648355348738,12.156326910748277, 55.61792987904695,  41.28377351368217,  0.3727464208887128,314.83366239758294,  51.50324549778651,  351650.1675147515,      0.0,  351650.1675147515,   1.0
 -0.06221019024699502, 0.06220648355348738,12.156326910748277, 55.61792987904695,  40.28377351368217, 0.02000057999999999,314.83366239758294,  51.50324549778651, 325105.93768547097,      0.0, 325105.93768547097,   1.0
 -0.06221019024699502, 0.06220648355348738,12.156326910748277, 55.61792987904695,  40.28377351368217,  0.3727464208887128,315.83366239758294,  51.50324549778651,  351217.5805903083,      0.0,  351217.5805903083,   1.0
 -0.06221019024699502, 0.06220648355348738,12.156326910748277, 55.61792987904695,  40.28377351368217,  0.3727464208887128,314.83366239758294,  52.50324549778651,  350992.2473306277,      0.0,  350992.2473306277,   1.0
-0.062210190092414595, 0.06220648339890455,12.156326900169166,55.617929873655896,  40.28377354248763,  0.3727464207409817,314.83366235664107,  51.50324550806881,  351076.8589411712,      0.0,  351076.8589411712,   1.0
  0.29999939999999997, 0.06220648339890455,12.156326900169166,55.617929873655896,  40.28377354248763,  0.3727464207409817,314.83366235664107,  51.50324550806881,  267430.5280495604,      0.0,  267430.5280495604,   1.0
-0.062210190092414595,-0.29999939999999997,12.156326900169166,55.617929873655896,  40.28377354248763,  0.3727464207409817,314.83366235664107,  51.50324550806881, 287611.26021819987,      0.0, 287611.26021819987,   1.0
-0.062210190092414595, 0.06220648339890455,13.156326900169166,55.617929873655896,  40.28377354248763,  0.3727464207409817,314.83366235664107,  51.50324550806881,  351421.5911766211,      0.0,  351421.5911766211,   1.0
-0.062210190092414595, 0.06220648339890455,12.156326900169166,56.617929873655896,  40.28377354248763,  0.3727464207409817,314.83366235664107,  51.50324550806881, 351161.94524585403,      0.0, 351161.94524585403,   1.0
-0.062210190092414595, 0.06220648339890455,12.156326900169166,55.617929873655896,  41.28377354248763,  0.3727464207409817,314.83366235664107,  51.50324550806881,  351650.1675147515,      0.0,  351650.1675147515,   1.0
-0.062210190092414595, 0.06220648339890455,12.156326900169166,55.617929873655896,  40.28377354248763, 0.02000057999999999,314.83366235664107,  51.50324550806881, 325105.93768547097,      0.0, 325105.93768547097,   1.0
-0.062210190092414595, 0.06220648339890455,12.156326900169166,55.617929873655896,  40.28377354248763,  0.3727464207409817,315.83366235664107,  51.50324550806881,  351217.5805903083,      0.0,  351217.5805903083,   1.0
-0.062210190092414595, 0.06220648339890455,12.156326900169166,55.617929873655896,  40.28377354248763,  0.3727464207409817,314.83366235664107,  52.50324550806881,  350992.2473306277,      0.0,  350992.2473306277,   1.0
  -0.0622101900597925, 0.06220648336628194,12.156326897936589, 55.61792987251818, 40.283773548566636,   0.372746420709805,314.83366234800087,  51.50324551023875,  351076.8589411712,      0.0,  351076.8589411712,   1.0
  0.29999939999999997, 0.06220648336628194,12.156326897936589, 55.61792987251818, 40.283773548566636,   0.372746420709805,314.83366234800087,  51.50324551023875,  267430.5280495604,      0.0,  267430.5280495604,   1.0
  -0.0622101900597925,-0.29999939999999997,12.156326897936589, 55.61792987251818, 40.283773548566636,   0.372746420709805,314.83366234800087,  51.50324551023875, 287611.26021819987,      0.0, 287611.26021819987,   1.0
  -0.0622101900597925, 0.06220648336628194,13.156326897936589, 55.61792987251818, 40.283773548566636,   0.372746420709805,314.83366234800087,  51.50324551023875,  351421.5911766211,      0.0,  351421.5911766211,   1.0
  -0.0622101900597925, 0.06220648336628194,12.156326897936589, 56.61792987251818, 40.283773548566636,   0.372746420709805,314.83366234800087,  51.50324551023875, 351161.94524585403,      0.0, 351161.94524585403,   1.0
  -0.0622101900597925, 0.06220648336628194,12.156326897936589, 55.61792987251818, 41.283773548566636,   0.372746420709805,314.83366234800087,  51.50324551023875,  351650.1675147515,      0.0,  351650.1675147515,   1.0
  -0.0622101900597925, 0.06220648336628194,12.156326897936589, 55.61792987251818, 40.283773548566636, 0.02000057999999999,314.83366234800087,  51.50324551023875, 325105.93768547097,      0.0, 325105.93768547097,   1.0
  -0.0622101900597925, 0.06220648336628194,12.156326897936589, 55.61792987251818, 40.283773548566636,   0.372746420709805,315.83366234800087,  51.50324551023875,  351217.5805903083,      0.0,  351217.5805903083,   1.0
  -0.0622101900597925, 0.06220648336628194,12.156326897936589, 55.61792987251818, 40.283773548566636,   0.372746420709805,314.83366234800087,  52.50324551023875,  350992.2473306277,      0.0,  350992.2473306277,   1.0
 -0.06221019005290805, 0.06220648335939739,12.156326897465433, 55.61792987227809,  40.28377354984952,  0.3727464207032256,314.83366234617745, 51.503245510696686,  351076.8589411712,      0.0,  351076.8589411712,   1.0
  0.29999939999999997, 0.06220648335939739,12.156326897465433, 55.61792987227809,  40.28377354984952,  0.3727464207032256,314.83366234617745, 51.503245510696686,  267430.5280495604,      0.0,  267430.5280495604,   1.0
 -0.06221019005290805,-0.29999939999999997,12.156326897465433, 55.61792987227809,  40.28377354984952,  0.3727464207032256,314.83366234617745, 51.503245510696686, 287611.26021819987,      0.0, 287611.26021819987,   1.0
 -0.06221019005290805, 0.06220648335939739,13.156326897465433, 55.61792987227809,  40.28377354984952,  0.3727464207032256,314.83366234617745, 51.503245510696686,  351421.5911766211,      0.0,  351421.5911766211,   1.0
 -0.06221019005290805, 0.06220648335939739,12.156326897465433, 56.61792987227809,  40.28377354984952,  0.3727464207032256,314.83366234617745, 51.503245510696686, 351161.94524585403,      0.0, 351161.94524585403,   1.0
 -0.06221019005290805, 0.06220648335939739,12.156326897465433, 55.61792987227809,  41.28377354984952,  0.3727464207032256,314.83366234617745, 51.503245510696686,  351650.1675147515,      0.0,  351650.1675147515,   1.0
 -0.06221019005290805, 0.06220648335939739,12.156326897465433, 55.61792987227809,  40.28377354984952, 0.02000057999999999,314.83366234617745, 51.503245510696686, 325105.93768547097,      0.0, 325105.93768547097,   1.0
 -0.06221019005290805, 0.06220648335939739,12.156326897465433, 55.61792987227809,  40.28377354984952,  0.3727464207032256,315.83366234617745, 51.503245510696686,  351217.5805903083,      0.0,  351217.5805903083,   1.0
 -0.06221019005290805, 0.06220648335939739,12.156326897465433, 55.61792987227809,  40.28377354984952,  0.3727464207032256,314.83366234617745, 52.503245510696686,  350992.2473306277,      0.0,  350992.2473306277,   1.0
 -0.06221019005145518, 0.06220648335794449,12.156326897366002,55.617929872227414,  40.28377355012026,  0.3727464207018371, 314.8336623457927,  51.50324551079333,  351076.8589411712,      0.0,  351076.8589411712,   1.0
  0.29999939999999997, 0.06220648335794449,12.156326897366002,55.617929872227414,  40.28377355012026,  0.3727464207018371, 314.8336623457927,  51.50324551079333,  267430.5280495604,      0.0,  267430.5280495604,   1.0
 -0.06221019005145518,-0.29999939999999997,12.156326897366002,55.617929872227414,  40.28377355012026,  0.3727464207018371, 314.8336623457927,  51.50324551079333, 287611.26021819987,      0.0, 287611.26021819987,   1.0
 -0.06221019005145518, 0.06220648335794449,13.156326897366002,55.617929872227414,  40.28377355012026,  0.3727464207018371, 314.8336623457927,  51.50324551079333,  351421.5911766211,      0.0,  351421.5911766211,   1.0
 -0.06221019005145518, 0.06220648335794449,12.156326897366002,56.617929872227414,  40.28377355012026,  0.3727464207018371, 314.8336623457927,  51.50324551079333, 351161.94524585403,      0.0, 351161.94524585403,   1.0
 -0.06221019005145518, 0.06220648335794449,12.156326897366002,55.617929872227414,  41.28377355012026,  0.3727464207018371, 314.8336623457927,  51.50324551079333,  351650.1675147515,      0.0,  351650.1675147515,   1.0
 -0.06221019005145518, 0.06220648335794449,12.156326897366002,55.617929872227414,  40.28377355012026, 0.02000057999999999, 314.8336623457927,  51.50324551079333, 325105.93768547097,      0.0, 325105.93768547097,   1.0
 -0.06221019005145518, 0.06220648335794449,12.156326897366002,55.617929872227414,  40.28377355012026,  0.3727464207018371, 315.8336623457927,  51.50324551079333,  351217.5805903083,      0.0,  351217.5805903083,   1.0
 -0.06221019005145518, 0.06220648335794449,12.156326897366002,55.617929872227414,  40.28377355012026,  0.3727464207018371, 314.8336623457927,  52.50324551079333,  350992.2473306277,      0.0,  350992.2473306277,   1.0
 -0.06221019005114858,0.062206483357637885, 12.15632689734502, 55.61792987221673,  40.28377355017739,  0.3727464207015441,314.83366234571145,  51.50324551081372,  351076.8589411712,      0.0,  351076.8589411712,   1.0
  0.29999939999999997,0.062206483357637885, 12.15632689734502, 55.61792987221673,  40.28377355017739,  0.3727464207015441,314.83366234571145,  51.50324551081372,  267430.5280495604,      0.0,  267430.5280495604,   1.0
 -0.06221019005114858,-0.29999939999999997, 12.15632689734502, 55.61792987221673,  40.28377355017739,  0.3727464207015441,314.83366234571145,  51.50324551081372, 287611.26021819987,      0.0, 287611.26021819987,   1.0
 -0.06221019005114858,0.062206483357637885, 13.15632689734502, 55.61792987221673,  40.28377355017739,  0.3727464207015441,314.83366234571145,  51.50324551081372,  351421.5911766211,      0.0,  351421.5911766211,   1.0
 -0.06221019005114858,0.062206483357637885, 12.15632689734502, 56.61792987221673,  40.28377355017739,  0.3727464207015441,314.83366234571145,  51.50324551081372, 351161.94524585403,      0.0, 351161.94524585403,   1.0
 -0.06221019005114858,0.062206483357637885, 12.15632689734502, 55.61792987221673,  41.28377355017739,  0.3727464207015441,314.83366234571145,  51.50324551081372,  351650.1675147515,      0.0,  351650.1675147515,   1.0
 -0.06221019005114858,0.062206483357637885, 12.15632689734502, 55.61792987221673,  40.28377355017739, 0.02000057999999999,314.83366234571145,  51.50324551081372, 325105.93768547097,      0.0, 325105.93768547097,   1.0
 -0.06221019005114858,0.062206483357637885, 12.15632689734502, 55.61792987221673,  40.28377355017739,  0.3727464207015441,315.83366234571145,  51.50324551081372,  351217.5805903083,      0.0,  351217.5805903083,   1.0
 -0.06221019005114858,0.062206483357637885, 12.15632689734502, 55.61792987221673,  40.28377355017739,  0.3727464207015441,314.83366234571145,  52.50324551081372,  350992.2473306277,      0.0,  350992.2473306277,   1.0
 -0.06221019005108386,0.062206483357573165, 12.15632689734059, 55.61792987221447,  40.28377355018945,  0.3727464207014823,314.83366234569434, 51.503245510818026,  351076.8589411712,      0.0,  351076.8589411712,   1.0
  0.29999939999999997,0.062206483357573165, 12.15632689734059, 55.61792987221447,  40.28377355018945,  0.3727464207014823,314.83366234569434, 51.503245510818026,  267430.5280495604,      0.0,  267430.5280495604,   1.0
 -0.06221019005108386,-0.29999939999999997, 12.15632689734059, 55.61792987221447,  40.28377355018945,  0.3727464207014823,314.83366234569434, 51.503245510818026, 287611.26021819987,      0.0, 287611.26021819987,   1.0
 -0.06221019005108386,0.062206483357573165, 13.15632689734059, 55.61792987221447,  40.28377355018945,  0.3727464207014823,314.83366234569434, 51.503245510818026,  351421.5911766211,      0.0,  351421.5911766211,   1.0
 -0.06221019005108386,0.062206483357573165, 12.15632689734059, 56.61792987221447,  40.28377355018945,  0.3727464207014823,314.83366234569434, 51.503245510818026, 351161.94524585403,      0.0, 351161.94524585403,   1.0
 -0.06221019005108386,0.062206483357573165, 12.15632689734059, 55.61792987221447,  41.28377355018945,  0.3727464207014823,314.83366234569434, 51.503245510818026,  351650.1675147515,      0.0,  351650.1675147515,   1.0
 -0.06221019005108386,0.062206483357573165, 12.15632689734059, 55.61792987221447,  40.28377355018945, 0.02000057999999999,314.83366234569434, 51.503245510818026, 325105.93768547097,      0.0, 325105.93768547097,   1.0
 -0.06221019005108386,0.062206483357573165, 12.15632689734059, 55.61792987221447,  40.28377355018945,  0.3727464207014823,315.83366234569434, 51.503245510818026,  351217.5805903083,      0.0,  351217.5805903083,   1.0
 -0.06221019005108386,0.062206483357573165, 12.15632689734059, 55.61792987221447,  40.28377355018945,  0.3727464207014823,314.83366234569434, 52.503245510818026,  350992.2473306277,      0.0,  350992.2473306277,   1.0
-0.062210190051126574, 0.06220648335761588,12.156326897343513, 55.61792987221596,  40.28377355018149,  0.3727464207015231,314.83366234570565, 51.503245510815184,  351076.8589411712,      0.0,  351076.8589411712,   1.0
   0.2999993999999999, 0.06220648335761588,12.156326897343513, 55.61792987221596,  40.28377355018149,  0.3727464207015231,314.83366234570565, 51.503245510815184,  267430.5280495604,      0.0,  267430.5280495604,   1.0
-0.062210190051126574,-0.29999939999999997,12.156326897343513, 55.61792987221596,  40.28377355018149,  0.3727464207015231,314.83366234570565, 51.503245510815184, 287611.26021819987,      0.0, 287611.26021819987,   1.0
-0.062210190051126574, 0.06220648335761588,13.156326897343513, 55.61792987221596,  40.28377355018149,  0.3727464207015231,314.83366234570565, 51.503245510815184,  351421.5911766211,      0.0,  351421.5911766211,   1.0
-0.062210190051126574, 0.06220648335761588,12.156326897343513, 56.61792987221596,  40.28377355018149,  0.3727464207015231,314.83366234570565, 51.503245510815184, 351161.94524585403,      0.0, 351161.94524585403,   1.0
-0.062210190051126574, 0.06220648335761588,12.156326897343513, 55.61792987221596,  41.28377355018149,  0.3727464207015231,314.83366234570565, 51.503245510815184,  351650.1675147515,      0.0,  351650.1675147515,   1.0
-0.062210190051126574, 0.06220648335761588,12.156326897343513, 55.61792987221596,  40.28377355018149, 0.02000057999999999,314.83366234570565, 51.503245510815184, 325105.93768547097,      0.0, 325105.93768547097,   1.0
-0.062210190051126574, 0.06220648335761588,12.156326897343513, 55.61792987221596,  40.28377355018149,  0.3727464207015231,315.83366234570565, 51.503245510815184,  351217.5805903083,      0.0,  351217.5805903083,   1.0
-0.062210190051126574, 0.06220648335761588,12.156326897343513, 55.61792987221596,  40.28377355018149,  0.3727464207015231,314.83366234570565, 52.503245510815184,  350992.2473306277,      0.0,  350992.2473306277,   1.0
  -0.0622101900511411,0.062206483357630404,12.156326897344506,55.617929872216465, 40.283773550178786, 0.37274642070153696,314.83366234570946,  51.50324551081422,  351076.8589411712,      0.0,  351076.8589411712,   1.0
  0.29999939999999997,0.062206483357630404,12.156326897344506,55.617929872216465, 40.283773550178786, 0.37274642070153696,314.83366234570946,  51.50324551081422,  267430.5280495604,      0.0,  267430.5280495604,   1.0
  -0.0622101900511411,-0.29999939999999997,12.156326897344506,55.617929872216465, 40.283773550178786, 0.37274642070153696,314.83366234570946,  51.50324551081422, 287611.26021819987,      0.0, 287611.26021819987,   1.0
  -0.0622101900511411,0.062206483357630404,13.156326897344506,55.617929872216465, 40.283773550178786, 0.37274642070153696,314.83366234570946,  51.50324551081422,  351421.5911766211,      0.0,  351421.5911766211,   1.0
  -0.0622101900511411,0.062206483357630404,12.156326897344506,56.617929872216465, 40.283773550178786, 0.37274642070153696,314.83366234570946,  51.50324551081422, 351161.94524585403,      0.0, 351161.94524585403,   1.0
  -0.0622101900511411,0.062206483357630404,12.156326897344506,55.617929872216465, 41.283773550178786, 0.37274642070153696,314.83366234570946,  51.50324551081422,  351650.1675147515,      0.0,  351650.1675147515,   1.0
  -0.0622101900511411,0.062206483357630404,12.156326897344506,55.617929872216465, 40.283773550178786, 0.02000057999999999,314.83366234570946,  51.50324551081422, 325105.93768547097,      0.0, 325105.93768547097,   1.0
  -0.0622101900511411,0.062206483357630404,12.156326897344506,55.617929872216465, 40.283773550178786, 0.37274642070153696,315.83366234570946,  51.50324551081422,  351217.5805903083,      0.0,  351217.5805903083,   1.0
  -0.0622101900511411,0.062206483357630404,12.156326897344506,55.617929872216465, 40.283773550178786, 0.37274642070153696,314.83366234570946,  52.50324551081422,  350992.2473306277,      0.0,  350992.2473306277,   1.0
 -0.29999939999999997, 0.29999939999999997,          59.99988,          79.99994,          169.99974,          0.59999942,         499.99955,           5.000115, 128974.33960888023,      0.0, 128974.33960888023,   1.0
  0.29999939999999997, 0.29999939999999997,          59.99988,          79.99994,          169.99974,          0.59999942,         499.99955,           5.000115, 204484.87647460177,      0.0, 204484.87647460177,   1.0
 -0.29999939999999997,-0.29999939999999997,          59.99988,          79.99994,          169.99974,          0.59999942,         499.99955,           5.000115, 220988.77528569777,      0.0, 220988.77528569777,   1.0
 -0.29999939999999997, 0.29999939999999997,          58.99988,          79.99994,          169.99974,          0.59999942,         499.99955,           5.000115, 129672.98914713698,      0.0, 129672.98914713698,   1.0
 -0.29999939999999997, 0.29999939999999997,          59.99988,          78.99994,          169.99974,          0.59999942,         499.99955,           5.000115, 122680.03343220294,      0.0, 122680.03343220294,   1.0
 -0.29999939999999997, 0.29999939999999997,          59.99988,          79.99994,          168.99974,          0.59999942,         499.99955,           5.000115, 127408.17409469816,      0.0, 127408.17409469816,   1.0
 -0.29999939999999997, 0.29999939999999997,          59.99988,          79.99994,          169.99974,0.020000580000000046,         499.99955,           5.000115, 148338.81208437143,      0.0, 148338.81208437143,   1.0
 -0.29999939999999997, 0.29999939999999997,          59.99988,          79.99994,          169.99974,          0.59999942,         498.99955,           5.000115, 128955.35317367298,      0.0, 128955.35317367298,   1.0
 -0.29999939999999997, 0.29999939999999997,          59.99988,          79.99994,          169.99974,          0.59999942,         499.99955,           6.000115, 129143.55236867338,      0.0, 129143.55236867338,   1.0
 -0.08463017042360144, 0.08462681321607363,16.667261273816532, 57.91679023103884, 52.514056927784246,  0.3941729933578407,332.29204730674064,  47.11869301771868,  350549.6774089058,      0.0,  350549.6774089058,   1.0
  0.29999939999999997, 0.08462681321607363,16.667261273816532, 57.91679023103884, 52.514056927784246,  0.3941729933578407,332.29204730674064,  47.11869301771868, 247203.32761840988,      0.0, 247203.32761840988,   1.0
 -0.08463017042360144,-0.29999939999999997,16.667261273816532, 57.91679023103884, 52.514056927784246,  0.3941729933578407,332.29204730674064,  47.11869301771868,   274435.025037705,      0.0,   274435.025037705,   1.0
 -0.08463017042360144, 0.08462681321607363,17.667261273816532, 57.91679023103884, 52.514056927784246,  0.3941729933578407,332.29204730674064,  47.11869301771868,  350378.9807743149,      0.0,  350378.9807743149,   1.0
 -0.08463017042360144, 0.08462681321607363,16.667261273816532, 58.91679023103884, 52.514056927784246,  0.3941729933578407,332.29204730674064,  47.11869301771868,  350591.8515986867,      0.0,  350591.8515986867,   1.0
 -0.08463017042360144, 0.08462681321607363,16.667261273816532, 57.91679023103884, 53.514056927784246,  0.3941729933578407,332.29204730674064,  47.11869301771868, 349871.25973338063,      0.0, 349871.25973338063,   1.0
 -0.08463017042360144, 0.08462681321607363,16.667261273816532, 57.91679023103884, 52.514056927784246, 0.02000057999999999,332.29204730674064,  47.11869301771868,   326519.824875918,      0.0,   326519.824875918,   1.0
 -0.08463017042360144, 0.08462681321607363,16.667261273816532, 57.91679023103884, 52.514056927784246,  0.3941729933578407,333.29204730674064,  47.11869301771868, 350665.17040102574,      0.0, 350665.17040102574,   1.0
 -0.08463017042360144, 0.08462681321607363,16.667261273816532, 57.91679023103884, 52.514056927784246,  0.3941729933578407,332.29204730674064,  48.11869301771868, 350624.67164526467,      0.0, 350624.67164526467,   1.0
 -0.06867483557495636, 0.06867122965329994,13.457023474272063,56.280790279840765,  43.81029076292438, 0.37892462401448107,319.86766631524995,  50.23899027161723,  352446.2314176181,      0.0,  352446.2314176181,   1.0
  0.29999939999999997, 0.06867122965329994,13.457023474272063,56.280790279840765,  43.81029076292438, 0.37892462401448107,319.86766631524995,  50.23899027161723,  260563.1187993759,      0.0,  260563.1187993759,   1.0
 -0.06867483557495636, -0.2999993999999999,13.457023474272063,56.280790279840765,  43.81029076292438, 0.37892462401448107,319.86766631524995,  50.23899027161723, 283514.85103534756,      0.0, 283514.85103534756,   1.0
 -0.06867483557495636, 0.06867122965329994,14.457023474272063,56.280790279840765,  43.81029076292438, 0.37892462401448107,319.86766631524995,  50.23899027161723, 352666.47122627526,      0.0, 352666.47122627526,   1.0
 -0.06867483557495636, 0.06867122965329994,13.457023474272063,57.280790279840765,  43.81029076292438, 0.37892462401448107,319.86766631524995,  50.23899027161723,  352625.3610328102,      0.0,  352625.3610328102,   1.0
 -0.06867483557495636, 0.06867122965329994,13.457023474272063,56.280790279840765,  44.81029076292438, 0.37892462401448107,319.86766631524995,  50.23899027161723, 352528.02794864745,      0.0, 352528.02794864745,   1.0
 -0.06867483557495636, 0.06867122965329994,13.457023474272063,56.280790279840765,  43.81029076292438, 0.02000057999999999,319.86766631524995,  50.23899027161723,  327743.4715128139,      0.0,  327743.4715128139,   1.0
 -0.06867483557495636, 0.06867122965329994,13.457023474272063,56.280790279840765,  43.81029076292438, 0.37892462401448107,320.86766631524995,  50.23899027161723,  352590.5706359027,      0.0,  352590.5706359027,   1.0
 -0.06867483557495636, 0.06867122965329994,13.457023474272063,56.280790279840765,  43.81029076292438, 0.37892462401448107,319.86766631524995,  51.23899027161723,  352376.7201873559,      0.0,  352376.7201873559,   1.0
 -0.29999939999999997, 0.29999939999999997,19.338967591201126, 59.27933180863814,   59.7552482966904,          0.59999942,342.63215224583695,  44.52181286839699,  309047.5165427264,      0.0,  309047.5165427264,   1.0
  0.29999939999999997, 0.29999939999999997,19.338967591201126, 59.27933180863814,   59.7552482966904,          0.59999942,342.63215224583695,  44.52181286839699,  243937.2271630891,      0.0,  243937.2271630891,   1.0
 -0.29999939999999997,-0.29999939999999997,19.338967591201126, 59.27933180863814,   59.7552482966904,          0.59999942,342.63215224583695,  44.52181286839699, 220087.95433074562,      0.0, 220087.95433074562,   1.0
 -0.29999939999999997, 0.29999939999999997,20.338967591201126, 59.27933180863814,   59.7552482966904,          0.59999942,342.63215224583695,  44.52181286839699, 308514.45695038803,      0.0, 308514.45695038803,   1.0
 -0.29999939999999997, 0.29999939999999997,19.338967591201126, 60.27933180863814,   59.7552482966904,          0.59999942,342.63215224583695,  44.52181286839699, 309348.19073651324,      0.0, 309348.19073651324,   1.0
 -0.29999939999999997, 0.29999939999999997,19.338967591201126, 59.27933180863814,   60.7552482966904,          0.59999942,342.63215224583695,  44.52181286839699,  308143.9807561161,      0.0,  308143.9807561161,   1.0
 -0.29999939999999997, 0.29999939999999997,19.338967591201126, 59.27933180863814,   59.7552482966904,0.020000580000000046,342.63215224583695,  44.52181286839699, 316202.94316320453,      0.0, 316202.94316320453,   1.0
 -0.29999939999999997, 0.29999939999999997,19.338967591201126, 59.27933180863814,   59.7552482966904,          0.59999942,343.63215224583695,  44.52181286839699,  309209.2861400764,      0.0,  309209.2861400764,   1.0
 -0.29999939999999997, 0.29999939999999997,19.338967591201126, 59.27933180863814,   59.7552482966904,          0.59999942,342.63215224583695,  45.52181286839699,  310118.1671603585,      0.0,  310118.1671603585,   1.0
  -0.1095154673422084, 0.10951249805038382,14.495487825656992, 56.81018641518336, 46.625392309963146, 0.41795564676083785, 323.8867638528275,  49.22961568291621,  347210.1689840093,      0.0,  347210.1689840093,   1.0
  0.29999939999999997, 0.10951249805038382,14.495487825656992, 56.81018641518336, 46.625392309963146, 0.41795564676083785, 323.8867638528275,  49.22961568291621,  250046.5163155293,      0.0,  250046.5163155293,   1.0
  -0.1095154673422084,-0.29999939999999997,14.495487825656992, 56.81018641518336, 46.625392309963146, 0.41795564676083785, 323.8867638528275,  49.22961568291621,  272575.4006365021,      0.0,  272575.4006365021,   1.0
  -0.1095154673422084, 0.10951249805038382,15.495487825656992, 56.81018641518336, 46.625392309963146, 0.41795564676083785, 323.8867638528275,  49.22961568291621,   347314.785466911,      0.0,   347314.785466911,   1.0
  -0.1095154673422084, 0.10951249805038382,14.495487825656992, 57.81018641518336, 46.625392309963146, 0.41795564676083785, 323.8867638528275,  49.22961568291621, 347157.26128755015,      0.0, 347157.26128755015,   1.0
  -0.1095154673422084, 0.10951249805038382,14.495487825656992, 56.81018641518336, 47.625392309963146, 0.41795564676083785, 323.8867638528275,  49.22961568291621, 347052.25721185823,      0.0, 347052.25721185823,   1.0
  -0.1095154673422084, 0.10951249805038382,14.495487825656992, 56.81018641518336, 46.625392309963146, 0.02000057999999999, 323.8867638528275,  49.22961568291621,  340102.6416057957,      0.0,  340102.6416057957,   1.0
  -0.1095154673422084, 0.10951249805038382,14.495487825656992, 56.81018641518336, 46.625392309963146, 0.41795564676083785, 324.8867638528275,  49.22961568291621,  347409.9376559624,      0.0,  347409.9376559624,   1.0
  -0.1095154673422084, 0.10951249805038382,14.495487825656992, 56.81018641518336, 46.625392309963146, 0.41795564676083785, 323.8867638528275,  50.22961568291621, 347361.39074460854,      0.0, 347361.39074460854,   1.0
 -0.07554099853423882, 0.07553749964335008,13.631611015048842, 56.36979282407152, 44.283568112771725, 0.38548655391241265, 320.5433605307441,  50.06929332734672,  351638.7036720299,      0.0,  351638.7036720299,   1.0
            0.2999994, 0.07553749964335008,13.631611015048842, 56.36979282407152, 44.283568112771725, 0.38548655391241265, 320.5433605307441,  50.06929332734672,  259019.5695918368,      0.0,  259019.5695918368,   1.0
 -0.07554099853423882, -0.2999993999999999,13.631611015048842, 56.36979282407152, 44.283568112771725, 0.38548655391241265, 320.5433605307441,  50.06929332734672,  281914.8710933905,      0.0,  281914.8710933905,   1.0
 -0.07554099853423882, 0.07553749964335008,14.631611015048842, 56.36979282407152, 44.283568112771725, 0.38548655391241265, 320.5433605307441,  50.06929332734672,  351816.1221385824,      0.0,  351816.1221385824,   1.0
 -0.07554099853423882, 0.07553749964335008,13.631611015048842, 57.36979282407152, 44.283568112771725, 0.38548655391241265, 320.5433605307441,  50.06929332734672,  351567.1291232148,      0.0,  351567.1291232148,   1.0
 -0.07554099853423882, 0.07553749964335008,13.631611015048842, 56.36979282407152, 45.283568112771725, 0.38548655391241265, 320.5433605307441,  50.06929332734672,  351809.8531565851,      0.0,  351809.8531565851,   1.0
 -0.07554099853423882, 0.07553749964335008,13.631611015048842, 56.36979282407152, 44.283568112771725, 0.02000057999999999, 320.5433605307441,  50.06929332734672,  330432.2612959239,      0.0,  330432.2612959239,   1.0
 -0.07554099853423882, 0.07553749964335008,13.631611015048842, 56.36979282407152, 44.283568112771725, 0.38548655391241265, 321.5433605307441,  50.06929332734672,  351772.3681469255,      0.0,  351772.3681469255,   1.0
 -0.07554099853423882, 0.07553749964335008,13.631611015048842, 56.36979282407152, 44.283568112771725, 0.38548655391241265, 320.5433605307441,  51.06929332734672,  351567.4438396232,      0.0,  351567.4438396232,   1.0
  -0.0698030954070027, 0.06979950707282807,  13.4857120024358, 56.29541533261055,  43.88806051968907, 0.38000289174107665, 319.9786975632132,   50.2111053747721,   352296.351379137,      0.0,   352296.351379137,   1.0
  0.29999939999999997, 0.06979950707282807,  13.4857120024358, 56.29541533261055,  43.88806051968907, 0.38000289174107665, 319.9786975632132,   50.2111053747721, 260259.75144309795,      0.0, 260259.75144309795,   1.0
  -0.0698030954070027,-0.29999939999999997,  13.4857120024358, 56.29541533261055,  43.88806051968907, 0.38000289174107665, 319.9786975632132,   50.2111053747721,  283242.3578213359,      0.0,  283242.3578213359,   1.0
  -0.0698030954070027, 0.06979950707282807,  14.4857120024358, 56.29541533261055,  43.88806051968907, 0.38000289174107665, 319.9786975632132,   50.2111053747721, 352496.27725435095,      0.0, 352496.27725435095,   1.0
  -0.0698030954070027, 0.06979950707282807,  13.4857120024358, 57.29541533261055,  43.88806051968907, 0.38000289174107665, 319.9786975632132,   50.2111053747721, 352555.75007924205,      0.0, 352555.75007924205,   1.0
  -0.0698030954070027, 0.06979950707282807,  13.4857120024358, 56.29541533261055,  44.88806051968907, 0.38000289174107665, 319.9786975632132,   50.2111053747721, 352452.42055547546,      0.0, 352452.42055547546,   1.0
  -0.0698030954070027, 0.06979950707282807,  13.4857120024358, 56.29541533261055,  43.88806051968907, 0.02000057999999999, 319.9786975632132,   50.2111053747721,  328264.6780427451,      0.0,  328264.6780427451,   1.0
  -0.0698030954070027, 0.06979950707282807,  13.4857120024358, 56.29541533261055,  43.88806051968907, 0.38000289174107665, 320.9786975632132,   50.2111053747721,  352428.7529192934,      0.0,  352428.7529192934,   1.0
  -0.0698030954070027, 0.06979950707282807,  13.4857120024358, 56.29541533261055,  43.88806051968907, 0.38000289174107665, 319.9786975632132,   51.2111053747721,  352221.5154065644,      0.0,  352221.5154065644,   1.0
 -0.06885339524873968, 0.06884979211049796,13.461563753102118,56.283104857190295, 43.822598692360216,  0.3790952718812608, 319.8852382458044,  50.23457717638622, 352430.53437719384,      0.0, 352430.53437719384,   1.0
  0.29999939999999997, 0.06884979211049796,13.461563753102118,56.283104857190295, 43.822598692360216,  0.3790952718812608, 319.8852382458044,  50.23457717638622,  260473.8899366798,      0.0,  260473.8899366798,   1.0
 -0.06885339524873968,-0.29999939999999997,13.461563753102118,56.283104857190295, 43.822598692360216,  0.3790952718812608, 319.8852382458044,  50.23457717638622,  283409.0740567127,      0.0,  283409.0740567127,   1.0
 -0.06885339524873968, 0.06884979211049796,14.461563753102118,56.283104857190295, 43.822598692360216,  0.3790952718812608, 319.8852382458044,  50.23457717638622,  352651.7505940429,      0.0,  352651.7505940429,   1.0
 -0.06885339524873968, 0.06884979211049796,13.461563753102118,57.283104857190295, 43.822598692360216,  0.3790952718812608, 319.8852382458044,  50.23457717638622, 352621.99468329124,      0.0, 352621.99468329124,   1.0
 -0.06885339524873968, 0.06884979211049796,13.461563753102118,56.283104857190295, 44.822598692360216,  0.3790952718812608, 319.8852382458044,  50.23457717638622, 352561.71774842805,      0.0, 352561.71774842805,   1.0
 -0.06885339524873968, 0.06884979211049796,13.461563753102118,56.283104857190295, 43.822598692360216, 0.02000057999999999, 319.8852382458044,  50.23457717638622,  327785.5392959155,      0.0,  327785.5392959155,   1.0
 -0.06885339524873968, 0.06884979211049796,13.461563753102118,56.283104857190295, 43.822598692360216,  0.3790952718812608, 320.8852382458044,  50.23457717638622,  352568.4817289058,      0.0,  352568.4817289058,   1.0
 -0.06885339524873968, 0.06884979211049796,13.461563753102118,56.283104857190295, 43.822598692360216,  0.3790952718812608, 319.8852382458044,  51.23457717638622, 352353.25656695984,      0.0, 352353.25656695984,   1.0
 -0.06870564995604844, 0.06870204451473116,13.457806998788934, 56.28118971083772, 43.812414765618016,  0.3789540730400538, 319.8706987365865,  50.23822869541493,  352444.0825814149,      0.0,  352444.0825814149,   1.0
  0.29999939999999997, 0.06870204451473116,13.457806998788934, 56.28118971083772, 43.812414765618016,  0.3789540730400538, 319.8706987365865,  50.23822869541493, 260539.15064022987,      0.0, 260539.15064022987,   1.0
 -0.06870564995604844,-0.29999939999999997,13.457806998788934, 56.28118971083772, 43.812414765618016,  0.3789540730400538, 319.8706987365865,  50.23822869541493, 283513.37932756415,      0.0, 283513.37932756415,   1.0
 -0.06870564995604844, 0.06870204451473116,14.457806998788934, 56.28118971083772, 43.812414765618016,  0.3789540730400538, 319.8706987365865,  50.23822869541493,  352665.8405530884,      0.0,  352665.8405530884,   1.0
 -0.06870564995604844, 0.06870204451473116,13.457806998788934, 57.28118971083772, 43.812414765618016,  0.3789540730400538, 319.8706987365865,  50.23822869541493, 352631.76217299554,      0.0, 352631.76217299554,   1.0
 -0.06870564995604844, 0.06870204451473116,13.457806998788934, 56.28118971083772, 44.812414765618016,  0.3789540730400538, 319.8706987365865,  50.23822869541493, 352523.77935846435,      0.0, 352523.77935846435,   1.0
 -0.06870564995604844, 0.06870204451473116,13.457806998788934, 56.28118971083772, 43.812414765618016, 0.02000057999999999, 319.8706987365865,  50.23822869541493,  327726.9784631323,      0.0,  327726.9784631323,   1.0
 -0.06870564995604844, 0.06870204451473116,13.457806998788934, 56.28118971083772, 43.812414765618016,  0.3789540730400538, 320.8706987365865,  50.23822869541493, 352586.20621954324,      0.0, 352586.20621954324,   1.0
 -0.06870564995604844, 0.06870204451473116,13.457806998788934, 56.28118971083772, 43.812414765618016,  0.3789540730400538, 319.8706987365865,  51.23822869541493,  352375.7903033246,      0.0,  352375.7903033246,   1.0
 -0.06868037004485189, 0.06867676420946761,13.457164200540037, 56.28086202033172,  43.81067224807999,  0.3789299132573511, 319.8682109584978,  50.23885348741403,  352446.7879864349,      0.0,  352446.7879864349,   1.0
  0.29999939999999997, 0.06867676420946761,13.457164200540037, 56.28086202033172,  43.81067224807999,  0.3789299132573511, 319.8682109584978,  50.23885348741403, 260563.30959424423,      0.0, 260563.30959424423,   1.0
 -0.06868037004485189,-0.29999939999999997,13.457164200540037, 56.28086202033172,  43.81067224807999,  0.3789299132573511, 319.8682109584978,  50.23885348741403,  283513.3945212009,      0.0,  283513.3945212009,   1.0
 -0.06868037004485189, 0.06867676420946761,14.457164200540037, 56.28086202033172,  43.81067224807999,  0.3789299132573511, 319.8682109584978,  50.23885348741403, 352666.31445667427,      0.0, 352666.31445667427,   1.0
 -0.06868037004485189, 0.06867676420946761,13.457164200540037, 57.28086202033172,  43.81067224807999,  0.3789299132573511, 319.8682109584978,  50.23885348741403,  352625.3444358942,      0.0,  352625.3444358942,   1.0
 -0.06868037004485189, 0.06867676420946761,13.457164200540037, 56.28086202033172,  44.81067224807999,  0.3789299132573511, 319.8682109584978,  50.23885348741403,  352528.5008754475,      0.0,  352528.5008754475,   1.0
 -0.06868037004485189, 0.06867676420946761,13.457164200540037, 56.28086202033172,  43.81067224807999, 0.02000057999999999, 319.8682109584978,  50.23885348741403,  327743.6799665326,      0.0,  327743.6799665326,   1.0
 -0.06868037004485189, 0.06867676420946761,13.457164200540037, 56.28086202033172,  43.81067224807999,  0.3789299132573511, 320.8682109584978,  50.23885348741403, 352590.60593310377,      0.0, 352590.60593310377,   1.0
 -0.06868037004485189, 0.06867676420946761,13.457164200540037, 56.28086202033172,  43.81067224807999,  0.3789299132573511, 319.8682109584978,  51.23885348741403, 352376.86339690146,      0.0, 352376.86339690146,   1.0
 -0.06869705478624162, 0.06869344921094156,13.457588447384309, 56.28107829606568, 43.811822309655085,  0.3789458587139349, 319.8698528920363, 50.238441124694624,  352437.0934294512,      0.0,  352437.0934294512,   1.0
  0.29999939999999997, 0.06869344921094156,13.457588447384309, 56.28107829606568, 43.811822309655085,  0.3789458587139349, 319.8698528920363, 50.238441124694624, 260539.95845127356,      0.0, 260539.95845127356,   1.0
 -0.06869705478624162,-0.29999939999999997,13.457588447384309, 56.28107829606568, 43.811822309655085,  0.3789458587139349, 319.8698528920363, 50.238441124694624,  283513.5127337595,      0.0,  283513.5127337595,   1.0
 -0.06869705478624162, 0.06869344921094156,14.457588447384309, 56.28107829606568, 43.811822309655085,  0.3789458587139349, 319.8698528920363, 50.238441124694624,  352659.6660736128,      0.0,  352659.6660736128,   1.0
 -0.06869705478624162, 0.06869344921094156,13.457588447384309, 57.28107829606568, 43.811822309655085,  0.3789458587139349, 319.8698528920363, 50.238441124694624,  352633.5367391664,      0.0,  352633.5367391664,   1.0
 -0.06869705478624162, 0.06869344921094156,13.457588447384309, 56.28107829606568, 44.811822309655085,  0.3789458587139349, 319.8698528920363, 50.238441124694624,    352524.42370394,      0.0,    352524.42370394,   1.0
 -0.06869705478624162, 0.06869344921094156,13.457588447384309, 56.28107829606568, 43.811822309655085, 0.02000057999999999, 319.8698528920363, 50.238441124694624, 327729.97819731454,      0.0, 327729.97819731454,   1.0
 -0.06869705478624162, 0.06869344921094156,13.457588447384309, 56.28107829606568, 43.811822309655085,  0.3789458587139349, 320.8698528920363, 50.238441124694624,   352581.076418678,      0.0,   352581.076418678,   1.0
 -0.06869705478624162, 0.06869344921094156,13.457588447384309, 56.28107829606568, 43.811822309655085,  0.3789458587139349, 319.8698528920363, 51.238441124694624,  352370.4023803492,      0.0,  352370.4023803492,   1.0
 -0.06868182501449482, 0.06867821920179082,13.457201196395419, 56.28088088035598,  43.81077253759843, 0.37893130375869183,  319.868354141026,  50.23881752789721, 352446.76751687983,      0.0, 352446.76751687983,   1.0
  0.29999939999999997, 0.06867821920179082,13.457201196395419, 56.28088088035598,  43.81077253759843, 0.37893130375869183,  319.868354141026,  50.23881752789721, 260562.70844871542,      0.0, 260562.70844871542,   1.0
 -0.06868182501449482, -0.2999993999999999,13.457201196395419, 56.28088088035598,  43.81077253759843, 0.37893130375869183,  319.868354141026,  50.23881752789721, 283513.39503097266,      0.0, 283513.39503097266,   1.0
 -0.06868182501449482, 0.06867821920179082,14.457201196395419, 56.28088088035598,  43.81077253759843, 0.37893130375869183,  319.868354141026,  50.23881752789721, 352665.84225038777,      0.0, 352665.84225038777,   1.0
 -0.06868182501449482, 0.06867821920179082,13.457201196395419, 57.28088088035598,  43.81077253759843, 0.37893130375869183,  319.868354141026,  50.23881752789721,  352625.1037991457,      0.0,  352625.1037991457,   1.0
 -0.06868182501449482, 0.06867821920179082,13.457201196395419, 56.28088088035598,  44.81077253759843, 0.37893130375869183,  319.868354141026,  50.23881752789721,  352528.5022150315,      0.0,  352528.5022150315,   1.0
 -0.06868182501449482, 0.06867821920179082,13.457201196395419, 56.28088088035598,  43.81077253759843, 0.02000057999999999,  319.868354141026,  50.23881752789721,  327742.6490894584,      0.0,  327742.6490894584,   1.0
 -0.06868182501449482, 0.06867821920179082,13.457201196395419, 56.28088088035598,  43.81077253759843, 0.37893130375869183,  320.868354141026,  50.23881752789721,  352589.1721340837,      0.0,  352589.1721340837,   1.0
 -0.06868182501449482, 0.06867821920179082,13.457201196395419, 56.28088088035598,  43.81077253759843, 0.37893130375869183,  319.868354141026,  51.23881752789721, 352377.18848826643,      0.0, 352377.18848826643,   1.0
 -0.06868066685272599,  0.0686770610219684,13.457171747543674, 56.28086586769976, 43.810692706732794,  0.3789301969139544, 319.8682401671497,  50.23884615181924,  352446.7879864349,      0.0,  352446.7879864349,   1.0
  0.29999939999999997,  0.0686770610219684,13.457171747543674, 56.28086586769976, 43.810692706732794,  0.3789301969139544, 319.8682401671497,  50.23884615181924, 260563.30959424423,      0.0, 260563.30959424423,   1.0
 -0.06868066685272599,-0.29999939999999997,13.457171747543674, 56.28086586769976, 43.810692706732794,  0.3789301969139544, 319.8682401671497,  50.23884615181924,  283513.3945212009,      0.0,  283513.3945212009,   1.0
 -0.06868066685272599,  0.0686770610219684,14.457171747543674, 56.28086586769976, 43.810692706732794,  0.3789301969139544, 319.8682401671497,  50.23884615181924, 352666.31445667427,      0.0, 352666.31445667427,   1.0
 -0.06868066685272599,  0.0686770610219684,13.457171747543674, 57.28086586769976, 43.810692706732794,  0.3789301969139544, 319.8682401671497,  50.23884615181924,  352625.3444358942,      0.0,  352625.3444358942,   1.0
 -0.06868066685272599,  0.0686770610219684,13.457171747543674, 56.28086586769976, 44.810692706732794,  0.3789301969139544, 319.8682401671497,  50.23884615181924,  352528.5008754475,      0.0,  352528.5008754475,   1.0
 -0.06868066685272599,  0.0686770610219684,13.457171747543674, 56.28086586769976, 43.810692706732794, 0.02000057999999999, 319.8682401671497,  50.23884615181924,  327743.6799665326,      0.0,  327743.6799665326,   1.0
 -0.06868066685272599,  0.0686770610219684,13.457171747543674, 56.28086586769976, 43.810692706732794,  0.3789301969139544, 320.8682401671497,  50.23884615181924, 352590.60593310377,      0.0, 352590.60593310377,   1.0
 -0.06868066685272599,  0.0686770610219684,13.457171747543674, 56.28086586769976, 43.810692706732794,  0.3789301969139544, 319.8682401671497,  51.23884615181924, 352376.86339690146,      0.0, 352376.86339690146,   1.0
 -0.06868143123949343, 0.06867782542065119,13.457191183785826,56.280875776052866, 43.810745395104114,  0.3789309274314811,  319.868315389908,   50.2388272600307,  352446.7879864349,      0.0,  352446.7879864349,   1.0
  0.29999939999999997, 0.06867782542065119,13.457191183785826,56.280875776052866, 43.810745395104114,  0.3789309274314811,  319.868315389908,   50.2388272600307, 260563.30721162295,      0.0, 260563.30721162295,   1.0
 -0.06868143123949343,-0.29999939999999997,13.457191183785826,56.280875776052866, 43.810745395104114,  0.3789309274314811,  319.868315389908,   50.2388272600307, 283513.39503097266,      0.0, 283513.39503097266,   1.0
 -0.06868143123949343, 0.06867782542065119,14.457191183785826,56.280875776052866, 43.810745395104114,  0.3789309274314811,  319.868315389908,   50.2388272600307, 352665.86070394365,      0.0, 352665.86070394365,   1.0
 -0.06868143123949343, 0.06867782542065119,13.457191183785826,57.280875776052866, 43.810745395104114,  0.3789309274314811,  319.868315389908,   50.2388272600307,  352625.3444358942,      0.0,  352625.3444358942,   1.0
 -0.06868143123949343, 0.06867782542065119,13.457191183785826,56.280875776052866, 44.810745395104114,  0.3789309274314811,  319.868315389908,   50.2388272600307, 352528.50457231654,      0.0, 352528.50457231654,   1.0
 -0.06868143123949343, 0.06867782542065119,13.457191183785826,56.280875776052866, 43.810745395104114, 0.02000057999999999,  319.868315389908,   50.2388272600307, 327742.63597573724,      0.0, 327742.63597573724,   1.0
 -0.06868143123949343, 0.06867782542065119,13.457191183785826,56.280875776052866, 43.810745395104114,  0.3789309274314811,  320.868315389908,   50.2388272600307, 352590.60593310377,      0.0, 352590.60593310377,   1.0
 -0.06868143123949343, 0.06867782542065119,13.457191183785826,56.280875776052866, 43.810745395104114,  0.3789309274314811,  319.868315389908,   51.2388272600307,  352377.2074904523,      0.0,  352377.2074904523,   1.0
 -0.29999939999999997, 0.29999939999999997,13.767424318487462,  56.4303668359143,  44.75891947076434,          0.59999942,321.15941566215133, 49.905698298303186,  317757.9682165498,      0.0,  317757.9682165498,   1.0
  0.29999939999999997, 0.29999939999999997,13.767424318487462,  56.4303668359143,  44.75891947076434,          0.59999942,321.15941566215133, 49.905698298303186, 237462.49842087863,      0.0, 237462.49842087863,   1.0
 -0.29999939999999997,-0.29999939999999997,13.767424318487462,  56.4303668359143,  44.75891947076434,          0.59999942,321.15941566215133, 49.905698298303186, 253156.80465262767,      0.0, 253156.80465262767,   1.0
 -0.29999939999999997, 0.29999939999999997,14.767424318487462,  56.4303668359143,  44.75891947076434,          0.59999942,321.15941566215133, 49.905698298303186,  317954.3293416806,      0.0,  317954.3293416806,   1.0
 -0.29999939999999997, 0.29999939999999997,13.767424318487462,  57.4303668359143,  44.75891947076434,          0.59999942,321.15941566215133, 49.905698298303186, 317690.78465710336,      0.0, 317690.78465710336,   1.0
 -0.29999939999999997, 0.29999939999999997,13.767424318487462,  56.4303668359143,  45.75891947076434,          0.59999942,321.15941566215133, 49.905698298303186,  318124.6836644301,      0.0,  318124.6836644301,   1.0
 -0.29999939999999997, 0.29999939999999997,13.767424318487462,  56.4303668359143,  44.75891947076434,0.020000580000000046,321.15941566215133, 49.905698298303186,  341199.0497508093,      0.0,  341199.0497508093,   1.0
 -0.29999939999999997, 0.29999939999999997,13.767424318487462,  56.4303668359143,  44.75891947076434,          0.59999942,322.15941566215133, 49.905698298303186,  317967.1604543433,      0.0,  317967.1604543433,   1.0
 -0.29999939999999997, 0.29999939999999997,13.767424318487462,  56.4303668359143,  44.75891947076434,          0.59999942,321.15941566215133, 50.905698298303186, 318692.14950526226,      0.0, 318692.14950526226,   1.0
 -0.11067556862662836, 0.11067261741863485,13.513511810110321,56.308014818210324,  43.98287967681839, 0.41906434507574936, 320.1027054915662,  50.17835005862097,  346196.1294367272,      0.0,  346196.1294367272,   1.0
  0.29999939999999997, 0.11067261741863485,13.513511810110321,56.308014818210324,  43.98287967681839, 0.41906434507574936, 320.1027054915662,  50.17835005862097, 253360.30075646125,      0.0, 253360.30075646125,   1.0
 -0.11067556862662836, -0.2999993999999999,13.513511810110321,56.308014818210324,  43.98287967681839, 0.41906434507574936, 320.1027054915662,  50.17835005862097, 275179.69240581687,      0.0, 275179.69240581687,   1.0
 -0.11067556862662836, 0.11067261741863485,14.513511810110321,56.308014818210324,  43.98287967681839, 0.41906434507574936, 320.1027054915662,  50.17835005862097,  346402.4895727903,      0.0,  346402.4895727903,   1.0
 -0.11067556862662836, 0.11067261741863485,13.513511810110321,57.308014818210324,  43.98287967681839, 0.41906434507574936, 320.1027054915662,  50.17835005862097, 346170.50586458785,      0.0, 346170.50586458785,   1.0
 -0.11067556862662836, 0.11067261741863485,13.513511810110321,56.308014818210324,  44.98287967681839, 0.41906434507574936, 320.1027054915662,  50.17835005862097, 346212.33784989757,      0.0, 346212.33784989757,   1.0
 -0.11067556862662836, 0.11067261741863485,13.513511810110321,56.308014818210324,  43.98287967681839, 0.02000057999999999, 320.1027054915662,  50.17835005862097,   340414.189174297,      0.0,   340414.189174297,   1.0
 -0.11067556862662836, 0.11067261741863485,13.513511810110321,56.308014818210324,  43.98287967681839, 0.41906434507574936, 321.1027054915662,  50.17835005862097,  346349.5254364692,      0.0,  346349.5254364692,   1.0
 -0.11067556862662836, 0.11067261741863485,13.513511810110321,56.308014818210324,  43.98287967681839, 0.41906434507574936, 320.1027054915662,  51.17835005862097,  346363.8199618258,      0.0,  346363.8199618258,   1.0
 -0.07538944251209934,  0.0753859412587328,13.466187663289192, 56.28521088119008,  43.83824158323858,  0.3853417131915055, 319.9057561266855,  50.22916682231169,  351377.7936760759,      0.0,  351377.7936760759,   1.0
  0.29999939999999997,  0.0753859412587328,13.466187663289192, 56.28521088119008,  43.83824158323858,  0.3853417131915055, 319.9057561266855,  50.22916682231169,  259664.5546691695,      0.0,  259664.5546691695,   1.0
 -0.07538944251209934,          -0.2999994,13.466187663289192, 56.28521088119008,  43.83824158323858,  0.3853417131915055, 319.9057561266855,  50.22916682231169, 282251.90296695125,      0.0, 282251.90296695125,   1.0
 -0.07538944251209934,  0.0753859412587328,14.466187663289192, 56.28521088119008,  43.83824158323858,  0.3853417131915055, 319.9057561266855,  50.22916682231169,  351566.2608937849,      0.0,  351566.2608937849,   1.0
 -0.07538944251209934,  0.0753859412587328,13.466187663289192, 57.28521088119008,  43.83824158323858,  0.3853417131915055, 319.9057561266855,  50.22916682231169, 351320.57936999184,      0.0, 351320.57936999184,   1.0
 -0.07538944251209934,  0.0753859412587328,13.466187663289192, 56.28521088119008,  44.83824158323858,  0.3853417131915055, 319.9057561266855,  50.22916682231169,  351638.5089442977,      0.0,  351638.5089442977,   1.0
 -0.07538944251209934,  0.0753859412587328,13.466187663289192, 56.28521088119008,  43.83824158323858, 0.02000057999999999, 319.9057561266855,  50.22916682231169,  330494.6910599637,      0.0,  330494.6910599637,   1.0
 -0.07538944251209934,  0.0753859412587328,13.466187663289192, 56.28521088119008,  43.83824158323858,  0.3853417131915055, 320.9057561266855,  50.22916682231169,  351520.6907255688,      0.0,  351520.6907255688,   1.0
 -0.07538944251209934,  0.0753859412587328,13.466187663289192, 56.28521088119008,  43.83824158323858,  0.3853417131915055, 319.9057561266855,  51.22916682231169,  351287.8451950885,      0.0,  351287.8451950885,   1.0
 -0.06968933288631096, 0.06968574277878925, 13.45854293561487, 56.28152714043336,  43.81487679145628,  0.3798941699280032, 319.8739409887215,  50.23737574620786,  352311.0282658027,      0.0,  352311.0282658027,   1.0
  0.29999939999999997, 0.06968574277878925, 13.45854293561487, 56.28152714043336,  43.81487679145628,  0.3798941699280032, 319.8739409887215,  50.23737574620786, 260446.73021181914,      0.0, 260446.73021181914,   1.0
 -0.06968933288631096,-0.29999939999999997, 13.45854293561487, 56.28152714043336,  43.81487679145628,  0.3798941699280032, 319.8739409887215,  50.23737574620786, 283289.80946297944,      0.0, 283289.80946297944,   1.0
 -0.06968933288631096, 0.06968574277878925, 14.45854293561487, 56.28152714043336,  43.81487679145628,  0.3798941699280032, 319.8739409887215,  50.23737574620786,  352505.3676481812,      0.0,  352505.3676481812,   1.0
 -0.06968933288631096, 0.06968574277878925, 13.45854293561487, 57.28152714043336,  43.81487679145628,  0.3798941699280032, 319.8739409887215,  50.23737574620786,  352546.1083795619,      0.0,  352546.1083795619,   1.0
 -0.06968933288631096, 0.06968574277878925, 13.45854293561487, 56.28152714043336,  44.81487679145628,  0.3798941699280032, 319.8739409887215,  50.23737574620786, 352472.47792258015,      0.0, 352472.47792258015,   1.0
 -0.06968933288631096, 0.06968574277878925, 13.45854293561487, 56.28152714043336,  43.81487679145628, 0.02000057999999999, 319.8739409887215,  50.23737574620786,  328185.0903209171,      0.0,  328185.0903209171,   1.0
 -0.06968933288631096, 0.06968574277878925, 13.45854293561487, 56.28152714043336,  43.81487679145628,  0.3798941699280032, 320.8739409887215,  50.23737574620786,  352440.4909171109,      0.0,  352440.4909171109,   1.0
 -0.06968933288631096, 0.06968574277878925, 13.45854293561487, 56.28152714043336,  43.81487679145628,  0.3798941699280032, 319.8739409887215,  51.23737574620786,  352224.8538913828,      0.0,  352224.8538913828,   1.0
 -0.06883864300280612,  0.0688350396346042,13.457402029049623,56.280977375393576, 43.811389807292066,  0.3790811732931226, 319.8691928667054, 50.238600853963916, 352429.25612231926,      0.0, 352429.25612231926,   1.0
  0.29999939999999997,  0.0688350396346042,13.457402029049623,56.280977375393576, 43.811389807292066,  0.3790811732931226, 319.8691928667054, 50.238600853963916, 260501.34816385718,      0.0, 260501.34816385718,   1.0
 -0.06883864300280612,-0.29999939999999997,13.457402029049623,56.280977375393576, 43.811389807292066,  0.3790811732931226, 319.8691928667054, 50.238600853963916,  283479.7874542903,      0.0,  283479.7874542903,   1.0
 -0.06883864300280612,  0.0688350396346042,14.457402029049623,56.280977375393576, 43.811389807292066,  0.3790811732931226, 319.8691928667054, 50.238600853963916, 352652.54371782596,      0.0, 352652.54371782596,   1.0
 -0.06883864300280612,  0.0688350396346042,13.457402029049623,57.280977375393576, 43.811389807292066,  0.3790811732931226, 319.8691928667054, 50.238600853963916,   352621.348600552,      0.0,   352621.348600552,   1.0
 -0.06883864300280612,  0.0688350396346042,13.457402029049623,56.280977375393576, 44.811389807292066,  0.3790811732931226, 319.8691928667054, 50.238600853963916,  352552.5589164948,      0.0,  352552.5589164948,   1.0
 -0.06883864300280612,  0.0688350396346042,13.457402029049623,56.280977375393576, 43.811389807292066, 0.02000057999999999, 319.8691928667054, 50.238600853963916,  327768.9929075815,      0.0,  327768.9929075815,   1.0
 -0.06883864300280612,  0.0688350396346042,13.457402029049623,56.280977375393576, 43.811389807292066,  0.3790811732931226, 320.8691928667054, 50.238600853963916,  352568.6471686107,      0.0,  352568.6471686107,   1.0
 -0.06883864300280612,  0.0688350396346042,13.457402029049623,56.280977375393576, 43.811389807292066,  0.3790811732931226, 319.8691928667054, 51.238600853963916,  352351.2861128965,      0.0,  352351.2861128965,   1.0
 -0.06870706158643307,  0.0687034561671205,13.457225558040957, 56.28089233986652,  43.81085045408699,   0.378955422122457, 319.8684584455819,  50.23879034888666, 352443.16429554403,      0.0, 352443.16429554403,   1.0
  0.29999939999999997,  0.0687034561671205,13.457225558040957, 56.28089233986652,  43.81085045408699,   0.378955422122457, 319.8684584455819,  50.23879034888666, 260528.69663444516,      0.0, 260528.69663444516,   1.0
 -0.06870706158643307,-0.29999939999999997,13.457225558040957, 56.28089233986652,  43.81085045408699,   0.378955422122457, 319.8684584455819,  50.23879034888666,  283494.4928131957,      0.0,  283494.4928131957,   1.0
 -0.06870706158643307,  0.0687034561671205,14.457225558040957, 56.28089233986652,  43.81085045408699,   0.378955422122457, 319.8684584455819,  50.23879034888666, 352665.56424872606,      0.0, 352665.56424872606,   1.0
 -0.06870706158643307,  0.0687034561671205,13.457225558040957, 57.28089233986652,  43.81085045408699,   0.378955422122457, 319.8684584455819,  50.23879034888666,  352632.4271031216,      0.0,  352632.4271031216,   1.0
 -0.06870706158643307,  0.0687034561671205,13.457225558040957, 56.28089233986652,  44.81085045408699,   0.378955422122457, 319.8684584455819,  50.23879034888666, 352523.10634088307,      0.0, 352523.10634088307,   1.0
 -0.06870706158643307,  0.0687034561671205,13.457225558040957, 56.28089233986652,  43.81085045408699, 0.02000057999999999, 319.8684584455819,  50.23879034888666,   327726.844404143,      0.0,   327726.844404143,   1.0
 -0.06870706158643307,  0.0687034561671205,13.457225558040957, 56.28089233986652,  43.81085045408699,   0.378955422122457, 320.8684584455819,  50.23879034888666,  352589.9281718437,      0.0,  352589.9281718437,   1.0
 -0.06870706158643307,  0.0687034561671205,13.457225558040957, 56.28089233986652,  43.81085045408699,   0.378955422122457, 319.8684584455819,  51.23879034888666, 352376.66399340413,      0.0, 352376.66399340413,   1.0
 -0.06868537244629055, 0.06868176668888444,13.457196469553056,56.280878323088814,  43.81076155014011,  0.3789346940072046, 319.8683373877372,  50.23882158416326, 352446.72118166386,      0.0, 352446.72118166386,   1.0
   0.2999993999999999, 0.06868176668888444,13.457196469553056,56.280878323088814,  43.81076155014011,  0.3789346940072046, 319.8683373877372,  50.23882158416326, 260562.79747209957,      0.0, 260562.79747209957,   1.0
 -0.06868537244629055,-0.29999939999999997,13.457196469553056,56.280878323088814,  43.81076155014011,  0.3789346940072046, 319.8683373877372,  50.23882158416326,  283513.3932934859,      0.0,  283513.3932934859,   1.0
 -0.06868537244629055, 0.06868176668888444,14.457196469553056,56.280878323088814,  43.81076155014011,  0.3789346940072046, 319.8683373877372,  50.23882158416326,  352666.7709552712,      0.0,  352666.7709552712,   1.0
 -0.06868537244629055, 0.06868176668888444,13.457196469553056,57.280878323088814,  43.81076155014011,  0.3789346940072046, 319.8683373877372,  50.23882158416326,  352624.8364261959,      0.0,  352624.8364261959,   1.0
 -0.06868537244629055, 0.06868176668888444,13.457196469553056,56.280878323088814,  44.81076155014011,  0.3789346940072046, 319.8683373877372,  50.23882158416326,  352528.5022150315,      0.0,  352528.5022150315,   1.0
 -0.06868537244629055, 0.06868176668888444,13.457196469553056,56.280878323088814,  43.81076155014011, 0.02000057999999999, 319.8683373877372,  50.23882158416326, 327742.89256138366,      0.0, 327742.89256138366,   1.0
 -0.06868537244629055, 0.06868176668888444,13.457196469553056,56.280878323088814,  43.81076155014011,  0.3789346940072046, 320.8683373877372,  50.23882158416326, 352590.63459959504,      0.0, 352590.63459959504,   1.0
 -0.06868537244629055, 0.06868176668888444,13.457196469553056,56.280878323088814,  43.81076155014011,  0.3789346940072046, 319.8683373877372,  51.23882158416326,  352377.0991555509,      0.0,  352377.0991555509,   1.0
 -0.06868222765536594, 0.06867862184893835,13.457192251902557,56.280876290742896,   43.8107486596187,  0.3789316885589341,319.86831983509984,  50.23882611308482, 352446.76751687983,      0.0, 352446.76751687983,   1.0
            0.2999994, 0.06867862184893835,13.457192251902557,56.280876290742896,   43.8107486596187,  0.3789316885589341,319.86831983509984,  50.23882611308482, 260562.70844871542,      0.0, 260562.70844871542,   1.0
 -0.06868222765536594,-0.29999939999999997,13.457192251902557,56.280876290742896,   43.8107486596187,  0.3789316885589341,319.86831983509984,  50.23882611308482,  283513.3945212009,      0.0,  283513.3945212009,   1.0
 -0.06868222765536594, 0.06867862184893835,14.457192251902557,56.280876290742896,   43.8107486596187,  0.3789316885589341,319.86831983509984,  50.23882611308482, 352665.84225038777,      0.0, 352665.84225038777,   1.0
 -0.06868222765536594, 0.06867862184893835,13.457192251902557,57.280876290742896,   43.8107486596187,  0.3789316885589341,319.86831983509984,  50.23882611308482,  352625.1037991457,      0.0,  352625.1037991457,   1.0
 -0.06868222765536594, 0.06867862184893835,13.457192251902557,56.280876290742896,   44.8107486596187,  0.3789316885589341,319.86831983509984,  50.23882611308482,  352528.5022150315,      0.0,  352528.5022150315,   1.0
 -0.06868222765536594, 0.06867862184893835,13.457192251902557,56.280876290742896,   43.8107486596187, 0.02000057999999999,319.86831983509984,  50.23882611308482,  327742.6490894584,      0.0,  327742.6490894584,   1.0
 -0.06868222765536594, 0.06867862184893835,13.457192251902557,56.280876290742896,   43.8107486596187,  0.3789316885589341,320.86831983509984,  50.23882611308482,  352590.5954525252,      0.0,  352590.5954525252,   1.0
 -0.06868222765536594, 0.06867862184893835,13.457192251902557,56.280876290742896,   43.8107486596187,  0.3789316885589341,319.86831983509984,  51.23882611308482,  352377.1725026831,      0.0,  352377.1725026831,   1.0
 -0.06868158863720847, 0.06867798282081979, 13.45719139488048, 56.28087587777238,  43.81074604027852, 0.37893107785505514, 319.8683162684227,  50.23882703335684, 352446.76751687983,      0.0, 352446.76751687983,   1.0
  0.29999939999999997, 0.06867798282081979, 13.45719139488048, 56.28087587777238,  43.81074604027852, 0.37893107785505514, 319.8683162684227,  50.23882703335684, 260562.70921788673,      0.0, 260562.70921788673,   1.0
 -0.06868158863720847,-0.29999939999999997, 13.45719139488048, 56.28087587777238,  43.81074604027852, 0.37893107785505514, 319.8683162684227,  50.23882703335684, 283513.39503097266,      0.0, 283513.39503097266,   1.0
 -0.06868158863720847, 0.06867798282081979, 14.45719139488048, 56.28087587777238,  43.81074604027852, 0.37893107785505514, 319.8683162684227,  50.23882703335684,  352665.8494264125,      0.0,  352665.8494264125,   1.0
 -0.06868158863720847, 0.06867798282081979, 13.45719139488048, 57.28087587777238,  43.81074604027852, 0.37893107785505514, 319.8683162684227,  50.23882703335684,  352625.1037991457,      0.0,  352625.1037991457,   1.0
 -0.06868158863720847, 0.06867798282081979, 13.45719139488048, 56.28087587777238,  44.81074604027852, 0.37893107785505514, 319.8683162684227,  50.23882703335684, 352528.50457231654,      0.0, 352528.50457231654,   1.0
 -0.06868158863720847, 0.06867798282081979, 13.45719139488048, 56.28087587777238,  43.81074604027852, 0.02000057999999999, 319.8683162684227,  50.23882703335684,  327742.6490894584,      0.0,  327742.6490894584,   1.0
 -0.06868158863720847, 0.06867798282081979, 13.45719139488048, 56.28087587777238,  43.81074604027852, 0.37893107785505514, 320.8683162684227,  50.23882703335684, 352590.58545595827,      0.0, 352590.58545595827,   1.0
 -0.06868158863720847, 0.06867798282081979, 13.45719139488048, 56.28087587777238,  43.81074604027852, 0.37893107785505514, 319.8683162684227,  51.23882703335684, 352377.18848826643,      0.0, 352377.18848826643,   1.0
 -0.06868145597626395, 0.06867785015780731,13.457191216961657,  56.2808757920392,  43.81074549650032, 0.37893095107218916,319.86831552797616,  50.23882722440643,  352446.7879864349,      0.0,  352446.7879864349,   1.0
  0.29999939999999997, 0.06867785015780731,13.457191216961657,  56.2808757920392,  43.81074549650032, 0.37893095107218916,319.86831552797616,  50.23882722440643, 260563.30721162295,      0.0, 260563.30721162295,   1.0
 -0.06868145597626395,-0.29999939999999997,13.457191216961657,  56.2808757920392,  43.81074549650032, 0.37893095107218916,319.86831552797616,  50.23882722440643, 283513.39503097266,      0.0, 283513.39503097266,   1.0
 -0.06868145597626395, 0.06867785015780731,14.457191216961657,  56.2808757920392,  43.81074549650032, 0.37893095107218916,319.86831552797616,  50.23882722440643, 352665.86949344975,      0.0, 352665.86949344975,   1.0
 -0.06868145597626395, 0.06867785015780731,13.457191216961657,  57.2808757920392,  43.81074549650032, 0.37893095107218916,319.86831552797616,  50.23882722440643,  352625.3444358942,      0.0,  352625.3444358942,   1.0
 -0.06868145597626395, 0.06867785015780731,13.457191216961657,  56.2808757920392,  44.81074549650032, 0.37893095107218916,319.86831552797616,  50.23882722440643, 352528.50457231654,      0.0, 352528.50457231654,   1.0
 -0.06868145597626395, 0.06867785015780731,13.457191216961657,  56.2808757920392,  43.81074549650032, 0.02000057999999999,319.86831552797616,  50.23882722440643, 327742.63597573724,      0.0, 327742.63597573724,   1.0
 -0.06868145597626395, 0.06867785015780731,13.457191216961657,  56.2808757920392,  43.81074549650032, 0.37893095107218916,320.86831552797616,  50.23882722440643, 352590.60593310377,      0.0, 352590.60593310377,   1.0
 -0.06868145597626395, 0.06867785015780731,13.457191216961657,  56.2808757920392,  43.81074549650032, 0.37893095107218916,319.86831552797616,  51.23882722440643,  352377.2074904523,      0.0,  352377.2074904523,   1.0
 -0.06868143645985088, 0.06867783064109002,13.457191190787132,56.280875779426566,   43.8107454165024, 0.37893093242052955, 319.8683154190454, 50.238827252512685,  352446.7879864349,      0.0,  352446.7879864349,   1.0
  0.29999939999999997, 0.06867783064109002,13.457191190787132,56.280875779426566,   43.8107454165024, 0.37893093242052955, 319.8683154190454, 50.238827252512685, 260563.30721162295,      0.0, 260563.30721162295,   1.0
 -0.06868143645985088,-0.29999939999999997,13.457191190787132,56.280875779426566,   43.8107454165024, 0.37893093242052955, 319.8683154190454, 50.238827252512685, 283513.39503097266,      0.0, 283513.39503097266,   1.0
 -0.06868143645985088, 0.06867783064109002,14.457191190787132,56.280875779426566,   43.8107454165024, 0.37893093242052955, 319.8683154190454, 50.238827252512685, 352665.86070394365,      0.0, 352665.86070394365,   1.0
 -0.06868143645985088, 0.06867783064109002,13.457191190787132,57.280875779426566,   43.8107454165024, 0.37893093242052955, 319.8683154190454, 50.238827252512685,  352625.3444358942,      0.0,  352625.3444358942,   1.0
 -0.06868143645985088, 0.06867783064109002,13.457191190787132,56.280875779426566,   44.8107454165024, 0.37893093242052955, 319.8683154190454, 50.238827252512685, 352528.50457231654,      0.0, 352528.50457231654,   1.0
 -0.06868143645985088, 0.06867783064109002,13.457191190787132,56.280875779426566,   43.8107454165024, 0.02000057999999999, 319.8683154190454, 50.238827252512685, 327742.63597573724,      0.0, 327742.63597573724,   1.0
 -0.06868143645985088, 0.06867783064109002,13.457191190787132,56.280875779426566,   43.8107454165024, 0.37893093242052955, 320.8683154190454, 50.238827252512685, 352590.60593310377,      0.0, 352590.60593310377,   1.0
 -0.06868143645985088, 0.06867783064109002,13.457191190787132,56.280875779426566,   43.8107454165024, 0.37893093242052955, 319.8683154190454, 51.238827252512685,  352377.2074904523,      0.0,  352377.2074904523,   1.0
 -0.06868143234117852, 0.06867782652235346,13.457191185263355, 56.28087577676484,  43.81074539961993,  0.3789309284843516,  319.868315396057, 50.238827258444125,  352446.7879864349,      0.0,  352446.7879864349,   1.0
  0.29999939999999997, 0.06867782652235346,13.457191185263355, 56.28087577676484,  43.81074539961993,  0.3789309284843516,  319.868315396057, 50.238827258444125, 260563.30721162295,      0.0, 260563.30721162295,   1.0
 -0.06868143234117852,          -0.2999994,13.457191185263355, 56.28087577676484,  43.81074539961993,  0.3789309284843516,  319.868315396057, 50.238827258444125, 283513.39503097266,      0.0, 283513.39503097266,   1.0
 -0.06868143234117852, 0.06867782652235346,14.457191185263355, 56.28087577676484,  43.81074539961993,  0.3789309284843516,  319.868315396057, 50.238827258444125, 352665.86070394365,      0.0, 352665.86070394365,   1.0
 -0.06868143234117852, 0.06867782652235346,13.457191185263355, 57.28087577676484,  43.81074539961993,  0.3789309284843516,  319.868315396057, 50.238827258444125,  352625.3444358942,      0.0,  352625.3444358942,   1.0
 -0.06868143234117852, 0.06867782652235346,13.457191185263355, 56.28087577676484,  44.81074539961993,  0.3789309284843516,  319.868315396057, 50.238827258444125, 352528.50457231654,      0.0, 352528.50457231654,   1.0
 -0.06868143234117852, 0.06867782652235346,13.457191185263355, 56.28087577676484,  43.81074539961993, 0.02000057999999999,  319.868315396057, 50.238827258444125, 327742.63597573724,      0.0, 327742.63597573724,   1.0
 -0.06868143234117852, 0.06867782652235346,13.457191185263355, 56.28087577676484,  43.81074539961993,  0.3789309284843516,  320.868315396057, 50.238827258444125, 352590.60593310377,      0.0, 352590.60593310377,   1.0
 -0.06868143234117852, 0.06867782652235346,13.457191185263355, 56.28087577676484,  43.81074539961993,  0.3789309284843516,  319.868315396057, 51.238827258444125,  352377.2074904523,      0.0,  352377.2074904523,   1.0
   -0.068681431471989,  0.0686778256531504,13.457191184097638, 56.28087577620312, 43.810745396057115, 0.37893092765367503,319.86831539120567,  50.23882725969588,  352446.7879864349,      0.0,  352446.7879864349,   1.0
  0.29999939999999997,  0.0686778256531504,13.457191184097638, 56.28087577620312, 43.810745396057115, 0.37893092765367503,319.86831539120567,  50.23882725969588, 260563.30721162295,      0.0, 260563.30721162295,   1.0
   -0.068681431471989,-0.29999939999999997,13.457191184097638, 56.28087577620312, 43.810745396057115, 0.37893092765367503,319.86831539120567,  50.23882725969588, 283513.39503097266,      0.0, 283513.39503097266,   1.0
   -0.068681431471989,  0.0686778256531504,14.457191184097638, 56.28087577620312, 43.810745396057115, 0.37893092765367503,319.86831539120567,  50.23882725969588, 352665.86070394365,      0.0, 352665.86070394365,   1.0
   -0.068681431471989,  0.0686778256531504,13.457191184097638, 57.28087577620312, 43.810745396057115, 0.37893092765367503,319.86831539120567,  50.23882725969588,  352625.3444358942,      0.0,  352625.3444358942,   1.0
   -0.068681431471989,  0.0686778256531504,13.457191184097638, 56.28087577620312, 44.810745396057115, 0.37893092765367503,319.86831539120567,  50.23882725969588, 352528.50457231654,      0.0, 352528.50457231654,   1.0
   -0.068681431471989,  0.0686778256531504,13.457191184097638, 56.28087577620312, 43.810745396057115, 0.02000057999999999,319.86831539120567,  50.23882725969588, 327742.63597573724,      0.0, 327742.63597573724,   1.0
   -0.068681431471989,  0.0686778256531504,13.457191184097638, 56.28087577620312, 43.810745396057115, 0.37893092765367503,320.86831539120567,  50.23882725969588, 352590.60593310377,      0.0, 352590.60593310377,   1.0
   -0.068681431471989,  0.0686778256531504,13.457191184097638, 56.28087577620312, 43.810745396057115, 0.37893092765367503,319.86831539120567,  51.23882725969588,  352377.2074904523,      0.0,  352377.2074904523,   1.0
 -0.06868143128855843, 0.06867782546971696,13.457191183851629, 56.28087577608458,  43.81074539530523,  0.3789309274783721,319.86831539018186,  50.23882725996004,  352446.7879864349,      0.0,  352446.7879864349,   1.0
  0.29999939999999997, 0.06867782546971696,13.457191183851629, 56.28087577608458,  43.81074539530523,  0.3789309274783721,319.86831539018186,  50.23882725996004, 260563.30721162295,      0.0, 260563.30721162295,   1.0
 -0.06868143128855843,-0.29999939999999997,13.457191183851629, 56.28087577608458,  43.81074539530523,  0.3789309274783721,319.86831539018186,  50.23882725996004, 283513.39503097266,      0.0, 283513.39503097266,   1.0
 -0.06868143128855843, 0.06867782546971696,14.457191183851629, 56.28087577608458,  43.81074539530523,  0.3789309274783721,319.86831539018186,  50.23882725996004, 352665.86070394365,      0.0, 352665.86070394365,   1.0
 -0.06868143128855843, 0.06867782546971696,13.457191183851629, 57.28087577608458,  43.81074539530523,  0.3789309274783721,319.86831539018186,  50.23882725996004,  352625.3444358942,      0.0,  352625.3444358942,   1.0
 -0.06868143128855843, 0.06867782546971696,13.457191183851629, 56.28087577608458,  44.81074539530523,  0.3789309274783721,319.86831539018186,  50.23882725996004, 352528.50457231654,      0.0, 352528.50457231654,   1.0
 -0.06868143128855843, 0.06867782546971696,13.457191183851629, 56.28087577608458,  43.81074539530523, 0.02000057999999999,319.86831539018186,  50.23882725996004, 327742.63597573724,      0.0, 327742.63597573724,   1.0
 -0.06868143128855843, 0.06867782546971696,13.457191183851629, 56.28087577608458,  43.81074539530523,  0.3789309274783721,320.86831539018186,  50.23882725996004, 352590.60593310377,      0.0, 352590.60593310377,   1.0
 -0.06868143128855843, 0.06867782546971696,13.457191183851629, 56.28087577608458,  43.81074539530523,  0.3789309274783721,319.86831539018186,  51.23882725996004,  352377.2074904523,      0.0,  352377.2074904523,   1.0
 -0.06868143124984791, 0.06867782543100584,13.457191183799713, 56.28087577605956, 43.810745395146554,  0.3789309274413768, 319.8683153899658,  50.23882726001579,  352446.7879864349,      0.0,  352446.7879864349,   1.0
   0.2999993999999999, 0.06867782543100584,13.457191183799713, 56.28087577605956, 43.810745395146554,  0.3789309274413768, 319.8683153899658,  50.23882726001579, 260563.30721162295,      0.0, 260563.30721162295,   1.0
 -0.06868143124984791, -0.2999993999999999,13.457191183799713, 56.28087577605956, 43.810745395146554,  0.3789309274413768, 319.8683153899658,  50.23882726001579, 283513.39503097266,      0.0, 283513.39503097266,   1.0
 -0.06868143124984791, 0.06867782543100584,14.457191183799713, 56.28087577605956, 43.810745395146554,  0.3789309274413768, 319.8683153899658,  50.23882726001579, 352665.86070394365,      0.0, 352665.86070394365,   1.0
 -0.06868143124984791, 0.06867782543100584,13.457191183799713, 57.28087577605956, 43.810745395146554,  0.3789309274413768, 319.8683153899658,  50.23882726001579,  352625.3444358942,      0.0,  352625.3444358942,   1.0
 -0.06868143124984791, 0.06867782543100584,13.457191183799713, 56.28087577605956, 44.810745395146554,  0.3789309274413768, 319.8683153899658,  50.23882726001579, 352528.50457231654,      0.0, 352528.50457231654,   1.0
 -0.06868143124984791, 0.06867782543100584,13.457191183799713, 56.28087577605956, 43.810745395146554, 0.02000057999999999, 319.8683153899658,  50.23882726001579, 327742.63597573724,      0.0, 327742.63597573724,   1.0
 -0.06868143124984791, 0.06867782543100584,13.457191183799713, 56.28087577605956, 43.810745395146554,  0.3789309274413768, 320.8683153899658,  50.23882726001579, 352590.60593310377,      0.0, 352590.60593310377,   1.0
 -0.06868143124984791, 0.06867782543100584,13.457191183799713, 56.28087577605956, 43.810745395146554,  0.3789309274413768, 319.8683153899658,  51.23882726001579,  352377.2074904523,      0.0,  352377.2074904523,   1.0
 -0.06868143124167858, 0.06867782542283639,13.457191183788757, 56.28087577605428, 43.810745395113074, 0.37893092743356943, 319.8683153899202, 50.238827260027556,  352446.7879864349,      0.0,  352446.7879864349,   1.0
  0.29999939999999997, 0.06867782542283639,13.457191183788757, 56.28087577605428, 43.810745395113074, 0.37893092743356943, 319.8683153899202, 50.238827260027556, 260563.30721162295,      0.0, 260563.30721162295,   1.0
 -0.06868143124167858,-0.29999939999999997,13.457191183788757, 56.28087577605428, 43.810745395113074, 0.37893092743356943, 319.8683153899202, 50.238827260027556, 283513.39503097266,      0.0, 283513.39503097266,   1.0
 -0.06868143124167858, 0.06867782542283639,14.457191183788757, 56.28087577605428, 43.810745395113074, 0.37893092743356943, 319.8683153899202, 50.238827260027556, 352665.86070394365,      0.0, 352665.86070394365,   1.0
 -0.06868143124167858, 0.06867782542283639,13.457191183788757, 57.28087577605428, 43.810745395113074, 0.37893092743356943, 319.8683153899202, 50.238827260027556,  352625.3444358942,      0.0,  352625.3444358942,   1.0
 -0.06868143124167858, 0.06867782542283639,13.457191183788757, 56.28087577605428, 44.810745395113074, 0.37893092743356943, 319.8683153899202, 50.238827260027556, 352528.50457231654,      0.0, 352528.50457231654,   1.0
 -0.06868143124167858, 0.06867782542283639,13.457191183788757, 56.28087577605428, 43.810745395113074, 0.02000057999999999, 319.8683153899202, 50.238827260027556, 327742.63597573724,      0.0, 327742.63597573724,   1.0
 -0.06868143124167858, 0.06867782542283639,13.457191183788757, 56.28087577605428, 43.810745395113074, 0.37893092743356943, 320.8683153899202, 50.238827260027556, 352590.60593310377,      0.0, 352590.60593310377,   1.0
 -0.06868143124167858, 0.06867782542283639,13.457191183788757, 56.28087577605428, 43.810745395113074, 0.37893092743356943, 319.8683153899202, 51.238827260027556,  352377.2074904523,      0.0,  352377.2074904523,   1.0
 -0.06868143123995457, 0.06867782542111234,13.457191183786444,56.280875776053165, 43.810745395106004,  0.3789309274319218,319.86831538991055,  50.23882726003004,  352446.7879864349,      0.0,  352446.7879864349,   1.0
  0.29999939999999997, 0.06867782542111234,13.457191183786444,56.280875776053165, 43.810745395106004,  0.3789309274319218,319.86831538991055,  50.23882726003004, 260563.30721162295,      0.0, 260563.30721162295,   1.0
 -0.06868143123995457,-0.29999939999999997,13.457191183786444,56.280875776053165, 43.810745395106004,  0.3789309274319218,319.86831538991055,  50.23882726003004, 283513.39503097266,      0.0, 283513.39503097266,   1.0
 -0.06868143123995457, 0.06867782542111234,14.457191183786444,56.280875776053165, 43.810745395106004,  0.3789309274319218,319.86831538991055,  50.23882726003004, 352665.86070394365,      0.0, 352665.86070394365,   1.0
 -0.06868143123995457, 0.06867782542111234,13.457191183786444,57.280875776053165, 43.810745395106004,  0.3789309274319218,319.86831538991055,  50.23882726003004,  352625.3444358942,      0.0,  352625.3444358942,   1.0
 -0.06868143123995457, 0.06867782542111234,13.457191183786444,56.280875776053165, 44.810745395106004,  0.3789309274319218,319.86831538991055,  50.23882726003004, 352528.50457231654,      0.0, 352528.50457231654,   1.0
 -0.06868143123995457, 0.06867782542111234,13.457191183786444,56.280875776053165, 43.810745395106004, 0.02000057999999999,319.86831538991055,  50.23882726003004, 327742.63597573724,      0.0, 327742.63597573724,   1.0
 -0.06868143123995457, 0.06867782542111234,13.457191183786444,56.280875776053165, 43.810745395106004,  0.3789309274319218,320.86831538991055,  50.23882726003004, 352590.60593310377,      0.0, 352590.60593310377,   1.0
 -0.06868143123995457, 0.06867782542111234,13.457191183786444,56.280875776053165, 43.810745395106004,  0.3789309274319218,319.86831538991055,  51.23882726003004,  352377.2074904523,      0.0,  352377.2074904523,   1.0
 -0.06868143123959074, 0.06867782542074852,13.457191183785955, 56.28087577605293,  43.81074539510451,  0.3789309274315741,319.86831538990856,  50.23882726003056,  352446.7879864349,      0.0,  352446.7879864349,   1.0
  0.29999939999999997, 0.06867782542074852,13.457191183785955, 56.28087577605293,  43.81074539510451,  0.3789309274315741,319.86831538990856,  50.23882726003056, 260563.30721162295,      0.0, 260563.30721162295,   1.0
 -0.06868143123959074,-0.29999939999999997,13.457191183785955, 56.28087577605293,  43.81074539510451,  0.3789309274315741,319.86831538990856,  50.23882726003056, 283513.39503097266,      0.0, 283513.39503097266,   1.0
 -0.06868143123959074, 0.06867782542074852,14.457191183785955, 56.28087577605293,  43.81074539510451,  0.3789309274315741,319.86831538990856,  50.23882726003056, 352665.86070394365,      0.0, 352665.86070394365,   1.0
 -0.06868143123959074, 0.06867782542074852,13.457191183785955, 57.28087577605293,  43.81074539510451,  0.3789309274315741,319.86831538990856,  50.23882726003056,  352625.3444358942,      0.0,  352625.3444358942,   1.0
 -0.06868143123959074, 0.06867782542074852,13.457191183785955, 56.28087577605293,  44.81074539510451,  0.3789309274315741,319.86831538990856,  50.23882726003056, 352528.50457231654,      0.0, 352528.50457231654,   1.0
 -0.06868143123959074, 0.06867782542074852,13.457191183785955, 56.28087577605293,  43.81074539510451, 0.02000057999999999,319.86831538990856,  50.23882726003056, 327742.63597573724,      0.0, 327742.63597573724,   1.0
 -0.06868143123959074, 0.06867782542074852,13.457191183785955, 56.28087577605293,  43.81074539510451,  0.3789309274315741,320.86831538990856,  50.23882726003056, 352590.60593310377,      0.0, 352590.60593310377,   1.0
 -0.06868143123959074, 0.06867782542074852,13.457191183785955, 56.28087577605293,  43.81074539510451,  0.3789309274315741,319.86831538990856,  51.23882726003056,  352377.2074904523,      0.0,  352377.2074904523,   1.0
 -0.06868143123951397, 0.06867782542067173,13.457191183785854, 56.28087577605288,   43.8107453951042,  0.3789309274315007, 319.8683153899081, 50.238827260030675,  352446.7879864349,      0.0,  352446.7879864349,   1.0
  0.29999939999999997, 0.06867782542067173,13.457191183785854, 56.28087577605288,   43.8107453951042,  0.3789309274315007, 319.8683153899081, 50.238827260030675, 260563.30721162295,      0.0, 260563.30721162295,   1.0
 -0.06868143123951397,-0.29999939999999997,13.457191183785854, 56.28087577605288,   43.8107453951042,  0.3789309274315007, 319.8683153899081, 50.238827260030675, 283513.39503097266,      0.0, 283513.39503097266,   1.0
 -0.06868143123951397, 0.06867782542067173,14.457191183785854, 56.28087577605288,   43.8107453951042,  0.3789309274315007, 319.8683153899081, 50.238827260030675, 352665.86070394365,      0.0, 352665.86070394365,   1.0
 -0.06868143123951397, 0.06867782542067173,13.457191183785854, 57.28087577605288,   43.8107453951042,  0.3789309274315007, 319.8683153899081, 50.238827260030675,  352625.3444358942,      0.0,  352625.3444358942,   1.0
 -0.06868143123951397, 0.06867782542067173,13.457191183785854, 56.28087577605288,   44.8107453951042,  0.3789309274315007, 319.8683153899081, 50.238827260030675, 352528.50457231654,      0.0, 352528.50457231654,   1.0
 -0.06868143123951397, 0.06867782542067173,13.457191183785854, 56.28087577605288,   43.8107453951042, 0.02000057999999999, 319.8683153899081, 50.238827260030675, 327742.63597573724,      0.0, 327742.63597573724,   1.0
 -0.06868143123951397, 0.06867782542067173,13.457191183785854, 56.28087577605288,   43.8107453951042,  0.3789309274315007, 320.8683153899081, 50.238827260030675, 352590.60593310377,      0.0, 352590.60593310377,   1.0
 -0.06868143123951397, 0.06867782542067173,13.457191183785854, 56.28087577605288,   43.8107453951042,  0.3789309274315007, 319.8683153899081, 51.238827260030675,  352377.2074904523,      0.0,  352377.2074904523,   1.0
 -0.06868143123956463,  0.0686778254207224,13.457191183785921, 56.28087577605291, 43.810745395104405, 0.37893092743154916, 319.8683153899084, 50.238827260030604,  352446.7879864349,      0.0,  352446.7879864349,   1.0
            0.2999994,  0.0686778254207224,13.457191183785921, 56.28087577605291, 43.810745395104405, 0.37893092743154916, 319.8683153899084, 50.238827260030604, 260563.30721162295,      0.0, 260563.30721162295,   1.0
 -0.06868143123956463, -0.2999993999999999,13.457191183785921, 56.28087577605291, 43.810745395104405, 0.37893092743154916, 319.8683153899084, 50.238827260030604, 283513.39503097266,      0.0, 283513.39503097266,   1.0
 -0.06868143123956463,  0.0686778254207224,14.457191183785921, 56.28087577605291, 43.810745395104405, 0.37893092743154916, 319.8683153899084, 50.238827260030604, 352665.86070394365,      0.0, 352665.86070394365,   1.0
 -0.06868143123956463,  0.0686778254207224,13.457191183785921, 57.28087577605291, 43.810745395104405, 0.37893092743154916, 319.8683153899084, 50.238827260030604,  352625.3444358942,      0.0,  352625.3444358942,   1.0
 -0.06868143123956463,  0.0686778254207224,13.457191183785921, 56.28087577605291, 44.810745395104405, 0.37893092743154916, 319.8683153899084, 50.238827260030604, 352528.50457231654,      0.0, 352528.50457231654,   1.0
 -0.06868143123956463,  0.0686778254207224,13.457191183785921, 56.28087577605291, 43.810745395104405, 0.02000057999999999, 319.8683153899084, 50.238827260030604, 327742.63597573724,      0.0, 327742.63597573724,   1.0
 -0.06868143123956463,  0.0686778254207224,13.457191183785921, 56.28087577605291, 43.810745395104405, 0.37893092743154916, 320.8683153899084, 50.238827260030604, 352590.60593310377,      0.0, 352590.60593310377,   1.0
 -0.06868143123956463,  0.0686778254207224,13.457191183785921, 56.28087577605291, 43.810745395104405, 0.37893092743154916, 319.8683153899084, 51.238827260030604,  352377.2074904523,      0.0,  352377.2074904523,   1.0
 -0.29999939999999997, 0.29999939999999997,          59.99988,          79.99994,          169.99974,          0.59999942,         499.99955,           5.000115, 128974.33960888023,      0.0, 128974.33960888023,   1.0
  0.29999939999999997, 0.29999939999999997,          59.99988,          79.99994,          169.99974,          0.59999942,         499.99955,           5.000115, 204484.87647460177,      0.0, 204484.87647460177,   1.0
 -0.29999939999999997,-0.29999939999999997,          59.99988,          79.99994,          169.99974,          0.59999942,         499.99955,           5.000115, 220988.77528569777,      0.0, 220988.77528569777,   1.0
 -0.29999939999999997, 0.29999939999999997,          58.99988,          79.99994,          169.99974,          0.59999942,         499.99955,           5.000115, 129672.98914713698,      0.0, 129672.98914713698,   1.0
 -0.29999939999999997, 0.29999939999999997,          59.99988,          78.99994,          169.99974,          0.59999942,         499.99955,           5.000115, 122680.03343220294,      0.0, 122680.03343220294,   1.0
 -0.29999939999999997, 0.29999939999999997,          59.99988,          79.99994,          168.99974,          0.59999942,         499.99955,           5.000115, 127408.17409469816,      0.0, 127408.17409469816,   1.0
 -0.29999939999999997, 0.29999939999999997,          59.99988,          79.99994,          169.99974,0.020000580000000046,         499.99955,           5.000115, 148338.81208437143,      0.0, 148338.81208437143,   1.0
 -0.29999939999999997, 0.29999939999999997,          59.99988,          79.99994,          169.99974,          0.59999942,         498.99955,           5.000115, 128955.35317367298,      0.0, 128955.35317367298,   1.0
 -0.29999939999999997, 0.29999939999999997,          59.99988,          79.99994,          169.99974,          0.59999942,         499.99955,           6.000115, 129143.55236867338,      0.0, 129143.55236867338,   1.0
 -0.08571044796623392, 0.08570710759823283,16.883540769188667, 58.02701051680193, 53.100445245798205,  0.3952054048440086, 333.1291002032121, 46.908472977999715, 350089.46524343034,      0.0, 350089.46524343034,   1.0
   0.2999993999999999, 0.08570710759823283,16.883540769188667, 58.02701051680193, 53.100445245798205,  0.3952054048440086, 333.1291002032121, 46.908472977999715, 246537.12804857895,      0.0, 246537.12804857895,   1.0
 -0.08571044796623392, -0.2999993999999999,16.883540769188667, 58.02701051680193, 53.100445245798205,  0.3952054048440086, 333.1291002032121, 46.908472977999715,  273644.4420433135,      0.0,  273644.4420433135,   1.0
 -0.08571044796623392, 0.08570710759823283,17.883540769188667, 58.02701051680193, 53.100445245798205,  0.3952054048440086, 333.1291002032121, 46.908472977999715,  349873.2221773484,      0.0,  349873.2221773484,   1.0
 -0.08571044796623392, 0.08570710759823283,16.883540769188667, 59.02701051680193, 53.100445245798205,  0.3952054048440086, 333.1291002032121, 46.908472977999715, 350249.18866432365,      0.0, 350249.18866432365,   1.0
 -0.08571044796623392, 0.08570710759823283,16.883540769188667, 58.02701051680193, 54.100445245798205,  0.3952054048440086, 333.1291002032121, 46.908472977999715,  349423.6850592587,      0.0,  349423.6850592587,   1.0
 -0.08571044796623392, 0.08570710759823283,16.883540769188667, 58.02701051680193, 53.100445245798205, 0.02000057999999999, 333.1291002032121, 46.908472977999715,  325881.7936091274,      0.0,  325881.7936091274,   1.0
 -0.08571044796623392, 0.08570710759823283,16.883540769188667, 58.02701051680193, 53.100445245798205,  0.3952054048440086, 334.1291002032121, 46.908472977999715,  350205.6381247542,      0.0,  350205.6381247542,   1.0
 -0.08571044796623392, 0.08570710759823283,16.883540769188667, 58.02701051680193, 53.100445245798205,  0.3952054048440086, 333.1291002032121, 47.908472977999715,  350173.8376703452,      0.0,  350173.8376703452,   1.0
 -0.07236072201317427,  0.0723571735476629,14.197488560861153, 56.65814579371356,  45.81787871932308,  0.3824471923780275,  322.733441662216, 49.519270636204986,  352699.6457187675,      0.0,  352699.6457187675,   1.0
  0.29999939999999997,  0.0723571735476629,14.197488560861153, 56.65814579371356,  45.81787871932308,  0.3824471923780275,  322.733441662216, 49.519270636204986,  257418.8612290012,      0.0,  257418.8612290012,   1.0
 -0.07236072201317427,-0.29999939999999997,14.197488560861153, 56.65814579371356,  45.81787871932308,  0.3824471923780275,  322.733441662216, 49.519270636204986,  281454.7837864884,      0.0,  281454.7837864884,   1.0
 -0.07236072201317427,  0.0723571735476629,15.197488560861153, 56.65814579371356,  45.81787871932308,  0.3824471923780275,  322.733441662216, 49.519270636204986, 352877.81378485647,      0.0, 352877.81378485647,   1.0
 -0.07236072201317427,  0.0723571735476629,14.197488560861153, 57.65814579371356,  45.81787871932308,  0.3824471923780275,  322.733441662216, 49.519270636204986,  352896.6346756358,      0.0,  352896.6346756358,   1.0
 -0.07236072201317427,  0.0723571735476629,14.197488560861153, 56.65814579371356,  46.81787871932308,  0.3824471923780275,  322.733441662216, 49.519270636204986, 352599.76685591624,      0.0, 352599.76685591624,   1.0
 -0.07236072201317427,  0.0723571735476629,14.197488560861153, 56.65814579371356,  45.81787871932308, 0.02000057999999999,  322.733441662216, 49.519270636204986,   328756.032106173,      0.0,   328756.032106173,   1.0
 -0.07236072201317427,  0.0723571735476629,14.197488560861153, 56.65814579371356,  45.81787871932308,  0.3824471923780275,  323.733441662216, 49.519270636204986, 352862.68296298117,      0.0, 352862.68296298117,   1.0
 -0.07236072201317427,  0.0723571735476629,14.197488560861153, 56.65814579371356,  45.81787871932308,  0.3824471923780275,  322.733441662216, 50.519270636204986, 352680.95167003025,      0.0, 352680.95167003025,   1.0
 -0.29999939999999997, 0.29999939999999997,19.741735004677324, 59.48458243112283,  60.84610169734539,          0.59999942, 344.1906254270859, 44.131226428821364, 307607.30123713927,      0.0, 307607.30123713927,   1.0
  0.29999939999999997, 0.29999939999999997,19.741735004677324, 59.48458243112283,  60.84610169734539,          0.59999942, 344.1906254270859, 44.131226428821364, 244738.17463065928,      0.0, 244738.17463065928,   1.0
 -0.29999939999999997,-0.29999939999999997,19.741735004677324, 59.48458243112283,  60.84610169734539,          0.59999942, 344.1906254270859, 44.131226428821364, 218648.42602984307,      0.0, 218648.42602984307,   1.0
 -0.29999939999999997, 0.29999939999999997,20.741735004677324, 59.48458243112283,  60.84610169734539,          0.59999942, 344.1906254270859, 44.131226428821364,  306927.8950799316,      0.0,  306927.8950799316,   1.0
 -0.29999939999999997, 0.29999939999999997,19.741735004677324, 60.48458243112283,  60.84610169734539,          0.59999942, 344.1906254270859, 44.131226428821364,  307695.6086459567,      0.0,  307695.6086459567,   1.0
 -0.29999939999999997, 0.29999939999999997,19.741735004677324, 59.48458243112283,  61.84610169734539,          0.59999942, 344.1906254270859, 44.131226428821364, 306942.10906516097,      0.0, 306942.10906516097,   1.0
 -0.29999939999999997, 0.29999939999999997,19.741735004677324, 59.48458243112283,  60.84610169734539,0.020000580000000046, 344.1906254270859, 44.131226428821364,  311656.5600804904,      0.0,  311656.5600804904,   1.0
 -0.29999939999999997, 0.29999939999999997,19.741735004677324, 59.48458243112283,  60.84610169734539,          0.59999942, 345.1906254270859, 44.131226428821364,   307743.871181775,      0.0,   307743.871181775,   1.0
 -0.29999939999999997, 0.29999939999999997,19.741735004677324, 59.48458243112283,  60.84610169734539,          0.59999942, 344.1906254270859, 45.131226428821364,   308705.719097583,      0.0,   308705.719097583,   1.0
 -0.11126914191708664, 0.11126619996180172, 15.14512132078808, 57.14124552216342, 48.386530124302496,  0.4196316177059461, 326.4009428235401,  48.59833624871106,  346976.4094323736,      0.0,  346976.4094323736,   1.0
  0.29999939999999997, 0.11126619996180172, 15.14512132078808, 57.14124552216342, 48.386530124302496,  0.4196316177059461, 326.4009428235401,  48.59833624871106, 248330.05108422786,      0.0, 248330.05108422786,   1.0
 -0.11126914191708664,-0.29999939999999997, 15.14512132078808, 57.14124552216342, 48.386530124302496,  0.4196316177059461, 326.4009428235401,  48.59833624871106,  271050.8310089578,      0.0,  271050.8310089578,   1.0
 -0.11126914191708664, 0.11126619996180172, 16.14512132078808, 57.14124552216342, 48.386530124302496,  0.4196316177059461, 326.4009428235401,  48.59833624871106, 347028.27231700596,      0.0, 347028.27231700596,   1.0
 -0.11126914191708664, 0.11126619996180172, 15.14512132078808, 58.14124552216342, 48.386530124302496,  0.4196316177059461, 326.4009428235401,  48.59833624871106,  346973.8715333531,      0.0,  346973.8715333531,   1.0
 -0.11126914191708664, 0.11126619996180172, 15.14512132078808, 57.14124552216342, 49.386530124302496,  0.4196316177059461, 326.4009428235401,  48.59833624871106,  346694.1763376935,      0.0,  346694.1763376935,   1.0
 -0.11126914191708664, 0.11126619996180172, 15.14512132078808, 57.14124552216342, 48.386530124302496, 0.02000057999999999, 326.4009428235401,  48.59833624871106, 339698.30812688626,      0.0, 339698.30812688626,   1.0
 -0.11126914191708664, 0.11126619996180172, 15.14512132078808, 57.14124552216342, 48.386530124302496,  0.4196316177059461, 327.4009428235401,  48.59833624871106, 347154.02325384354,      0.0, 347154.02325384354,   1.0
 -0.11126914191708664, 0.11126619996180172, 15.14512132078808, 57.14124552216342, 48.386530124302496,  0.4196316177059461, 326.4009428235401,  49.59833624871106,  347182.4534665803,      0.0,  347182.4534665803,   1.0
 -0.07866216312492937, 0.07865871288721767,14.350963105625409,  56.7363865574724, 46.233886503886886,  0.3884694227090714, 323.3274144488892, 49.370120045538116,  351791.3121821774,      0.0,  351791.3121821774,   1.0
  0.29999939999999997, 0.07865871288721767,14.350963105625409,  56.7363865574724, 46.233886503886886,  0.3884694227090714, 323.3274144488892, 49.370120045538116, 256061.47268921873,      0.0, 256061.47268921873,   1.0
 -0.07866216312492937,-0.29999939999999997,14.350963105625409,  56.7363865574724, 46.233886503886886,  0.3884694227090714, 323.3274144488892, 49.370120045538116, 279820.44290278363,      0.0, 279820.44290278363,   1.0
 -0.07866216312492937, 0.07865871288721767,15.350963105625409,  56.7363865574724, 46.233886503886886,  0.3884694227090714, 323.3274144488892, 49.370120045538116,  351951.2876445713,      0.0,  351951.2876445713,   1.0
 -0.07866216312492937, 0.07865871288721767,14.350963105625409,  57.7363865574724, 46.233886503886886,  0.3884694227090714, 323.3274144488892, 49.370120045538116,  351744.2420758761,      0.0,  351744.2420758761,   1.0
 -0.07866216312492937, 0.07865871288721767,14.350963105625409,  56.7363865574724, 47.233886503886886,  0.3884694227090714, 323.3274144488892, 49.370120045538116, 351762.30682818836,      0.0, 351762.30682818836,   1.0
 -0.07866216312492937, 0.07865871288721767,14.350963105625409,  56.7363865574724, 46.233886503886886, 0.02000057999999999, 323.3274144488892, 49.370120045538116, 330959.40126280783,      0.0, 330959.40126280783,   1.0
 -0.07866216312492937, 0.07865871288721767,14.350963105625409,  56.7363865574724, 46.233886503886886,  0.3884694227090714, 324.3274144488892, 49.370120045538116,  351933.8378031315,      0.0,  351933.8378031315,   1.0
 -0.07866216312492937, 0.07865871288721767,14.350963105625409,  56.7363865574724, 46.233886503886886,  0.3884694227090714, 323.3274144488892, 50.370120045538116,  351767.8590181503,      0.0,  351767.8590181503,   1.0
 -0.07334381363244065, 0.07334028049150741,14.221432216931667, 56.67035218234311,  45.88278034409449, 0.38338672415540087,322.82610771404364,  49.49600156281482,  352626.8235478592,      0.0,  352626.8235478592,   1.0
  0.29999939999999997, 0.07334028049150741,14.221432216931667, 56.67035218234311,  45.88278034409449, 0.38338672415540087,322.82610771404364,  49.49600156281482, 257054.93350042193,      0.0, 257054.93350042193,   1.0
 -0.07334381363244065,-0.29999939999999997,14.221432216931667, 56.67035218234311,  45.88278034409449, 0.38338672415540087,322.82610771404364,  49.49600156281482,  281106.6097561537,      0.0,  281106.6097561537,   1.0
 -0.07334381363244065, 0.07334028049150741,15.221432216931667, 56.67035218234311,  45.88278034409449, 0.38338672415540087,322.82610771404364,  49.49600156281482, 352814.27389696764,      0.0, 352814.27389696764,   1.0
 -0.07334381363244065, 0.07334028049150741,14.221432216931667, 57.67035218234311,  45.88278034409449, 0.38338672415540087,322.82610771404364,  49.49600156281482, 352719.35251481965,      0.0, 352719.35251481965,   1.0
 -0.07334381363244065, 0.07334028049150741,14.221432216931667, 56.67035218234311,  46.88278034409449, 0.38338672415540087,322.82610771404364,  49.49600156281482, 352548.50229537615,      0.0, 352548.50229537615,   1.0
 -0.07334381363244065, 0.07334028049150741,14.221432216931667, 56.67035218234311,  45.88278034409449, 0.02000057999999999,322.82610771404364,  49.49600156281482,  329242.6510126869,      0.0,  329242.6510126869,   1.0
 -0.07334381363244065, 0.07334028049150741,14.221432216931667, 56.67035218234311,  45.88278034409449, 0.38338672415540087,323.82610771404364,  49.49600156281482,  352804.3796691561,      0.0,  352804.3796691561,   1.0
 -0.07334381363244065, 0.07334028049150741,14.221432216931667, 56.67035218234311,  45.88278034409449, 0.38338672415540087,322.82610771404364,  50.49600156281482,  352615.8300832704,      0.0,  352615.8300832704,   1.0
 -0.07253536377505568, 0.07253181803188602,14.201742042632421,56.660314203223614,  45.82940819824134,  0.3826140959318046, 322.7499033655208,  49.51513699098356,  352667.7519238004,      0.0,  352667.7519238004,   1.0
            0.2999994, 0.07253181803188602,14.201742042632421,56.660314203223614,  45.82940819824134,  0.3826140959318046, 322.7499033655208,  49.51513699098356, 257355.84879068754,      0.0, 257355.84879068754,   1.0
 -0.07253536377505568,-0.29999939999999997,14.201742042632421,56.660314203223614,  45.82940819824134,  0.3826140959318046, 322.7499033655208,  49.51513699098356,  281396.2615557893,      0.0,  281396.2615557893,   1.0
 -0.07253536377505568, 0.07253181803188602,15.201742042632421,56.660314203223614,  45.82940819824134,  0.3826140959318046, 322.7499033655208,  49.51513699098356,  352844.9049507898,      0.0,  352844.9049507898,   1.0
 -0.07253536377505568, 0.07253181803188602,14.201742042632421,57.660314203223614,  45.82940819824134,  0.3826140959318046, 322.7499033655208,  49.51513699098356,  352880.1170161714,      0.0,  352880.1170161714,   1.0
 -0.07253536377505568, 0.07253181803188602,14.201742042632421,56.660314203223614,  46.82940819824134,  0.3826140959318046, 322.7499033655208,  49.51513699098356, 352637.32219388586,      0.0, 352637.32219388586,   1.0
 -0.07253536377505568, 0.07253181803188602,14.201742042632421,56.660314203223614,  45.82940819824134, 0.02000057999999999, 322.7499033655208,  49.51513699098356,  328845.3668558401,      0.0,  328845.3668558401,   1.0
 -0.07253536377505568, 0.07253181803188602,14.201742042632421,56.660314203223614,  45.82940819824134,  0.3826140959318046, 323.7499033655208,  49.51513699098356,  352830.1834217938,      0.0,  352830.1834217938,   1.0
 -0.07253536377505568, 0.07253181803188602,14.201742042632421,56.660314203223614,  45.82940819824134,  0.3826140959318046, 322.7499033655208,  50.51513699098356,  352648.1847921547,      0.0,  352648.1847921547,   1.0
 -0.07238592989368733, 0.07238238182112015,14.198102510577987, 56.65845878304236,  45.81954289015953, 0.38247128332165686,322.73581775282275,  49.51867398375656,  352690.2513176579,      0.0,  352690.2513176579,   1.0
            0.2999994, 0.07238238182112015,14.198102510577987, 56.65845878304236,  45.81954289015953, 0.38247128332165686,322.73581775282275,  49.51867398375656, 257421.59311763724,      0.0, 257421.59311763724,   1.0
 -0.07238592989368733,-0.29999939999999997,14.198102510577987, 56.65845878304236,  45.81954289015953, 0.38247128332165686,322.73581775282275,  49.51867398375656,  281454.0360107984,      0.0,  281454.0360107984,   1.0
 -0.07238592989368733, 0.07238238182112015,15.198102510577987, 56.65845878304236,  45.81954289015953, 0.38247128332165686,322.73581775282275,  49.51867398375656, 352873.55842801725,      0.0, 352873.55842801725,   1.0
 -0.07238592989368733, 0.07238238182112015,14.198102510577987, 57.65845878304236,  45.81954289015953, 0.38247128332165686,322.73581775282275,  49.51867398375656, 352878.59025239083,      0.0, 352878.59025239083,   1.0
 -0.07238592989368733, 0.07238238182112015,14.198102510577987, 56.65845878304236,  46.81954289015953, 0.38247128332165686,322.73581775282275,  49.51867398375656, 352589.16468447255,      0.0, 352589.16468447255,   1.0
 -0.07238592989368733, 0.07238238182112015,14.198102510577987, 56.65845878304236,  45.81954289015953, 0.02000057999999999,322.73581775282275,  49.51867398375656,  328768.7325230422,      0.0,  328768.7325230422,   1.0
 -0.07238592989368733, 0.07238238182112015,14.198102510577987, 56.65845878304236,  45.81954289015953, 0.38247128332165686,323.73581775282275,  49.51867398375656, 352857.39941313415,      0.0, 352857.39941313415,   1.0
 -0.07238592989368733, 0.07238238182112015,14.198102510577987, 56.65845878304236,  45.81954289015953, 0.38247128332165686,322.73581775282275,  50.51867398375656, 352674.65433532215,      0.0, 352674.65433532215,   1.0
 -0.07236348437371479, 0.07235993595126351,14.197555839443767, 56.65818009208986,  45.81806108451039,  0.3824498323410355, 322.7337020418592,  49.51920525311262, 352699.64653385495,      0.0, 352699.64653385495,   1.0
            0.2999994, 0.07235993595126351,14.197555839443767, 56.65818009208986,  45.81806108451039,  0.3824498323410355, 322.7337020418592,  49.51920525311262,  257422.1113370729,      0.0,  257422.1113370729,   1.0
 -0.07236348437371479,-0.29999939999999997,14.197555839443767, 56.65818009208986,  45.81806108451039,  0.3824498323410355, 322.7337020418592,  49.51920525311262, 281454.96056180913,      0.0, 281454.96056180913,   1.0
 -0.07236348437371479, 0.07235993595126351,15.197555839443767, 56.65818009208986,  45.81806108451039,  0.3824498323410355, 322.7337020418592,  49.51920525311262,  352877.8078381777,      0.0,  352877.8078381777,   1.0
 -0.07236348437371479, 0.07235993595126351,14.197555839443767, 57.65818009208986,  45.81806108451039,  0.3824498323410355, 322.7337020418592,  49.51920525311262, 352901.02538940666,      0.0, 352901.02538940666,   1.0
 -0.07236348437371479, 0.07235993595126351,14.197555839443767, 56.65818009208986,  46.81806108451039,  0.3824498323410355, 322.7337020418592,  49.51920525311262, 352599.75768566213,      0.0, 352599.75768566213,   1.0
 -0.07236348437371479, 0.07235993595126351,14.197555839443767, 56.65818009208986,  45.81806108451039, 0.02000057999999999, 322.7337020418592,  49.51920525311262, 328756.02981541364,      0.0, 328756.02981541364,   1.0
 -0.07236348437371479, 0.07235993595126351,14.197555839443767, 56.65818009208986,  45.81806108451039,  0.3824498323410355, 323.7337020418592,  49.51920525311262,  352862.6760111538,      0.0,  352862.6760111538,   1.0
 -0.07236348437371479, 0.07235993595126351,14.197555839443767, 56.65818009208986,  45.81806108451039,  0.3824498323410355, 322.7337020418592,  50.51920525311262, 352679.48809238966,      0.0, 352679.48809238966,   1.0
 -0.07236130538548931, 0.07235775692907162,14.197502769166665, 56.65815303705594,  45.81791723232671,  0.3824477499016776,  322.733496650793,  49.51925682820078,  352699.6457187675,      0.0,  352699.6457187675,   1.0
  0.29999939999999997, 0.07235775692907162,14.197502769166665, 56.65815303705594,  45.81791723232671,  0.3824477499016776,  322.733496650793,  49.51925682820078,  257418.8396791868,      0.0,  257418.8396791868,   1.0
 -0.07236130538548931, -0.2999993999999999,14.197502769166665, 56.65815303705594,  45.81791723232671,  0.3824477499016776,  322.733496650793,  49.51925682820078,  281454.7837864884,      0.0,  281454.7837864884,   1.0
 -0.07236130538548931, 0.07235775692907162,15.197502769166665, 56.65815303705594,  45.81791723232671,  0.3824477499016776,  322.733496650793,  49.51925682820078, 352877.81378485647,      0.0, 352877.81378485647,   1.0
 -0.07236130538548931, 0.07235775692907162,14.197502769166665, 57.65815303705594,  45.81791723232671,  0.3824477499016776,  322.733496650793,  49.51925682820078,  352896.5913549139,      0.0,  352896.5913549139,   1.0
 -0.07236130538548931, 0.07235775692907162,14.197502769166665, 56.65815303705594,  46.81791723232671,  0.3824477499016776,  322.733496650793,  49.51925682820078,   352599.768012204,      0.0,   352599.768012204,   1.0
 -0.07236130538548931, 0.07235775692907162,14.197502769166665, 56.65815303705594,  45.81791723232671, 0.02000057999999999,  322.733496650793,  49.51925682820078,   328756.032106173,      0.0,   328756.032106173,   1.0
 -0.07236130538548931, 0.07235775692907162,14.197502769166665, 56.65815303705594,  45.81791723232671,  0.3824477499016776,  323.733496650793,  49.51925682820078, 352862.68296298117,      0.0, 352862.68296298117,   1.0
 -0.07236130538548931, 0.07235775692907162,14.197502769166665, 56.65815303705594,  45.81791723232671,  0.3824477499016776,  322.733496650793,  50.51925682820078,   352680.667729284,      0.0,   352680.667729284,   1.0
 -0.07236084512542039, 0.07235729666182811,14.197491559317474, 56.65814732231566,   45.8178868469326, 0.38244731003528865,322.73345326675576,  49.51926772222644,  352699.6457187675,      0.0,  352699.6457187675,   1.0
  0.29999939999999997, 0.07235729666182811,14.197491559317474, 56.65814732231566,   45.8178868469326, 0.38244731003528865,322.73345326675576,  49.51926772222644,  257418.8612290012,      0.0,  257418.8612290012,   1.0
 -0.07236084512542039,-0.29999939999999997,14.197491559317474, 56.65814732231566,   45.8178868469326, 0.38244731003528865,322.73345326675576,  49.51926772222644,  281454.7837864884,      0.0,  281454.7837864884,   1.0
 -0.07236084512542039, 0.07235729666182811,15.197491559317474, 56.65814732231566,   45.8178868469326, 0.38244731003528865,322.73345326675576,  49.51926772222644, 352877.81378485647,      0.0, 352877.81378485647,   1.0
 -0.07236084512542039, 0.07235729666182811,14.197491559317474, 57.65814732231566,   45.8178868469326, 0.38244731003528865,322.73345326675576,  49.51926772222644,  352896.6346756358,      0.0,  352896.6346756358,   1.0
 -0.07236084512542039, 0.07235729666182811,14.197491559317474, 56.65814732231566,   46.8178868469326, 0.38244731003528865,322.73345326675576,  49.51926772222644, 352599.76685591624,      0.0, 352599.76685591624,   1.0
 -0.07236084512542039, 0.07235729666182811,14.197491559317474, 56.65814732231566,   45.8178868469326, 0.02000057999999999,322.73345326675576,  49.51926772222644,   328756.032106173,      0.0,   328756.032106173,   1.0
 -0.07236084512542039, 0.07235729666182811,14.197491559317474, 56.65814732231566,   45.8178868469326, 0.38244731003528865,323.73345326675576,  49.51926772222644, 352862.68296298117,      0.0, 352862.68296298117,   1.0
 -0.07236084512542039, 0.07235729666182811,14.197491559317474, 56.65814732231566,   45.8178868469326, 0.38244731003528865,322.73345326675576,  50.51926772222644,  352680.6817252265,      0.0,  352680.6817252265,   1.0
 -0.07236074799421037,   0.072357199529104,14.197489193641436, 56.65814611630264, 45.817880434536015, 0.38244721720786895,322.73344411118416,   49.5192700212525,  352699.6457187675,      0.0,  352699.6457187675,   1.0
  0.29999939999999997,   0.072357199529104,14.197489193641436, 56.65814611630264, 45.817880434536015, 0.38244721720786895,322.73344411118416,   49.5192700212525,  257418.8612290012,      0.0,  257418.8612290012,   1.0
 -0.07236074799421037, -0.2999993999999999,14.197489193641436, 56.65814611630264, 45.817880434536015, 0.38244721720786895,322.73344411118416,   49.5192700212525,  281454.7837864884,      0.0,  281454.7837864884,   1.0
 -0.07236074799421037,   0.072357199529104,15.197489193641436, 56.65814611630264, 45.817880434536015, 0.38244721720786895,322.73344411118416,   49.5192700212525, 352877.81378485647,      0.0, 352877.81378485647,   1.0
 -0.07236074799421037,   0.072357199529104,14.197489193641436, 57.65814611630264, 45.817880434536015, 0.38244721720786895,322.73344411118416,   49.5192700212525,  352896.5913549139,      0.0,  352896.5913549139,   1.0
 -0.07236074799421037,   0.072357199529104,14.197489193641436, 56.65814611630264, 46.817880434536015, 0.38244721720786895,322.73344411118416,   49.5192700212525, 352599.76685591624,      0.0, 352599.76685591624,   1.0
 -0.07236074799421037,   0.072357199529104,14.197489193641436, 56.65814611630264, 45.817880434536015, 0.02000057999999999,322.73344411118416,   49.5192700212525,   328756.032106173,      0.0,   328756.032106173,   1.0
 -0.07236074799421037,   0.072357199529104,14.197489193641436, 56.65814611630264, 45.817880434536015, 0.38244721720786895,323.73344411118416,   49.5192700212525, 352862.68296298117,      0.0, 352862.68296298117,   1.0
 -0.07236074799421037,   0.072357199529104,14.197489193641436, 56.65814611630264, 45.817880434536015, 0.38244721720786895,322.73344411118416,   50.5192700212525, 352680.95167003025,      0.0, 352680.95167003025,   1.0
 -0.07236072749611924, 0.07235717903069334,14.197488694400842,  56.6581458617916,  45.81787908129549,  0.3824471976180285, 322.7334421790375,  49.51927050642761,  352699.6457187675,      0.0,  352699.6457187675,   1.0
            0.2999994, 0.07235717903069334,14.197488694400842,  56.6581458617916,  45.81787908129549,  0.3824471976180285, 322.7334421790375,  49.51927050642761,  257418.8612290012,      0.0,  257418.8612290012,   1.0
 -0.07236072749611924,-0.29999939999999997,14.197488694400842,  56.6581458617916,  45.81787908129549,  0.3824471976180285, 322.7334421790375,  49.51927050642761,  281454.7837864884,      0.0,  281454.7837864884,   1.0
 -0.07236072749611924, 0.07235717903069334,15.197488694400842,  56.6581458617916,  45.81787908129549,  0.3824471976180285, 322.7334421790375,  49.51927050642761, 352877.81378485647,      0.0, 352877.81378485647,   1.0
 -0.07236072749611924, 0.07235717903069334,14.197488694400842,  57.6581458617916,  45.81787908129549,  0.3824471976180285, 322.7334421790375,  49.51927050642761,  352896.6346756358,      0.0,  352896.6346756358,   1.0
 -0.07236072749611924, 0.07235717903069334,14.197488694400842,  56.6581458617916,  46.81787908129549,  0.3824471976180285, 322.7334421790375,  49.51927050642761, 352599.76685591624,      0.0, 352599.76685591624,   1.0
 -0.07236072749611924, 0.07235717903069334,14.197488694400842,  56.6581458617916,  45.81787908129549, 0.02000057999999999, 322.7334421790375,  49.51927050642761,   328756.032106173,      0.0,   328756.032106173,   1.0
 -0.07236072749611924, 0.07235717903069334,14.197488694400842,  56.6581458617916,  45.81787908129549,  0.3824471976180285, 323.7334421790375,  49.51927050642761, 352862.68296298117,      0.0, 352862.68296298117,   1.0
 -0.07236072749611924, 0.07235717903069334,14.197488694400842,  56.6581458617916,  45.81787908129549,  0.3824471976180285, 322.7334421790375,  50.51927050642761, 352680.95167003025,      0.0, 352680.95167003025,   1.0
 -0.07236072317027488, 0.07235717470478155, 14.19748858904288,  56.6581458080805,  45.81787879571241,  0.3824471934838581, 322.7334417712841, 49.519270608817244,  352699.6457187675,      0.0,  352699.6457187675,   1.0
  0.29999939999999997, 0.07235717470478155, 14.19748858904288,  56.6581458080805,  45.81787879571241,  0.3824471934838581, 322.7334417712841, 49.519270608817244,  257418.8612290012,      0.0,  257418.8612290012,   1.0
 -0.07236072317027488,-0.29999939999999997, 14.19748858904288,  56.6581458080805,  45.81787879571241,  0.3824471934838581, 322.7334417712841, 49.519270608817244,  281454.7837864884,      0.0,  281454.7837864884,   1.0
 -0.07236072317027488, 0.07235717470478155, 15.19748858904288,  56.6581458080805,  45.81787879571241,  0.3824471934838581, 322.7334417712841, 49.519270608817244, 352877.81378485647,      0.0, 352877.81378485647,   1.0
 -0.07236072317027488, 0.07235717470478155, 14.19748858904288,  57.6581458080805,  45.81787879571241,  0.3824471934838581, 322.7334417712841, 49.519270608817244,  352896.6346756358,      0.0,  352896.6346756358,   1.0
 -0.07236072317027488, 0.07235717470478155, 14.19748858904288,  56.6581458080805,  46.81787879571241,  0.3824471934838581, 322.7334417712841, 49.519270608817244, 352599.76685591624,      0.0, 352599.76685591624,   1.0
 -0.07236072317027488, 0.07235717470478155, 14.19748858904288,  56.6581458080805,  45.81787879571241, 0.02000057999999999, 322.7334417712841, 49.519270608817244,   328756.032106173,      0.0,   328756.032106173,   1.0
 -0.07236072317027488, 0.07235717470478155, 14.19748858904288,  56.6581458080805,  45.81787879571241,  0.3824471934838581, 323.7334417712841, 49.519270608817244, 352862.68296298117,      0.0, 352862.68296298117,   1.0
 -0.07236072317027488, 0.07235717470478155, 14.19748858904288,  56.6581458080805,  45.81787879571241,  0.3824471934838581, 322.7334417712841, 50.519270608817244, 352680.95167003025,      0.0, 352680.95167003025,   1.0
 -0.07236072225736455,   0.072357173791857,14.197488566808522, 56.65814579674551, 45.817878735444005,  0.3824471926113979,322.73344168523334, 49.519270630425176,  352699.6457187675,      0.0,  352699.6457187675,   1.0
  0.29999939999999997,   0.072357173791857,14.197488566808522, 56.65814579674551, 45.817878735444005,  0.3824471926113979,322.73344168523334, 49.519270630425176,  257418.8612290012,      0.0,  257418.8612290012,   1.0
 -0.07236072225736455, -0.2999993999999999,14.197488566808522, 56.65814579674551, 45.817878735444005,  0.3824471926113979,322.73344168523334, 49.519270630425176,  281454.7837864884,      0.0,  281454.7837864884,   1.0
 -0.07236072225736455,   0.072357173791857,15.197488566808522, 56.65814579674551, 45.817878735444005,  0.3824471926113979,322.73344168523334, 49.519270630425176, 352877.81378485647,      0.0, 352877.81378485647,   1.0
 -0.07236072225736455,   0.072357173791857,14.197488566808522, 57.65814579674551, 45.817878735444005,  0.3824471926113979,322.73344168523334, 49.519270630425176,  352896.6346756358,      0.0,  352896.6346756358,   1.0
 -0.07236072225736455,   0.072357173791857,14.197488566808522, 56.65814579674551, 46.817878735444005,  0.3824471926113979,322.73344168523334, 49.519270630425176, 352599.76685591624,      0.0, 352599.76685591624,   1.0
 -0.07236072225736455,   0.072357173791857,14.197488566808522, 56.65814579674551, 45.817878735444005, 0.02000057999999999,322.73344168523334, 49.519270630425176,   328756.032106173,      0.0,   328756.032106173,   1.0
 -0.07236072225736455,   0.072357173791857,14.197488566808522, 56.65814579674551, 45.817878735444005,  0.3824471926113979,323.73344168523334, 49.519270630425176, 352862.68296298117,      0.0, 352862.68296298117,   1.0
 -0.07236072225736455,   0.072357173791857,14.197488566808522, 56.65814579674551, 45.817878735444005,  0.3824471926113979,322.73344168523334, 50.519270630425176, 352680.95167003025,      0.0, 352680.95167003025,   1.0
  -0.0723607220647073, 0.07235717359919673,14.197488562116265, 56.65814579435341,  45.81787872272518, 0.38244719242727715, 322.7334416670735,  49.51927063498523,  352699.6457187675,      0.0,  352699.6457187675,   1.0
  0.29999939999999997, 0.07235717359919673,14.197488562116265, 56.65814579435341,  45.81787872272518, 0.38244719242727715, 322.7334416670735,  49.51927063498523,  257418.8612290012,      0.0,  257418.8612290012,   1.0
  -0.0723607220647073,-0.29999939999999997,14.197488562116265, 56.65814579435341,  45.81787872272518, 0.38244719242727715, 322.7334416670735,  49.51927063498523,  281454.7837864884,      0.0,  281454.7837864884,   1.0
  -0.0723607220647073, 0.07235717359919673,15.197488562116265, 56.65814579435341,  45.81787872272518, 0.38244719242727715, 322.7334416670735,  49.51927063498523, 352877.81378485647,      0.0, 352877.81378485647,   1.0
  -0.0723607220647073, 0.07235717359919673,14.197488562116265, 57.65814579435341,  45.81787872272518, 0.38244719242727715, 322.7334416670735,  49.51927063498523,  352896.6346756358,      0.0,  352896.6346756358,   1.0
  -0.0723607220647073, 0.07235717359919673,14.197488562116265, 56.65814579435341,  46.81787872272518, 0.38244719242727715, 322.7334416670735,  49.51927063498523, 352599.76685591624,      0.0, 352599.76685591624,   1.0
  -0.0723607220647073, 0.07235717359919673,14.197488562116265, 56.65814579435341,  45.81787872272518, 0.02000057999999999, 322.7334416670735,  49.51927063498523,   328756.032106173,      0.0,   328756.032106173,   1.0
  -0.0723607220647073, 0.07235717359919673,14.197488562116265, 56.65814579435341,  45.81787872272518, 0.38244719242727715, 323.7334416670735,  49.51927063498523, 352862.68296298117,      0.0, 352862.68296298117,   1.0
  -0.0723607220647073, 0.07235717359919673,14.197488562116265, 56.65814579435341,  45.81787872272518, 0.38244719242727715, 322.7334416670735,  50.51927063498523, 352680.95167003025,      0.0, 352680.95167003025,   1.0
 -0.07236072202404961,  0.0723571735585384,14.197488561126027, 56.65814579384859,  45.81787872004105, 0.38244719238842095,322.73344166324114,  49.51927063594758,  352699.6457187675,      0.0,  352699.6457187675,   1.0
   0.2999993999999999,  0.0723571735585384,14.197488561126027, 56.65814579384859,  45.81787872004105, 0.38244719238842095,322.73344166324114,  49.51927063594758,  257418.8612290012,      0.0,  257418.8612290012,   1.0
 -0.07236072202404961, -0.2999993999999999,14.197488561126027, 56.65814579384859,  45.81787872004105, 0.38244719238842095,322.73344166324114,  49.51927063594758,  281454.7837864884,      0.0,  281454.7837864884,   1.0
 -0.07236072202404961,  0.0723571735585384,15.197488561126027, 56.65814579384859,  45.81787872004105, 0.38244719238842095,322.73344166324114,  49.51927063594758, 352877.81378485647,      0.0, 352877.81378485647,   1.0
 -0.07236072202404961,  0.0723571735585384,14.197488561126027, 57.65814579384859,  45.81787872004105, 0.38244719238842095,322.73344166324114,  49.51927063594758,  352896.6346756358,      0.0,  352896.6346756358,   1.0
 -0.07236072202404961,  0.0723571735585384,14.197488561126027, 56.65814579384859,  46.81787872004105, 0.38244719238842095,322.73344166324114,  49.51927063594758, 352599.76685591624,      0.0, 352599.76685591624,   1.0
 -0.07236072202404961,  0.0723571735585384,14.197488561126027, 56.65814579384859,  45.81787872004105, 0.02000057999999999,322.73344166324114,  49.51927063594758,   328756.032106173,      0.0,   328756.032106173,   1.0
 -0.07236072202404961,  0.0723571735585384,14.197488561126027, 56.65814579384859,  45.81787872004105, 0.38244719238842095,323.73344166324114,  49.51927063594758, 352862.68296298117,      0.0, 352862.68296298117,   1.0
 -0.07236072202404961,  0.0723571735585384,14.197488561126027, 56.65814579384859,  45.81787872004105, 0.38244719238842095,322.73344166324114,  50.51927063594758, 352680.95167003025,      0.0, 352680.95167003025,   1.0
 -0.07236072201546938, 0.07235717354995803,14.197488560917051, 56.65814579374206,   45.8178787194746,  0.3824471923802209,322.73344166243237, 49.519270636150665,  352699.6457187675,      0.0,  352699.6457187675,   1.0
  0.29999939999999997, 0.07235717354995803,14.197488560917051, 56.65814579374206,   45.8178787194746,  0.3824471923802209,322.73344166243237, 49.519270636150665,  257418.8612290012,      0.0,  257418.8612290012,   1.0
 -0.07236072201546938,-0.29999939999999997,14.197488560917051, 56.65814579374206,   45.8178787194746,  0.3824471923802209,322.73344166243237, 49.519270636150665,  281454.7837864884,      0.0,  281454.7837864884,   1.0
 -0.07236072201546938, 0.07235717354995803,15.197488560917051, 56.65814579374206,   45.8178787194746,  0.3824471923802209,322.73344166243237, 49.519270636150665, 352877.81378485647,      0.0, 352877.81378485647,   1.0
 -0.07236072201546938, 0.07235717354995803,14.197488560917051, 57.65814579374206,   45.8178787194746,  0.3824471923802209,322.73344166243237, 49.519270636150665,  352896.6346756358,      0.0,  352896.6346756358,   1.0
 -0.07236072201546938, 0.07235717354995803,14.197488560917051, 56.65814579374206,   46.8178787194746,  0.3824471923802209,322.73344166243237, 49.519270636150665, 352599.76685591624,      0.0, 352599.76685591624,   1.0
 -0.07236072201546938, 0.07235717354995803,14.197488560917051, 56.65814579374206,   45.8178787194746, 0.02000057999999999,322.73344166243237, 49.519270636150665,   328756.032106173,      0.0,   328756.032106173,   1.0
 -0.07236072201546938, 0.07235717354995803,14.197488560917051, 56.65814579374206,   45.8178787194746,  0.3824471923802209,323.73344166243237, 49.519270636150665, 352862.68296298117,      0.0, 352862.68296298117,   1.0
 -0.07236072201546938, 0.07235717354995803,14.197488560917051, 56.65814579374206,   45.8178787194746,  0.3824471923802209,322.73344166243237, 50.519270636150665, 352680.95167003025,      0.0, 352680.95167003025,   1.0
 -0.07236072201365862, 0.07235717354814725, 14.19748856087295, 56.65814579371957,  45.81787871935506,  0.3824471923784904,322.73344166226167, 49.519270636193525,  352699.6457187675,      0.0,  352699.6457187675,   1.0
  0.29999939999999997, 0.07235717354814725, 14.19748856087295, 56.65814579371957,  45.81787871935506,  0.3824471923784904,322.73344166226167, 49.519270636193525,  257418.8612290012,      0.0,  257418.8612290012,   1.0
 -0.07236072201365862,-0.29999939999999997, 14.19748856087295, 56.65814579371957,  45.81787871935506,  0.3824471923784904,322.73344166226167, 49.519270636193525,  281454.7837864884,      0.0,  281454.7837864884,   1.0
 -0.07236072201365862, 0.07235717354814725, 15.19748856087295, 56.65814579371957,  45.81787871935506,  0.3824471923784904,322.73344166226167, 49.519270636193525, 352877.81378485647,      0.0, 352877.81378485647,   1.0
 -0.07236072201365862, 0.07235717354814725, 14.19748856087295, 57.65814579371957,  45.81787871935506,  0.3824471923784904,322.73344166226167, 49.519270636193525,  352896.6346756358,      0.0,  352896.6346756358,   1.0
 -0.07236072201365862, 0.07235717354814725, 14.19748856087295, 56.65814579371957,  46.81787871935506,  0.3824471923784904,322.73344166226167, 49.519270636193525, 352599.76685591624,      0.0, 352599.76685591624,   1.0
 -0.07236072201365862, 0.07235717354814725, 14.19748856087295, 56.65814579371957,  45.81787871935506, 0.02000057999999999,322.73344166226167, 49.519270636193525,   328756.032106173,      0.0,   328756.032106173,   1.0
 -0.07236072201365862, 0.07235717354814725, 14.19748856087295, 56.65814579371957,  45.81787871935506,  0.3824471923784904,323.73344166226167, 49.519270636193525, 352862.68296298117,      0.0, 352862.68296298117,   1.0
 -0.07236072201365862, 0.07235717354814725, 14.19748856087295, 56.65814579371957,  45.81787871935506,  0.3824471923784904,322.73344166226167, 50.519270636193525, 352680.95167003025,      0.0, 352680.95167003025,   1.0
  -0.0723607220132765, 0.07235717354776512,14.197488560863643, 56.65814579371483,  45.81787871932983,  0.3824471923781252, 322.7334416622257,  49.51927063620256,  352699.6457187675,      0.0,  352699.6457187675,   1.0
  0.29999939999999997, 0.07235717354776512,14.197488560863643, 56.65814579371483,  45.81787871932983,  0.3824471923781252, 322.7334416622257,  49.51927063620256,  257418.8612290012,      0.0,  257418.8612290012,   1.0
  -0.0723607220132765,-0.29999939999999997,14.197488560863643, 56.65814579371483,  45.81787871932983,  0.3824471923781252, 322.7334416622257,  49.51927063620256,  281454.7837864884,      0.0,  281454.7837864884,   1.0
  -0.0723607220132765, 0.07235717354776512,15.197488560863643, 56.65814579371483,  45.81787871932983,  0.3824471923781252, 322.7334416622257,  49.51927063620256, 352877.81378485647,      0.0, 352877.81378485647,   1.0
  -0.0723607220132765, 0.07235717354776512,14.197488560863643, 57.65814579371483,  45.81787871932983,  0.3824471923781252, 322.7334416622257,  49.51927063620256,  352896.6346756358,      0.0,  352896.6346756358,   1.0
  -0.0723607220132765, 0.07235717354776512,14.197488560863643, 56.65814579371483,  46.81787871932983,  0.3824471923781252, 322.7334416622257,  49.51927063620256, 352599.76685591624,      0.0, 352599.76685591624,   1.0
  -0.0723607220132765, 0.07235717354776512,14.197488560863643, 56.65814579371483,  45.81787871932983, 0.02000057999999999, 322.7334416622257,  49.51927063620256,   328756.032106173,      0.0,   328756.032106173,   1.0
  -0.0723607220132765, 0.07235717354776512,14.197488560863643, 56.65814579371483,  45.81787871932983,  0.3824471923781252, 323.7334416622257,  49.51927063620256, 352862.68296298117,      0.0, 352862.68296298117,   1.0
  -0.0723607220132765, 0.07235717354776512,14.197488560863643, 56.65814579371483,  45.81787871932983,  0.3824471923781252, 322.7334416622257,  50.51927063620256, 352680.95167003025,      0.0, 352680.95167003025,   1.0
 -0.07236072201319584, 0.07235717354768446,14.197488560861679, 56.65814579371383, 45.817878719324504,  0.3824471923780481,322.73344166221807, 49.519270636204475,  352699.6457187675,      0.0,  352699.6457187675,   1.0
  0.29999939999999997, 0.07235717354768446,14.197488560861679, 56.65814579371383, 45.817878719324504,  0.3824471923780481,322.73344166221807, 49.519270636204475,  257418.8612290012,      0.0,  257418.8612290012,   1.0
 -0.07236072201319584,-0.29999939999999997,14.197488560861679, 56.65814579371383, 45.817878719324504,  0.3824471923780481,322.73344166221807, 49.519270636204475,  281454.7837864884,      0.0,  281454.7837864884,   1.0
 -0.07236072201319584, 0.07235717354768446,15.197488560861679, 56.65814579371383, 45.817878719324504,  0.3824471923780481,322.73344166221807, 49.519270636204475, 352877.81378485647,      0.0, 352877.81378485647,   1.0
 -0.07236072201319584, 0.07235717354768446,14.197488560861679, 57.65814579371383, 45.817878719324504,  0.3824471923780481,322.73344166221807, 49.519270636204475,  352896.6346756358,      0.0,  352896.6346756358,   1.0
 -0.07236072201319584, 0.07235717354768446,14.197488560861679, 56.65814579371383, 46.817878719324504,  0.3824471923780481,322.73344166221807, 49.519270636204475, 352599.76685591624,      0.0, 352599.76685591624,   1.0
 -0.07236072201319584, 0.07235717354768446,14.197488560861679, 56.65814579371383, 45.817878719324504, 0.02000057999999999,322.73344166221807, 49.519270636204475,   328756.032106173,      0.0,   328756.032106173,   1.0
 -0.07236072201319584, 0.07235717354768446,14.197488560861679, 56.65814579371383, 45.817878719324504,  0.3824471923780481,323.73344166221807, 49.519270636204475, 352862.68296298117,      0.0, 352862.68296298117,   1.0
 -0.07236072201319584, 0.07235717354768446,14.197488560861679, 56.65814579371383, 45.817878719324504,  0.3824471923780481,322.73344166221807, 50.519270636204475, 352680.95167003025,      0.0, 352680.95167003025,   1.0
 -0.07236072201324907,  0.0723571735477377,14.197488560862976, 56.65814579371449,  45.81787871932802,   0.382447192378099, 322.7334416622231,  49.51927063620322,  352699.6457187675,      0.0,  352699.6457187675,   1.0
  0.29999939999999997,  0.0723571735477377,14.197488560862976, 56.65814579371449,  45.81787871932802,   0.382447192378099, 322.7334416622231,  49.51927063620322,  257418.8612290012,      0.0,  257418.8612290012,   1.0
 -0.07236072201324907,-0.29999939999999997,14.197488560862976, 56.65814579371449,  45.81787871932802,   0.382447192378099, 322.7334416622231,  49.51927063620322,  281454.7837864884,      0.0,  281454.7837864884,   1.0
 -0.07236072201324907,  0.0723571735477377,15.197488560862976, 56.65814579371449,  45.81787871932802,   0.382447192378099, 322.7334416622231,  49.51927063620322, 352877.81378485647,      0.0, 352877.81378485647,   1.0
 -0.07236072201324907,  0.0723571735477377,14.197488560862976, 57.65814579371449,  45.81787871932802,   0.382447192378099, 322.7334416622231,  49.51927063620322,  352896.6346756358,      0.0,  352896.6346756358,   1.0
 -0.07236072201324907,  0.0723571735477377,14.197488560862976, 56.65814579371449,  46.81787871932802,   0.382447192378099, 322.7334416622231,  49.51927063620322, 352599.76685591624,      0.0, 352599.76685591624,   1.0
 -0.07236072201324907,  0.0723571735477377,14.197488560862976, 56.65814579371449,  45.81787871932802, 0.02000057999999999, 322.7334416622231,  49.51927063620322,   328756.032106173,      0.0,   328756.032106173,   1.0
 -0.07236072201324907,  0.0723571735477377,14.197488560862976, 56.65814579371449,  45.81787871932802,   0.382447192378099, 323.7334416622231,  49.51927063620322, 352862.68296298117,      0.0, 352862.68296298117,   1.0
 -0.07236072201324907,  0.0723571735477377,14.197488560862976, 56.65814579371449,  45.81787871932802,   0.382447192378099, 322.7334416622231,  50.51927063620322, 352680.95167003025,      0.0, 352680.95167003025,   1.0
 -0.29999939999999997, 0.29999939999999997,          59.99988,          79.99994,          -89.99974,          0.59999942,         499.99955, 12.131172286335415, 217226.40475768634,      0.0, 217226.40475768634,   1.0
  0.29999939999999997, 0.29999939999999997,          59.99988,          79.99994,          -89.99974,          0.59999942,         499.99955, 12.131172286335415, 240011.15205389116,      0.0, 240011.15205389116,   1.0
 -0.29999939999999997,-0.29999939999999997,          59.99988,          79.99994,          -89.99974,          0.59999942,         499.99955, 12.131172286335415, 233356.83497235493,      0.0, 233356.83497235493,   1.0
 -0.29999939999999997, 0.29999939999999997,          58.99988,          79.99994,          -89.99974,          0.59999942,         499.99955, 12.131172286335415, 216901.79723147358,      0.0, 216901.79723147358,   1.0
 -0.29999939999999997, 0.29999939999999997,          59.99988,          78.99994,          -89.99974,          0.59999942,         499.99955, 12.131172286335415, 211009.35543843868,      0.0, 211009.35543843868,   1.0
 -0.29999939999999997, 0.29999939999999997,          59.99988,          79.99994,          -88.99974,          0.59999942,         499.99955, 12.131172286335415,  216141.6729012652,      0.0,  216141.6729012652,   1.0
 -0.29999939999999997, 0.29999939999999997,          59.99988,          79.99994,          -89.99974,0.020000580000000046,         499.99955, 12.131172286335415, 209730.89216625018,      0.0, 209730.89216625018,   1.0
 -0.29999939999999997, 0.29999939999999997,          59.99988,          79.99994,          -89.99974,          0.59999942,         498.99955, 12.131172286335415,  217248.3582342452,      0.0,  217248.3582342452,   1.0
 -0.29999939999999997, 0.29999939999999997,          59.99988,          79.99994,          -89.99974,          0.59999942,         499.99955, 13.131172286335415, 217515.38296498655,      0.0, 217515.38296498655,   1.0
 -0.09340221451523897,  0.0933989940476369,18.431174525682337, 58.81571493846469,  33.26374938065106,  0.4025563566325314,339.11880957265316, 46.063349181851926, 347826.30868500215,      0.0, 347826.30868500215,   1.0
   0.2999993999999999,  0.0933989940476369,18.431174525682337, 58.81571493846469,  33.26374938065106,  0.4025563566325314,339.11880957265316, 46.063349181851926, 259258.77542872092,      0.0, 259258.77542872092,   1.0
 -0.09340221451523897,-0.29999939999999997,18.431174525682337, 58.81571493846469,  33.26374938065106,  0.4025563566325314,339.11880957265316, 46.063349181851926, 251882.40824181412,      0.0, 251882.40824181412,   1.0
 -0.09340221451523897,  0.0933989940476369,19.431174525682337, 58.81571493846469,  33.26374938065106,  0.4025563566325314,339.11880957265316, 46.063349181851926,  348382.9037254103,      0.0,  348382.9037254103,   1.0
 -0.09340221451523897,  0.0933989940476369,18.431174525682337, 59.81571493846469,  33.26374938065106,  0.4025563566325314,339.11880957265316, 46.063349181851926,  348034.3657256482,      0.0,  348034.3657256482,   1.0
 -0.09340221451523897,  0.0933989940476369,18.431174525682337, 58.81571493846469,  34.26374938065106,  0.4025563566325314,339.11880957265316, 46.063349181851926, 348385.33220059064,      0.0, 348385.33220059064,   1.0
 -0.09340221451523897,  0.0933989940476369,18.431174525682337, 58.81571493846469,  33.26374938065106, 0.02000057999999999,339.11880957265316, 46.063349181851926, 317342.17193555995,      0.0, 317342.17193555995,   1.0
 -0.09340221451523897,  0.0933989940476369,18.431174525682337, 58.81571493846469,  33.26374938065106,  0.4025563566325314,340.11880957265316, 46.063349181851926,  347916.4979585103,      0.0,  347916.4979585103,   1.0
 -0.09340221451523897,  0.0933989940476369,18.431174525682337, 58.81571493846469,  33.26374938065106,  0.4025563566325314,339.11880957265316, 47.063349181851926,  348013.1828062795,      0.0,  348013.1828062795,   1.0
 -0.07602129141868313, 0.07601780001467116,14.934019076167326, 57.03349614496697,  43.63384820126765,  0.3859455654821771,325.58398928687086, 48.918047108814754,  352288.1439802472,      0.0,  352288.1439802472,   1.0
  0.29999939999999997, 0.07601780001467116,14.934019076167326, 57.03349614496697,  43.63384820126765,  0.3859455654821771,325.58398928687086, 48.918047108814754,  256948.7800915531,      0.0,  256948.7800915531,   1.0
 -0.07602129141868313,-0.29999939999999997,14.934019076167326, 57.03349614496697,  43.63384820126765,  0.3859455654821771,325.58398928687086, 48.918047108814754, 276058.36633901426,      0.0, 276058.36633901426,   1.0
 -0.07602129141868313, 0.07601780001467116,15.934019076167326, 57.03349614496697,  43.63384820126765,  0.3859455654821771,325.58398928687086, 48.918047108814754,  352509.0281888014,      0.0,  352509.0281888014,   1.0
 -0.07602129141868313, 0.07601780001467116,14.934019076167326, 58.03349614496697,  43.63384820126765,  0.3859455654821771,325.58398928687086, 48.918047108814754, 352450.00525595294,      0.0, 352450.00525595294,   1.0
 -0.07602129141868313, 0.07601780001467116,14.934019076167326, 57.03349614496697,  44.63384820126765,  0.3859455654821771,325.58398928687086, 48.918047108814754,  352495.4337080575,      0.0,  352495.4337080575,   1.0
 -0.07602129141868313, 0.07601780001467116,14.934019076167326, 57.03349614496697,  43.63384820126765, 0.02000057999999999,325.58398928687086, 48.918047108814754,   328925.791705506,      0.0,   328925.791705506,   1.0
 -0.07602129141868313, 0.07601780001467116,14.934019076167326, 57.03349614496697,  43.63384820126765,  0.3859455654821771,326.58398928687086, 48.918047108814754,   352430.107885096,      0.0,   352430.107885096,   1.0
 -0.07602129141868313, 0.07601780001467116,14.934019076167326, 57.03349614496697,  43.63384820126765,  0.3859455654821771,325.58398928687086, 49.918047108814754,  352269.8136932842,      0.0,  352269.8136932842,   1.0
 -0.07306237048052841, 0.07305883295241752,14.338664823342725, 56.73009197735413,  45.39924940352809,  0.3831177514782225, 323.2798272515588,  49.40402966689137, 352688.40099647356,      0.0, 352688.40099647356,   1.0
   0.2999993999999999, 0.07305883295241752,14.338664823342725, 56.73009197735413,  45.39924940352809,  0.3831177514782225, 323.2798272515588,  49.40402966689137, 257405.42965059017,      0.0, 257405.42965059017,   1.0
 -0.07306237048052841, -0.2999993999999999,14.338664823342725, 56.73009197735413,  45.39924940352809,  0.3831177514782225, 323.2798272515588,  49.40402966689137, 280334.60038973065,      0.0, 280334.60038973065,   1.0
 -0.07306237048052841, 0.07305883295241752,15.338664823342725, 56.73009197735413,  45.39924940352809,  0.3831177514782225, 323.2798272515588,  49.40402966689137,  352906.4833373334,      0.0,  352906.4833373334,   1.0
 -0.07306237048052841, 0.07305883295241752,14.338664823342725, 57.73009197735413,  45.39924940352809,  0.3831177514782225, 323.2798272515588,  49.40402966689137, 352761.28349356866,      0.0, 352761.28349356866,   1.0
 -0.07306237048052841, 0.07305883295241752,14.338664823342725, 56.73009197735413,  46.39924940352809,  0.3831177514782225, 323.2798272515588,  49.40402966689137,  352634.4213970025,      0.0,  352634.4213970025,   1.0
 -0.07306237048052841, 0.07305883295241752,14.338664823342725, 56.73009197735413,  45.39924940352809, 0.02000057999999999, 323.2798272515588,  49.40402966689137,   328851.793421622,      0.0,   328851.793421622,   1.0
 -0.07306237048052841, 0.07305883295241752,14.338664823342725, 56.73009197735413,  45.39924940352809,  0.3831177514782225, 324.2798272515588,  49.40402966689137,  352870.1441148213,      0.0,  352870.1441148213,   1.0
 -0.07306237048052841, 0.07305883295241752,14.338664823342725, 56.73009197735413,  45.39924940352809,  0.3831177514782225, 323.2798272515588,  50.40402966689137, 352674.06348169595,      0.0, 352674.06348169595,   1.0
 -0.07250605005551564, 0.07250250385539937, 14.22672951385416,56.673047555078256,  45.73117065714971, 0.38258608107491726, 322.8466110793205,  49.49540149767323,  352707.9196040345,      0.0,  352707.9196040345,   1.0
  0.29999939999999997, 0.07250250385539937, 14.22672951385416,56.673047555078256,  45.73117065714971, 0.38258608107491726, 322.8466110793205,  49.49540149767323, 257402.91557082013,      0.0, 257402.91557082013,   1.0
 -0.07250605005551564,-0.29999939999999997, 14.22672951385416,56.673047555078256,  45.73117065714971, 0.38258608107491726, 322.8466110793205,  49.49540149767323,  281209.7608275407,      0.0,  281209.7608275407,   1.0
 -0.07250605005551564, 0.07250250385539937, 15.22672951385416,56.673047555078256,  45.73117065714971, 0.38258608107491726, 322.8466110793205,  49.49540149767323,  352884.9956053851,      0.0,  352884.9956053851,   1.0
 -0.07250605005551564, 0.07250250385539937, 14.22672951385416,57.673047555078256,  45.73117065714971, 0.38258608107491726, 322.8466110793205,  49.49540149767323,  352888.5994655237,      0.0,  352888.5994655237,   1.0
 -0.07250605005551564, 0.07250250385539937, 14.22672951385416,56.673047555078256,  46.73117065714971, 0.38258608107491726, 322.8466110793205,  49.49540149767323,  352666.8262158351,      0.0,  352666.8262158351,   1.0
 -0.07250605005551564, 0.07250250385539937, 14.22672951385416,56.673047555078256,  45.73117065714971, 0.02000057999999999, 322.8466110793205,  49.49540149767323,   328778.252171617,      0.0,   328778.252171617,   1.0
 -0.07250605005551564, 0.07250250385539937, 14.22672951385416,56.673047555078256,  45.73117065714971, 0.38258608107491726, 323.8466110793205,  49.49540149767323, 352864.38636409043,      0.0, 352864.38636409043,   1.0
 -0.07250605005551564, 0.07250250385539937, 14.22672951385416,56.673047555078256,  45.73117065714971, 0.38258608107491726, 322.8466110793205,  50.49540149767323,  352683.6014981719,      0.0,  352683.6014981719,   1.0
 -0.07287322153602406, 0.07286968105943135,14.300606818116613, 56.71069687378033,  45.51210262975944, 0.38293698354109873,323.13253375299774,   49.4350960893572,  352752.9013895012,      0.0,  352752.9013895012,   1.0
  0.29999939999999997, 0.07286968105943135,14.300606818116613, 56.71069687378033,  45.51210262975944, 0.38293698354109873,323.13253375299774,   49.4350960893572, 257434.91359534295,      0.0, 257434.91359534295,   1.0
 -0.07287322153602406,-0.29999939999999997,14.300606818116613, 56.71069687378033,  45.51210262975944, 0.38293698354109873,323.13253375299774,   49.4350960893572, 280604.90889014245,      0.0, 280604.90889014245,   1.0
 -0.07287322153602406, 0.07286968105943135,15.300606818116613, 56.71069687378033,  45.51210262975944, 0.38293698354109873,323.13253375299774,   49.4350960893572, 352944.01468803297,      0.0, 352944.01468803297,   1.0
 -0.07287322153602406, 0.07286968105943135,14.300606818116613, 57.71069687378033,  45.51210262975944, 0.38293698354109873,323.13253375299774,   49.4350960893572,  352817.0605269832,      0.0,  352817.0605269832,   1.0
 -0.07287322153602406, 0.07286968105943135,14.300606818116613, 56.71069687378033,  46.51210262975944, 0.38293698354109873,323.13253375299774,   49.4350960893572, 352627.80857562425,      0.0, 352627.80857562425,   1.0
 -0.07287322153602406, 0.07286968105943135,14.300606818116613, 56.71069687378033,  45.51210262975944, 0.02000057999999999,323.13253375299774,   49.4350960893572,  328753.6558274393,      0.0,  328753.6558274393,   1.0
 -0.07287322153602406, 0.07286968105943135,14.300606818116613, 56.71069687378033,  45.51210262975944, 0.38293698354109873,324.13253375299774,   49.4350960893572, 352912.99554794026,      0.0, 352912.99554794026,   1.0
 -0.07287322153602406, 0.07286968105943135,14.300606818116613, 56.71069687378033,  45.51210262975944, 0.38293698354109873,323.13253375299774,   50.4350960893572, 352732.55961207516,      0.0, 352732.55961207516,   1.0
  -0.0728984807944909, 0.07289494071164326,14.305689146190172, 56.71328692753636,  45.49703202591513,  0.3829611235861743,323.15220356696574,  49.43094742864561,  352750.3571034686,      0.0,  352750.3571034686,   1.0
  0.29999939999999997, 0.07289494071164326,14.305689146190172, 56.71328692753636,  45.49703202591513,  0.3829611235861743,323.15220356696574,  49.43094742864561, 257422.49327180264,      0.0, 257422.49327180264,   1.0
  -0.0728984807944909,-0.29999939999999997,14.305689146190172, 56.71328692753636,  45.49703202591513,  0.3829611235861743,323.15220356696574,  49.43094742864561,  280566.5652791087,      0.0,  280566.5652791087,   1.0
  -0.0728984807944909, 0.07289494071164326,15.305689146190172, 56.71328692753636,  45.49703202591513,  0.3829611235861743,323.15220356696574,  49.43094742864561,  352951.4799802881,      0.0,  352951.4799802881,   1.0
  -0.0728984807944909, 0.07289494071164326,14.305689146190172, 57.71328692753636,  45.49703202591513,  0.3829611235861743,323.15220356696574,  49.43094742864561,  352825.0127544069,      0.0,  352825.0127544069,   1.0
  -0.0728984807944909, 0.07289494071164326,14.305689146190172, 56.71328692753636,  46.49703202591513,  0.3829611235861743,323.15220356696574,  49.43094742864561, 352621.73286887526,      0.0, 352621.73286887526,   1.0
  -0.0728984807944909, 0.07289494071164326,14.305689146190172, 56.71328692753636,  45.49703202591513, 0.02000057999999999,323.15220356696574,  49.43094742864561,  328769.1756993038,      0.0,  328769.1756993038,   1.0
  -0.0728984807944909, 0.07289494071164326,14.305689146190172, 56.71328692753636,  45.49703202591513,  0.3829611235861743,324.15220356696574,  49.43094742864561,  352918.2637608337,      0.0,  352918.2637608337,   1.0
  -0.0728984807944909, 0.07289494071164326,14.305689146190172, 56.71328692753636,  45.49703202591513,  0.3829611235861743,323.15220356696574,  50.43094742864561, 352728.31897408946,      0.0, 352728.31897408946,   1.0
 -0.07287322153602406, 0.07286968105943135,14.300606818116613, 56.71069687378033,  45.51210262975944, 0.38293698354109873,323.13253375299774,   49.4350960893572,  352752.9013895012,      0.0,  352752.9013895012,   1.0
  0.29999939999999997, 0.07286968105943135,14.300606818116613, 56.71069687378033,  45.51210262975944, 0.38293698354109873,323.13253375299774,   49.4350960893572, 257434.91359534295,      0.0, 257434.91359534295,   1.0
 -0.07287322153602406,-0.29999939999999997,14.300606818116613, 56.71069687378033,  45.51210262975944, 0.38293698354109873,323.13253375299774,   49.4350960893572, 280604.90889014245,      0.0, 280604.90889014245,   1.0
 -0.07287322153602406, 0.07286968105943135,15.300606818116613, 56.71069687378033,  45.51210262975944, 0.38293698354109873,323.13253375299774,   49.4350960893572, 352944.01468803297,      0.0, 352944.01468803297,   1.0
 -0.07287322153602406, 0.07286968105943135,14.300606818116613, 57.71069687378033,  45.51210262975944, 0.38293698354109873,323.13253375299774,   49.4350960893572,  352817.0605269832,      0.0,  352817.0605269832,   1.0
 -0.07287322153602406, 0.07286968105943135,14.300606818116613, 56.71069687378033,  46.51210262975944, 0.38293698354109873,323.13253375299774,   49.4350960893572, 352627.80857562425,      0.0, 352627.80857562425,   1.0
 -0.07287322153602406, 0.07286968105943135,14.300606818116613, 56.71069687378033,  45.51210262975944, 0.02000057999999999,323.13253375299774,   49.4350960893572,  328753.6558274393,      0.0,  328753.6558274393,   1.0
 -0.07287322153602406, 0.07286968105943135,14.300606818116613, 56.71069687378033,  45.51210262975944, 0.38293698354109873,324.13253375299774,   49.4350960893572, 352912.99554794026,      0.0, 352912.99554794026,   1.0
 -0.07287322153602406, 0.07286968105943135,14.300606818116613, 56.71069687378033,  45.51210262975944, 0.38293698354109873,323.13253375299774,   50.4350960893572, 352732.55961207516,      0.0, 352732.55961207516,   1.0
 -0.29999939999999997, 0.29999939999999997,          59.99988,          79.99994,          -89.99974,          0.59999942,         499.99955,  8.751540997733722, 216258.74441561443,      0.0, 216258.74441561443,   1.0
  0.29999939999999997, 0.29999939999999997,          59.99988,          79.99994,          -89.99974,          0.59999942,         499.99955,  8.751540997733722,  237597.0113248661,      0.0,  237597.0113248661,   1.0
 -0.29999939999999997,-0.29999939999999997,          59.99988,          79.99994,          -89.99974,          0.59999942,         499.99955,  8.751540997733722,  230697.6227976767,      0.0,  230697.6227976767,   1.0
 -0.29999939999999997, 0.29999939999999997,          58.99988,          79.99994,          -89.99974,          0.59999942,         499.99955,  8.751540997733722,  216008.8205971247,      0.0,  216008.8205971247,   1.0
 -0.29999939999999997, 0.29999939999999997,          59.99988,          78.99994,          -89.99974,          0.59999942,         499.99955,  8.751540997733722, 209518.32731358404,      0.0, 209518.32731358404,   1.0
 -0.29999939999999997, 0.29999939999999997,          59.99988,          79.99994,          -88.99974,          0.59999942,         499.99955,  8.751540997733722,  214814.9641863276,      0.0,  214814.9641863276,   1.0
 -0.29999939999999997, 0.29999939999999997,          59.99988,          79.99994,          -89.99974,0.020000580000000046,         499.99955,  8.751540997733722, 210577.25676285592,      0.0, 210577.25676285592,   1.0
 -0.29999939999999997, 0.29999939999999997,          59.99988,          79.99994,          -89.99974,          0.59999942,         498.99955,  8.751540997733722, 216286.12077433057,      0.0, 216286.12077433057,   1.0
 -0.29999939999999997, 0.29999939999999997,          59.99988,          79.99994,          -89.99974,          0.59999942,         499.99955,  9.751540997733722, 216530.94973767464,      0.0, 216530.94973767464,   1.0
 -0.09269945016274184, 0.09269621874034467,18.289773739808812, 58.74365433331369,  33.68304447461797, 0.40188473109098827, 338.5715550245798,  45.88375969102068,  347939.8389583169,      0.0,  347939.8389583169,   1.0
  0.29999939999999997, 0.09269621874034467,18.289773739808812, 58.74365433331369,  33.68304447461797, 0.40188473109098827, 338.5715550245798,  45.88375969102068, 258607.39267564792,      0.0, 258607.39267564792,   1.0
 -0.09269945016274184,-0.29999939999999997,18.289773739808812, 58.74365433331369,  33.68304447461797, 0.40188473109098827, 338.5715550245798,  45.88375969102068, 252342.60249193237,      0.0, 252342.60249193237,   1.0
 -0.09269945016274184, 0.09269621874034467,19.289773739808812, 58.74365433331369,  33.68304447461797, 0.40188473109098827, 338.5715550245798,  45.88375969102068, 348527.55357966095,      0.0, 348527.55357966095,   1.0
 -0.09269945016274184, 0.09269621874034467,18.289773739808812, 59.74365433331369,  33.68304447461797, 0.40188473109098827, 338.5715550245798,  45.88375969102068, 348186.81534307986,      0.0, 348186.81534307986,   1.0
 -0.09269945016274184, 0.09269621874034467,18.289773739808812, 58.74365433331369,  34.68304447461797, 0.40188473109098827, 338.5715550245798,  45.88375969102068,  348674.8779421015,      0.0,  348674.8779421015,   1.0
 -0.09269945016274184, 0.09269621874034467,18.289773739808812, 58.74365433331369,  33.68304447461797, 0.02000057999999999, 338.5715550245798,  45.88375969102068,  317837.1771047978,      0.0,  317837.1771047978,   1.0
 -0.09269945016274184, 0.09269621874034467,18.289773739808812, 58.74365433331369,  33.68304447461797, 0.40188473109098827, 339.5715550245798,  45.88375969102068, 348050.93027002376,      0.0, 348050.93027002376,   1.0
 -0.09269945016274184, 0.09269621874034467,18.289773739808812, 58.74365433331369,  33.68304447461797, 0.40188473109098827, 338.5715550245798,  46.88375969102068,  348136.3671844979,      0.0,  348136.3671844979,   1.0
 -0.07639743399129058, 0.07639394845064489,15.009701422857498, 57.07206534858241,  43.40942768994548,  0.3863050415400153, 325.8768979024715, 48.803828075480226,  352329.6902268104,      0.0,  352329.6902268104,   1.0
  0.29999939999999997, 0.07639394845064489,15.009701422857498, 57.07206534858241,  43.40942768994548,  0.3863050415400153, 325.8768979024715, 48.803828075480226, 256802.08884057653,      0.0, 256802.08884057653,   1.0
 -0.07639743399129058,-0.29999939999999997,15.009701422857498, 57.07206534858241,  43.40942768994548,  0.3863050415400153, 325.8768979024715, 48.803828075480226, 275504.16074719746,      0.0, 275504.16074719746,   1.0
 -0.07639743399129058, 0.07639394845064489,16.009701422857496, 57.07206534858241,  43.40942768994548,  0.3863050415400153, 325.8768979024715, 48.803828075480226, 352544.82355639484,      0.0, 352544.82355639484,   1.0
 -0.07639743399129058, 0.07639394845064489,15.009701422857498, 58.07206534858241,  43.40942768994548,  0.3863050415400153, 325.8768979024715, 48.803828075480226, 352363.27641120116,      0.0, 352363.27641120116,   1.0
 -0.07639743399129058, 0.07639394845064489,15.009701422857498, 57.07206534858241,  44.40942768994548,  0.3863050415400153, 325.8768979024715, 48.803828075480226,  352442.1373804765,      0.0,  352442.1373804765,   1.0
 -0.07639743399129058, 0.07639394845064489,15.009701422857498, 57.07206534858241,  43.40942768994548, 0.02000057999999999, 325.8768979024715, 48.803828075480226,  328931.8452448299,      0.0,  328931.8452448299,   1.0
 -0.07639743399129058, 0.07639394845064489,15.009701422857498, 57.07206534858241,  43.40942768994548,  0.3863050415400153, 326.8768979024715, 48.803828075480226, 352476.01439807436,      0.0, 352476.01439807436,   1.0
 -0.07639743399129058, 0.07639394845064489,15.009701422857498, 57.07206534858241,  43.40942768994548,  0.3863050415400153, 325.8768979024715, 49.803828075480226, 352321.05031265545,      0.0, 352321.05031265545,   1.0
 -0.07352845201056848,  0.0735249217478057,14.432443476734324, 56.77788341268383,  45.12116799794742, 0.38356318138499584,323.64277286224757,  49.31772914694168,   352772.725275985,      0.0,   352772.725275985,   1.0
            0.2999994,  0.0735249217478057,14.432443476734324, 56.77788341268383,  45.12116799794742, 0.38356318138499584,323.64277286224757,  49.31772914694168,  257397.6509074103,      0.0,  257397.6509074103,   1.0
 -0.07352845201056848,          -0.2999994,14.432443476734324, 56.77788341268383,  45.12116799794742, 0.38356318138499584,323.64277286224757,  49.31772914694168, 279616.88473653677,      0.0, 279616.88473653677,   1.0
 -0.07352845201056848,  0.0735249217478057,15.432443476734324, 56.77788341268383,  45.12116799794742, 0.38356318138499584,323.64277286224757,  49.31772914694168,  353000.2217778541,      0.0,  353000.2217778541,   1.0
 -0.07352845201056848,  0.0735249217478057,14.432443476734324, 57.77788341268383,  45.12116799794742, 0.38356318138499584,323.64277286224757,  49.31772914694168,  352733.8384476301,      0.0,  352733.8384476301,   1.0
 -0.07352845201056848,  0.0735249217478057,14.432443476734324, 56.77788341268383,  46.12116799794742, 0.38356318138499584,323.64277286224757,  49.31772914694168,  352701.0608968636,      0.0,  352701.0608968636,   1.0
 -0.07352845201056848,  0.0735249217478057,14.432443476734324, 56.77788341268383,  45.12116799794742, 0.02000057999999999,323.64277286224757,  49.31772914694168, 328747.80154816364,      0.0, 328747.80154816364,   1.0
 -0.07352845201056848,  0.0735249217478057,14.432443476734324, 56.77788341268383,  45.12116799794742, 0.38356318138499584,324.64277286224757,  49.31772914694168, 352941.27869623015,      0.0, 352941.27869623015,   1.0
 -0.07352845201056848,  0.0735249217478057,14.432443476734324, 56.77788341268383,  45.12116799794742, 0.38356318138499584,323.64277286224757,  50.31772914694168, 352755.91597936314,      0.0, 352755.91597936314,   1.0
 -0.07542198011784507, 0.07541847937167957,14.813433721175619,  56.9720434903769,  43.99141939466614,  0.3853728090873087,325.11729538879536,  48.97855443977712, 352394.61705808213,      0.0, 352394.61705808213,   1.0
  0.29999939999999997, 0.07541847937167957,14.813433721175619,  56.9720434903769,  43.99141939466614,  0.3853728090873087,325.11729538879536,  48.97855443977712, 257067.24360124872,      0.0, 257067.24360124872,   1.0
 -0.07542198011784507,-0.29999939999999997,14.813433721175619,  56.9720434903769,  43.99141939466614,  0.3853728090873087,325.11729538879536,  48.97855443977712,  276974.6212295062,      0.0,  276974.6212295062,   1.0
 -0.07542198011784507, 0.07541847937167957,15.813433721175619,  56.9720434903769,  43.99141939466614,  0.3853728090873087,325.11729538879536,  48.97855443977712,  352676.3974759491,      0.0,  352676.3974759491,   1.0
 -0.07542198011784507, 0.07541847937167957,14.813433721175619,  57.9720434903769,  43.99141939466614,  0.3853728090873087,325.11729538879536,  48.97855443977712,  352541.0985696709,      0.0,  352541.0985696709,   1.0
 -0.07542198011784507, 0.07541847937167957,14.813433721175619,  56.9720434903769,  44.99141939466614,  0.3853728090873087,325.11729538879536,  48.97855443977712, 352562.84030606213,      0.0, 352562.84030606213,   1.0
 -0.07542198011784507, 0.07541847937167957,14.813433721175619,  56.9720434903769,  43.99141939466614, 0.02000057999999999,325.11729538879536,  48.97855443977712, 328859.18020272464,      0.0, 328859.18020272464,   1.0
 -0.07542198011784507, 0.07541847937167957,14.813433721175619,  56.9720434903769,  43.99141939466614,  0.3853728090873087,326.11729538879536,  48.97855443977712,  352545.2955097085,      0.0,  352545.2955097085,   1.0
 -0.07542198011784507, 0.07541847937167957,14.813433721175619,  56.9720434903769,  43.99141939466614,  0.3853728090873087,325.11729538879536,  49.97855443977712,  352398.2050179982,      0.0,  352398.2050179982,   1.0
 -0.07383774862601626, 0.07383422318461505,14.494675979474302, 56.80959831285075,  44.93663024645645,  0.3838587733655928,323.88362739464674, 49.262326964862446,  352707.7180053785,      0.0,  352707.7180053785,   1.0
  0.29999939999999997, 0.07383422318461505,14.494675979474302, 56.80959831285075,  44.93663024645645,  0.3838587733655928,323.88362739464674, 49.262326964862446,   257310.705499593,      0.0,   257310.705499593,   1.0
 -0.07383774862601626, -0.2999993999999999,14.494675979474302, 56.80959831285075,  44.93663024645645,  0.3838587733655928,323.88362739464674, 49.262326964862446,  279234.0593305065,      0.0,  279234.0593305065,   1.0
 -0.07383774862601626, 0.07383422318461505,15.494675979474302, 56.80959831285075,  44.93663024645645,  0.3838587733655928,323.88362739464674, 49.262326964862446,  352947.7779693141,      0.0,  352947.7779693141,   1.0
 -0.07383774862601626, 0.07383422318461505,14.494675979474302, 57.80959831285075,  44.93663024645645,  0.3838587733655928,323.88362739464674, 49.262326964862446,  352752.6298355508,      0.0,  352752.6298355508,   1.0
 -0.07383774862601626, 0.07383422318461505,14.494675979474302, 56.80959831285075,  45.93663024645645,  0.3838587733655928,323.88362739464674, 49.262326964862446,  352751.6198305247,      0.0,  352751.6198305247,   1.0
 -0.07383774862601626, 0.07383422318461505,14.494675979474302, 56.80959831285075,  44.93663024645645, 0.02000057999999999,323.88362739464674, 49.262326964862446,  328723.1182983956,      0.0,  328723.1182983956,   1.0
 -0.07383774862601626, 0.07383422318461505,14.494675979474302, 56.80959831285075,  44.93663024645645,  0.3838587733655928,324.88362739464674, 49.262326964862446, 352869.15607184585,      0.0, 352869.15607184585,   1.0
 -0.07383774862601626, 0.07383422318461505,14.494675979474302, 56.80959831285075,  44.93663024645645,  0.3838587733655928,323.88362739464674, 50.262326964862446,   352690.154859212,      0.0,   352690.154859212,   1.0
 -0.07357694176356472,  0.0735734122566674,14.442199932303131, 56.78285549320003, 45.092237225538796,  0.3836095226037837,323.68053265721704,   49.3090435099502,  352763.8057788269,      0.0,  352763.8057788269,   1.0
  0.29999939999999997,  0.0735734122566674,14.442199932303131, 56.78285549320003, 45.092237225538796,  0.3836095226037837,323.68053265721704,   49.3090435099502, 257419.94053352182,      0.0, 257419.94053352182,   1.0
 -0.07357694176356472,-0.29999939999999997,14.442199932303131, 56.78285549320003, 45.092237225538796,  0.3836095226037837,323.68053265721704,   49.3090435099502,  279579.6102851682,      0.0,  279579.6102851682,   1.0
 -0.07357694176356472,  0.0735734122566674,15.442199932303131, 56.78285549320003, 45.092237225538796,  0.3836095226037837,323.68053265721704,   49.3090435099502, 352996.40000217484,      0.0, 352996.40000217484,   1.0
 -0.07357694176356472,  0.0735734122566674,14.442199932303131, 57.78285549320003, 45.092237225538796,  0.3836095226037837,323.68053265721704,   49.3090435099502, 352762.91525188286,      0.0, 352762.91525188286,   1.0
 -0.07357694176356472,  0.0735734122566674,14.442199932303131, 56.78285549320003, 46.092237225538796,  0.3836095226037837,323.68053265721704,   49.3090435099502,   352720.236541922,      0.0,   352720.236541922,   1.0
 -0.07357694176356472,  0.0735734122566674,14.442199932303131, 56.78285549320003, 45.092237225538796, 0.02000057999999999,323.68053265721704,   49.3090435099502,  328755.1981700864,      0.0,  328755.1981700864,   1.0
 -0.07357694176356472,  0.0735734122566674,14.442199932303131, 56.78285549320003, 45.092237225538796,  0.3836095226037837,324.68053265721704,   49.3090435099502,  352925.2479644768,      0.0,  352925.2479644768,   1.0
 -0.07357694176356472,  0.0735734122566674,14.442199932303131, 56.78285549320003, 45.092237225538796,  0.3836095226037837,323.68053265721704,   50.3090435099502,  352751.1538407989,      0.0,  352751.1538407989,   1.0
 -0.07352845201056848,  0.0735249217478057,14.432443476734324, 56.77788341268383,  45.12116799794742, 0.38356318138499584,323.64277286224757,  49.31772914694168,   352772.725275985,      0.0,   352772.725275985,   1.0
            0.2999994,  0.0735249217478057,14.432443476734324, 56.77788341268383,  45.12116799794742, 0.38356318138499584,323.64277286224757,  49.31772914694168,  257397.6509074103,      0.0,  257397.6509074103,   1.0
 -0.07352845201056848,          -0.2999994,14.432443476734324, 56.77788341268383,  45.12116799794742, 0.38356318138499584,323.64277286224757,  49.31772914694168, 279616.88473653677,      0.0, 279616.88473653677,   1.0
 -0.07352845201056848,  0.0735249217478057,15.432443476734324, 56.77788341268383,  45.12116799794742, 0.38356318138499584,323.64277286224757,  49.31772914694168,  353000.2217778541,      0.0,  353000.2217778541,   1.0
 -0.07352845201056848,  0.0735249217478057,14.432443476734324, 57.77788341268383,  45.12116799794742, 0.38356318138499584,323.64277286224757,  49.31772914694168,  352733.8384476301,      0.0,  352733.8384476301,   1.0
 -0.07352845201056848,  0.0735249217478057,14.432443476734324, 56.77788341268383,  46.12116799794742, 0.38356318138499584,323.64277286224757,  49.31772914694168,  352701.0608968636,      0.0,  352701.0608968636,   1.0
 -0.07352845201056848,  0.0735249217478057,14.432443476734324, 56.77788341268383,  45.12116799794742, 0.02000057999999999,323.64277286224757,  49.31772914694168, 328747.80154816364,      0.0, 328747.80154816364,   1.0
 -0.07352845201056848,  0.0735249217478057,14.432443476734324, 56.77788341268383,  45.12116799794742, 0.38356318138499584,324.64277286224757,  49.31772914694168, 352941.27869623015,      0.0, 352941.27869623015,   1.0
 -0.07352845201056848,  0.0735249217478057,14.432443476734324, 56.77788341268383,  45.12116799794742, 0.38356318138499584,323.64277286224757,  50.31772914694168, 352755.91597936314,      0.0, 352755.91597936314,   1.0
 -0.29999939999999997, 0.29999939999999997, 19.32017689927327, 59.26291549308582,  30.63660693796919,          0.59999942,342.55138359849366,  44.96861665072654, 311418.98307268723,      0.0, 311418.98307268723,   1.0
  0.29999939999999997, 0.29999939999999997, 19.32017689927327, 59.26291549308582,  30.63660693796919,          0.59999942,342.55138359849366,  44.96861665072654, 218527.32975633425,      0.0, 218527.32975633425,   1.0
 -0.29999939999999997,-0.29999939999999997, 19.32017689927327, 59.26291549308582,  30.63660693796919,          0.59999942,342.55138359849366,  44.96861665072654,  242122.9112280182,      0.0,  242122.9112280182,   1.0
 -0.29999939999999997, 0.29999939999999997, 20.32017689927327, 59.26291549308582,  30.63660693796919,          0.59999942,342.55138359849366,  44.96861665072654,  312068.8889547148,      0.0,  312068.8889547148,   1.0
 -0.29999939999999997, 0.29999939999999997, 19.32017689927327, 60.26291549308582,  30.63660693796919,          0.59999942,342.55138359849366,  44.96861665072654,  311183.4210020965,      0.0,  311183.4210020965,   1.0
 -0.29999939999999997, 0.29999939999999997, 19.32017689927327, 59.26291549308582,  31.63660693796919,          0.59999942,342.55138359849366,  44.96861665072654,  311889.6612263767,      0.0,  311889.6612263767,   1.0
 -0.29999939999999997, 0.29999939999999997, 19.32017689927327, 59.26291549308582,  30.63660693796919,0.020000580000000046,342.55138359849366,  44.96861665072654,  318787.7811293297,      0.0,  318787.7811293297,   1.0
 -0.29999939999999997, 0.29999939999999997, 19.32017689927327, 59.26291549308582,  30.63660693796919,          0.59999942,343.55138359849366,  44.96861665072654,   311551.349648052,      0.0,   311551.349648052,   1.0
 -0.29999939999999997, 0.29999939999999997, 19.32017689927327, 59.26291549308582,  30.63660693796919,          0.59999942,342.55138359849366,  45.96861665072654, 312489.90837387147,      0.0, 312489.90837387147,   1.0
 -0.11255198005975954, 0.11254905810154606,15.274655707507156,57.206082790809944, 42.625312879123705,  0.4208576145272467,326.90094221239116,  48.56832744667124, 346802.73655231134,      0.0, 346802.73655231134,   1.0
  0.29999939999999997, 0.11254905810154606,15.274655707507156,57.206082790809944, 42.625312879123705,  0.4208576145272467,326.90094221239116,  48.56832744667124, 250269.06513046368,      0.0, 250269.06513046368,   1.0
 -0.11255198005975954,          -0.2999994,15.274655707507156,57.206082790809944, 42.625312879123705,  0.4208576145272467,326.90094221239116,  48.56832744667124,   266557.378691319,      0.0,   266557.378691319,   1.0
 -0.11255198005975954, 0.11254905810154606,16.274655707507158,57.206082790809944, 42.625312879123705,  0.4208576145272467,326.90094221239116,  48.56832744667124,  347062.9540988505,      0.0,  347062.9540988505,   1.0
 -0.11255198005975954, 0.11254905810154606,15.274655707507156,58.206082790809944, 42.625312879123705,  0.4208576145272467,326.90094221239116,  48.56832744667124, 346877.36453916837,      0.0, 346877.36453916837,   1.0
 -0.11255198005975954, 0.11254905810154606,15.274655707507156,57.206082790809944, 43.625312879123705,  0.4208576145272467,326.90094221239116,  48.56832744667124,   346991.342358243,      0.0,   346991.342358243,   1.0
 -0.11255198005975954, 0.11254905810154606,15.274655707507156,57.206082790809944, 42.625312879123705, 0.02000057999999999,326.90094221239116,  48.56832744667124,  338505.8042097614,      0.0,  338505.8042097614,   1.0
 -0.11255198005975954, 0.11254905810154606,15.274655707507156,57.206082790809944, 42.625312879123705,  0.4208576145272467,327.90094221239116,  48.56832744667124,  346928.2426017423,      0.0,  346928.2426017423,   1.0
 -0.11255198005975954, 0.11254905810154606,15.274655707507156,57.206082790809944, 42.625312879123705,  0.4208576145272467,326.90094221239116,  49.56832744667124, 346968.15169969737,      0.0, 346968.15169969737,   1.0
 -0.07980254977484544, 0.07979911731365015, 14.56785209144178,56.846728155721394, 44.719891132328506,  0.3895592799259278, 324.1666125573567,  49.19724235942505,  351526.9464602285,      0.0,  351526.9464602285,   1.0
   0.2999993999999999, 0.07979911731365015, 14.56785209144178,56.846728155721394, 44.719891132328506,  0.3895592799259278, 324.1666125573567,  49.19724235942505, 256595.11066052422,      0.0, 256595.11066052422,   1.0
 -0.07980254977484544,-0.29999939999999997, 14.56785209144178,56.846728155721394, 44.719891132328506,  0.3895592799259278, 324.1666125573567,  49.19724235942505, 277790.59962830343,      0.0, 277790.59962830343,   1.0
 -0.07980254977484544, 0.07979911731365015, 15.56785209144178,56.846728155721394, 44.719891132328506,  0.3895592799259278, 324.1666125573567,  49.19724235942505,  351774.0516570348,      0.0,  351774.0516570348,   1.0
 -0.07980254977484544, 0.07979911731365015, 14.56785209144178,57.846728155721394, 44.719891132328506,  0.3895592799259278, 324.1666125573567,  49.19724235942505,   351724.069619013,      0.0,   351724.069619013,   1.0
 -0.07980254977484544, 0.07979911731365015, 14.56785209144178,56.846728155721394, 45.719891132328506,  0.3895592799259278, 324.1666125573567,  49.19724235942505, 351668.55403666245,      0.0, 351668.55403666245,   1.0
 -0.07980254977484544, 0.07979911731365015, 14.56785209144178,56.846728155721394, 44.719891132328506, 0.02000057999999999, 324.1666125573567,  49.19724235942505, 331194.62581195694,      0.0, 331194.62581195694,   1.0
 -0.07980254977484544, 0.07979911731365015, 14.56785209144178,56.846728155721394, 44.719891132328506,  0.3895592799259278, 325.1666125573567,  49.19724235942505,  351639.7757547287,      0.0,  351639.7757547287,   1.0
 -0.07980254977484544, 0.07979911731365015, 14.56785209144178,56.846728155721394, 44.719891132328506,  0.3895592799259278, 324.1666125573567,  50.19724235942505,  351538.6964177849,      0.0,  351538.6964177849,   1.0
 -0.07443346815739539, 0.07442995200215867,14.451975684763893, 56.78781402046427,  45.06328524629491, 0.38442809713884435, 323.7183348633885, 49.300349359077565,  352533.3765655516,      0.0,  352533.3765655516,   1.0
  0.29999939999999997, 0.07442995200215867,14.451975684763893, 56.78781402046427,  45.06328524629491, 0.38442809713884435, 323.7183348633885, 49.300349359077565, 257362.71247046004,      0.0, 257362.71247046004,   1.0
 -0.07443346815739539,-0.29999939999999997,14.451975684763893, 56.78781402046427,  45.06328524629491, 0.38442809713884435, 323.7183348633885, 49.300349359077565,  279391.7962040768,      0.0,  279391.7962040768,   1.0
 -0.07443346815739539, 0.07442995200215867,15.451975684763893, 56.78781402046427,  45.06328524629491, 0.38442809713884435, 323.7183348633885, 49.300349359077565,  352752.0190729054,      0.0,  352752.0190729054,   1.0
 -0.07443346815739539, 0.07442995200215867,14.451975684763893, 57.78781402046427,  45.06328524629491, 0.38442809713884435, 323.7183348633885, 49.300349359077565,  352685.2577527376,      0.0,  352685.2577527376,   1.0
 -0.07443346815739539, 0.07442995200215867,14.451975684763893, 56.78781402046427,  46.06328524629491, 0.38442809713884435, 323.7183348633885, 49.300349359077565, 352617.03344405344,      0.0, 352617.03344405344,   1.0
 -0.07443346815739539, 0.07442995200215867,14.451975684763893, 56.78781402046427,  45.06328524629491, 0.02000057999999999, 323.7183348633885, 49.300349359077565, 329257.90315537143,      0.0, 329257.90315537143,   1.0
 -0.07443346815739539, 0.07442995200215867,14.451975684763893, 56.78781402046427,  45.06328524629491, 0.38442809713884435, 324.7183348633885, 49.300349359077565, 352689.06840431254,      0.0, 352689.06840431254,   1.0
 -0.07443346815739539, 0.07442995200215867,14.451975684763893, 56.78781402046427,  45.06328524629491, 0.38442809713884435, 323.7183348633885, 50.300349359077565,   352521.523468484,      0.0,   352521.523468484,   1.0
 -0.07364511075936839,  0.0736415823150995,14.434961225128117,56.779163491810095,  45.11370677263276,  0.3836746710971021,323.65251298516233,  49.31548885066217,  352785.6917185927,      0.0,  352785.6917185927,   1.0
   0.2999993999999999,  0.0736415823150995,14.434961225128117,56.779163491810095,  45.11370677263276,  0.3836746710971021,323.65251298516233,  49.31548885066217,  257398.0349094803,      0.0,  257398.0349094803,   1.0
 -0.07364511075936839,-0.29999939999999997,14.434961225128117,56.779163491810095,  45.11370677263276,  0.3836746710971021,323.65251298516233,  49.31548885066217,  279600.0107636738,      0.0,  279600.0107636738,   1.0
 -0.07364511075936839,  0.0736415823150995,15.434961225128117,56.779163491810095,  45.11370677263276,  0.3836746710971021,323.65251298516233,  49.31548885066217,  353014.2620615773,      0.0,  353014.2620615773,   1.0
 -0.07364511075936839,  0.0736415823150995,14.434961225128117,57.779163491810095,  45.11370677263276,  0.3836746710971021,323.65251298516233,  49.31548885066217,  352742.8131366888,      0.0,  352742.8131366888,   1.0
 -0.07364511075936839,  0.0736415823150995,14.434961225128117,56.779163491810095,  46.11370677263276,  0.3836746710971021,323.65251298516233,  49.31548885066217, 352726.12217397214,      0.0, 352726.12217397214,   1.0
 -0.07364511075936839,  0.0736415823150995,14.434961225128117,56.779163491810095,  45.11370677263276, 0.02000057999999999,323.65251298516233,  49.31548885066217,  328730.5457207588,      0.0,  328730.5457207588,   1.0
 -0.07364511075936839,  0.0736415823150995,14.434961225128117,56.779163491810095,  45.11370677263276,  0.3836746710971021,324.65251298516233,  49.31548885066217,  352952.2950797008,      0.0,  352952.2950797008,   1.0
 -0.07364511075936839,  0.0736415823150995,14.434961225128117,56.779163491810095,  45.11370677263276,  0.3836746710971021,323.65251298516233,  50.31548885066217,  352766.8913062849,      0.0,  352766.8913062849,   1.0
 -0.07416542664206621, 0.07416190630855855,14.446190768487728,56.784872840721846, 45.080428565249775, 0.38417193228465196, 323.6959554247916,  49.30549678621633, 352591.27961064904,      0.0, 352591.27961064904,   1.0
  0.29999939999999997, 0.07416190630855855,14.446190768487728,56.784872840721846, 45.080428565249775, 0.38417193228465196, 323.6959554247916,  49.30549678621633, 257376.93860585004,      0.0, 257376.93860585004,   1.0
 -0.07416542664206621,-0.29999939999999997,14.446190768487728,56.784872840721846, 45.080428565249775, 0.38417193228465196, 323.6959554247916,  49.30549678621633,  279466.4084629253,      0.0,  279466.4084629253,   1.0
 -0.07416542664206621, 0.07416190630855855,15.446190768487728,56.784872840721846, 45.080428565249775, 0.38417193228465196, 323.6959554247916,  49.30549678621633,  352807.5968165335,      0.0,  352807.5968165335,   1.0
 -0.07416542664206621, 0.07416190630855855,14.446190768487728,57.784872840721846, 45.080428565249775, 0.38417193228465196, 323.6959554247916,  49.30549678621633,  352688.0140621798,      0.0,  352688.0140621798,   1.0
 -0.07416542664206621, 0.07416190630855855,14.446190768487728,56.784872840721846, 46.080428565249775, 0.38417193228465196, 323.6959554247916,  49.30549678621633,  352661.5005923947,      0.0,  352661.5005923947,   1.0
 -0.07416542664206621, 0.07416190630855855,14.446190768487728,56.784872840721846, 45.080428565249775, 0.02000057999999999, 323.6959554247916,  49.30549678621633,  329027.3701741477,      0.0,  329027.3701741477,   1.0
 -0.07416542664206621, 0.07416190630855855,14.446190768487728,56.784872840721846, 45.080428565249775, 0.38417193228465196, 324.6959554247916,  49.30549678621633,  352757.1556618032,      0.0,  352757.1556618032,   1.0
 -0.07416542664206621, 0.07416190630855855,14.446190768487728,56.784872840721846, 45.080428565249775, 0.38417193228465196, 323.6959554247916,  50.30549678621633, 352576.39897766314,      0.0, 352576.39897766314,   1.0
 -0.07370281837736799, 0.07369929083265402,14.436206680475637, 56.77979670893258,  45.11001592608506, 0.38372982174618164, 323.6573311346643,  49.31438064263462,  352751.5398139296,      0.0,  352751.5398139296,   1.0
  0.29999939999999997, 0.07369929083265402,14.436206680475637, 56.77979670893258,  45.11001592608506, 0.38372982174618164, 323.6573311346643,  49.31438064263462, 257391.13977560605,      0.0, 257391.13977560605,   1.0
 -0.07370281837736799,-0.29999939999999997,14.436206680475637, 56.77979670893258,  45.11001592608506, 0.38372982174618164, 323.6573311346643,  49.31438064263462, 279580.08680349204,      0.0, 279580.08680349204,   1.0
 -0.07370281837736799, 0.07369929083265402,15.436206680475637, 56.77979670893258,  45.11001592608506, 0.38372982174618164, 323.6573311346643,  49.31438064263462, 352978.65353141003,      0.0, 352978.65353141003,   1.0
 -0.07370281837736799, 0.07369929083265402,14.436206680475637, 57.77979670893258,  45.11001592608506, 0.38372982174618164, 323.6573311346643,  49.31438064263462,  352729.7516149222,      0.0,  352729.7516149222,   1.0
 -0.07370281837736799, 0.07369929083265402,14.436206680475637, 56.77979670893258,  46.11001592608506, 0.38372982174618164, 323.6573311346643,  49.31438064263462,  352711.5337981895,      0.0,  352711.5337981895,   1.0
 -0.07370281837736799, 0.07369929083265402,14.436206680475637, 56.77979670893258,  45.11001592608506, 0.02000057999999999, 323.6573311346643,  49.31438064263462,  328798.9151579057,      0.0,  328798.9151579057,   1.0
 -0.07370281837736799, 0.07369929083265402,14.436206680475637, 56.77979670893258,  45.11001592608506, 0.38372982174618164, 324.6573311346643,  49.31438064263462, 352916.35248758405,      0.0, 352916.35248758405,   1.0
 -0.07370281837736799, 0.07369929083265402,14.436206680475637, 56.77979670893258,  45.11001592608506, 0.38372982174618164, 323.6573311346643,  50.31438064263462,  352733.1270300117,      0.0,  352733.1270300117,   1.0
 -0.07365012344785037, 0.07364659508172001,14.435069409799253,56.779218495296405,  45.11338617260421,    0.38367946167819,323.65293150672585,  49.31539258778028,  352776.7484133597,      0.0,  352776.7484133597,   1.0
  0.29999939999999997, 0.07364659508172001,14.435069409799253,56.779218495296405,  45.11338617260421,    0.38367946167819,323.65293150672585,  49.31539258778028,  257397.6459291675,      0.0,  257397.6459291675,   1.0
 -0.07365012344785037,-0.29999939999999997,14.435069409799253,56.779218495296405,  45.11338617260421,    0.38367946167819,323.65293150672585,  49.31539258778028, 279600.53550990426,      0.0, 279600.53550990426,   1.0
 -0.07365012344785037, 0.07364659508172001,15.435069409799253,56.779218495296405,  45.11338617260421,    0.38367946167819,323.65293150672585,  49.31539258778028,  353005.0673292836,      0.0,  353005.0673292836,   1.0
 -0.07365012344785037, 0.07364659508172001,14.435069409799253,57.779218495296405,  45.11338617260421,    0.38367946167819,323.65293150672585,  49.31539258778028, 352731.20774698554,      0.0, 352731.20774698554,   1.0
 -0.07365012344785037, 0.07364659508172001,14.435069409799253,56.779218495296405,  46.11338617260421,    0.38367946167819,323.65293150672585,  49.31539258778028,  352726.0326144678,      0.0,  352726.0326144678,   1.0
 -0.07365012344785037, 0.07364659508172001,14.435069409799253,56.779218495296405,  45.11338617260421, 0.02000057999999999,323.65293150672585,  49.31539258778028,  328743.5064757236,      0.0,  328743.5064757236,   1.0
 -0.07365012344785037, 0.07364659508172001,14.435069409799253,56.779218495296405,  45.11338617260421,    0.38367946167819,324.65293150672585,  49.31539258778028,  352943.2781029178,      0.0,  352943.2781029178,   1.0
 -0.07365012344785037, 0.07364659508172001,14.435069409799253,56.779218495296405,  45.11338617260421,    0.38367946167819,323.65293150672585,  50.31539258778028, 352758.27581094747,      0.0, 352758.27581094747,   1.0
 -0.07364511075936839,  0.0736415823150995,14.434961225128117,56.779163491810095,  45.11370677263276,  0.3836746710971021,323.65251298516233,  49.31548885066217,  352785.6917185927,      0.0,  352785.6917185927,   1.0
   0.2999993999999999,  0.0736415823150995,14.434961225128117,56.779163491810095,  45.11370677263276,  0.3836746710971021,323.65251298516233,  49.31548885066217,  257398.0349094803,      0.0,  257398.0349094803,   1.0
 -0.07364511075936839,-0.29999939999999997,14.434961225128117,56.779163491810095,  45.11370677263276,  0.3836746710971021,323.65251298516233,  49.31548885066217,  279600.0107636738,      0.0,  279600.0107636738,   1.0
 -0.07364511075936839,  0.0736415823150995,15.434961225128117,56.779163491810095,  45.11370677263276,  0.3836746710971021,323.65251298516233,  49.31548885066217,  353014.2620615773,      0.0,  353014.2620615773,   1.0
 -0.07364511075936839,  0.0736415823150995,14.434961225128117,57.779163491810095,  45.11370677263276,  0.3836746710971021,323.65251298516233,  49.31548885066217,  352742.8131366888,      0.0,  352742.8131366888,   1.0
 -0.07364511075936839,  0.0736415823150995,14.434961225128117,56.779163491810095,  46.11370677263276,  0.3836746710971021,323.65251298516233,  49.31548885066217, 352726.12217397214,      0.0, 352726.12217397214,   1.0
 -0.07364511075936839,  0.0736415823150995,14.434961225128117,56.779163491810095,  45.11370677263276, 0.02000057999999999,323.65251298516233,  49.31548885066217,  328730.5457207588,      0.0,  328730.5457207588,   1.0
 -0.07364511075936839,  0.0736415823150995,14.434961225128117,56.779163491810095,  45.11370677263276,  0.3836746710971021,324.65251298516233,  49.31548885066217,  352952.2950797008,      0.0,  352952.2950797008,   1.0
 -0.07364511075936839,  0.0736415823150995,14.434961225128117,56.779163491810095,  45.11370677263276,  0.3836746710971021,323.65251298516233,  50.31548885066217,  352766.8913062849,      0.0,  352766.8913062849,   1.0
 -0.29999939999999997, 0.29999939999999997, 14.87732790269084, 57.04112061865729,  43.77695456037298,          0.59999942, 325.3932284348133,   48.9088639853544,   317257.000766248,      0.0,   317257.000766248,   1.0
  0.29999939999999997, 0.29999939999999997, 14.87732790269084, 57.04112061865729,  43.77695456037298,          0.59999942, 325.3932284348133,   48.9088639853544, 234369.24769835526,      0.0, 234369.24769835526,   1.0
 -0.29999939999999997,-0.29999939999999997, 14.87732790269084, 57.04112061865729,  43.77695456037298,          0.59999942, 325.3932284348133,   48.9088639853544, 248346.15888734587,      0.0, 248346.15888734587,   1.0
 -0.29999939999999997, 0.29999939999999997, 15.87732790269084, 57.04112061865729,  43.77695456037298,          0.59999942, 325.3932284348133,   48.9088639853544,   317434.998938012,      0.0,   317434.998938012,   1.0
 -0.29999939999999997, 0.29999939999999997, 14.87732790269084, 58.04112061865729,  43.77695456037298,          0.59999942, 325.3932284348133,   48.9088639853544,  317508.1127584677,      0.0,  317508.1127584677,   1.0
 -0.29999939999999997, 0.29999939999999997, 14.87732790269084, 57.04112061865729,  44.77695456037298,          0.59999942, 325.3932284348133,   48.9088639853544,  317798.6566599266,      0.0,  317798.6566599266,   1.0
 -0.29999939999999997, 0.29999939999999997, 14.87732790269084, 57.04112061865729,  43.77695456037298,0.020000580000000046, 325.3932284348133,   48.9088639853544, 340478.54695831524,      0.0, 340478.54695831524,   1.0
 -0.29999939999999997, 0.29999939999999997, 14.87732790269084, 57.04112061865729,  43.77695456037298,          0.59999942, 326.3932284348133,   48.9088639853544,  317442.6080319832,      0.0,  317442.6080319832,   1.0
 -0.29999939999999997, 0.29999939999999997, 14.87732790269084, 57.04112061865729,  43.77695456037298,          0.59999942, 325.3932284348133,   49.9088639853544, 318123.74317755864,      0.0, 318123.74317755864,   1.0
  -0.1143959451723508, 0.11439305195813926,14.514601029117056,56.826323947815865,  44.87304966719096, 0.42261987532338713, 323.9658960771586, 49.242283688038796, 346368.89996226097,      0.0, 346368.89996226097,   1.0
  0.29999939999999997, 0.11439305195813926,14.514601029117056,56.826323947815865,  44.87304966719096, 0.42261987532338713, 323.9658960771586, 49.242283688038796, 250379.28176446114,      0.0, 250379.28176446114,   1.0
  -0.1143959451723508,-0.29999939999999997,14.514601029117056,56.826323947815865,  44.87304966719096, 0.42261987532338713, 323.9658960771586, 49.242283688038796,  270941.1457962948,      0.0,  270941.1457962948,   1.0
  -0.1143959451723508, 0.11439305195813926,15.514601029117056,56.826323947815865,  44.87304966719096, 0.42261987532338713, 323.9658960771586, 49.242283688038796,  346515.2891967881,      0.0,  346515.2891967881,   1.0
  -0.1143959451723508, 0.11439305195813926,14.514601029117056,57.826323947815865,  44.87304966719096, 0.42261987532338713, 323.9658960771586, 49.242283688038796, 346480.48931686877,      0.0, 346480.48931686877,   1.0
  -0.1143959451723508, 0.11439305195813926,14.514601029117056,56.826323947815865,  45.87304966719096, 0.42261987532338713, 323.9658960771586, 49.242283688038796,  346339.8291481339,      0.0,  346339.8291481339,   1.0
  -0.1143959451723508, 0.11439305195813926,14.514601029117056,56.826323947815865,  44.87304966719096, 0.02000057999999999, 323.9658960771586, 49.242283688038796,  340486.7536621521,      0.0,  340486.7536621521,   1.0
  -0.1143959451723508, 0.11439305195813926,14.514601029117056,56.826323947815865,  44.87304966719096, 0.42261987532338713, 324.9658960771586, 49.242283688038796,  346533.1382880866,      0.0,  346533.1382880866,   1.0
  -0.1143959451723508, 0.11439305195813926,14.514601029117056,56.826323947815865,  44.87304966719096, 0.42261987532338713, 323.9658960771586, 50.242283688038796,  346535.9623449389,      0.0,  346535.9623449389,   1.0
 -0.08007705164673067, 0.08007362346451131,14.447531237961394, 56.78660710050228,  45.07572246387877, 0.38982161888450534,323.70197605878656,  49.30393445464977,  351484.2301544378,      0.0,  351484.2301544378,   1.0
  0.29999939999999997, 0.08007362346451131,14.447531237961394, 56.78660710050228,  45.07572246387877, 0.38982161888450534,323.70197605878656,  49.30393445464977, 256471.44429643542,      0.0, 256471.44429643542,   1.0
 -0.08007705164673067,-0.29999939999999997,14.447531237961394, 56.78660710050228,  45.07572246387877, 0.38982161888450534,323.70197605878656,  49.30393445464977, 278366.64859266207,      0.0, 278366.64859266207,   1.0
 -0.08007705164673067, 0.08007362346451131,15.447531237961394, 56.78660710050228,  45.07572246387877, 0.38982161888450534,323.70197605878656,  49.30393445464977,  351692.8571307864,      0.0,  351692.8571307864,   1.0
 -0.08007705164673067, 0.08007362346451131,14.447531237961394, 57.78660710050228,  45.07572246387877, 0.38982161888450534,323.70197605878656,  49.30393445464977, 351556.18122958596,      0.0, 351556.18122958596,   1.0
 -0.08007705164673067, 0.08007362346451131,14.447531237961394, 56.78660710050228,  46.07572246387877, 0.38982161888450534,323.70197605878656,  49.30393445464977,  351579.2245639598,      0.0,  351579.2245639598,   1.0
 -0.08007705164673067, 0.08007362346451131,14.447531237961394, 56.78660710050228,  45.07572246387877, 0.02000057999999999,323.70197605878656,  49.30393445464977,  331392.8433305741,      0.0,  331392.8433305741,   1.0
 -0.08007705164673067, 0.08007362346451131,14.447531237961394, 56.78660710050228,  45.07572246387877, 0.38982161888450534,324.70197605878656,  49.30393445464977,  351602.6314566344,      0.0,  351602.6314566344,   1.0
 -0.08007705164673067, 0.08007362346451131,14.447531237961394, 56.78660710050228,  45.07572246387877, 0.38982161888450534,323.70197605878656,  50.30393445464977, 351474.96604450926,      0.0, 351474.96604450926,   1.0
  -0.0745495598370913, 0.07454604549150892, 14.43672879991046,56.780210199970895,  45.10836548084819,  0.3845390449081319,323.65946840221363, 49.313864090267124,  352510.0444630492,      0.0,  352510.0444630492,   1.0
   0.2999993999999999, 0.07454604549150892, 14.43672879991046,56.780210199970895,  45.10836548084819,  0.3845390449081319,323.65946840221363, 49.313864090267124, 257262.23883341695,      0.0, 257262.23883341695,   1.0
  -0.0745495598370913,          -0.2999994, 14.43672879991046,56.780210199970895,  45.10836548084819,  0.3845390449081319,323.65946840221363, 49.313864090267124,  279443.8135976766,      0.0,  279443.8135976766,   1.0
  -0.0745495598370913, 0.07454604549150892, 15.43672879991046,56.780210199970895,  45.10836548084819,  0.3845390449081319,323.65946840221363, 49.313864090267124, 352719.68022681866,      0.0, 352719.68022681866,   1.0
  -0.0745495598370913, 0.07454604549150892, 14.43672879991046,57.780210199970895,  45.10836548084819,  0.3845390449081319,323.65946840221363, 49.313864090267124,   352605.552121312,      0.0,   352605.552121312,   1.0
  -0.0745495598370913, 0.07454604549150892, 14.43672879991046,56.780210199970895,  46.10836548084819,  0.3845390449081319,323.65946840221363, 49.313864090267124,  352586.6867629902,      0.0,  352586.6867629902,   1.0
  -0.0745495598370913, 0.07454604549150892, 14.43672879991046,56.780210199970895,  45.10836548084819, 0.02000057999999999,323.65946840221363, 49.313864090267124,  329273.7621521987,      0.0,  329273.7621521987,   1.0
  -0.0745495598370913, 0.07454604549150892, 14.43672879991046,56.780210199970895,  45.10836548084819,  0.3845390449081319,324.65946840221363, 49.313864090267124,  352662.5297650567,      0.0,  352662.5297650567,   1.0
  -0.0745495598370913, 0.07454604549150892, 14.43672879991046,56.780210199970895,  45.10836548084819,  0.3845390449081319,323.65946840221363, 50.313864090267124,  352496.1061297065,      0.0,  352496.1061297065,   1.0
  -0.0737529397119495, 0.07374941294853433,14.435171956436362, 56.77928828097448,  45.11306998067537, 0.38377772225274764, 323.6533422140862, 49.315295145769426,  352747.4863954115,      0.0,  352747.4863954115,   1.0
  0.29999939999999997, 0.07374941294853433,14.435171956436362, 56.77928828097448,  45.11306998067537, 0.38377772225274764, 323.6533422140862, 49.315295145769426,  257380.5804038951,      0.0,  257380.5804038951,   1.0
  -0.0737529397119495,-0.29999939999999997,14.435171956436362, 56.77928828097448,  45.11306998067537, 0.38377772225274764, 323.6533422140862, 49.315295145769426, 279567.46206598106,      0.0, 279567.46206598106,   1.0
  -0.0737529397119495, 0.07374941294853433,15.435171956436362, 56.77928828097448,  45.11306998067537, 0.38377772225274764, 323.6533422140862, 49.315295145769426, 352978.00188378827,      0.0, 352978.00188378827,   1.0
  -0.0737529397119495, 0.07374941294853433,14.435171956436362, 57.77928828097448,  45.11306998067537, 0.38377772225274764, 323.6533422140862, 49.315295145769426,  352734.4335988225,      0.0,  352734.4335988225,   1.0
  -0.0737529397119495, 0.07374941294853433,14.435171956436362, 56.77928828097448,  46.11306998067537, 0.38377772225274764, 323.6533422140862, 49.315295145769426,  352704.2322484095,      0.0,  352704.2322484095,   1.0
  -0.0737529397119495, 0.07374941294853433,14.435171956436362, 56.77928828097448,  45.11306998067537, 0.02000057999999999, 323.6533422140862, 49.315295145769426, 328855.42552254366,      0.0, 328855.42552254366,   1.0
  -0.0737529397119495, 0.07374941294853433,14.435171956436362, 56.77928828097448,  45.11306998067537, 0.38377772225274764, 324.6533422140862, 49.315295145769426,  352912.8240656528,      0.0,  352912.8240656528,   1.0
  -0.0737529397119495, 0.07374941294853433,14.435171956436362, 56.77928828097448,  45.11306998067537, 0.38377772225274764, 323.6533422140862, 50.315295145769426,  352725.9806689968,      0.0,  352725.9806689968,   1.0
 -0.07365710688640201, 0.07365357862913052,14.434984669291147, 56.77917737478524,  45.11363592860588, 0.38368613568731186,323.65260523808024, 49.315467300712506,  352756.5219748352,      0.0,  352756.5219748352,   1.0
   0.2999993999999999, 0.07365357862913052,14.434984669291147, 56.77917737478524,  45.11363592860588, 0.38368613568731186,323.65260523808024, 49.315467300712506, 257397.22507490165,      0.0, 257397.22507490165,   1.0
 -0.07365710688640201,-0.29999939999999997,14.434984669291147, 56.77917737478524,  45.11363592860588, 0.38368613568731186,323.65260523808024, 49.315467300712506,  279590.2134759433,      0.0,  279590.2134759433,   1.0
 -0.07365710688640201, 0.07365357862913052,15.434984669291147, 56.77917737478524,  45.11363592860588, 0.38368613568731186,323.65260523808024, 49.315467300712506, 352986.15738857177,      0.0, 352986.15738857177,   1.0
 -0.07365710688640201, 0.07365357862913052,14.434984669291147, 57.77917737478524,  45.11363592860588, 0.38368613568731186,323.65260523808024, 49.315467300712506,  352731.2633664985,      0.0,  352731.2633664985,   1.0
 -0.07365710688640201, 0.07365357862913052,14.434984669291147, 56.77917737478524,  46.11363592860588, 0.38368613568731186,323.65260523808024, 49.315467300712506, 352725.45239845006,      0.0, 352725.45239845006,   1.0
 -0.07365710688640201, 0.07365357862913052,14.434984669291147, 56.77917737478524,  45.11363592860588, 0.02000057999999999,323.65260523808024, 49.315467300712506,  328800.0653864147,      0.0,  328800.0653864147,   1.0
 -0.07365710688640201, 0.07365357862913052,14.434984669291147, 56.77917737478524,  45.11363592860588, 0.38368613568731186,324.65260523808024, 49.315467300712506, 352924.10376121156,      0.0, 352924.10376121156,   1.0
 -0.07365710688640201, 0.07365357862913052,14.434984669291147, 56.77917737478524,  45.11363592860588, 0.38368613568731186,323.65260523808024, 50.315467300712506, 352738.43572899065,      0.0, 352738.43572899065,   1.0
  -0.0736454719030381, 0.07364194346439878,14.434961930915163, 56.77916390975737,  45.11370463987176,   0.383675016238844,323.65251576243844,  49.31548820190046,  352785.6917185927,      0.0,  352785.6917185927,   1.0
  0.29999939999999997, 0.07364194346439878,14.434961930915163, 56.77916390975737,  45.11370463987176,   0.383675016238844,323.65251576243844,  49.31548820190046,  257398.0349094803,      0.0,  257398.0349094803,   1.0
  -0.0736454719030381,-0.29999939999999997,14.434961930915163, 56.77916390975737,  45.11370463987176,   0.383675016238844,323.65251576243844,  49.31548820190046,  279600.0107636738,      0.0,  279600.0107636738,   1.0
  -0.0736454719030381, 0.07364194346439878,15.434961930915163, 56.77916390975737,  45.11370463987176,   0.383675016238844,323.65251576243844,  49.31548820190046,  353014.2620615773,      0.0,  353014.2620615773,   1.0
  -0.0736454719030381, 0.07364194346439878,14.434961930915163, 57.77916390975737,  45.11370463987176,   0.383675016238844,323.65251576243844,  49.31548820190046,  352742.8131366888,      0.0,  352742.8131366888,   1.0
  -0.0736454719030381, 0.07364194346439878,14.434961930915163, 56.77916390975737,  46.11370463987176,   0.383675016238844,323.65251576243844,  49.31548820190046, 352726.12217397214,      0.0, 352726.12217397214,   1.0
  -0.0736454719030381, 0.07364194346439878,14.434961930915163, 56.77916390975737,  45.11370463987176, 0.02000057999999999,323.65251576243844,  49.31548820190046,  328730.5457207588,      0.0,  328730.5457207588,   1.0
  -0.0736454719030381, 0.07364194346439878,14.434961930915163, 56.77916390975737,  45.11370463987176,   0.383675016238844,324.65251576243844,  49.31548820190046, 352952.35365355667,      0.0, 352952.35365355667,   1.0
  -0.0736454719030381, 0.07364194346439878,14.434961930915163, 56.77916390975737,  45.11370463987176,   0.383675016238844,323.65251576243844,  50.31548820190046,  352766.8913062849,      0.0,  352766.8913062849,   1.0
 -0.07364518697380731, 0.07364165853072646,14.434961374074833, 56.77916358001216,  45.11370632254268, 0.38367474393455275, 323.6525135712685,  49.31548871374987,  352785.6917185927,      0.0,  352785.6917185927,   1.0
            0.2999994, 0.07364165853072646,14.434961374074833, 56.77916358001216,  45.11370632254268, 0.38367474393455275, 323.6525135712685,  49.31548871374987,  257398.0349094803,      0.0,  257398.0349094803,   1.0
 -0.07364518697380731,-0.29999939999999997,14.434961374074833, 56.77916358001216,  45.11370632254268, 0.38367474393455275, 323.6525135712685,  49.31548871374987,  279600.0107636738,      0.0,  279600.0107636738,   1.0
 -0.07364518697380731, 0.07364165853072646,15.434961374074833, 56.77916358001216,  45.11370632254268, 0.38367474393455275, 323.6525135712685,  49.31548871374987,  353014.2620615773,      0.0,  353014.2620615773,   1.0
 -0.07364518697380731, 0.07364165853072646,14.434961374074833, 57.77916358001216,  45.11370632254268, 0.38367474393455275, 323.6525135712685,  49.31548871374987,  352742.8131366888,      0.0,  352742.8131366888,   1.0
 -0.07364518697380731, 0.07364165853072646,14.434961374074833, 56.77916358001216,  46.11370632254268, 0.38367474393455275, 323.6525135712685,  49.31548871374987, 352726.12217397214,      0.0, 352726.12217397214,   1.0
 -0.07364518697380731, 0.07364165853072646,14.434961374074833, 56.77916358001216,  45.11370632254268, 0.02000057999999999, 323.6525135712685,  49.31548871374987,  328730.5457207588,      0.0,  328730.5457207588,   1.0
 -0.07364518697380731, 0.07364165853072646,14.434961374074833, 56.77916358001216,  45.11370632254268, 0.38367474393455275, 324.6525135712685,  49.31548871374987,  352952.2950797008,      0.0,  352952.2950797008,   1.0
 -0.07364518697380731, 0.07364165853072646,14.434961374074833, 56.77916358001216,  45.11370632254268, 0.38367474393455275, 323.6525135712685,  50.31548871374987,  352766.8913062849,      0.0,  352766.8913062849,   1.0
 -0.07364512684338549, 0.07364159839936733,14.434961256561287,56.779163510423935,  45.11370667764739, 0.38367468646845193,  323.652513108852, 49.315488821768696,  352785.6917185927,      0.0,  352785.6917185927,   1.0
  0.29999939999999997, 0.07364159839936733,14.434961256561287,56.779163510423935,  45.11370667764739, 0.38367468646845193,  323.652513108852, 49.315488821768696,  257398.0349094803,      0.0,  257398.0349094803,   1.0
 -0.07364512684338549,-0.29999939999999997,14.434961256561287,56.779163510423935,  45.11370667764739, 0.38367468646845193,  323.652513108852, 49.315488821768696,  279600.0107636738,      0.0,  279600.0107636738,   1.0
 -0.07364512684338549, 0.07364159839936733,15.434961256561287,56.779163510423935,  45.11370667764739, 0.38367468646845193,  323.652513108852, 49.315488821768696,  353014.2620615773,      0.0,  353014.2620615773,   1.0
 -0.07364512684338549, 0.07364159839936733,14.434961256561287,57.779163510423935,  45.11370667764739, 0.38367468646845193,  323.652513108852, 49.315488821768696,  352742.8131366888,      0.0,  352742.8131366888,   1.0
 -0.07364512684338549, 0.07364159839936733,14.434961256561287,56.779163510423935,  46.11370667764739, 0.38367468646845193,  323.652513108852, 49.315488821768696, 352726.12217397214,      0.0, 352726.12217397214,   1.0
 -0.07364512684338549, 0.07364159839936733,14.434961256561287,56.779163510423935,  45.11370667764739, 0.02000057999999999,  323.652513108852, 49.315488821768696,  328730.5457207588,      0.0,  328730.5457207588,   1.0
 -0.07364512684338549, 0.07364159839936733,14.434961256561287,56.779163510423935,  45.11370667764739, 0.38367468646845193,  324.652513108852, 49.315488821768696,  352952.2950797008,      0.0,  352952.2950797008,   1.0
 -0.07364512684338549, 0.07364159839936733,14.434961256561287,56.779163510423935,  45.11370667764739, 0.38367468646845193,  323.652513108852, 50.315488821768696,  352766.8913062849,      0.0,  352766.8913062849,   1.0
 -0.07364511415368045, 0.07364158570946448,14.434961231761658,56.779163495738295,   45.1137067525874,  0.3836746743410155,323.65251301126534,   49.3154888445646,  352785.6917185927,      0.0,  352785.6917185927,   1.0
  0.29999939999999997, 0.07364158570946448,14.434961231761658,56.779163495738295,   45.1137067525874,  0.3836746743410155,323.65251301126534,   49.3154888445646,  257398.0349094803,      0.0,  257398.0349094803,   1.0
 -0.07364511415368045,-0.29999939999999997,14.434961231761658,56.779163495738295,   45.1137067525874,  0.3836746743410155,323.65251301126534,   49.3154888445646,  279600.0107636738,      0.0,  279600.0107636738,   1.0
 -0.07364511415368045, 0.07364158570946448,15.434961231761658,56.779163495738295,   45.1137067525874,  0.3836746743410155,323.65251301126534,   49.3154888445646,  353014.2620615773,      0.0,  353014.2620615773,   1.0
 -0.07364511415368045, 0.07364158570946448,14.434961231761658,57.779163495738295,   45.1137067525874,  0.3836746743410155,323.65251301126534,   49.3154888445646,  352742.8131366888,      0.0,  352742.8131366888,   1.0
 -0.07364511415368045, 0.07364158570946448,14.434961231761658,56.779163495738295,   46.1137067525874,  0.3836746743410155,323.65251301126534,   49.3154888445646, 352726.12217397214,      0.0, 352726.12217397214,   1.0
 -0.07364511415368045, 0.07364158570946448,14.434961231761658,56.779163495738295,   45.1137067525874, 0.02000057999999999,323.65251301126534,   49.3154888445646,  328730.5457207588,      0.0,  328730.5457207588,   1.0
 -0.07364511415368045, 0.07364158570946448,14.434961231761658,56.779163495738295,   45.1137067525874,  0.3836746743410155,324.65251301126534,   49.3154888445646,  352952.2950797008,      0.0,  352952.2950797008,   1.0
 -0.07364511415368045, 0.07364158570946448,14.434961231761658,56.779163495738295,   45.1137067525874,  0.3836746743410155,323.65251301126534,   50.3154888445646,  352766.8913062849,      0.0,  352766.8913062849,   1.0
 -0.07364511147569155, 0.07364158303143384,14.434961226528035,56.779163492639086,  45.11370676840246,  0.3836746717816857,  323.652512990671,  49.31548884937536,  352785.6917185927,      0.0,  352785.6917185927,   1.0
            0.2999994, 0.07364158303143384,14.434961226528035,56.779163492639086,  45.11370676840246,  0.3836746717816857,  323.652512990671,  49.31548884937536,  257398.0349094803,      0.0,  257398.0349094803,   1.0
 -0.07364511147569155, -0.2999993999999999,14.434961226528035,56.779163492639086,  45.11370676840246,  0.3836746717816857,  323.652512990671,  49.31548884937536,  279600.0107636738,      0.0,  279600.0107636738,   1.0
 -0.07364511147569155, 0.07364158303143384,15.434961226528035,56.779163492639086,  45.11370676840246,  0.3836746717816857,  323.652512990671,  49.31548884937536,  353014.2620615773,      0.0,  353014.2620615773,   1.0
 -0.07364511147569155, 0.07364158303143384,14.434961226528035,57.779163492639086,  45.11370676840246,  0.3836746717816857,  323.652512990671,  49.31548884937536,  352742.8131366888,      0.0,  352742.8131366888,   1.0
 -0.07364511147569155, 0.07364158303143384,14.434961226528035,56.779163492639086,  46.11370676840246,  0.3836746717816857,  323.652512990671,  49.31548884937536, 352726.12217397214,      0.0, 352726.12217397214,   1.0
 -0.07364511147569155, 0.07364158303143384,14.434961226528035,56.779163492639086,  45.11370676840246, 0.02000057999999999,  323.652512990671,  49.31548884937536,  328730.5457207588,      0.0,  328730.5457207588,   1.0
 -0.07364511147569155, 0.07364158303143384,14.434961226528035,56.779163492639086,  45.11370676840246,  0.3836746717816857,  324.652512990671,  49.31548884937536,  352952.2950797008,      0.0,  352952.2950797008,   1.0
 -0.07364511147569155, 0.07364158303143384,14.434961226528035,56.779163492639086,  45.11370676840246,  0.3836746717816857,  323.652512990671,  50.31548884937536,  352766.8913062849,      0.0,  352766.8913062849,   1.0
 -0.07364511091053859, 0.07364158246627206, 14.43496122542355,56.779163491985045,  45.11370677174001,  0.3836746712415741,323.65251298632484,  49.31548885039061,  352785.6917185927,      0.0,  352785.6917185927,   1.0
  0.29999939999999997, 0.07364158246627206, 14.43496122542355,56.779163491985045,  45.11370677174001,  0.3836746712415741,323.65251298632484,  49.31548885039061,  257398.0349094803,      0.0,  257398.0349094803,   1.0
 -0.07364511091053859,-0.29999939999999997, 14.43496122542355,56.779163491985045,  45.11370677174001,  0.3836746712415741,323.65251298632484,  49.31548885039061,  279600.0107636738,      0.0,  279600.0107636738,   1.0
 -0.07364511091053859, 0.07364158246627206, 15.43496122542355,56.779163491985045,  45.11370677174001,  0.3836746712415741,323.65251298632484,  49.31548885039061,  353014.2620615773,      0.0,  353014.2620615773,   1.0
 -0.07364511091053859, 0.07364158246627206, 14.43496122542355,57.779163491985045,  45.11370677174001,  0.3836746712415741,323.65251298632484,  49.31548885039061,  352742.8131366888,      0.0,  352742.8131366888,   1.0
 -0.07364511091053859, 0.07364158246627206, 14.43496122542355,56.779163491985045,  46.11370677174001,  0.3836746712415741,323.65251298632484,  49.31548885039061, 352726.12217397214,      0.0, 352726.12217397214,   1.0
 -0.07364511091053859, 0.07364158246627206, 14.43496122542355,56.779163491985045,  45.11370677174001, 0.02000057999999999,323.65251298632484,  49.31548885039061,  328730.5457207588,      0.0,  328730.5457207588,   1.0
 -0.07364511091053859, 0.07364158246627206, 14.43496122542355,56.779163491985045,  45.11370677174001,  0.3836746712415741,324.65251298632484,  49.31548885039061,  352952.2950797008,      0.0,  352952.2950797008,   1.0
 -0.07364511091053859, 0.07364158246627206, 14.43496122542355,56.779163491985045,  45.11370677174001,  0.3836746712415741,323.65251298632484,  50.31548885039061,  352766.8913062849,      0.0,  352766.8913062849,   1.0
  -0.0736451107912708, 0.07364158234700241,14.434961225190463,56.779163491847015,  45.11370677244436, 0.38367467112759096,323.65251298540767,  49.31548885060486,  352785.6917185927,      0.0,  352785.6917185927,   1.0
  0.29999939999999997, 0.07364158234700241,14.434961225190463,56.779163491847015,  45.11370677244436, 0.38367467112759096,323.65251298540767,  49.31548885060486,  257398.0349094803,      0.0,  257398.0349094803,   1.0
  -0.0736451107912708,-0.29999939999999997,14.434961225190463,56.779163491847015,  45.11370677244436, 0.38367467112759096,323.65251298540767,  49.31548885060486,  279600.0107636738,      0.0,  279600.0107636738,   1.0
  -0.0736451107912708, 0.07364158234700241,15.434961225190463,56.779163491847015,  45.11370677244436, 0.38367467112759096,323.65251298540767,  49.31548885060486,  353014.2620615773,      0.0,  353014.2620615773,   1.0
  -0.0736451107912708, 0.07364158234700241,14.434961225190463,57.779163491847015,  45.11370677244436, 0.38367467112759096,323.65251298540767,  49.31548885060486,  352742.8131366888,      0.0,  352742.8131366888,   1.0
  -0.0736451107912708, 0.07364158234700241,14.434961225190463,56.779163491847015,  46.11370677244436, 0.38367467112759096,323.65251298540767,  49.31548885060486, 352726.12217397214,      0.0, 352726.12217397214,   1.0
  -0.0736451107912708, 0.07364158234700241,14.434961225190463,56.779163491847015,  45.11370677244436, 0.02000057999999999,323.65251298540767,  49.31548885060486,  328730.5457207588,      0.0,  328730.5457207588,   1.0
  -0.0736451107912708, 0.07364158234700241,14.434961225190463,56.779163491847015,  45.11370677244436, 0.38367467112759096,324.65251298540767,  49.31548885060486,  352952.2950797008,      0.0,  352952.2950797008,   1.0
  -0.0736451107912708, 0.07364158234700241,14.434961225190463,56.779163491847015,  45.11370677244436, 0.38367467112759096,323.65251298540767,  50.31548885060486,  352766.8913062849,      0.0,  352766.8913062849,   1.0
 -0.07364511076610096, 0.07364158232183217,14.434961225141274, 56.77916349181789,    45.113706772593, 0.38367467110353637, 323.6525129852141,  49.31548885065008,  352785.6917185927,      0.0,  352785.6917185927,   1.0
  0.29999939999999997, 0.07364158232183217,14.434961225141274, 56.77916349181789,    45.113706772593, 0.38367467110353637, 323.6525129852141,  49.31548885065008,  257398.0349094803,      0.0,  257398.0349094803,   1.0
 -0.07364511076610096,-0.29999939999999997,14.434961225141274, 56.77916349181789,    45.113706772593, 0.38367467110353637, 323.6525129852141,  49.31548885065008,  279600.0107636738,      0.0,  279600.0107636738,   1.0
 -0.07364511076610096, 0.07364158232183217,15.434961225141274, 56.77916349181789,    45.113706772593, 0.38367467110353637, 323.6525129852141,  49.31548885065008,  353014.2620615773,      0.0,  353014.2620615773,   1.0
 -0.07364511076610096, 0.07364158232183217,14.434961225141274, 57.77916349181789,    45.113706772593, 0.38367467110353637, 323.6525129852141,  49.31548885065008,  352742.8131366888,      0.0,  352742.8131366888,   1.0
 -0.07364511076610096, 0.07364158232183217,14.434961225141274, 56.77916349181789,    46.113706772593, 0.38367467110353637, 323.6525129852141,  49.31548885065008, 352726.12217397214,      0.0, 352726.12217397214,   1.0
 -0.07364511076610096, 0.07364158232183217,14.434961225141274, 56.77916349181789,    45.113706772593, 0.02000057999999999, 323.6525129852141,  49.31548885065008,  328730.5457207588,      0.0,  328730.5457207588,   1.0
 -0.07364511076610096, 0.07364158232183217,14.434961225141274, 56.77916349181789,    45.113706772593, 0.38367467110353637, 324.6525129852141,  49.31548885065008,  352952.2950797008,      0.0,  352952.2950797008,   1.0
 -0.07364511076610096, 0.07364158232183217,14.434961225141274, 56.77916349181789,    45.113706772593, 0.38367467110353637, 323.6525129852141,  50.31548885065008,  352766.8913062849,      0.0,  352766.8913062849,   1.0
  -0.0736451107607892, 0.07364158231652033,14.434961225130893, 56.77916349181174,  45.11370677262437,    0.38367467109846,323.65251298517325,  49.31548885065962,  352785.6917185927,      0.0,  352785.6917185927,   1.0
            0.2999994, 0.07364158231652033,14.434961225130893, 56.77916349181174,  45.11370677262437,    0.38367467109846,323.65251298517325,  49.31548885065962,  257398.0349094803,      0.0,  257398.0349094803,   1.0
  -0.0736451107607892,-0.29999939999999997,14.434961225130893, 56.77916349181174,  45.11370677262437,    0.38367467109846,323.65251298517325,  49.31548885065962,  279600.0107636738,      0.0,  279600.0107636738,   1.0
  -0.0736451107607892, 0.07364158231652033,15.434961225130893, 56.77916349181174,  45.11370677262437,    0.38367467109846,323.65251298517325,  49.31548885065962,  353014.2620615773,      0.0,  353014.2620615773,   1.0
  -0.0736451107607892, 0.07364158231652033,14.434961225130893, 57.77916349181174,  45.11370677262437,    0.38367467109846,323.65251298517325,  49.31548885065962,  352742.8131366888,      0.0,  352742.8131366888,   1.0
  -0.0736451107607892, 0.07364158231652033,14.434961225130893, 56.77916349181174,  46.11370677262437,    0.38367467109846,323.65251298517325,  49.31548885065962, 352726.12217397214,      0.0, 352726.12217397214,   1.0
  -0.0736451107607892, 0.07364158231652033,14.434961225130893, 56.77916349181174,  45.11370677262437, 0.02000057999999999,323.65251298517325,  49.31548885065962,  328730.5457207588,      0.0,  328730.5457207588,   1.0
  -0.0736451107607892, 0.07364158231652033,14.434961225130893, 56.77916349181174,  45.11370677262437,    0.38367467109846,324.65251298517325,  49.31548885065962,  352952.2950797008,      0.0,  352952.2950797008,   1.0
  -0.0736451107607892, 0.07364158231652033,14.434961225130893, 56.77916349181174,  45.11370677262437,    0.38367467109846,323.65251298517325,  50.31548885065962,  352766.8913062849,      0.0,  352766.8913062849,   1.0
 -0.07364511075966822, 0.07364158231539933,14.434961225128703, 56.77916349181044,  45.11370677263099,  0.3836746710973887,323.65251298516466,  49.31548885066163,  352785.6917185927,      0.0,  352785.6917185927,   1.0
  0.29999939999999997, 0.07364158231539933,14.434961225128703, 56.77916349181044,  45.11370677263099,  0.3836746710973887,323.65251298516466,  49.31548885066163,  257398.0349094803,      0.0,  257398.0349094803,   1.0
 -0.07364511075966822,          -0.2999994,14.434961225128703, 56.77916349181044,  45.11370677263099,  0.3836746710973887,323.65251298516466,  49.31548885066163,  279600.0107636738,      0.0,  279600.0107636738,   1.0
 -0.07364511075966822, 0.07364158231539933,15.434961225128703, 56.77916349181044,  45.11370677263099,  0.3836746710973887,323.65251298516466,  49.31548885066163,  353014.2620615773,      0.0,  353014.2620615773,   1.0
 -0.07364511075966822, 0.07364158231539933,14.434961225128703, 57.77916349181044,  45.11370677263099,  0.3836746710973887,323.65251298516466,  49.31548885066163,  352742.8131366888,      0.0,  352742.8131366888,   1.0
 -0.07364511075966822, 0.07364158231539933,14.434961225128703, 56.77916349181044,  46.11370677263099,  0.3836746710973887,323.65251298516466,  49.31548885066163, 352726.12217397214,      0.0, 352726.12217397214,   1.0
 -0.07364511075966822, 0.07364158231539933,14.434961225128703, 56.77916349181044,  45.11370677263099, 0.02000057999999999,323.65251298516466,  49.31548885066163,  328730.5457207588,      0.0,  328730.5457207588,   1.0
 -0.07364511075966822, 0.07364158231539933,14.434961225128703, 56.77916349181044,  45.11370677263099,  0.3836746710973887,324.65251298516466,  49.31548885066163,  352952.2950797008,      0.0,  352952.2950797008,   1.0
 -0.07364511075966822, 0.07364158231539933,14.434961225128703, 56.77916349181044,  45.11370677263099,  0.3836746710973887,323.65251298516466,  50.31548885066163,  352766.8913062849,      0.0,  352766.8913062849,   1.0
 -0.07364511075943166, 0.07364158231516277, 14.43496122512824,56.779163491810166,  45.11370677263238,  0.3836746710971626,323.65251298516284,  49.31548885066206,  352785.6917185927,      0.0,  352785.6917185927,   1.0
  0.29999939999999997, 0.07364158231516277, 14.43496122512824,56.779163491810166,  45.11370677263238,  0.3836746710971626,323.65251298516284,  49.31548885066206,  257398.0349094803,      0.0,  257398.0349094803,   1.0
 -0.07364511075943166,-0.29999939999999997, 14.43496122512824,56.779163491810166,  45.11370677263238,  0.3836746710971626,323.65251298516284,  49.31548885066206,  279600.0107636738,      0.0,  279600.0107636738,   1.0
 -0.07364511075943166, 0.07364158231516277, 15.43496122512824,56.779163491810166,  45.11370677263238,  0.3836746710971626,323.65251298516284,  49.31548885066206,  353014.2620615773,      0.0,  353014.2620615773,   1.0
 -0.07364511075943166, 0.07364158231516277, 14.43496122512824,57.779163491810166,  45.11370677263238,  0.3836746710971626,323.65251298516284,  49.31548885066206,  352742.8131366888,      0.0,  352742.8131366888,   1.0
 -0.07364511075943166, 0.07364158231516277, 14.43496122512824,56.779163491810166,  46.11370677263238,  0.3836746710971626,323.65251298516284,  49.31548885066206, 352726.12217397214,      0.0, 352726.12217397214,   1.0
 -0.07364511075943166, 0.07364158231516277, 14.43496122512824,56.779163491810166,  45.11370677263238, 0.02000057999999999,323.65251298516284,  49.31548885066206,  328730.5457207588,      0.0,  328730.5457207588,   1.0
 -0.07364511075943166, 0.07364158231516277, 14.43496122512824,56.779163491810166,  45.11370677263238,  0.3836746710971626,324.65251298516284,  49.31548885066206,  352952.2950797008,      0.0,  352952.2950797008,   1.0
 -0.07364511075943166, 0.07364158231516277, 14.43496122512824,56.779163491810166,  45.11370677263238,  0.3836746710971626,323.65251298516284,  50.31548885066206,  352766.8913062849,      0.0,  352766.8913062849,   1.0
 -0.07364511075938172, 0.07364158231511284,14.434961225128143, 56.77916349181011,  45.11370677263268,  0.3836746710971149,323.65251298516245,  49.31548885066215,  352785.6917185927,      0.0,  352785.6917185927,   1.0
  0.29999939999999997, 0.07364158231511284,14.434961225128143, 56.77916349181011,  45.11370677263268,  0.3836746710971149,323.65251298516245,  49.31548885066215,  257398.0349094803,      0.0,  257398.0349094803,   1.0
 -0.07364511075938172, -0.2999993999999999,14.434961225128143, 56.77916349181011,  45.11370677263268,  0.3836746710971149,323.65251298516245,  49.31548885066215,  279600.0107636738,      0.0,  279600.0107636738,   1.0
 -0.07364511075938172, 0.07364158231511284,15.434961225128143, 56.77916349181011,  45.11370677263268,  0.3836746710971149,323.65251298516245,  49.31548885066215,  353014.2620615773,      0.0,  353014.2620615773,   1.0
 -0.07364511075938172, 0.07364158231511284,14.434961225128143, 57.77916349181011,  45.11370677263268,  0.3836746710971149,323.65251298516245,  49.31548885066215,  352742.8131366888,      0.0,  352742.8131366888,   1.0
 -0.07364511075938172, 0.07364158231511284,14.434961225128143, 56.77916349181011,  46.11370677263268,  0.3836746710971149,323.65251298516245,  49.31548885066215, 352726.12217397214,      0.0, 352726.12217397214,   1.0
 -0.07364511075938172, 0.07364158231511284,14.434961225128143, 56.77916349181011,  45.11370677263268, 0.02000057999999999,323.65251298516245,  49.31548885066215,  328730.5457207588,      0.0,  328730.5457207588,   1.0
 -0.07364511075938172, 0.07364158231511284,14.434961225128143, 56.77916349181011,  45.11370677263268,  0.3836746710971149,324.65251298516245,  49.31548885066215,  352952.2950797008,      0.0,  352952.2950797008,   1.0
 -0.07364511075938172, 0.07364158231511284,14.434961225128143, 56.77916349181011,  45.11370677263268,  0.3836746710971149,323.65251298516245,  50.31548885066215,  352766.8913062849,      0.0,  352766.8913062849,   1.0
 -0.07364511075941467,  0.0736415823151458,14.434961225128207, 56.77916349181015,  45.11370677263249, 0.38367467109714637, 323.6525129851627, 49.315488850662085,  352785.6917185927,      0.0,  352785.6917185927,   1.0
  0.29999939999999997,  0.0736415823151458,14.434961225128207, 56.77916349181015,  45.11370677263249, 0.38367467109714637, 323.6525129851627, 49.315488850662085,  257398.0349094803,      0.0,  257398.0349094803,   1.0
 -0.07364511075941467,-0.29999939999999997,14.434961225128207, 56.77916349181015,  45.11370677263249, 0.38367467109714637, 323.6525129851627, 49.315488850662085,  279600.0107636738,      0.0,  279600.0107636738,   1.0
 -0.07364511075941467,  0.0736415823151458,15.434961225128207, 56.77916349181015,  45.11370677263249, 0.38367467109714637, 323.6525129851627, 49.315488850662085,  353014.2620615773,      0.0,  353014.2620615773,   1.0
 -0.07364511075941467,  0.0736415823151458,14.434961225128207, 57.77916349181015,  45.11370677263249, 0.38367467109714637, 323.6525129851627, 49.315488850662085,  352742.8131366888,      0.0,  352742.8131366888,   1.0
 -0.07364511075941467,  0.0736415823151458,14.434961225128207, 56.77916349181015,  46.11370677263249, 0.38367467109714637, 323.6525129851627, 49.315488850662085, 352726.12217397214,      0.0, 352726.12217397214,   1.0
 -0.07364511075941467,  0.0736415823151458,14.434961225128207, 56.77916349181015,  45.11370677263249, 0.02000057999999999, 323.6525129851627, 49.315488850662085,  328730.5457207588,      0.0,  328730.5457207588,   1.0
 -0.07364511075941467,  0.0736415823151458,14.434961225128207, 56.77916349181015,  45.11370677263249, 0.38367467109714637, 324.6525129851627, 49.315488850662085,  352952.2950797008,      0.0,  352952.2950797008,   1.0
 -0.07364511075941467,  0.0736415823151458,14.434961225128207, 56.77916349181015,  45.11370677263249, 0.38367467109714637, 323.6525129851627, 50.315488850662085,  352766.8913062849,      0.0,  352766.8913062849,   1.0
 -0.07364511075942588,   0.073641582315157,14.434961225128228, 56.77916349181016,  45.11370677263242,  0.3836746710971571, 323.6525129851628, 49.315488850662064,  352785.6917185927,      0.0,  352785.6917185927,   1.0
  0.29999939999999997,   0.073641582315157,14.434961225128228, 56.77916349181016,  45.11370677263242,  0.3836746710971571, 323.6525129851628, 49.315488850662064,  257398.0349094803,      0.0,  257398.0349094803,   1.0
 -0.07364511075942588,-0.29999939999999997,14.434961225128228, 56.77916349181016,  45.11370677263242,  0.3836746710971571, 323.6525129851628, 49.315488850662064,  279600.0107636738,      0.0,  279600.0107636738,   1.0
 -0.07364511075942588,   0.073641582315157,15.434961225128228, 56.77916349181016,  45.11370677263242,  0.3836746710971571, 323.6525129851628, 49.315488850662064,  353014.2620615773,      0.0,  353014.2620615773,   1.0
 -0.07364511075942588,   0.073641582315157,14.434961225128228, 57.77916349181016,  45.11370677263242,  0.3836746710971571, 323.6525129851628, 49.315488850662064,  352742.8131366888,      0.0,  352742.8131366888,   1.0
 -0.07364511075942588,   0.073641582315157,14.434961225128228, 56.77916349181016,  46.11370677263242,  0.3836746710971571, 323.6525129851628, 49.315488850662064, 352726.12217397214,      0.0, 352726.12217397214,   1.0
 -0.07364511075942588,   0.073641582315157,14.434961225128228, 56.77916349181016,  45.11370677263242, 0.02000057999999999, 323.6525129851628, 49.315488850662064,  328730.5457207588,      0.0,  328730.5457207588,   1.0
 -0.07364511075942588,   0.073641582315157,14.434961225128228, 56.77916349181016,  45.11370677263242,  0.3836746710971571, 324.6525129851628, 49.315488850662064,  352952.2950797008,      0.0,  352952.2950797008,   1.0
 -0.07364511075942588,   0.073641582315157,14.434961225128228, 56.77916349181016,  45.11370677263242,  0.3836746710971571, 323.6525129851628, 50.315488850662064,  352766.8913062849,      0.0,  352766.8913062849,   1.0
 -0.29999939999999997, 0.29999939999999997,          59.99988,          20.00006, -74.02538254770468,          0.59999942,         499.99955, 11.714664209987587, 127192.11778411071,      0.0, 127192.11778411071,   1.0
  0.29999939999999997, 0.29999939999999997,          59.99988,          20.00006, -74.02538254770468,          0.59999942,         499.99955, 11.714664209987587, 128742.63834399538,      0.0, 128742.63834399538,   1.0
 -0.29999939999999997,-0.29999939999999997,          59.99988,          20.00006, -74.02538254770468,          0.59999942,         499.99955, 11.714664209987587, 139527.07290810667,      0.0, 139527.07290810667,   1.0
 -0.29999939999999997, 0.29999939999999997,          58.99988,          20.00006, -74.02538254770468,          0.59999942,         499.99955, 11.714664209987587, 127497.07595457748,      0.0, 127497.07595457748,   1.0
 -0.29999939999999997, 0.29999939999999997,          59.99988,          21.00006, -74.02538254770468,          0.59999942,         499.99955, 11.714664209987587, 129121.37209373515,      0.0, 129121.37209373515,   1.0
 -0.29999939999999997, 0.29999939999999997,          59.99988,          20.00006, -73.02538254770468,          0.59999942,         499.99955, 11.714664209987587, 126955.40132796403,      0.0, 126955.40132796403,   1.0
 -0.29999939999999997, 0.29999939999999997,          59.99988,          20.00006, -74.02538254770468,0.020000580000000046,         499.99955, 11.714664209987587,  120197.5972715742,      0.0,  120197.5972715742,   1.0
 -0.29999939999999997, 0.29999939999999997,          59.99988,          20.00006, -74.02538254770468,          0.59999942,         498.99955, 11.714664209987587, 127146.28925073938,      0.0, 127146.28925073938,   1.0
 -0.29999939999999997, 0.29999939999999997,          59.99988,          20.00006, -74.02538254770468,          0.59999942,         499.99955, 12.714664209987587, 130587.18516914698,      0.0, 130587.18516914698,   1.0
 -0.09839436485001564, 0.09839122220079419, 19.41696424421021,52.757788943977474,  32.08720922487583,  0.4073273095986934,342.93404567382834,  45.20426848823009, 345970.11713937623,      0.0, 345970.11713937623,   1.0
  0.29999939999999997, 0.09839122220079419, 19.41696424421021,52.757788943977474,  32.08720922487583,  0.4073273095986934,342.93404567382834,  45.20426848823009, 263238.57810702454,      0.0, 263238.57810702454,   1.0
 -0.09839436485001564, -0.2999993999999999, 19.41696424421021,52.757788943977474,  32.08720922487583,  0.4073273095986934,342.93404567382834,  45.20426848823009, 254194.16217628802,      0.0, 254194.16217628802,   1.0
 -0.09839436485001564, 0.09839122220079419, 20.41696424421021,52.757788943977474,  32.08720922487583,  0.4073273095986934,342.93404567382834,  45.20426848823009,  346450.8772858144,      0.0,  346450.8772858144,   1.0
 -0.09839436485001564, 0.09839122220079419, 19.41696424421021,53.757788943977474,  32.08720922487583,  0.4073273095986934,342.93404567382834,  45.20426848823009, 346208.57889205276,      0.0, 346208.57889205276,   1.0
 -0.09839436485001564, 0.09839122220079419, 19.41696424421021,52.757788943977474,  33.08720922487583,  0.4073273095986934,342.93404567382834,  45.20426848823009,  346994.2453109603,      0.0,  346994.2453109603,   1.0
 -0.09839436485001564, 0.09839122220079419, 19.41696424421021,52.757788943977474,  32.08720922487583, 0.02000057999999999,342.93404567382834,  45.20426848823009,  315662.1601713632,      0.0,  315662.1601713632,   1.0
 -0.09839436485001564, 0.09839122220079419, 19.41696424421021,52.757788943977474,  32.08720922487583,  0.4073273095986934,343.93404567382834,  45.20426848823009, 346080.19455813436,      0.0, 346080.19455813436,   1.0
 -0.09839436485001564, 0.09839122220079419, 19.41696424421021,52.757788943977474,  32.08720922487583,  0.4073273095986934,342.93404567382834,  46.20426848823009,  346201.4499763492,      0.0,  346201.4499763492,   1.0
 -0.07818590586877375, 0.07818244820709322,15.349019275574156,56.041353866800584, 42.723709234085185,  0.3880142679527967,327.19013432170277,   48.5611950344912, 351975.86697146465,      0.0, 351975.86697146465,   1.0
            0.2999994, 0.07818244820709322,15.349019275574156,56.041353866800584, 42.723709234085185,  0.3880142679527967,327.19013432170277,   48.5611950344912, 257763.11413494492,      0.0, 257763.11413494492,   1.0
 -0.07818590586877375,          -0.2999994,15.349019275574156,56.041353866800584, 42.723709234085185,  0.3880142679527967,327.19013432170277,   48.5611950344912, 274520.55920637504,      0.0, 274520.55920637504,   1.0
 -0.07818590586877375, 0.07818244820709322,16.349019275574157,56.041353866800584, 42.723709234085185,  0.3880142679527967,327.19013432170277,   48.5611950344912,  352304.9279327723,      0.0,  352304.9279327723,   1.0
 -0.07818590586877375, 0.07818244820709322,15.349019275574156,57.041353866800584, 42.723709234085185,  0.3880142679527967,327.19013432170277,   48.5611950344912,  352168.4343210684,      0.0,  352168.4343210684,   1.0
 -0.07818590586877375, 0.07818244820709322,15.349019275574156,56.041353866800584, 43.723709234085185,  0.3880142679527967,327.19013432170277,   48.5611950344912,  352175.5691129905,      0.0,  352175.5691129905,   1.0
 -0.07818590586877375, 0.07818244820709322,15.349019275574156,56.041353866800584, 42.723709234085185, 0.02000057999999999,327.19013432170277,   48.5611950344912, 328866.80535179464,      0.0, 328866.80535179464,   1.0
 -0.07818590586877375, 0.07818244820709322,15.349019275574156,56.041353866800584, 42.723709234085185,  0.3880142679527967,328.19013432170277,   48.5611950344912, 352101.71317223983,      0.0, 352101.71317223983,   1.0
 -0.07818590586877375, 0.07818244820709322,15.349019275574156,56.041353866800584, 42.723709234085185,  0.3880142679527967,327.19013432170277,   49.5611950344912,  351960.6905326424,      0.0,  351960.6905326424,   1.0
 -0.07442861911628738,  0.0744251028854631, 14.59268076630498, 56.65185538979667,  44.70131577075972, 0.38442346295407304,324.26292499759893, 49.185336422661585,  352666.1386102999,      0.0,  352666.1386102999,   1.0
  0.29999939999999997,  0.0744251028854631, 14.59268076630498, 56.65185538979667,  44.70131577075972, 0.38442346295407304,324.26292499759893, 49.185336422661585, 257407.96209618822,      0.0, 257407.96209618822,   1.0
 -0.07442861911628738,-0.29999939999999997, 14.59268076630498, 56.65185538979667,  44.70131577075972, 0.38442346295407304,324.26292499759893, 49.185336422661585,   278830.725938404,      0.0,   278830.725938404,   1.0
 -0.07442861911628738,  0.0744251028854631, 15.59268076630498, 56.65185538979667,  44.70131577075972, 0.38442346295407304,324.26292499759893, 49.185336422661585,  352913.3592629019,      0.0,  352913.3592629019,   1.0
 -0.07442861911628738,  0.0744251028854631, 14.59268076630498, 57.65185538979667,  44.70131577075972, 0.38442346295407304,324.26292499759893, 49.185336422661585,  352652.4416039602,      0.0,  352652.4416039602,   1.0
 -0.07442861911628738,  0.0744251028854631, 14.59268076630498, 56.65185538979667,  45.70131577075972, 0.38442346295407304,324.26292499759893, 49.185336422661585,  352743.6888850021,      0.0,  352743.6888850021,   1.0
 -0.07442861911628738,  0.0744251028854631, 14.59268076630498, 56.65185538979667,  44.70131577075972, 0.02000057999999999,324.26292499759893, 49.185336422661585,  328783.0339976568,      0.0,  328783.0339976568,   1.0
 -0.07442861911628738,  0.0744251028854631, 14.59268076630498, 56.65185538979667,  44.70131577075972, 0.38442346295407304,325.26292499759893, 49.185336422661585,  352808.0581708856,      0.0,  352808.0581708856,   1.0
 -0.07442861911628738,  0.0744251028854631, 14.59268076630498, 56.65185538979667,  44.70131577075972, 0.38442346295407304,324.26292499759893, 50.185336422661585, 352651.78164534445,      0.0, 352651.78164534445,   1.0
 -0.07377984540601135, 0.07377631906200614, 14.46208319065854, 56.75727117631902,  45.04279067400352, 0.38380343578144427,323.75748142114134,  49.29310741561872,  352720.0239086068,      0.0,  352720.0239086068,   1.0
  0.29999939999999997, 0.07377631906200614, 14.46208319065854, 56.75727117631902,  45.04279067400352, 0.38380343578144427,323.75748142114134,  49.29310741561872,  257414.3241251721,      0.0,  257414.3241251721,   1.0
 -0.07377984540601135,-0.29999939999999997, 14.46208319065854, 56.75727117631902,  45.04279067400352, 0.38380343578144427,323.75748142114134,  49.29310741561872,  279485.7293888289,      0.0,  279485.7293888289,   1.0
 -0.07377984540601135, 0.07377631906200614, 15.46208319065854, 56.75727117631902,  45.04279067400352, 0.38380343578144427,323.75748142114134,  49.29310741561872,  352955.4758919174,      0.0,  352955.4758919174,   1.0
 -0.07377984540601135, 0.07377631906200614, 14.46208319065854, 57.75727117631902,  45.04279067400352, 0.38380343578144427,323.75748142114134,  49.29310741561872,  352701.1022390746,      0.0,  352701.1022390746,   1.0
 -0.07377984540601135, 0.07377631906200614, 14.46208319065854, 56.75727117631902,  46.04279067400352, 0.38380343578144427,323.75748142114134,  49.29310741561872,  352699.5115675943,      0.0,  352699.5115675943,   1.0
 -0.07377984540601135, 0.07377631906200614, 14.46208319065854, 56.75727117631902,  45.04279067400352, 0.02000057999999999,323.75748142114134,  49.29310741561872, 328763.96832942544,      0.0, 328763.96832942544,   1.0
 -0.07377984540601135, 0.07377631906200614, 14.46208319065854, 56.75727117631902,  45.04279067400352, 0.38380343578144427,324.75748142114134,  49.29310741561872,  352886.1258117306,      0.0,  352886.1258117306,   1.0
 -0.07377984540601135, 0.07377631906200614, 14.46208319065854, 56.75727117631902,  45.04279067400352, 0.38380343578144427,323.75748142114134,  50.29310741561872, 352705.35589279555,      0.0, 352705.35589279555,   1.0
 -0.07366041152843872, 0.07365688332268049,14.438041256446372, 56.77667735129546,  45.10565338120353, 0.38368929390384576,323.66443343649837,  49.31294716463267, 352769.31264289183,      0.0, 352769.31264289183,   1.0
  0.29999939999999997, 0.07365688332268049,14.438041256446372, 56.77667735129546,  45.10565338120353, 0.38368929390384576,323.66443343649837,  49.31294716463267, 257402.27802856144,      0.0, 257402.27802856144,   1.0
 -0.07366041152843872,-0.29999939999999997,14.438041256446372, 56.77667735129546,  45.10565338120353, 0.38368929390384576,323.66443343649837,  49.31294716463267,  279580.2625449974,      0.0,  279580.2625449974,   1.0
 -0.07366041152843872, 0.07365688332268049,15.438041256446372, 56.77667735129546,  45.10565338120353, 0.38368929390384576,323.66443343649837,  49.31294716463267,  352997.3902110689,      0.0,  352997.3902110689,   1.0
 -0.07366041152843872, 0.07365688332268049,14.438041256446372, 57.77667735129546,  45.10565338120353, 0.38368929390384576,323.66443343649837,  49.31294716463267,    352729.49874316,      0.0,    352729.49874316,   1.0
 -0.07366041152843872, 0.07365688332268049,14.438041256446372, 56.77667735129546,  46.10565338120353, 0.38368929390384576,323.66443343649837,  49.31294716463267,  352714.9918505845,      0.0,  352714.9918505845,   1.0
 -0.07366041152843872, 0.07365688332268049,14.438041256446372, 56.77667735129546,  45.10565338120353, 0.02000057999999999,323.66443343649837,  49.31294716463267,  328748.6744917612,      0.0,  328748.6744917612,   1.0
 -0.07366041152843872, 0.07365688332268049,14.438041256446372, 56.77667735129546,  45.10565338120353, 0.38368929390384576,324.66443343649837,  49.31294716463267,  352937.1569485618,      0.0,  352937.1569485618,   1.0
 -0.07366041152843872, 0.07365688332268049,14.438041256446372, 56.77667735129546,  45.10565338120353, 0.38368929390384576,323.66443343649837,  50.31294716463267, 352755.34526033467,      0.0, 352755.34526033467,   1.0
 -0.07364622832063686, 0.07364269989378867,14.435186189225746, 56.77898190522877,  45.11311855655684, 0.38367573914030817,323.65338364954886, 49.315303207061504,  352785.7038101192,      0.0,  352785.7038101192,   1.0
            0.2999994, 0.07364269989378867,14.435186189225746, 56.77898190522877,  45.11311855655684, 0.38367573914030817,323.65338364954886, 49.315303207061504, 257397.63527453516,      0.0, 257397.63527453516,   1.0
 -0.07364622832063686,-0.29999939999999997,14.435186189225746, 56.77898190522877,  45.11311855655684, 0.38367573914030817,323.65338364954886, 49.315303207061504,  279600.3915791233,      0.0,  279600.3915791233,   1.0
 -0.07364622832063686, 0.07364269989378867,15.435186189225746, 56.77898190522877,  45.11311855655684, 0.38367573914030817,323.65338364954886, 49.315303207061504,  353014.2950437248,      0.0,  353014.2950437248,   1.0
 -0.07364622832063686, 0.07364269989378867,14.435186189225746, 57.77898190522877,  45.11311855655684, 0.38367573914030817,323.65338364954886, 49.315303207061504,  352742.8225029839,      0.0,  352742.8225029839,   1.0
 -0.07364622832063686, 0.07364269989378867,14.435186189225746, 56.77898190522877,  46.11311855655684, 0.38367573914030817,323.65338364954886, 49.315303207061504, 352726.10724351835,      0.0, 352726.10724351835,   1.0
 -0.07364622832063686, 0.07364269989378867,14.435186189225746, 56.77898190522877,  45.11311855655684, 0.02000057999999999,323.65338364954886, 49.315303207061504, 328731.21645003115,      0.0, 328731.21645003115,   1.0
 -0.07364622832063686, 0.07364269989378867,14.435186189225746, 56.77898190522877,  45.11311855655684, 0.38367573914030817,324.65338364954886, 49.315303207061504,  352952.3708812953,      0.0,  352952.3708812953,   1.0
 -0.07364622832063686, 0.07364269989378867,14.435186189225746, 56.77898190522877,  45.11311855655684, 0.38367573914030817,323.65338364954886, 50.315303207061504, 352771.01002980024,      0.0, 352771.01002980024,   1.0
 -0.07365558923778608, 0.07365206095685727,14.437070533591358,56.777460899632786, 45.108191540823654,   0.383684685284243, 323.6606765089355, 49.313748219058475,  352770.0227760578,      0.0,  352770.0227760578,   1.0
  0.29999939999999997, 0.07365206095685727,14.437070533591358,56.777460899632786, 45.108191540823654,   0.383684685284243, 323.6606765089355, 49.313748219058475, 257402.68044512707,      0.0, 257402.68044512707,   1.0
 -0.07365558923778608,-0.29999939999999997,14.437070533591358,56.777460899632786, 45.108191540823654,   0.383684685284243, 323.6606765089355, 49.313748219058475, 279591.52102502686,      0.0, 279591.52102502686,   1.0
 -0.07365558923778608, 0.07365206095685727,15.437070533591358,56.777460899632786, 45.108191540823654,   0.383684685284243, 323.6606765089355, 49.313748219058475, 352998.02813317266,      0.0, 352998.02813317266,   1.0
 -0.07365558923778608, 0.07365206095685727,14.437070533591358,57.777460899632786, 45.108191540823654,   0.383684685284243, 323.6606765089355, 49.313748219058475, 352728.34031420643,      0.0, 352728.34031420643,   1.0
 -0.07365558923778608, 0.07365206095685727,14.437070533591358,56.777460899632786, 46.108191540823654,   0.383684685284243, 323.6606765089355, 49.313748219058475, 352720.11538972065,      0.0, 352720.11538972065,   1.0
 -0.07365558923778608, 0.07365206095685727,14.437070533591358,56.777460899632786, 45.108191540823654, 0.02000057999999999, 323.6606765089355, 49.313748219058475, 328749.63633166655,      0.0, 328749.63633166655,   1.0
 -0.07365558923778608, 0.07365206095685727,14.437070533591358,56.777460899632786, 45.108191540823654,   0.383684685284243, 324.6606765089355, 49.313748219058475, 352937.87745019497,      0.0, 352937.87745019497,   1.0
 -0.07365558923778608, 0.07365206095685727,14.437070533591358,56.777460899632786, 45.108191540823654,   0.383684685284243, 323.6606765089355, 50.313748219058475, 352755.88582963665,      0.0, 352755.88582963665,   1.0
 -0.07364672943637637, 0.07364320101733966,14.435287063382116, 56.77890048159988,  45.11285479980167,  0.3836762180520924,323.65377405644665,  49.31521996426054,  352786.1791570467,      0.0,  352786.1791570467,   1.0
   0.2999993999999999, 0.07364320101733966,14.435287063382116, 56.77890048159988,  45.11285479980167,  0.3836762180520924,323.65377405644665,  49.31521996426054, 257397.71306032466,      0.0, 257397.71306032466,   1.0
 -0.07364672943637637,-0.29999939999999997,14.435287063382116, 56.77890048159988,  45.11285479980167,  0.3836762180520924,323.65377405644665,  49.31521996426054,  279600.2201063924,      0.0,  279600.2201063924,   1.0
 -0.07364672943637637, 0.07364320101733966,15.435287063382116, 56.77890048159988,  45.11285479980167,  0.3836762180520924,323.65377405644665,  49.31521996426054, 353014.83583751856,      0.0, 353014.83583751856,   1.0
 -0.07364672943637637, 0.07364320101733966,14.435287063382116, 57.77890048159988,  45.11285479980167,  0.3836762180520924,323.65377405644665,  49.31521996426054, 352742.82060347224,      0.0, 352742.82060347224,   1.0
 -0.07364672943637637, 0.07364320101733966,14.435287063382116, 56.77890048159988,  46.11285479980167,  0.3836762180520924,323.65377405644665,  49.31521996426054,  352726.0858669812,      0.0,  352726.0858669812,   1.0
 -0.07364672943637637, 0.07364320101733966,14.435287063382116, 56.77890048159988,  45.11285479980167, 0.02000057999999999,323.65377405644665,  49.31521996426054, 328730.57807051885,      0.0, 328730.57807051885,   1.0
 -0.07364672943637637, 0.07364320101733966,14.435287063382116, 56.77890048159988,  45.11285479980167,  0.3836762180520924,324.65377405644665,  49.31521996426054, 352952.89054285025,      0.0, 352952.89054285025,   1.0
 -0.07364672943637637, 0.07364320101733966,14.435287063382116, 56.77890048159988,  45.11285479980167,  0.3836762180520924,323.65377405644665,  50.31521996426054,  352770.5662435855,      0.0,  352770.5662435855,   1.0
 -0.07364717489415769, 0.07364364648206484,14.435376733640592, 56.77882810153633, 45.112620338000326, 0.38367664377206884,323.65412110160366,  49.31514596707685,  352777.2863061429,      0.0,  352777.2863061429,   1.0
  0.29999939999999997, 0.07364364648206484,14.435376733640592, 56.77882810153633, 45.112620338000326, 0.38367664377206884,323.65412110160366,  49.31514596707685,  257397.2897673206,      0.0,  257397.2897673206,   1.0
 -0.07364717489415769,-0.29999939999999997,14.435376733640592, 56.77882810153633, 45.112620338000326, 0.38367664377206884,323.65412110160366,  49.31514596707685,  279600.2355931207,      0.0,  279600.2355931207,   1.0
 -0.07364717489415769, 0.07364364648206484,15.435376733640592, 56.77882810153633, 45.112620338000326, 0.38367664377206884,323.65412110160366,  49.31514596707685, 353004.85276384884,      0.0, 353004.85276384884,   1.0
 -0.07364717489415769, 0.07364364648206484,14.435376733640592, 57.77882810153633, 45.112620338000326, 0.38367664377206884,323.65412110160366,  49.31514596707685,  352744.2924995449,      0.0,  352744.2924995449,   1.0
 -0.07364717489415769, 0.07364364648206484,14.435376733640592, 56.77882810153633, 46.112620338000326, 0.38367664377206884,323.65412110160366,  49.31514596707685,  352726.0858669812,      0.0,  352726.0858669812,   1.0
 -0.07364717489415769, 0.07364364648206484,14.435376733640592, 56.77882810153633, 45.112620338000326, 0.02000057999999999,323.65412110160366,  49.31514596707685,  328742.5630492593,      0.0,  328742.5630492593,   1.0
 -0.07364717489415769, 0.07364364648206484,14.435376733640592, 56.77882810153633, 45.112620338000326, 0.38367664377206884,324.65412110160366,  49.31514596707685, 352943.82016548386,      0.0, 352943.82016548386,   1.0
 -0.07364717489415769, 0.07364364648206484,14.435376733640592, 56.77882810153633, 45.112620338000326, 0.38367664377206884,323.65412110160366,  50.31514596707685,  352761.9232606523,      0.0,  352761.9232606523,   1.0
 -0.07364673207677273, 0.07364320365777718,14.435287594891575, 56.77890005257593, 45.112853410058094, 0.38367622057549533,323.65377611351425, 49.315219525651315,  352786.1791570467,      0.0,  352786.1791570467,   1.0
  0.29999939999999997, 0.07364320365777718,14.435287594891575, 56.77890005257593, 45.112853410058094, 0.38367622057549533,323.65377611351425, 49.315219525651315, 257397.71306032466,      0.0, 257397.71306032466,   1.0
 -0.07364673207677273, -0.2999993999999999,14.435287594891575, 56.77890005257593, 45.112853410058094, 0.38367622057549533,323.65377611351425, 49.315219525651315,  279600.2201063924,      0.0,  279600.2201063924,   1.0
 -0.07364673207677273, 0.07364320365777718,15.435287594891575, 56.77890005257593, 45.112853410058094, 0.38367622057549533,323.65377611351425, 49.315219525651315, 353014.83583751856,      0.0, 353014.83583751856,   1.0
 -0.07364673207677273, 0.07364320365777718,14.435287594891575, 57.77890005257593, 45.112853410058094, 0.38367622057549533,323.65377611351425, 49.315219525651315, 352742.82060347224,      0.0, 352742.82060347224,   1.0
 -0.07364673207677273, 0.07364320365777718,14.435287594891575, 56.77890005257593, 46.112853410058094, 0.38367622057549533,323.65377611351425, 49.315219525651315,  352726.0858669812,      0.0,  352726.0858669812,   1.0
 -0.07364673207677273, 0.07364320365777718,14.435287594891575, 56.77890005257593, 45.112853410058094, 0.02000057999999999,323.65377611351425, 49.315219525651315, 328730.57807051885,      0.0, 328730.57807051885,   1.0
 -0.07364673207677273, 0.07364320365777718,14.435287594891575, 56.77890005257593, 45.112853410058094, 0.38367622057549533,324.65377611351425, 49.315219525651315, 352952.89054285025,      0.0, 352952.89054285025,   1.0
 -0.07364673207677273, 0.07364320365777718,14.435287594891575, 56.77890005257593, 45.112853410058094, 0.38367622057549533,323.65377611351425, 50.315219525651315,  352770.5662435855,      0.0,  352770.5662435855,   1.0
  -0.0736470243362468, 0.07364349592180704,14.435346426465925,56.778852564889796,  45.11269958249997, 0.38367649988523383,323.65400380565325,  49.31517097699217, 352777.22671068774,      0.0, 352777.22671068774,   1.0
  0.29999939999999997, 0.07364349592180704,14.435346426465925,56.778852564889796,  45.11269958249997, 0.38367649988523383,323.65400380565325,  49.31517097699217, 257397.30475112796,      0.0, 257397.30475112796,   1.0
  -0.0736470243362468,-0.29999939999999997,14.435346426465925,56.778852564889796,  45.11269958249997, 0.38367649988523383,323.65400380565325,  49.31517097699217, 279600.22523812024,      0.0, 279600.22523812024,   1.0
  -0.0736470243362468, 0.07364349592180704,15.435346426465925,56.778852564889796,  45.11269958249997, 0.38367649988523383,323.65400380565325,  49.31517097699217,   353004.797861651,      0.0,   353004.797861651,   1.0
  -0.0736470243362468, 0.07364349592180704,14.435346426465925,57.778852564889796,  45.11269958249997, 0.38367649988523383,323.65400380565325,  49.31517097699217, 352742.82060347224,      0.0, 352742.82060347224,   1.0
  -0.0736470243362468, 0.07364349592180704,14.435346426465925,56.778852564889796,  46.11269958249997, 0.38367649988523383,323.65400380565325,  49.31517097699217,  352726.0858669812,      0.0,  352726.0858669812,   1.0
  -0.0736470243362468, 0.07364349592180704,14.435346426465925,56.778852564889796,  45.11269958249997, 0.02000057999999999,323.65400380565325,  49.31517097699217, 328742.66791493946,      0.0, 328742.66791493946,   1.0
  -0.0736470243362468, 0.07364349592180704,14.435346426465925,56.778852564889796,  45.11269958249997, 0.38367649988523383,324.65400380565325,  49.31517097699217, 352943.75736373273,      0.0, 352943.75736373273,   1.0
  -0.0736470243362468, 0.07364349592180704,14.435346426465925,56.778852564889796,  45.11269958249997, 0.38367649988523383,323.65400380565325,  50.31517097699217,  352761.8762410976,      0.0,  352761.8762410976,   1.0
 -0.07364673321747385, 0.07364320479849608,14.435287824513704, 56.77889986722948,  45.11285280966261, 0.38367622166565307, 323.6537770022063, 49.315219336163835,  352786.1791570467,      0.0,  352786.1791570467,   1.0
  0.29999939999999997, 0.07364320479849608,14.435287824513704, 56.77889986722948,  45.11285280966261, 0.38367622166565307, 323.6537770022063, 49.315219336163835, 257397.71306032466,      0.0, 257397.71306032466,   1.0
 -0.07364673321747385,-0.29999939999999997,14.435287824513704, 56.77889986722948,  45.11285280966261, 0.38367622166565307, 323.6537770022063, 49.315219336163835,  279600.2201063924,      0.0,  279600.2201063924,   1.0
 -0.07364673321747385, 0.07364320479849608,15.435287824513704, 56.77889986722948,  45.11285280966261, 0.38367622166565307, 323.6537770022063, 49.315219336163835, 353014.83583751856,      0.0, 353014.83583751856,   1.0
 -0.07364673321747385, 0.07364320479849608,14.435287824513704, 57.77889986722948,  45.11285280966261, 0.38367622166565307, 323.6537770022063, 49.315219336163835, 352742.82060347224,      0.0, 352742.82060347224,   1.0
 -0.07364673321747385, 0.07364320479849608,14.435287824513704, 56.77889986722948,  46.11285280966261, 0.38367622166565307, 323.6537770022063, 49.315219336163835,  352726.0858669812,      0.0,  352726.0858669812,   1.0
 -0.07364673321747385, 0.07364320479849608,14.435287824513704, 56.77889986722948,  45.11285280966261, 0.02000057999999999, 323.6537770022063, 49.315219336163835, 328730.57807051885,      0.0, 328730.57807051885,   1.0
 -0.07364673321747385, 0.07364320479849608,14.435287824513704, 56.77889986722948,  45.11285280966261, 0.38367622166565307, 324.6537770022063, 49.315219336163835, 352952.89054285025,      0.0, 352952.89054285025,   1.0
 -0.07364673321747385, 0.07364320479849608,14.435287824513704, 56.77889986722948,  45.11285280966261, 0.38367622166565307, 323.6537770022063, 50.315219336163835,  352770.5662435855,      0.0,  352770.5662435855,   1.0
 -0.07364692535586399, 0.07364339693988131, 14.43532650180217,56.778868647685286,  45.11275167973527,  0.3836764052905764, 323.6539266924813, 49.315187419110536,  352786.1791570467,      0.0,  352786.1791570467,   1.0
  0.29999939999999997, 0.07364339693988131, 14.43532650180217,56.778868647685286,  45.11275167973527,  0.3836764052905764, 323.6539266924813, 49.315187419110536, 257397.71306032466,      0.0, 257397.71306032466,   1.0
 -0.07364692535586399,-0.29999939999999997, 14.43532650180217,56.778868647685286,  45.11275167973527,  0.3836764052905764, 323.6539266924813, 49.315187419110536, 279600.22523812024,      0.0, 279600.22523812024,   1.0
 -0.07364692535586399, 0.07364339693988131, 15.43532650180217,56.778868647685286,  45.11275167973527,  0.3836764052905764, 323.6539266924813, 49.315187419110536, 353014.05600614776,      0.0, 353014.05600614776,   1.0
 -0.07364692535586399, 0.07364339693988131, 14.43532650180217,57.778868647685286,  45.11275167973527,  0.3836764052905764, 323.6539266924813, 49.315187419110536, 352742.82060347224,      0.0, 352742.82060347224,   1.0
 -0.07364692535586399, 0.07364339693988131, 14.43532650180217,56.778868647685286,  46.11275167973527,  0.3836764052905764, 323.6539266924813, 49.315187419110536,  352726.0858669812,      0.0,  352726.0858669812,   1.0
 -0.07364692535586399, 0.07364339693988131, 14.43532650180217,56.778868647685286,  45.11275167973527, 0.02000057999999999, 323.6539266924813, 49.315187419110536,  328730.5244723884,      0.0,  328730.5244723884,   1.0
 -0.07364692535586399, 0.07364339693988131, 14.43532650180217,56.778868647685286,  45.11275167973527,  0.3836764052905764, 324.6539266924813, 49.315187419110536, 352952.89054285025,      0.0, 352952.89054285025,   1.0
 -0.07364692535586399, 0.07364339693988131, 14.43532650180217,56.778868647685286,  45.11275167973527,  0.3836764052905764, 323.6539266924813, 50.315187419110536,  352770.5662435855,      0.0,  352770.5662435855,   1.0
 -0.29999939999999997, 0.29999939999999997,15.445358931381142,55.934416820423635, 42.413150318410345,          0.59999942,327.63070420127514,  48.57162419486368, 317582.95923992805,      0.0, 317582.95923992805,   1.0
  0.29999939999999997, 0.29999939999999997,15.445358931381142,55.934416820423635, 42.413150318410345,          0.59999942,327.63070420127514,  48.57162419486368, 233241.14492492157,      0.0, 233241.14492492157,   1.0
 -0.29999939999999997,-0.29999939999999997,15.445358931381142,55.934416820423635, 42.413150318410345,          0.59999942,327.63070420127514,  48.57162419486368, 248237.94213899138,      0.0, 248237.94213899138,   1.0
 -0.29999939999999997, 0.29999939999999997,16.445358931381143,55.934416820423635, 42.413150318410345,          0.59999942,327.63070420127514,  48.57162419486368, 317835.52882455365,      0.0, 317835.52882455365,   1.0
 -0.29999939999999997, 0.29999939999999997,15.445358931381142,56.934416820423635, 42.413150318410345,          0.59999942,327.63070420127514,  48.57162419486368,  317531.8627456189,      0.0,  317531.8627456189,   1.0
 -0.29999939999999997, 0.29999939999999997,15.445358931381142,55.934416820423635, 43.413150318410345,          0.59999942,327.63070420127514,  48.57162419486368,  317894.7050891601,      0.0,  317894.7050891601,   1.0
 -0.29999939999999997, 0.29999939999999997,15.445358931381142,55.934416820423635, 42.413150318410345,0.020000580000000046,327.63070420127514,  48.57162419486368, 340932.52921500546,      0.0, 340932.52921500546,   1.0
 -0.29999939999999997, 0.29999939999999997,15.445358931381142,55.934416820423635, 42.413150318410345,          0.59999942,328.63070420127514,  48.57162419486368,  317768.6870011046,      0.0,  317768.6870011046,   1.0
 -0.29999939999999997, 0.29999939999999997,15.445358931381142,55.934416820423635, 42.413150318410345,          0.59999942,327.63070420127514,  49.57162419486368,  318490.7400030701,      0.0,  318490.7400030701,   1.0
 -0.11453579045931093, 0.11453289942502849,14.617781232319652, 56.62632480249187,  44.62508908152494, 0.42275352420050094, 324.3723015163446, 49.180868338128924, 346370.10837742855,      0.0, 346370.10837742855,   1.0
  0.29999939999999997, 0.11453289942502849,14.617781232319652, 56.62632480249187,  44.62508908152494, 0.42275352420050094, 324.3723015163446, 49.180868338128924,  250601.9777899957,      0.0,  250601.9777899957,   1.0
 -0.11453579045931093,-0.29999939999999997,14.617781232319652, 56.62632480249187,  44.62508908152494, 0.42275352420050094, 324.3723015163446, 49.180868338128924,  270551.8487497597,      0.0,  270551.8487497597,   1.0
 -0.11453579045931093, 0.11453289942502849,15.617781232319652, 56.62632480249187,  44.62508908152494, 0.42275352420050094, 324.3723015163446, 49.180868338128924, 346476.38186211226,      0.0, 346476.38186211226,   1.0
 -0.11453579045931093, 0.11453289942502849,14.617781232319652, 57.62632480249187,  44.62508908152494, 0.42275352420050094, 324.3723015163446, 49.180868338128924,  346444.5523575966,      0.0,  346444.5523575966,   1.0
 -0.11453579045931093, 0.11453289942502849,14.617781232319652, 56.62632480249187,  45.62508908152494, 0.42275352420050094, 324.3723015163446, 49.180868338128924, 346479.92150465655,      0.0, 346479.92150465655,   1.0
 -0.11453579045931093, 0.11453289942502849,14.617781232319652, 56.62632480249187,  44.62508908152494, 0.02000057999999999, 324.3723015163446, 49.180868338128924,  340431.4850348904,      0.0,  340431.4850348904,   1.0
 -0.11453579045931093, 0.11453289942502849,14.617781232319652, 56.62632480249187,  44.62508908152494, 0.42275352420050094, 325.3723015163446, 49.180868338128924, 346526.91686800105,      0.0, 346526.91686800105,   1.0
 -0.11453579045931093, 0.11453289942502849,14.617781232319652, 56.62632480249187,  44.62508908152494, 0.42275352420050094, 324.3723015163446, 50.180868338128924,  346515.4751982102,      0.0,  346515.4751982102,   1.0
 -0.08012633187360407, 0.08012290445957222, 14.46423897875932,56.754695964430645,  45.03547479251162, 0.38986871555203495, 323.7677631245795,  49.29390270194934, 351442.98636365385,      0.0, 351442.98636365385,   1.0
  0.29999939999999997, 0.08012290445957222, 14.46423897875932,56.754695964430645,  45.03547479251162, 0.38986871555203495, 323.7677631245795,  49.29390270194934, 256512.87662681236,      0.0, 256512.87662681236,   1.0
 -0.08012633187360407,-0.29999939999999997, 14.46423897875932,56.754695964430645,  45.03547479251162, 0.38986871555203495, 323.7677631245795,  49.29390270194934, 278354.22248463955,      0.0, 278354.22248463955,   1.0
 -0.08012633187360407, 0.08012290445957222, 15.46423897875932,56.754695964430645,  45.03547479251162, 0.38986871555203495, 323.7677631245795,  49.29390270194934,  351658.0139109439,      0.0,  351658.0139109439,   1.0
 -0.08012633187360407, 0.08012290445957222, 14.46423897875932,57.754695964430645,  45.03547479251162, 0.38986871555203495, 323.7677631245795,  49.29390270194934, 351561.28462584346,      0.0, 351561.28462584346,   1.0
 -0.08012633187360407, 0.08012290445957222, 14.46423897875932,56.754695964430645,  46.03547479251162, 0.38986871555203495, 323.7677631245795,  49.29390270194934,   351575.520769587,      0.0,   351575.520769587,   1.0
 -0.08012633187360407, 0.08012290445957222, 14.46423897875932,56.754695964430645,  45.03547479251162, 0.02000057999999999, 323.7677631245795,  49.29390270194934,  331496.3407423918,      0.0,  331496.3407423918,   1.0
 -0.08012633187360407, 0.08012290445957222, 14.46423897875932,56.754695964430645,  45.03547479251162, 0.38986871555203495, 324.7677631245795,  49.29390270194934,  351562.4412852812,      0.0,  351562.4412852812,   1.0
 -0.08012633187360407, 0.08012290445957222, 14.46423897875932,56.754695964430645,  45.03547479251162, 0.38986871555203495, 323.7677631245795,  50.29390270194934,   351430.301925464,      0.0,   351430.301925464,   1.0
 -0.07455370404548484,   0.074550189764503,  14.4393727393545, 56.77548573383565,  45.10193694935174,  0.3845430054906468, 323.6698578507512, 49.312208669763116,   352504.759691607,      0.0,   352504.759691607,   1.0
  0.29999939999999997,   0.074550189764503,  14.4393727393545, 56.77548573383565,  45.10193694935174,  0.3845430054906468, 323.6698578507512, 49.312208669763116, 257275.22424058395,      0.0, 257275.22424058395,   1.0
 -0.07455370404548484,-0.29999939999999997,  14.4393727393545, 56.77548573383565,  45.10193694935174,  0.3845430054906468, 323.6698578507512, 49.312208669763116,  279431.7437640757,      0.0,  279431.7437640757,   1.0
 -0.07455370404548484,   0.074550189764503,  15.4393727393545, 56.77548573383565,  45.10193694935174,  0.3845430054906468, 323.6698578507512, 49.312208669763116,  352706.3359523634,      0.0,  352706.3359523634,   1.0
 -0.07455370404548484,   0.074550189764503,  14.4393727393545, 57.77548573383565,  45.10193694935174,  0.3845430054906468, 323.6698578507512, 49.312208669763116, 352607.34250806604,      0.0, 352607.34250806604,   1.0
 -0.07455370404548484,   0.074550189764503,  14.4393727393545, 56.77548573383565,  46.10193694935174,  0.3845430054906468, 323.6698578507512, 49.312208669763116, 352583.35850224836,      0.0, 352583.35850224836,   1.0
 -0.07455370404548484,   0.074550189764503,  14.4393727393545, 56.77548573383565,  45.10193694935174, 0.02000057999999999, 323.6698578507512, 49.312208669763116, 329306.57090183353,      0.0, 329306.57090183353,   1.0
 -0.07455370404548484,   0.074550189764503,  14.4393727393545, 56.77548573383565,  45.10193694935174,  0.3845430054906468, 324.6698578507512, 49.312208669763116,  352651.8719288055,      0.0,  352651.8719288055,   1.0
 -0.07455370404548484,   0.074550189764503,  14.4393727393545, 56.77548573383565,  45.10193694935174,  0.3845430054906468, 323.6698578507512, 50.312208669763116, 352491.17016802734,      0.0, 352491.17016802734,   1.0
 -0.07375453282208683, 0.07375100608350531,14.435806668987091,56.778467197152786, 45.111468295214024, 0.38377924477371067, 323.6558172437206,  49.31483393079695, 352747.62351338076,      0.0, 352747.62351338076,   1.0
  0.29999939999999997, 0.07375100608350531,14.435806668987091,56.778467197152786, 45.111468295214024, 0.38377924477371067, 323.6558172437206,  49.31483393079695, 257379.53240461252,      0.0, 257379.53240461252,   1.0
 -0.07375453282208683,-0.29999939999999997,14.435806668987091,56.778467197152786, 45.111468295214024, 0.38377924477371067, 323.6558172437206,  49.31483393079695, 279564.85795641586,      0.0, 279564.85795641586,   1.0
 -0.07375453282208683, 0.07375100608350531,15.435806668987091,56.778467197152786, 45.111468295214024, 0.38377924477371067, 323.6558172437206,  49.31483393079695, 352976.39244666084,      0.0, 352976.39244666084,   1.0
 -0.07375453282208683, 0.07375100608350531,14.435806668987091,57.778467197152786, 45.111468295214024, 0.38377924477371067, 323.6558172437206,  49.31483393079695,  352729.8823963631,      0.0,  352729.8823963631,   1.0
 -0.07375453282208683, 0.07375100608350531,14.435806668987091,56.778467197152786, 46.111468295214024, 0.38377924477371067, 323.6558172437206,  49.31483393079695, 352704.14388336526,      0.0, 352704.14388336526,   1.0
 -0.07375453282208683, 0.07375100608350531,14.435806668987091,56.778467197152786, 45.111468295214024, 0.02000057999999999, 323.6558172437206,  49.31483393079695,  328854.9483691405,      0.0,  328854.9483691405,   1.0
 -0.07375453282208683, 0.07375100608350531,14.435806668987091,56.778467197152786, 45.111468295214024, 0.38377924477371067, 324.6558172437206,  49.31483393079695, 352912.89601240784,      0.0, 352912.89601240784,   1.0
 -0.07375453282208683, 0.07375100608350531,14.435806668987091,56.778467197152786, 45.111468295214024, 0.38377924477371067, 323.6558172437206,  50.31483393079695, 352727.04807405017,      0.0, 352727.04807405017,   1.0
  -0.0736588658948234, 0.07365533766497162,14.435379783002627,  56.7788241011878, 45.112609270445155, 0.38368781675576585,323.65413647532927,  49.31514819468561, 352756.59580731415,      0.0, 352756.59580731415,   1.0
  0.29999939999999997, 0.07365533766497162,14.435379783002627,  56.7788241011878, 45.112609270445155, 0.38368781675576585,323.65413647532927,  49.31514819468561, 257398.18714439648,      0.0, 257398.18714439648,   1.0
  -0.0736588658948234,-0.29999939999999997,14.435379783002627,  56.7788241011878, 45.112609270445155, 0.38368781675576585,323.65413647532927,  49.31514819468561,  279590.5991558068,      0.0,  279590.5991558068,   1.0
  -0.0736588658948234, 0.07365533766497162,15.435379783002627,  56.7788241011878, 45.112609270445155, 0.38368781675576585,323.65413647532927,  49.31514819468561,  352985.6590885543,      0.0,  352985.6590885543,   1.0
  -0.0736588658948234, 0.07365533766497162,14.435379783002627,  57.7788241011878, 45.112609270445155, 0.38368781675576585,323.65413647532927,  49.31514819468561, 352729.48950227315,      0.0, 352729.48950227315,   1.0
  -0.0736588658948234, 0.07365533766497162,14.435379783002627,  56.7788241011878, 46.112609270445155, 0.38368781675576585,323.65413647532927,  49.31514819468561,  352719.4703996231,      0.0,  352719.4703996231,   1.0
  -0.0736588658948234, 0.07365533766497162,14.435379783002627,  56.7788241011878, 45.112609270445155, 0.02000057999999999,323.65413647532927,  49.31514819468561,  328800.1540154634,      0.0,  328800.1540154634,   1.0
  -0.0736588658948234, 0.07365533766497162,14.435379783002627,  56.7788241011878, 45.112609270445155, 0.38368781675576585,324.65413647532927,  49.31514819468561,  352923.5162194643,      0.0,  352923.5162194643,   1.0
  -0.0736588658948234, 0.07365533766497162,14.435379783002627,  56.7788241011878, 45.112609270445155, 0.38368781675576585,323.65413647532927,  50.31514819468561,   352738.444484229,      0.0,   352738.444484229,   1.0
 -0.07364728078502239,  0.0736437523745802,14.435328087801956, 56.77886732168785,  45.11274744069595, 0.38367674497101145, 323.6539329370019,  49.31518625153306, 352777.19991286466,      0.0, 352777.19991286466,   1.0
            0.2999994,  0.0736437523745802,14.435328087801956, 56.77886732168785,  45.11274744069595, 0.38367674497101145, 323.6539329370019,  49.31518625153306, 257397.27249459227,      0.0, 257397.27249459227,   1.0
 -0.07364728078502239,-0.29999939999999997,14.435328087801956, 56.77886732168785,  45.11274744069595, 0.38367674497101145, 323.6539329370019,  49.31518625153306,  279600.8281939657,      0.0,  279600.8281939657,   1.0
 -0.07364728078502239,  0.0736437523745802,15.435328087801956, 56.77886732168785,  45.11274744069595, 0.38367674497101145, 323.6539329370019,  49.31518625153306,  353004.7947921335,      0.0,  353004.7947921335,   1.0
 -0.07364728078502239,  0.0736437523745802,14.435328087801956, 57.77886732168785,  45.11274744069595, 0.38367674497101145, 323.6539329370019,  49.31518625153306, 352742.82060347224,      0.0, 352742.82060347224,   1.0
 -0.07364728078502239,  0.0736437523745802,14.435328087801956, 56.77886732168785,  46.11274744069595, 0.38367674497101145, 323.6539329370019,  49.31518625153306,  352726.0557251925,      0.0,  352726.0557251925,   1.0
 -0.07364728078502239,  0.0736437523745802,14.435328087801956, 56.77886732168785,  45.11274744069595, 0.02000057999999999, 323.6539329370019,  49.31518625153306, 328742.66791493946,      0.0, 328742.66791493946,   1.0
 -0.07364728078502239,  0.0736437523745802,14.435328087801956, 56.77886732168785,  45.11274744069595, 0.38367674497101145, 324.6539329370019,  49.31518625153306, 352943.75736373273,      0.0, 352943.75736373273,   1.0
 -0.07364728078502239,  0.0736437523745802,14.435328087801956, 56.77886732168785,  45.11274744069595, 0.38367674497101145, 323.6539329370019,  50.31518625153306,  352761.8603741853,      0.0,  352761.8603741853,   1.0
 -0.07364692655295475, 0.07364339813699074,14.435326507143841,56.778868643219305,  45.11275166545812,  0.3836764064346252,  323.653926713513, 49.315187415178116,  352786.1791570467,      0.0,  352786.1791570467,   1.0
  0.29999939999999997, 0.07364339813699074,14.435326507143841,56.778868643219305,  45.11275166545812,  0.3836764064346252,  323.653926713513, 49.315187415178116, 257397.71306032466,      0.0, 257397.71306032466,   1.0
 -0.07364692655295475,-0.29999939999999997,14.435326507143841,56.778868643219305,  45.11275166545812,  0.3836764064346252,  323.653926713513, 49.315187415178116, 279600.22523812024,      0.0, 279600.22523812024,   1.0
 -0.07364692655295475, 0.07364339813699074,15.435326507143841,56.778868643219305,  45.11275166545812,  0.3836764064346252,  323.653926713513, 49.315187415178116, 353014.05600614776,      0.0, 353014.05600614776,   1.0
 -0.07364692655295475, 0.07364339813699074,14.435326507143841,57.778868643219305,  45.11275166545812,  0.3836764064346252,  323.653926713513, 49.315187415178116, 352742.82060347224,      0.0, 352742.82060347224,   1.0
 -0.07364692655295475, 0.07364339813699074,14.435326507143841,56.778868643219305,  46.11275166545812,  0.3836764064346252,  323.653926713513, 49.315187415178116,  352726.0858669812,      0.0,  352726.0858669812,   1.0
 -0.07364692655295475, 0.07364339813699074,14.435326507143841,56.778868643219305,  45.11275166545812, 0.02000057999999999,  323.653926713513, 49.315187415178116,  328730.5244723884,      0.0,  328730.5244723884,   1.0
 -0.07364692655295475, 0.07364339813699074,14.435326507143841,56.778868643219305,  45.11275166545812,  0.3836764064346252,  324.653926713513, 49.315187415178116, 352952.89054285025,      0.0, 352952.89054285025,   1.0
 -0.07364692655295475, 0.07364339813699074,14.435326507143841,56.778868643219305,  45.11275166545812,  0.3836764064346252,  323.653926713513, 50.315187415178116,  352770.5662435855,      0.0,  352770.5662435855,   1.0
 -0.07364692560849363, 0.07364339719251489,14.435326502929456,  56.7788686467428,  45.11275167672227, 0.38367640553201227,323.65392669691977,  49.31518741828065,  352786.1791570467,      0.0,  352786.1791570467,   1.0
  0.29999939999999997, 0.07364339719251489,14.435326502929456,  56.7788686467428,  45.11275167672227, 0.38367640553201227,323.65392669691977,  49.31518741828065, 257397.71306032466,      0.0, 257397.71306032466,   1.0
 -0.07364692560849363,-0.29999939999999997,14.435326502929456,  56.7788686467428,  45.11275167672227, 0.38367640553201227,323.65392669691977,  49.31518741828065, 279600.22523812024,      0.0, 279600.22523812024,   1.0
 -0.07364692560849363, 0.07364339719251489,15.435326502929456,  56.7788686467428,  45.11275167672227, 0.38367640553201227,323.65392669691977,  49.31518741828065, 353014.05600614776,      0.0, 353014.05600614776,   1.0
 -0.07364692560849363, 0.07364339719251489,14.435326502929456,  57.7788686467428,  45.11275167672227, 0.38367640553201227,323.65392669691977,  49.31518741828065, 352742.82060347224,      0.0, 352742.82060347224,   1.0
 -0.07364692560849363, 0.07364339719251489,14.435326502929456,  56.7788686467428,  46.11275167672227, 0.38367640553201227,323.65392669691977,  49.31518741828065,  352726.0858669812,      0.0,  352726.0858669812,   1.0
 -0.07364692560849363, 0.07364339719251489,14.435326502929456,  56.7788686467428,  45.11275167672227, 0.02000057999999999,323.65392669691977,  49.31518741828065,  328730.5244723884,      0.0,  328730.5244723884,   1.0
 -0.07364692560849363, 0.07364339719251489,14.435326502929456,  56.7788686467428,  45.11275167672227, 0.38367640553201227,324.65392669691977,  49.31518741828065, 352952.89054285025,      0.0, 352952.89054285025,   1.0
 -0.07364692560849363, 0.07364339719251489,14.435326502929456,  56.7788686467428,  45.11275167672227, 0.38367640553201227,323.65392669691977,  50.31518741828065,  352770.5662435855,      0.0,  352770.5662435855,   1.0
 -0.07364692540917801, 0.07364339699319616,14.435326502040068, 56.77886864748639,  45.11275167909942, 0.38367640534152814,  323.653926693418,   49.3151874189354,  352786.1791570467,      0.0,  352786.1791570467,   1.0
  0.29999939999999997, 0.07364339699319616,14.435326502040068, 56.77886864748639,  45.11275167909942, 0.38367640534152814,  323.653926693418,   49.3151874189354, 257397.71306032466,      0.0, 257397.71306032466,   1.0
 -0.07364692540917801,-0.29999939999999997,14.435326502040068, 56.77886864748639,  45.11275167909942, 0.38367640534152814,  323.653926693418,   49.3151874189354, 279600.22523812024,      0.0, 279600.22523812024,   1.0
 -0.07364692540917801, 0.07364339699319616,15.435326502040068, 56.77886864748639,  45.11275167909942, 0.38367640534152814,  323.653926693418,   49.3151874189354, 353014.05600614776,      0.0, 353014.05600614776,   1.0
 -0.07364692540917801, 0.07364339699319616,14.435326502040068, 57.77886864748639,  45.11275167909942, 0.38367640534152814,  323.653926693418,   49.3151874189354, 352742.82060347224,      0.0, 352742.82060347224,   1.0
 -0.07364692540917801, 0.07364339699319616,14.435326502040068, 56.77886864748639,  46.11275167909942, 0.38367640534152814,  323.653926693418,   49.3151874189354,  352726.0858669812,      0.0,  352726.0858669812,   1.0
 -0.07364692540917801, 0.07364339699319616,14.435326502040068, 56.77886864748639,  45.11275167909942, 0.02000057999999999,  323.653926693418,   49.3151874189354,  328730.5244723884,      0.0,  328730.5244723884,   1.0
 -0.07364692540917801, 0.07364339699319616,14.435326502040068, 56.77886864748639,  45.11275167909942, 0.38367640534152814,  324.653926693418,   49.3151874189354, 352952.89054285025,      0.0, 352952.89054285025,   1.0
 -0.07364692540917801, 0.07364339699319616,14.435326502040068, 56.77886864748639,  45.11275167909942, 0.38367640534152814,  323.653926693418,   50.3151874189354,  352770.5662435855,      0.0,  352770.5662435855,   1.0
 -0.07364692536711517, 0.07364339695113267,14.435326501852375,56.778868647643314,  45.11275167960108, 0.38367640530132907,323.65392669267897, 49.315187419073574,  352786.1791570467,      0.0,  352786.1791570467,   1.0
            0.2999994, 0.07364339695113267,14.435326501852375,56.778868647643314,  45.11275167960108, 0.38367640530132907,323.65392669267897, 49.315187419073574, 257397.71306032466,      0.0, 257397.71306032466,   1.0
 -0.07364692536711517,          -0.2999994,14.435326501852375,56.778868647643314,  45.11275167960108, 0.38367640530132907,323.65392669267897, 49.315187419073574, 279600.22523812024,      0.0, 279600.22523812024,   1.0
 -0.07364692536711517, 0.07364339695113267,15.435326501852375,56.778868647643314,  45.11275167960108, 0.38367640530132907,323.65392669267897, 49.315187419073574, 353014.05600614776,      0.0, 353014.05600614776,   1.0
 -0.07364692536711517, 0.07364339695113267,14.435326501852375,57.778868647643314,  45.11275167960108, 0.38367640530132907,323.65392669267897, 49.315187419073574, 352742.82060347224,      0.0, 352742.82060347224,   1.0
 -0.07364692536711517, 0.07364339695113267,14.435326501852375,56.778868647643314,  46.11275167960108, 0.38367640530132907,323.65392669267897, 49.315187419073574,  352726.0858669812,      0.0,  352726.0858669812,   1.0
 -0.07364692536711517, 0.07364339695113267,14.435326501852375,56.778868647643314,  45.11275167960108, 0.02000057999999999,323.65392669267897, 49.315187419073574,  328730.5244723884,      0.0,  328730.5244723884,   1.0
 -0.07364692536711517, 0.07364339695113267,14.435326501852375,56.778868647643314,  45.11275167960108, 0.38367640530132907,324.65392669267897, 49.315187419073574, 352952.89054285025,      0.0, 352952.89054285025,   1.0
 -0.07364692536711517, 0.07364339695113267,14.435326501852375,56.778868647643314,  45.11275167960108, 0.38367640530132907,323.65392669267897, 50.315187419073574,  352770.5662435855,      0.0,  352770.5662435855,   1.0
 -0.07364692535823841, 0.07364339694225577,14.435326501812765,56.778868647676425,  45.11275167970695,  0.3836764052928456,323.65392669252304, 49.315187419102735,  352786.1791570467,      0.0,  352786.1791570467,   1.0
  0.29999939999999997, 0.07364339694225577,14.435326501812765,56.778868647676425,  45.11275167970695,  0.3836764052928456,323.65392669252304, 49.315187419102735, 257397.71306032466,      0.0, 257397.71306032466,   1.0
 -0.07364692535823841,          -0.2999994,14.435326501812765,56.778868647676425,  45.11275167970695,  0.3836764052928456,323.65392669252304, 49.315187419102735, 279600.22523812024,      0.0, 279600.22523812024,   1.0
 -0.07364692535823841, 0.07364339694225577,15.435326501812765,56.778868647676425,  45.11275167970695,  0.3836764052928456,323.65392669252304, 49.315187419102735, 353014.05600614776,      0.0, 353014.05600614776,   1.0
 -0.07364692535823841, 0.07364339694225577,14.435326501812765,57.778868647676425,  45.11275167970695,  0.3836764052928456,323.65392669252304, 49.315187419102735, 352742.82060347224,      0.0, 352742.82060347224,   1.0
 -0.07364692535823841, 0.07364339694225577,14.435326501812765,56.778868647676425,  46.11275167970695,  0.3836764052928456,323.65392669252304, 49.315187419102735,  352726.0858669812,      0.0,  352726.0858669812,   1.0
 -0.07364692535823841, 0.07364339694225577,14.435326501812765,56.778868647676425,  45.11275167970695, 0.02000057999999999,323.65392669252304, 49.315187419102735,  328730.5244723884,      0.0,  328730.5244723884,   1.0
 -0.07364692535823841, 0.07364339694225577,14.435326501812765,56.778868647676425,  45.11275167970695,  0.3836764052928456,324.65392669252304, 49.315187419102735, 352952.89054285025,      0.0, 352952.89054285025,   1.0
 -0.07364692535823841, 0.07364339694225577,14.435326501812765,56.778868647676425,  45.11275167970695,  0.3836764052928456,323.65392669252304, 50.315187419102735,  352770.5662435855,      0.0,  352770.5662435855,   1.0
 -0.07364692535636509, 0.07364339694038241,14.435326501804406, 56.77886864768342,  45.11275167972929,  0.3836764052910553,323.65392669249013,  49.31518741910889,  352786.1791570467,      0.0,  352786.1791570467,   1.0
  0.29999939999999997, 0.07364339694038241,14.435326501804406, 56.77886864768342,  45.11275167972929,  0.3836764052910553,323.65392669249013,  49.31518741910889, 257397.71306032466,      0.0, 257397.71306032466,   1.0
 -0.07364692535636509,-0.29999939999999997,14.435326501804406, 56.77886864768342,  45.11275167972929,  0.3836764052910553,323.65392669249013,  49.31518741910889, 279600.22523812024,      0.0, 279600.22523812024,   1.0
 -0.07364692535636509, 0.07364339694038241,15.435326501804406, 56.77886864768342,  45.11275167972929,  0.3836764052910553,323.65392669249013,  49.31518741910889, 353014.05600614776,      0.0, 353014.05600614776,   1.0
 -0.07364692535636509, 0.07364339694038241,14.435326501804406, 57.77886864768342,  45.11275167972929,  0.3836764052910553,323.65392669249013,  49.31518741910889, 352742.82060347224,      0.0, 352742.82060347224,   1.0
 -0.07364692535636509, 0.07364339694038241,14.435326501804406, 56.77886864768342,  46.11275167972929,  0.3836764052910553,323.65392669249013,  49.31518741910889,  352726.0858669812,      0.0,  352726.0858669812,   1.0
 -0.07364692535636509, 0.07364339694038241,14.435326501804406, 56.77886864768342,  45.11275167972929, 0.02000057999999999,323.65392669249013,  49.31518741910889,  328730.5244723884,      0.0,  328730.5244723884,   1.0
 -0.07364692535636509, 0.07364339694038241,14.435326501804406, 56.77886864768342,  45.11275167972929,  0.3836764052910553,324.65392669249013,  49.31518741910889, 352952.89054285025,      0.0, 352952.89054285025,   1.0
 -0.07364692535636509, 0.07364339694038241,14.435326501804406, 56.77886864768342,  45.11275167972929,  0.3836764052910553,323.65392669249013,  50.31518741910889,  352770.5662435855,      0.0,  352770.5662435855,   1.0
 -0.07364692535596976, 0.07364339693998707,14.435326501802642, 56.77886864768489, 45.112751679734004,  0.3836764052906775, 323.6539266924832,  49.31518741911019,  352786.1791570467,      0.0,  352786.1791570467,   1.0
            0.2999994, 0.07364339693998707,14.435326501802642, 56.77886864768489, 45.112751679734004,  0.3836764052906775, 323.6539266924832,  49.31518741911019, 257397.71306032466,      0.0, 257397.71306032466,   1.0
 -0.07364692535596976,-0.29999939999999997,14.435326501802642, 56.77886864768489, 45.112751679734004,  0.3836764052906775, 323.6539266924832,  49.31518741911019, 279600.22523812024,      0.0, 279600.22523812024,   1.0
 -0.07364692535596976, 0.07364339693998707,15.435326501802642, 56.77886864768489, 45.112751679734004,  0.3836764052906775, 323.6539266924832,  49.31518741911019, 353014.05600614776,      0.0, 353014.05600614776,   1.0
 -0.07364692535596976, 0.07364339693998707,14.435326501802642, 57.77886864768489, 45.112751679734004,  0.3836764052906775, 323.6539266924832,  49.31518741911019, 352742.82060347224,      0.0, 352742.82060347224,   1.0
 -0.07364692535596976, 0.07364339693998707,14.435326501802642, 56.77886864768489, 46.112751679734004,  0.3836764052906775, 323.6539266924832,  49.31518741911019,  352726.0858669812,      0.0,  352726.0858669812,   1.0
 -0.07364692535596976, 0.07364339693998707,14.435326501802642, 56.77886864768489, 45.112751679734004, 0.02000057999999999, 323.6539266924832,  49.31518741911019,  328730.5244723884,      0.0,  328730.5244723884,   1.0
 -0.07364692535596976, 0.07364339693998707,14.435326501802642, 56.77886864768489, 45.112751679734004,  0.3836764052906775, 324.6539266924832,  49.31518741911019, 352952.89054285025,      0.0, 352952.89054285025,   1.0
 -0.07364692535596976, 0.07364339693998707,14.435326501802642, 56.77886864768489, 45.112751679734004,  0.3836764052906775, 323.6539266924832,  50.31518741911019,  352770.5662435855,      0.0,  352770.5662435855,   1.0
 -0.07364692535588631, 0.07364339693990363,14.435326501802269,  56.7788686476852, 45.112751679735005,  0.3836764052905977, 323.6539266924817, 49.315187419110465,  352786.1791570467,      0.0,  352786.1791570467,   1.0
  0.29999939999999997, 0.07364339693990363,14.435326501802269,  56.7788686476852, 45.112751679735005,  0.3836764052905977, 323.6539266924817, 49.315187419110465, 257397.71306032466,      0.0, 257397.71306032466,   1.0
 -0.07364692535588631,-0.29999939999999997,14.435326501802269,  56.7788686476852, 45.112751679735005,  0.3836764052905977, 323.6539266924817, 49.315187419110465, 279600.22523812024,      0.0, 279600.22523812024,   1.0
 -0.07364692535588631, 0.07364339693990363,15.435326501802269,  56.7788686476852, 45.112751679735005,  0.3836764052905977, 323.6539266924817, 49.315187419110465, 353014.05600614776,      0.0, 353014.05600614776,   1.0
 -0.07364692535588631, 0.07364339693990363,14.435326501802269,  57.7788686476852, 45.112751679735005,  0.3836764052905977, 323.6539266924817, 49.315187419110465, 352742.82060347224,      0.0, 352742.82060347224,   1.0
 -0.07364692535588631, 0.07364339693990363,14.435326501802269,  56.7788686476852, 46.112751679735005,  0.3836764052905977, 323.6539266924817, 49.315187419110465,  352726.0858669812,      0.0,  352726.0858669812,   1.0
 -0.07364692535588631, 0.07364339693990363,14.435326501802269,  56.7788686476852, 45.112751679735005, 0.02000057999999999, 323.6539266924817, 49.315187419110465,  328730.5244723884,      0.0,  328730.5244723884,   1.0
 -0.07364692535588631, 0.07364339693990363,14.435326501802269,  56.7788686476852, 45.112751679735005,  0.3836764052905977, 324.6539266924817, 49.315187419110465, 352952.89054285025,      0.0, 352952.89054285025,   1.0
 -0.07364692535588631, 0.07364339693990363,14.435326501802269,  56.7788686476852, 45.112751679735005,  0.3836764052905977, 323.6539266924817, 50.315187419110465,  352770.5662435855,      0.0,  352770.5662435855,   1.0
 -0.07364692535594139, 0.07364339693995871,14.435326501802514,56.778868647684995, 45.112751679734345, 0.38367640529065034, 323.6539266924827,  49.31518741911028,  352786.1791570467,      0.0,  352786.1791570467,   1.0
   0.2999993999999999, 0.07364339693995871,14.435326501802514,56.778868647684995, 45.112751679734345, 0.38367640529065034, 323.6539266924827,  49.31518741911028, 257397.71306032466,      0.0, 257397.71306032466,   1.0
 -0.07364692535594139,-0.29999939999999997,14.435326501802514,56.778868647684995, 45.112751679734345, 0.38367640529065034, 323.6539266924827,  49.31518741911028, 279600.22523812024,      0.0, 279600.22523812024,   1.0
 -0.07364692535594139, 0.07364339693995871,15.435326501802514,56.778868647684995, 45.112751679734345, 0.38367640529065034, 323.6539266924827,  49.31518741911028, 353014.05600614776,      0.0, 353014.05600614776,   1.0
 -0.07364692535594139, 0.07364339693995871,14.435326501802514,57.778868647684995, 45.112751679734345, 0.38367640529065034, 323.6539266924827,  49.31518741911028, 352742.82060347224,      0.0, 352742.82060347224,   1.0
 -0.07364692535594139, 0.07364339693995871,14.435326501802514,56.778868647684995, 46.112751679734345, 0.38367640529065034, 323.6539266924827,  49.31518741911028,  352726.0858669812,      0.0,  352726.0858669812,   1.0
 -0.07364692535594139, 0.07364339693995871,14.435326501802514,56.778868647684995, 45.112751679734345, 0.02000057999999999, 323.6539266924827,  49.31518741911028,  328730.5244723884,      0.0,  328730.5244723884,   1.0
 -0.07364692535594139, 0.07364339693995871,14.435326501802514,56.778868647684995, 45.112751679734345, 0.38367640529065034, 324.6539266924827,  49.31518741911028, 352952.89054285025,      0.0, 352952.89054285025,   1.0
 -0.07364692535594139, 0.07364339693995871,14.435326501802514,56.778868647684995, 45.112751679734345, 0.38367640529065034, 323.6539266924827,  50.31518741911028,  352770.5662435855,      0.0,  352770.5662435855,   1.0
 -0.07364692535589792, 0.07364339693991524, 14.43532650180232, 56.77886864768516,  45.11275167973486,  0.3836764052906088, 323.6539266924819,  49.31518741911042,  352786.1791570467,      0.0,  352786.1791570467,   1.0
            0.2999994, 0.07364339693991524, 14.43532650180232, 56.77886864768516,  45.11275167973486,  0.3836764052906088, 323.6539266924819,  49.31518741911042, 257397.71306032466,      0.0, 257397.71306032466,   1.0
 -0.07364692535589792,-0.29999939999999997, 14.43532650180232, 56.77886864768516,  45.11275167973486,  0.3836764052906088, 323.6539266924819,  49.31518741911042, 279600.22523812024,      0.0, 279600.22523812024,   1.0
 -0.07364692535589792, 0.07364339693991524, 15.43532650180232, 56.77886864768516,  45.11275167973486,  0.3836764052906088, 323.6539266924819,  49.31518741911042, 353014.05600614776,      0.0, 353014.05600614776,   1.0
 -0.07364692535589792, 0.07364339693991524, 14.43532650180232, 57.77886864768516,  45.11275167973486,  0.3836764052906088, 323.6539266924819,  49.31518741911042, 352742.82060347224,      0.0, 352742.82060347224,   1.0
 -0.07364692535589792, 0.07364339693991524, 14.43532650180232, 56.77886864768516,  46.11275167973486,  0.3836764052906088, 323.6539266924819,  49.31518741911042,  352726.0858669812,      0.0,  352726.0858669812,   1.0
 -0.07364692535589792, 0.07364339693991524, 14.43532650180232, 56.77886864768516,  45.11275167973486, 0.02000057999999999, 323.6539266924819,  49.31518741911042,  328730.5244723884,      0.0,  328730.5244723884,   1.0
 -0.07364692535589792, 0.07364339693991524, 14.43532650180232, 56.77886864768516,  45.11275167973486,  0.3836764052906088, 324.6539266924819,  49.31518741911042, 352952.89054285025,      0.0, 352952.89054285025,   1.0
 -0.07364692535589792, 0.07364339693991524, 14.43532650180232, 56.77886864768516,  45.11275167973486,  0.3836764052906088, 323.6539266924819,  50.31518741911042,  352770.5662435855,      0.0,  352770.5662435855,   1.0
 -0.07364692535592661, 0.07364339693994393,14.435326501802448, 56.77886864768505,  45.11275167973452, 0.38367640529063624, 323.6539266924824,  49.31518741911033,  352786.1791570467,      0.0,  352786.1791570467,   1.0
  0.29999939999999997, 0.07364339693994393,14.435326501802448, 56.77886864768505,  45.11275167973452, 0.38367640529063624, 323.6539266924824,  49.31518741911033, 257397.71306032466,      0.0, 257397.71306032466,   1.0
 -0.07364692535592661,-0.29999939999999997,14.435326501802448, 56.77886864768505,  45.11275167973452, 0.38367640529063624, 323.6539266924824,  49.31518741911033, 279600.22523812024,      0.0, 279600.22523812024,   1.0
 -0.07364692535592661, 0.07364339693994393,15.435326501802448, 56.77886864768505,  45.11275167973452, 0.38367640529063624, 323.6539266924824,  49.31518741911033, 353014.05600614776,      0.0, 353014.05600614776,   1.0
 -0.07364692535592661, 0.07364339693994393,14.435326501802448, 57.77886864768505,  45.11275167973452, 0.38367640529063624, 323.6539266924824,  49.31518741911033, 352742.82060347224,      0.0, 352742.82060347224,   1.0
 -0.07364692535592661, 0.07364339693994393,14.435326501802448, 56.77886864768505,  46.11275167973452, 0.38367640529063624, 323.6539266924824,  49.31518741911033,  352726.0858669812,      0.0,  352726.0858669812,   1.0
 -0.07364692535592661, 0.07364339693994393,14.435326501802448, 56.77886864768505,  45.11275167973452, 0.02000057999999999, 323.6539266924824,  49.31518741911033,  328730.5244723884,      0.0,  328730.5244723884,   1.0
 -0.07364692535592661, 0.07364339693994393,14.435326501802448, 56.77886864768505,  45.11275167973452, 0.38367640529063624, 324.6539266924824,  49.31518741911033, 352952.89054285025,      0.0, 352952.89054285025,   1.0
 -0.07364692535592661, 0.07364339693994393,14.435326501802448, 56.77886864768505,  45.11275167973452, 0.38367640529063624, 323.6539266924824,  50.31518741911033,  352770.5662435855,      0.0,  352770.5662435855,   1.0
 -0.07364692535590395, 0.07364339693992127,14.435326501802347, 56.77886864768514,  45.11275167973479,  0.3836764052906146,  323.653926692482,  49.31518741911041,  352786.1791570467,      0.0,  352786.1791570467,   1.0
  0.29999939999999997, 0.07364339693992127,14.435326501802347, 56.77886864768514,  45.11275167973479,  0.3836764052906146,  323.653926692482,  49.31518741911041, 257397.71306032466,      0.0, 257397.71306032466,   1.0
 -0.07364692535590395,-0.29999939999999997,14.435326501802347, 56.77886864768514,  45.11275167973479,  0.3836764052906146,  323.653926692482,  49.31518741911041, 279600.22523812024,      0.0, 279600.22523812024,   1.0
 -0.07364692535590395, 0.07364339693992127,15.435326501802347, 56.77886864768514,  45.11275167973479,  0.3836764052906146,  323.653926692482,  49.31518741911041, 353014.05600614776,      0.0, 353014.05600614776,   1.0
 -0.07364692535590395, 0.07364339693992127,14.435326501802347, 57.77886864768514,  45.11275167973479,  0.3836764052906146,  323.653926692482,  49.31518741911041, 352742.82060347224,      0.0, 352742.82060347224,   1.0
 -0.07364692535590395, 0.07364339693992127,14.435326501802347, 56.77886864768514,  46.11275167973479,  0.3836764052906146,  323.653926692482,  49.31518741911041,  352726.0858669812,      0.0,  352726.0858669812,   1.0
 -0.07364692535590395, 0.07364339693992127,14.435326501802347, 56.77886864768514,  45.11275167973479, 0.02000057999999999,  323.653926692482,  49.31518741911041,  328730.5244723884,      0.0,  328730.5244723884,   1.0
 -0.07364692535590395, 0.07364339693992127,14.435326501802347, 56.77886864768514,  45.11275167973479,  0.3836764052906146,  324.653926692482,  49.31518741911041, 352952.89054285025,      0.0, 352952.89054285025,   1.0
 -0.07364692535590395, 0.07364339693992127,14.435326501802347, 56.77886864768514,  45.11275167973479,  0.3836764052906146,  323.653926692482,  50.31518741911041,  352770.5662435855,      0.0,  352770.5662435855,   1.0
 -0.07364692535591891, 0.07364339693993623,14.435326501802415, 56.77886864768508, 45.112751679734615, 0.38367640529062885, 323.6539266924823,  49.31518741911036,  352786.1791570467,      0.0,  352786.1791570467,   1.0
            0.2999994, 0.07364339693993623,14.435326501802415, 56.77886864768508, 45.112751679734615, 0.38367640529062885, 323.6539266924823,  49.31518741911036, 257397.71306032466,      0.0, 257397.71306032466,   1.0
 -0.07364692535591891,-0.29999939999999997,14.435326501802415, 56.77886864768508, 45.112751679734615, 0.38367640529062885, 323.6539266924823,  49.31518741911036, 279600.22523812024,      0.0, 279600.22523812024,   1.0
 -0.07364692535591891, 0.07364339693993623,15.435326501802415, 56.77886864768508, 45.112751679734615, 0.38367640529062885, 323.6539266924823,  49.31518741911036, 353014.05600614776,      0.0, 353014.05600614776,   1.0
 -0.07364692535591891, 0.07364339693993623,14.435326501802415, 57.77886864768508, 45.112751679734615, 0.38367640529062885, 323.6539266924823,  49.31518741911036, 352742.82060347224,      0.0, 352742.82060347224,   1.0
 -0.07364692535591891, 0.07364339693993623,14.435326501802415, 56.77886864768508, 46.112751679734615, 0.38367640529062885, 323.6539266924823,  49.31518741911036,  352726.0858669812,      0.0,  352726.0858669812,   1.0
 -0.07364692535591891, 0.07364339693993623,14.435326501802415, 56.77886864768508, 45.112751679734615, 0.02000057999999999, 323.6539266924823,  49.31518741911036,  328730.5244723884,      0.0,  328730.5244723884,   1.0
 -0.07364692535591891, 0.07364339693993623,14.435326501802415, 56.77886864768508, 45.112751679734615, 0.38367640529062885, 324.6539266924823,  49.31518741911036, 352952.89054285025,      0.0, 352952.89054285025,   1.0
 -0.07364692535591891, 0.07364339693993623,14.435326501802415, 56.77886864768508, 45.112751679734615, 0.38367640529062885, 323.6539266924823,  50.31518741911036,  352770.5662435855,      0.0,  352770.5662435855,   1.0
 -0.29999939999999997, 0.29999939999999997,          59.99988,          20.00006, -75.07382840304288,          0.59999942,         499.99955, 18.089360509200674,  150362.2655265334,      0.0,  150362.2655265334,   1.0
  0.29999939999999997, 0.29999939999999997,          59.99988,          20.00006, -75.07382840304288,          0.59999942,         499.99955, 18.089360509200674, 148552.46664690273,      0.0, 148552.46664690273,   1.0
 -0.29999939999999997,-0.29999939999999997,          59.99988,          20.00006, -75.07382840304288,          0.59999942,         499.99955, 18.089360509200674, 159965.91629846548,      0.0, 159965.91629846548,   1.0
 -0.29999939999999997, 0.29999939999999997,          58.99988,          20.00006, -75.07382840304288,          0.59999942,         499.99955, 18.089360509200674,  150158.9657948314,      0.0,  150158.9657948314,   1.0
 -0.29999939999999997, 0.29999939999999997,          59.99988,          21.00006, -75.07382840304288,          0.59999942,         499.99955, 18.089360509200674, 151426.60202281582,      0.0, 151426.60202281582,   1.0
 -0.29999939999999997, 0.29999939999999997,          59.99988,          20.00006, -74.07382840304288,          0.59999942,         499.99955, 18.089360509200674, 149663.31582550736,      0.0, 149663.31582550736,   1.0
 -0.29999939999999997, 0.29999939999999997,          59.99988,          20.00006, -75.07382840304288,0.020000580000000046,         499.99955, 18.089360509200674, 139478.80297997335,      0.0, 139478.80297997335,   1.0
 -0.29999939999999997, 0.29999939999999997,          59.99988,          20.00006, -75.07382840304288,          0.59999942,         498.99955, 18.089360509200674, 150430.52189585206,      0.0, 150430.52189585206,   1.0
 -0.29999939999999997, 0.29999939999999997,          59.99988,          20.00006, -75.07382840304288,          0.59999942,         499.99955, 19.089360509200674,  153928.8115861002,      0.0,  153928.8115861002,   1.0
   -0.097318269783892, 0.09731511036034089,19.200347256538112,52.932637902823195, 32.543956320908315,  0.4062988952675323,342.09568658156724,   46.0496728494265,   346562.637015603,      0.0,   346562.637015603,   1.0
  0.29999939999999997, 0.09731511036034089,19.200347256538112,52.932637902823195, 32.543956320908315,  0.4062988952675323,342.09568658156724,   46.0496728494265, 263884.60118390864,      0.0, 263884.60118390864,   1.0
   -0.097318269783892,-0.29999939999999997,19.200347256538112,52.932637902823195, 32.543956320908315,  0.4062988952675323,342.09568658156724,   46.0496728494265, 256278.52038809127,      0.0, 256278.52038809127,   1.0
   -0.097318269783892, 0.09731511036034089,20.200347256538112,52.932637902823195, 32.543956320908315,  0.4062988952675323,342.09568658156724,   46.0496728494265, 347125.54203474283,      0.0, 347125.54203474283,   1.0
   -0.097318269783892, 0.09731511036034089,19.200347256538112,53.932637902823195, 32.543956320908315,  0.4062988952675323,342.09568658156724,   46.0496728494265, 346816.24697563116,      0.0, 346816.24697563116,   1.0
   -0.097318269783892, 0.09731511036034089,19.200347256538112,52.932637902823195, 33.543956320908315,  0.4062988952675323,342.09568658156724,   46.0496728494265, 347459.67730032577,      0.0, 347459.67730032577,   1.0
   -0.097318269783892, 0.09731511036034089,19.200347256538112,52.932637902823195, 32.543956320908315, 0.02000057999999999,342.09568658156724,   46.0496728494265,  316801.4247967432,      0.0,  316801.4247967432,   1.0
   -0.097318269783892, 0.09731511036034089,19.200347256538112,52.932637902823195, 32.543956320908315,  0.4062988952675323,343.09568658156724,   46.0496728494265,  346708.6231042543,      0.0,  346708.6231042543,   1.0
   -0.097318269783892, 0.09731511036034089,19.200347256538112,52.932637902823195, 32.543956320908315,  0.4062988952675323,342.09568658156724,   47.0496728494265,  346852.4600213654,      0.0,  346852.4600213654,   1.0
 -0.07787971881841402,  0.0778762563838443,15.287384092400192, 56.09110457066757,  42.86526147111074, 0.38772164775545653,326.95159155193954,  48.73126415423445, 352107.51594506245,      0.0, 352107.51594506245,   1.0
   0.2999993999999999,  0.0778762563838443,15.287384092400192, 56.09110457066757,  42.86526147111074, 0.38772164775545653,326.95159155193954,  48.73126415423445,  257924.5718535455,      0.0,  257924.5718535455,   1.0
 -0.07787971881841402, -0.2999993999999999,15.287384092400192, 56.09110457066757,  42.86526147111074, 0.38772164775545653,326.95159155193954,  48.73126415423445,  275153.0543666107,      0.0,  275153.0543666107,   1.0
 -0.07787971881841402,  0.0778762563838443,16.287384092400192, 56.09110457066757,  42.86526147111074, 0.38772164775545653,326.95159155193954,  48.73126415423445,  352409.2554620113,      0.0,  352409.2554620113,   1.0
 -0.07787971881841402,  0.0778762563838443,15.287384092400192, 57.09110457066757,  42.86526147111074, 0.38772164775545653,326.95159155193954,  48.73126415423445,  352129.9828484859,      0.0,  352129.9828484859,   1.0
 -0.07787971881841402,  0.0778762563838443,15.287384092400192, 56.09110457066757,  43.86526147111074, 0.38772164775545653,326.95159155193954,  48.73126415423445,  352305.6051578945,      0.0,  352305.6051578945,   1.0
 -0.07787971881841402,  0.0778762563838443,15.287384092400192, 56.09110457066757,  42.86526147111074, 0.02000057999999999,326.95159155193954,  48.73126415423445,  328886.8606788871,      0.0,  328886.8606788871,   1.0
 -0.07787971881841402,  0.0778762563838443,15.287384092400192, 56.09110457066757,  42.86526147111074, 0.38772164775545653,327.95159155193954,  48.73126415423445, 352219.56946982193,      0.0, 352219.56946982193,   1.0
 -0.07787971881841402,  0.0778762563838443,15.287384092400192, 56.09110457066757,  42.86526147111074, 0.38772164775545653,326.95159155193954,  49.73126415423445,   352062.530849669,      0.0,   352062.530849669,   1.0
 -0.07439209265758553, 0.07438857585738139,14.585328022385406,  56.6577903796274,  44.71708951733026, 0.38438855494754265,324.23446813563123, 49.212389933820994, 352642.02963241225,      0.0, 352642.02963241225,   1.0
            0.2999994, 0.07438857585738139,14.585328022385406,  56.6577903796274,  44.71708951733026, 0.38438855494754265,324.23446813563123, 49.212389933820994, 257456.12243224648,      0.0, 257456.12243224648,   1.0
 -0.07439209265758553,-0.29999939999999997,14.585328022385406,  56.6577903796274,  44.71708951733026, 0.38438855494754265,324.23446813563123, 49.212389933820994, 278858.63470354164,      0.0, 278858.63470354164,   1.0
 -0.07439209265758553, 0.07438857585738139,15.585328022385406,  56.6577903796274,  44.71708951733026, 0.38438855494754265,324.23446813563123, 49.212389933820994, 352888.14746138523,      0.0, 352888.14746138523,   1.0
 -0.07439209265758553, 0.07438857585738139,14.585328022385406,  57.6577903796274,  44.71708951733026, 0.38438855494754265,324.23446813563123, 49.212389933820994,  352645.0596904832,      0.0,  352645.0596904832,   1.0
 -0.07439209265758553, 0.07438857585738139,14.585328022385406,  56.6577903796274,  45.71708951733026, 0.38438855494754265,324.23446813563123, 49.212389933820994,  352730.5744842299,      0.0,  352730.5744842299,   1.0
 -0.07439209265758553, 0.07438857585738139,14.585328022385406,  56.6577903796274,  44.71708951733026, 0.02000057999999999,324.23446813563123, 49.212389933820994,  328811.8540976189,      0.0,  328811.8540976189,   1.0
 -0.07439209265758553, 0.07438857585738139,14.585328022385406,  56.6577903796274,  44.71708951733026, 0.38438855494754265,325.23446813563123, 49.212389933820994, 352789.37870246446,      0.0, 352789.37870246446,   1.0
 -0.07439209265758553, 0.07438857585738139,14.585328022385406,  56.6577903796274,  44.71708951733026, 0.38438855494754265,324.23446813563123, 50.212389933820994,  352620.1248138542,      0.0,  352620.1248138542,   1.0
 -0.07376804677112021, 0.07376452024319614,  14.4597081358616,56.759188273694015,  45.04843973131359,  0.3837921599326906,323.74828939606044,  49.29847845070266,  352720.0427486753,      0.0,  352720.0427486753,   1.0
  0.29999939999999997, 0.07376452024319614,  14.4597081358616,56.759188273694015,  45.04843973131359,  0.3837921599326906,323.74828939606044,  49.29847845070266,  257410.6353659681,      0.0,  257410.6353659681,   1.0
 -0.07376804677112021,-0.29999939999999997,  14.4597081358616,56.759188273694015,  45.04843973131359,  0.3837921599326906,323.74828939606044,  49.29847845070266,  279488.5061551388,      0.0,  279488.5061551388,   1.0
 -0.07376804677112021, 0.07376452024319614,  15.4597081358616,56.759188273694015,  45.04843973131359,  0.3837921599326906,323.74828939606044,  49.29847845070266,  352949.6368836333,      0.0,  352949.6368836333,   1.0
 -0.07376804677112021, 0.07376452024319614,  14.4597081358616,57.759188273694015,  45.04843973131359,  0.3837921599326906,323.74828939606044,  49.29847845070266,  352696.4734888257,      0.0,  352696.4734888257,   1.0
 -0.07376804677112021, 0.07376452024319614,  14.4597081358616,56.759188273694015,  46.04843973131359,  0.3837921599326906,323.74828939606044,  49.29847845070266, 352691.72782299673,      0.0, 352691.72782299673,   1.0
 -0.07376804677112021, 0.07376452024319614,  14.4597081358616,56.759188273694015,  45.04843973131359, 0.02000057999999999,323.74828939606044,  49.29847845070266,  328761.1565753299,      0.0,  328761.1565753299,   1.0
 -0.07376804677112021, 0.07376452024319614,  14.4597081358616,56.759188273694015,  45.04843973131359,  0.3837921599326906,324.74828939606044,  49.29847845070266, 352888.85114906076,      0.0, 352888.85114906076,   1.0
 -0.07376804677112021, 0.07376452024319614,  14.4597081358616,56.759188273694015,  45.04843973131359,  0.3837921599326906,323.74828939606044,  50.29847845070266,  352704.2172300231,      0.0,  352704.2172300231,   1.0
 -0.07365993202636407, 0.07365640381313131,14.437944733101679, 56.77675526303501,  45.10584551602698,  0.3836888356480458,323.66405986827317,  49.31339312000977, 352769.30229091947,      0.0, 352769.30229091947,   1.0
  0.29999939999999997, 0.07365640381313131,14.437944733101679, 56.77675526303501,  45.10584551602698,  0.3836888356480458,323.66405986827317,  49.31339312000977,  257402.2855366681,      0.0,  257402.2855366681,   1.0
 -0.07365993202636407,-0.29999939999999997,14.437944733101679, 56.77675526303501,  45.10584551602698,  0.3836888356480458,323.66405986827317,  49.31339312000977, 279580.25431552914,      0.0, 279580.25431552914,   1.0
 -0.07365993202636407, 0.07365640381313131,15.437944733101679, 56.77675526303501,  45.10584551602698,  0.3836888356480458,323.66405986827317,  49.31339312000977,  352997.4262122747,      0.0,  352997.4262122747,   1.0
 -0.07365993202636407, 0.07365640381313131,14.437944733101679, 57.77675526303501,  45.10584551602698,  0.3836888356480458,323.66405986827317,  49.31339312000977,  352729.3990995983,      0.0,  352729.3990995983,   1.0
 -0.07365993202636407, 0.07365640381313131,14.437944733101679, 56.77675526303501,  46.10584551602698,  0.3836888356480458,323.66405986827317,  49.31339312000977, 352714.99055008165,      0.0, 352714.99055008165,   1.0
 -0.07365993202636407, 0.07365640381313131,14.437944733101679, 56.77675526303501,  45.10584551602698, 0.02000057999999999,323.66405986827317,  49.31339312000977,  328747.2702522167,      0.0,  328747.2702522167,   1.0
 -0.07365993202636407, 0.07365640381313131,14.437944733101679, 56.77675526303501,  45.10584551602698,  0.3836888356480458,324.66405986827317,  49.31339312000977, 352937.06955654727,      0.0, 352937.06955654727,   1.0
 -0.07365993202636407, 0.07365640381313131,14.437944733101679, 56.77675526303501,  45.10584551602698,  0.3836888356480458,323.66405986827317,  50.31339312000977,  352755.3353984667,      0.0,  352755.3353984667,   1.0
 -0.07364776073247954, 0.07364423232951885, 14.43549466237806,56.778732911786044,  45.11230811905115, 0.38367720365245944, 323.6545775137732,  49.31507217704993,  352777.2537203134,      0.0,  352777.2537203134,   1.0
  0.29999939999999997, 0.07364423232951885, 14.43549466237806,56.778732911786044,  45.11230811905115, 0.38367720365245944, 323.6545775137732,  49.31507217704993, 257397.12850759953,      0.0, 257397.12850759953,   1.0
 -0.07364776073247954,-0.29999939999999997, 14.43549466237806,56.778732911786044,  45.11230811905115, 0.38367720365245944, 323.6545775137732,  49.31507217704993, 279599.30845082074,      0.0, 279599.30845082074,   1.0
 -0.07364776073247954, 0.07364423232951885, 15.43549466237806,56.778732911786044,  45.11230811905115, 0.38367720365245944, 323.6545775137732,  49.31507217704993, 353004.83238155104,      0.0, 353004.83238155104,   1.0
 -0.07364776073247954, 0.07364423232951885, 14.43549466237806,57.778732911786044,  45.11230811905115, 0.38367720365245944, 323.6545775137732,  49.31507217704993, 352730.87915493175,      0.0, 352730.87915493175,   1.0
 -0.07364776073247954, 0.07364423232951885, 14.43549466237806,56.778732911786044,  46.11230811905115, 0.38367720365245944, 323.6545775137732,  49.31507217704993,  352726.0816629256,      0.0,  352726.0816629256,   1.0
 -0.07364776073247954, 0.07364423232951885, 14.43549466237806,56.778732911786044,  45.11230811905115, 0.02000057999999999, 323.6545775137732,  49.31507217704993, 328743.55076361634,      0.0, 328743.55076361634,   1.0
 -0.07364776073247954, 0.07364423232951885, 14.43549466237806,56.778732911786044,  45.11230811905115, 0.38367720365245944, 324.6545775137732,  49.31507217704993, 352943.80076454236,      0.0, 352943.80076454236,   1.0
 -0.07364776073247954, 0.07364423232951885, 14.43549466237806,56.778732911786044,  45.11230811905115, 0.38367720365245944, 323.6545775137732,  50.31507217704993,  352761.8959868089,      0.0,  352761.8959868089,   1.0
 -0.07364693437290372, 0.07364340595706159,14.435328316924313,  56.7788671825545, 45.112746891949456, 0.38367641390807977, 323.6539337174343, 49.315186175189865,  352786.1791570467,      0.0,  352786.1791570467,   1.0
  0.29999939999999997, 0.07364340595706159,14.435328316924313,  56.7788671825545, 45.112746891949456, 0.38367641390807977, 323.6539337174343, 49.315186175189865, 257397.71306032466,      0.0, 257397.71306032466,   1.0
 -0.07364693437290372,-0.29999939999999997,14.435328316924313,  56.7788671825545, 45.112746891949456, 0.38367641390807977, 323.6539337174343, 49.315186175189865, 279600.22523812024,      0.0, 279600.22523812024,   1.0
 -0.07364693437290372, 0.07364340595706159,15.435328316924313,  56.7788671825545, 45.112746891949456, 0.38367641390807977, 323.6539337174343, 49.315186175189865, 353014.05600614776,      0.0, 353014.05600614776,   1.0
 -0.07364693437290372, 0.07364340595706159,14.435328316924313,  57.7788671825545, 45.112746891949456, 0.38367641390807977, 323.6539337174343, 49.315186175189865, 352742.82060347224,      0.0, 352742.82060347224,   1.0
 -0.07364693437290372, 0.07364340595706159,14.435328316924313,  56.7788671825545, 46.112746891949456, 0.38367641390807977, 323.6539337174343, 49.315186175189865,  352726.0858669812,      0.0,  352726.0858669812,   1.0
 -0.07364693437290372, 0.07364340595706159,14.435328316924313,  56.7788671825545, 45.112746891949456, 0.02000057999999999, 323.6539337174343, 49.315186175189865,  328730.5244723884,      0.0,  328730.5244723884,   1.0
 -0.07364693437290372, 0.07364340595706159,14.435328316924313,  56.7788671825545, 45.112746891949456, 0.38367641390807977, 324.6539337174343, 49.315186175189865, 352952.89054285025,      0.0, 352952.89054285025,   1.0
 -0.07364693437290372, 0.07364340595706159,14.435328316924313,  56.7788671825545, 45.112746891949456, 0.38367641390807977, 323.6539337174343, 50.315186175189865,  352770.5695408622,      0.0,  352770.5695408622,   1.0
 -0.07364692725878749, 0.07364339884283448,14.435326884858991,56.778868338489374,  45.11275066933824,  0.3836764071091832,  323.653928175002,  49.31518715659801,  352786.1791570467,      0.0,  352786.1791570467,   1.0
   0.2999993999999999, 0.07364339884283448,14.435326884858991,56.778868338489374,  45.11275066933824,  0.3836764071091832,  323.653928175002,  49.31518715659801, 257397.71306032466,      0.0, 257397.71306032466,   1.0
 -0.07364692725878749,-0.29999939999999997,14.435326884858991,56.778868338489374,  45.11275066933824,  0.3836764071091832,  323.653928175002,  49.31518715659801, 279600.22523812024,      0.0, 279600.22523812024,   1.0
 -0.07364692725878749, 0.07364339884283448,15.435326884858991,56.778868338489374,  45.11275066933824,  0.3836764071091832,  323.653928175002,  49.31518715659801, 353014.05600614776,      0.0, 353014.05600614776,   1.0
 -0.07364692725878749, 0.07364339884283448,14.435326884858991,57.778868338489374,  45.11275066933824,  0.3836764071091832,  323.653928175002,  49.31518715659801, 352742.82060347224,      0.0, 352742.82060347224,   1.0
 -0.07364692725878749, 0.07364339884283448,14.435326884858991,56.778868338489374,  46.11275066933824,  0.3836764071091832,  323.653928175002,  49.31518715659801,  352726.0858669812,      0.0,  352726.0858669812,   1.0
 -0.07364692725878749, 0.07364339884283448,14.435326884858991,56.778868338489374,  45.11275066933824, 0.02000057999999999,  323.653928175002,  49.31518715659801,  328730.5244723884,      0.0,  328730.5244723884,   1.0
 -0.07364692725878749, 0.07364339884283448,14.435326884858991,56.778868338489374,  45.11275066933824,  0.3836764071091832,  324.653928175002,  49.31518715659801, 352952.89054285025,      0.0, 352952.89054285025,   1.0
 -0.07364692725878749, 0.07364339884283448,14.435326884858991,56.778868338489374,  45.11275066933824,  0.3836764071091832,  323.653928175002,  50.31518715659801,  352770.5662435855,      0.0,  352770.5662435855,   1.0
 -0.07364692575744998, 0.07364339734147357,14.435326582641075, 56.77886858243372,  45.11275146650479,  0.3836764056743685,323.65392700534704, 49.315187363710855,  352786.1791570467,      0.0,  352786.1791570467,   1.0
  0.29999939999999997, 0.07364339734147357,14.435326582641075, 56.77886858243372,  45.11275146650479,  0.3836764056743685,323.65392700534704, 49.315187363710855, 257397.71306032466,      0.0, 257397.71306032466,   1.0
 -0.07364692575744998,-0.29999939999999997,14.435326582641075, 56.77886858243372,  45.11275146650479,  0.3836764056743685,323.65392700534704, 49.315187363710855, 279600.22523812024,      0.0, 279600.22523812024,   1.0
 -0.07364692575744998, 0.07364339734147357,15.435326582641075, 56.77886858243372,  45.11275146650479,  0.3836764056743685,323.65392700534704, 49.315187363710855, 353014.05600614776,      0.0, 353014.05600614776,   1.0
 -0.07364692575744998, 0.07364339734147357,14.435326582641075, 57.77886858243372,  45.11275146650479,  0.3836764056743685,323.65392700534704, 49.315187363710855, 352742.82060347224,      0.0, 352742.82060347224,   1.0
 -0.07364692575744998, 0.07364339734147357,14.435326582641075, 56.77886858243372,  46.11275146650479,  0.3836764056743685,323.65392700534704, 49.315187363710855,  352726.0858669812,      0.0,  352726.0858669812,   1.0
 -0.07364692575744998, 0.07364339734147357,14.435326582641075, 56.77886858243372,  45.11275146650479, 0.02000057999999999,323.65392700534704, 49.315187363710855,  328730.5244723884,      0.0,  328730.5244723884,   1.0
 -0.07364692575744998, 0.07364339734147357,14.435326582641075, 56.77886858243372,  45.11275146650479,  0.3836764056743685,324.65392700534704, 49.315187363710855, 352952.89054285025,      0.0, 352952.89054285025,   1.0
 -0.07364692575744998, 0.07364339734147357,14.435326582641075, 56.77886858243372,  45.11275146650479,  0.3836764056743685,323.65392700534704, 50.315187363710855,  352770.5662435855,      0.0,  352770.5662435855,   1.0
 -0.07364692544061323, 0.07364339702463187,14.435326518862116, 56.77886863391483, 45.112751634735886,  0.3836764053715705,323.65392675850734,  49.31518740741919,  352786.1791570467,      0.0,  352786.1791570467,   1.0
  0.29999939999999997, 0.07364339702463187,14.435326518862116, 56.77886863391483, 45.112751634735886,  0.3836764053715705,323.65392675850734,  49.31518740741919, 257397.71306032466,      0.0, 257397.71306032466,   1.0
 -0.07364692544061323,-0.29999939999999997,14.435326518862116, 56.77886863391483, 45.112751634735886,  0.3836764053715705,323.65392675850734,  49.31518740741919, 279600.22523812024,      0.0, 279600.22523812024,   1.0
 -0.07364692544061323, 0.07364339702463187,15.435326518862116, 56.77886863391483, 45.112751634735886,  0.3836764053715705,323.65392675850734,  49.31518740741919, 353014.05600614776,      0.0, 353014.05600614776,   1.0
 -0.07364692544061323, 0.07364339702463187,14.435326518862116, 57.77886863391483, 45.112751634735886,  0.3836764053715705,323.65392675850734,  49.31518740741919, 352742.82060347224,      0.0, 352742.82060347224,   1.0
 -0.07364692544061323, 0.07364339702463187,14.435326518862116, 56.77886863391483, 46.112751634735886,  0.3836764053715705,323.65392675850734,  49.31518740741919,  352726.0858669812,      0.0,  352726.0858669812,   1.0
 -0.07364692544061323, 0.07364339702463187,14.435326518862116, 56.77886863391483, 45.112751634735886, 0.02000057999999999,323.65392675850734,  49.31518740741919,  328730.5244723884,      0.0,  328730.5244723884,   1.0
 -0.07364692544061323, 0.07364339702463187,14.435326518862116, 56.77886863391483, 45.112751634735886,  0.3836764053715705,324.65392675850734,  49.31518740741919, 352952.89054285025,      0.0, 352952.89054285025,   1.0
 -0.07364692544061323, 0.07364339702463187,14.435326518862116, 56.77886863391483, 45.112751634735886,  0.3836764053715705,323.65392675850734,  50.31518740741919,  352770.5662435855,      0.0,  352770.5662435855,   1.0
 -0.07364692537374916, 0.07364339695776675,14.435326505402436, 56.77886864477922, 45.112751670238765, 0.38367640530766906,323.65392670641523,  49.31518741664324,  352786.1791570467,      0.0,  352786.1791570467,   1.0
  0.29999939999999997, 0.07364339695776675,14.435326505402436, 56.77886864477922, 45.112751670238765, 0.38367640530766906,323.65392670641523,  49.31518741664324, 257397.71306032466,      0.0, 257397.71306032466,   1.0
 -0.07364692537374916, -0.2999993999999999,14.435326505402436, 56.77886864477922, 45.112751670238765, 0.38367640530766906,323.65392670641523,  49.31518741664324, 279600.22523812024,      0.0, 279600.22523812024,   1.0
 -0.07364692537374916, 0.07364339695776675,15.435326505402436, 56.77886864477922, 45.112751670238765, 0.38367640530766906,323.65392670641523,  49.31518741664324, 353014.05600614776,      0.0, 353014.05600614776,   1.0
 -0.07364692537374916, 0.07364339695776675,14.435326505402436, 57.77886864477922, 45.112751670238765, 0.38367640530766906,323.65392670641523,  49.31518741664324, 352742.82060347224,      0.0, 352742.82060347224,   1.0
 -0.07364692537374916, 0.07364339695776675,14.435326505402436, 56.77886864477922, 46.112751670238765, 0.38367640530766906,323.65392670641523,  49.31518741664324,  352726.0858669812,      0.0,  352726.0858669812,   1.0
 -0.07364692537374916, 0.07364339695776675,14.435326505402436, 56.77886864477922, 45.112751670238765, 0.02000057999999999,323.65392670641523,  49.31518741664324,  328730.5244723884,      0.0,  328730.5244723884,   1.0
 -0.07364692537374916, 0.07364339695776675,14.435326505402436, 56.77886864477922, 45.112751670238765, 0.38367640530766906,324.65392670641523,  49.31518741664324, 352952.89054285025,      0.0, 352952.89054285025,   1.0
 -0.07364692537374916, 0.07364339695776675,14.435326505402436, 56.77886864477922, 45.112751670238765, 0.38367640530766906,323.65392670641523,  50.31518741664324,  352770.5662435855,      0.0,  352770.5662435855,   1.0
  -0.0736469253596384, 0.07364339694365578,14.435326502561955,   56.778868647072,  45.11275167773117, 0.38367640529418356, 323.6539266954219,  49.31518741858985,  352786.1791570467,      0.0,  352786.1791570467,   1.0
  0.29999939999999997, 0.07364339694365578,14.435326502561955,   56.778868647072,  45.11275167773117, 0.38367640529418356, 323.6539266954219,  49.31518741858985, 257397.71306032466,      0.0, 257397.71306032466,   1.0
  -0.0736469253596384,-0.29999939999999997,14.435326502561955,   56.778868647072,  45.11275167773117, 0.38367640529418356, 323.6539266954219,  49.31518741858985, 279600.22523812024,      0.0, 279600.22523812024,   1.0
  -0.0736469253596384, 0.07364339694365578,15.435326502561955,   56.778868647072,  45.11275167773117, 0.38367640529418356, 323.6539266954219,  49.31518741858985, 353014.05600614776,      0.0, 353014.05600614776,   1.0
  -0.0736469253596384, 0.07364339694365578,14.435326502561955,   57.778868647072,  45.11275167773117, 0.38367640529418356, 323.6539266954219,  49.31518741858985, 352742.82060347224,      0.0, 352742.82060347224,   1.0
  -0.0736469253596384, 0.07364339694365578,14.435326502561955,   56.778868647072,  46.11275167773117, 0.38367640529418356, 323.6539266954219,  49.31518741858985,  352726.0858669812,      0.0,  352726.0858669812,   1.0
  -0.0736469253596384, 0.07364339694365578,14.435326502561955,   56.778868647072,  45.11275167773117, 0.02000057999999999, 323.6539266954219,  49.31518741858985,  328730.5244723884,      0.0,  328730.5244723884,   1.0
  -0.0736469253596384, 0.07364339694365578,14.435326502561955,   56.778868647072,  45.11275167773117, 0.38367640529418356, 324.6539266954219,  49.31518741858985, 352952.89054285025,      0.0, 352952.89054285025,   1.0
  -0.0736469253596384, 0.07364339694365578,14.435326502561955,   56.778868647072,  45.11275167773117, 0.38367640529418356, 323.6539266954219,  50.31518741858985,  352770.5662435855,      0.0,  352770.5662435855,   1.0
 -0.07364692535666054, 0.07364339694067787,14.435326501962514, 56.77886864755586, 45.112751679312325,  0.3836764052913377, 323.6539266931019,  49.31518741900065,  352786.1791570467,      0.0,  352786.1791570467,   1.0
            0.2999994, 0.07364339694067787,14.435326501962514, 56.77886864755586, 45.112751679312325,  0.3836764052913377, 323.6539266931019,  49.31518741900065, 257397.71306032466,      0.0, 257397.71306032466,   1.0
 -0.07364692535666054, -0.2999993999999999,14.435326501962514, 56.77886864755586, 45.112751679312325,  0.3836764052913377, 323.6539266931019,  49.31518741900065, 279600.22523812024,      0.0, 279600.22523812024,   1.0
 -0.07364692535666054, 0.07364339694067787,15.435326501962514, 56.77886864755586, 45.112751679312325,  0.3836764052913377, 323.6539266931019,  49.31518741900065, 353014.05600614776,      0.0, 353014.05600614776,   1.0
 -0.07364692535666054, 0.07364339694067787,14.435326501962514, 57.77886864755586, 45.112751679312325,  0.3836764052913377, 323.6539266931019,  49.31518741900065, 352742.82060347224,      0.0, 352742.82060347224,   1.0
 -0.07364692535666054, 0.07364339694067787,14.435326501962514, 56.77886864755586, 46.112751679312325,  0.3836764052913377, 323.6539266931019,  49.31518741900065,  352726.0858669812,      0.0,  352726.0858669812,   1.0
 -0.07364692535666054, 0.07364339694067787,14.435326501962514, 56.77886864755586, 45.112751679312325, 0.02000057999999999, 323.6539266931019,  49.31518741900065,  328730.5244723884,      0.0,  328730.5244723884,   1.0
 -0.07364692535666054, 0.07364339694067787,14.435326501962514, 56.77886864755586, 45.112751679312325,  0.3836764052913377, 324.6539266931019,  49.31518741900065, 352952.89054285025,      0.0, 352952.89054285025,   1.0
 -0.07364692535666054, 0.07364339694067787,14.435326501962514, 56.77886864755586, 45.112751679312325,  0.3836764052913377, 323.6539266931019,  50.31518741900065,  352770.5662435855,      0.0,  352770.5662435855,   1.0
  -0.0736469253560321, 0.07364339694004941,14.435326501836007, 56.77886864765797,  45.11275167964601, 0.38367640529073704, 323.6539266926123, 49.315187419087344,  352786.1791570467,      0.0,  352786.1791570467,   1.0
   0.2999993999999999, 0.07364339694004941,14.435326501836007, 56.77886864765797,  45.11275167964601, 0.38367640529073704, 323.6539266926123, 49.315187419087344, 257397.71306032466,      0.0, 257397.71306032466,   1.0
  -0.0736469253560321,-0.29999939999999997,14.435326501836007, 56.77886864765797,  45.11275167964601, 0.38367640529073704, 323.6539266926123, 49.315187419087344, 279600.22523812024,      0.0, 279600.22523812024,   1.0
  -0.0736469253560321, 0.07364339694004941,15.435326501836007, 56.77886864765797,  45.11275167964601, 0.38367640529073704, 323.6539266926123, 49.315187419087344, 353014.05600614776,      0.0, 353014.05600614776,   1.0
  -0.0736469253560321, 0.07364339694004941,14.435326501836007, 57.77886864765797,  45.11275167964601, 0.38367640529073704, 323.6539266926123, 49.315187419087344, 352742.82060347224,      0.0, 352742.82060347224,   1.0
  -0.0736469253560321, 0.07364339694004941,14.435326501836007, 56.77886864765797,  46.11275167964601, 0.38367640529073704, 323.6539266926123, 49.315187419087344,  352726.0858669812,      0.0,  352726.0858669812,   1.0
  -0.0736469253560321, 0.07364339694004941,14.435326501836007, 56.77886864765797,  45.11275167964601, 0.02000057999999999, 323.6539266926123, 49.315187419087344,  328730.5244723884,      0.0,  328730.5244723884,   1.0
  -0.0736469253560321, 0.07364339694004941,14.435326501836007, 56.77886864765797,  45.11275167964601, 0.38367640529073704, 324.6539266926123, 49.315187419087344, 352952.89054285025,      0.0, 352952.89054285025,   1.0
  -0.0736469253560321, 0.07364339694004941,14.435326501836007, 56.77886864765797,  45.11275167964601, 0.38367640529073704, 323.6539266926123, 50.315187419087344,  352770.5662435855,      0.0,  352770.5662435855,   1.0
 -0.07364692535589946, 0.07364339693991678, 14.43532650180931, 56.77886864767952,  45.11275167971643,  0.3836764052906103,323.65392669250895,  49.31518741910564,  352786.1791570467,      0.0,  352786.1791570467,   1.0
  0.29999939999999997, 0.07364339693991678, 14.43532650180931, 56.77886864767952,  45.11275167971643,  0.3836764052906103,323.65392669250895,  49.31518741910564, 257397.71306032466,      0.0, 257397.71306032466,   1.0
 -0.07364692535589946,-0.29999939999999997, 14.43532650180931, 56.77886864767952,  45.11275167971643,  0.3836764052906103,323.65392669250895,  49.31518741910564, 279600.22523812024,      0.0, 279600.22523812024,   1.0
 -0.07364692535589946, 0.07364339693991678, 15.43532650180931, 56.77886864767952,  45.11275167971643,  0.3836764052906103,323.65392669250895,  49.31518741910564, 353014.05600614776,      0.0, 353014.05600614776,   1.0
 -0.07364692535589946, 0.07364339693991678, 14.43532650180931, 57.77886864767952,  45.11275167971643,  0.3836764052906103,323.65392669250895,  49.31518741910564, 352742.82060347224,      0.0, 352742.82060347224,   1.0
 -0.07364692535589946, 0.07364339693991678, 14.43532650180931, 56.77886864767952,  46.11275167971643,  0.3836764052906103,323.65392669250895,  49.31518741910564,  352726.0858669812,      0.0,  352726.0858669812,   1.0
 -0.07364692535589946, 0.07364339693991678, 14.43532650180931, 56.77886864767952,  45.11275167971643, 0.02000057999999999,323.65392669250895,  49.31518741910564,  328730.5244723884,      0.0,  328730.5244723884,   1.0
 -0.07364692535589946, 0.07364339693991678, 14.43532650180931, 56.77886864767952,  45.11275167971643,  0.3836764052906103,324.65392669250895,  49.31518741910564, 352952.89054285025,      0.0, 352952.89054285025,   1.0
 -0.07364692535589946, 0.07364339693991678, 14.43532650180931, 56.77886864767952,  45.11275167971643,  0.3836764052906103,323.65392669250895,  50.31518741910564,  352770.5662435855,      0.0,  352770.5662435855,   1.0
   -0.073646925355987, 0.07364339694000432,14.435326501826932,  56.7788686476653, 45.112751679669955, 0.38367640529069397,323.65392669257716,  49.31518741909357,  352786.1791570467,      0.0,  352786.1791570467,   1.0
  0.29999939999999997, 0.07364339694000432,14.435326501826932,  56.7788686476653, 45.112751679669955, 0.38367640529069397,323.65392669257716,  49.31518741909357, 257397.71306032466,      0.0, 257397.71306032466,   1.0
   -0.073646925355987,-0.29999939999999997,14.435326501826932,  56.7788686476653, 45.112751679669955, 0.38367640529069397,323.65392669257716,  49.31518741909357, 279600.22523812024,      0.0, 279600.22523812024,   1.0
   -0.073646925355987, 0.07364339694000432,15.435326501826932,  56.7788686476653, 45.112751679669955, 0.38367640529069397,323.65392669257716,  49.31518741909357, 353014.05600614776,      0.0, 353014.05600614776,   1.0
   -0.073646925355987, 0.07364339694000432,14.435326501826932,  57.7788686476653, 45.112751679669955, 0.38367640529069397,323.65392669257716,  49.31518741909357, 352742.82060347224,      0.0, 352742.82060347224,   1.0
   -0.073646925355987, 0.07364339694000432,14.435326501826932,  56.7788686476653, 46.112751679669955, 0.38367640529069397,323.65392669257716,  49.31518741909357,  352726.0858669812,      0.0,  352726.0858669812,   1.0
   -0.073646925355987, 0.07364339694000432,14.435326501826932,  56.7788686476653, 45.112751679669955, 0.02000057999999999,323.65392669257716,  49.31518741909357,  328730.5244723884,      0.0,  328730.5244723884,   1.0
   -0.073646925355987, 0.07364339694000432,14.435326501826932,  56.7788686476653, 45.112751679669955, 0.38367640529069397,324.65392669257716,  49.31518741909357, 352952.89054285025,      0.0, 352952.89054285025,   1.0
   -0.073646925355987, 0.07364339694000432,14.435326501826932,  56.7788686476653, 45.112751679669955, 0.38367640529069397,323.65392669257716,  50.31518741909357,  352770.5662435855,      0.0,  352770.5662435855,   1.0
 -0.07364692535591792, 0.07364339693993524,14.435326501813025,56.778868647676525,  45.11275167970663,  0.3836764052906279, 323.6539266925233,   49.3151874191031,  352786.1791570467,      0.0,  352786.1791570467,   1.0
  0.29999939999999997, 0.07364339693993524,14.435326501813025,56.778868647676525,  45.11275167970663,  0.3836764052906279, 323.6539266925233,   49.3151874191031, 257397.71306032466,      0.0, 257397.71306032466,   1.0
 -0.07364692535591792, -0.2999993999999999,14.435326501813025,56.778868647676525,  45.11275167970663,  0.3836764052906279, 323.6539266925233,   49.3151874191031, 279600.22523812024,      0.0, 279600.22523812024,   1.0
 -0.07364692535591792, 0.07364339693993524,15.435326501813025,56.778868647676525,  45.11275167970663,  0.3836764052906279, 323.6539266925233,   49.3151874191031, 353014.05600614776,      0.0, 353014.05600614776,   1.0
 -0.07364692535591792, 0.07364339693993524,14.435326501813025,57.778868647676525,  45.11275167970663,  0.3836764052906279, 323.6539266925233,   49.3151874191031, 352742.82060347224,      0.0, 352742.82060347224,   1.0
 -0.07364692535591792, 0.07364339693993524,14.435326501813025,56.778868647676525,  46.11275167970663,  0.3836764052906279, 323.6539266925233,   49.3151874191031,  352726.0858669812,      0.0,  352726.0858669812,   1.0
 -0.07364692535591792, 0.07364339693993524,14.435326501813025,56.778868647676525,  45.11275167970663, 0.02000057999999999, 323.6539266925233,   49.3151874191031,  328730.5244723884,      0.0,  328730.5244723884,   1.0
 -0.07364692535591792, 0.07364339693993524,14.435326501813025,56.778868647676525,  45.11275167970663,  0.3836764052906279, 324.6539266925233,   49.3151874191031, 352952.89054285025,      0.0, 352952.89054285025,   1.0
 -0.07364692535591792, 0.07364339693993524,14.435326501813025,56.778868647676525,  45.11275167970663,  0.3836764052906279, 323.6539266925233,   50.3151874191031,  352770.5662435855,      0.0,  352770.5662435855,   1.0
 -0.07364692535590335, 0.07364339693992067,14.435326501810092, 56.77886864767889,  45.11275167971437, 0.38367640529061403,323.65392669251196,  49.31518741910511,  352786.1791570467,      0.0,  352786.1791570467,   1.0
  0.29999939999999997, 0.07364339693992067,14.435326501810092, 56.77886864767889,  45.11275167971437, 0.38367640529061403,323.65392669251196,  49.31518741910511, 257397.71306032466,      0.0, 257397.71306032466,   1.0
 -0.07364692535590335,-0.29999939999999997,14.435326501810092, 56.77886864767889,  45.11275167971437, 0.38367640529061403,323.65392669251196,  49.31518741910511, 279600.22523812024,      0.0, 279600.22523812024,   1.0
 -0.07364692535590335, 0.07364339693992067,15.435326501810092, 56.77886864767889,  45.11275167971437, 0.38367640529061403,323.65392669251196,  49.31518741910511, 353014.05600614776,      0.0, 353014.05600614776,   1.0
 -0.07364692535590335, 0.07364339693992067,14.435326501810092, 57.77886864767889,  45.11275167971437, 0.38367640529061403,323.65392669251196,  49.31518741910511, 352742.82060347224,      0.0, 352742.82060347224,   1.0
 -0.07364692535590335, 0.07364339693992067,14.435326501810092, 56.77886864767889,  46.11275167971437, 0.38367640529061403,323.65392669251196,  49.31518741910511,  352726.0858669812,      0.0,  352726.0858669812,   1.0
 -0.07364692535590335, 0.07364339693992067,14.435326501810092, 56.77886864767889,  45.11275167971437, 0.02000057999999999,323.65392669251196,  49.31518741910511,  328730.5244723884,      0.0,  328730.5244723884,   1.0
 -0.07364692535590335, 0.07364339693992067,14.435326501810092, 56.77886864767889,  45.11275167971437, 0.38367640529061403,324.65392669251196,  49.31518741910511, 352952.89054285025,      0.0, 352952.89054285025,   1.0
 -0.07364692535590335, 0.07364339693992067,14.435326501810092, 56.77886864767889,  45.11275167971437, 0.38367640529061403,323.65392669251196,  50.31518741910511,  352770.5662435855,      0.0,  352770.5662435855,   1.0
 -0.07364692535591297, 0.07364339693993029,14.435326501812028, 56.77886864767733,  45.11275167970926,  0.3836764052906232,323.65392669251946,  49.31518741910378,  352786.1791570467,      0.0,  352786.1791570467,   1.0
   0.2999993999999999, 0.07364339693993029,14.435326501812028, 56.77886864767733,  45.11275167970926,  0.3836764052906232,323.65392669251946,  49.31518741910378, 257397.71306032466,      0.0, 257397.71306032466,   1.0
 -0.07364692535591297,-0.29999939999999997,14.435326501812028, 56.77886864767733,  45.11275167970926,  0.3836764052906232,323.65392669251946,  49.31518741910378, 279600.22523812024,      0.0, 279600.22523812024,   1.0
 -0.07364692535591297, 0.07364339693993029,15.435326501812028, 56.77886864767733,  45.11275167970926,  0.3836764052906232,323.65392669251946,  49.31518741910378, 353014.05600614776,      0.0, 353014.05600614776,   1.0
 -0.07364692535591297, 0.07364339693993029,14.435326501812028, 57.77886864767733,  45.11275167970926,  0.3836764052906232,323.65392669251946,  49.31518741910378, 352742.82060347224,      0.0, 352742.82060347224,   1.0
 -0.07364692535591297, 0.07364339693993029,14.435326501812028, 56.77886864767733,  46.11275167970926,  0.3836764052906232,323.65392669251946,  49.31518741910378,  352726.0858669812,      0.0,  352726.0858669812,   1.0
 -0.07364692535591297, 0.07364339693993029,14.435326501812028, 56.77886864767733,  45.11275167970926, 0.02000057999999999,323.65392669251946,  49.31518741910378,  328730.5244723884,      0.0,  328730.5244723884,   1.0
 -0.07364692535591297, 0.07364339693993029,14.435326501812028, 56.77886864767733,  45.11275167970926,  0.3836764052906232,324.65392669251946,  49.31518741910378, 352952.89054285025,      0.0, 352952.89054285025,   1.0
 -0.07364692535591297, 0.07364339693993029,14.435326501812028, 56.77886864767733,  45.11275167970926,  0.3836764052906232,323.65392669251946,  50.31518741910378,  352770.5662435855,      0.0,  352770.5662435855,   1.0
 -0.07364692535586399, 0.07364339693988131, 14.43532650180217,56.778868647685286,  45.11275167973527,  0.3836764052905764, 323.6539266924813, 49.315187419110536,  352786.1791570467,      0.0,  352786.1791570467,   1.0
