           centre_ra,          centre_dec,              v_sys,       inclination,                phi,    turnover_radius,  maximum_velocity,velocity_dispersion,    log_likelihood,log_prior,     log_posterior,weight
    0.05134446950205,    -0.0811990875477,  15.07002822133292, 54.41980712953469,  39.99240056592413,   0.14581007107766,248.99552192198047,  39.76914937552466, 369538.8095394406,      0.0, 369538.8095394406,   1.0
    0.05134446950205,    -0.0811990875477,  15.07002822133292, 54.41980712953469,  39.99240056592413,   0.14581007107766,248.99552192198047,  39.76914937552466, 369538.8095394406,      0.0, 369538.8095394406,   1.0
-0.29999939999999997,    -0.0811990875477,  15.07002822133292, 54.41980712953469,  39.99240056592413,   0.14581007107766,248.99552192198047,  39.76914937552466, 280982.7559503457,      0.0, 280982.7559503457,   1.0
    0.05134446950205, 0.29999939999999997,  15.07002822133292, 54.41980712953469,  39.99240056592413,   0.14581007107766,248.99552192198047,  39.76914937552466,252350.64647800458,      0.0,252350.64647800458,   1.0
    0.05134446950205,    -0.0811990875477,  16.07002822133292, 54.41980712953469,  39.99240056592413,   0.14581007107766,248.99552192198047,  39.76914937552466, 369491.7469310557,      0.0, 369491.7469310557,   1.0
    0.05134446950205,    -0.0811990875477,  15.07002822133292, 55.41980712953469,  39.99240056592413,   0.14581007107766,248.99552192198047,  39.76914937552466,369425.36460445105,      0.0,369425.36460445105,   1.0
    0.05134446950205,    -0.0811990875477,  15.07002822133292, 54.41980712953469,  40.99240056592413,   0.14581007107766,248.99552192198047,  39.76914937552466, 369500.3078310721,      0.0, 369500.3078310721,   1.0
    0.05134446950205,    -0.0811990875477,  15.07002822133292, 54.41980712953469,  39.99240056592413,         0.59999942,248.99552192198047,  39.76914937552466, 309403.9142341662,      0.0, 309403.9142341662,   1.0
    0.05134446950205,    -0.0811990875477,  15.07002822133292, 54.41980712953469,  39.99240056592413,   0.14581007107766,249.99552192198047,  39.76914937552466,369521.70663868025,      0.0,369521.70663868025,   1.0
    0.05134446950205,    -0.0811990875477,  15.07002822133292, 54.41980712953469,  39.99240056592413,   0.14581007107766,248.99552192198047,  40.76914937552466, 369281.7296692474,      0.0, 369281.7296692474,   1.0
 0.29999939999999997,-0.29999939999999997,          -59.99988,          20.00006, -37.01101628455682,         0.02000058, 214.7897203508752,           5.000115,126515.49015920138,      0.0,126515.49015920138,   1.0
-0.29999939999999997,-0.29999939999999997,          -59.99988,          20.00006, -37.01101628455682,         0.02000058, 214.7897203508752,           5.000115,122562.75484908163,      0.0,122562.75484908163,   1.0
 0.29999939999999997, 0.29999939999999997,          -59.99988,          20.00006, -37.01101628455682,         0.02000058, 214.7897203508752,           5.000115,102745.80395365419,      0.0,102745.80395365419,   1.0
 0.29999939999999997,-0.29999939999999997,          -58.99988,          20.00006, -37.01101628455682,         0.02000058, 214.7897203508752,           5.000115,126049.83406782727,      0.0,126049.83406782727,   1.0
 0.29999939999999997,-0.29999939999999997,          -59.99988,          21.00006, -37.01101628455682,         0.02000058, 214.7897203508752,           5.000115,129753.23822079704,      0.0,129753.23822079704,   1.0
 0.29999939999999997,-0.29999939999999997,          -59.99988,          20.00006, -36.01101628455682,         0.02000058, 214.7897203508752,           5.000115,127497.88355606748,      0.0,127497.88355606748,   1.0
 0.29999939999999997,-0.29999939999999997,          -59.99988,          20.00006, -37.01101628455682,         0.59999942, 214.7897203508752,           5.000115, 87564.59822412574,      0.0, 87564.59822412574,   1.0
 0.29999939999999997,-0.29999939999999997,          -59.99988,          20.00006, -37.01101628455682,         0.02000058, 215.7897203508752,           5.000115,126526.06097306235,      0.0,126526.06097306235,   1.0
 0.29999939999999997,-0.29999939999999997,          -59.99988,          20.00006, -37.01101628455682,         0.02000058, 214.7897203508752,           6.000115,128310.77730306145,      0.0,128310.77730306145,   1.0
 0.07741301294281787,-0.10413772559760341,  7.199831721937916, 50.81130167392331, 31.919498439131722,0.13262042638872867,245.40944614058753, 36.124025262373856, 367729.6030141228,      0.0, 367729.6030141228,   1.0
-0.29999939999999997,-0.10413772559760341,  7.199831721937916, 50.81130167392331, 31.919498439131722,0.13262042638872867,245.40944614058753, 36.124025262373856, 295062.8973225572,      0.0, 295062.8973225572,   1.0
 0.07741301294281787, 0.29999939999999997,  7.199831721937916, 50.81130167392331, 31.919498439131722,0.13262042638872867,245.40944614058753, 36.124025262373856,204049.30670183426,      0.0,204049.30670183426,   1.0
 0.07741301294281787,-0.10413772559760341,  8.199831721937915, 50.81130167392331, 31.919498439131722,0.13262042638872867,245.40944614058753, 36.124025262373856,367892.14578360744,      0.0,367892.14578360744,   1.0
 0.07741301294281787,-0.10413772559760341,  7.199831721937916, 51.81130167392331, 31.919498439131722,0.13262042638872867,245.40944614058753, 36.124025262373856, 367835.0914980825,      0.0, 367835.0914980825,   1.0
 0.07741301294281787,-0.10413772559760341,  7.199831721937916, 50.81130167392331,  32.91949843913172,0.13262042638872867,245.40944614058753, 36.124025262373856,367993.00029319915,      0.0,367993.00029319915,   1.0
 0.07741301294281787,-0.10413772559760341,  7.199831721937916, 50.81130167392331, 31.919498439131722,         0.59999942,245.40944614058753, 36.124025262373856,  296270.453713462,      0.0,  296270.453713462,   1.0
 0.07741301294281787,-0.10413772559760341,  7.199831721937916, 50.81130167392331, 31.919498439131722,0.13262042638872867,246.40944614058753, 36.124025262373856,  367786.881167438,      0.0,  367786.881167438,   1.0
 0.07741301294281787,-0.10413772559760341,  7.199831721937916, 50.81130167392331, 31.919498439131722,0.13262042638872867,245.40944614058753, 37.124025262373856, 367653.5467127072,      0.0, 367653.5467127072,   1.0
0.056685862098178726,-0.08589916876717536, 13.457440643992296, 53.68043155346971,  38.33827900952425,0.14310753916800026,248.26074214146027, 39.022270709511226, 369664.1556426626,      0.0, 369664.1556426626,   1.0
-0.29999939999999997,-0.08589916876717536, 13.457440643992296, 53.68043155346971,  38.33827900952425,0.14310753916800026,248.26074214146027, 39.022270709511226, 284349.8610530343,      0.0, 284349.8610530343,   1.0
0.056685862098178726, 0.29999939999999997, 13.457440643992296, 53.68043155346971,  38.33827900952425,0.14310753916800026,248.26074214146027, 39.022270709511226, 242706.3911982144,      0.0, 242706.3911982144,   1.0
0.056685862098178726,-0.08589916876717536, 14.457440643992296, 53.68043155346971,  38.33827900952425,0.14310753916800026,248.26074214146027, 39.022270709511226, 369710.3943244671,      0.0, 369710.3943244671,   1.0
0.056685862098178726,-0.08589916876717536, 13.457440643992296, 54.68043155346971,  38.33827900952425,0.14310753916800026,248.26074214146027, 39.022270709511226,369611.75683754985,      0.0,369611.75683754985,   1.0
0.056685862098178726,-0.08589916876717536, 13.457440643992296, 53.68043155346971,  39.33827900952425,0.14310753916800026,248.26074214146027, 39.022270709511226,369694.71315617324,      0.0,369694.71315617324,   1.0
0.056685862098178726,-0.08589916876717536, 13.457440643992296, 53.68043155346971,  38.33827900952425,         0.59999942,248.26074214146027, 39.022270709511226, 307738.1126217228,      0.0, 307738.1126217228,   1.0
0.056685862098178726,-0.08589916876717536, 13.457440643992296, 53.68043155346971,  38.33827900952425,0.14310753916800026,249.26074214146027, 39.022270709511226, 369648.3745187163,      0.0, 369648.3745187163,   1.0
0.056685862098178726,-0.08589916876717536, 13.457440643992296, 53.68043155346971,  38.33827900952425,0.14310753916800026,248.26074214146027, 40.022270709511226, 369427.0888322302,      0.0, 369427.0888322302,   1.0
 0.07036578165564056,-0.09793661627525788,  9.327418755436405, 51.78680583296909,  34.10188383306518,  0.136186044733681,246.37888678088427,  37.10942871440056, 368799.2212084258,      0.0, 368799.2212084258,   1.0
-0.29999939999999997,-0.09793661627525788,  9.327418755436405, 51.78680583296909,  34.10188383306518,  0.136186044733681,246.37888678088427,  37.10942871440056,291787.67500370234,      0.0,291787.67500370234,   1.0
 0.07036578165564056,           0.2999994,  9.327418755436405, 51.78680583296909,  34.10188383306518,  0.136186044733681,246.37888678088427,  37.10942871440056,217091.99667274847,      0.0,217091.99667274847,   1.0
 0.07036578165564056,-0.09793661627525788, 10.327418755436405, 51.78680583296909,  34.10188383306518,  0.136186044733681,246.37888678088427,  37.10942871440056, 368913.9408979208,      0.0, 368913.9408979208,   1.0
 0.07036578165564056,-0.09793661627525788,  9.327418755436405, 52.78680583296909,  34.10188383306518,  0.136186044733681,246.37888678088427,  37.10942871440056, 368802.0582974524,      0.0, 368802.0582974524,   1.0
 0.07036578165564056,-0.09793661627525788,  9.327418755436405, 51.78680583296909,  35.10188383306518,  0.136186044733681,246.37888678088427,  37.10942871440056,368951.27898858744,      0.0,368951.27898858744,   1.0
 0.07036578165564056,-0.09793661627525788,  9.327418755436405, 51.78680583296909,  34.10188383306518,         0.59999942,246.37888678088427,  37.10942871440056,300609.60701573483,      0.0,300609.60701573483,   1.0
 0.07036578165564056,-0.09793661627525788,  9.327418755436405, 51.78680583296909,  34.10188383306518,  0.136186044733681,247.37888678088427,  37.10942871440056,368825.72109421605,      0.0,368825.72109421605,   1.0
 0.07036578165564056,-0.09793661627525788,  9.327418755436405, 51.78680583296909,  34.10188383306518,  0.136186044733681,246.37888678088427,  38.10942871440056,368652.88017239235,      0.0,368652.88017239235,   1.0
  0.0593194808268521,-0.08821658350558416,  12.66234072035284, 53.31587618151302,  37.52270040674669,0.14177503298650823,247.89845276530937,  38.65401587569033,369608.12180312193,      0.0,369608.12180312193,   1.0
-0.29999939999999997,-0.08821658350558416,  12.66234072035284, 53.31587618151302,  37.52270040674669,0.14177503298650823,247.89845276530937,  38.65401587569033, 286045.4022342743,      0.0, 286045.4022342743,   1.0
  0.0593194808268521, 0.29999939999999997,  12.66234072035284, 53.31587618151302,  37.52270040674669,0.14177503298650823,247.89845276530937,  38.65401587569033,237892.77002671952,      0.0,237892.77002671952,   1.0
  0.0593194808268521,-0.08821658350558416,  13.66234072035284, 53.31587618151302,  37.52270040674669,0.14177503298650823,247.89845276530937,  38.65401587569033, 369652.0049023549,      0.0, 369652.0049023549,   1.0
  0.0593194808268521,-0.08821658350558416,  12.66234072035284, 54.31587618151302,  37.52270040674669,0.14177503298650823,247.89845276530937,  38.65401587569033,369557.11534877255,      0.0,369557.11534877255,   1.0
  0.0593194808268521,-0.08821658350558416,  12.66234072035284, 53.31587618151302,  38.52270040674669,0.14177503298650823,247.89845276530937,  38.65401587569033, 369667.0829752523,      0.0, 369667.0829752523,   1.0
  0.0593194808268521,-0.08821658350558416,  12.66234072035284, 53.31587618151302,  37.52270040674669,         0.59999942,247.89845276530937,  38.65401587569033, 306739.4562053076,      0.0, 306739.4562053076,   1.0
  0.0593194808268521,-0.08821658350558416,  12.66234072035284, 53.31587618151302,  37.52270040674669,0.14177503298650823,248.89845276530937,  38.65401587569033,369605.65325904236,      0.0,369605.65325904236,   1.0
  0.0593194808268521,-0.08821658350558416,  12.66234072035284, 53.31587618151302,  37.52270040674669,0.14177503298650823,247.89845276530937,  39.65401587569033, 369379.6126634986,      0.0, 369379.6126634986,   1.0
 0.05722007737380967, -0.0863692437783194, 13.296158936721344, 53.60648347344117, 38.172843313256635, 0.1428372475159568,248.18725370639126,  38.94757221370764, 369659.7513138835,      0.0, 369659.7513138835,   1.0
-0.29999939999999997, -0.0863692437783194, 13.296158936721344, 53.60648347344117, 38.172843313256635, 0.1428372475159568,248.18725370639126,  38.94757221370764, 284672.9736272538,      0.0, 284672.9736272538,   1.0
 0.05722007737380967, 0.29999939999999997, 13.296158936721344, 53.60648347344117, 38.172843313256635, 0.1428372475159568,248.18725370639126,  38.94757221370764, 241554.2616565516,      0.0, 241554.2616565516,   1.0
 0.05722007737380967, -0.0863692437783194, 14.296158936721344, 53.60648347344117, 38.172843313256635, 0.1428372475159568,248.18725370639126,  38.94757221370764, 369706.3637801589,      0.0, 369706.3637801589,   1.0
 0.05722007737380967, -0.0863692437783194, 13.296158936721344, 54.60648347344117, 38.172843313256635, 0.1428372475159568,248.18725370639126,  38.94757221370764, 369591.1101640508,      0.0, 369591.1101640508,   1.0
 0.05722007737380967, -0.0863692437783194, 13.296158936721344, 53.60648347344117, 39.172843313256635, 0.1428372475159568,248.18725370639126,  38.94757221370764,369707.37096142286,      0.0,369707.37096142286,   1.0
 0.05722007737380967, -0.0863692437783194, 13.296158936721344, 53.60648347344117, 38.172843313256635,         0.59999942,248.18725370639126,  38.94757221370764,307566.00574474677,      0.0,307566.00574474677,   1.0
 0.05722007737380967, -0.0863692437783194, 13.296158936721344, 53.60648347344117, 38.172843313256635, 0.1428372475159568,249.18725370639126,  38.94757221370764,  369634.696077035,      0.0,  369634.696077035,   1.0
 0.05722007737380967, -0.0863692437783194, 13.296158936721344, 53.60648347344117, 38.172843313256635, 0.1428372475159568,248.18725370639126,  39.94757221370764, 369429.5997459761,      0.0, 369429.5997459761,   1.0
0.056685862098178726,-0.08589916876717536, 13.457440643992296, 53.68043155346971,  38.33827900952425,0.14310753916800026,248.26074214146027, 39.022270709511226, 369664.1556426626,      0.0, 369664.1556426626,   1.0
-0.29999939999999997,-0.08589916876717536, 13.457440643992296, 53.68043155346971,  38.33827900952425,0.14310753916800026,248.26074214146027, 39.022270709511226, 284349.8610530343,      0.0, 284349.8610530343,   1.0
0.056685862098178726, 0.29999939999999997, 13.457440643992296, 53.68043155346971,  38.33827900952425,0.14310753916800026,248.26074214146027, 39.022270709511226, 242706.3911982144,      0.0, 242706.3911982144,   1.0
0.056685862098178726,-0.08589916876717536, 14.457440643992296, 53.68043155346971,  38.33827900952425,0.14310753916800026,248.26074214146027, 39.022270709511226, 369710.3943244671,      0.0, 369710.3943244671,   1.0
0.056685862098178726,-0.08589916876717536, 13.457440643992296, 54.68043155346971,  38.33827900952425,0.14310753916800026,248.26074214146027, 39.022270709511226,369611.75683754985,      0.0,369611.75683754985,   1.0
0.056685862098178726,-0.08589916876717536, 13.457440643992296, 53.68043155346971,  39.33827900952425,0.14310753916800026,248.26074214146027, 39.022270709511226,369694.71315617324,      0.0,369694.71315617324,   1.0
0.056685862098178726,-0.08589916876717536, 13.457440643992296, 53.68043155346971,  38.33827900952425,         0.59999942,248.26074214146027, 39.022270709511226, 307738.1126217228,      0.0, 307738.1126217228,   1.0
0.056685862098178726,-0.08589916876717536, 13.457440643992296, 53.68043155346971,  38.33827900952425,0.14310753916800026,249.26074214146027, 39.022270709511226, 369648.3745187163,      0.0, 369648.3745187163,   1.0
0.056685862098178726,-0.08589916876717536, 13.457440643992296, 53.68043155346971,  38.33827900952425,0.14310753916800026,248.26074214146027, 40.022270709511226, 369427.0888322302,      0.0, 369427.0888322302,   1.0
 0.25748425436471933,-0.29999939999999997,-35.045531055758346, 31.44175473326678,-11.414084869708446,         0.02000058,226.16000717813623,  16.55762276192717,   227674.64615369,      0.0,   227674.64615369,   1.0
 -0.2999993999999999,-0.29999939999999997,-35.045531055758346, 31.44175473326678,-11.414084869708446,         0.02000058,226.16000717813623,  16.55762276192717,220950.78163304547,      0.0,220950.78163304547,   1.0
 0.25748425436471933, 0.29999939999999997,-35.045531055758346, 31.44175473326678,-11.414084869708446,         0.02000058,226.16000717813623,  16.55762276192717,122854.47002219525,      0.0,122854.47002219525,   1.0
 0.25748425436471933,-0.29999939999999997,-34.045531055758346, 31.44175473326678,-11.414084869708446,         0.02000058,226.16000717813623,  16.55762276192717, 227089.0554289263,      0.0, 227089.0554289263,   1.0
 0.25748425436471933,-0.29999939999999997,-35.045531055758346, 32.44175473326678,-11.414084869708446,         0.02000058,226.16000717813623,  16.55762276192717, 230070.2489844604,      0.0, 230070.2489844604,   1.0
 0.25748425436471933,-0.29999939999999997,-35.045531055758346, 31.44175473326678,-10.414084869708446,         0.02000058,226.16000717813623,  16.55762276192717,229779.33688673837,      0.0,229779.33688673837,   1.0
 0.25748425436471933,-0.29999939999999997,-35.045531055758346, 31.44175473326678,-11.414084869708446,         0.59999942,226.16000717813623,  16.55762276192717, 163204.4452303052,      0.0, 163204.4452303052,   1.0
 0.25748425436471933,-0.29999939999999997,-35.045531055758346, 31.44175473326678,-11.414084869708446,         0.02000058,227.16000717813623,  16.55762276192717, 227928.7560933185,      0.0, 227928.7560933185,   1.0
 0.25748425436471933,-0.29999939999999997,-35.045531055758346, 31.44175473326678,-11.414084869708446,         0.02000058,226.16000717813623,  17.55762276192717,230357.04532388007,      0.0,230357.04532388007,   1.0
 0.08429419288459716,-0.11533640647911023,  6.788631836830634,50.622773875168036, 31.497687788251834,0.12618122012502353,245.22205047364812,  35.93354363088967,367632.63692869176,      0.0,367632.63692869176,   1.0
-0.29999939999999997,-0.11533640647911023,  6.788631836830634,50.622773875168036, 31.497687788251834,0.12618122012502353,245.22205047364812,  35.93354363088967, 291716.9917437874,      0.0, 291716.9917437874,   1.0
 0.08429419288459716,  0.2999993999999999,  6.788631836830634,50.622773875168036, 31.497687788251834,0.12618122012502353,245.22205047364812,  35.93354363088967, 199116.0729667173,      0.0, 199116.0729667173,   1.0
 0.08429419288459716,-0.11533640647911023,  7.788631836830634,50.622773875168036, 31.497687788251834,0.12618122012502353,245.22205047364812,  35.93354363088967, 367744.6600536884,      0.0, 367744.6600536884,   1.0
 0.08429419288459716,-0.11533640647911023,  6.788631836830634,51.622773875168036, 31.497687788251834,0.12618122012502353,245.22205047364812,  35.93354363088967,367669.66421342595,      0.0,367669.66421342595,   1.0
 0.08429419288459716,-0.11533640647911023,  6.788631836830634,50.622773875168036,  32.49768778825184,0.12618122012502353,245.22205047364812,  35.93354363088967,367893.37467602035,      0.0,367893.37467602035,   1.0
 0.08429419288459716,-0.11533640647911023,  6.788631836830634,50.622773875168036, 31.497687788251834,         0.59999942,245.22205047364812,  35.93354363088967, 295593.1322502186,      0.0, 295593.1322502186,   1.0
 0.08429419288459716,-0.11533640647911023,  6.788631836830634,50.622773875168036, 31.497687788251834,0.12618122012502353,246.22205047364812,  35.93354363088967, 367699.6921914248,      0.0, 367699.6921914248,   1.0
 0.08429419288459716,-0.11533640647911023,  6.788631836830634,50.622773875168036, 31.497687788251834,0.12618122012502353,245.22205047364812,  36.93354363088967,367558.77206377895,      0.0,367558.77206377895,   1.0
 0.06194194853368936,-0.09150344332595158, 12.187829823131676,53.098313309100426, 37.035964175384024,0.13988509893381265,247.68223465470038,  38.43423745873159,369567.13368655945,      0.0,369567.13368655945,   1.0
-0.29999939999999997,-0.09150344332595158, 12.187829823131676,53.098313309100426, 37.035964175384024,0.13988509893381265,247.68223465470038,  38.43423745873159,285763.18788970856,      0.0,285763.18788970856,   1.0
 0.06194194853368936, 0.29999939999999997, 12.187829823131676,53.098313309100426, 37.035964175384024,0.13988509893381265,247.68223465470038,  38.43423745873159,234035.83368928597,      0.0,234035.83368928597,   1.0
 0.06194194853368936,-0.09150344332595158, 13.187829823131676,53.098313309100426, 37.035964175384024,0.13988509893381265,247.68223465470038,  38.43423745873159, 369619.9018005546,      0.0, 369619.9018005546,   1.0
 0.06194194853368936,-0.09150344332595158, 12.187829823131676,54.098313309100426, 37.035964175384024,0.13988509893381265,247.68223465470038,  38.43423745873159, 369521.4988569442,      0.0, 369521.4988569442,   1.0
 0.06194194853368936,-0.09150344332595158, 12.187829823131676,53.098313309100426, 38.035964175384024,0.13988509893381265,247.68223465470038,  38.43423745873159,369638.63297320495,      0.0,369638.63297320495,   1.0
 0.06194194853368936,-0.09150344332595158, 12.187829823131676,53.098313309100426, 37.035964175384024,         0.59999942,247.68223465470038,  38.43423745873159, 305963.8023627091,      0.0, 305963.8023627091,   1.0
 0.06194194853368936,-0.09150344332595158, 12.187829823131676,53.098313309100426, 37.035964175384024,0.13988509893381265,248.68223465470038,  38.43423745873159,369563.35779097746,      0.0,369563.35779097746,   1.0
 0.06194194853368936,-0.09150344332595158, 12.187829823131676,53.098313309100426, 37.035964175384024,0.13988509893381265,247.68223465470038,  39.43423745873159,369356.28700857545,      0.0,369356.28700857545,   1.0
 0.05776009106071025, -0.0870445597570081,  13.19795999586262, 53.56145933233295,  38.07211437727692, 0.1424489429534852,248.14250788010563,    38.902089590599, 369641.2811686124,      0.0, 369641.2811686124,   1.0
-0.29999939999999997, -0.0870445597570081,  13.19795999586262, 53.56145933233295,  38.07211437727692, 0.1424489429534852,248.14250788010563,    38.902089590599, 284703.2920771898,      0.0, 284703.2920771898,   1.0
 0.05776009106071025, 0.29999939999999997,  13.19795999586262, 53.56145933233295,  38.07211437727692, 0.1424489429534852,248.14250788010563,    38.902089590599, 240895.6595270193,      0.0, 240895.6595270193,   1.0
 0.05776009106071025, -0.0870445597570081,  14.19795999586262, 53.56145933233295,  38.07211437727692, 0.1424489429534852,248.14250788010563,    38.902089590599, 369692.8932790034,      0.0, 369692.8932790034,   1.0
 0.05776009106071025, -0.0870445597570081,  13.19795999586262, 54.56145933233295,  38.07211437727692, 0.1424489429534852,248.14250788010563,    38.902089590599, 369593.7791395201,      0.0, 369593.7791395201,   1.0
 0.05776009106071025, -0.0870445597570081,  13.19795999586262, 53.56145933233295,  39.07211437727692, 0.1424489429534852,248.14250788010563,    38.902089590599, 369699.7946668561,      0.0, 369699.7946668561,   1.0
 0.05776009106071025, -0.0870445597570081,  13.19795999586262, 53.56145933233295,  38.07211437727692,         0.59999942,248.14250788010563,    38.902089590599, 307455.2880912565,      0.0, 307455.2880912565,   1.0
 0.05776009106071025, -0.0870445597570081,  13.19795999586262, 53.56145933233295,  38.07211437727692, 0.1424489429534852,249.14250788010563,    38.902089590599, 369622.6834615853,      0.0, 369622.6834615853,   1.0
 0.05776009106071025, -0.0870445597570081,  13.19795999586262, 53.56145933233295,  38.07211437727692, 0.1424489429534852,248.14250788010563,    39.902089590599,369416.35129321076,      0.0,369416.35129321076,   1.0
 0.05690460231625799,-0.08613239937595696,  13.40460381354092,53.656205796666896, 38.284081150656654,0.14297343230194656, 248.2366666519555, 38.997798790509975,369656.77627283736,      0.0,369656.77627283736,   1.0
-0.29999939999999997,-0.08613239937595696,  13.40460381354092,53.656205796666896, 38.284081150656654,0.14297343230194656, 248.2366666519555, 38.997798790509975,284371.69374926446,      0.0,284371.69374926446,   1.0
 0.05690460231625799, 0.29999939999999997,  13.40460381354092,53.656205796666896, 38.284081150656654,0.14297343230194656, 248.2366666519555, 38.997798790509975,242342.86374440644,      0.0,242342.86374440644,   1.0
 0.05690460231625799,-0.08613239937595696,  14.40460381354092,53.656205796666896, 38.284081150656654,0.14297343230194656, 248.2366666519555, 38.997798790509975, 369710.5897389391,      0.0, 369710.5897389391,   1.0
 0.05690460231625799,-0.08613239937595696,  13.40460381354092,54.656205796666896, 38.284081150656654,0.14297343230194656, 248.2366666519555, 38.997798790509975,369605.31787829776,      0.0,369605.31787829776,   1.0
 0.05690460231625799,-0.08613239937595696,  13.40460381354092,53.656205796666896, 39.284081150656654,0.14297343230194656, 248.2366666519555, 38.997798790509975, 369693.8584869307,      0.0, 369693.8584869307,   1.0
 0.05690460231625799,-0.08613239937595696,  13.40460381354092,53.656205796666896, 38.284081150656654,         0.59999942, 248.2366666519555, 38.997798790509975,307742.89406290953,      0.0,307742.89406290953,   1.0
 0.05690460231625799,-0.08613239937595696,  13.40460381354092,53.656205796666896, 38.284081150656654,0.14297343230194656, 249.2366666519555, 38.997798790509975,  369636.631980612,      0.0,  369636.631980612,   1.0
 0.05690460231625799,-0.08613239937595696,  13.40460381354092,53.656205796666896, 38.284081150656654,0.14297343230194656, 248.2366666519555, 39.997798790509975,369424.00529918785,      0.0,369424.00529918785,   1.0
 0.05672927435930066,-0.08594545686261094, 13.446954386364176, 53.67562359044656,  38.32752263549267, 0.1430809236587972,248.25596400122527,  39.01741389192566, 369661.6752959987,      0.0, 369661.6752959987,   1.0
-0.29999939999999997,-0.08594545686261094, 13.446954386364176, 53.67562359044656,  38.32752263549267, 0.1430809236587972,248.25596400122527,  39.01741389192566, 284367.5955479287,      0.0, 284367.5955479287,   1.0
 0.05672927435930066, 0.29999939999999997, 13.446954386364176, 53.67562359044656,  38.32752263549267, 0.1430809236587972,248.25596400122527,  39.01741389192566,242624.01256570537,      0.0,242624.01256570537,   1.0
 0.05672927435930066,-0.08594545686261094, 14.446954386364176, 53.67562359044656,  38.32752263549267, 0.1430809236587972,248.25596400122527,  39.01741389192566,369712.22097244277,      0.0,369712.22097244277,   1.0
 0.05672927435930066,-0.08594545686261094, 13.446954386364176, 54.67562359044656,  38.32752263549267, 0.1430809236587972,248.25596400122527,  39.01741389192566,369610.70991792524,      0.0,369610.70991792524,   1.0
 0.05672927435930066,-0.08594545686261094, 13.446954386364176, 53.67562359044656,  39.32752263549267, 0.1430809236587972,248.25596400122527,  39.01741389192566,369694.62311978644,      0.0,369694.62311978644,   1.0
 0.05672927435930066,-0.08594545686261094, 13.446954386364176, 53.67562359044656,  38.32752263549267,         0.59999942,248.25596400122527,  39.01741389192566,307735.01418344566,      0.0,307735.01418344566,   1.0
 0.05672927435930066,-0.08594545686261094, 13.446954386364176, 53.67562359044656,  38.32752263549267, 0.1430809236587972,249.25596400122527,  39.01741389192566, 369647.6661581715,      0.0, 369647.6661581715,   1.0
 0.05672927435930066,-0.08594545686261094, 13.446954386364176, 53.67562359044656,  38.32752263549267, 0.1430809236587972,248.25596400122527,  40.01741389192566, 369425.9160968892,      0.0, 369425.9160968892,   1.0
0.056694118699213085,-0.08590797232466753, 13.455446257076218, 53.67951712442491,  38.33623324902572,0.14310247715014776,248.25983338442742,  39.02134698879122, 369664.4372118702,      0.0, 369664.4372118702,   1.0
-0.29999939999999997,-0.08590797232466753, 13.455446257076218, 53.67951712442491,  38.33623324902572,0.14310247715014776,248.25983338442742,  39.02134698879122,284353.39986553433,      0.0,284353.39986553433,   1.0
0.056694118699213085, 0.29999939999999997, 13.455446257076218, 53.67951712442491,  38.33623324902572,0.14310247715014776,248.25983338442742,  39.02134698879122,  242697.067945894,      0.0,  242697.067945894,   1.0
0.056694118699213085,-0.08590797232466753, 14.455446257076218, 53.67951712442491,  38.33623324902572,0.14310247715014776,248.25983338442742,  39.02134698879122,369711.25363536685,      0.0,369711.25363536685,   1.0
0.056694118699213085,-0.08590797232466753, 13.455446257076218, 54.67951712442491,  38.33623324902572,0.14310247715014776,248.25983338442742,  39.02134698879122, 369611.9297101835,      0.0, 369611.9297101835,   1.0
0.056694118699213085,-0.08590797232466753, 13.455446257076218, 53.67951712442491,  39.33623324902572,0.14310247715014776,248.25983338442742,  39.02134698879122, 369694.4479437377,      0.0, 369694.4479437377,   1.0
0.056694118699213085,-0.08590797232466753, 13.455446257076218, 53.67951712442491,  38.33623324902572,         0.59999942,248.25983338442742,  39.02134698879122, 307730.3108686247,      0.0, 307730.3108686247,   1.0
0.056694118699213085,-0.08590797232466753, 13.455446257076218, 53.67951712442491,  38.33623324902572,0.14310247715014776,249.25983338442742,  39.02134698879122, 369649.7007588244,      0.0, 369649.7007588244,   1.0
0.056694118699213085,-0.08590797232466753, 13.455446257076218, 53.67951712442491,  38.33623324902572,0.14310247715014776,248.25983338442742,  40.02134698879122,369428.89564227307,      0.0,369428.89564227307,   1.0
 0.05671732143487088,-0.08593271211971018,  13.44984162240627,  53.6769473919992,  38.33048424409391,0.14308825184585638,  248.257279591514, 39.018751144859955,  369663.301706128,      0.0,  369663.301706128,   1.0
-0.29999939999999997,-0.08593271211971018,  13.44984162240627,  53.6769473919992,  38.33048424409391,0.14308825184585638,  248.257279591514, 39.018751144859955, 284359.8622535882,      0.0, 284359.8622535882,   1.0
 0.05671732143487088,  0.2999993999999999,  13.44984162240627,  53.6769473919992,  38.33048424409391,0.14308825184585638,  248.257279591514, 39.018751144859955,242656.84574415273,      0.0,242656.84574415273,   1.0
 0.05671732143487088,-0.08593271211971018,  14.44984162240627,  53.6769473919992,  38.33048424409391,0.14308825184585638,  248.257279591514, 39.018751144859955,369711.58399909874,      0.0,369711.58399909874,   1.0
 0.05671732143487088,-0.08593271211971018,  13.44984162240627,  54.6769473919992,  38.33048424409391,0.14308825184585638,  248.257279591514, 39.018751144859955,369609.90872684086,      0.0,369609.90872684086,   1.0
 0.05671732143487088,-0.08593271211971018,  13.44984162240627,  53.6769473919992,  39.33048424409391,0.14308825184585638,  248.257279591514, 39.018751144859955, 369694.8112365037,      0.0, 369694.8112365037,   1.0
 0.05671732143487088,-0.08593271211971018,  13.44984162240627,  53.6769473919992,  38.33048424409391,         0.59999942,  248.257279591514, 39.018751144859955, 307740.3231238404,      0.0, 307740.3231238404,   1.0
 0.05671732143487088,-0.08593271211971018,  13.44984162240627,  53.6769473919992,  38.33048424409391,0.14308825184585638,  249.257279591514, 39.018751144859955, 369649.1914790888,      0.0, 369649.1914790888,   1.0
 0.05671732143487088,-0.08593271211971018,  13.44984162240627,  53.6769473919992,  38.33048424409391,0.14308825184585638,  248.257279591514, 40.018751144859955, 369427.7603503385,      0.0, 369427.7603503385,   1.0
 0.05669859270380545,-0.08591274270856827, 13.454365558592139, 53.67902162273738,  38.33512471273733,0.14309973419441763,248.25934095623313, 39.020846452223424, 369663.2490854947,      0.0, 369663.2490854947,   1.0
-0.29999939999999997,-0.08591274270856827, 13.454365558592139, 53.67902162273738,  38.33512471273733,0.14309973419441763,248.25934095623313, 39.020846452223424, 284350.2270445352,      0.0, 284350.2270445352,   1.0
 0.05669859270380545,  0.2999993999999999, 13.454365558592139, 53.67902162273738,  38.33512471273733,0.14309973419441763,248.25934095623313, 39.020846452223424,242661.43680656416,      0.0,242661.43680656416,   1.0
 0.05669859270380545,-0.08591274270856827, 14.454365558592139, 53.67902162273738,  38.33512471273733,0.14309973419441763,248.25934095623313, 39.020846452223424, 369711.1574556159,      0.0, 369711.1574556159,   1.0
 0.05669859270380545,-0.08591274270856827, 13.454365558592139, 54.67902162273738,  38.33512471273733,0.14309973419441763,248.25934095623313, 39.020846452223424, 369611.6257214585,      0.0, 369611.6257214585,   1.0
 0.05669859270380545,-0.08591274270856827, 13.454365558592139, 53.67902162273738,  39.33512471273733,0.14309973419441763,248.25934095623313, 39.020846452223424, 369694.5767870196,      0.0, 369694.5767870196,   1.0
 0.05669859270380545,-0.08591274270856827, 13.454365558592139, 53.67902162273738,  38.33512471273733,         0.59999942,248.25934095623313, 39.020846452223424, 307742.4531160289,      0.0, 307742.4531160289,   1.0
 0.05669859270380545,-0.08591274270856827, 13.454365558592139, 53.67902162273738,  38.33512471273733,0.14309973419441763,249.25934095623313, 39.020846452223424, 369648.6262630914,      0.0, 369648.6262630914,   1.0
 0.05669859270380545,-0.08591274270856827, 13.454365558592139, 53.67902162273738,  38.33512471273733,0.14309973419441763,248.25934095623313, 40.020846452223424, 369427.9242018615,      0.0, 369427.9242018615,   1.0
 0.05669474432782536, -0.0859086393978898, 13.455295136110891, 53.67944783526198, 38.336078235322574, 0.1431020935851443,248.25976452505066, 39.021276995568854, 369663.3591616543,      0.0, 369663.3591616543,   1.0
-0.29999939999999997, -0.0859086393978898, 13.455295136110891, 53.67944783526198, 38.336078235322574, 0.1431020935851443,248.25976452505066, 39.021276995568854, 284351.6199865862,      0.0, 284351.6199865862,   1.0
 0.05669474432782536, 0.29999939999999997, 13.455295136110891, 53.67944783526198, 38.336078235322574, 0.1431020935851443,248.25976452505066, 39.021276995568854,  242696.204371298,      0.0,  242696.204371298,   1.0
 0.05669474432782536, -0.0859086393978898, 14.455295136110891, 53.67944783526198, 38.336078235322574, 0.1431020935851443,248.25976452505066, 39.021276995568854, 369710.7078382308,      0.0, 369710.7078382308,   1.0
 0.05669474432782536, -0.0859086393978898, 13.455295136110891, 54.67944783526198, 38.336078235322574, 0.1431020935851443,248.25976452505066, 39.021276995568854, 369611.5831677659,      0.0, 369611.5831677659,   1.0
 0.05669474432782536, -0.0859086393978898, 13.455295136110891, 53.67944783526198, 39.336078235322574, 0.1431020935851443,248.25976452505066, 39.021276995568854, 369693.8179160715,      0.0, 369693.8179160715,   1.0
 0.05669474432782536, -0.0859086393978898, 13.455295136110891, 53.67944783526198, 38.336078235322574,         0.59999942,248.25976452505066, 39.021276995568854, 307735.8920431812,      0.0, 307735.8920431812,   1.0
 0.05669474432782536, -0.0859086393978898, 13.455295136110891, 53.67944783526198, 38.336078235322574, 0.1431020935851443,249.25976452505066, 39.021276995568854,369649.26555904525,      0.0,369649.26555904525,   1.0
 0.05669474432782536, -0.0859086393978898, 13.455295136110891, 53.67944783526198, 38.336078235322574, 0.1431020935851443,248.25976452505066, 40.021276995568854, 369428.4444390516,      0.0, 369428.4444390516,   1.0
0.056694118699213085,-0.08590797232466753, 13.455446257076218, 53.67951712442491,  38.33623324902572,0.14310247715014776,248.25983338442742,  39.02134698879122, 369664.4372118702,      0.0, 369664.4372118702,   1.0
-0.29999939999999997,-0.08590797232466753, 13.455446257076218, 53.67951712442491,  38.33623324902572,0.14310247715014776,248.25983338442742,  39.02134698879122,284353.39986553433,      0.0,284353.39986553433,   1.0
0.056694118699213085, 0.29999939999999997, 13.455446257076218, 53.67951712442491,  38.33623324902572,0.14310247715014776,248.25983338442742,  39.02134698879122,  242697.067945894,      0.0,  242697.067945894,   1.0
0.056694118699213085,-0.08590797232466753, 14.455446257076218, 53.67951712442491,  38.33623324902572,0.14310247715014776,248.25983338442742,  39.02134698879122,369711.25363536685,      0.0,369711.25363536685,   1.0
0.056694118699213085,-0.08590797232466753, 13.455446257076218, 54.67951712442491,  38.33623324902572,0.14310247715014776,248.25983338442742,  39.02134698879122, 369611.9297101835,      0.0, 369611.9297101835,   1.0
0.056694118699213085,-0.08590797232466753, 13.455446257076218, 53.67951712442491,  39.33623324902572,0.14310247715014776,248.25983338442742,  39.02134698879122, 369694.4479437377,      0.0, 369694.4479437377,   1.0
0.056694118699213085,-0.08590797232466753, 13.455446257076218, 53.67951712442491,  38.33623324902572,         0.59999942,248.25983338442742,  39.02134698879122, 307730.3108686247,      0.0, 307730.3108686247,   1.0
0.056694118699213085,-0.08590797232466753, 13.455446257076218, 53.67951712442491,  38.33623324902572,0.14310247715014776,249.25983338442742,  39.02134698879122, 369649.7007588244,      0.0, 369649.7007588244,   1.0
0.056694118699213085,-0.08590797232466753, 13.455446257076218, 53.67951712442491,  38.33623324902572,0.14310247715014776,248.25983338442742,  40.02134698879122,369428.89564227307,      0.0,369428.89564227307,   1.0
 0.29999939999999997,-0.29999939999999997, 10.042337604164347, 52.11346748225996, 34.832714763142796,         0.02000058, 246.7064980781544,  37.44279262490658,345125.59632838937,      0.0,345125.59632838937,   1.0
-0.29999939999999997,-0.29999939999999997, 10.042337604164347, 52.11346748225996, 34.832714763142796,         0.02000058, 246.7064980781544,  37.44279262490658,188894.29558566658,      0.0,188894.29558566658,   1.0
 0.29999939999999997, 0.29999939999999997, 10.042337604164347, 52.11346748225996, 34.832714763142796,         0.02000058, 246.7064980781544,  37.44279262490658,134205.57405412797,      0.0,134205.57405412797,   1.0
 0.29999939999999997,-0.29999939999999997, 11.042337604164347, 52.11346748225996, 34.832714763142796,         0.02000058, 246.7064980781544,  37.44279262490658, 344875.8615727295,      0.0, 344875.8615727295,   1.0
 0.29999939999999997,-0.29999939999999997, 10.042337604164347, 53.11346748225996, 34.832714763142796,         0.02000058, 246.7064980781544,  37.44279262490658,344950.06415872823,      0.0,344950.06415872823,   1.0
 0.29999939999999997,-0.29999939999999997, 10.042337604164347, 52.11346748225996, 35.832714763142796,         0.02000058, 246.7064980781544,  37.44279262490658,345717.38016874954,      0.0,345717.38016874954,   1.0
 0.29999939999999997,-0.29999939999999997, 10.042337604164347, 52.11346748225996, 34.832714763142796,         0.59999942, 246.7064980781544,  37.44279262490658,289876.72983740724,      0.0,289876.72983740724,   1.0
 0.29999939999999997,-0.29999939999999997, 10.042337604164347, 52.11346748225996, 34.832714763142796,         0.02000058, 247.7064980781544,  37.44279262490658,345373.51416523557,      0.0,345373.51416523557,   1.0
 0.29999939999999997,-0.29999939999999997, 10.042337604164347, 52.11346748225996, 34.832714763142796,         0.02000058, 246.7064980781544,  38.44279262490658, 345527.2544960425,      0.0, 345527.2544960425,   1.0
 0.09835471988300305,-0.12256635284795703,  12.87102754809588, 53.41136606240339,  37.73633387322893,0.12202402371616695,247.99385936876544,  38.75105477216059, 368075.2380418344,      0.0, 368075.2380418344,   1.0
-0.29999939999999997,-0.12256635284795703,  12.87102754809588, 53.41136606240339,  37.73633387322893,0.12202402371616695,247.99385936876544,  38.75105477216059,270194.93347654375,      0.0,270194.93347654375,   1.0
 0.09835471988300305, 0.29999939999999997,  12.87102754809588, 53.41136606240339,  37.73633387322893,0.12202402371616695,247.99385936876544,  38.75105477216059,221456.71771991992,      0.0,221456.71771991992,   1.0
 0.09835471988300305,-0.12256635284795703,  13.87102754809588, 53.41136606240339,  37.73633387322893,0.12202402371616695,247.99385936876544,  38.75105477216059, 368096.4468774943,      0.0, 368096.4468774943,   1.0
 0.09835471988300305,-0.12256635284795703,  12.87102754809588, 54.41136606240339,  37.73633387322893,0.12202402371616695,247.99385936876544,  38.75105477216059, 367943.2624831851,      0.0, 367943.2624831851,   1.0
 0.09835471988300305,-0.12256635284795703,  12.87102754809588, 53.41136606240339,  38.73633387322893,0.12202402371616695,247.99385936876544,  38.75105477216059, 368066.8675790713,      0.0, 368066.8675790713,   1.0
 0.09835471988300305,-0.12256635284795703,  12.87102754809588, 53.41136606240339,  37.73633387322893,         0.59999942,247.99385936876544,  38.75105477216059, 306227.5883296937,      0.0, 306227.5883296937,   1.0
 0.09835471988300305,-0.12256635284795703,  12.87102754809588, 53.41136606240339,  37.73633387322893,0.12202402371616695,248.99385936876544,  38.75105477216059,368032.43736353016,      0.0,368032.43736353016,   1.0
 0.09835471988300305,-0.12256635284795703,  12.87102754809588, 53.41136606240339,  37.73633387322893,0.12202402371616695,247.99385936876544,  39.75105477216059,367857.79716759885,      0.0,367857.79716759885,   1.0
 0.06469665644750995,-0.09294963916559637, 13.343185928455569, 53.62800829029632, 38.220999256630485,0.13905354087731303,  248.208742736671,  38.96942686269618, 369498.1556889211,      0.0, 369498.1556889211,   1.0
-0.29999939999999997,-0.09294963916559637, 13.343185928455569, 53.62800829029632, 38.220999256630485,0.13905354087731303,  248.208742736671,  38.96942686269618,281933.52969825774,      0.0,281933.52969825774,   1.0
 0.06469665644750995,  0.2999993999999999, 13.343185928455569, 53.62800829029632, 38.220999256630485,0.13905354087731303,  248.208742736671,  38.96942686269618,238865.89452987665,      0.0,238865.89452987665,   1.0
 0.06469665644750995,-0.09294963916559637, 14.343185928455569, 53.62800829029632, 38.220999256630485,0.13905354087731303,  248.208742736671,  38.96942686269618, 369560.4729344097,      0.0, 369560.4729344097,   1.0
 0.06469665644750995,-0.09294963916559637, 13.343185928455569, 54.62800829029632, 38.220999256630485,0.13905354087731303,  248.208742736671,  38.96942686269618,369443.50527499197,      0.0,369443.50527499197,   1.0
 0.06469665644750995,-0.09294963916559637, 13.343185928455569, 53.62800829029632, 39.220999256630485,0.13905354087731303,  248.208742736671,  38.96942686269618,   369537.50327149,      0.0,   369537.50327149,   1.0
 0.06469665644750995,-0.09294963916559637, 13.343185928455569, 53.62800829029632, 38.220999256630485,         0.59999942,  248.208742736671,  38.96942686269618,307476.84756862523,      0.0,307476.84756862523,   1.0
 0.06469665644750995,-0.09294963916559637, 13.343185928455569, 53.62800829029632, 38.220999256630485,0.13905354087731303,  249.208742736671,  38.96942686269618, 369483.1076240138,      0.0, 369483.1076240138,   1.0
 0.06469665644750995,-0.09294963916559637, 13.343185928455569, 53.62800829029632, 38.220999256630485,0.13905354087731303,  248.208742736671,  39.96942686269618, 369250.7561451316,      0.0, 369250.7561451316,   1.0
 0.05830572430828414,-0.08732607119967324,  13.43283850676355,53.669143924246505, 38.313026642029165, 0.1422870747598922,248.24954440147164,  39.01089095983263, 369617.7887422702,      0.0, 369617.7887422702,   1.0
-0.29999939999999997,-0.08732607119967324,  13.43283850676355,53.669143924246505, 38.313026642029165, 0.1422870747598922,248.24954440147164,  39.01089095983263,283976.79566551256,      0.0,283976.79566551256,   1.0
 0.05830572430828414, 0.29999939999999997,  13.43283850676355,53.669143924246505, 38.313026642029165, 0.1422870747598922,248.24954440147164,  39.01089095983263, 241745.6531782338,      0.0, 241745.6531782338,   1.0
 0.05830572430828414,-0.08732607119967324,  14.43283850676355,53.669143924246505, 38.313026642029165, 0.1422870747598922,248.24954440147164,  39.01089095983263, 369675.9891879649,      0.0, 369675.9891879649,   1.0
 0.05830572430828414,-0.08732607119967324,  13.43283850676355,54.669143924246505, 38.313026642029165, 0.1422870747598922,248.24954440147164,  39.01089095983263, 369573.5549474254,      0.0, 369573.5549474254,   1.0
 0.05830572430828414,-0.08732607119967324,  13.43283850676355,53.669143924246505, 39.313026642029165, 0.1422870747598922,248.24954440147164,  39.01089095983263, 369667.6783025438,      0.0, 369667.6783025438,   1.0
 0.05830572430828414,-0.08732607119967324,  13.43283850676355,53.669143924246505, 38.313026642029165,         0.59999942,248.24954440147164,  39.01089095983263, 307790.4222508888,      0.0, 307790.4222508888,   1.0
 0.05830572430828414,-0.08732607119967324,  13.43283850676355,53.669143924246505, 38.313026642029165, 0.1422870747598922,249.24954440147164,  39.01089095983263,  369606.263740895,      0.0,  369606.263740895,   1.0
 0.05830572430828414,-0.08732607119967324,  13.43283850676355,53.669143924246505, 38.313026642029165, 0.1422870747598922,248.24954440147164,  40.01089095983263,369387.73925079824,      0.0,369387.73925079824,   1.0
  0.0570136815102203,-0.08618916498137726, 13.450963400848988, 53.67746023842905, 38.331631646422686,0.14294079225747586,248.25779319773582,  39.01927367880324, 369654.6992028333,      0.0, 369654.6992028333,   1.0
-0.29999939999999997,-0.08618916498137726, 13.450963400848988, 53.67746023842905, 38.331631646422686,0.14294079225747586,248.25779319773582,  39.01927367880324,  284284.030571882,      0.0,  284284.030571882,   1.0
  0.0570136815102203, 0.29999939999999997, 13.450963400848988, 53.67746023842905, 38.331631646422686,0.14294079225747586,248.25779319773582,  39.01927367880324, 242523.7255542967,      0.0, 242523.7255542967,   1.0
  0.0570136815102203,-0.08618916498137726, 14.450963400848988, 53.67746023842905, 38.331631646422686,0.14294079225747586,248.25779319773582,  39.01927367880324, 369708.5629312145,      0.0, 369708.5629312145,   1.0
  0.0570136815102203,-0.08618916498137726, 13.450963400848988, 54.67746023842905, 38.331631646422686,0.14294079225747586,248.25779319773582,  39.01927367880324,369603.27322935674,      0.0,369603.27322935674,   1.0
  0.0570136815102203,-0.08618916498137726, 13.450963400848988, 53.67746023842905, 39.331631646422686,0.14294079225747586,248.25779319773582,  39.01927367880324, 369692.9147684661,      0.0, 369692.9147684661,   1.0
  0.0570136815102203,-0.08618916498137726, 13.450963400848988, 53.67746023842905, 38.331631646422686,         0.59999942,248.25779319773582,  39.01927367880324,307779.60523711855,      0.0,307779.60523711855,   1.0
  0.0570136815102203,-0.08618916498137726, 13.450963400848988, 53.67746023842905, 38.331631646422686,0.14294079225747586,249.25779319773582,  39.01927367880324,369633.47115027445,      0.0,369633.47115027445,   1.0
  0.0570136815102203,-0.08618916498137726, 13.450963400848988, 53.67746023842905, 38.331631646422686,0.14294079225747586,248.25779319773582,  40.01927367880324, 369416.3420348071,      0.0, 369416.3420348071,   1.0
0.056757287127117334,-0.08596355607049386, 13.454560124614488, 53.67911053689263, 38.335323643801765, 0.1430705166712242,248.25943009786997,  39.02093715470544,369660.87913263735,      0.0,369660.87913263735,   1.0
 -0.2999993999999999,-0.08596355607049386, 13.454560124614488, 53.67911053689263, 38.335323643801765, 0.1430705166712242,248.25943009786997,  39.02093715470544,284302.95758828684,      0.0,284302.95758828684,   1.0
0.056757287127117334,  0.2999993999999999, 13.454560124614488, 53.67911053689263, 38.335323643801765, 0.1430705166712242,248.25943009786997,  39.02093715470544,242647.35980430624,      0.0,242647.35980430624,   1.0
0.056757287127117334,-0.08596355607049386, 14.454560124614488, 53.67911053689263, 38.335323643801765, 0.1430705166712242,248.25943009786997,  39.02093715470544,369710.00423978025,      0.0,369710.00423978025,   1.0
0.056757287127117334,-0.08596355607049386, 13.454560124614488, 54.67911053689263, 38.335323643801765, 0.1430705166712242,248.25943009786997,  39.02093715470544,369609.02128792985,      0.0,369609.02128792985,   1.0
0.056757287127117334,-0.08596355607049386, 13.454560124614488, 53.67911053689263, 39.335323643801765, 0.1430705166712242,248.25943009786997,  39.02093715470544,369694.55944554426,      0.0,369694.55944554426,   1.0
0.056757287127117334,-0.08596355607049386, 13.454560124614488, 53.67911053689263, 38.335323643801765,         0.59999942,248.25943009786997,  39.02093715470544, 307758.5252346499,      0.0, 307758.5252346499,   1.0
0.056757287127117334,-0.08596355607049386, 13.454560124614488, 53.67911053689263, 38.335323643801765, 0.1430705166712242,249.25943009786997,  39.02093715470544, 369647.4367069307,      0.0, 369647.4367069307,   1.0
0.056757287127117334,-0.08596355607049386, 13.454560124614488, 53.67911053689263, 38.335323643801765, 0.1430705166712242,248.25943009786997,  40.02093715470544,369427.51147712284,      0.0,369427.51147712284,   1.0
 0.05670596060610094, -0.0859183923646209, 13.455280137727515,53.679440903251475,  38.33606272934169, 0.1430964856599673, 248.2597577820732,   39.0212701590007, 369663.3545022489,      0.0, 369663.3545022489,   1.0
-0.29999939999999997, -0.0859183923646209, 13.455280137727515,53.679440903251475,  38.33606272934169, 0.1430964856599673, 248.2597577820732,   39.0212701590007,284352.61252312694,      0.0,284352.61252312694,   1.0
 0.05670596060610094, 0.29999939999999997, 13.455280137727515,53.679440903251475,  38.33606272934169, 0.1430964856599673, 248.2597577820732,   39.0212701590007,242669.53048721413,      0.0,242669.53048721413,   1.0
 0.05670596060610094, -0.0859183923646209, 14.455280137727515,53.679440903251475,  38.33606272934169, 0.1430964856599673, 248.2597577820732,   39.0212701590007,369709.49414483615,      0.0,369709.49414483615,   1.0
 0.05670596060610094, -0.0859183923646209, 13.455280137727515,54.679440903251475,  38.33606272934169, 0.1430964856599673, 248.2597577820732,   39.0212701590007, 369613.3443537878,      0.0, 369613.3443537878,   1.0
 0.05670596060610094, -0.0859183923646209, 13.455280137727515,53.679440903251475,  39.33606272934169, 0.1430964856599673, 248.2597577820732,   39.0212701590007, 369695.9000540659,      0.0, 369695.9000540659,   1.0
 0.05670596060610094, -0.0859183923646209, 13.455280137727515,53.679440903251475,  38.33606272934169,         0.59999942, 248.2597577820732,   39.0212701590007,  307741.865955746,      0.0,  307741.865955746,   1.0
 0.05670596060610094, -0.0859183923646209, 13.455280137727515,53.679440903251475,  38.33606272934169, 0.1430964856599673, 249.2597577820732,   39.0212701590007, 369647.7828014117,      0.0, 369647.7828014117,   1.0
 0.05670596060610094, -0.0859183923646209, 13.455280137727515,53.679440903251475,  38.33606272934169, 0.1430964856599673, 248.2597577820732,   40.0212701590007,369426.97249529115,      0.0,369426.97249529115,   1.0
0.056696194555639366,-0.08590979893140445, 13.455417136773145,53.679503763045346, 38.336203357354954, 0.1431014268570225,248.25982013152532,  39.02133352072262,  369664.197747375,      0.0,  369664.197747375,   1.0
-0.29999939999999997,-0.08590979893140445, 13.455417136773145,53.679503763045346, 38.336203357354954, 0.1431014268570225,248.25982013152532,  39.02133352072262,  284353.343095194,      0.0,  284353.343095194,   1.0
0.056696194555639366, 0.29999939999999997, 13.455417136773145,53.679503763045346, 38.336203357354954, 0.1431014268570225,248.25982013152532,  39.02133352072262,242696.82264178153,      0.0,242696.82264178153,   1.0
0.056696194555639366,-0.08590979893140445, 14.455417136773145,53.679503763045346, 38.336203357354954, 0.1431014268570225,248.25982013152532,  39.02133352072262, 369710.7037009101,      0.0, 369710.7037009101,   1.0
0.056696194555639366,-0.08590979893140445, 13.455417136773145,54.679503763045346, 38.336203357354954, 0.1431014268570225,248.25982013152532,  39.02133352072262, 369612.1589228804,      0.0, 369612.1589228804,   1.0
0.056696194555639366,-0.08590979893140445, 13.455417136773145,53.679503763045346, 39.336203357354954, 0.1431014268570225,248.25982013152532,  39.02133352072262,   369694.55642552,      0.0,   369694.55642552,   1.0
0.056696194555639366,-0.08590979893140445, 13.455417136773145,53.679503763045346, 38.336203357354954,         0.59999942,248.25982013152532,  39.02133352072262, 307735.8421503611,      0.0, 307735.8421503611,   1.0
0.056696194555639366,-0.08590979893140445, 13.455417136773145,53.679503763045346, 38.336203357354954, 0.1431014268570225,249.25982013152532,  39.02133352072262, 369649.2629821427,      0.0, 369649.2629821427,   1.0
0.056696194555639366,-0.08590979893140445, 13.455417136773145,53.679503763045346, 38.336203357354954, 0.1431014268570225,248.25982013152532,  40.02133352072262,369428.42763345357,      0.0,369428.42763345357,   1.0
 0.05669446727007737,-0.08590827904235808, 13.455441367292376,53.679514880826765,   38.3362282297164,0.14310230078844097,248.25983115904444,  39.02134472727821,369664.04717430694,      0.0,369664.04717430694,   1.0
-0.29999939999999997,-0.08590827904235808, 13.455441367292376,53.679514880826765,   38.3362282297164,0.14310230078844097,248.25983115904444,  39.02134472727821,284353.31060560886,      0.0,284353.31060560886,   1.0
 0.05669446727007737, 0.29999939999999997, 13.455441367292376,53.679514880826765,   38.3362282297164,0.14310230078844097,248.25983115904444,  39.02134472727821,  242697.067945894,      0.0,  242697.067945894,   1.0
 0.05669446727007737,-0.08590827904235808, 14.455441367292376,53.679514880826765,   38.3362282297164,0.14310230078844097,248.25983115904444,  39.02134472727821, 369710.9067692202,      0.0, 369710.9067692202,   1.0
 0.05669446727007737,-0.08590827904235808, 13.455441367292376,54.679514880826765,   38.3362282297164,0.14310230078844097,248.25983115904444,  39.02134472727821, 369612.1610691924,      0.0, 369612.1610691924,   1.0
 0.05669446727007737,-0.08590827904235808, 13.455441367292376,53.679514880826765,   39.3362282297164,0.14310230078844097,248.25983115904444,  39.02134472727821, 369694.4479437377,      0.0, 369694.4479437377,   1.0
 0.05669446727007737,-0.08590827904235808, 13.455441367292376,53.679514880826765,   38.3362282297164,         0.59999942,248.25983115904444,  39.02134472727821, 307735.8587608398,      0.0, 307735.8587608398,   1.0
 0.05669446727007737,-0.08590827904235808, 13.455441367292376,53.679514880826765,   38.3362282297164,0.14310230078844097,249.25983115904444,  39.02134472727821, 369649.2610711766,      0.0, 369649.2610711766,   1.0
 0.05669446727007737,-0.08590827904235808, 13.455441367292376,53.679514880826765,   38.3362282297164,0.14310230078844097,248.25983115904444,  40.02134472727821,369428.42402836884,      0.0,369428.42402836884,   1.0
0.056694140271168696,-0.08590799130646172,  13.45544595446286,53.679516985575674, 38.336232938396435,0.14310246623567585,248.25983324670545,  39.02134684883329, 369664.4372118702,      0.0, 369664.4372118702,   1.0
-0.29999939999999997,-0.08590799130646172,  13.45544595446286,53.679516985575674, 38.336232938396435,0.14310246623567585,248.25983324670545,  39.02134684883329,284353.39986553433,      0.0,284353.39986553433,   1.0
0.056694140271168696, 0.29999939999999997,  13.45544595446286,53.679516985575674, 38.336232938396435,0.14310246623567585,248.25983324670545,  39.02134684883329,  242697.067945894,      0.0,  242697.067945894,   1.0
0.056694140271168696,-0.08590799130646172,  14.45544595446286,53.679516985575674, 38.336232938396435,0.14310246623567585,248.25983324670545,  39.02134684883329,369711.25363536685,      0.0,369711.25363536685,   1.0
0.056694140271168696,-0.08590799130646172,  13.45544595446286,54.679516985575674, 38.336232938396435,0.14310246623567585,248.25983324670545,  39.02134684883329, 369611.9297101835,      0.0, 369611.9297101835,   1.0
0.056694140271168696,-0.08590799130646172,  13.45544595446286,53.679516985575674, 39.336232938396435,0.14310246623567585,248.25983324670545,  39.02134684883329, 369694.4479437377,      0.0, 369694.4479437377,   1.0
0.056694140271168696,-0.08590799130646172,  13.45544595446286,53.679516985575674, 38.336232938396435,         0.59999942,248.25983324670545,  39.02134684883329, 307730.3108686247,      0.0, 307730.3108686247,   1.0
0.056694140271168696,-0.08590799130646172,  13.45544595446286,53.679516985575674, 38.336232938396435,0.14310246623567585,249.25983324670545,  39.02134684883329, 369649.7007588244,      0.0, 369649.7007588244,   1.0
0.056694140271168696,-0.08590799130646172,  13.45544595446286,53.679516985575674, 38.336232938396435,0.14310246623567585,248.25983324670545,  40.02134684883329,369428.89564227307,      0.0,369428.89564227307,   1.0
 0.05669412325167962,-0.08590797633051588, 13.455446193213803, 53.67951709512268,  38.33623318347165,0.14310247484679756, 248.2598333553631,  39.02134695925501, 369664.4372118702,      0.0, 369664.4372118702,   1.0
-0.29999939999999997,-0.08590797633051588, 13.455446193213803, 53.67951709512268,  38.33623318347165,0.14310247484679756, 248.2598333553631,  39.02134695925501,284353.39986553433,      0.0,284353.39986553433,   1.0
 0.05669412325167962, 0.29999939999999997, 13.455446193213803, 53.67951709512268,  38.33623318347165,0.14310247484679756, 248.2598333553631,  39.02134695925501,  242697.067945894,      0.0,  242697.067945894,   1.0
 0.05669412325167962,-0.08590797633051588, 14.455446193213803, 53.67951709512268,  38.33623318347165,0.14310247484679756, 248.2598333553631,  39.02134695925501,369711.25363536685,      0.0,369711.25363536685,   1.0
 0.05669412325167962,-0.08590797633051588, 13.455446193213803, 54.67951709512268,  38.33623318347165,0.14310247484679756, 248.2598333553631,  39.02134695925501, 369611.9297101835,      0.0, 369611.9297101835,   1.0
 0.05669412325167962,-0.08590797633051588, 13.455446193213803, 53.67951709512268,  39.33623318347165,0.14310247484679756, 248.2598333553631,  39.02134695925501, 369694.4479437377,      0.0, 369694.4479437377,   1.0
 0.05669412325167962,-0.08590797633051588, 13.455446193213803, 53.67951709512268,  38.33623318347165,         0.59999942, 248.2598333553631,  39.02134695925501, 307730.3108686247,      0.0, 307730.3108686247,   1.0
 0.05669412325167962,-0.08590797633051588, 13.455446193213803, 53.67951709512268,  38.33623318347165,0.14310247484679756, 249.2598333553631,  39.02134695925501, 369649.7007588244,      0.0, 369649.7007588244,   1.0
 0.05669412325167962,-0.08590797633051588, 13.455446193213803, 53.67951709512268,  38.33623318347165,0.14310247484679756, 248.2598333553631,  40.02134695925501,369428.89564227307,      0.0,369428.89564227307,   1.0
 0.05669411965994895, -0.0859079731700471, 13.455446243598928, 53.67951711824107,  38.33623323519143,0.14310247666405718, 248.2598333782938,  39.02134698255801, 369664.4372118702,      0.0, 369664.4372118702,   1.0
-0.29999939999999997, -0.0859079731700471, 13.455446243598928, 53.67951711824107,  38.33623323519143,0.14310247666405718, 248.2598333782938,  39.02134698255801,284353.39986553433,      0.0,284353.39986553433,   1.0
 0.05669411965994895, 0.29999939999999997, 13.455446243598928, 53.67951711824107,  38.33623323519143,0.14310247666405718, 248.2598333782938,  39.02134698255801,  242697.067945894,      0.0,  242697.067945894,   1.0
 0.05669411965994895, -0.0859079731700471, 14.455446243598928, 53.67951711824107,  38.33623323519143,0.14310247666405718, 248.2598333782938,  39.02134698255801,369711.25363536685,      0.0,369711.25363536685,   1.0
 0.05669411965994895, -0.0859079731700471, 13.455446243598928, 54.67951711824107,  38.33623323519143,0.14310247666405718, 248.2598333782938,  39.02134698255801, 369611.9297101835,      0.0, 369611.9297101835,   1.0
 0.05669411965994895, -0.0859079731700471, 13.455446243598928, 53.67951711824107,  39.33623323519143,0.14310247666405718, 248.2598333782938,  39.02134698255801, 369694.4479437377,      0.0, 369694.4479437377,   1.0
 0.05669411965994895, -0.0859079731700471, 13.455446243598928, 53.67951711824107,  38.33623323519143,         0.59999942, 248.2598333782938,  39.02134698255801, 307730.3108686247,      0.0, 307730.3108686247,   1.0
 0.05669411965994895, -0.0859079731700471, 13.455446243598928, 53.67951711824107,  38.33623323519143,0.14310247666405718, 249.2598333782938,  39.02134698255801, 369649.7007588244,      0.0, 369649.7007588244,   1.0
 0.05669411965994895, -0.0859079731700471, 13.455446243598928, 53.67951711824107,  38.33623323519143,0.14310247666405718, 248.2598333782938,  40.02134698255801,369428.89564227307,      0.0,369428.89564227307,   1.0
 0.05669411890196327,-0.08590797250307335,  13.45544625423202,  53.6795171231199,  38.33623324610618,0.14310247704756499,  248.259833383133,  39.02134698747579, 369664.4372118702,      0.0, 369664.4372118702,   1.0
 -0.2999993999999999,-0.08590797250307335,  13.45544625423202,  53.6795171231199,  38.33623324610618,0.14310247704756499,  248.259833383133,  39.02134698747579,284353.39986553433,      0.0,284353.39986553433,   1.0
 0.05669411890196327, 0.29999939999999997,  13.45544625423202,  53.6795171231199,  38.33623324610618,0.14310247704756499,  248.259833383133,  39.02134698747579,  242697.067945894,      0.0,  242697.067945894,   1.0
 0.05669411890196327,-0.08590797250307335,  14.45544625423202,  53.6795171231199,  38.33623324610618,0.14310247704756499,  248.259833383133,  39.02134698747579,369711.25363536685,      0.0,369711.25363536685,   1.0
 0.05669411890196327,-0.08590797250307335,  13.45544625423202,  54.6795171231199,  38.33623324610618,0.14310247704756499,  248.259833383133,  39.02134698747579, 369611.9297101835,      0.0, 369611.9297101835,   1.0
 0.05669411890196327,-0.08590797250307335,  13.45544625423202,  53.6795171231199,  39.33623324610618,0.14310247704756499,  248.259833383133,  39.02134698747579, 369694.4479437377,      0.0, 369694.4479437377,   1.0
 0.05669411890196327,-0.08590797250307335,  13.45544625423202,  53.6795171231199,  38.33623324610618,         0.59999942,  248.259833383133,  39.02134698747579, 307730.3108686247,      0.0, 307730.3108686247,   1.0
 0.05669411890196327,-0.08590797250307335,  13.45544625423202,  53.6795171231199,  38.33623324610618,0.14310247704756499,  249.259833383133,  39.02134698747579, 369649.7007588244,      0.0, 369649.7007588244,   1.0
 0.05669411890196327,-0.08590797250307335,  13.45544625423202,  53.6795171231199,  38.33623324610618,0.14310247704756499,  248.259833383133,  40.02134698747579,369428.89564227307,      0.0,369428.89564227307,   1.0
0.056694118742000754,-0.08590797236231765,  13.45544625647599,53.679517124149505,  38.33623324840959,0.14310247712849905,248.25983338415426,  39.02134698851362, 369664.4372118702,      0.0, 369664.4372118702,   1.0
-0.29999939999999997,-0.08590797236231765,  13.45544625647599,53.679517124149505,  38.33623324840959,0.14310247712849905,248.25983338415426,  39.02134698851362,284353.39986553433,      0.0,284353.39986553433,   1.0
0.056694118742000754,           0.2999994,  13.45544625647599,53.679517124149505,  38.33623324840959,0.14310247712849905,248.25983338415426,  39.02134698851362,  242697.067945894,      0.0,  242697.067945894,   1.0
0.056694118742000754,-0.08590797236231765,  14.45544625647599,53.679517124149505,  38.33623324840959,0.14310247712849905,248.25983338415426,  39.02134698851362,369711.25363536685,      0.0,369711.25363536685,   1.0
0.056694118742000754,-0.08590797236231765,  13.45544625647599,54.679517124149505,  38.33623324840959,0.14310247712849905,248.25983338415426,  39.02134698851362, 369611.9297101835,      0.0, 369611.9297101835,   1.0
0.056694118742000754,-0.08590797236231765,  13.45544625647599,53.679517124149505,  39.33623324840959,0.14310247712849905,248.25983338415426,  39.02134698851362, 369694.4479437377,      0.0, 369694.4479437377,   1.0
0.056694118742000754,-0.08590797236231765,  13.45544625647599,53.679517124149505,  38.33623324840959,         0.59999942,248.25983338415426,  39.02134698851362, 307730.3108686247,      0.0, 307730.3108686247,   1.0
0.056694118742000754,-0.08590797236231765,  13.45544625647599,53.679517124149505,  38.33623324840959,0.14310247712849905,249.25983338415426,  39.02134698851362, 369649.7007588244,      0.0, 369649.7007588244,   1.0
0.056694118742000754,-0.08590797236231765,  13.45544625647599,53.679517124149505,  38.33623324840959,0.14310247712849905,248.25983338415426,  40.02134698851362,369428.89564227307,      0.0,369428.89564227307,   1.0
 0.05669411870824283,-0.08590797233261306, 13.455446256949548, 53.67951712436679, 38.336233248895695, 0.1431024771455791,248.25983338436978,  39.02134698873264, 369664.4372118702,      0.0, 369664.4372118702,   1.0
-0.29999939999999997,-0.08590797233261306, 13.455446256949548, 53.67951712436679, 38.336233248895695, 0.1431024771455791,248.25983338436978,  39.02134698873264,284353.39986553433,      0.0,284353.39986553433,   1.0
 0.05669411870824283, 0.29999939999999997, 13.455446256949548, 53.67951712436679, 38.336233248895695, 0.1431024771455791,248.25983338436978,  39.02134698873264,  242697.067945894,      0.0,  242697.067945894,   1.0
 0.05669411870824283,-0.08590797233261306, 14.455446256949548, 53.67951712436679, 38.336233248895695, 0.1431024771455791,248.25983338436978,  39.02134698873264,369711.25363536685,      0.0,369711.25363536685,   1.0
 0.05669411870824283,-0.08590797233261306, 13.455446256949548, 54.67951712436679, 38.336233248895695, 0.1431024771455791,248.25983338436978,  39.02134698873264, 369611.9297101835,      0.0, 369611.9297101835,   1.0
 0.05669411870824283,-0.08590797233261306, 13.455446256949548, 53.67951712436679, 39.336233248895695, 0.1431024771455791,248.25983338436978,  39.02134698873264, 369694.4479437377,      0.0, 369694.4479437377,   1.0
 0.05669411870824283,-0.08590797233261306, 13.455446256949548, 53.67951712436679, 38.336233248895695,         0.59999942,248.25983338436978,  39.02134698873264, 307730.3108686247,      0.0, 307730.3108686247,   1.0
 0.05669411870824283,-0.08590797233261306, 13.455446256949548, 53.67951712436679, 38.336233248895695, 0.1431024771455791,249.25983338436978,  39.02134698873264, 369649.7007588244,      0.0, 369649.7007588244,   1.0
 0.05669411870824283,-0.08590797233261306, 13.455446256949548, 53.67951712436679, 38.336233248895695, 0.1431024771455791,248.25983338436978,  40.02134698873264,369428.89564227307,      0.0,369428.89564227307,   1.0
0.056694118701118686,-0.08590797232634433, 13.455446257049486, 53.67951712441265, 38.336233248998276,0.14310247714918362,248.25983338441526,  39.02134698877886, 369664.4372118702,      0.0, 369664.4372118702,   1.0
-0.29999939999999997,-0.08590797232634433, 13.455446257049486, 53.67951712441265, 38.336233248998276,0.14310247714918362,248.25983338441526,  39.02134698877886,284353.39986553433,      0.0,284353.39986553433,   1.0
0.056694118701118686, 0.29999939999999997, 13.455446257049486, 53.67951712441265, 38.336233248998276,0.14310247714918362,248.25983338441526,  39.02134698877886,  242697.067945894,      0.0,  242697.067945894,   1.0
0.056694118701118686,-0.08590797232634433, 14.455446257049486, 53.67951712441265, 38.336233248998276,0.14310247714918362,248.25983338441526,  39.02134698877886,369711.25363536685,      0.0,369711.25363536685,   1.0
0.056694118701118686,-0.08590797232634433, 13.455446257049486, 54.67951712441265, 38.336233248998276,0.14310247714918362,248.25983338441526,  39.02134698877886, 369611.9297101835,      0.0, 369611.9297101835,   1.0
0.056694118701118686,-0.08590797232634433, 13.455446257049486, 53.67951712441265, 39.336233248998276,0.14310247714918362,248.25983338441526,  39.02134698877886, 369694.4479437377,      0.0, 369694.4479437377,   1.0
0.056694118701118686,-0.08590797232634433, 13.455446257049486, 53.67951712441265, 38.336233248998276,         0.59999942,248.25983338441526,  39.02134698877886, 307730.3108686247,      0.0, 307730.3108686247,   1.0
0.056694118701118686,-0.08590797232634433, 13.455446257049486, 53.67951712441265, 38.336233248998276,0.14310247714918362,249.25983338441526,  39.02134698877886, 369649.7007588244,      0.0, 369649.7007588244,   1.0
0.056694118701118686,-0.08590797232634433, 13.455446257049486, 53.67951712441265, 38.336233248998276,0.14310247714918362,248.25983338441526,  40.02134698877886,369428.89564227307,      0.0,369428.89564227307,   1.0
 0.05669411869961522,-0.08590797232502138, 13.455446257070577,53.679517124422325,  38.33623324901993,0.14310247714994428,248.25983338442487, 39.021346988788615, 369664.4372118702,      0.0, 369664.4372118702,   1.0
-0.29999939999999997,-0.08590797232502138, 13.455446257070577,53.679517124422325,  38.33623324901993,0.14310247714994428,248.25983338442487, 39.021346988788615,284353.39986553433,      0.0,284353.39986553433,   1.0
 0.05669411869961522, 0.29999939999999997, 13.455446257070577,53.679517124422325,  38.33623324901993,0.14310247714994428,248.25983338442487, 39.021346988788615,  242697.067945894,      0.0,  242697.067945894,   1.0
 0.05669411869961522,-0.08590797232502138, 14.455446257070577,53.679517124422325,  38.33623324901993,0.14310247714994428,248.25983338442487, 39.021346988788615,369711.25363536685,      0.0,369711.25363536685,   1.0
 0.05669411869961522,-0.08590797232502138, 13.455446257070577,54.679517124422325,  38.33623324901993,0.14310247714994428,248.25983338442487, 39.021346988788615, 369611.9297101835,      0.0, 369611.9297101835,   1.0
 0.05669411869961522,-0.08590797232502138, 13.455446257070577,53.679517124422325,  39.33623324901993,0.14310247714994428,248.25983338442487, 39.021346988788615, 369694.4479437377,      0.0, 369694.4479437377,   1.0
 0.05669411869961522,-0.08590797232502138, 13.455446257070577,53.679517124422325,  38.33623324901993,         0.59999942,248.25983338442487, 39.021346988788615, 307730.3108686247,      0.0, 307730.3108686247,   1.0
 0.05669411869961522,-0.08590797232502138, 13.455446257070577,53.679517124422325,  38.33623324901993,0.14310247714994428,249.25983338442487, 39.021346988788615, 369649.7007588244,      0.0, 369649.7007588244,   1.0
 0.05669411869961522,-0.08590797232502138, 13.455446257070577,53.679517124422325,  38.33623324901993,0.14310247714994428,248.25983338442487, 40.021346988788615,369428.89564227307,      0.0,369428.89564227307,   1.0
0.056694118699297955, -0.0859079723247422, 13.455446257075028,53.679517124424365, 38.336233249024495,0.14310247715010482,248.25983338442688, 39.021346988790675, 369664.4372118702,      0.0, 369664.4372118702,   1.0
-0.29999939999999997, -0.0859079723247422, 13.455446257075028,53.679517124424365, 38.336233249024495,0.14310247715010482,248.25983338442688, 39.021346988790675,284353.39986553433,      0.0,284353.39986553433,   1.0
0.056694118699297955,  0.2999993999999999, 13.455446257075028,53.679517124424365, 38.336233249024495,0.14310247715010482,248.25983338442688, 39.021346988790675,  242697.067945894,      0.0,  242697.067945894,   1.0
0.056694118699297955, -0.0859079723247422, 14.455446257075028,53.679517124424365, 38.336233249024495,0.14310247715010482,248.25983338442688, 39.021346988790675,369711.25363536685,      0.0,369711.25363536685,   1.0
0.056694118699297955, -0.0859079723247422, 13.455446257075028,54.679517124424365, 38.336233249024495,0.14310247715010482,248.25983338442688, 39.021346988790675, 369611.9297101835,      0.0, 369611.9297101835,   1.0
0.056694118699297955, -0.0859079723247422, 13.455446257075028,53.679517124424365, 39.336233249024495,0.14310247715010482,248.25983338442688, 39.021346988790675, 369694.4479437377,      0.0, 369694.4479437377,   1.0
0.056694118699297955, -0.0859079723247422, 13.455446257075028,53.679517124424365, 38.336233249024495,         0.59999942,248.25983338442688, 39.021346988790675, 307730.3108686247,      0.0, 307730.3108686247,   1.0
0.056694118699297955, -0.0859079723247422, 13.455446257075028,53.679517124424365, 38.336233249024495,0.14310247715010482,249.25983338442688, 39.021346988790675, 369649.7007588244,      0.0, 369649.7007588244,   1.0
0.056694118699297955, -0.0859079723247422, 13.455446257075028,53.679517124424365, 38.336233249024495,0.14310247715010482,248.25983338442688, 40.021346988790675,369428.89564227307,      0.0,369428.89564227307,   1.0
0.056694118699230994,-0.08590797232468328, 13.455446257075968,  53.6795171244248,  38.33623324902546, 0.1431024771501387, 248.2598333844273,  39.02134698879111, 369664.4372118702,      0.0, 369664.4372118702,   1.0
 -0.2999993999999999,-0.08590797232468328, 13.455446257075968,  53.6795171244248,  38.33623324902546, 0.1431024771501387, 248.2598333844273,  39.02134698879111,284353.39986553433,      0.0,284353.39986553433,   1.0
0.056694118699230994, 0.29999939999999997, 13.455446257075968,  53.6795171244248,  38.33623324902546, 0.1431024771501387, 248.2598333844273,  39.02134698879111,  242697.067945894,      0.0,  242697.067945894,   1.0
0.056694118699230994,-0.08590797232468328, 14.455446257075968,  53.6795171244248,  38.33623324902546, 0.1431024771501387, 248.2598333844273,  39.02134698879111,369711.25363536685,      0.0,369711.25363536685,   1.0
0.056694118699230994,-0.08590797232468328, 13.455446257075968,  54.6795171244248,  38.33623324902546, 0.1431024771501387, 248.2598333844273,  39.02134698879111, 369611.9297101835,      0.0, 369611.9297101835,   1.0
0.056694118699230994,-0.08590797232468328, 13.455446257075968,  53.6795171244248,  39.33623324902546, 0.1431024771501387, 248.2598333844273,  39.02134698879111, 369694.4479437377,      0.0, 369694.4479437377,   1.0
0.056694118699230994,-0.08590797232468328, 13.455446257075968,  53.6795171244248,  38.33623324902546,         0.59999942, 248.2598333844273,  39.02134698879111, 307730.3108686247,      0.0, 307730.3108686247,   1.0
0.056694118699230994,-0.08590797232468328, 13.455446257075968,  53.6795171244248,  38.33623324902546, 0.1431024771501387, 249.2598333844273,  39.02134698879111, 369649.7007588244,      0.0, 369649.7007588244,   1.0
0.056694118699230994,-0.08590797232468328, 13.455446257075968,  53.6795171244248,  38.33623324902546, 0.1431024771501387, 248.2598333844273,  40.02134698879111,369428.89564227307,      0.0,369428.89564227307,   1.0
 0.05669411869927519,-0.08590797232472218, 13.455446257075348,53.679517124424514,  38.33623324902482,0.14310247715011634,248.25983338442703,  39.02134698879082, 369664.4372118702,      0.0, 369664.4372118702,   1.0
-0.29999939999999997,-0.08590797232472218, 13.455446257075348,53.679517124424514,  38.33623324902482,0.14310247715011634,248.25983338442703,  39.02134698879082,284353.39986553433,      0.0,284353.39986553433,   1.0
 0.05669411869927519, 0.29999939999999997, 13.455446257075348,53.679517124424514,  38.33623324902482,0.14310247715011634,248.25983338442703,  39.02134698879082,  242697.067945894,      0.0,  242697.067945894,   1.0
 0.05669411869927519,-0.08590797232472218, 14.455446257075348,53.679517124424514,  38.33623324902482,0.14310247715011634,248.25983338442703,  39.02134698879082,369711.25363536685,      0.0,369711.25363536685,   1.0
 0.05669411869927519,-0.08590797232472218, 13.455446257075348,54.679517124424514,  38.33623324902482,0.14310247715011634,248.25983338442703,  39.02134698879082, 369611.9297101835,      0.0, 369611.9297101835,   1.0
 0.05669411869927519,-0.08590797232472218, 13.455446257075348,53.679517124424514,  39.33623324902482,0.14310247715011634,248.25983338442703,  39.02134698879082, 369694.4479437377,      0.0, 369694.4479437377,   1.0
 0.05669411869927519,-0.08590797232472218, 13.455446257075348,53.679517124424514,  38.33623324902482,         0.59999942,248.25983338442703,  39.02134698879082, 307730.3108686247,      0.0, 307730.3108686247,   1.0
 0.05669411869927519,-0.08590797232472218, 13.455446257075348,53.679517124424514,  38.33623324902482,0.14310247715011634,249.25983338442703,  39.02134698879082, 369649.7007588244,      0.0, 369649.7007588244,   1.0
 0.05669411869927519,-0.08590797232472218, 13.455446257075348,53.679517124424514,  38.33623324902482,0.14310247715011634,248.25983338442703,  40.02134698879082,369428.89564227307,      0.0,369428.89564227307,   1.0
 0.29999939999999997,-0.29999939999999997,           59.99988,          20.00006,  98.35769667538585,         0.02000058,218.78692744433917,           5.000115,157189.20317325406,      0.0,157189.20317325406,   1.0
-0.29999939999999997,-0.29999939999999997,           59.99988,          20.00006,  98.35769667538585,         0.02000058,218.78692744433917,           5.000115, 98775.87721295725,      0.0, 98775.87721295725,   1.0
 0.29999939999999997, 0.29999939999999997,           59.99988,          20.00006,  98.35769667538585,         0.02000058,218.78692744433917,           5.000115,   145089.11636109,      0.0,   145089.11636109,   1.0
 0.29999939999999997,-0.29999939999999997,           58.99988,          20.00006,  98.35769667538585,         0.02000058,218.78692744433917,           5.000115,156736.27524500585,      0.0,156736.27524500585,   1.0
 0.29999939999999997,-0.29999939999999997,           59.99988,          21.00006,  98.35769667538585,         0.02000058,218.78692744433917,           5.000115,161547.82180433196,      0.0,161547.82180433196,   1.0
 0.29999939999999997,-0.29999939999999997,           59.99988,          20.00006,  99.35769667538585,         0.02000058,218.78692744433917,           5.000115,155018.97120039264,      0.0,155018.97120039264,   1.0
 0.29999939999999997,-0.29999939999999997,           59.99988,          20.00006,  98.35769667538585,         0.59999942,218.78692744433917,           5.000115,104862.29438793816,      0.0,104862.29438793816,   1.0
 0.29999939999999997,-0.29999939999999997,           59.99988,          20.00006,  98.35769667538585,         0.02000058,219.78692744433917,           5.000115, 157512.2550058702,      0.0, 157512.2550058702,   1.0
 0.29999939999999997,-0.29999939999999997,           59.99988,          20.00006,  98.35769667538585,         0.02000058,218.78692744433917,           6.000115,158742.41724066535,      0.0,158742.41724066535,   1.0
 0.08808653509405238,-0.11353107696184551, 19.460832729199407, 49.33403174757845,  46.08049084357643,0.12721927891593163,244.45709745247134,  34.63176417682903, 368305.5403457786,      0.0, 368305.5403457786,   1.0
-0.29999939999999997,-0.11353107696184551, 19.460832729199407, 49.33403174757845,  46.08049084357643,0.12721927891593163,244.45709745247134,  34.63176417682903,238120.22393793525,      0.0,238120.22393793525,   1.0
 0.08808653509405238, 0.29999939999999997, 19.460832729199407, 49.33403174757845,  46.08049084357643,0.12721927891593163,244.45709745247134,  34.63176417682903,252712.32872438116,      0.0,252712.32872438116,   1.0
 0.08808653509405238,-0.11353107696184551, 20.460832729199407, 49.33403174757845,  46.08049084357643,0.12721927891593163,244.45709745247134,  34.63176417682903,368174.35059934465,      0.0,368174.35059934465,   1.0
 0.08808653509405238,-0.11353107696184551, 19.460832729199407, 50.33403174757845,  46.08049084357643,0.12721927891593163,244.45709745247134,  34.63176417682903,368478.30986181635,      0.0,368478.30986181635,   1.0
 0.08808653509405238,-0.11353107696184551, 19.460832729199407, 49.33403174757845,  47.08049084357643,0.12721927891593163,244.45709745247134,  34.63176417682903, 368014.9892832833,      0.0, 368014.9892832833,   1.0
 0.08808653509405238,-0.11353107696184551, 19.460832729199407, 49.33403174757845,  46.08049084357643,         0.59999942,244.45709745247134,  34.63176417682903, 292156.5524451854,      0.0, 292156.5524451854,   1.0
 0.08808653509405238,-0.11353107696184551, 19.460832729199407, 49.33403174757845,  46.08049084357643,0.12721927891593163,245.45709745247134,  34.63176417682903,368359.77028968727,      0.0,368359.77028968727,   1.0
 0.08808653509405238,-0.11353107696184551, 19.460832729199407, 49.33403174757845,  46.08049084357643,0.12721927891593163,244.45709745247134,  35.63176417682903,368205.10630649753,      0.0,368205.10630649753,   1.0
 0.06315932030036783,-0.09159689216068585, 14.692242868932661, 52.78457362396851,   39.9311466819488, 0.1398313661479315,247.47666798145792, 38.117321715064136,369835.21170864045,      0.0,369835.21170864045,   1.0
 -0.2999993999999999,-0.09159689216068585, 14.692242868932661, 52.78457362396851,   39.9311466819488, 0.1398313661479315,247.47666798145792, 38.117321715064136,275434.42328809033,      0.0,275434.42328809033,   1.0
 0.06315932030036783, 0.29999939999999997, 14.692242868932661, 52.78457362396851,   39.9311466819488, 0.1398313661479315,247.47666798145792, 38.117321715064136,244633.60780172926,      0.0,244633.60780172926,   1.0
 0.06315932030036783,-0.09159689216068585, 15.692242868932661, 52.78457362396851,   39.9311466819488, 0.1398313661479315,247.47666798145792, 38.117321715064136, 369837.3858564805,      0.0, 369837.3858564805,   1.0
 0.06315932030036783,-0.09159689216068585, 14.692242868932661, 53.78457362396851,   39.9311466819488, 0.1398313661479315,247.47666798145792, 38.117321715064136, 369812.9550422315,      0.0, 369812.9550422315,   1.0
 0.06315932030036783,-0.09159689216068585, 14.692242868932661, 52.78457362396851,   40.9311466819488, 0.1398313661479315,247.47666798145792, 38.117321715064136, 369788.0366764265,      0.0, 369788.0366764265,   1.0
 0.06315932030036783,-0.09159689216068585, 14.692242868932661, 52.78457362396851,   39.9311466819488,         0.59999942,247.47666798145792, 38.117321715064136, 305031.8802880254,      0.0, 305031.8802880254,   1.0
 0.06315932030036783,-0.09159689216068585, 14.692242868932661, 52.78457362396851,   39.9311466819488, 0.1398313661479315,248.47666798145792, 38.117321715064136, 369825.4239886093,      0.0, 369825.4239886093,   1.0
 0.06315932030036783,-0.09159689216068585, 14.692242868932661, 52.78457362396851,   39.9311466819488, 0.1398313661479315,247.47666798145792, 39.117321715064136, 369621.5185433934,      0.0, 369621.5185433934,   1.0
 0.07961128206419964,-0.10607345412945123, 17.839512176708713, 50.50721598555107,  43.98971382862303, 0.1315073885748116,245.48375143232678, 35.816853739828964,369187.52151374717,      0.0,369187.52151374717,   1.0
-0.29999939999999997,-0.10607345412945123, 17.839512176708713, 50.50721598555107,  43.98971382862303, 0.1315073885748116,245.48375143232678, 35.816853739828964,250245.21097063605,      0.0,250245.21097063605,   1.0
 0.07961128206419964, 0.29999939999999997, 17.839512176708713, 50.50721598555107,  43.98971382862303, 0.1315073885748116,245.48375143232678, 35.816853739828964,250285.27440417037,      0.0,250285.27440417037,   1.0
 0.07961128206419964,-0.10607345412945123, 18.839512176708713, 50.50721598555107,  43.98971382862303, 0.1315073885748116,245.48375143232678, 35.816853739828964, 369067.4715048469,      0.0, 369067.4715048469,   1.0
 0.07961128206419964,-0.10607345412945123, 17.839512176708713, 51.50721598555107,  43.98971382862303, 0.1315073885748116,245.48375143232678, 35.816853739828964,369256.46022617957,      0.0,369256.46022617957,   1.0
 0.07961128206419964,-0.10607345412945123, 17.839512176708713, 50.50721598555107,  44.98971382862303, 0.1315073885748116,245.48375143232678, 35.816853739828964,368978.28467599663,      0.0,368978.28467599663,   1.0
 0.07961128206419964,-0.10607345412945123, 17.839512176708713, 50.50721598555107,  43.98971382862303,         0.59999942,245.48375143232678, 35.816853739828964,297231.66592797387,      0.0,297231.66592797387,   1.0
 0.07961128206419964,-0.10607345412945123, 17.839512176708713, 50.50721598555107,  43.98971382862303, 0.1315073885748116,246.48375143232678, 35.816853739828964,   369220.68090718,      0.0,   369220.68090718,   1.0
 0.07961128206419964,-0.10607345412945123, 17.839512176708713, 50.50721598555107,  43.98971382862303, 0.1315073885748116,245.48375143232678, 36.816853739828964, 369046.8329578609,      0.0, 369046.8329578609,   1.0
 0.06647106790332703,-0.09451099566319623, 15.325782001561109,  52.3261460024863,  40.74812828039842,0.13815576580490924,247.07549779280646,  37.65424202815298,369831.79727404774,      0.0,369831.79727404774,   1.0
-0.29999939999999997,-0.09451099566319623, 15.325782001561109,  52.3261460024863,  40.74812828039842,0.13815576580490924,247.07549779280646,  37.65424202815298,   270734.07294279,      0.0,   270734.07294279,   1.0
 0.06647106790332703,           0.2999994, 15.325782001561109,  52.3261460024863,  40.74812828039842,0.13815576580490924,247.07549779280646,  37.65424202815298,245739.47486420348,      0.0,245739.47486420348,   1.0
 0.06647106790332703,-0.09451099566319623,  16.32578200156111,  52.3261460024863,  40.74812828039842,0.13815576580490924,247.07549779280646,  37.65424202815298, 369813.1340472695,      0.0, 369813.1340472695,   1.0
 0.06647106790332703,-0.09451099566319623, 15.325782001561109,  53.3261460024863,  40.74812828039842,0.13815576580490924,247.07549779280646,  37.65424202815298, 369839.7565836081,      0.0, 369839.7565836081,   1.0
 0.06647106790332703,-0.09451099566319623, 15.325782001561109,  52.3261460024863,  41.74812828039842,0.13815576580490924,247.07549779280646,  37.65424202815298,369714.62952536007,      0.0,369714.62952536007,   1.0
 0.06647106790332703,-0.09451099566319623, 15.325782001561109,  52.3261460024863,  40.74812828039842,         0.59999942,247.07549779280646,  37.65424202815298,  303445.679983349,      0.0,  303445.679983349,   1.0
 0.06647106790332703,-0.09451099566319623, 15.325782001561109,  52.3261460024863,  40.74812828039842,0.13815576580490924,248.07549779280646,  37.65424202815298,  369836.176349014,      0.0,  369836.176349014,   1.0
 0.06647106790332703,-0.09451099566319623, 15.325782001561109,  52.3261460024863,  40.74812828039842,0.13815576580490924,247.07549779280646,  38.65424202815298,369625.88442121237,      0.0,369625.88442121237,   1.0
 0.06386674823170586,-0.09221937867223153,  14.82757422015537, 52.68664813482689,  40.10566348438146,0.13947343836280854,247.39097334808108, 38.018402490463956, 369840.8383710146,      0.0, 369840.8383710146,   1.0
-0.29999939999999997,-0.09221937867223153,  14.82757422015537, 52.68664813482689,  40.10566348438146,0.13947343836280854,247.39097334808108, 38.018402490463956,274602.59956925386,      0.0,274602.59956925386,   1.0
 0.06386674823170586, 0.29999939999999997,  14.82757422015537, 52.68664813482689,  40.10566348438146,0.13947343836280854,247.39097334808108, 38.018402490463956, 244944.8757448403,      0.0, 244944.8757448403,   1.0
 0.06386674823170586,-0.09221937867223153,  15.82757422015537, 52.68664813482689,  40.10566348438146,0.13947343836280854,247.39097334808108, 38.018402490463956, 369837.2225441464,      0.0, 369837.2225441464,   1.0
 0.06386674823170586,-0.09221937867223153,  14.82757422015537, 53.68664813482689,  40.10566348438146,0.13947343836280854,247.39097334808108, 38.018402490463956,369826.29382060305,      0.0,369826.29382060305,   1.0
 0.06386674823170586,-0.09221937867223153,  14.82757422015537, 52.68664813482689,  41.10566348438146,0.13947343836280854,247.39097334808108, 38.018402490463956, 369787.3228930214,      0.0, 369787.3228930214,   1.0
 0.06386674823170586,-0.09221937867223153,  14.82757422015537, 52.68664813482689,  40.10566348438146,         0.59999942,247.39097334808108, 38.018402490463956,304623.65088627464,      0.0,304623.65088627464,   1.0
 0.06386674823170586,-0.09221937867223153,  14.82757422015537, 52.68664813482689,  40.10566348438146,0.13947343836280854,248.39097334808108, 38.018402490463956, 369828.7597292156,      0.0, 369828.7597292156,   1.0
 0.06386674823170586,-0.09221937867223153,  14.82757422015537, 52.68664813482689,  40.10566348438146,0.13947343836280854,247.39097334808108, 39.018402490463956, 369626.7258941714,      0.0, 369626.7258941714,   1.0
 0.06558559921497584,-0.09373184588626823, 15.156391355883157,  52.4487167274821, 40.529690249752655,  0.138603774474595,247.18275948159985,  37.77805658533871,369827.02213367296,      0.0,369827.02213367296,   1.0
 -0.2999993999999999,-0.09373184588626823, 15.156391355883157,  52.4487167274821, 40.529690249752655,  0.138603774474595,247.18275948159985,  37.77805658533871, 272078.9306126011,      0.0, 272078.9306126011,   1.0
 0.06558559921497584,  0.2999993999999999, 15.156391355883157,  52.4487167274821, 40.529690249752655,  0.138603774474595,247.18275948159985,  37.77805658533871,245559.40138177207,      0.0,245559.40138177207,   1.0
 0.06558559921497584,-0.09373184588626823,  16.15639135588316,  52.4487167274821, 40.529690249752655,  0.138603774474595,247.18275948159985,  37.77805658533871, 369815.1153889654,      0.0, 369815.1153889654,   1.0
 0.06558559921497584,-0.09373184588626823, 15.156391355883157,  53.4487167274821, 40.529690249752655,  0.138603774474595,247.18275948159985,  37.77805658533871,369840.58487651625,      0.0,369840.58487651625,   1.0
 0.06558559921497584,-0.09373184588626823, 15.156391355883157,  52.4487167274821, 41.529690249752655,  0.138603774474595,247.18275948159985,  37.77805658533871,369748.31990414986,      0.0,369748.31990414986,   1.0
 0.06558559921497584,-0.09373184588626823, 15.156391355883157,  52.4487167274821, 40.529690249752655,         0.59999942,247.18275948159985,  37.77805658533871, 303825.5868363101,      0.0, 303825.5868363101,   1.0
 0.06558559921497584,-0.09373184588626823, 15.156391355883157,  52.4487167274821, 40.529690249752655,  0.138603774474595,248.18275948159985,  37.77805658533871,369826.70725020184,      0.0,369826.70725020184,   1.0
 0.06558559921497584,-0.09373184588626823, 15.156391355883157,  52.4487167274821, 40.529690249752655,  0.138603774474595,247.18275948159985,  38.77805658533871,369615.01103899814,      0.0,369615.01103899814,   1.0
   0.064225896423395,-0.09253540366229611, 14.896279466184534, 52.63693315922652,   40.1942624656155, 0.1392917249880778,247.34746775372813,  37.96818301358912, 369824.1511686672,      0.0, 369824.1511686672,   1.0
-0.29999939999999997,-0.09253540366229611, 14.896279466184534, 52.63693315922652,   40.1942624656155, 0.1392917249880778,247.34746775372813,  37.96818301358912, 274072.3217264861,      0.0, 274072.3217264861,   1.0
   0.064225896423395, 0.29999939999999997, 14.896279466184534, 52.63693315922652,   40.1942624656155, 0.1392917249880778,247.34746775372813,  37.96818301358912,245088.09652894578,      0.0,245088.09652894578,   1.0
   0.064225896423395,-0.09253540366229611, 15.896279466184534, 52.63693315922652,   40.1942624656155, 0.1392917249880778,247.34746775372813,  37.96818301358912,  369818.481096111,      0.0,  369818.481096111,   1.0
   0.064225896423395,-0.09253540366229611, 14.896279466184534, 53.63693315922652,   40.1942624656155, 0.1392917249880778,247.34746775372813,  37.96818301358912,369827.86728564976,      0.0,369827.86728564976,   1.0
   0.064225896423395,-0.09253540366229611, 14.896279466184534, 52.63693315922652,   41.1942624656155, 0.1392917249880778,247.34746775372813,  37.96818301358912,  369787.373009489,      0.0,  369787.373009489,   1.0
   0.064225896423395,-0.09253540366229611, 14.896279466184534, 52.63693315922652,   40.1942624656155,         0.59999942,247.34746775372813,  37.96818301358912,304445.50035395846,      0.0,304445.50035395846,   1.0
   0.064225896423395,-0.09253540366229611, 14.896279466184534, 52.63693315922652,   40.1942624656155, 0.1392917249880778,248.34746775372813,  37.96818301358912,369822.19144770596,      0.0,369822.19144770596,   1.0
   0.064225896423395,-0.09253540366229611, 14.896279466184534, 52.63693315922652,   40.1942624656155, 0.1392917249880778,247.34746775372813,  38.96818301358912, 369612.9222430568,      0.0, 369612.9222430568,   1.0
 0.06386674823170586,-0.09221937867223153,  14.82757422015537, 52.68664813482689,  40.10566348438146,0.13947343836280854,247.39097334808108, 38.018402490463956, 369840.8383710146,      0.0, 369840.8383710146,   1.0
-0.29999939999999997,-0.09221937867223153,  14.82757422015537, 52.68664813482689,  40.10566348438146,0.13947343836280854,247.39097334808108, 38.018402490463956,274602.59956925386,      0.0,274602.59956925386,   1.0
 0.06386674823170586, 0.29999939999999997,  14.82757422015537, 52.68664813482689,  40.10566348438146,0.13947343836280854,247.39097334808108, 38.018402490463956, 244944.8757448403,      0.0, 244944.8757448403,   1.0
 0.06386674823170586,-0.09221937867223153,  15.82757422015537, 52.68664813482689,  40.10566348438146,0.13947343836280854,247.39097334808108, 38.018402490463956, 369837.2225441464,      0.0, 369837.2225441464,   1.0
 0.06386674823170586,-0.09221937867223153,  14.82757422015537, 53.68664813482689,  40.10566348438146,0.13947343836280854,247.39097334808108, 38.018402490463956,369826.29382060305,      0.0,369826.29382060305,   1.0
 0.06386674823170586,-0.09221937867223153,  14.82757422015537, 52.68664813482689,  41.10566348438146,0.13947343836280854,247.39097334808108, 38.018402490463956, 369787.3228930214,      0.0, 369787.3228930214,   1.0
 0.06386674823170586,-0.09221937867223153,  14.82757422015537, 52.68664813482689,  40.10566348438146,         0.59999942,247.39097334808108, 38.018402490463956,304623.65088627464,      0.0,304623.65088627464,   1.0
 0.06386674823170586,-0.09221937867223153,  14.82757422015537, 52.68664813482689,  40.10566348438146,0.13947343836280854,248.39097334808108, 38.018402490463956, 369828.7597292156,      0.0, 369828.7597292156,   1.0
 0.06386674823170586,-0.09221937867223153,  14.82757422015537, 52.68664813482689,  40.10566348438146,0.13947343836280854,247.39097334808108, 39.018402490463956, 369626.7258941714,      0.0, 369626.7258941714,   1.0
 0.29999939999999997,-0.29999939999999997,           59.99988,          20.00006, 148.83104276517258,         0.02000058,  194.002249555566,           5.000115, 93775.47025058727,      0.0, 93775.47025058727,   1.0
-0.29999939999999997,-0.29999939999999997,           59.99988,          20.00006, 148.83104276517258,         0.02000058,  194.002249555566,           5.000115,118917.42762447079,      0.0,118917.42762447079,   1.0
 0.29999939999999997, 0.29999939999999997,           59.99988,          20.00006, 148.83104276517258,         0.02000058,  194.002249555566,           5.000115,104726.15526978206,      0.0,104726.15526978206,   1.0
 0.29999939999999997,-0.29999939999999997,           58.99988,          20.00006, 148.83104276517258,         0.02000058,  194.002249555566,           5.000115,   94075.627612499,      0.0,   94075.627612499,   1.0
 0.29999939999999997,-0.29999939999999997,           59.99988,          21.00006, 148.83104276517258,         0.02000058,  194.002249555566,           5.000115, 95987.04274441372,      0.0, 95987.04274441372,   1.0
 0.29999939999999997,-0.29999939999999997,           59.99988,          20.00006, 149.83104276517258,         0.02000058,  194.002249555566,           5.000115, 94427.23720677762,      0.0, 94427.23720677762,   1.0
 0.29999939999999997,-0.29999939999999997,           59.99988,          20.00006, 148.83104276517258,         0.59999942,  194.002249555566,           5.000115, 79293.82772769919,      0.0, 79293.82772769919,   1.0
 0.29999939999999997,-0.29999939999999997,           59.99988,          20.00006, 148.83104276517258,         0.02000058,  195.002249555566,           5.000115, 94099.20829396014,      0.0, 94099.20829396014,   1.0
 0.29999939999999997,-0.29999939999999997,           59.99988,          20.00006, 148.83104276517258,         0.02000058,  194.002249555566,           6.000115, 95973.35651172017,      0.0, 95973.35651172017,   1.0
  0.0823776590252645,-0.10850767006556296, 18.368721606458227, 50.12428112383305, 48.628863396765574,0.13010772207222326,243.20572452245514,  35.43003290364463,367473.89220538375,      0.0,367473.89220538375,   1.0
-0.29999939999999997,-0.10850767006556296, 18.368721606458227, 50.12428112383305, 48.628863396765574,0.13010772207222326,243.20572452245514,  35.43003290364463,236722.13788679024,      0.0,236722.13788679024,   1.0
  0.0823776590252645, 0.29999939999999997, 18.368721606458227, 50.12428112383305, 48.628863396765574,0.13010772207222326,243.20572452245514,  35.43003290364463, 261373.1328917165,      0.0, 261373.1328917165,   1.0
  0.0823776590252645,-0.10850767006556296, 19.368721606458227, 50.12428112383305, 48.628863396765574,0.13010772207222326,243.20572452245514,  35.43003290364463,367471.70771301206,      0.0,367471.70771301206,   1.0
  0.0823776590252645,-0.10850767006556296, 18.368721606458227, 51.12428112383305, 48.628863396765574,0.13010772207222326,243.20572452245514,  35.43003290364463,367569.86514887994,      0.0,367569.86514887994,   1.0
  0.0823776590252645,-0.10850767006556296, 18.368721606458227, 50.12428112383305, 49.628863396765574,0.13010772207222326,243.20572452245514,  35.43003290364463, 367000.4370184737,      0.0, 367000.4370184737,   1.0
  0.0823776590252645,-0.10850767006556296, 18.368721606458227, 50.12428112383305, 48.628863396765574,         0.59999942,243.20572452245514,  35.43003290364463,293832.21569082903,      0.0,293832.21569082903,   1.0
  0.0823776590252645,-0.10850767006556296, 18.368721606458227, 50.12428112383305, 48.628863396765574,0.13010772207222326,244.20572452245514,  35.43003290364463,  367527.306424631,      0.0,  367527.306424631,   1.0
  0.0823776590252645,-0.10850767006556296, 18.368721606458227, 50.12428112383305, 48.628863396765574,0.13010772207222326,243.20572452245514,  36.43003290364463,367381.21767294226,      0.0,367381.21767294226,   1.0
  0.0672790916376878,-0.09522199936175955, 15.480357385069413,  52.2142955709156,  41.67684954557788, 0.1377469409158219, 246.6194550585819,  37.54125655257199,  369712.817436505,      0.0,  369712.817436505,   1.0
-0.29999939999999997,-0.09522199936175955, 15.480357385069413,  52.2142955709156,  41.67684954557788, 0.1377469409158219, 246.6194550585819,  37.54125655257199, 268046.1318590039,      0.0, 268046.1318590039,   1.0
  0.0672790916376878, 0.29999939999999997, 15.480357385069413,  52.2142955709156,  41.67684954557788, 0.1377469409158219, 246.6194550585819,  37.54125655257199,  248094.676760731,      0.0,  248094.676760731,   1.0
  0.0672790916376878,-0.09522199936175955,  16.48035738506941,  52.2142955709156,  41.67684954557788, 0.1377469409158219, 246.6194550585819,  37.54125655257199, 369699.3153814311,      0.0, 369699.3153814311,   1.0
  0.0672790916376878,-0.09522199936175955, 15.480357385069413,  53.2142955709156,  41.67684954557788, 0.1377469409158219, 246.6194550585819,  37.54125655257199, 369734.0957419547,      0.0, 369734.0957419547,   1.0
  0.0672790916376878,-0.09522199936175955, 15.480357385069413,  52.2142955709156,  42.67684954557788, 0.1377469409158219, 246.6194550585819,  37.54125655257199,369626.53264804883,      0.0,369626.53264804883,   1.0
  0.0672790916376878,-0.09522199936175955, 15.480357385069413,  52.2142955709156,  41.67684954557788,         0.59999942, 246.6194550585819,  37.54125655257199, 303011.1658064762,      0.0, 303011.1658064762,   1.0
  0.0672790916376878,-0.09522199936175955, 15.480357385069413,  52.2142955709156,  41.67684954557788, 0.1377469409158219, 247.6194550585819,  37.54125655257199,369722.31051042944,      0.0,369722.31051042944,   1.0
  0.0672790916376878,-0.09522199936175955, 15.480357385069413,  52.2142955709156,  41.67684954557788, 0.1377469409158219, 246.6194550585819,  38.54125655257199, 369513.5243192252,      0.0, 369513.5243192252,   1.0
 0.06454205516771501,-0.09281360098124304, 14.956760807356314, 52.59316898437216,  40.41660312868186,0.13913176240519295, 247.2382889344188,   37.9239747254324, 369827.6694341916,      0.0, 369827.6694341916,   1.0
-0.29999939999999997,-0.09281360098124304, 14.956760807356314, 52.59316898437216,  40.41660312868186,0.13913176240519295, 247.2382889344188,   37.9239747254324, 273420.6498791819,      0.0, 273420.6498791819,   1.0
 0.06454205516771501, 0.29999939999999997, 14.956760807356314, 52.59316898437216,  40.41660312868186,0.13913176240519295, 247.2382889344188,   37.9239747254324,245565.79848552527,      0.0,245565.79848552527,   1.0
 0.06454205516771501,-0.09281360098124304, 15.956760807356314, 52.59316898437216,  40.41660312868186,0.13913176240519295, 247.2382889344188,   37.9239747254324, 369814.3993677291,      0.0, 369814.3993677291,   1.0
 0.06454205516771501,-0.09281360098124304, 14.956760807356314, 53.59316898437216,  40.41660312868186,0.13913176240519295, 247.2382889344188,   37.9239747254324, 369824.4770189788,      0.0, 369824.4770189788,   1.0
 0.06454205516771501,-0.09281360098124304, 14.956760807356314, 52.59316898437216,  41.41660312868186,0.13913176240519295, 247.2382889344188,   37.9239747254324,369774.36348836735,      0.0,369774.36348836735,   1.0
 0.06454205516771501,-0.09281360098124304, 14.956760807356314, 52.59316898437216,  40.41660312868186,         0.59999942, 247.2382889344188,   37.9239747254324,  304199.733810549,      0.0,  304199.733810549,   1.0
 0.06454205516771501,-0.09281360098124304, 14.956760807356314, 52.59316898437216,  40.41660312868186,0.13913176240519295, 248.2382889344188,   37.9239747254324, 369821.2023955748,      0.0, 369821.2023955748,   1.0
 0.06454205516771501,-0.09281360098124304, 14.956760807356314, 52.59316898437216,  40.41660312868186,0.13913176240519295, 247.2382889344188,   38.9239747254324, 369604.2515424162,      0.0, 369604.2515424162,   1.0
 0.06400379486961345,-0.09233997001414929, 14.853791317144294, 52.66767749703071,  40.16876550595313, 0.1394040987207166,247.35998760746813,  37.99923934103863, 369837.9545036104,      0.0, 369837.9545036104,   1.0
-0.29999939999999997,-0.09233997001414929, 14.853791317144294, 52.66767749703071,  40.16876550595313, 0.1394040987207166,247.35998760746813,  37.99923934103863, 274334.4514545507,      0.0, 274334.4514545507,   1.0
 0.06400379486961345, 0.29999939999999997, 14.853791317144294, 52.66767749703071,  40.16876550595313, 0.1394040987207166,247.35998760746813,  37.99923934103863,245076.19393777638,      0.0,245076.19393777638,   1.0
 0.06400379486961345,-0.09233997001414929, 15.853791317144294, 52.66767749703071,  40.16876550595313, 0.1394040987207166,247.35998760746813,  37.99923934103863,369831.38630918926,      0.0,369831.38630918926,   1.0
 0.06400379486961345,-0.09233997001414929, 14.853791317144294, 53.66767749703071,  40.16876550595313, 0.1394040987207166,247.35998760746813,  37.99923934103863, 369833.7737080872,      0.0, 369833.7737080872,   1.0
 0.06400379486961345,-0.09233997001414929, 14.853791317144294, 52.66767749703071,  41.16876550595313, 0.1394040987207166,247.35998760746813,  37.99923934103863,369793.60568283795,      0.0,369793.60568283795,   1.0
 0.06400379486961345,-0.09233997001414929, 14.853791317144294, 52.66767749703071,  40.16876550595313,         0.59999942,247.35998760746813,  37.99923934103863,304530.36865260307,      0.0,304530.36865260307,   1.0
 0.06400379486961345,-0.09233997001414929, 14.853791317144294, 52.66767749703071,  40.16876550595313, 0.1394040987207166,248.35998760746813,  37.99923934103863,369824.30154286185,      0.0,369824.30154286185,   1.0
 0.06400379486961345,-0.09233997001414929, 14.853791317144294, 52.66767749703071,  40.16876550595313, 0.1394040987207166,247.35998760746813,  38.99923934103863, 369618.9935145835,      0.0, 369618.9935145835,   1.0
 0.06389437731303804,-0.09224369030836264,  14.83285967856617, 52.68282358792376,  40.11838507254186,0.13945945924854386,247.38472651444397,  38.01453913254335, 369839.9283777884,      0.0, 369839.9283777884,   1.0
-0.29999939999999997,-0.09224369030836264,  14.83285967856617, 52.68282358792376,  40.11838507254186,0.13945945924854386,247.38472651444397,  38.01453913254335, 274562.0213239903,      0.0, 274562.0213239903,   1.0
 0.06389437731303804, 0.29999939999999997,  14.83285967856617, 52.68282358792376,  40.11838507254186,0.13945945924854386,247.38472651444397,  38.01453913254335, 244962.2551215706,      0.0, 244962.2551215706,   1.0
 0.06389437731303804,-0.09224369030836264,  15.83285967856617, 52.68282358792376,  40.11838507254186,0.13945945924854386,247.38472651444397,  38.01453913254335,369837.53543364134,      0.0,369837.53543364134,   1.0
 0.06389437731303804,-0.09224369030836264,  14.83285967856617, 53.68282358792376,  40.11838507254186,0.13945945924854386,247.38472651444397,  38.01453913254335, 369826.2952873787,      0.0, 369826.2952873787,   1.0
 0.06389437731303804,-0.09224369030836264,  14.83285967856617, 52.68282358792376,  41.11838507254186,0.13945945924854386,247.38472651444397,  38.01453913254335,369784.56846612855,      0.0,369784.56846612855,   1.0
 0.06389437731303804,-0.09224369030836264,  14.83285967856617, 52.68282358792376,  40.11838507254186,         0.59999942,247.38472651444397,  38.01453913254335, 304608.6316009753,      0.0, 304608.6316009753,   1.0
 0.06389437731303804,-0.09224369030836264,  14.83285967856617, 52.68282358792376,  40.11838507254186,0.13945945924854386,248.38472651444397,  38.01453913254335, 369828.7996375753,      0.0, 369828.7996375753,   1.0
 0.06389437731303804,-0.09224369030836264,  14.83285967856617, 52.68282358792376,  40.11838507254186,0.13945945924854386,247.38472651444397,  39.01453913254335,369625.65446592116,      0.0,369625.65446592116,   1.0
 0.06387219886941733,-0.09222417484765012, 14.828616930138738,52.685893632014114,  40.10817318665289, 0.1394706805770368,247.38974097894834,  38.01764033105222,369839.57341552875,      0.0,369839.57341552875,   1.0
          -0.2999994,-0.09222417484765012, 14.828616930138738,52.685893632014114,  40.10817318665289, 0.1394706805770368,247.38974097894834,  38.01764033105222,274589.25234149885,      0.0,274589.25234149885,   1.0
 0.06387219886941733, 0.29999939999999997, 14.828616930138738,52.685893632014114,  40.10817318665289, 0.1394706805770368,247.38974097894834,  38.01764033105222,244958.57671474476,      0.0,244958.57671474476,   1.0
 0.06387219886941733,-0.09222417484765012, 15.828616930138738,52.685893632014114,  40.10817318665289, 0.1394706805770368,247.38974097894834,  38.01764033105222,369837.57188770024,      0.0,369837.57188770024,   1.0
 0.06387219886941733,-0.09222417484765012, 14.828616930138738,53.685893632014114,  40.10817318665289, 0.1394706805770368,247.38974097894834,  38.01764033105222, 369826.3456680844,      0.0, 369826.3456680844,   1.0
 0.06387219886941733,-0.09222417484765012, 14.828616930138738,52.685893632014114,  41.10817318665289, 0.1394706805770368,247.38974097894834,  38.01764033105222, 369786.8453544392,      0.0, 369786.8453544392,   1.0
 0.06387219886941733,-0.09222417484765012, 14.828616930138738,52.685893632014114,  40.10817318665289,         0.59999942,247.38974097894834,  38.01764033105222,304621.42199142615,      0.0,304621.42199142615,   1.0
 0.06387219886941733,-0.09222417484765012, 14.828616930138738,52.685893632014114,  40.10817318665289, 0.1394706805770368,248.38974097894834,  38.01764033105222,369828.66848735465,      0.0,369828.66848735465,   1.0
 0.06387219886941733,-0.09222417484765012, 14.828616930138738,52.685893632014114,  40.10817318665289, 0.1394706805770368,247.38974097894834,  39.01764033105222, 369626.8917465205,      0.0, 369626.8917465205,   1.0
 0.06386751911917955,  -0.092220056998649, 14.827721691351845,52.686541424970535,  40.10601843331517,0.13947304832725324, 247.3907990532595, 38.018294697729495, 369841.4099934259,      0.0, 369841.4099934259,   1.0
-0.29999939999999997,  -0.092220056998649, 14.827721691351845,52.686541424970535,  40.10601843331517,0.13947304832725324, 247.3907990532595, 38.018294697729495,  274594.490703429,      0.0,  274594.490703429,   1.0
 0.06386751911917955, 0.29999939999999997, 14.827721691351845,52.686541424970535,  40.10601843331517,0.13947304832725324, 247.3907990532595, 38.018294697729495,244944.86234835433,      0.0,244944.86234835433,   1.0
 0.06386751911917955,  -0.092220056998649, 15.827721691351845,52.686541424970535,  40.10601843331517,0.13947304832725324, 247.3907990532595, 38.018294697729495, 369837.7957495522,      0.0, 369837.7957495522,   1.0
 0.06386751911917955,  -0.092220056998649, 14.827721691351845,53.686541424970535,  40.10601843331517,0.13947304832725324, 247.3907990532595, 38.018294697729495, 369826.2476778718,      0.0, 369826.2476778718,   1.0
 0.06386751911917955,  -0.092220056998649, 14.827721691351845,52.686541424970535,  41.10601843331517,0.13947304832725324, 247.3907990532595, 38.018294697729495, 369787.2609069093,      0.0, 369787.2609069093,   1.0
 0.06386751911917955,  -0.092220056998649, 14.827721691351845,52.686541424970535,  40.10601843331517,         0.59999942, 247.3907990532595, 38.018294697729495, 304619.6995811213,      0.0, 304619.6995811213,   1.0
 0.06386751911917955,  -0.092220056998649, 14.827721691351845,52.686541424970535,  40.10601843331517,0.13947304832725324, 248.3907990532595, 38.018294697729495,369829.42144180404,      0.0,369829.42144180404,   1.0
 0.06386751911917955,  -0.092220056998649, 14.827721691351845,52.686541424970535,  40.10601843331517,0.13947304832725324, 247.3907990532595, 39.018294697729495,369627.26905355626,      0.0,369627.26905355626,   1.0
 0.06386795113915175,-0.09222043714564844,  14.82780433700945, 52.68648162274161,  40.10621735343478,0.13947282974392491,247.39070137513326,  38.01823428863513, 369841.4099934259,      0.0, 369841.4099934259,   1.0
 -0.2999993999999999,-0.09222043714564844,  14.82780433700945, 52.68648162274161,  40.10621735343478,0.13947282974392491,247.39070137513326,  38.01823428863513,  274594.490703429,      0.0,  274594.490703429,   1.0
 0.06386795113915175, 0.29999939999999997,  14.82780433700945, 52.68648162274161,  40.10621735343478,0.13947282974392491,247.39070137513326,  38.01823428863513,244944.85343009082,      0.0,244944.85343009082,   1.0
 0.06386795113915175,-0.09222043714564844,  15.82780433700945, 52.68648162274161,  40.10621735343478,0.13947282974392491,247.39070137513326,  38.01823428863513,369837.80385088717,      0.0,369837.80385088717,   1.0
 0.06386795113915175,-0.09222043714564844,  14.82780433700945, 53.68648162274161,  40.10621735343478,0.13947282974392491,247.39070137513326,  38.01823428863513,369826.25079077354,      0.0,369826.25079077354,   1.0
 0.06386795113915175,-0.09222043714564844,  14.82780433700945, 52.68648162274161,  41.10621735343478,0.13947282974392491,247.39070137513326,  38.01823428863513,369788.34073531354,      0.0,369788.34073531354,   1.0
 0.06386795113915175,-0.09222043714564844,  14.82780433700945, 52.68648162274161,  40.10621735343478,         0.59999942,247.39070137513326,  38.01823428863513,304619.69668827136,      0.0,304619.69668827136,   1.0
 0.06386795113915175,-0.09222043714564844,  14.82780433700945, 52.68648162274161,  40.10621735343478,0.13947282974392491,248.39070137513326,  38.01823428863513, 369829.4219300853,      0.0, 369829.4219300853,   1.0
 0.06386795113915175,-0.09222043714564844,  14.82780433700945, 52.68648162274161,  40.10621735343478,0.13947282974392491,247.39070137513326,  39.01823428863513, 369627.2679481817,      0.0, 369627.2679481817,   1.0
 0.06387007500428454,-0.09222230599664928, 14.828210633574093, 52.68618762737786,  40.10719527004384,0.13947175516048085, 247.3902211770408, 38.017937309843674,369839.51870220224,      0.0,369839.51870220224,   1.0
-0.29999939999999997,-0.09222230599664928, 14.828210633574093, 52.68618762737786,  40.10719527004384,0.13947175516048085, 247.3902211770408, 38.017937309843674,  274582.324373817,      0.0,  274582.324373817,   1.0
 0.06387007500428454, 0.29999939999999997, 14.828210633574093, 52.68618762737786,  40.10719527004384,0.13947175516048085, 247.3902211770408, 38.017937309843674,244957.91318412116,      0.0,244957.91318412116,   1.0
 0.06387007500428454,-0.09222230599664928, 15.828210633574093, 52.68618762737786,  40.10719527004384,0.13947175516048085, 247.3902211770408, 38.017937309843674,369837.55537962564,      0.0,369837.55537962564,   1.0
 0.06387007500428454,-0.09222230599664928, 14.828210633574093, 53.68618762737786,  40.10719527004384,0.13947175516048085, 247.3902211770408, 38.017937309843674,369826.31405266235,      0.0,369826.31405266235,   1.0
 0.06387007500428454,-0.09222230599664928, 14.828210633574093, 52.68618762737786,  41.10719527004384,0.13947175516048085, 247.3902211770408, 38.017937309843674,369787.06524834107,      0.0,369787.06524834107,   1.0
 0.06387007500428454,-0.09222230599664928, 14.828210633574093, 52.68618762737786,  40.10719527004384,         0.59999942, 247.3902211770408, 38.017937309843674,304620.44319312205,      0.0,304620.44319312205,   1.0
 0.06387007500428454,-0.09222230599664928, 14.828210633574093, 52.68618762737786,  40.10719527004384,0.13947175516048085, 248.3902211770408, 38.017937309843674, 369828.8180481315,      0.0, 369828.8180481315,   1.0
 0.06387007500428454,-0.09222230599664928, 14.828210633574093, 52.68618762737786,  40.10719527004384,0.13947175516048085, 247.3902211770408, 39.017937309843674, 369626.6884777619,      0.0, 369626.6884777619,   1.0
 0.06386810855256915,-0.09222057565831485, 14.827834450282523,52.686459832838764,  40.10628983317607,0.13947275009957763,247.39066578453875, 38.018212277611106,369840.09342289704,      0.0,369840.09342289704,   1.0
-0.29999939999999997,-0.09222057565831485, 14.827834450282523,52.686459832838764,  40.10628983317607,0.13947275009957763,247.39066578453875, 38.018212277611106, 274593.4609692702,      0.0, 274593.4609692702,   1.0
 0.06386810855256915,  0.2999993999999999, 14.827834450282523,52.686459832838764,  40.10628983317607,0.13947275009957763,247.39066578453875, 38.018212277611106,  244945.217711298,      0.0,  244945.217711298,   1.0
 0.06386810855256915,-0.09222057565831485, 15.827834450282523,52.686459832838764,  40.10628983317607,0.13947275009957763,247.39066578453875, 38.018212277611106,369837.81113664864,      0.0,369837.81113664864,   1.0
 0.06386810855256915,-0.09222057565831485, 14.827834450282523,53.686459832838764,  40.10628983317607,0.13947275009957763,247.39066578453875, 38.018212277611106,369826.25079077354,      0.0,369826.25079077354,   1.0
 0.06386810855256915,-0.09222057565831485, 14.827834450282523,52.686459832838764,  41.10628983317607,0.13947275009957763,247.39066578453875, 38.018212277611106, 369787.0710015852,      0.0, 369787.0710015852,   1.0
 0.06386810855256915,-0.09222057565831485, 14.827834450282523,52.686459832838764,  40.10628983317607,         0.59999942,247.39066578453875, 38.018212277611106, 304619.6941141685,      0.0, 304619.6941141685,   1.0
 0.06386810855256915,-0.09222057565831485, 14.827834450282523,52.686459832838764,  40.10628983317607,0.13947275009957763,248.39066578453875, 38.018212277611106,  369829.421342579,      0.0,  369829.421342579,   1.0
 0.06386810855256915,-0.09222057565831485, 14.827834450282523,52.686459832838764,  40.10628983317607,0.13947275009957763,247.39066578453875, 39.018212277611106, 369627.2679481817,      0.0, 369627.2679481817,   1.0
 0.06386795298013365,-0.09222043876558221, 14.827804689190296, 52.68648136790427, 40.106218201100084,0.13947282881246809,247.39070095889403,  38.01823403121173, 369841.4099934259,      0.0, 369841.4099934259,   1.0
-0.29999939999999997,-0.09222043876558221, 14.827804689190296, 52.68648136790427, 40.106218201100084,0.13947282881246809,247.39070095889403,  38.01823403121173,  274594.490703429,      0.0,  274594.490703429,   1.0
 0.06386795298013365, 0.29999939999999997, 14.827804689190296, 52.68648136790427, 40.106218201100084,0.13947282881246809,247.39070095889403,  38.01823403121173,244944.85343009082,      0.0,244944.85343009082,   1.0
 0.06386795298013365,-0.09222043876558221, 15.827804689190296, 52.68648136790427, 40.106218201100084,0.13947282881246809,247.39070095889403,  38.01823403121173,369837.80385088717,      0.0,369837.80385088717,   1.0
 0.06386795298013365,-0.09222043876558221, 14.827804689190296, 53.68648136790427, 40.106218201100084,0.13947282881246809,247.39070095889403,  38.01823403121173,369826.25079077354,      0.0,369826.25079077354,   1.0
 0.06386795298013365,-0.09222043876558221, 14.827804689190296, 52.68648136790427, 41.106218201100084,0.13947282881246809,247.39070095889403,  38.01823403121173,369788.34073531354,      0.0,369788.34073531354,   1.0
 0.06386795298013365,-0.09222043876558221, 14.827804689190296, 52.68648136790427, 40.106218201100084,         0.59999942,247.39070095889403,  38.01823403121173,304619.69668827136,      0.0,304619.69668827136,   1.0
 0.06386795298013365,-0.09222043876558221, 14.827804689190296, 52.68648136790427, 40.106218201100084,0.13947282881246809,248.39070095889403,  38.01823403121173, 369829.4219300853,      0.0, 369829.4219300853,   1.0
 0.06386795298013365,-0.09222043876558221, 14.827804689190296, 52.68648136790427, 40.106218201100084,0.13947282881246809,247.39070095889403,  39.01823403121173, 369627.2679481817,      0.0, 369627.2679481817,   1.0
 0.06386805565794108,-0.09222052911478576, 14.827824331511167, 52.68646715476103,  40.10626547827024,0.13947277686196038,247.39067774381954,  38.01821967383532,369840.09342289704,      0.0,369840.09342289704,   1.0
-0.29999939999999997,-0.09222052911478576, 14.827824331511167, 52.68646715476103,  40.10626547827024,0.13947277686196038,247.39067774381954,  38.01821967383532, 274593.7426360452,      0.0, 274593.7426360452,   1.0
 0.06386805565794108,           0.2999994, 14.827824331511167, 52.68646715476103,  40.10626547827024,0.13947277686196038,247.39067774381954,  38.01821967383532,244945.22604885738,      0.0,244945.22604885738,   1.0
 0.06386805565794108,-0.09222052911478576, 15.827824331511167, 52.68646715476103,  40.10626547827024,0.13947277686196038,247.39067774381954,  38.01821967383532,369837.80385088717,      0.0,369837.80385088717,   1.0
 0.06386805565794108,-0.09222052911478576, 14.827824331511167, 53.68646715476103,  40.10626547827024,0.13947277686196038,247.39067774381954,  38.01821967383532,369826.25079077354,      0.0,369826.25079077354,   1.0
 0.06386805565794108,-0.09222052911478576, 14.827824331511167, 52.68646715476103,  41.10626547827024,0.13947277686196038,247.39067774381954,  38.01821967383532, 369787.0710015852,      0.0, 369787.0710015852,   1.0
 0.06386805565794108,-0.09222052911478576, 14.827824331511167, 52.68646715476103,  40.10626547827024,         0.59999942,247.39067774381954,  38.01821967383532, 304619.6941141685,      0.0, 304619.6941141685,   1.0
 0.06386805565794108,-0.09222052911478576, 14.827824331511167, 52.68646715476103,  40.10626547827024,0.13947277686196038,248.39067774381954,  38.01821967383532,  369829.421342579,      0.0,  369829.421342579,   1.0
 0.06386805565794108,-0.09222052911478576, 14.827824331511167, 52.68646715476103,  40.10626547827024,0.13947277686196038,247.39067774381954,  39.01821967383532, 369627.2679481817,      0.0, 369627.2679481817,   1.0
 0.06386795298013365,-0.09222043876558221, 14.827804689190296, 52.68648136790427, 40.106218201100084,0.13947282881246809,247.39070095889403,  38.01823403121173, 369841.4099934259,      0.0, 369841.4099934259,   1.0
-0.29999939999999997,-0.09222043876558221, 14.827804689190296, 52.68648136790427, 40.106218201100084,0.13947282881246809,247.39070095889403,  38.01823403121173,  274594.490703429,      0.0,  274594.490703429,   1.0
 0.06386795298013365, 0.29999939999999997, 14.827804689190296, 52.68648136790427, 40.106218201100084,0.13947282881246809,247.39070095889403,  38.01823403121173,244944.85343009082,      0.0,244944.85343009082,   1.0
 0.06386795298013365,-0.09222043876558221, 15.827804689190296, 52.68648136790427, 40.106218201100084,0.13947282881246809,247.39070095889403,  38.01823403121173,369837.80385088717,      0.0,369837.80385088717,   1.0
 0.06386795298013365,-0.09222043876558221, 14.827804689190296, 53.68648136790427, 40.106218201100084,0.13947282881246809,247.39070095889403,  38.01823403121173,369826.25079077354,      0.0,369826.25079077354,   1.0
 0.06386795298013365,-0.09222043876558221, 14.827804689190296, 52.68648136790427, 41.106218201100084,0.13947282881246809,247.39070095889403,  38.01823403121173,369788.34073531354,      0.0,369788.34073531354,   1.0
 0.06386795298013365,-0.09222043876558221, 14.827804689190296, 52.68648136790427, 40.106218201100084,         0.59999942,247.39070095889403,  38.01823403121173,304619.69668827136,      0.0,304619.69668827136,   1.0
 0.06386795298013365,-0.09222043876558221, 14.827804689190296, 52.68648136790427, 40.106218201100084,0.13947282881246809,248.39070095889403,  38.01823403121173, 369829.4219300853,      0.0, 369829.4219300853,   1.0
 0.06386795298013365,-0.09222043876558221, 14.827804689190296, 52.68648136790427, 40.106218201100084,0.13947282881246809,247.39070095889403,  39.01823403121173, 369627.2679481817,      0.0, 369627.2679481817,   1.0
 0.29999939999999997,-0.29999939999999997,           59.99988,          20.00006, 148.86751974520783,         0.02000058, 193.9843379027638,           5.000115, 93728.09438870661,      0.0, 93728.09438870661,   1.0
-0.29999939999999997,-0.29999939999999997,           59.99988,          20.00006, 148.86751974520783,         0.02000058, 193.9843379027638,           5.000115,118963.50983714871,      0.0,118963.50983714871,   1.0
 0.29999939999999997, 0.29999939999999997,           59.99988,          20.00006, 148.86751974520783,         0.02000058, 193.9843379027638,           5.000115,104478.70558663696,      0.0,104478.70558663696,   1.0
 0.29999939999999997,-0.29999939999999997,           58.99988,          20.00006, 148.86751974520783,         0.02000058, 193.9843379027638,           5.000115, 94037.71133118961,      0.0, 94037.71133118961,   1.0
 0.29999939999999997,-0.29999939999999997,           59.99988,          21.00006, 148.86751974520783,         0.02000058, 193.9843379027638,           5.000115,  96227.7584127686,      0.0,  96227.7584127686,   1.0
 0.29999939999999997,-0.29999939999999997,           59.99988,          20.00006, 149.86751974520783,         0.02000058, 193.9843379027638,           5.000115, 94352.55241421872,      0.0, 94352.55241421872,   1.0
 0.29999939999999997,-0.29999939999999997,           59.99988,          20.00006, 148.86751974520783,         0.59999942, 193.9843379027638,           5.000115, 79288.41406008229,      0.0, 79288.41406008229,   1.0
 0.29999939999999997,-0.29999939999999997,           59.99988,          20.00006, 148.86751974520783,         0.02000058, 194.9843379027638,           5.000115, 94068.28670167562,      0.0, 94068.28670167562,   1.0
 0.29999939999999997,-0.29999939999999997,           59.99988,          20.00006, 148.86751974520783,         0.02000058, 193.9843379027638,           6.000115, 95945.82333436358,      0.0, 95945.82333436358,   1.0
  0.0826550251820045,-0.10875173265297501,  18.42178190435186, 50.08588680072692,  48.75947659030011,0.12996738685254616, 243.1415879693377,  35.39124895981143, 367388.7673554936,      0.0, 367388.7673554936,   1.0
-0.29999939999999997,-0.10875173265297501,  18.42178190435186, 50.08588680072692,  48.75947659030011,0.12996738685254616, 243.1415879693377,  35.39124895981143,235901.12162974893,      0.0,235901.12162974893,   1.0
  0.0826550251820045, 0.29999939999999997,  18.42178190435186, 50.08588680072692,  48.75947659030011,0.12996738685254616, 243.1415879693377,  35.39124895981143, 261554.7003842197,      0.0, 261554.7003842197,   1.0
  0.0826550251820045,-0.10875173265297501,  19.42178190435186, 50.08588680072692,  48.75947659030011,0.12996738685254616, 243.1415879693377,  35.39124895981143,367384.91501252085,      0.0,367384.91501252085,   1.0
  0.0826550251820045,-0.10875173265297501,  18.42178190435186, 51.08588680072692,  48.75947659030011,0.12996738685254616, 243.1415879693377,  35.39124895981143, 367505.4224064663,      0.0, 367505.4224064663,   1.0
  0.0826550251820045,-0.10875173265297501,  18.42178190435186, 50.08588680072692,  49.75947659030011,0.12996738685254616, 243.1415879693377,  35.39124895981143, 366939.2558233401,      0.0, 366939.2558233401,   1.0
  0.0826550251820045,-0.10875173265297501,  18.42178190435186, 50.08588680072692,  48.75947659030011,         0.59999942, 243.1415879693377,  35.39124895981143,  293678.949307646,      0.0,  293678.949307646,   1.0
  0.0826550251820045,-0.10875173265297501,  18.42178190435186, 50.08588680072692,  48.75947659030011,0.12996738685254616, 244.1415879693377,  35.39124895981143,  367443.400320574,      0.0,  367443.400320574,   1.0
  0.0826550251820045,-0.10875173265297501,  18.42178190435186, 50.08588680072692,  48.75947659030011,0.12996738685254616, 243.1415879693377,  36.39124895981143, 367297.2787768723,      0.0, 367297.2787768723,   1.0
 0.06729948483291351,-0.09523994393023498, 15.484258614499842, 52.21147264927345, 41.686769522445275,0.13773662284542154, 246.6145839347485, 37.538404984278614,369710.06204890826,      0.0,369710.06204890826,   1.0
          -0.2999994,-0.09523994393023498, 15.484258614499842, 52.21147264927345, 41.686769522445275,0.13773662284542154, 246.6145839347485, 37.538404984278614, 267982.7134262837,      0.0, 267982.7134262837,   1.0
 0.06729948483291351, 0.29999939999999997, 15.484258614499842, 52.21147264927345, 41.686769522445275,0.13773662284542154, 246.6145839347485, 37.538404984278614,248103.58934226594,      0.0,248103.58934226594,   1.0
 0.06729948483291351,-0.09523994393023498, 16.484258614499844, 52.21147264927345, 41.686769522445275,0.13773662284542154, 246.6145839347485, 37.538404984278614,369694.64925228787,      0.0,369694.64925228787,   1.0
 0.06729948483291351,-0.09523994393023498, 15.484258614499842, 53.21147264927345, 41.686769522445275,0.13773662284542154, 246.6145839347485, 37.538404984278614,369733.48656342615,      0.0,369733.48656342615,   1.0
 0.06729948483291351,-0.09523994393023498, 15.484258614499842, 52.21147264927345, 42.686769522445275,0.13773662284542154, 246.6145839347485, 37.538404984278614,369630.53828079824,      0.0,369630.53828079824,   1.0
 0.06729948483291351,-0.09523994393023498, 15.484258614499842, 52.21147264927345, 41.686769522445275,         0.59999942, 246.6145839347485, 37.538404984278614, 303001.7105352561,      0.0, 303001.7105352561,   1.0
 0.06729948483291351,-0.09523994393023498, 15.484258614499842, 52.21147264927345, 41.686769522445275,0.13773662284542154, 247.6145839347485, 37.538404984278614, 369718.0809965764,      0.0, 369718.0809965764,   1.0
 0.06729948483291351,-0.09523994393023498, 15.484258614499842, 52.21147264927345, 41.686769522445275,0.13773662284542154, 246.6145839347485, 38.538404984278614, 369508.9586429279,      0.0, 369508.9586429279,   1.0
 0.06454489783895972,-0.09281610233074906, 14.957304611924368,  52.5927754884982,  40.41801658648551,0.13913032413709892,247.23759486753804,  37.92357723641216,369827.68546310294,      0.0,369827.68546310294,   1.0
-0.29999939999999997,-0.09281610233074906, 14.957304611924368,  52.5927754884982,  40.41801658648551,0.13913032413709892,247.23759486753804,  37.92357723641216,273420.47312415356,      0.0,273420.47312415356,   1.0
 0.06454489783895972, 0.29999939999999997, 14.957304611924368,  52.5927754884982,  40.41801658648551,0.13913032413709892,247.23759486753804,  37.92357723641216, 245565.6847922678,      0.0, 245565.6847922678,   1.0
 0.06454489783895972,-0.09281610233074906, 15.957304611924368,  52.5927754884982,  40.41801658648551,0.13913032413709892,247.23759486753804,  37.92357723641216, 369814.0972934527,      0.0, 369814.0972934527,   1.0
 0.06454489783895972,-0.09281610233074906, 14.957304611924368,  53.5927754884982,  40.41801658648551,0.13913032413709892,247.23759486753804,  37.92357723641216,369824.97774595284,      0.0,369824.97774595284,   1.0
 0.06454489783895972,-0.09281610233074906, 14.957304611924368,  52.5927754884982,  41.41801658648551,0.13913032413709892,247.23759486753804,  37.92357723641216,369774.35023955733,      0.0,369774.35023955733,   1.0
 0.06454489783895972,-0.09281610233074906, 14.957304611924368,  52.5927754884982,  40.41801658648551,         0.59999942,247.23759486753804,  37.92357723641216, 304201.9384677952,      0.0, 304201.9384677952,   1.0
 0.06454489783895972,-0.09281610233074906, 14.957304611924368,  52.5927754884982,  40.41801658648551,0.13913032413709892,248.23759486753804,  37.92357723641216,369821.47727631096,      0.0,369821.47727631096,   1.0
 0.06454489783895972,-0.09281610233074906, 14.957304611924368,  52.5927754884982,  40.41801658648551,0.13913032413709892,247.23759486753804,  38.92357723641216, 369604.1586821724,      0.0, 369604.1586821724,   1.0
 0.06400515424849738,-0.09234116617135744, 14.854051367070282, 52.66748932543578,  40.16941261552083, 0.1394034109340863,247.35966984955866,  37.99904925990219,   369837.65363396,      0.0,   369837.65363396,   1.0
-0.29999939999999997,-0.09234116617135744, 14.854051367070282, 52.66748932543578,  40.16941261552083, 0.1394034109340863,247.35966984955866,  37.99904925990219, 274333.0418250179,      0.0, 274333.0418250179,   1.0
 0.06400515424849738, 0.29999939999999997, 14.854051367070282, 52.66748932543578,  40.16941261552083, 0.1394034109340863,247.35966984955866,  37.99904925990219,245075.79525345386,      0.0,245075.79525345386,   1.0
 0.06400515424849738,-0.09234116617135744, 15.854051367070282, 52.66748932543578,  40.16941261552083, 0.1394034109340863,247.35966984955866,  37.99904925990219,369831.40402444545,      0.0,369831.40402444545,   1.0
 0.06400515424849738,-0.09234116617135744, 14.854051367070282, 53.66748932543578,  40.16941261552083, 0.1394034109340863,247.35966984955866,  37.99904925990219, 369833.7527289928,      0.0, 369833.7527289928,   1.0
 0.06400515424849738,-0.09234116617135744, 14.854051367070282, 52.66748932543578,  41.16941261552083, 0.1394034109340863,247.35966984955866,  37.99904925990219, 369793.2029703892,      0.0, 369793.2029703892,   1.0
 0.06400515424849738,-0.09234116617135744, 14.854051367070282, 52.66748932543578,  40.16941261552083,         0.59999942,247.35966984955866,  37.99904925990219, 304530.1280669983,      0.0, 304530.1280669983,   1.0
 0.06400515424849738,-0.09234116617135744, 14.854051367070282, 52.66748932543578,  40.16941261552083, 0.1394034109340863,248.35966984955866,  37.99904925990219,369824.21547103877,      0.0,369824.21547103877,   1.0
 0.06400515424849738,-0.09234116617135744, 14.854051367070282, 52.66748932543578,  40.16941261552083, 0.1394034109340863,247.35966984955866,  38.99904925990219,369618.94991138036,      0.0,369618.94991138036,   1.0
 0.06389526219533094,-0.09224446894215307, 14.833028957034077,52.682701098370366,  40.11879672813023,0.13945901153656476,  247.384524374284,  38.01441539998149,369839.91201956803,      0.0,369839.91201956803,   1.0
-0.29999939999999997,-0.09224446894215307, 14.833028957034077,52.682701098370366,  40.11879672813023,0.13945901153656476,  247.384524374284,  38.01441539998149,274558.88188818644,      0.0,274558.88188818644,   1.0
 0.06389526219533094,  0.2999993999999999, 14.833028957034077,52.682701098370366,  40.11879672813023,0.13945901153656476,  247.384524374284,  38.01441539998149, 244963.0419313065,      0.0, 244963.0419313065,   1.0
 0.06389526219533094,-0.09224446894215307, 15.833028957034077,52.682701098370366,  40.11879672813023,0.13945901153656476,  247.384524374284,  38.01441539998149, 369840.6051455068,      0.0, 369840.6051455068,   1.0
 0.06389526219533094,-0.09224446894215307, 14.833028957034077,53.682701098370366,  40.11879672813023,0.13945901153656476,  247.384524374284,  38.01441539998149,369826.26963402046,      0.0,369826.26963402046,   1.0
 0.06389526219533094,-0.09224446894215307, 14.833028957034077,52.682701098370366,  41.11879672813023,0.13945901153656476,  247.384524374284,  38.01441539998149, 369784.5081896663,      0.0, 369784.5081896663,   1.0
 0.06389526219533094,-0.09224446894215307, 14.833028957034077,52.682701098370366,  40.11879672813023,         0.59999942,  247.384524374284,  38.01441539998149,304608.68096711306,      0.0,304608.68096711306,   1.0
 0.06389526219533094,-0.09224446894215307, 14.833028957034077,52.682701098370366,  40.11879672813023,0.13945901153656476,  248.384524374284,  38.01441539998149,369828.77704314166,      0.0,369828.77704314166,   1.0
 0.06389526219533094,-0.09224446894215307, 14.833028957034077,52.682701098370366,  40.11879672813023,0.13945901153656476,  247.384524374284,  39.01441539998149, 369625.6266766904,      0.0, 369625.6266766904,   1.0
 0.06387311207420732,-0.09222497840323347,  14.82879162671587, 52.68576722192796,  40.10859446141324,0.13947021853510522,247.38953411536423, 38.017512638172526, 369839.5869283935,      0.0, 369839.5869283935,   1.0
-0.29999939999999997,-0.09222497840323347,  14.82879162671587, 52.68576722192796,  40.10859446141324,0.13947021853510522,247.38953411536423, 38.017512638172526, 274589.2522671436,      0.0, 274589.2522671436,   1.0
 0.06387311207420732, 0.29999939999999997,  14.82879162671587, 52.68576722192796,  40.10859446141324,0.13947021853510522,247.38953411536423, 38.017512638172526,244958.56158281743,      0.0,244958.56158281743,   1.0
 0.06387311207420732,-0.09222497840323347,  15.82879162671587, 52.68576722192796,  40.10859446141324,0.13947021853510522,247.38953411536423, 38.017512638172526,  369837.574062338,      0.0,  369837.574062338,   1.0
 0.06387311207420732,-0.09222497840323347,  14.82879162671587, 53.68576722192796,  40.10859446141324,0.13947021853510522,247.38953411536423, 38.017512638172526, 369826.2580131652,      0.0, 369826.2580131652,   1.0
 0.06387311207420732,-0.09222497840323347,  14.82879162671587, 52.68576722192796,  41.10859446141324,0.13947021853510522,247.38953411536423, 38.017512638172526,369786.90352766454,      0.0,369786.90352766454,   1.0
 0.06387311207420732,-0.09222497840323347,  14.82879162671587, 52.68576722192796,  40.10859446141324,         0.59999942,247.38953411536423, 38.017512638172526,304621.11939334444,      0.0,304621.11939334444,   1.0
 0.06387311207420732,-0.09222497840323347,  14.82879162671587, 52.68576722192796,  40.10859446141324,0.13947021853510522,248.38953411536423, 38.017512638172526, 369828.6333920532,      0.0, 369828.6333920532,   1.0
 0.06387311207420732,-0.09222497840323347,  14.82879162671587, 52.68576722192796,  40.10859446141324,0.13947021853510522,247.38953411536423, 39.017512638172526, 369626.9967646104,      0.0, 369626.9967646104,   1.0
 0.06386857730432412,-0.09222098812668343, 14.827924122750316, 52.68639494602435,  40.10650576259347,0.13947251293156376, 247.3905597541337,  38.01814673233353, 369840.0621754832,      0.0, 369840.0621754832,   1.0
-0.29999939999999997,-0.09222098812668343, 14.827924122750316, 52.68639494602435,  40.10650576259347,0.13947251293156376, 247.3905597541337,  38.01814673233353, 274593.3860919074,      0.0, 274593.3860919074,   1.0
 0.06386857730432412, 0.29999939999999997, 14.827924122750316, 52.68639494602435,  40.10650576259347,0.13947251293156376, 247.3905597541337,  38.01814673233353,244945.48435879048,      0.0,244945.48435879048,   1.0
 0.06386857730432412,-0.09222098812668343, 15.827924122750316, 52.68639494602435,  40.10650576259347,0.13947251293156376, 247.3905597541337,  38.01814673233353, 369837.7815494048,      0.0, 369837.7815494048,   1.0
 0.06386857730432412,-0.09222098812668343, 14.827924122750316, 53.68639494602435,  40.10650576259347,0.13947251293156376, 247.3905597541337,  38.01814673233353, 369826.2997398506,      0.0, 369826.2997398506,   1.0
 0.06386857730432412,-0.09222098812668343, 14.827924122750316, 52.68639494602435,  41.10650576259347,0.13947251293156376, 247.3905597541337,  38.01814673233353,369787.05931442947,      0.0,369787.05931442947,   1.0
 0.06386857730432412,-0.09222098812668343, 14.827924122750316, 52.68639494602435,  40.10650576259347,         0.59999942, 247.3905597541337,  38.01814673233353, 304618.9608870398,      0.0, 304618.9608870398,   1.0
 0.06386857730432412,-0.09222098812668343, 14.827924122750316, 52.68639494602435,  40.10650576259347,0.13947251293156376, 248.3905597541337,  38.01814673233353,369829.40405112563,      0.0,369829.40405112563,   1.0
 0.06386857730432412,-0.09222098812668343, 14.827924122750316, 52.68639494602435,  40.10650576259347,0.13947251293156376, 247.3905597541337,  39.01814673233353, 369627.2680734258,      0.0, 369627.2680734258,   1.0
 0.06386797723347849,-0.09222046010680915, 14.827809328868467, 52.68647801064263,  40.10622937210414,0.13947281654132976,247.39069547346227, 38.018230639881025, 369841.4099934259,      0.0, 369841.4099934259,   1.0
-0.29999939999999997,-0.09222046010680915, 14.827809328868467, 52.68647801064263,  40.10622937210414,0.13947281654132976,247.39069547346227, 38.018230639881025, 274594.4933673359,      0.0, 274594.4933673359,   1.0
 0.06386797723347849,  0.2999993999999999, 14.827809328868467, 52.68647801064263,  40.10622937210414,0.13947281654132976,247.39069547346227, 38.018230639881025,244944.85343009082,      0.0,244944.85343009082,   1.0
 0.06386797723347849,-0.09222046010680915, 15.827809328868467, 52.68647801064263,  40.10622937210414,0.13947281654132976,247.39069547346227, 38.018230639881025,369837.80385088717,      0.0,369837.80385088717,   1.0
 0.06386797723347849,-0.09222046010680915, 14.827809328868467, 53.68647801064263,  40.10622937210414,0.13947281654132976,247.39069547346227, 38.018230639881025,369826.25079077354,      0.0,369826.25079077354,   1.0
 0.06386797723347849,-0.09222046010680915, 14.827809328868467, 52.68647801064263,  41.10622937210414,0.13947281654132976,247.39069547346227, 38.018230639881025,369788.34073531354,      0.0,369788.34073531354,   1.0
 0.06386797723347849,-0.09222046010680915, 14.827809328868467, 52.68647801064263,  40.10622937210414,         0.59999942,247.39069547346227, 38.018230639881025, 304619.6941141685,      0.0, 304619.6941141685,   1.0
 0.06386797723347849,-0.09222046010680915, 14.827809328868467, 52.68647801064263,  40.10622937210414,0.13947281654132976,248.39069547346227, 38.018230639881025, 369829.4219300853,      0.0, 369829.4219300853,   1.0
 0.06386797723347849,-0.09222046010680915, 14.827809328868467, 52.68647801064263,  40.10622937210414,0.13947281654132976,247.39069547346227, 39.018230639881025, 369627.2679481817,      0.0, 369627.2679481817,   1.0
 0.06386795809847078,-0.09222044326935663, 14.827805668330997, 52.68648065940006,  40.10622055858789,0.13947282622281196, 247.3906998012686,  38.01823331551771, 369841.4099934259,      0.0, 369841.4099934259,   1.0
-0.29999939999999997,-0.09222044326935663, 14.827805668330997, 52.68648065940006,  40.10622055858789,0.13947282622281196, 247.3906998012686,  38.01823331551771,  274594.490703429,      0.0,  274594.490703429,   1.0
 0.06386795809847078, 0.29999939999999997, 14.827805668330997, 52.68648065940006,  40.10622055858789,0.13947282622281196, 247.3906998012686,  38.01823331551771,244944.85343009082,      0.0,244944.85343009082,   1.0
 0.06386795809847078,-0.09222044326935663, 15.827805668330997, 52.68648065940006,  40.10622055858789,0.13947282622281196, 247.3906998012686,  38.01823331551771,369837.80385088717,      0.0,369837.80385088717,   1.0
 0.06386795809847078,-0.09222044326935663, 14.827805668330997, 53.68648065940006,  40.10622055858789,0.13947282622281196, 247.3906998012686,  38.01823331551771,369826.25079077354,      0.0,369826.25079077354,   1.0
 0.06386795809847078,-0.09222044326935663, 14.827805668330997, 52.68648065940006,  41.10622055858789,0.13947282622281196, 247.3906998012686,  38.01823331551771,369788.34073531354,      0.0,369788.34073531354,   1.0
 0.06386795809847078,-0.09222044326935663, 14.827805668330997, 52.68648065940006,  40.10622055858789,         0.59999942, 247.3906998012686,  38.01823331551771,304619.69668827136,      0.0,304619.69668827136,   1.0
 0.06386795809847078,-0.09222044326935663, 14.827805668330997, 52.68648065940006,  40.10622055858789,0.13947282622281196, 248.3906998012686,  38.01823331551771, 369829.4219300853,      0.0, 369829.4219300853,   1.0
 0.06386795809847078,-0.09222044326935663, 14.827805668330997, 52.68648065940006,  40.10622055858789,0.13947282622281196, 247.3906998012686,  39.01823331551771, 369627.2679481817,      0.0, 369627.2679481817,   1.0
 0.06386795406028875,-0.09222043971604225, 14.827804895824562, 52.68648121838414,  40.10621869861567,0.13947282826595656,  247.390700714593,  38.01823388017429, 369841.4099934259,      0.0, 369841.4099934259,   1.0
 -0.2999993999999999,-0.09222043971604225, 14.827804895824562, 52.68648121838414,  40.10621869861567,0.13947282826595656,  247.390700714593,  38.01823388017429,  274594.490703429,      0.0,  274594.490703429,   1.0
 0.06386795406028875, 0.29999939999999997, 14.827804895824562, 52.68648121838414,  40.10621869861567,0.13947282826595656,  247.390700714593,  38.01823388017429,244944.85343009082,      0.0,244944.85343009082,   1.0
 0.06386795406028875,-0.09222043971604225, 15.827804895824562, 52.68648121838414,  40.10621869861567,0.13947282826595656,  247.390700714593,  38.01823388017429,369837.80385088717,      0.0,369837.80385088717,   1.0
 0.06386795406028875,-0.09222043971604225, 14.827804895824562, 53.68648121838414,  40.10621869861567,0.13947282826595656,  247.390700714593,  38.01823388017429,369826.25079077354,      0.0,369826.25079077354,   1.0
 0.06386795406028875,-0.09222043971604225, 14.827804895824562, 52.68648121838414,  41.10621869861567,0.13947282826595656,  247.390700714593,  38.01823388017429,369788.34073531354,      0.0,369788.34073531354,   1.0
 0.06386795406028875,-0.09222043971604225, 14.827804895824562, 52.68648121838414,  40.10621869861567,         0.59999942,  247.390700714593,  38.01823388017429,304619.69668827136,      0.0,304619.69668827136,   1.0
 0.06386795406028875,-0.09222043971604225, 14.827804895824562, 52.68648121838414,  40.10621869861567,0.13947282826595656,  248.390700714593,  38.01823388017429, 369829.4219300853,      0.0, 369829.4219300853,   1.0
 0.06386795406028875,-0.09222043971604225, 14.827804895824562, 52.68648121838414,  40.10621869861567,0.13947282826595656,  247.390700714593,  39.01823388017429, 369627.2679481817,      0.0, 369627.2679481817,   1.0
 0.06386795320808564,-0.09222043896616382, 14.827804732797636, 52.68648133635009,  40.10621830609396, 0.1394728286971343,247.39070090733765,  38.01823399933734, 369841.4099934259,      0.0, 369841.4099934259,   1.0
-0.29999939999999997,-0.09222043896616382, 14.827804732797636, 52.68648133635009,  40.10621830609396, 0.1394728286971343,247.39070090733765,  38.01823399933734,  274594.490703429,      0.0,  274594.490703429,   1.0
 0.06386795320808564, 0.29999939999999997, 14.827804732797636, 52.68648133635009,  40.10621830609396, 0.1394728286971343,247.39070090733765,  38.01823399933734,244944.85343009082,      0.0,244944.85343009082,   1.0
 0.06386795320808564,-0.09222043896616382, 15.827804732797636, 52.68648133635009,  40.10621830609396, 0.1394728286971343,247.39070090733765,  38.01823399933734,369837.80385088717,      0.0,369837.80385088717,   1.0
 0.06386795320808564,-0.09222043896616382, 14.827804732797636, 53.68648133635009,  40.10621830609396, 0.1394728286971343,247.39070090733765,  38.01823399933734,369826.25079077354,      0.0,369826.25079077354,   1.0
 0.06386795320808564,-0.09222043896616382, 14.827804732797636, 52.68648133635009,  41.10621830609396, 0.1394728286971343,247.39070090733765,  38.01823399933734,369788.34073531354,      0.0,369788.34073531354,   1.0
 0.06386795320808564,-0.09222043896616382, 14.827804732797636, 52.68648133635009,  40.10621830609396,         0.59999942,247.39070090733765,  38.01823399933734,304619.69668827136,      0.0,304619.69668827136,   1.0
 0.06386795320808564,-0.09222043896616382, 14.827804732797636, 52.68648133635009,  40.10621830609396, 0.1394728286971343,248.39070090733765,  38.01823399933734, 369829.4219300853,      0.0, 369829.4219300853,   1.0
 0.06386795320808564,-0.09222043896616382, 14.827804732797636, 52.68648133635009,  40.10621830609396, 0.1394728286971343,247.39070090733765,  39.01823399933734, 369627.2679481817,      0.0, 369627.2679481817,   1.0
 0.06386795302823979,-0.09222043880791221, 14.827804698393027, 52.68648136124519,   40.1062182232576,0.13947282878812847,247.39070094801374,  38.01823402448508, 369841.4099934259,      0.0, 369841.4099934259,   1.0
-0.29999939999999997,-0.09222043880791221, 14.827804698393027, 52.68648136124519,   40.1062182232576,0.13947282878812847,247.39070094801374,  38.01823402448508,  274594.490703429,      0.0,  274594.490703429,   1.0
 0.06386795302823979, 0.29999939999999997, 14.827804698393027, 52.68648136124519,   40.1062182232576,0.13947282878812847,247.39070094801374,  38.01823402448508,244944.85343009082,      0.0,244944.85343009082,   1.0
 0.06386795302823979,-0.09222043880791221, 15.827804698393027, 52.68648136124519,   40.1062182232576,0.13947282878812847,247.39070094801374,  38.01823402448508,369837.80385088717,      0.0,369837.80385088717,   1.0
 0.06386795302823979,-0.09222043880791221, 14.827804698393027, 53.68648136124519,   40.1062182232576,0.13947282878812847,247.39070094801374,  38.01823402448508,369826.25079077354,      0.0,369826.25079077354,   1.0
 0.06386795302823979,-0.09222043880791221, 14.827804698393027, 52.68648136124519,   41.1062182232576,0.13947282878812847,247.39070094801374,  38.01823402448508,369788.34073531354,      0.0,369788.34073531354,   1.0
 0.06386795302823979,-0.09222043880791221, 14.827804698393027, 52.68648136124519,   40.1062182232576,         0.59999942,247.39070094801374,  38.01823402448508,304619.69668827136,      0.0,304619.69668827136,   1.0
 0.06386795302823979,-0.09222043880791221, 14.827804698393027, 52.68648136124519,   40.1062182232576,0.13947282878812847,248.39070094801374,  38.01823402448508, 369829.4219300853,      0.0, 369829.4219300853,   1.0
 0.06386795302823979,-0.09222043880791221, 14.827804698393027, 52.68648136124519,   40.1062182232576,0.13947282878812847,247.39070094801374,  39.01823402448508, 369627.2679481817,      0.0, 369627.2679481817,   1.0
 0.06386795299028579,-0.09222043877451538, 14.827804691132407, 52.68648136649897,  40.10621820577612,0.13947282880733153, 247.3907009565979,  38.01823402979216, 369841.4099934259,      0.0, 369841.4099934259,   1.0
-0.29999939999999997,-0.09222043877451538, 14.827804691132407, 52.68648136649897,  40.10621820577612,0.13947282880733153, 247.3907009565979,  38.01823402979216,  274594.490703429,      0.0,  274594.490703429,   1.0
 0.06386795299028579,           0.2999994, 14.827804691132407, 52.68648136649897,  40.10621820577612,0.13947282880733153, 247.3907009565979,  38.01823402979216,244944.85343009082,      0.0,244944.85343009082,   1.0
 0.06386795299028579,-0.09222043877451538, 15.827804691132407, 52.68648136649897,  40.10621820577612,0.13947282880733153, 247.3907009565979,  38.01823402979216,369837.80385088717,      0.0,369837.80385088717,   1.0
 0.06386795299028579,-0.09222043877451538, 14.827804691132407, 53.68648136649897,  40.10621820577612,0.13947282880733153, 247.3907009565979,  38.01823402979216,369826.25079077354,      0.0,369826.25079077354,   1.0
 0.06386795299028579,-0.09222043877451538, 14.827804691132407, 52.68648136649897,  41.10621820577612,0.13947282880733153, 247.3907009565979,  38.01823402979216,369788.34073531354,      0.0,369788.34073531354,   1.0
 0.06386795299028579,-0.09222043877451538, 14.827804691132407, 52.68648136649897,  40.10621820577612,         0.59999942, 247.3907009565979,  38.01823402979216,304619.69668827136,      0.0,304619.69668827136,   1.0
 0.06386795299028579,-0.09222043877451538, 14.827804691132407, 52.68648136649897,  40.10621820577612,0.13947282880733153, 248.3907009565979,  38.01823402979216, 369829.4219300853,      0.0, 369829.4219300853,   1.0
 0.06386795299028579,-0.09222043877451538, 14.827804691132407, 52.68648136649897,  40.10621820577612,0.13947282880733153, 247.3907009565979,  39.01823402979216, 369627.2679481817,      0.0, 369627.2679481817,   1.0
 0.06386795298227611,-0.09222043876746742, 14.827804689600152,52.686481367607705,  40.10621820208689, 0.1394728288113841,247.39070095840947, 38.018234030912154, 369841.4099934259,      0.0, 369841.4099934259,   1.0
-0.29999939999999997,-0.09222043876746742, 14.827804689600152,52.686481367607705,  40.10621820208689, 0.1394728288113841,247.39070095840947, 38.018234030912154,  274594.490703429,      0.0,  274594.490703429,   1.0
 0.06386795298227611, 0.29999939999999997, 14.827804689600152,52.686481367607705,  40.10621820208689, 0.1394728288113841,247.39070095840947, 38.018234030912154,244944.85343009082,      0.0,244944.85343009082,   1.0
 0.06386795298227611,-0.09222043876746742, 15.827804689600152,52.686481367607705,  40.10621820208689, 0.1394728288113841,247.39070095840947, 38.018234030912154,369837.80385088717,      0.0,369837.80385088717,   1.0
 0.06386795298227611,-0.09222043876746742, 14.827804689600152,53.686481367607705,  40.10621820208689, 0.1394728288113841,247.39070095840947, 38.018234030912154,369826.25079077354,      0.0,369826.25079077354,   1.0
 0.06386795298227611,-0.09222043876746742, 14.827804689600152,52.686481367607705,  41.10621820208689, 0.1394728288113841,247.39070095840947, 38.018234030912154,369788.34073531354,      0.0,369788.34073531354,   1.0
 0.06386795298227611,-0.09222043876746742, 14.827804689600152,52.686481367607705,  40.10621820208689,         0.59999942,247.39070095840947, 38.018234030912154,304619.69668827136,      0.0,304619.69668827136,   1.0
 0.06386795298227611,-0.09222043876746742, 14.827804689600152,52.686481367607705,  40.10621820208689, 0.1394728288113841,248.39070095840947, 38.018234030912154, 369829.4219300853,      0.0, 369829.4219300853,   1.0
 0.06386795298227611,-0.09222043876746742, 14.827804689600152,52.686481367607705,  40.10621820208689, 0.1394728288113841,247.39070095840947, 39.018234030912154, 369627.2679481817,      0.0, 369627.2679481817,   1.0
 0.06386795298058578,-0.09222043876598006,  14.82780468927679, 52.68648136784169,  40.10621820130834,0.13947282881223932,247.39070095879177,  38.01823403114851, 369841.4099934259,      0.0, 369841.4099934259,   1.0
-0.29999939999999997,-0.09222043876598006,  14.82780468927679, 52.68648136784169,  40.10621820130834,0.13947282881223932,247.39070095879177,  38.01823403114851,  274594.490703429,      0.0,  274594.490703429,   1.0
 0.06386795298058578, 0.29999939999999997,  14.82780468927679, 52.68648136784169,  40.10621820130834,0.13947282881223932,247.39070095879177,  38.01823403114851,244944.85343009082,      0.0,244944.85343009082,   1.0
 0.06386795298058578,-0.09222043876598006,  15.82780468927679, 52.68648136784169,  40.10621820130834,0.13947282881223932,247.39070095879177,  38.01823403114851,369837.80385088717,      0.0,369837.80385088717,   1.0
 0.06386795298058578,-0.09222043876598006,  14.82780468927679, 53.68648136784169,  40.10621820130834,0.13947282881223932,247.39070095879177,  38.01823403114851,369826.25079077354,      0.0,369826.25079077354,   1.0
 0.06386795298058578,-0.09222043876598006,  14.82780468927679, 52.68648136784169,  41.10621820130834,0.13947282881223932,247.39070095879177,  38.01823403114851,369788.34073531354,      0.0,369788.34073531354,   1.0
 0.06386795298058578,-0.09222043876598006,  14.82780468927679, 52.68648136784169,  40.10621820130834,         0.59999942,247.39070095879177,  38.01823403114851,304619.69668827136,      0.0,304619.69668827136,   1.0
 0.06386795298058578,-0.09222043876598006,  14.82780468927679, 52.68648136784169,  40.10621820130834,0.13947282881223932,248.39070095879177,  38.01823403114851, 369829.4219300853,      0.0, 369829.4219300853,   1.0
 0.06386795298058578,-0.09222043876598006,  14.82780468927679, 52.68648136784169,  40.10621820130834,0.13947282881223932,247.39070095879177,  39.01823403114851, 369627.2679481817,      0.0, 369627.2679481817,   1.0
 0.06386795298022906,-0.09222043876566617, 14.827804689208548, 52.68648136789106,  40.10621820114403,0.13947282881241982,247.39070095887246,  38.01823403119839, 369841.4099934259,      0.0, 369841.4099934259,   1.0
-0.29999939999999997,-0.09222043876566617, 14.827804689208548, 52.68648136789106,  40.10621820114403,0.13947282881241982,247.39070095887246,  38.01823403119839,  274594.490703429,      0.0,  274594.490703429,   1.0
 0.06386795298022906, 0.29999939999999997, 14.827804689208548, 52.68648136789106,  40.10621820114403,0.13947282881241982,247.39070095887246,  38.01823403119839,244944.85343009082,      0.0,244944.85343009082,   1.0
 0.06386795298022906,-0.09222043876566617, 15.827804689208548, 52.68648136789106,  40.10621820114403,0.13947282881241982,247.39070095887246,  38.01823403119839,369837.80385088717,      0.0,369837.80385088717,   1.0
 0.06386795298022906,-0.09222043876566617, 14.827804689208548, 53.68648136789106,  40.10621820114403,0.13947282881241982,247.39070095887246,  38.01823403119839,369826.25079077354,      0.0,369826.25079077354,   1.0
 0.06386795298022906,-0.09222043876566617, 14.827804689208548, 52.68648136789106,  41.10621820114403,0.13947282881241982,247.39070095887246,  38.01823403119839,369788.34073531354,      0.0,369788.34073531354,   1.0
 0.06386795298022906,-0.09222043876566617, 14.827804689208548, 52.68648136789106,  40.10621820114403,         0.59999942,247.39070095887246,  38.01823403119839,304619.69668827136,      0.0,304619.69668827136,   1.0
 0.06386795298022906,-0.09222043876566617, 14.827804689208548, 52.68648136789106,  40.10621820114403,0.13947282881241982,248.39070095887246,  38.01823403119839, 369829.4219300853,      0.0, 369829.4219300853,   1.0
 0.06386795298022906,-0.09222043876566617, 14.827804689208548, 52.68648136789106,  40.10621820114403,0.13947282881241982,247.39070095887246,  39.01823403119839, 369627.2679481817,      0.0, 369627.2679481817,   1.0
 0.06386795298015378,-0.09222043876559993,  14.82780468919415,52.686481367901486,  40.10621820110936, 0.1394728288124579,247.39070095888948,  38.01823403120892, 369841.4099934259,      0.0, 369841.4099934259,   1.0
-0.29999939999999997,-0.09222043876559993,  14.82780468919415,52.686481367901486,  40.10621820110936, 0.1394728288124579,247.39070095888948,  38.01823403120892,  274594.490703429,      0.0,  274594.490703429,   1.0
 0.06386795298015378, 0.29999939999999997,  14.82780468919415,52.686481367901486,  40.10621820110936, 0.1394728288124579,247.39070095888948,  38.01823403120892,244944.85343009082,      0.0,244944.85343009082,   1.0
 0.06386795298015378,-0.09222043876559993,  15.82780468919415,52.686481367901486,  40.10621820110936, 0.1394728288124579,247.39070095888948,  38.01823403120892,369837.80385088717,      0.0,369837.80385088717,   1.0
 0.06386795298015378,-0.09222043876559993,  14.82780468919415,53.686481367901486,  40.10621820110936, 0.1394728288124579,247.39070095888948,  38.01823403120892,369826.25079077354,      0.0,369826.25079077354,   1.0
 0.06386795298015378,-0.09222043876559993,  14.82780468919415,52.686481367901486,  41.10621820110936, 0.1394728288124579,247.39070095888948,  38.01823403120892,369788.34073531354,      0.0,369788.34073531354,   1.0
 0.06386795298015378,-0.09222043876559993,  14.82780468919415,52.686481367901486,  40.10621820110936,         0.59999942,247.39070095888948,  38.01823403120892,304619.69668827136,      0.0,304619.69668827136,   1.0
 0.06386795298015378,-0.09222043876559993,  14.82780468919415,52.686481367901486,  40.10621820110936, 0.1394728288124579,248.39070095888948,  38.01823403120892, 369829.4219300853,      0.0, 369829.4219300853,   1.0
 0.06386795298015378,-0.09222043876559993,  14.82780468919415,52.686481367901486,  40.10621820110936, 0.1394728288124579,247.39070095888948,  39.01823403120892, 369627.2679481817,      0.0, 369627.2679481817,   1.0
 0.06386795298020347,-0.09222043876564365, 14.827804689203653, 52.68648136789461,  40.10621820113224,0.13947282881243275,247.39070095887823,  38.01823403120197, 369841.4099934259,      0.0, 369841.4099934259,   1.0
-0.29999939999999997,-0.09222043876564365, 14.827804689203653, 52.68648136789461,  40.10621820113224,0.13947282881243275,247.39070095887823,  38.01823403120197,  274594.490703429,      0.0,  274594.490703429,   1.0
 0.06386795298020347,  0.2999993999999999, 14.827804689203653, 52.68648136789461,  40.10621820113224,0.13947282881243275,247.39070095887823,  38.01823403120197,244944.85343009082,      0.0,244944.85343009082,   1.0
 0.06386795298020347,-0.09222043876564365, 15.827804689203653, 52.68648136789461,  40.10621820113224,0.13947282881243275,247.39070095887823,  38.01823403120197,369837.80385088717,      0.0,369837.80385088717,   1.0
 0.06386795298020347,-0.09222043876564365, 14.827804689203653, 53.68648136789461,  40.10621820113224,0.13947282881243275,247.39070095887823,  38.01823403120197,369826.25079077354,      0.0,369826.25079077354,   1.0
 0.06386795298020347,-0.09222043876564365, 14.827804689203653, 52.68648136789461,  41.10621820113224,0.13947282881243275,247.39070095887823,  38.01823403120197,369788.34073531354,      0.0,369788.34073531354,   1.0
 0.06386795298020347,-0.09222043876564365, 14.827804689203653, 52.68648136789461,  40.10621820113224,         0.59999942,247.39070095887823,  38.01823403120197,304619.69668827136,      0.0,304619.69668827136,   1.0
 0.06386795298020347,-0.09222043876564365, 14.827804689203653, 52.68648136789461,  40.10621820113224,0.13947282881243275,248.39070095887823,  38.01823403120197, 369829.4219300853,      0.0, 369829.4219300853,   1.0
 0.06386795298020347,-0.09222043876564365, 14.827804689203653, 52.68648136789461,  40.10621820113224,0.13947282881243275,247.39070095887823,  39.01823403120197, 369627.2679481817,      0.0, 369627.2679481817,   1.0
 0.06386795298016426,-0.09222043876560915, 14.827804689196151,52.686481367900036,  40.10621820111418, 0.1394728288124526, 247.3907009588871, 38.018234031207456, 369841.4099934259,      0.0, 369841.4099934259,   1.0
          -0.2999994,-0.09222043876560915, 14.827804689196151,52.686481367900036,  40.10621820111418, 0.1394728288124526, 247.3907009588871, 38.018234031207456,  274594.490703429,      0.0,  274594.490703429,   1.0
 0.06386795298016426, 0.29999939999999997, 14.827804689196151,52.686481367900036,  40.10621820111418, 0.1394728288124526, 247.3907009588871, 38.018234031207456,244944.85343009082,      0.0,244944.85343009082,   1.0
 0.06386795298016426,-0.09222043876560915, 15.827804689196151,52.686481367900036,  40.10621820111418, 0.1394728288124526, 247.3907009588871, 38.018234031207456,369837.80385088717,      0.0,369837.80385088717,   1.0
 0.06386795298016426,-0.09222043876560915, 14.827804689196151,53.686481367900036,  40.10621820111418, 0.1394728288124526, 247.3907009588871, 38.018234031207456,369826.25079077354,      0.0,369826.25079077354,   1.0
 0.06386795298016426,-0.09222043876560915, 14.827804689196151,52.686481367900036,  41.10621820111418, 0.1394728288124526, 247.3907009588871, 38.018234031207456,369788.34073531354,      0.0,369788.34073531354,   1.0
 0.06386795298016426,-0.09222043876560915, 14.827804689196151,52.686481367900036,  40.10621820111418,         0.59999942, 247.3907009588871, 38.018234031207456,304619.69668827136,      0.0,304619.69668827136,   1.0
 0.06386795298016426,-0.09222043876560915, 14.827804689196151,52.686481367900036,  40.10621820111418, 0.1394728288124526, 248.3907009588871, 38.018234031207456, 369829.4219300853,      0.0, 369829.4219300853,   1.0
 0.06386795298016426,-0.09222043876560915, 14.827804689196151,52.686481367900036,  40.10621820111418, 0.1394728288124526, 247.3907009588871, 39.018234031207456, 369627.2679481817,      0.0, 369627.2679481817,   1.0
 0.29999939999999997,-0.29999939999999997,  7.615519561878127, 22.36807585353671, -66.03229875763938,         0.02000058,223.41457411187733,           5.000115, 99094.13485784456,      0.0, 99094.13485784456,   1.0
-0.29999939999999997,-0.29999939999999997,  7.615519561878127, 22.36807585353671, -66.03229875763938,         0.02000058,223.41457411187733,           5.000115, 137109.2551493274,      0.0, 137109.2551493274,   1.0
 0.29999939999999997, 0.29999939999999997,  7.615519561878127, 22.36807585353671, -66.03229875763938,         0.02000058,223.41457411187733,           5.000115,141893.13257889586,      0.0,141893.13257889586,   1.0
 0.29999939999999997,-0.29999939999999997,  8.615519561878127, 22.36807585353671, -66.03229875763938,         0.02000058,223.41457411187733,           5.000115, 98776.80387185176,      0.0, 98776.80387185176,   1.0
 0.29999939999999997,-0.29999939999999997,  7.615519561878127, 23.36807585353671, -66.03229875763938,         0.02000058,223.41457411187733,           5.000115,100584.38414352399,      0.0,100584.38414352399,   1.0
 0.29999939999999997,-0.29999939999999997,  7.615519561878127, 22.36807585353671, -65.03229875763938,         0.02000058,223.41457411187733,           5.000115,  99290.2614415451,      0.0,  99290.2614415451,   1.0
 0.29999939999999997,-0.29999939999999997,  7.615519561878127, 22.36807585353671, -66.03229875763938,         0.59999942,223.41457411187733,           5.000115, 89604.27354350267,      0.0, 89604.27354350267,   1.0
 0.29999939999999997,-0.29999939999999997,  7.615519561878127, 22.36807585353671, -66.03229875763938,         0.02000058,224.41457411187733,           5.000115, 99366.22228882695,      0.0, 99366.22228882695,   1.0
 0.29999939999999997,-0.29999939999999997,  7.615519561878127, 22.36807585353671, -66.03229875763938,         0.02000058,223.41457411187733,           6.000115,100904.08459567162,      0.0,100904.08459567162,   1.0
 0.08465312038767218,-0.11050991501928292, 14.192952552153793,50.017742654365826, 30.763511538274006,0.12895643752506228,245.28023318092926,  35.11185650205514,367223.11672190146,      0.0,367223.11672190146,   1.0
-0.29999939999999997,-0.11050991501928292, 14.192952552153793,50.017742654365826, 30.763511538274006,0.12895643752506228,245.28023318092926,  35.11185650205514, 284807.0219735409,      0.0, 284807.0219735409,   1.0
 0.08465312038767218, 0.29999939999999997, 14.192952552153793,50.017742654365826, 30.763511538274006,0.12895643752506228,245.28023318092926,  35.11185650205514,207478.64417769673,      0.0,207478.64417769673,   1.0
 0.08465312038767218,-0.11050991501928292, 15.192952552153793,50.017742654365826, 30.763511538274006,0.12895643752506228,245.28023318092926,  35.11185650205514,  367069.157635632,      0.0,  367069.157635632,   1.0
 0.08465312038767218,-0.11050991501928292, 14.192952552153793,51.017742654365826, 30.763511538274006,0.12895643752506228,245.28023318092926,  35.11185650205514, 367331.2906032575,      0.0, 367331.2906032575,   1.0
 0.08465312038767218,-0.11050991501928292, 14.192952552153793,50.017742654365826, 31.763511538274006,0.12895643752506228,245.28023318092926,  35.11185650205514, 367694.0399229029,      0.0, 367694.0399229029,   1.0
 0.08465312038767218,-0.11050991501928292, 14.192952552153793,50.017742654365826, 30.763511538274006,         0.59999942,245.28023318092926,  35.11185650205514,293384.01648016914,      0.0,293384.01648016914,   1.0
 0.08465312038767218,-0.11050991501928292, 14.192952552153793,50.017742654365826, 30.763511538274006,0.12895643752506228,246.28023318092926,  35.11185650205514,  367275.572475465,      0.0,  367275.572475465,   1.0
 0.08465312038767218,-0.11050991501928292, 14.192952552153793,50.017742654365826, 30.763511538274006,0.12895643752506228,245.28023318092926,  36.11185650205514,367179.32370885607,      0.0,367179.32370885607,   1.0
 0.06784958678067245, -0.0957239947109375, 14.706191585114356,  52.1752542962966, 38.316517117252396,0.13745829516986485, 246.9864169964447,  37.46148455788205,369820.33262562146,      0.0,369820.33262562146,   1.0
-0.29999939999999997, -0.0957239947109375, 14.706191585114356,  52.1752542962966, 38.316517117252396,0.13745829516986485, 246.9864169964447,  37.46148455788205,276821.11719918693,      0.0,276821.11719918693,   1.0
 0.06784958678067245, 0.29999939999999997, 14.706191585114356,  52.1752542962966, 38.316517117252396,0.13745829516986485, 246.9864169964447,  37.46148455788205,237420.71878314123,      0.0,237420.71878314123,   1.0
 0.06784958678067245, -0.0957239947109375, 15.706191585114356,  52.1752542962966, 38.316517117252396,0.13745829516986485, 246.9864169964447,  37.46148455788205,  369796.014939696,      0.0,  369796.014939696,   1.0
 0.06784958678067245, -0.0957239947109375, 14.706191585114356,  53.1752542962966, 38.316517117252396,0.13745829516986485, 246.9864169964447,  37.46148455788205,369833.26040738536,      0.0,369833.26040738536,   1.0
 0.06784958678067245, -0.0957239947109375, 14.706191585114356,  52.1752542962966, 39.316517117252396,0.13745829516986485, 246.9864169964447,  37.46148455788205, 369856.8035092259,      0.0, 369856.8035092259,   1.0
 0.06784958678067245, -0.0957239947109375, 14.706191585114356,  52.1752542962966, 38.316517117252396,         0.59999942, 246.9864169964447,  37.46148455788205, 302796.3103841962,      0.0, 302796.3103841962,   1.0
 0.06784958678067245, -0.0957239947109375, 14.706191585114356,  52.1752542962966, 38.316517117252396,0.13745829516986485, 247.9864169964447,  37.46148455788205,369822.89626806835,      0.0,369822.89626806835,   1.0
 0.06784958678067245, -0.0957239947109375, 14.706191585114356,  52.1752542962966, 38.316517117252396,0.13745829516986485, 246.9864169964447,  38.46148455788205, 369635.3395509705,      0.0, 369635.3395509705,   1.0
 0.06472112697412388,-0.09297117149712134, 14.801745753857775, 52.57693697874914,  39.72272577104578,0.13904115985445017,  247.304072057235, 37.898935221826406, 369851.4780733315,      0.0, 369851.4780733315,   1.0
 -0.2999993999999999,-0.09297117149712134, 14.801745753857775, 52.57693697874914,  39.72272577104578,0.13904115985445017,  247.304072057235, 37.898935221826406, 275127.2703352563,      0.0, 275127.2703352563,   1.0
 0.06472112697412388,           0.2999994, 14.801745753857775, 52.57693697874914,  39.72272577104578,0.13904115985445017,  247.304072057235, 37.898935221826406,243386.65372744016,      0.0,243386.65372744016,   1.0
 0.06472112697412388,-0.09297117149712134, 15.801745753857775, 52.57693697874914,  39.72272577104578,0.13904115985445017,  247.304072057235, 37.898935221826406, 369848.8952816228,      0.0, 369848.8952816228,   1.0
 0.06472112697412388,-0.09297117149712134, 14.801745753857775, 53.57693697874914,  39.72272577104578,0.13904115985445017,  247.304072057235, 37.898935221826406,369837.52960136015,      0.0,369837.52960136015,   1.0
 0.06472112697412388,-0.09297117149712134, 14.801745753857775, 52.57693697874914,  40.72272577104578,0.13904115985445017,  247.304072057235, 37.898935221826406,369812.91151768726,      0.0,369812.91151768726,   1.0
 0.06472112697412388,-0.09297117149712134, 14.801745753857775, 52.57693697874914,  39.72272577104578,         0.59999942,  247.304072057235, 37.898935221826406,304316.51828034606,      0.0,304316.51828034606,   1.0
 0.06472112697412388,-0.09297117149712134, 14.801745753857775, 52.57693697874914,  39.72272577104578,0.13904115985445017,  248.304072057235, 37.898935221826406, 369840.9969074123,      0.0, 369840.9969074123,   1.0
 0.06472112697412388,-0.09297117149712134, 14.801745753857775, 52.57693697874914,  39.72272577104578,0.13904115985445017,  247.304072057235, 38.898935221826406, 369641.5387571141,      0.0, 369641.5387571141,   1.0
 0.06678591044644594,   -0.09478803481824, 14.738680002487119, 52.31182640833046,  38.79462805954214,0.13799646916262387, 247.0944197171134, 37.610217783623135, 369844.2723470449,      0.0, 369844.2723470449,   1.0
-0.29999939999999997,   -0.09478803481824, 14.738680002487119, 52.31182640833046,  38.79462805954214,0.13799646916262387, 247.0944197171134, 37.610217783623135,276185.26440955896,      0.0,276185.26440955896,   1.0
 0.06678591044644594, 0.29999939999999997, 14.738680002487119, 52.31182640833046,  38.79462805954214,0.13799646916262387, 247.0944197171134, 37.610217783623135,239491.85510243414,      0.0,239491.85510243414,   1.0
 0.06678591044644594,   -0.09478803481824, 15.738680002487119, 52.31182640833046,  38.79462805954214,0.13799646916262387, 247.0944197171134, 37.610217783623135,369826.60480100923,      0.0,369826.60480100923,   1.0
 0.06678591044644594,   -0.09478803481824, 14.738680002487119, 53.31182640833046,  38.79462805954214,0.13799646916262387, 247.0944197171134, 37.610217783623135,369844.01884041994,      0.0,369844.01884041994,   1.0
 0.06678591044644594,   -0.09478803481824, 14.738680002487119, 52.31182640833046,  39.79462805954214,0.13799646916262387, 247.0944197171134, 37.610217783623135,369877.10440880933,      0.0,369877.10440880933,   1.0
 0.06678591044644594,   -0.09478803481824, 14.738680002487119, 52.31182640833046,  38.79462805954214,         0.59999942, 247.0944197171134, 37.610217783623135, 303370.4891356062,      0.0, 303370.4891356062,   1.0
 0.06678591044644594,   -0.09478803481824, 14.738680002487119, 52.31182640833046,  38.79462805954214,0.13799646916262387, 248.0944197171134, 37.610217783623135,369839.80233039916,      0.0,369839.80233039916,   1.0
 0.06678591044644594,   -0.09478803481824, 14.738680002487119, 52.31182640833046,  38.79462805954214,0.13799646916262387, 247.0944197171134, 38.610217783623135, 369646.3256658905,      0.0, 369646.3256658905,   1.0
 0.06516262269817755,-0.09335965648754106, 14.788260921216674, 52.52025055869094,  39.52427824537276,0.13881778220755275,247.25924381594857, 37.837201138744504,369857.65238868794,      0.0,369857.65238868794,   1.0
          -0.2999994,-0.09335965648754106, 14.788260921216674, 52.52025055869094,  39.52427824537276,0.13881778220755275,247.25924381594857, 37.837201138744504,275260.09223109274,      0.0,275260.09223109274,   1.0
 0.06516262269817755, 0.29999939999999997, 14.788260921216674, 52.52025055869094,  39.52427824537276,0.13881778220755275,247.25924381594857, 37.837201138744504, 242606.5575138203,      0.0, 242606.5575138203,   1.0
 0.06516262269817755,-0.09335965648754106, 15.788260921216674, 52.52025055869094,  39.52427824537276,0.13881778220755275,247.25924381594857, 37.837201138744504, 369857.7482455088,      0.0, 369857.7482455088,   1.0
 0.06516262269817755,-0.09335965648754106, 14.788260921216674, 53.52025055869094,  39.52427824537276,0.13881778220755275,247.25924381594857, 37.837201138744504,369845.56335967657,      0.0,369845.56335967657,   1.0
 0.06516262269817755,-0.09335965648754106, 14.788260921216674, 52.52025055869094,  40.52427824537276,0.13881778220755275,247.25924381594857, 37.837201138744504, 369826.5019119425,      0.0, 369826.5019119425,   1.0
 0.06516262269817755,-0.09335965648754106, 14.788260921216674, 52.52025055869094,  39.52427824537276,         0.59999942,247.25924381594857, 37.837201138744504,304185.60776409943,      0.0,304185.60776409943,   1.0
 0.06516262269817755,-0.09335965648754106, 14.788260921216674, 52.52025055869094,  39.52427824537276,0.13881778220755275,248.25924381594857, 37.837201138744504, 369858.5753742957,      0.0, 369858.5753742957,   1.0
 0.06516262269817755,-0.09335965648754106, 14.788260921216674, 52.52025055869094,  39.52427824537276,0.13881778220755275,247.25924381594857, 38.837201138744504, 369653.7556083598,      0.0, 369653.7556083598,   1.0
 0.06623399261203469,-0.09430238618580236, 14.755537514855167, 52.38269061945303,  39.04270912272455,0.13827571559789967,247.15045991071736,   37.6873921243644,369837.39674660837,      0.0,369837.39674660837,   1.0
          -0.2999994,-0.09430238618580236, 14.755537514855167, 52.38269061945303,  39.04270912272455,0.13827571559789967,247.15045991071736,   37.6873921243644, 275750.4740329005,      0.0, 275750.4740329005,   1.0
 0.06623399261203469,           0.2999994, 14.755537514855167, 52.38269061945303,  39.04270912272455,0.13827571559789967,247.15045991071736,   37.6873921243644,240716.30886006873,      0.0,240716.30886006873,   1.0
 0.06623399261203469,-0.09430238618580236, 15.755537514855167, 52.38269061945303,  39.04270912272455,0.13827571559789967,247.15045991071736,   37.6873921243644, 369830.4494786054,      0.0, 369830.4494786054,   1.0
 0.06623399261203469,-0.09430238618580236, 14.755537514855167, 53.38269061945303,  39.04270912272455,0.13827571559789967,247.15045991071736,   37.6873921243644, 369837.5838565791,      0.0, 369837.5838565791,   1.0
 0.06623399261203469,-0.09430238618580236, 14.755537514855167, 52.38269061945303,  40.04270912272455,0.13827571559789967,247.15045991071736,   37.6873921243644, 369856.4772345314,      0.0, 369856.4772345314,   1.0
 0.06623399261203469,-0.09430238618580236, 14.755537514855167, 52.38269061945303,  39.04270912272455,         0.59999942,247.15045991071736,   37.6873921243644, 303739.8577621376,      0.0, 303739.8577621376,   1.0
 0.06623399261203469,-0.09430238618580236, 14.755537514855167, 52.38269061945303,  39.04270912272455,0.13827571559789967,248.15045991071736,   37.6873921243644, 369836.2744960086,      0.0, 369836.2744960086,   1.0
 0.06623399261203469,-0.09430238618580236, 14.755537514855167, 52.38269061945303,  39.04270912272455,0.13827571559789967,247.15045991071736,   38.6873921243644, 369646.9257147735,      0.0, 369646.9257147735,   1.0
 0.06538356288658713, -0.0935540682163559, 14.781512630571768,52.491882654664764,  39.42496803391921,0.13870599607531378, 247.2368101670222,  37.80630720432046, 369844.6969600628,      0.0, 369844.6969600628,   1.0
-0.29999939999999997, -0.0935540682163559, 14.781512630571768,52.491882654664764,  39.42496803391921,0.13870599607531378, 247.2368101670222,  37.80630720432046,275421.56622023624,      0.0,275421.56622023624,   1.0
 0.06538356288658713,  0.2999993999999999, 14.781512630571768,52.491882654664764,  39.42496803391921,0.13870599607531378, 247.2368101670222,  37.80630720432046,242244.94792038656,      0.0,242244.94792038656,   1.0
 0.06538356288658713, -0.0935540682163559, 15.781512630571768,52.491882654664764,  39.42496803391921,0.13870599607531378, 247.2368101670222,  37.80630720432046, 369841.6820828269,      0.0, 369841.6820828269,   1.0
 0.06538356288658713, -0.0935540682163559, 14.781512630571768,53.491882654664764,  39.42496803391921,0.13870599607531378, 247.2368101670222,  37.80630720432046,369851.92172681034,      0.0,369851.92172681034,   1.0
 0.06538356288658713, -0.0935540682163559, 14.781512630571768,52.491882654664764,  40.42496803391921,0.13870599607531378, 247.2368101670222,  37.80630720432046, 369814.0398886432,      0.0, 369814.0398886432,   1.0
 0.06538356288658713, -0.0935540682163559, 14.781512630571768,52.491882654664764,  39.42496803391921,         0.59999942, 247.2368101670222,  37.80630720432046, 304049.2606253764,      0.0, 304049.2606253764,   1.0
 0.06538356288658713, -0.0935540682163559, 14.781512630571768,52.491882654664764,  39.42496803391921,0.13870599607531378, 248.2368101670222,  37.80630720432046,369848.00343542296,      0.0,369848.00343542296,   1.0
 0.06538356288658713, -0.0935540682163559, 14.781512630571768,52.491882654664764,  39.42496803391921,0.13870599607531378, 247.2368101670222,  38.80630720432046,369641.51693129895,      0.0,369641.51693129895,   1.0
 0.06520436646755312,-0.09339638805018691, 14.786985919640962, 52.51489081290698,  39.50551487509867,0.13879666167462862,247.25500527033233,  37.83136413243531, 369858.2352177957,      0.0, 369858.2352177957,   1.0
-0.29999939999999997,-0.09339638805018691, 14.786985919640962, 52.51489081290698,  39.50551487509867,0.13879666167462862,247.25500527033233,  37.83136413243531, 275267.0831956172,      0.0, 275267.0831956172,   1.0
 0.06520436646755312, 0.29999939999999997, 14.786985919640962, 52.51489081290698,  39.50551487509867,0.13879666167462862,247.25500527033233,  37.83136413243531,242561.90589323695,      0.0,242561.90589323695,   1.0
 0.06520436646755312,-0.09339638805018691, 15.786985919640962, 52.51489081290698,  39.50551487509867,0.13879666167462862,247.25500527033233,  37.83136413243531, 369858.0259771196,      0.0, 369858.0259771196,   1.0
 0.06520436646755312,-0.09339638805018691, 14.786985919640962, 53.51489081290698,  39.50551487509867,0.13879666167462862,247.25500527033233,  37.83136413243531, 369847.4984449716,      0.0, 369847.4984449716,   1.0
 0.06520436646755312,-0.09339638805018691, 14.786985919640962, 52.51489081290698,  40.50551487509867,0.13879666167462862,247.25500527033233,  37.83136413243531, 369827.1527878632,      0.0, 369827.1527878632,   1.0
 0.06520436646755312,-0.09339638805018691, 14.786985919640962, 52.51489081290698,  39.50551487509867,         0.59999942,247.25500527033233,  37.83136413243531,304176.98436617316,      0.0,304176.98436617316,   1.0
 0.06520436646755312,-0.09339638805018691, 14.786985919640962, 52.51489081290698,  39.50551487509867,0.13879666167462862,248.25500527033233,  37.83136413243531,369859.17691978987,      0.0,369859.17691978987,   1.0
 0.06520436646755312,-0.09339638805018691, 14.786985919640962, 52.51489081290698,  39.50551487509867,0.13879666167462862,247.25500527033233,  38.83136413243531,369654.30875390675,      0.0,369654.30875390675,   1.0
 0.06532263610411557,-0.09350045695985844, 14.783373548855295, 52.49970542846712, 39.452353959920224, 0.1387368223790808,247.24299650214766, 37.814826559879506,369850.16889272357,      0.0,369850.16889272357,   1.0
 -0.2999993999999999,-0.09350045695985844, 14.783373548855295, 52.49970542846712, 39.452353959920224, 0.1387368223790808,247.24299650214766, 37.814826559879506, 275324.4771100801,      0.0, 275324.4771100801,   1.0
 0.06532263610411557, 0.29999939999999997, 14.783373548855295, 52.49970542846712, 39.452353959920224, 0.1387368223790808,247.24299650214766, 37.814826559879506, 242291.0322470271,      0.0, 242291.0322470271,   1.0
 0.06532263610411557,-0.09350045695985844, 15.783373548855295, 52.49970542846712, 39.452353959920224, 0.1387368223790808,247.24299650214766, 37.814826559879506, 369848.4987734323,      0.0, 369848.4987734323,   1.0
 0.06532263610411557,-0.09350045695985844, 14.783373548855295, 53.49970542846712, 39.452353959920224, 0.1387368223790808,247.24299650214766, 37.814826559879506, 369846.8525267164,      0.0, 369846.8525267164,   1.0
 0.06532263610411557,-0.09350045695985844, 14.783373548855295, 52.49970542846712, 40.452353959920224, 0.1387368223790808,247.24299650214766, 37.814826559879506,369825.57151331654,      0.0,369825.57151331654,   1.0
 0.06532263610411557,-0.09350045695985844, 14.783373548855295, 52.49970542846712, 39.452353959920224,         0.59999942,247.24299650214766, 37.814826559879506,304090.31266656483,      0.0,304090.31266656483,   1.0
 0.06532263610411557,-0.09350045695985844, 14.783373548855295, 52.49970542846712, 39.452353959920224, 0.1387368223790808,248.24299650214766, 37.814826559879506, 369853.4559443671,      0.0, 369853.4559443671,   1.0
 0.06532263610411557,-0.09350045695985844, 14.783373548855295, 52.49970542846712, 39.452353959920224, 0.1387368223790808,247.24299650214766, 38.814826559879506, 369645.3969458041,      0.0, 369645.3969458041,   1.0
 0.06520436646755312,-0.09339638805018691, 14.786985919640962, 52.51489081290698,  39.50551487509867,0.13879666167462862,247.25500527033233,  37.83136413243531, 369858.2352177957,      0.0, 369858.2352177957,   1.0
-0.29999939999999997,-0.09339638805018691, 14.786985919640962, 52.51489081290698,  39.50551487509867,0.13879666167462862,247.25500527033233,  37.83136413243531, 275267.0831956172,      0.0, 275267.0831956172,   1.0
 0.06520436646755312, 0.29999939999999997, 14.786985919640962, 52.51489081290698,  39.50551487509867,0.13879666167462862,247.25500527033233,  37.83136413243531,242561.90589323695,      0.0,242561.90589323695,   1.0
 0.06520436646755312,-0.09339638805018691, 15.786985919640962, 52.51489081290698,  39.50551487509867,0.13879666167462862,247.25500527033233,  37.83136413243531, 369858.0259771196,      0.0, 369858.0259771196,   1.0
 0.06520436646755312,-0.09339638805018691, 14.786985919640962, 53.51489081290698,  39.50551487509867,0.13879666167462862,247.25500527033233,  37.83136413243531, 369847.4984449716,      0.0, 369847.4984449716,   1.0
 0.06520436646755312,-0.09339638805018691, 14.786985919640962, 52.51489081290698,  40.50551487509867,0.13879666167462862,247.25500527033233,  37.83136413243531, 369827.1527878632,      0.0, 369827.1527878632,   1.0
 0.06520436646755312,-0.09339638805018691, 14.786985919640962, 52.51489081290698,  39.50551487509867,         0.59999942,247.25500527033233,  37.83136413243531,304176.98436617316,      0.0,304176.98436617316,   1.0
 0.06520436646755312,-0.09339638805018691, 14.786985919640962, 52.51489081290698,  39.50551487509867,0.13879666167462862,248.25500527033233,  37.83136413243531,369859.17691978987,      0.0,369859.17691978987,   1.0
 0.06520436646755312,-0.09339638805018691, 14.786985919640962, 52.51489081290698,  39.50551487509867,0.13879666167462862,247.25500527033233,  38.83136413243531,369654.30875390675,      0.0,369654.30875390675,   1.0
 0.29999939999999997,-0.29999939999999997,  8.692345323304204,26.894492053324875, -50.18607639781339,         0.02000058,226.99435715314956,   9.92964240025066,113772.44591302547,      0.0,113772.44591302547,   1.0
-0.29999939999999997,-0.29999939999999997,  8.692345323304204,26.894492053324875, -50.18607639781339,         0.02000058,226.99435715314956,   9.92964240025066,175072.28533971385,      0.0,175072.28533971385,   1.0
 0.29999939999999997, 0.29999939999999997,  8.692345323304204,26.894492053324875, -50.18607639781339,         0.02000058,226.99435715314956,   9.92964240025066,165307.98496499032,      0.0,165307.98496499032,   1.0
 0.29999939999999997,-0.29999939999999997,  9.692345323304204,26.894492053324875, -50.18607639781339,         0.02000058,226.99435715314956,   9.92964240025066,113532.07677314233,      0.0,113532.07677314233,   1.0
 0.29999939999999997,-0.29999939999999997,  8.692345323304204,27.894492053324875, -50.18607639781339,         0.02000058,226.99435715314956,   9.92964240025066,114138.65999094874,      0.0,114138.65999094874,   1.0
 0.29999939999999997,-0.29999939999999997,  8.692345323304204,26.894492053324875, -49.18607639781339,         0.02000058,226.99435715314956,   9.92964240025066,114218.83729590033,      0.0,114218.83729590033,   1.0
 0.29999939999999997,-0.29999939999999997,  8.692345323304204,26.894492053324875, -50.18607639781339,         0.59999942,226.99435715314956,   9.92964240025066,110235.41845161404,      0.0,110235.41845161404,   1.0
 0.29999939999999997,-0.29999939999999997,  8.692345323304204,26.894492053324875, -50.18607639781339,         0.02000058,227.99435715314956,   9.92964240025066,113863.19392187754,      0.0,113863.19392187754,   1.0
 0.29999939999999997,-0.29999939999999997,  8.692345323304204,26.894492053324875, -50.18607639781339,         0.02000058,226.99435715314956,  10.92964240025066,116488.67682401981,      0.0,116488.67682401981,   1.0
 0.08663196114145522,-0.11225115483066128, 14.230783829602435, 50.17675140789182,  31.32018388858244, 0.1279552301133433,245.40600127244514,   35.2850292505323,367377.11914901837,      0.0,367377.11914901837,   1.0
-0.29999939999999997,-0.11225115483066128, 14.230783829602435, 50.17675140789182,  31.32018388858244, 0.1279552301133433,245.40600127244514,   35.2850292505323, 282978.3532391493,      0.0, 282978.3532391493,   1.0
 0.08663196114145522, 0.29999939999999997, 14.230783829602435, 50.17675140789182,  31.32018388858244, 0.1279552301133433,245.40600127244514,   35.2850292505323,208532.94762657763,      0.0,208532.94762657763,   1.0
 0.08663196114145522,-0.11225115483066128, 15.230783829602435, 50.17675140789182,  31.32018388858244, 0.1279552301133433,245.40600127244514,   35.2850292505323, 367227.7752489672,      0.0, 367227.7752489672,   1.0
 0.08663196114145522,-0.11225115483066128, 14.230783829602435, 51.17675140789182,  31.32018388858244, 0.1279552301133433,245.40600127244514,   35.2850292505323, 367480.9151851004,      0.0, 367480.9151851004,   1.0
 0.08663196114145522,-0.11225115483066128, 14.230783829602435, 50.17675140789182,  32.32018388858244, 0.1279552301133433,245.40600127244514,   35.2850292505323,367826.30408042256,      0.0,367826.30408042256,   1.0
 0.08663196114145522,-0.11225115483066128, 14.230783829602435, 50.17675140789182,  31.32018388858244,         0.59999942,245.40600127244514,   35.2850292505323, 294100.6172121838,      0.0, 294100.6172121838,   1.0
 0.08663196114145522,-0.11225115483066128, 14.230783829602435, 50.17675140789182,  31.32018388858244, 0.1279552301133433,246.40600127244514,   35.2850292505323,367442.73115520226,      0.0,367442.73115520226,   1.0
 0.08663196114145522,-0.11225115483066128, 14.230783829602435, 50.17675140789182,  31.32018388858244, 0.1279552301133433,245.40600127244514,   36.2850292505323,  367310.534426103,      0.0,  367310.534426103,   1.0
 0.06924213229207068,-0.09694933620391379, 14.682176498664836,52.074297291972655,  37.96309024822378,  0.136753727667653,246.90658328150508, 37.351538742773286,369766.06505667674,      0.0,369766.06505667674,   1.0
          -0.2999994,-0.09694933620391379, 14.682176498664836,52.074297291972655,  37.96309024822378,  0.136753727667653,246.90658328150508, 37.351538742773286,276788.99092234246,      0.0,276788.99092234246,   1.0
 0.06924213229207068, 0.29999939999999997, 14.682176498664836,52.074297291972655,  37.96309024822378,  0.136753727667653,246.90658328150508, 37.351538742773286,236163.44109827926,      0.0,236163.44109827926,   1.0
 0.06924213229207068,-0.09694933620391379, 15.682176498664836,52.074297291972655,  37.96309024822378,  0.136753727667653,246.90658328150508, 37.351538742773286, 369741.4280642307,      0.0, 369741.4280642307,   1.0
 0.06924213229207068,-0.09694933620391379, 14.682176498664836,53.074297291972655,  37.96309024822378,  0.136753727667653,246.90658328150508, 37.351538742773286,369794.29377103015,      0.0,369794.29377103015,   1.0
 0.06924213229207068,-0.09694933620391379, 14.682176498664836,52.074297291972655,  38.96309024822378,  0.136753727667653,246.90658328150508, 37.351538742773286, 369848.0157079511,      0.0, 369848.0157079511,   1.0
 0.06924213229207068,-0.09694933620391379, 14.682176498664836,52.074297291972655,  37.96309024822378,         0.59999942,246.90658328150508, 37.351538742773286, 302256.2651259394,      0.0, 302256.2651259394,   1.0
 0.06924213229207068,-0.09694933620391379, 14.682176498664836,52.074297291972655,  37.96309024822378,  0.136753727667653,247.90658328150508, 37.351538742773286, 369774.6998027755,      0.0, 369774.6998027755,   1.0
 0.06924213229207068,-0.09694933620391379, 14.682176498664836,52.074297291972655,  37.96309024822378,  0.136753727667653,246.90658328150508, 38.351538742773286,369587.63354783616,      0.0,369587.63354783616,   1.0
 0.06604035692024895,-0.09413200048154773, 14.765285880783685, 52.42366908459767,  39.18616691929581, 0.1383736868416284,247.18286699663648,  37.73201972710035,369829.36787603924,      0.0,369829.36787603924,   1.0
-0.29999939999999997,-0.09413200048154773, 14.765285880783685, 52.42366908459767,  39.18616691929581, 0.1383736868416284,247.18286699663648,  37.73201972710035,275625.93853694265,      0.0,275625.93853694265,   1.0
 0.06604035692024895, 0.29999939999999997, 14.765285880783685, 52.42366908459767,  39.18616691929581, 0.1383736868416284,247.18286699663648,  37.73201972710035,241351.90743863108,      0.0,241351.90743863108,   1.0
 0.06604035692024895,-0.09413200048154773, 15.765285880783685, 52.42366908459767,  39.18616691929581, 0.1383736868416284,247.18286699663648,  37.73201972710035,369825.39218326705,      0.0,369825.39218326705,   1.0
 0.06604035692024895,-0.09413200048154773, 14.765285880783685, 53.42366908459767,  39.18616691929581, 0.1383736868416284,247.18286699663648,  37.73201972710035,369834.42641895113,      0.0,369834.42641895113,   1.0
 0.06604035692024895,-0.09413200048154773, 14.765285880783685, 52.42366908459767,  40.18616691929581, 0.1383736868416284,247.18286699663648,  37.73201972710035,369846.47496660607,      0.0,369846.47496660607,   1.0
 0.06604035692024895,-0.09413200048154773, 14.765285880783685, 52.42366908459767,  39.18616691929581,         0.59999942,247.18286699663648,  37.73201972710035,303793.42003870406,      0.0,303793.42003870406,   1.0
 0.06604035692024895,-0.09413200048154773, 14.765285880783685, 52.42366908459767,  39.18616691929581, 0.1383736868416284,248.18286699663648,  37.73201972710035,  369829.864610284,      0.0,  369829.864610284,   1.0
 0.06604035692024895,-0.09413200048154773, 14.765285880783685, 52.42366908459767,  39.18616691929581, 0.1383736868416284,247.18286699663648,  38.73201972710035,369638.41675112327,      0.0,369638.41675112327,   1.0
 0.06537115115295065,-0.09354314676919308, 14.782656642742818, 52.49669157724774,  39.44180320450582,0.13871227587306173,247.24061328864798,  37.81154437811112,369843.61759729055,      0.0,369843.61759729055,   1.0
-0.29999939999999997,-0.09354314676919308, 14.782656642742818, 52.49669157724774,  39.44180320450582,0.13871227587306173,247.24061328864798,  37.81154437811112, 275400.0140417501,      0.0, 275400.0140417501,   1.0
 0.06537115115295065, 0.29999939999999997, 14.782656642742818, 52.49669157724774,  39.44180320450582,0.13871227587306173,247.24061328864798,  37.81154437811112,242281.21084652998,      0.0,242281.21084652998,   1.0
 0.06537115115295065,-0.09354314676919308, 15.782656642742818, 52.49669157724774,  39.44180320450582,0.13871227587306173,247.24061328864798,  37.81154437811112, 369838.4960608846,      0.0, 369838.4960608846,   1.0
 0.06537115115295065,-0.09354314676919308, 14.782656642742818, 53.49669157724774,  39.44180320450582,0.13871227587306173,247.24061328864798,  37.81154437811112, 369848.1498456465,      0.0, 369848.1498456465,   1.0
 0.06537115115295065,-0.09354314676919308, 14.782656642742818, 52.49669157724774,  40.44180320450582,0.13871227587306173,247.24061328864798,  37.81154437811112, 369815.5743558519,      0.0, 369815.5743558519,   1.0
 0.06537115115295065,-0.09354314676919308, 14.782656642742818, 52.49669157724774,  39.44180320450582,         0.59999942,247.24061328864798,  37.81154437811112,304068.64320558094,      0.0,304068.64320558094,   1.0
 0.06537115115295065,-0.09354314676919308, 14.782656642742818, 52.49669157724774,  39.44180320450582,0.13871227587306173,248.24061328864798,  37.81154437811112,369847.57492147834,      0.0,369847.57492147834,   1.0
 0.06537115115295065,-0.09354314676919308, 14.782656642742818, 52.49669157724774,  39.44180320450582,0.13871227587306173,247.24061328864798,  38.81154437811112, 369641.1396771537,      0.0, 369641.1396771537,   1.0
 0.06523426422392158,-0.09342269595978504, 14.786209855186101,52.511628425161156,  39.49409394636848,0.13878153470940283,247.25242536941977, 37.827811251158145, 369856.1872781867,      0.0, 369856.1872781867,   1.0
-0.29999939999999997,-0.09342269595978504, 14.786209855186101,52.511628425161156,  39.49409394636848,0.13878153470940283,247.25242536941977, 37.827811251158145, 275281.2503136863,      0.0, 275281.2503136863,   1.0
 0.06523426422392158, 0.29999939999999997, 14.786209855186101,52.511628425161156,  39.49409394636848,0.13878153470940283,247.25242536941977, 37.827811251158145,242483.08743548783,      0.0,242483.08743548783,   1.0
 0.06523426422392158,-0.09342269595978504, 15.786209855186101,52.511628425161156,  39.49409394636848,0.13878153470940283,247.25242536941977, 37.827811251158145, 369856.2614724687,      0.0, 369856.2614724687,   1.0
 0.06523426422392158,-0.09342269595978504, 14.786209855186101,53.511628425161156,  39.49409394636848,0.13878153470940283,247.25242536941977, 37.827811251158145, 369846.9126167257,      0.0, 369846.9126167257,   1.0
 0.06523426422392158,-0.09342269595978504, 14.786209855186101,52.511628425161156,  40.49409394636848,0.13878153470940283,247.25242536941977, 37.827811251158145, 369825.5112573495,      0.0, 369825.5112573495,   1.0
 0.06523426422392158,-0.09342269595978504, 14.786209855186101,52.511628425161156,  39.49409394636848,         0.59999942,247.25242536941977, 37.827811251158145, 304174.1616133258,      0.0, 304174.1616133258,   1.0
 0.06523426422392158,-0.09342269595978504, 14.786209855186101,52.511628425161156,  39.49409394636848,0.13878153470940283,248.25242536941977, 37.827811251158145, 369857.3526067602,      0.0, 369857.3526067602,   1.0
 0.06523426422392158,-0.09342269595978504, 14.786209855186101,52.511628425161156,  39.49409394636848,0.13878153470940283,247.25242536941977, 38.827811251158145,369651.58518477506,      0.0,369651.58518477506,   1.0
 0.06520990131815044, -0.0934012583269849, 14.786842249970281, 52.51428686027116, 39.503400564799755,0.13879386128079693,247.25452766372095,  37.83070640190808,369856.28975799814,      0.0,369856.28975799814,   1.0
          -0.2999994, -0.0934012583269849, 14.786842249970281, 52.51428686027116, 39.503400564799755,0.13879386128079693,247.25452766372095,  37.83070640190808, 275264.5367532936,      0.0, 275264.5367532936,   1.0
 0.06520990131815044,           0.2999994, 14.786842249970281, 52.51428686027116, 39.503400564799755,0.13879386128079693,247.25452766372095,  37.83070640190808,242557.42465554323,      0.0,242557.42465554323,   1.0
 0.06520990131815044, -0.0934012583269849, 15.786842249970281, 52.51428686027116, 39.503400564799755,0.13879386128079693,247.25452766372095,  37.83070640190808, 369855.5072294081,      0.0, 369855.5072294081,   1.0
 0.06520990131815044, -0.0934012583269849, 14.786842249970281, 53.51428686027116, 39.503400564799755,0.13879386128079693,247.25452766372095,  37.83070640190808, 369847.5462071362,      0.0, 369847.5462071362,   1.0
 0.06520990131815044, -0.0934012583269849, 14.786842249970281, 52.51428686027116, 40.503400564799755,0.13879386128079693,247.25452766372095,  37.83070640190808, 369825.9942688136,      0.0, 369825.9942688136,   1.0
 0.06520990131815044, -0.0934012583269849, 14.786842249970281, 52.51428686027116, 39.503400564799755,         0.59999942,247.25452766372095,  37.83070640190808,304175.47219519794,      0.0,304175.47219519794,   1.0
 0.06520990131815044, -0.0934012583269849, 14.786842249970281, 52.51428686027116, 39.503400564799755,0.13879386128079693,248.25452766372095,  37.83070640190808, 369857.6175782959,      0.0, 369857.6175782959,   1.0
 0.06520990131815044, -0.0934012583269849, 14.786842249970281, 52.51428686027116, 39.503400564799755,0.13879386128079693,247.25452766372095,  38.83070640190808, 369652.2605484453,      0.0, 369652.2605484453,   1.0
 0.06520505087593345,-0.09339699028112276, 14.786968154260508, 52.51481613153338,   39.5052534314225,0.13879631539373577,247.25494621219488, 37.831282801191236,369856.71784360707,      0.0,369856.71784360707,   1.0
          -0.2999994,-0.09339699028112276, 14.786968154260508, 52.51481613153338,   39.5052534314225,0.13879631539373577,247.25494621219488, 37.831282801191236,275266.85402220115,      0.0,275266.85402220115,   1.0
 0.06520505087593345, 0.29999939999999997, 14.786968154260508, 52.51481613153338,   39.5052534314225,0.13879631539373577,247.25494621219488, 37.831282801191236, 242561.9278216434,      0.0, 242561.9278216434,   1.0
 0.06520505087593345,-0.09339699028112276, 15.786968154260508, 52.51481613153338,   39.5052534314225,0.13879631539373577,247.25494621219488, 37.831282801191236,369856.54661623336,      0.0,369856.54661623336,   1.0
 0.06520505087593345,-0.09339699028112276, 14.786968154260508, 53.51481613153338,   39.5052534314225,0.13879631539373577,247.25494621219488, 37.831282801191236, 369847.4976178286,      0.0, 369847.4976178286,   1.0
 0.06520505087593345,-0.09339699028112276, 14.786968154260508, 52.51481613153338,   40.5052534314225,0.13879631539373577,247.25494621219488, 37.831282801191236,369827.15227996046,      0.0,369827.15227996046,   1.0
 0.06520505087593345,-0.09339699028112276, 14.786968154260508, 52.51481613153338,   39.5052534314225,         0.59999942,247.25494621219488, 37.831282801191236, 304178.2079072943,      0.0, 304178.2079072943,   1.0
 0.06520505087593345,-0.09339699028112276, 14.786968154260508, 52.51481613153338,   39.5052534314225,0.13879631539373577,248.25494621219488, 37.831282801191236,369857.78688379686,      0.0,369857.78688379686,   1.0
 0.06520505087593345,-0.09339699028112276, 14.786968154260508, 52.51481613153338,   39.5052534314225,0.13879631539373577,247.25494621219488, 38.831282801191236,369652.86027547735,      0.0,369652.86027547735,   1.0
 0.06520439348957513,-0.09339641182765379, 14.786985218222751, 52.51488786431403,   39.5055045526991,0.13879664800265998, 247.2550029385808,  37.83136092129014, 369858.2352177957,      0.0, 369858.2352177957,   1.0
-0.29999939999999997,-0.09339641182765379, 14.786985218222751, 52.51488786431403,   39.5055045526991,0.13879664800265998, 247.2550029385808,  37.83136092129014, 275267.0831956172,      0.0, 275267.0831956172,   1.0
 0.06520439348957513, 0.29999939999999997, 14.786985218222751, 52.51488786431403,   39.5055045526991,0.13879664800265998, 247.2550029385808,  37.83136092129014,242561.90589323695,      0.0,242561.90589323695,   1.0
 0.06520439348957513,-0.09339641182765379, 15.786985218222751, 52.51488786431403,   39.5055045526991,0.13879664800265998, 247.2550029385808,  37.83136092129014, 369858.0259771196,      0.0, 369858.0259771196,   1.0
 0.06520439348957513,-0.09339641182765379, 14.786985218222751, 53.51488786431403,   39.5055045526991,0.13879664800265998, 247.2550029385808,  37.83136092129014, 369847.4984449716,      0.0, 369847.4984449716,   1.0
 0.06520439348957513,-0.09339641182765379, 14.786985218222751, 52.51488786431403,   40.5055045526991,0.13879664800265998, 247.2550029385808,  37.83136092129014, 369827.1527878632,      0.0, 369827.1527878632,   1.0
 0.06520439348957513,-0.09339641182765379, 14.786985218222751, 52.51488786431403,   39.5055045526991,         0.59999942, 247.2550029385808,  37.83136092129014, 304177.0089912171,      0.0, 304177.0089912171,   1.0
 0.06520439348957513,-0.09339641182765379, 14.786985218222751, 52.51488786431403,   39.5055045526991,0.13879664800265998, 248.2550029385808,  37.83136092129014,369859.17691978987,      0.0,369859.17691978987,   1.0
 0.06520439348957513,-0.09339641182765379, 14.786985218222751, 52.51488786431403,   39.5055045526991,0.13879664800265998, 247.2550029385808,  38.83136092129014,369654.30875390675,      0.0,369654.30875390675,   1.0
 0.06520437217018182,-0.09339639306809656, 14.786985771616228,  52.5148901906467,  39.50551269669722,0.13879665878934636,  247.255004778248,  37.83136345476698, 369858.2352177957,      0.0, 369858.2352177957,   1.0
-0.29999939999999997,-0.09339639306809656, 14.786985771616228,  52.5148901906467,  39.50551269669722,0.13879665878934636,  247.255004778248,  37.83136345476698, 275267.0831956172,      0.0, 275267.0831956172,   1.0
 0.06520437217018182, 0.29999939999999997, 14.786985771616228,  52.5148901906467,  39.50551269669722,0.13879665878934636,  247.255004778248,  37.83136345476698,242561.90589323695,      0.0,242561.90589323695,   1.0
 0.06520437217018182,-0.09339639306809656, 15.786985771616228,  52.5148901906467,  39.50551269669722,0.13879665878934636,  247.255004778248,  37.83136345476698, 369858.0259771196,      0.0, 369858.0259771196,   1.0
 0.06520437217018182,-0.09339639306809656, 14.786985771616228,  53.5148901906467,  39.50551269669722,0.13879665878934636,  247.255004778248,  37.83136345476698, 369847.4984449716,      0.0, 369847.4984449716,   1.0
 0.06520437217018182,-0.09339639306809656, 14.786985771616228,  52.5148901906467,  40.50551269669722,0.13879665878934636,  247.255004778248,  37.83136345476698, 369827.1527878632,      0.0, 369827.1527878632,   1.0
 0.06520437217018182,-0.09339639306809656, 14.786985771616228,  52.5148901906467,  39.50551269669722,         0.59999942,  247.255004778248,  37.83136345476698, 304177.0089912171,      0.0, 304177.0089912171,   1.0
 0.06520437217018182,-0.09339639306809656, 14.786985771616228,  52.5148901906467,  39.50551269669722,0.13879665878934636,  248.255004778248,  37.83136345476698,369859.17691978987,      0.0,369859.17691978987,   1.0
 0.06520437217018182,-0.09339639306809656, 14.786985771616228,  52.5148901906467,  39.50551269669722,0.13879665878934636,  247.255004778248,  38.83136345476698,369654.30875390675,      0.0,369654.30875390675,   1.0
 0.06520436767101502, -0.0933963891091482, 14.786985888402365,52.514890681587445, 39.505514415376794,0.13879666106572922,247.25500516648466,  37.83136398942266, 369858.2352177957,      0.0, 369858.2352177957,   1.0
-0.29999939999999997, -0.0933963891091482, 14.786985888402365,52.514890681587445, 39.505514415376794,0.13879666106572922,247.25500516648466,  37.83136398942266, 275267.0831956172,      0.0, 275267.0831956172,   1.0
 0.06520436767101502, 0.29999939999999997, 14.786985888402365,52.514890681587445, 39.505514415376794,0.13879666106572922,247.25500516648466,  37.83136398942266,242561.90589323695,      0.0,242561.90589323695,   1.0
 0.06520436767101502, -0.0933963891091482, 15.786985888402365,52.514890681587445, 39.505514415376794,0.13879666106572922,247.25500516648466,  37.83136398942266, 369858.0259771196,      0.0, 369858.0259771196,   1.0
 0.06520436767101502, -0.0933963891091482, 14.786985888402365,53.514890681587445, 39.505514415376794,0.13879666106572922,247.25500516648466,  37.83136398942266, 369847.4984449716,      0.0, 369847.4984449716,   1.0
 0.06520436767101502, -0.0933963891091482, 14.786985888402365,52.514890681587445, 40.505514415376794,0.13879666106572922,247.25500516648466,  37.83136398942266, 369827.1527878632,      0.0, 369827.1527878632,   1.0
 0.06520436767101502, -0.0933963891091482, 14.786985888402365,52.514890681587445, 39.505514415376794,         0.59999942,247.25500516648466,  37.83136398942266,304176.98436617316,      0.0,304176.98436617316,   1.0
 0.06520436767101502, -0.0933963891091482, 14.786985888402365,52.514890681587445, 39.505514415376794,0.13879666106572922,248.25500516648466,  37.83136398942266,369859.17691978987,      0.0,369859.17691978987,   1.0
 0.06520436767101502, -0.0933963891091482, 14.786985888402365,52.514890681587445, 39.505514415376794,0.13879666106572922,247.25500516648466,  38.83136398942266,369654.30875390675,      0.0,369654.30875390675,   1.0
 0.06520436672152731,-0.09339638827366621, 14.786985913048483,52.514890785193785,  39.50551477808065, 0.1387966615461287, 247.2550052484167,  37.83136410225445, 369858.2352177957,      0.0, 369858.2352177957,   1.0
-0.29999939999999997,-0.09339638827366621, 14.786985913048483,52.514890785193785,  39.50551477808065, 0.1387966615461287, 247.2550052484167,  37.83136410225445, 275267.0831956172,      0.0, 275267.0831956172,   1.0
 0.06520436672152731, 0.29999939999999997, 14.786985913048483,52.514890785193785,  39.50551477808065, 0.1387966615461287, 247.2550052484167,  37.83136410225445,242561.90589323695,      0.0,242561.90589323695,   1.0
 0.06520436672152731,-0.09339638827366621, 15.786985913048483,52.514890785193785,  39.50551477808065, 0.1387966615461287, 247.2550052484167,  37.83136410225445, 369858.0259771196,      0.0, 369858.0259771196,   1.0
 0.06520436672152731,-0.09339638827366621, 14.786985913048483,53.514890785193785,  39.50551477808065, 0.1387966615461287, 247.2550052484167,  37.83136410225445, 369847.4984449716,      0.0, 369847.4984449716,   1.0
 0.06520436672152731,-0.09339638827366621, 14.786985913048483,52.514890785193785,  40.50551477808065, 0.1387966615461287, 247.2550052484167,  37.83136410225445, 369827.1527878632,      0.0, 369827.1527878632,   1.0
 0.06520436672152731,-0.09339638827366621, 14.786985913048483,52.514890785193785,  39.50551477808065,         0.59999942, 247.2550052484167,  37.83136410225445,304176.98436617316,      0.0,304176.98436617316,   1.0
 0.06520436672152731,-0.09339638827366621, 14.786985913048483,52.514890785193785,  39.50551477808065, 0.1387966615461287, 248.2550052484167,  37.83136410225445,369859.17691978987,      0.0,369859.17691978987,   1.0
 0.06520436672152731,-0.09339638827366621, 14.786985913048483,52.514890785193785,  39.50551477808065, 0.1387966615461287, 247.2550052484167,  38.83136410225445,369654.30875390675,      0.0,369654.30875390675,   1.0
  0.0652043665211509,-0.09339638809734917, 14.786985918249709,52.514890807058485,  39.50551485462434,0.13879666164751048,247.25500526570733,  37.83136412606605, 369858.2352177957,      0.0, 369858.2352177957,   1.0
-0.29999939999999997,-0.09339638809734917, 14.786985918249709,52.514890807058485,  39.50551485462434,0.13879666164751048,247.25500526570733,  37.83136412606605, 275267.0831956172,      0.0, 275267.0831956172,   1.0
  0.0652043665211509, 0.29999939999999997, 14.786985918249709,52.514890807058485,  39.50551485462434,0.13879666164751048,247.25500526570733,  37.83136412606605,242561.90589323695,      0.0,242561.90589323695,   1.0
  0.0652043665211509,-0.09339638809734917, 15.786985918249709,52.514890807058485,  39.50551485462434,0.13879666164751048,247.25500526570733,  37.83136412606605, 369858.0259771196,      0.0, 369858.0259771196,   1.0
  0.0652043665211509,-0.09339638809734917, 14.786985918249709,53.514890807058485,  39.50551485462434,0.13879666164751048,247.25500526570733,  37.83136412606605, 369847.4984449716,      0.0, 369847.4984449716,   1.0
  0.0652043665211509,-0.09339638809734917, 14.786985918249709,52.514890807058485,  40.50551485462434,0.13879666164751048,247.25500526570733,  37.83136412606605, 369827.1527878632,      0.0, 369827.1527878632,   1.0
  0.0652043665211509,-0.09339638809734917, 14.786985918249709,52.514890807058485,  39.50551485462434,         0.59999942,247.25500526570733,  37.83136412606605,304176.98436617316,      0.0,304176.98436617316,   1.0
  0.0652043665211509,-0.09339638809734917, 14.786985918249709,52.514890807058485,  39.50551485462434,0.13879666164751048,248.25500526570733,  37.83136412606605,369859.17691978987,      0.0,369859.17691978987,   1.0
  0.0652043665211509,-0.09339638809734917, 14.786985918249709,52.514890807058485,  39.50551485462434,0.13879666164751048,247.25500526570733,  38.83136412606605,369654.30875390675,      0.0,369654.30875390675,   1.0
 0.06520436647886421,-0.09339638806013986, 14.786985919347357, 52.51489081167273,  39.50551487077784, 0.1387966616689057, 247.2550052693563,  37.83136413109116, 369858.2352177957,      0.0, 369858.2352177957,   1.0
          -0.2999994,-0.09339638806013986, 14.786985919347357, 52.51489081167273,  39.50551487077784, 0.1387966616689057, 247.2550052693563,  37.83136413109116, 275267.0831956172,      0.0, 275267.0831956172,   1.0
 0.06520436647886421,           0.2999994, 14.786985919347357, 52.51489081167273,  39.50551487077784, 0.1387966616689057, 247.2550052693563,  37.83136413109116,242561.90589323695,      0.0,242561.90589323695,   1.0
 0.06520436647886421,-0.09339638806013986, 15.786985919347357, 52.51489081167273,  39.50551487077784, 0.1387966616689057, 247.2550052693563,  37.83136413109116, 369858.0259771196,      0.0, 369858.0259771196,   1.0
 0.06520436647886421,-0.09339638806013986, 14.786985919347357, 53.51489081167273,  39.50551487077784, 0.1387966616689057, 247.2550052693563,  37.83136413109116, 369847.4984449716,      0.0, 369847.4984449716,   1.0
 0.06520436647886421,-0.09339638806013986, 14.786985919347357, 52.51489081167273,  40.50551487077784, 0.1387966616689057, 247.2550052693563,  37.83136413109116, 369827.1527878632,      0.0, 369827.1527878632,   1.0
 0.06520436647886421,-0.09339638806013986, 14.786985919347357, 52.51489081167273,  39.50551487077784,         0.59999942, 247.2550052693563,  37.83136413109116,304176.98436617316,      0.0,304176.98436617316,   1.0
 0.06520436647886421,-0.09339638806013986, 14.786985919347357, 52.51489081167273,  39.50551487077784, 0.1387966616689057, 248.2550052693563,  37.83136413109116,369859.17691978987,      0.0,369859.17691978987,   1.0
 0.06520436647886421,-0.09339638806013986, 14.786985919347357, 52.51489081167273,  39.50551487077784, 0.1387966616689057, 247.2550052693563,  38.83136413109116,369654.30875390675,      0.0,369654.30875390675,   1.0
 0.06520436646994017,-0.09339638805228734, 14.786985919579001,52.514890812646506, 39.505514874186815,0.13879666167342086,247.25500527012636,  37.83136413215165, 369858.2352177957,      0.0, 369858.2352177957,   1.0
-0.29999939999999997,-0.09339638805228734, 14.786985919579001,52.514890812646506, 39.505514874186815,0.13879666167342086,247.25500527012636,  37.83136413215165, 275267.0831956172,      0.0, 275267.0831956172,   1.0
 0.06520436646994017, 0.29999939999999997, 14.786985919579001,52.514890812646506, 39.505514874186815,0.13879666167342086,247.25500527012636,  37.83136413215165,242561.90589323695,      0.0,242561.90589323695,   1.0
 0.06520436646994017,-0.09339638805228734, 15.786985919579001,52.514890812646506, 39.505514874186815,0.13879666167342086,247.25500527012636,  37.83136413215165, 369858.0259771196,      0.0, 369858.0259771196,   1.0
 0.06520436646994017,-0.09339638805228734, 14.786985919579001,53.514890812646506, 39.505514874186815,0.13879666167342086,247.25500527012636,  37.83136413215165, 369847.4984449716,      0.0, 369847.4984449716,   1.0
 0.06520436646994017,-0.09339638805228734, 14.786985919579001,52.514890812646506, 40.505514874186815,0.13879666167342086,247.25500527012636,  37.83136413215165, 369827.1527878632,      0.0, 369827.1527878632,   1.0
 0.06520436646994017,-0.09339638805228734, 14.786985919579001,52.514890812646506, 39.505514874186815,         0.59999942,247.25500527012636,  37.83136413215165,304176.98436617316,      0.0,304176.98436617316,   1.0
 0.06520436646994017,-0.09339638805228734, 14.786985919579001,52.514890812646506, 39.505514874186815,0.13879666167342086,248.25500527012636,  37.83136413215165,369859.17691978987,      0.0,369859.17691978987,   1.0
 0.06520436646994017,-0.09339638805228734, 14.786985919579001,52.514890812646506, 39.505514874186815,0.13879666167342086,247.25500527012636,  38.83136413215165,369654.30875390675,      0.0,369654.30875390675,   1.0
 0.06520436646805687,-0.09339638805063016, 14.786985919627886, 52.51489081285201,  39.50551487490624,0.13879666167437374,247.25500527028888,  37.83136413237545, 369858.2352177957,      0.0, 369858.2352177957,   1.0
-0.29999939999999997,-0.09339638805063016, 14.786985919627886, 52.51489081285201,  39.50551487490624,0.13879666167437374,247.25500527028888,  37.83136413237545, 275267.0831956172,      0.0, 275267.0831956172,   1.0
 0.06520436646805687, 0.29999939999999997, 14.786985919627886, 52.51489081285201,  39.50551487490624,0.13879666167437374,247.25500527028888,  37.83136413237545,242561.90589323695,      0.0,242561.90589323695,   1.0
 0.06520436646805687,-0.09339638805063016, 15.786985919627886, 52.51489081285201,  39.50551487490624,0.13879666167437374,247.25500527028888,  37.83136413237545, 369858.0259771196,      0.0, 369858.0259771196,   1.0
 0.06520436646805687,-0.09339638805063016, 14.786985919627886, 53.51489081285201,  39.50551487490624,0.13879666167437374,247.25500527028888,  37.83136413237545, 369847.4984449716,      0.0, 369847.4984449716,   1.0
 0.06520436646805687,-0.09339638805063016, 14.786985919627886, 52.51489081285201,  40.50551487490624,0.13879666167437374,247.25500527028888,  37.83136413237545, 369827.1527878632,      0.0, 369827.1527878632,   1.0
 0.06520436646805687,-0.09339638805063016, 14.786985919627886, 52.51489081285201,  39.50551487490624,         0.59999942,247.25500527028888,  37.83136413237545,304176.98436617316,      0.0,304176.98436617316,   1.0
 0.06520436646805687,-0.09339638805063016, 14.786985919627886, 52.51489081285201,  39.50551487490624,0.13879666167437374,248.25500527028888,  37.83136413237545,369859.17691978987,      0.0,369859.17691978987,   1.0
 0.06520436646805687,-0.09339638805063016, 14.786985919627886, 52.51489081285201,  39.50551487490624,0.13879666167437374,247.25500527028888,  38.83136413237545,369654.30875390675,      0.0,369654.30875390675,   1.0
 0.06520436646765942,-0.09339638805028044, 14.786985919638203, 52.51489081289538,  39.50551487505806,0.13879666167457483,247.25500527032315,  37.83136413242268, 369858.2352177957,      0.0, 369858.2352177957,   1.0
-0.29999939999999997,-0.09339638805028044, 14.786985919638203, 52.51489081289538,  39.50551487505806,0.13879666167457483,247.25500527032315,  37.83136413242268, 275267.0831956172,      0.0, 275267.0831956172,   1.0
 0.06520436646765942, 0.29999939999999997, 14.786985919638203, 52.51489081289538,  39.50551487505806,0.13879666167457483,247.25500527032315,  37.83136413242268,242561.90589323695,      0.0,242561.90589323695,   1.0
 0.06520436646765942,-0.09339638805028044, 15.786985919638203, 52.51489081289538,  39.50551487505806,0.13879666167457483,247.25500527032315,  37.83136413242268, 369858.0259771196,      0.0, 369858.0259771196,   1.0
 0.06520436646765942,-0.09339638805028044, 14.786985919638203, 53.51489081289538,  39.50551487505806,0.13879666167457483,247.25500527032315,  37.83136413242268, 369847.4984449716,      0.0, 369847.4984449716,   1.0
 0.06520436646765942,-0.09339638805028044, 14.786985919638203, 52.51489081289538,  40.50551487505806,0.13879666167457483,247.25500527032315,  37.83136413242268, 369827.1527878632,      0.0, 369827.1527878632,   1.0
 0.06520436646765942,-0.09339638805028044, 14.786985919638203, 52.51489081289538,  39.50551487505806,         0.59999942,247.25500527032315,  37.83136413242268,304176.98436617316,      0.0,304176.98436617316,   1.0
 0.06520436646765942,-0.09339638805028044, 14.786985919638203, 52.51489081289538,  39.50551487505806,0.13879666167457483,248.25500527032315,  37.83136413242268,369859.17691978987,      0.0,369859.17691978987,   1.0
 0.06520436646765942,-0.09339638805028044, 14.786985919638203, 52.51489081289538,  39.50551487505806,0.13879666167457483,247.25500527032315,  38.83136413242268,369654.30875390675,      0.0,369654.30875390675,   1.0
 0.06520436646757556,-0.09339638805020666,  14.78698591964038,52.514890812904525,   39.5055148750901,0.13879666167461727, 247.2550052703304,  37.83136413243265, 369858.2352177957,      0.0, 369858.2352177957,   1.0
-0.29999939999999997,-0.09339638805020666,  14.78698591964038,52.514890812904525,   39.5055148750901,0.13879666167461727, 247.2550052703304,  37.83136413243265, 275267.0831956172,      0.0, 275267.0831956172,   1.0
 0.06520436646757556, 0.29999939999999997,  14.78698591964038,52.514890812904525,   39.5055148750901,0.13879666167461727, 247.2550052703304,  37.83136413243265,242561.90589323695,      0.0,242561.90589323695,   1.0
 0.06520436646757556,-0.09339638805020666,  15.78698591964038,52.514890812904525,   39.5055148750901,0.13879666167461727, 247.2550052703304,  37.83136413243265, 369858.0259771196,      0.0, 369858.0259771196,   1.0
 0.06520436646757556,-0.09339638805020666,  14.78698591964038,53.514890812904525,   39.5055148750901,0.13879666167461727, 247.2550052703304,  37.83136413243265, 369847.4984449716,      0.0, 369847.4984449716,   1.0
 0.06520436646757556,-0.09339638805020666,  14.78698591964038,52.514890812904525,   40.5055148750901,0.13879666167461727, 247.2550052703304,  37.83136413243265, 369827.1527878632,      0.0, 369827.1527878632,   1.0
 0.06520436646757556,-0.09339638805020666,  14.78698591964038,52.514890812904525,   39.5055148750901,         0.59999942, 247.2550052703304,  37.83136413243265,304176.98436617316,      0.0,304176.98436617316,   1.0
 0.06520436646757556,-0.09339638805020666,  14.78698591964038,52.514890812904525,   39.5055148750901,0.13879666167461727, 248.2550052703304,  37.83136413243265,369859.17691978987,      0.0,369859.17691978987,   1.0
 0.06520436646757556,-0.09339638805020666,  14.78698591964038,52.514890812904525,   39.5055148750901,0.13879666167461727, 247.2550052703304,  38.83136413243265,369654.30875390675,      0.0,369654.30875390675,   1.0
  0.0652043664676309,-0.09339638805025535, 14.786985919638942,52.514890812898486, 39.505514875068954,0.13879666167458926,247.25500527032563,  37.83136413242607, 369858.2352177957,      0.0, 369858.2352177957,   1.0
-0.29999939999999997,-0.09339638805025535, 14.786985919638942,52.514890812898486, 39.505514875068954,0.13879666167458926,247.25500527032563,  37.83136413242607, 275267.0831956172,      0.0, 275267.0831956172,   1.0
  0.0652043664676309, 0.29999939999999997, 14.786985919638942,52.514890812898486, 39.505514875068954,0.13879666167458926,247.25500527032563,  37.83136413242607,242561.90589323695,      0.0,242561.90589323695,   1.0
  0.0652043664676309,-0.09339638805025535, 15.786985919638942,52.514890812898486, 39.505514875068954,0.13879666167458926,247.25500527032563,  37.83136413242607, 369858.0259771196,      0.0, 369858.0259771196,   1.0
  0.0652043664676309,-0.09339638805025535, 14.786985919638942,53.514890812898486, 39.505514875068954,0.13879666167458926,247.25500527032563,  37.83136413242607, 369847.4984449716,      0.0, 369847.4984449716,   1.0
  0.0652043664676309,-0.09339638805025535, 14.786985919638942,52.514890812898486, 40.505514875068954,0.13879666167458926,247.25500527032563,  37.83136413242607, 369827.1527878632,      0.0, 369827.1527878632,   1.0
  0.0652043664676309,-0.09339638805025535, 14.786985919638942,52.514890812898486, 39.505514875068954,         0.59999942,247.25500527032563,  37.83136413242607,304176.98436617316,      0.0,304176.98436617316,   1.0
  0.0652043664676309,-0.09339638805025535, 14.786985919638942,52.514890812898486, 39.505514875068954,0.13879666167458926,248.25500527032563,  37.83136413242607,369859.17691978987,      0.0,369859.17691978987,   1.0
  0.0652043664676309,-0.09339638805025535, 14.786985919638942,52.514890812898486, 39.505514875068954,0.13879666167458926,247.25500527032563,  38.83136413242607,369654.30875390675,      0.0,369654.30875390675,   1.0
 0.06520436646758723,-0.09339638805021692, 14.786985919640077, 52.51489081290325,  39.50551487508564,0.13879666167461135,247.25500527032938,  37.83136413243126, 369858.2352177957,      0.0, 369858.2352177957,   1.0
          -0.2999994,-0.09339638805021692, 14.786985919640077, 52.51489081290325,  39.50551487508564,0.13879666167461135,247.25500527032938,  37.83136413243126, 275267.0831956172,      0.0, 275267.0831956172,   1.0
 0.06520436646758723, 0.29999939999999997, 14.786985919640077, 52.51489081290325,  39.50551487508564,0.13879666167461135,247.25500527032938,  37.83136413243126,242561.90589323695,      0.0,242561.90589323695,   1.0
 0.06520436646758723,-0.09339638805021692, 15.786985919640077, 52.51489081290325,  39.50551487508564,0.13879666167461135,247.25500527032938,  37.83136413243126, 369858.0259771196,      0.0, 369858.0259771196,   1.0
 0.06520436646758723,-0.09339638805021692, 14.786985919640077, 53.51489081290325,  39.50551487508564,0.13879666167461135,247.25500527032938,  37.83136413243126, 369847.4984449716,      0.0, 369847.4984449716,   1.0
 0.06520436646758723,-0.09339638805021692, 14.786985919640077, 52.51489081290325,  40.50551487508564,0.13879666167461135,247.25500527032938,  37.83136413243126, 369827.1527878632,      0.0, 369827.1527878632,   1.0
 0.06520436646758723,-0.09339638805021692, 14.786985919640077, 52.51489081290325,  39.50551487508564,         0.59999942,247.25500527032938,  37.83136413243126,304176.98436617316,      0.0,304176.98436617316,   1.0
 0.06520436646758723,-0.09339638805021692, 14.786985919640077, 52.51489081290325,  39.50551487508564,0.13879666167461135,248.25500527032938,  37.83136413243126,369859.17691978987,      0.0,369859.17691978987,   1.0
 0.06520436646758723,-0.09339638805021692, 14.786985919640077, 52.51489081290325,  39.50551487508564,0.13879666167461135,247.25500527032938,  38.83136413243126,369654.30875390675,      0.0,369654.30875390675,   1.0
 0.29999939999999997,-0.29999939999999997, 14.368504572829318,31.041345439033666, -22.65934419583898,         0.02000058,249.13840923459762,           5.000115,134036.24709488725,      0.0,134036.24709488725,   1.0
-0.29999939999999997,-0.29999939999999997, 14.368504572829318,31.041345439033666, -22.65934419583898,         0.02000058,249.13840923459762,           5.000115,208199.51567852794,      0.0,208199.51567852794,   1.0
 0.29999939999999997, 0.29999939999999997, 14.368504572829318,31.041345439033666, -22.65934419583898,         0.02000058,249.13840923459762,           5.000115,163250.54179619998,      0.0,163250.54179619998,   1.0
 0.29999939999999997,-0.29999939999999997, 15.368504572829318,31.041345439033666, -22.65934419583898,         0.02000058,249.13840923459762,           5.000115, 133051.2621689631,      0.0, 133051.2621689631,   1.0
 0.29999939999999997,-0.29999939999999997, 14.368504572829318, 32.04134543903366, -22.65934419583898,         0.02000058,249.13840923459762,           5.000115,132755.82397398946,      0.0,132755.82397398946,   1.0
 0.29999939999999997,-0.29999939999999997, 14.368504572829318,31.041345439033666, -21.65934419583898,         0.02000058,249.13840923459762,           5.000115,136520.82266139274,      0.0,136520.82266139274,   1.0
 0.29999939999999997,-0.29999939999999997, 14.368504572829318,31.041345439033666, -22.65934419583898,         0.59999942,249.13840923459762,           5.000115,120438.37976092054,      0.0,120438.37976092054,   1.0
 0.29999939999999997,-0.29999939999999997, 14.368504572829318,31.041345439033666, -22.65934419583898,         0.02000058,250.13840923459762,           5.000115,133900.07193780248,      0.0,133900.07193780248,   1.0
 0.29999939999999997,-0.29999939999999997, 14.368504572829318,31.041345439033666, -22.65934419583898,         0.02000058,249.13840923459762,           6.000115,135218.01310673088,      0.0,135218.01310673088,   1.0
 0.08931038409292721,-0.11460797746325393, 14.744021132139451, 50.31023743726253, 33.123151645785164, 0.1266000645167154,247.44837123925944,  34.46063410317273, 368133.3537391299,      0.0, 368133.3537391299,   1.0
 -0.2999993999999999,-0.11460797746325393, 14.744021132139451, 50.31023743726253, 33.123151645785164, 0.1266000645167154,247.44837123925944,  34.46063410317273, 275877.7576255592,      0.0, 275877.7576255592,   1.0
 0.08931038409292721,           0.2999994, 14.744021132139451, 50.31023743726253, 33.123151645785164, 0.1266000645167154,247.44837123925944,  34.46063410317273,210258.14495671168,      0.0,210258.14495671168,   1.0
 0.08931038409292721,-0.11460797746325393, 15.744021132139451, 50.31023743726253, 33.123151645785164, 0.1266000645167154,247.44837123925944,  34.46063410317273, 367959.6632562463,      0.0, 367959.6632562463,   1.0
 0.08931038409292721,-0.11460797746325393, 14.744021132139451, 51.31023743726253, 33.123151645785164, 0.1266000645167154,247.44837123925944,  34.46063410317273, 368209.0977598306,      0.0, 368209.0977598306,   1.0
 0.08931038409292721,-0.11460797746325393, 14.744021132139451, 50.31023743726253, 34.123151645785164, 0.1266000645167154,247.44837123925944,  34.46063410317273, 368495.4025940265,      0.0, 368495.4025940265,   1.0
 0.08931038409292721,-0.11460797746325393, 14.744021132139451, 50.31023743726253, 33.123151645785164,         0.59999942,247.44837123925944,  34.46063410317273,294133.53291066265,      0.0,294133.53291066265,   1.0
 0.08931038409292721,-0.11460797746325393, 14.744021132139451, 50.31023743726253, 33.123151645785164, 0.1266000645167154,248.44837123925944,  34.46063410317273, 368173.0141341487,      0.0, 368173.0141341487,   1.0
 0.08931038409292721,-0.11460797746325393, 14.744021132139451, 50.31023743726253, 33.123151645785164, 0.1266000645167154,247.44837123925944,  35.46063410317273,368069.46838683804,      0.0,368069.46838683804,   1.0
 0.06987696400642392,-0.09750794318249162, 14.778657826487725, 52.08755112962988,  38.26838748305367,0.13643253041295245, 247.2924864239825, 37.177997612767975,369818.62471261603,      0.0,369818.62471261603,   1.0
-0.29999939999999997,-0.09750794318249162, 14.778657826487725, 52.08755112962988,  38.26838748305367,0.13643253041295245, 247.2924864239825, 37.177997612767975,275792.61723841645,      0.0,275792.61723841645,   1.0
 0.06987696400642392, 0.29999939999999997, 14.778657826487725, 52.08755112962988,  38.26838748305367,0.13643253041295245, 247.2924864239825, 37.177997612767975,236209.24732961704,      0.0,236209.24732961704,   1.0
 0.06987696400642392,-0.09750794318249162, 15.778657826487725, 52.08755112962988,  38.26838748305367,0.13643253041295245, 247.2924864239825, 37.177997612767975, 369808.6312397043,      0.0, 369808.6312397043,   1.0
 0.06987696400642392,-0.09750794318249162, 14.778657826487725, 53.08755112962988,  38.26838748305367,0.13643253041295245, 247.2924864239825, 37.177997612767975, 369850.2550025049,      0.0, 369850.2550025049,   1.0
 0.06987696400642392,-0.09750794318249162, 14.778657826487725, 52.08755112962988,  39.26838748305367,0.13643253041295245, 247.2924864239825, 37.177997612767975,369869.04084965616,      0.0,369869.04084965616,   1.0
 0.06987696400642392,-0.09750794318249162, 14.778657826487725, 52.08755112962988,  38.26838748305367,         0.59999942, 247.2924864239825, 37.177997612767975, 302173.1169857691,      0.0, 302173.1169857691,   1.0
 0.06987696400642392,-0.09750794318249162, 14.778657826487725, 52.08755112962988,  38.26838748305367,0.13643253041295245, 248.2924864239825, 37.177997612767975,369844.86345646327,      0.0,369844.86345646327,   1.0
 0.06987696400642392,-0.09750794318249162, 14.778657826487725, 52.08755112962988,  38.26838748305367,0.13643253041295245, 247.2924864239825, 38.177997612767975, 369644.8052752896,      0.0, 369644.8052752896,   1.0
 0.06618711416757615,-0.09426113647248882,  14.78523434263827, 52.42501209183685, 39.245320392468024,0.13829943405323877, 247.2628883626033, 37.693947109219934,369845.29168548295,      0.0,369845.29168548295,   1.0
-0.29999939999999997,-0.09426113647248882,  14.78523434263827, 52.42501209183685, 39.245320392468024,0.13829943405323877, 247.2628883626033, 37.693947109219934,275392.67738356744,      0.0,275392.67738356744,   1.0
 0.06618711416757615,           0.2999994,  14.78523434263827, 52.42501209183685, 39.245320392468024,0.13829943405323877, 247.2628883626033, 37.693947109219934,241287.58617915356,      0.0,241287.58617915356,   1.0
 0.06618711416757615,-0.09426113647248882,  15.78523434263827, 52.42501209183685, 39.245320392468024,0.13829943405323877, 247.2628883626033, 37.693947109219934,369839.93025025126,      0.0,369839.93025025126,   1.0
 0.06618711416757615,-0.09426113647248882,  14.78523434263827, 53.42501209183685, 39.245320392468024,0.13829943405323877, 247.2628883626033, 37.693947109219934, 369842.6248962454,      0.0, 369842.6248962454,   1.0
 0.06618711416757615,-0.09426113647248882,  14.78523434263827, 52.42501209183685, 40.245320392468024,0.13829943405323877, 247.2628883626033, 37.693947109219934,369856.16316408856,      0.0,369856.16316408856,   1.0
 0.06618711416757615,-0.09426113647248882,  14.78523434263827, 52.42501209183685, 39.245320392468024,         0.59999942, 247.2628883626033, 37.693947109219934,303734.09726955125,      0.0,303734.09726955125,   1.0
 0.06618711416757615,-0.09426113647248882,  14.78523434263827, 52.42501209183685, 39.245320392468024,0.13829943405323877, 248.2628883626033, 37.693947109219934, 369843.0011626626,      0.0, 369843.0011626626,   1.0
 0.06618711416757615,-0.09426113647248882,  14.78523434263827, 52.42501209183685, 39.245320392468024,0.13829943405323877, 247.2628883626033, 38.693947109219934, 369651.9666471918,      0.0, 369651.9666471918,   1.0
 0.06540790910798217,-0.09357549116808589, 14.786623140254113, 52.49627550380519,  39.45162446963807, 0.1386936779454888, 247.2566379838106,  37.80290288674173,369842.65074448637,      0.0,369842.65074448637,   1.0
-0.29999939999999997,-0.09357549116808589, 14.786623140254113, 52.49627550380519,  39.45162446963807, 0.1386936779454888, 247.2566379838106,  37.80290288674173,275300.72302973754,      0.0,275300.72302973754,   1.0
 0.06540790910798217, 0.29999939999999997, 14.786623140254113, 52.49627550380519,  39.45162446963807, 0.1386936779454888, 247.2566379838106,  37.80290288674173,242239.73802975588,      0.0,242239.73802975588,   1.0
 0.06540790910798217,-0.09357549116808589, 15.786623140254113, 52.49627550380519,  39.45162446963807, 0.1386936779454888, 247.2566379838106,  37.80290288674173, 369839.6256286385,      0.0, 369839.6256286385,   1.0
 0.06540790910798217,-0.09357549116808589, 14.786623140254113, 53.49627550380519,  39.45162446963807, 0.1386936779454888, 247.2566379838106,  37.80290288674173, 369851.3793733164,      0.0, 369851.3793733164,   1.0
 0.06540790910798217,-0.09357549116808589, 14.786623140254113, 52.49627550380519,  40.45162446963807, 0.1386936779454888, 247.2566379838106,  37.80290288674173,369816.29920967395,      0.0,369816.29920967395,   1.0
 0.06540790910798217,-0.09357549116808589, 14.786623140254113, 52.49627550380519,  39.45162446963807,         0.59999942, 247.2566379838106,  37.80290288674173,304068.39412289695,      0.0,304068.39412289695,   1.0
 0.06540790910798217,-0.09357549116808589, 14.786623140254113, 52.49627550380519,  39.45162446963807, 0.1386936779454888, 248.2566379838106,  37.80290288674173,369847.80660535384,      0.0,369847.80660535384,   1.0
 0.06540790910798217,-0.09357549116808589, 14.786623140254113, 52.49627550380519,  39.45162446963807, 0.1386936779454888, 247.2566379838106,  38.80290288674173, 369642.9233127319,      0.0, 369642.9233127319,   1.0
 0.06524157370069887,-0.09342912778202271,   14.7869196042134, 52.51148796746697,  39.49566380469855,0.13877783643185762, 247.2553037274562, 37.826161467274304,369856.70877700846,      0.0,369856.70877700846,   1.0
-0.29999939999999997,-0.09342912778202271,   14.7869196042134, 52.51148796746697,  39.49566380469855,0.13877783643185762, 247.2553037274562, 37.826161467274304,275269.61139322014,      0.0,275269.61139322014,   1.0
 0.06524157370069887, 0.29999939999999997,   14.7869196042134, 52.51148796746697,  39.49566380469855,0.13877783643185762, 247.2553037274562, 37.826161467274304, 242499.7768907222,      0.0, 242499.7768907222,   1.0
 0.06524157370069887,-0.09342912778202271,   15.7869196042134, 52.51148796746697,  39.49566380469855,0.13877783643185762, 247.2553037274562, 37.826161467274304,  369857.820865944,      0.0,  369857.820865944,   1.0
 0.06524157370069887,-0.09342912778202271,   14.7869196042134, 53.51148796746697,  39.49566380469855,0.13877783643185762, 247.2553037274562, 37.826161467274304,369847.04526712716,      0.0,369847.04526712716,   1.0
 0.06524157370069887,-0.09342912778202271,   14.7869196042134, 52.51148796746697,  40.49566380469855,0.13877783643185762, 247.2553037274562, 37.826161467274304,369825.26973895886,      0.0,369825.26973895886,   1.0
 0.06524157370069887,-0.09342912778202271,   14.7869196042134, 52.51148796746697,  39.49566380469855,         0.59999942, 247.2553037274562, 37.826161467274304, 304173.3683736792,      0.0, 304173.3683736792,   1.0
 0.06524157370069887,-0.09342912778202271,   14.7869196042134, 52.51148796746697,  39.49566380469855,0.13877783643185762, 248.2553037274562, 37.826161467274304, 369857.7311463739,      0.0, 369857.7311463739,   1.0
 0.06524157370069887,-0.09342912778202271,   14.7869196042134, 52.51148796746697,  39.49566380469855,0.13877783643185762, 247.2553037274562, 38.826161467274304,369651.95234239026,      0.0,369651.95234239026,   1.0
 0.06521161181434483,-0.09340276344257605, 14.786973006069333, 52.51422817843494,  39.50359658085091,0.13879299584406873,247.25506338874592,  37.83035101992611, 369856.3978635391,      0.0, 369856.3978635391,   1.0
-0.29999939999999997,-0.09340276344257605, 14.786973006069333, 52.51422817843494,  39.50359658085091,0.13879299584406873,247.25506338874592,  37.83035101992611, 275264.4733973779,      0.0, 275264.4733973779,   1.0
 0.06521161181434483, 0.29999939999999997, 14.786973006069333, 52.51422817843494,  39.50359658085091,0.13879299584406873,247.25506338874592,  37.83035101992611,242557.42984350614,      0.0,242557.42984350614,   1.0
 0.06521161181434483,-0.09340276344257605, 15.786973006069333, 52.51422817843494,  39.50359658085091,0.13879299584406873,247.25506338874592,  37.83035101992611,369855.77762537106,      0.0,369855.77762537106,   1.0
 0.06521161181434483,-0.09340276344257605, 14.786973006069333, 53.51422817843494,  39.50359658085091,0.13879299584406873,247.25506338874592,  37.83035101992611,369847.55561818514,      0.0,369847.55561818514,   1.0
 0.06521161181434483,-0.09340276344257605, 14.786973006069333, 52.51422817843494,  40.50359658085091,0.13879299584406873,247.25506338874592,  37.83035101992611, 369826.0964479874,      0.0, 369826.0964479874,   1.0
 0.06521161181434483,-0.09340276344257605, 14.786973006069333, 52.51422817843494,  39.50359658085091,         0.59999942,247.25506338874592,  37.83035101992611, 304175.8228242697,      0.0, 304175.8228242697,   1.0
 0.06521161181434483,-0.09340276344257605, 14.786973006069333, 52.51422817843494,  39.50359658085091,0.13879299584406873,248.25506338874592,  37.83035101992611,369857.61856184166,      0.0,369857.61856184166,   1.0
 0.06521161181434483,-0.09340276344257605, 14.786973006069333, 52.51422817843494,  39.50359658085091,0.13879299584406873,247.25506338874592,  38.83035101992611,369652.34627656994,      0.0,369652.34627656994,   1.0
 0.06520537768506314,-0.09339727785002706,  14.78698411732147,52.514798330435106, 39.505247142885366, 0.1387961500425208,247.25501338179464,  37.83122273449559,369856.71784360707,      0.0,369856.71784360707,   1.0
-0.29999939999999997,-0.09339727785002706,  14.78698411732147,52.514798330435106, 39.505247142885366, 0.1387961500425208,247.25501338179464,  37.83122273449559,275266.85402220115,      0.0,275266.85402220115,   1.0
 0.06520537768506314, 0.29999939999999997,  14.78698411732147,52.514798330435106, 39.505247142885366, 0.1387961500425208,247.25501338179464,  37.83122273449559,242561.92715218704,      0.0,242561.92715218704,   1.0
 0.06520537768506314,-0.09339727785002706,  15.78698411732147,52.514798330435106, 39.505247142885366, 0.1387961500425208,247.25501338179464,  37.83122273449559, 369856.5466001953,      0.0, 369856.5466001953,   1.0
 0.06520537768506314,-0.09339727785002706,  14.78698411732147,53.514798330435106, 39.505247142885366, 0.1387961500425208,247.25501338179464,  37.83122273449559, 369847.4976178286,      0.0, 369847.4976178286,   1.0
 0.06520537768506314,-0.09339727785002706,  14.78698411732147,52.514798330435106, 40.505247142885366, 0.1387961500425208,247.25501338179464,  37.83122273449559,369827.15227996046,      0.0,369827.15227996046,   1.0
 0.06520537768506314,-0.09339727785002706,  14.78698411732147,52.514798330435106, 39.505247142885366,         0.59999942,247.25501338179464,  37.83122273449559, 304178.2079072943,      0.0, 304178.2079072943,   1.0
 0.06520537768506314,-0.09339727785002706,  14.78698411732147,52.514798330435106, 39.505247142885366, 0.1387961500425208,248.25501338179464,  37.83122273449559,369857.78688379686,      0.0,369857.78688379686,   1.0
 0.06520537768506314,-0.09339727785002706,  14.78698411732147,52.514798330435106, 39.505247142885366, 0.1387961500425208,247.25501338179464,  38.83122273449559, 369652.8602766555,      0.0, 369652.8602766555,   1.0
 0.06520442049060099,-0.09339643558664557, 14.786985823354266,52.514885872145015,  39.50550057183549, 0.1387966343413145, 247.2550057036772,  37.83135657842483, 369858.2352177957,      0.0, 369858.2352177957,   1.0
-0.29999939999999997,-0.09339643558664557, 14.786985823354266,52.514885872145015,  39.50550057183549, 0.1387966343413145, 247.2550057036772,  37.83135657842483, 275267.0831956172,      0.0, 275267.0831956172,   1.0
 0.06520442049060099, 0.29999939999999997, 14.786985823354266,52.514885872145015,  39.50550057183549, 0.1387966343413145, 247.2550057036772,  37.83135657842483,242561.90589323695,      0.0,242561.90589323695,   1.0
 0.06520442049060099,-0.09339643558664557, 15.786985823354266,52.514885872145015,  39.50550057183549, 0.1387966343413145, 247.2550057036772,  37.83135657842483, 369858.0259771196,      0.0, 369858.0259771196,   1.0
 0.06520442049060099,-0.09339643558664557, 14.786985823354266,53.514885872145015,  39.50550057183549, 0.1387966343413145, 247.2550057036772,  37.83135657842483, 369847.4984449716,      0.0, 369847.4984449716,   1.0
 0.06520442049060099,-0.09339643558664557, 14.786985823354266,52.514885872145015,  40.50550057183549, 0.1387966343413145, 247.2550057036772,  37.83135657842483, 369827.1527878632,      0.0, 369827.1527878632,   1.0
 0.06520442049060099,-0.09339643558664557, 14.786985823354266,52.514885872145015,  39.50550057183549,         0.59999942, 247.2550057036772,  37.83135657842483, 304177.0089912171,      0.0, 304177.0089912171,   1.0
 0.06520442049060099,-0.09339643558664557, 14.786985823354266,52.514885872145015,  39.50550057183549, 0.1387966343413145, 248.2550057036772,  37.83135657842483,369859.18037774443,      0.0,369859.18037774443,   1.0
 0.06520442049060099,-0.09339643558664557, 14.786985823354266,52.514885872145015,  39.50550057183549, 0.1387966343413145, 247.2550057036772,  38.83135657842483,369654.30875390675,      0.0,369654.30875390675,   1.0
 0.06520437786837964,-0.09339639808210735,  14.78698589932097, 52.51488977022664,   39.5055118565903,0.13879665590630594,247.25500536178384,  37.83136253826456, 369858.2352177957,      0.0, 369858.2352177957,   1.0
-0.29999939999999997,-0.09339639808210735,  14.78698589932097, 52.51488977022664,   39.5055118565903,0.13879665590630594,247.25500536178384,  37.83136253826456, 275267.0831956172,      0.0, 275267.0831956172,   1.0
 0.06520437786837964, 0.29999939999999997,  14.78698589932097, 52.51488977022664,   39.5055118565903,0.13879665590630594,247.25500536178384,  37.83136253826456,242561.90589323695,      0.0,242561.90589323695,   1.0
 0.06520437786837964,-0.09339639808210735,  15.78698589932097, 52.51488977022664,   39.5055118565903,0.13879665590630594,247.25500536178384,  37.83136253826456, 369858.0259771196,      0.0, 369858.0259771196,   1.0
 0.06520437786837964,-0.09339639808210735,  14.78698589932097, 53.51488977022664,   39.5055118565903,0.13879665590630594,247.25500536178384,  37.83136253826456, 369847.4984449716,      0.0, 369847.4984449716,   1.0
 0.06520437786837964,-0.09339639808210735,  14.78698589932097, 52.51488977022664,   40.5055118565903,0.13879665590630594,247.25500536178384,  37.83136253826456, 369827.1527878632,      0.0, 369827.1527878632,   1.0
 0.06520437786837964,-0.09339639808210735,  14.78698589932097, 52.51488977022664,   39.5055118565903,         0.59999942,247.25500536178384,  37.83136253826456, 304177.0089912171,      0.0, 304177.0089912171,   1.0
 0.06520437786837964,-0.09339639808210735,  14.78698589932097, 52.51488977022664,   39.5055118565903,0.13879665590630594,248.25500536178384,  37.83136253826456,369859.17691978987,      0.0,369859.17691978987,   1.0
 0.06520437786837964,-0.09339639808210735,  14.78698589932097, 52.51488977022664,   39.5055118565903,0.13879665590630594,247.25500536178384,  38.83136253826456,369654.30875390675,      0.0,369654.30875390675,   1.0
 0.06520436887354182,-0.09339639016728668, 14.786985915352705, 52.51489059286353,  39.50551423808371, 0.1387966604573029,247.25500528963192,  37.83136379600735, 369858.2352177957,      0.0, 369858.2352177957,   1.0
-0.29999939999999997,-0.09339639016728668, 14.786985915352705, 52.51489059286353,  39.50551423808371, 0.1387966604573029,247.25500528963192,  37.83136379600735, 275267.0831956172,      0.0, 275267.0831956172,   1.0
 0.06520436887354182, 0.29999939999999997, 14.786985915352705, 52.51489059286353,  39.50551423808371, 0.1387966604573029,247.25500528963192,  37.83136379600735,242561.90589323695,      0.0,242561.90589323695,   1.0
 0.06520436887354182,-0.09339639016728668, 15.786985915352705, 52.51489059286353,  39.50551423808371, 0.1387966604573029,247.25500528963192,  37.83136379600735, 369858.0259771196,      0.0, 369858.0259771196,   1.0
 0.06520436887354182,-0.09339639016728668, 14.786985915352705, 53.51489059286353,  39.50551423808371, 0.1387966604573029,247.25500528963192,  37.83136379600735, 369847.4984449716,      0.0, 369847.4984449716,   1.0
 0.06520436887354182,-0.09339639016728668, 14.786985915352705, 52.51489059286353,  40.50551423808371, 0.1387966604573029,247.25500528963192,  37.83136379600735, 369827.1527878632,      0.0, 369827.1527878632,   1.0
 0.06520436887354182,-0.09339639016728668, 14.786985915352705, 52.51489059286353,  39.50551423808371,         0.59999942,247.25500528963192,  37.83136379600735, 304177.0089912171,      0.0, 304177.0089912171,   1.0
 0.06520436887354182,-0.09339639016728668, 14.786985915352705, 52.51489059286353,  39.50551423808371, 0.1387966604573029,248.25500528963192,  37.83136379600735,369859.17691978987,      0.0,369859.17691978987,   1.0
 0.06520436887354182,-0.09339639016728668, 14.786985915352705, 52.51489059286353,  39.50551423808371, 0.1387966604573029,247.25500528963192,  38.83136379600735,369654.30875390675,      0.0,369654.30875390675,   1.0
 0.06520436697530417, -0.0933963884969719, 14.786985918735985, 52.51489076646981,  39.50551474066536,0.13879666141772865,247.25500527440525,  37.83136406143679, 369858.2352177957,      0.0, 369858.2352177957,   1.0
-0.29999939999999997, -0.0933963884969719, 14.786985918735985, 52.51489076646981,  39.50551474066536,0.13879666141772865,247.25500527440525,  37.83136406143679, 275267.0831956172,      0.0, 275267.0831956172,   1.0
 0.06520436697530417, 0.29999939999999997, 14.786985918735985, 52.51489076646981,  39.50551474066536,0.13879666141772865,247.25500527440525,  37.83136406143679,242561.90589323695,      0.0,242561.90589323695,   1.0
 0.06520436697530417, -0.0933963884969719, 15.786985918735985, 52.51489076646981,  39.50551474066536,0.13879666141772865,247.25500527440525,  37.83136406143679, 369858.0259771196,      0.0, 369858.0259771196,   1.0
 0.06520436697530417, -0.0933963884969719, 14.786985918735985, 53.51489076646981,  39.50551474066536,0.13879666141772865,247.25500527440525,  37.83136406143679, 369847.4984449716,      0.0, 369847.4984449716,   1.0
 0.06520436697530417, -0.0933963884969719, 14.786985918735985, 52.51489076646981,  40.50551474066536,0.13879666141772865,247.25500527440525,  37.83136406143679, 369827.1527878632,      0.0, 369827.1527878632,   1.0
 0.06520436697530417, -0.0933963884969719, 14.786985918735985, 52.51489076646981,  39.50551474066536,         0.59999942,247.25500527440525,  37.83136406143679,304176.98436617316,      0.0,304176.98436617316,   1.0
 0.06520436697530417, -0.0933963884969719, 14.786985918735985, 52.51489076646981,  39.50551474066536,0.13879666141772865,248.25500527440525,  37.83136406143679,369859.17691978987,      0.0,369859.17691978987,   1.0
 0.06520436697530417, -0.0933963884969719, 14.786985918735985, 52.51489076646981,  39.50551474066536,0.13879666141772865,247.25500527440525,  38.83136406143679,369654.30875390675,      0.0,369654.30875390675,   1.0
 0.06520436657470703,-0.09339638814447478, 14.786985919449979, 52.51489080310705,  39.50551484672836, 0.1387966616204134,247.25500527119186,  37.83136411745204, 369858.2352177957,      0.0, 369858.2352177957,   1.0
-0.29999939999999997,-0.09339638814447478, 14.786985919449979, 52.51489080310705,  39.50551484672836, 0.1387966616204134,247.25500527119186,  37.83136411745204, 275267.0831956172,      0.0, 275267.0831956172,   1.0
 0.06520436657470703, 0.29999939999999997, 14.786985919449979, 52.51489080310705,  39.50551484672836, 0.1387966616204134,247.25500527119186,  37.83136411745204,242561.90589323695,      0.0,242561.90589323695,   1.0
 0.06520436657470703,-0.09339638814447478, 15.786985919449979, 52.51489080310705,  39.50551484672836, 0.1387966616204134,247.25500527119186,  37.83136411745204, 369858.0259771196,      0.0, 369858.0259771196,   1.0
 0.06520436657470703,-0.09339638814447478, 14.786985919449979, 53.51489080310705,  39.50551484672836, 0.1387966616204134,247.25500527119186,  37.83136411745204, 369847.4984449716,      0.0, 369847.4984449716,   1.0
 0.06520436657470703,-0.09339638814447478, 14.786985919449979, 52.51489080310705,  40.50551484672836, 0.1387966616204134,247.25500527119186,  37.83136411745204, 369827.1527878632,      0.0, 369827.1527878632,   1.0
 0.06520436657470703,-0.09339638814447478, 14.786985919449979, 52.51489080310705,  39.50551484672836,         0.59999942,247.25500527119186,  37.83136411745204,304176.98436617316,      0.0,304176.98436617316,   1.0
 0.06520436657470703,-0.09339638814447478, 14.786985919449979, 52.51489080310705,  39.50551484672836, 0.1387966616204134,248.25500527119186,  37.83136411745204,369859.17691978987,      0.0,369859.17691978987,   1.0
 0.06520436657470703,-0.09339638814447478, 14.786985919449979, 52.51489080310705,  39.50551484672836, 0.1387966616204134,247.25500527119186,  38.83136411745204,369654.30875390675,      0.0,369654.30875390675,   1.0
 0.06520436649016649,-0.09339638807008507, 14.786985919600658,52.514890810838835,   39.5055148691115,0.13879666166318724,247.25500527051372,   37.8313641292733, 369858.2352177957,      0.0, 369858.2352177957,   1.0
-0.29999939999999997,-0.09339638807008507, 14.786985919600658,52.514890810838835,   39.5055148691115,0.13879666166318724,247.25500527051372,   37.8313641292733, 275267.0831956172,      0.0, 275267.0831956172,   1.0
 0.06520436649016649,  0.2999993999999999, 14.786985919600658,52.514890810838835,   39.5055148691115,0.13879666166318724,247.25500527051372,   37.8313641292733,242561.90589323695,      0.0,242561.90589323695,   1.0
 0.06520436649016649,-0.09339638807008507, 15.786985919600658,52.514890810838835,   39.5055148691115,0.13879666166318724,247.25500527051372,   37.8313641292733, 369858.0259771196,      0.0, 369858.0259771196,   1.0
 0.06520436649016649,-0.09339638807008507, 14.786985919600658,53.514890810838835,   39.5055148691115,0.13879666166318724,247.25500527051372,   37.8313641292733, 369847.4984449716,      0.0, 369847.4984449716,   1.0
 0.06520436649016649,-0.09339638807008507, 14.786985919600658,52.514890810838835,   40.5055148691115,0.13879666166318724,247.25500527051372,   37.8313641292733, 369827.1527878632,      0.0, 369827.1527878632,   1.0
 0.06520436649016649,-0.09339638807008507, 14.786985919600658,52.514890810838835,   39.5055148691115,         0.59999942,247.25500527051372,   37.8313641292733,304176.98436617316,      0.0,304176.98436617316,   1.0
 0.06520436649016649,-0.09339638807008507, 14.786985919600658,52.514890810838835,   39.5055148691115,0.13879666166318724,248.25500527051372,   37.8313641292733,369859.17691978987,      0.0,369859.17691978987,   1.0
 0.06520436649016649,-0.09339638807008507, 14.786985919600658,52.514890810838835,   39.5055148691115,0.13879666166318724,247.25500527051372,   38.8313641292733,369654.30875390675,      0.0,369654.30875390675,   1.0
 0.06520436647232536,-0.09339638805438615, 14.786985919632457,52.514890812470526,  39.50551487383516,0.13879666167221408,247.25500527037062,  37.83136413176801, 369858.2352177957,      0.0, 369858.2352177957,   1.0
-0.29999939999999997,-0.09339638805438615, 14.786985919632457,52.514890812470526,  39.50551487383516,0.13879666167221408,247.25500527037062,  37.83136413176801, 275267.0831956172,      0.0, 275267.0831956172,   1.0
 0.06520436647232536, 0.29999939999999997, 14.786985919632457,52.514890812470526,  39.50551487383516,0.13879666167221408,247.25500527037062,  37.83136413176801,242561.90589323695,      0.0,242561.90589323695,   1.0
 0.06520436647232536,-0.09339638805438615, 15.786985919632457,52.514890812470526,  39.50551487383516,0.13879666167221408,247.25500527037062,  37.83136413176801, 369858.0259771196,      0.0, 369858.0259771196,   1.0
 0.06520436647232536,-0.09339638805438615, 14.786985919632457,53.514890812470526,  39.50551487383516,0.13879666167221408,247.25500527037062,  37.83136413176801, 369847.4984449716,      0.0, 369847.4984449716,   1.0
 0.06520436647232536,-0.09339638805438615, 14.786985919632457,52.514890812470526,  40.50551487383516,0.13879666167221408,247.25500527037062,  37.83136413176801, 369827.1527878632,      0.0, 369827.1527878632,   1.0
 0.06520436647232536,-0.09339638805438615, 14.786985919632457,52.514890812470526,  39.50551487383516,         0.59999942,247.25500527037062,  37.83136413176801,304176.98436617316,      0.0,304176.98436617316,   1.0
 0.06520436647232536,-0.09339638805438615, 14.786985919632457,52.514890812470526,  39.50551487383516,0.13879666167221408,248.25500527037062,  37.83136413176801,369859.17691978987,      0.0,369859.17691978987,   1.0
 0.06520436647232536,-0.09339638805438615, 14.786985919632457,52.514890812470526,  39.50551487383516,0.13879666167221408,247.25500527037062,  38.83136413176801,369654.30875390675,      0.0,369654.30875390675,   1.0
 0.06520436646856023,-0.09339638805107309, 14.786985919639168, 52.51489081281487,  39.50551487483202,0.13879666167411905, 247.2550052703404,  37.83136413229449, 369858.2352177957,      0.0, 369858.2352177957,   1.0
          -0.2999994,-0.09339638805107309, 14.786985919639168, 52.51489081281487,  39.50551487483202,0.13879666167411905, 247.2550052703404,  37.83136413229449, 275267.0831956172,      0.0, 275267.0831956172,   1.0
 0.06520436646856023, 0.29999939999999997, 14.786985919639168, 52.51489081281487,  39.50551487483202,0.13879666167411905, 247.2550052703404,  37.83136413229449,242561.90589323695,      0.0,242561.90589323695,   1.0
 0.06520436646856023,-0.09339638805107309, 15.786985919639168, 52.51489081281487,  39.50551487483202,0.13879666167411905, 247.2550052703404,  37.83136413229449, 369858.0259771196,      0.0, 369858.0259771196,   1.0
 0.06520436646856023,-0.09339638805107309, 14.786985919639168, 53.51489081281487,  39.50551487483202,0.13879666167411905, 247.2550052703404,  37.83136413229449, 369847.4984449716,      0.0, 369847.4984449716,   1.0
 0.06520436646856023,-0.09339638805107309, 14.786985919639168, 52.51489081281487,  40.50551487483202,0.13879666167411905, 247.2550052703404,  37.83136413229449, 369827.1527878632,      0.0, 369827.1527878632,   1.0
 0.06520436646856023,-0.09339638805107309, 14.786985919639168, 52.51489081281487,  39.50551487483202,         0.59999942, 247.2550052703404,  37.83136413229449,304176.98436617316,      0.0,304176.98436617316,   1.0
 0.06520436646856023,-0.09339638805107309, 14.786985919639168, 52.51489081281487,  39.50551487483202,0.13879666167411905, 248.2550052703404,  37.83136413229449,369859.17691978987,      0.0,369859.17691978987,   1.0
 0.06520436646856023,-0.09339638805107309, 14.786985919639168, 52.51489081281487,  39.50551487483202,0.13879666167411905, 247.2550052703404,  38.83136413229449,369654.30875390675,      0.0,369654.30875390675,   1.0
 0.06520436646776566,-0.09339638805037392, 14.786985919640584,52.514890812887536, 39.505514875042394, 0.1387966616745211,247.25500527033404,  37.83136413240559, 369858.2352177957,      0.0, 369858.2352177957,   1.0
-0.29999939999999997,-0.09339638805037392, 14.786985919640584,52.514890812887536, 39.505514875042394, 0.1387966616745211,247.25500527033404,  37.83136413240559, 275267.0831956172,      0.0, 275267.0831956172,   1.0
 0.06520436646776566, 0.29999939999999997, 14.786985919640584,52.514890812887536, 39.505514875042394, 0.1387966616745211,247.25500527033404,  37.83136413240559,242561.90589323695,      0.0,242561.90589323695,   1.0
 0.06520436646776566,-0.09339638805037392, 15.786985919640584,52.514890812887536, 39.505514875042394, 0.1387966616745211,247.25500527033404,  37.83136413240559, 369858.0259771196,      0.0, 369858.0259771196,   1.0
 0.06520436646776566,-0.09339638805037392, 14.786985919640584,53.514890812887536, 39.505514875042394, 0.1387966616745211,247.25500527033404,  37.83136413240559, 369847.4984449716,      0.0, 369847.4984449716,   1.0
 0.06520436646776566,-0.09339638805037392, 14.786985919640584,52.514890812887536, 40.505514875042394, 0.1387966616745211,247.25500527033404,  37.83136413240559, 369827.1527878632,      0.0, 369827.1527878632,   1.0
 0.06520436646776566,-0.09339638805037392, 14.786985919640584,52.514890812887536, 39.505514875042394,         0.59999942,247.25500527033404,  37.83136413240559,304176.98436617316,      0.0,304176.98436617316,   1.0
 0.06520436646776566,-0.09339638805037392, 14.786985919640584,52.514890812887536, 39.505514875042394, 0.1387966616745211,248.25500527033404,  37.83136413240559,369859.17691978987,      0.0,369859.17691978987,   1.0
 0.06520436646776566,-0.09339638805037392, 14.786985919640584,52.514890812887536, 39.505514875042394, 0.1387966616745211,247.25500527033404,  38.83136413240559,369654.30875390675,      0.0,369654.30875390675,   1.0
 0.06520436646759799,-0.09339638805022639, 14.786985919640882, 52.51489081290288,  39.50551487508679,0.13879666167460591, 247.2550052703327,  37.83136413242904, 369858.2352177957,      0.0, 369858.2352177957,   1.0
-0.29999939999999997,-0.09339638805022639, 14.786985919640882, 52.51489081290288,  39.50551487508679,0.13879666167460591, 247.2550052703327,  37.83136413242904, 275267.0831956172,      0.0, 275267.0831956172,   1.0
 0.06520436646759799, 0.29999939999999997, 14.786985919640882, 52.51489081290288,  39.50551487508679,0.13879666167460591, 247.2550052703327,  37.83136413242904,242561.90589323695,      0.0,242561.90589323695,   1.0
 0.06520436646759799,-0.09339638805022639, 15.786985919640882, 52.51489081290288,  39.50551487508679,0.13879666167460591, 247.2550052703327,  37.83136413242904, 369858.0259771196,      0.0, 369858.0259771196,   1.0
 0.06520436646759799,-0.09339638805022639, 14.786985919640882, 53.51489081290288,  39.50551487508679,0.13879666167460591, 247.2550052703327,  37.83136413242904, 369847.4984449716,      0.0, 369847.4984449716,   1.0
 0.06520436646759799,-0.09339638805022639, 14.786985919640882, 52.51489081290288,  40.50551487508679,0.13879666167460591, 247.2550052703327,  37.83136413242904, 369827.1527878632,      0.0, 369827.1527878632,   1.0
 0.06520436646759799,-0.09339638805022639, 14.786985919640882, 52.51489081290288,  39.50551487508679,         0.59999942, 247.2550052703327,  37.83136413242904,304176.98436617316,      0.0,304176.98436617316,   1.0
 0.06520436646759799,-0.09339638805022639, 14.786985919640882, 52.51489081290288,  39.50551487508679,0.13879666167460591, 248.2550052703327,  37.83136413242904,369859.17691978987,      0.0,369859.17691978987,   1.0
 0.06520436646759799,-0.09339638805022639, 14.786985919640882, 52.51489081290288,  39.50551487508679,0.13879666167460591, 247.2550052703327,  38.83136413242904,369654.30875390675,      0.0,369654.30875390675,   1.0
 0.06520436646756257,-0.09339638805019523, 14.786985919640946, 52.51489081290611,  39.50551487509617,0.13879666167462384,247.25500527033242,  37.83136413243399, 369858.2352177957,      0.0, 369858.2352177957,   1.0
-0.29999939999999997,-0.09339638805019523, 14.786985919640946, 52.51489081290611,  39.50551487509617,0.13879666167462384,247.25500527033242,  37.83136413243399, 275267.0831956172,      0.0, 275267.0831956172,   1.0
 0.06520436646756257, 0.29999939999999997, 14.786985919640946, 52.51489081290611,  39.50551487509617,0.13879666167462384,247.25500527033242,  37.83136413243399,242561.90589323695,      0.0,242561.90589323695,   1.0
 0.06520436646756257,-0.09339638805019523, 15.786985919640946, 52.51489081290611,  39.50551487509617,0.13879666167462384,247.25500527033242,  37.83136413243399, 369858.0259771196,      0.0, 369858.0259771196,   1.0
 0.06520436646756257,-0.09339638805019523, 14.786985919640946, 53.51489081290611,  39.50551487509617,0.13879666167462384,247.25500527033242,  37.83136413243399, 369847.4984449716,      0.0, 369847.4984449716,   1.0
 0.06520436646756257,-0.09339638805019523, 14.786985919640946, 52.51489081290611,  40.50551487509617,0.13879666167462384,247.25500527033242,  37.83136413243399, 369827.1527878632,      0.0, 369827.1527878632,   1.0
 0.06520436646756257,-0.09339638805019523, 14.786985919640946, 52.51489081290611,  39.50551487509617,         0.59999942,247.25500527033242,  37.83136413243399,304176.98436617316,      0.0,304176.98436617316,   1.0
 0.06520436646756257,-0.09339638805019523, 14.786985919640946, 52.51489081290611,  39.50551487509617,0.13879666167462384,248.25500527033242,  37.83136413243399,369859.17691978987,      0.0,369859.17691978987,   1.0
 0.06520436646756257,-0.09339638805019523, 14.786985919640946, 52.51489081290611,  39.50551487509617,0.13879666167462384,247.25500527033242,  38.83136413243399,369654.30875390675,      0.0,369654.30875390675,   1.0
 0.06520436646758594,-0.09339638805021579, 14.786985919640903, 52.51489081290397,  39.50551487508998,0.13879666167461202, 247.2550052703326,  37.83136413243072, 369858.2352177957,      0.0, 369858.2352177957,   1.0
-0.29999939999999997,-0.09339638805021579, 14.786985919640903, 52.51489081290397,  39.50551487508998,0.13879666167461202, 247.2550052703326,  37.83136413243072, 275267.0831956172,      0.0, 275267.0831956172,   1.0
 0.06520436646758594, 0.29999939999999997, 14.786985919640903, 52.51489081290397,  39.50551487508998,0.13879666167461202, 247.2550052703326,  37.83136413243072,242561.90589323695,      0.0,242561.90589323695,   1.0
 0.06520436646758594,-0.09339638805021579, 15.786985919640903, 52.51489081290397,  39.50551487508998,0.13879666167461202, 247.2550052703326,  37.83136413243072, 369858.0259771196,      0.0, 369858.0259771196,   1.0
 0.06520436646758594,-0.09339638805021579, 14.786985919640903, 53.51489081290397,  39.50551487508998,0.13879666167461202, 247.2550052703326,  37.83136413243072, 369847.4984449716,      0.0, 369847.4984449716,   1.0
 0.06520436646758594,-0.09339638805021579, 14.786985919640903, 52.51489081290397,  40.50551487508998,0.13879666167461202, 247.2550052703326,  37.83136413243072, 369827.1527878632,      0.0, 369827.1527878632,   1.0
 0.06520436646758594,-0.09339638805021579, 14.786985919640903, 52.51489081290397,  39.50551487508998,         0.59999942, 247.2550052703326,  37.83136413243072,304176.98436617316,      0.0,304176.98436617316,   1.0
 0.06520436646758594,-0.09339638805021579, 14.786985919640903, 52.51489081290397,  39.50551487508998,0.13879666167461202, 248.2550052703326,  37.83136413243072,369859.17691978987,      0.0,369859.17691978987,   1.0
 0.06520436646758594,-0.09339638805021579, 14.786985919640903, 52.51489081290397,  39.50551487508998,0.13879666167461202, 247.2550052703326,  38.83136413243072,369654.30875390675,      0.0,369654.30875390675,   1.0
 0.06520436646755312,-0.09339638805018691, 14.786985919640962, 52.51489081290698,  39.50551487509867,0.13879666167462862,247.25500527033233,  37.83136413243531, 369858.2352177957,      0.0, 369858.2352177957,   1.0
